id,bilissel_performans_skoru
1,5.930416663293324
2,6.6975106157829005
3,2.9979717389217644
4,7.134960057836095
5,3.649781457293698
6,5.402772735473541
7,3.4121240402040125
8,7.410096639379804
9,3.7657966365452316
10,3.6389461057243704
11,8.54507460565361
12,4.109270654272019
13,6.42210450906369
14,6.968389709874922
15,6.011556601916818
16,4.342488133916872
17,7.273618464973263
18,8.009787288629017
19,7.147931987814322
20,4.755863251604376
21,4.272484897268262
22,7.395834312747814
23,2.8131024059907137
24,5.245406041883272
25,7.32952342172486
26,6.671852075000744
27,7.231813271740612
28,8.180044568900515
29,3.870714540703665
30,7.590366554622397
31,6.853339675694091
32,6.697017990178468
33,5.386921180718536
34,5.302735133951303
35,4.302010281591332
36,5.309496156575291
37,4.844335256563564
38,5.850492121209224
39,7.4178688368885535
40,7.94695194017058
41,6.474521708101607
42,5.959712086703108
43,6.957868775874845
44,5.471168326629559
45,8.816862512510895
46,1.6808677500858615
47,5.138666295761408
48,6.6637808375655325
49,4.621275104395365
50,7.9393586376145056
51,7.160935506536598
52,3.258618631543472
53,6.880691389282979
54,7.331224417616186
55,4.23774185245915
56,6.100801827541978
57,2.5263442073410083
58,3.6356882368213728
59,4.616516225703496
60,4.157013158358421
61,8.892652754893664
62,8.514538112509552
63,7.362490064447858
64,5.5387091568833124
65,4.667642223294993
66,6.176320144902512
67,4.864413423519937
68,5.482717484808553
69,7.588034209140987
70,3.1162524225630652
71,4.295034961470665
72,8.458381415118208
73,8.374276199936432
74,5.928680171669853
75,2.6864263141071776
76,7.328085171305386
77,4.263048747863658
78,3.7757728673067437
79,8.888763134919195
80,5.8934666882332305
81,4.042546416825469
82,4.966956248218356
83,6.136619938521829
84,7.276621639712169
85,5.615098134441373
86,7.145317665664217
87,7.426417602262478
88,7.767207846366843
89,3.094300888825262
90,8.391742631665453
91,4.03372631806247
92,2.923988706061788
93,5.905266732253225
94,7.777706452717104
95,5.830283138890292
96,7.667670079089659
97,4.71733965707271
98,3.933328359629472
99,6.048417301904679
100,8.909914366616563
101,5.14389771793037
102,6.012750716156196
103,5.184555274226456
104,3.6366103910027774
105,5.992587583816809
106,5.667562024445245
107,8.08583139847217
108,8.681123811133643
109,7.935406469243805
110,7.917345658292171
111,3.8787665481719538
112,2.963914415477956
113,6.837490996949883
114,5.69207599005615
115,7.151431039552376
116,8.33757850082981
117,7.836079313854501
118,7.591903402824078
119,8.553470455047906
120,3.4581492118114703
121,1.4560380118180056
122,6.233877194902458
123,7.31100171236541
124,3.8342999992239974
125,3.2155481468442924
126,8.111171416469716
127,4.304836655022733
128,7.064572093033696
129,4.525670075351912
130,8.275596357376283
131,5.705127457956704
132,5.764474437754496
133,4.677246602820362
134,6.790902713192047
135,7.383389096144345
136,7.563512545415168
137,7.3905467414009465
138,6.524366196027629
139,4.484987995824119
140,6.469494121324911
141,7.389640281177531
142,5.052095847268933
143,3.4487791331900883
144,4.424025676980859
145,6.045082497838893
146,8.32328460131892
147,6.198003052711901
148,8.081711708405459
149,3.3424282903198654
150,6.672626134830606
151,8.163850678996646
152,2.676127442435874
153,5.177022245816641
154,7.834567888116383
155,5.911174088654894
156,8.531770893852709
157,4.369206134495804
158,4.843304459075714
159,4.91999133034161
160,4.429808161734824
161,4.301373009955783
162,6.3753325049171385
163,4.606690501961234
164,3.999114687432613
165,8.680347980063592
166,5.892430401517748
167,8.321490681795225
168,4.148454317639517
169,7.900520292051956
170,7.686444816771268
171,6.498202964613394
172,7.705151130845328
173,3.2662444102876993
174,4.780135361093032
175,8.01931799990454
176,6.136250342134144
177,6.248665687144907
178,5.748449309699359
179,1.3368683553641105
180,6.197414486050408
181,4.001633395936735
182,3.4660997283778614
183,3.7929023940222795
184,4.270486815739612
185,9.258339194611322
186,5.972308759594048
187,4.638670832282253
188,9.170463181970902
189,5.9437703223603435
190,5.93463131614782
191,4.225513776486814
192,2.8575075200277875
193,5.4682603741508
194,4.045049107533578
195,9.018771817641097
196,8.075662590338045
197,6.779356898730048
198,7.478936176950565
199,6.757976499297606
200,2.8876921157261215
201,8.750304584862919
202,6.819411125878745
203,5.586094677050327
204,4.445488545211663
205,8.842070280605533
206,6.107900255149702
207,6.3467394354177085
208,3.697680322119501
209,6.179759272259069
210,6.341721860565377
211,4.523695742584797
212,8.371490543207186
213,2.7600226146901683
214,5.33004001693259
215,6.398584075939155
216,9.203258803922326
217,8.1744982642118
218,4.338773806599196
219,5.550208959579465
220,5.01618663064697
221,0.8837348548639792
222,5.38919323343988
223,2.937467846702146
224,8.103753790318631
225,5.8567781439652045
226,8.140871060666191
227,7.640117719501896
228,5.364012788963506
229,3.5649666520820453
230,2.8105746567041097
231,7.350493522429028
232,7.473824064820916
233,3.8182126694777865
234,1.4726268469615742
235,6.672239831356807
236,5.582399012696031
237,7.0293728763041
238,5.739044032500157
239,7.589676703841686
240,4.037403905928799
241,8.917495831816709
242,6.592018756124267
243,4.704897201944874
244,4.691091263453324
245,4.248895617082375
246,1.5663379005602154
247,7.622573242445757
248,6.18771396499841
249,7.179610530269608
250,8.563581995345643
251,6.315092399000494
252,6.918433567360388
253,7.206427405196892
254,5.830243774222684
255,2.2193590057874655
256,8.907540385524575
257,4.513441730701486
258,4.776603235649936
259,6.435596278297033
260,6.364452492895462
261,1.8694918483214673
262,5.497901845622197
263,6.013496146108422
264,4.82532632081719
265,4.474877973213033
266,6.119663922528108
267,4.119695334795722
268,9.020393176779585
269,7.348133408066324
270,2.061904387065708
271,4.930636931187951
272,9.497441911860246
273,3.6044095054915197
274,6.155476212186471
275,9.241005424527865
276,6.13613261208661
277,9.24252412905934
278,5.381664167661794
279,3.9352097477683587
280,2.2795518152882925
281,5.151640469671538
282,8.781951264476943
283,6.25432742833568
284,6.052419095252649
285,7.73402964595402
286,3.190920723858242
287,3.1414448763784453
288,8.180271488411641
289,3.5885593309955803
290,4.345439414785516
291,3.270043509197753
292,3.8954030899302987
293,5.524586296484833
294,8.866153681931381
295,7.356937553263742
296,4.773999888119018
297,6.271763314581035
298,7.378856248246885
299,4.7571919828533575
300,4.549237540422513
301,8.717624845840168
302,3.39105385910502
303,7.596995863703253
304,3.631453962369122
305,8.82780416046258
306,8.11609583597867
307,6.932328986626197
308,4.885726313247659
309,5.135768761198939
310,4.312202352670601
311,5.542884122335938
312,5.179177391090612
313,9.368672729901808
314,6.96875146839734
315,5.502263564810634
316,5.8055266301590285
317,2.441699733526785
318,5.289205115702023
319,5.1903347205518555
320,4.1334957548139455
321,5.551013500803832
322,5.359156297106905
323,3.741252895069001
324,4.989799428457702
325,7.717852829316113
326,7.442013617899741
327,6.574438157847901
328,6.933837051141027
329,3.72143233016626
330,8.927944272815788
331,9.217200528873821
332,6.812012455467527
333,4.779327016387677
334,8.828470688228737
335,6.715423947840714
336,5.747257473038381
337,5.248009997208587
338,7.62558373018274
339,5.105624963506195
340,6.957860509559984
341,3.882443598535048
342,2.3880811658655094
343,6.979716767186405
344,4.459823731330624
345,5.902943452602889
346,5.947497952174759
347,5.818897017555123
348,6.097206862196506
349,4.452592502721176
350,4.195531408920458
351,6.423320730819208
352,4.600016610016096
353,7.386628342160833
354,6.208072104194922
355,3.4371813513310197
356,5.5202356367523455
357,6.746904891944027
358,5.604681333561766
359,3.19455991239187
360,8.347027514970774
361,6.856882600601749
362,5.299763518196809
363,1.7106030025701993
364,3.190752591180509
365,6.6531086716149295
366,5.563374434535683
367,3.652791211180281
368,7.014361780834681
369,6.4429217475479525
370,3.705252542197959
371,8.42083033152905
372,6.489125142976384
373,6.652725476267381
374,4.109529976156612
375,6.379299909594302
376,7.703110027716058
377,6.0711266965750825
378,8.111940897945498
379,6.566873902291451
380,8.70646451102266
381,8.833812268957614
382,3.397619637181493
383,3.8447254722075184
384,6.8064920802518545
385,7.879589911418801
386,6.526263391988858
387,9.194477217678578
388,7.77878726675555
389,9.776958393091816
390,6.318280783793062
391,5.318490910359792
392,3.8334275903287467
393,4.020768599023315
394,8.73773398740434
395,5.23889503001458
396,5.608856130317126
397,5.860903037652946
398,0.6568013934837017
399,8.640151548072007
400,6.861888057763744
401,7.683334423099041
402,3.3066655072110516
403,4.2066078651736625
404,6.967836502147129
405,7.967686150403298
406,3.9876474286528167
407,5.614810222779727
408,5.765486270048642
409,6.157092991974087
410,5.201831546861095
411,4.702106186087129
412,6.687348807829021
413,5.590362696273807
414,6.373025370774446
415,4.859995550636622
416,5.00516553567557
417,5.177051034775141
418,6.099540074190821
419,5.952104209027021
420,3.049605248979785
421,4.040915974742759
422,6.427142150282128
423,4.494931653882096
424,2.943090982009963
425,6.1934716264266605
426,5.021525496614356
427,3.321527783133651
428,4.107495670628193
429,6.192271396864886
430,6.058058515347277
431,7.667239679462761
432,6.558877699398189
433,7.8725561041887975
434,4.338898710935508
435,4.8482301607131175
436,4.150350956452934
437,6.5316094933162
438,7.48195198427292
439,3.854361861916933
440,7.809184011001916
441,7.830910119910481
442,2.8207987646879444
443,6.306010468917385
444,5.016124780727016
445,2.0919718238326657
446,3.3356633703662273
447,8.127344940682093
448,2.381283274724154
449,8.916984576324571
450,5.9985906937079125
451,7.641559380733048
452,6.912459614262833
453,8.558642703345043
454,5.40792699787872
455,4.54198352810833
456,7.675123444673151
457,5.155320453896354
458,4.901151704545651
459,6.458199859545283
460,6.612180952391604
461,4.0458962062684805
462,7.416124494723539
463,8.853076811652677
464,4.970107464746645
465,5.53602950375721
466,8.32151991765422
467,6.47088255037446
468,5.326950696292701
469,5.158203706357391
470,6.415088597913682
471,5.887658419719852
472,7.010541078345492
473,8.790797338736951
474,4.079038913248813
475,4.445199924423333
476,4.815971426571663
477,7.52690851783002
478,6.6457297829452395
479,8.176302504664635
480,4.492365412544663
481,6.4383647445198005
482,8.326472370785934
483,4.440644261384833
484,5.864982214918569
485,7.6995607197726095
486,7.351780886242263
487,2.289506740275845
488,6.526564819913043
489,6.761553592162862
490,5.781527702306179
491,9.950000366538465
492,2.8751898541317273
493,6.191411049034764
494,1.115962236145184
495,6.329476137354162
496,7.088663727356492
497,6.744125596622164
498,7.333302503126075
499,3.7740813791182624
500,6.565077666028217
501,4.941549161366883
502,4.711955124982088
503,8.572101240502706
504,5.1066436127977095
505,3.6958266126508637
506,5.1112324734758605
507,7.45127083281808
508,6.515669327824057
509,8.329581877950675
510,2.537714919968599
511,8.422787596906838
512,6.44049439696646
513,4.243819368907164
514,7.053436609605365
515,5.0822316498181355
516,8.949148304113672
517,4.853666053193622
518,6.363822367015252
519,4.073749757377557
520,3.266762126428439
521,7.814270600951487
522,5.66601593432553
523,1.5327897475491925
524,9.212763872158055
525,7.3230012099606165
526,4.760603860743801
527,4.60184415203631
528,3.54880262447145
529,7.804978565206698
530,7.6185386269173945
531,6.223123708557962
532,1.8968619886176084
533,9.091731599686078
534,8.53714350500429
535,6.637836664690159
536,6.025735710159513
537,6.9037828748341425
538,8.7105015261839
539,2.6604420605384265
540,4.444399251184881
541,5.394707863276479
542,7.283835727785348
543,8.299291356745623
544,6.991850926095339
545,9.718222965586136
546,4.8894862061977475
547,4.608137473251675
548,7.472483086164562
549,6.665827861817901
550,7.5220158936329256
551,4.655268150586927
552,7.363820749640968
553,8.93782377353764
554,6.626766456089648
555,6.520607971248072
556,8.121350922834873
557,5.5927755033438915
558,5.617336554821186
559,4.433001773665796
560,2.990875058474531
561,8.857627026672617
562,7.97279777548866
563,5.82302756025222
564,6.214286297529785
565,4.7797486816165184
566,2.79233752070568
567,7.464690317226816
568,6.289381806444278
569,4.559298619454463
570,8.549345245684618
571,6.193146699843613
572,8.5826244539203
573,4.804272313389525
574,8.948013156562835
575,5.714369596477447
576,5.020276341130222
577,7.915928353677432
578,4.397416623632317
579,6.822951800512562
580,6.153544877616614
581,6.992235527436971
582,4.21482533242931
583,5.03074250880257
584,4.560644721216063
585,6.510893896602742
586,5.8827031732742
587,4.537551110128653
588,5.077295948168971
589,5.480972623530554
590,7.171692172345535
591,4.057087297830006
592,3.3394530951771757
593,7.32412568486021
594,6.075323167716694
595,6.150236607471835
596,9.735818042494301
597,5.542122540536933
598,3.1138907226083967
599,6.708305111910937
600,8.0874096408485
601,7.6780324903476185
602,4.224952682737528
603,5.342113537305833
604,2.2898999999208782
605,1.747728479147345
606,8.435560070757997
607,6.363445099321334
608,5.415027563095045
609,5.569942137869549
610,5.836987176776943
611,5.262237047357374
612,4.8343621290522485
613,6.803302014139855
614,3.723232844003426
615,6.552543323114948
616,8.223259497481855
617,7.142485087941215
618,8.082953559066995
619,1.5095915693036208
620,5.809975998680117
621,4.505576137434158
622,4.719297906364515
623,2.392737290159957
624,8.016778568383303
625,5.5985495425486445
626,4.831802875150361
627,6.300081874278138
628,4.631346724417284
629,5.415457467491269
630,5.328356103816356
631,6.573513361776603
632,4.206970531211083
633,8.422693090735669
634,5.8613479443117225
635,2.665169568082321
636,4.714127716775503
637,7.767999064753526
638,5.224240185544861
639,4.780987211187202
640,5.616694035198284
641,3.242389690828632
642,8.923283088177964
643,3.6839736477389016
644,6.002684897051414
645,5.208032764349036
646,4.4419955175282135
647,9.77935768440493
648,6.583394972499858
649,7.418783695941047
650,3.2369684745163276
651,9.732536292679725
652,5.8547124023921056
653,4.48060238482887
654,5.065652100552534
655,6.90701899899455
656,5.457027288276231
657,7.302478678382849
658,8.014561856109951
659,7.007790965303129
660,3.7153689924170252
661,3.470467649482515
662,7.161136727468969
663,7.574347301853528
664,7.462789668827751
665,4.980987725638714
666,9.17330915779642
667,4.458805421396846
668,6.247290976095063
669,6.489841858847566
670,8.442629962971772
671,5.035162975125666
672,7.221891355820346
673,5.228906525150738
674,8.178200401128377
675,7.018041718192191
676,8.216798017812037
677,5.7099022603011385
678,8.44139497522437
679,3.8655724385878223
680,7.971925246883758
681,2.5852726042567458
682,5.676416658325935
683,3.5620175297610572
684,8.61804707746356
685,3.5018597775988174
686,6.656556104832212
687,5.478165632526413
688,6.202458071827706
689,8.742201595523474
690,6.4892274398786
691,6.756918004048068
692,5.565320286010579
693,5.393482550343752
694,4.921132867745917
695,8.2854481731236
696,5.754501347237595
697,6.990117060876749
698,6.25438158255487
699,2.314640066430172
700,3.8302995169863134
701,8.683031265269742
702,4.451325800005533
703,4.176579848502852
704,2.475728339048669
705,6.87907824357445
706,7.853760465280808
707,3.411392263490489
708,7.180566713124522
709,7.743562226856332
710,3.5652870492613156
711,8.020748648237479
712,8.069962623346036
713,9.306189897758802
714,6.778543726601295
715,3.912258093069115
716,2.3818981929104264
717,3.9926479783199875
718,6.747773729915807
719,4.637043202161986
720,6.037423949526325
721,6.0933918724036555
722,5.766995208741261
723,8.163086341544576
724,9.79591473874103
725,3.5493375491533214
726,6.042437162770213
727,6.832196904863777
728,6.318537498694734
729,6.192164743012102
730,4.645534276498536
731,8.225471096802035
732,9.354375730526733
733,4.025557701695713
734,2.4833894809149717
735,7.7924674244398755
736,7.579787827373238
737,5.577260248538762
738,5.219360675765819
739,4.779818509033791
740,4.607852633823969
741,5.594004076389934
742,8.02591417480873
743,7.406774204011452
744,7.7006475004788815
745,4.743168966474793
746,2.856787900208002
747,8.779962284417056
748,5.5542556208263285
749,8.00401886235998
750,6.284348980429599
751,3.8062641887838122
752,7.774808642145571
753,7.464452250589564
754,4.693236563443286
755,6.550539042064994
756,8.167519142346372
757,4.0172941351474405
758,3.0772548134617264
759,4.280046277605422
760,8.305473107037574
761,5.524095496267335
762,6.350612978154427
763,5.568430053324967
764,6.892112025964574
765,9.01577246744135
766,8.46262684098079
767,7.884788424514555
768,3.474048925595224
769,1.1272780481014106
770,7.214321110521011
771,6.389633024499853
772,5.004798851217499
773,6.470396110529715
774,7.098941345418078
775,5.026841536945955
776,7.141902331301457
777,5.414963782238177
778,4.406057870312157
779,5.684756387246658
780,4.337659082884043
781,7.289426495123716
782,7.863580699290413
783,8.580902136747723
784,4.339000293836788
785,7.409071824944542
786,6.23491162553984
787,4.8391941192579875
788,6.997282107411297
789,4.274242684610887
790,7.239457934900609
791,5.812373083308788
792,6.0779302860106466
793,7.957531191860756
794,8.431756491461046
795,6.053943746364505
796,5.015326551373028
797,5.162319210714355
798,2.778481210869005
799,7.154436549950255
800,5.920335363385657
801,5.025516884733058
802,6.81928072269357
803,6.57338987018114
804,6.172694759436473
805,5.834761975382553
806,4.598943186614517
807,7.899053275186775
808,3.204783054726682
809,6.330201249828148
810,5.611093849216659
811,8.766907847648534
812,8.977552230885683
813,5.776492670970529
814,7.172027243888504
815,3.415616305467152
816,5.8822379130139915
817,4.1554701742578875
818,2.3664791668162906
819,5.2966129435152105
820,4.963363707940946
821,7.129878635515491
822,5.958479712059708
823,5.763783430714251
824,5.559022200163183
825,2.7243207503642375
826,5.588761452733669
827,4.789303102042985
828,7.2010762472467205
829,5.941259002403093
830,4.22109336072915
831,5.058406738981029
832,7.732858742572443
833,4.914276231023572
834,6.076186788480893
835,8.902377073168989
836,3.4127584418291486
837,6.831843426173356
838,4.703361979726204
839,6.981558099966908
840,6.597412656898886
841,8.435357004189264
842,8.162981768555055
843,7.222478259658126
844,7.401480898400116
845,4.115973667011934
846,5.231561011733777
847,5.3000451730601
848,7.352941176678665
849,3.307730871282242
850,3.1701327886381296
851,8.28326840929181
852,7.340881360423958
853,6.165376191043739
854,7.447832115437872
855,9.861397028757926
856,3.6467641452426864
857,2.59222559267794
858,3.20973424405458
859,5.478842602391969
860,8.126253940556623
861,7.045527272777939
862,6.311107360762791
863,6.0001972228378
864,6.660507709804209
865,5.063074614567396
866,8.915023794831995
867,4.299978858336366
868,4.020050610999204
869,2.8728668393996055
870,6.189092784164571
871,6.904543803008892
872,6.758019181996709
873,7.454843417386895
874,4.111387504482319
875,9.40852803152963
876,3.9456201207181834
877,7.300476369024522
878,4.678889330709863
879,7.794739154442897
880,7.156216565273332
881,6.575234256244173
882,7.937057213340951
883,5.213207259725254
884,7.8984927816162855
885,3.4958631831544658
886,2.3868442149314495
887,3.2797109246785645
888,3.8559799745215813
889,5.106260847889749
890,7.89899925173995
891,6.291277462183213
892,6.907138471727164
893,5.585687206229155
894,6.606581313253522
895,6.531381496845805
896,3.8129323470191396
897,4.643930997395922
898,4.9276097412821915
899,8.490271477964747
900,8.953171836566487
901,6.951312261707894
902,4.310033579524444
903,9.367026282298854
904,1.190908344327411
905,4.899147257295043
906,7.8255852179871495
907,7.620526795375778
908,3.8466276027364446
909,3.884391971970042
910,6.983818646347811
911,2.7919923920272804
912,9.744563242632294
913,7.396293808403714
914,5.664960549018188
915,5.453860690805234
916,3.4479079546992653
917,5.833882155931645
918,7.077532182788373
919,4.620153967791946
920,6.32673387535087
921,7.138772895465174
922,7.138995193781952
923,7.006626334060769
924,5.137386487546434
925,8.345940061248994
926,8.225367610914214
927,7.806013309585376
928,6.134361224569831
929,8.418220478001224
930,5.5390091337160925
931,9.380151055428833
932,7.473146076454649
933,4.053647610033013
934,3.081875611720195
935,3.1897777097712186
936,2.876475496227598
937,8.055812551918466
938,6.900031977728661
939,7.301763200845213
940,3.634890326090276
941,6.878145808939651
942,2.1636385841486008
943,9.417158071492471
944,5.986594504329909
945,7.913993547127218
946,7.441950481457692
947,7.980103084782484
948,9.590846658691856
949,6.017822715637626
950,7.1375828190675845
951,4.876539234460624
952,4.266036263221902
953,5.673032048898473
954,4.044562409358515
955,6.164790782906918
956,6.6397200057661445
957,4.254395930513456
958,2.668154380042293
959,3.6996438963278035
960,4.199785944363178
961,7.681496500186331
962,8.625437851781934
963,4.430005873693289
964,7.8015122570645925
965,3.332892937863464
966,6.256994437182692
967,3.7746839964443613
968,5.014285729486358
969,5.593830983840464
970,4.295289108690699
971,5.450196870580341
972,6.382074155451569
973,7.060396627414221
974,4.279017813692252
975,6.947783770429133
976,5.144053894902312
977,4.7837259561497465
978,8.33029353757115
979,5.734206572651646
980,5.3230281335904035
981,7.775984387571438
982,8.89885747375326
983,9.241781911377025
984,6.18359990261983
985,1.856800300350181
986,8.052872278088897
987,8.380433621950663
988,1.6403508444912434
989,4.226570266833721
990,5.085760303472632
991,5.572551093092133
992,4.365172146381944
993,6.78874484955747
994,4.402845461726856
995,6.925406691009899
996,4.461103401888034
997,7.942638480747753
998,3.9884986407676397
999,4.604349553267469
1000,6.266839113064211
1001,4.946397426074551
1002,7.373614138583373
1003,6.9485989199232465
1004,7.798264826330764
1005,4.898295810233256
1006,4.270813385130349
1007,5.7132547726406075
1008,7.306423511548056
1009,4.997846482038644
1010,6.56858361524372
1011,5.517030198091828
1012,7.280996245583468
1013,6.028532803865535
1014,6.579286654674045
1015,7.615446714948289
1016,8.613416284376449
1017,8.201824303417883
1018,9.484054666801159
1019,6.258468893078828
1020,4.8361419167518065
1021,3.738104939069429
1022,4.309784846853893
1023,6.894243904626968
1024,5.132517426055593
1025,6.39281261054128
1026,7.622771000486626
1027,6.781548452345056
1028,5.472739191983324
1029,3.291107367917133
1030,5.703652588885902
1031,8.18433541863452
1032,7.7133178564036236
1033,8.335925840405027
1034,8.046764048582824
1035,6.5261864864462
1036,5.0683285924328665
1037,8.012414704939633
1038,5.392625223616282
1039,8.063885510379215
1040,7.65369786744599
1041,6.094800884317119
1042,5.815636933829386
1043,6.47638871007714
1044,8.578246575419723
1045,5.5417296514272705
1046,5.136456330786073
1047,6.567822753177883
1048,3.494861183620456
1049,4.49069268556378
1050,6.929491733941541
1051,8.32902946627814
1052,6.262342821666925
1053,3.3950523998269837
1054,6.095441973525378
1055,3.387314763396574
1056,4.400360193258667
1057,2.8959319910094536
1058,7.767549423658909
1059,6.5381585369226976
1060,5.142584532865998
1061,9.187078410780883
1062,7.193396611467385
1063,5.044367194687551
1064,6.039703522523232
1065,4.829092306200328
1066,5.343031471841408
1067,8.415809420389463
1068,7.677589139649018
1069,8.66708921400498
1070,6.194930819880222
1071,9.55668364773133
1072,7.1346355699712785
1073,5.885183868713114
1074,9.122723969004621
1075,7.788007598835325
1076,4.4998794197452465
1077,5.648545599869169
1078,7.549303037953397
1079,3.986155799266083
1080,4.278515052190855
1081,9.935501570133274
1082,6.716219008414456
1083,5.05392466664001
1084,3.248480594525788
1085,4.956335779986622
1086,4.224988844847947
1087,3.945513863032782
1088,3.291485527769749
1089,2.6191918701096584
1090,7.82371746425204
1091,3.7976982967725723
1092,5.399422760796577
1093,6.494000450373624
1094,6.671672668371091
1095,6.0225509061949545
1096,9.074300954159257
1097,5.862363437925778
1098,5.110915494692083
1099,5.73850181804643
1100,5.3481283871038166
1101,5.681255484025206
1102,7.303423954104614
1103,3.805348446163768
1104,5.662319995340627
1105,6.048971069283823
1106,5.484193609071144
1107,8.37624321906871
1108,5.613057438022164
1109,8.309341988584814
1110,4.428370292715092
1111,3.719423930981269
1112,4.341806867408126
1113,6.89086559202509
1114,2.8783191366736394
1115,4.881449340400227
1116,2.2011549185867354
1117,6.075969514946841
1118,5.8390124605585845
1119,9.540618619271402
1120,8.546036756416893
1121,8.51506721458993
1122,6.745450272065893
1123,6.612146751683374
1124,5.47066225472563
1125,3.3563051268017885
1126,5.557154138360462
1127,2.752724947401044
1128,8.214191374942391
1129,3.093782093998591
1130,5.844793426403627
1131,3.0718228396342324
1132,6.655468815422486
1133,6.213909325525011
1134,3.1682817624236095
1135,5.647959399499438
1136,7.473521735422228
1137,3.8291695148703506
1138,4.1610281414614185
1139,6.980018203494481
1140,7.267081350010008
1141,5.041581540192989
1142,2.492822398737165
1143,7.77696181921527
1144,4.373993153052803
1145,2.3113975520108117
1146,8.278618478994023
1147,1.3590656813165678
1148,3.42284689698718
1149,5.714213343372062
1150,6.3549397689687925
1151,7.824355149195009
1152,6.5254538336132395
1153,5.143127797960187
1154,3.911959357149182
1155,4.970643290265441
1156,4.930246071484172
1157,4.821416959457513
1158,3.470572611305565
1159,3.322507881355308
1160,6.177863666797777
1161,6.5719391856727025
1162,7.25152669090328
1163,7.188075312333164
1164,4.785363654508625
1165,7.51834827774145
1166,6.934033046829331
1167,6.8566628725165035
1168,6.193011265668957
1169,5.810640940433966
1170,5.747976263694238
1171,5.4092989290578535
1172,6.778011950803508
1173,3.856375092730173
1174,6.853376381672954
1175,3.8455919012675035
1176,4.139664184986164
1177,4.793761036074852
1178,6.264705935041017
1179,6.929606401356749
1180,3.446792155287469
1181,5.580361158145762
1182,9.76369599113248
1183,3.3185846940367676
1184,3.7350279122584986
1185,7.256093739270836
1186,5.0863404600155135
1187,4.581153631954737
1188,7.6474822369036755
1189,4.633925052819116
1190,6.897711746027587
1191,3.4390308969239216
1192,5.039095499191054
1193,3.938756393798607
1194,7.495784252764656
1195,4.051260215201777
1196,2.081012199564442
1197,7.89151141210283
1198,4.539579702726612
1199,6.5249379296725944
1200,2.9773275742024183
1201,5.982448305434766
1202,8.63078086775537
1203,5.246517772996669
1204,7.543935708712198
1205,4.881040493662784
1206,5.662168057222658
1207,4.130694257654082
1208,6.213057651866644
1209,8.051385759472574
1210,6.574746190270966
1211,7.847351268898307
1212,6.08215997881936
1213,8.75557308522465
1214,7.288476928145903
1215,5.592201865749411
1216,4.333338078669673
1217,7.397915476814315
1218,3.4266820075815816
1219,4.633329578752529
1220,7.730459910627562
1221,5.811879870608838
1222,7.108877715791577
1223,5.242566873229928
1224,5.09439532053239
1225,7.364236324662788
1226,8.658837592016074
1227,7.085315259174365
1228,3.537187005262858
1229,6.927190963611612
1230,6.835381975902504
1231,9.974301078605102
1232,6.154796022446192
1233,7.988727301586062
1234,6.618659267658603
1235,6.711230739588431
1236,8.429304660559596
1237,3.5769269280295926
1238,7.8011037403543835
1239,3.6610814693348597
1240,7.620139255406205
1241,5.805222736542506
1242,5.953462264444552
1243,2.665426546421011
1244,6.841096284509108
1245,4.553491011769971
1246,5.47259358331115
1247,5.232426335643126
1248,4.5901638052269735
1249,6.526403524742303
1250,4.77639735116969
1251,8.381180344116384
1252,5.449106329374832
1253,8.883644421164938
1254,3.3792295037296602
1255,5.421962052700007
1256,6.688071833045486
1257,5.590801029691719
1258,4.39851871620516
1259,6.478088377724314
1260,5.860317525222687
1261,8.772454231254276
1262,8.247496711180093
1263,5.798547845437911
1264,8.16793066599358
1265,6.723774807088808
1266,7.4960621037713535
1267,9.21476246889983
1268,8.15726547087297
1269,7.381685909241485
1270,9.654129471501902
1271,6.20542466805064
1272,4.436191284532359
1273,5.27502407362002
1274,7.21955167120664
1275,7.766586740993004
1276,5.559686331678807
1277,1.1369670494346638
1278,5.6527907913696005
1279,3.908225452712549
1280,5.7331666081789034
1281,4.591592204136018
1282,6.02932173162386
1283,3.4876278483707357
1284,6.283807014257622
1285,6.1269283243730674
1286,2.590782525501304
1287,4.871806700908635
1288,6.2603885250875555
1289,7.745244038384468
1290,3.2134454668041736
1291,8.162078302234486
1292,5.603321781241235
1293,4.785711161025526
1294,3.3672396245549203
1295,7.343033665419315
1296,8.117900083848276
1297,4.537858608581868
1298,2.6660317524483172
1299,2.727469200359427
1300,7.7892017268688
1301,7.292759457062716
1302,6.095517311482352
1303,6.622225235853708
1304,3.9901978488616616
1305,7.002756093938897
1306,3.979660457632201
1307,5.003059210178215
1308,6.082238049352424
1309,5.873897341932366
1310,5.085489186413621
1311,1.46795551852109
1312,7.157922539223871
1313,5.34446868559913
1314,7.952266139632232
1315,2.5720633441443335
1316,8.621944647153933
1317,2.062399625498938
1318,2.6164860633220863
1319,1.9216291851861433
1320,7.620954104255242
1321,4.004100855156704
1322,5.057968913292207
1323,6.069353338741323
1324,5.642597030347612
1325,8.634567017403063
1326,8.782647654199838
1327,5.532239720066315
1328,2.504464501275737
1329,6.828027030797583
1330,5.588059616447299
1331,7.336347635688023
1332,8.153667636051763
1333,7.621016192937372
1334,5.735084367596812
1335,4.799943611933186
1336,5.761853263122897
1337,3.34189660248723
1338,4.5431958289235945
1339,6.426517749372737
1340,6.1495353988636605
1341,6.1631228952709005
1342,7.356213977126082
1343,4.623924058287313
1344,6.310593014659891
1345,3.391173752483
1346,5.498190285109851
1347,6.8868520426694335
1348,3.847622331649076
1349,7.043244779650921
1350,7.08102043307205
1351,3.9546822102836563
1352,6.881738653594411
1353,4.740495989080043
1354,7.013329994013292
1355,7.3237758769582495
1356,4.481954753659563
1357,5.675685567430268
1358,7.619337233631265
1359,5.7132875833453145
1360,5.023138663582854
1361,8.481183433070047
1362,8.570763791718779
1363,3.990300589979772
1364,7.075898134327853
1365,4.330360730436632
1366,5.11323408132099
1367,9.617805490868438
1368,5.7947587567309355
1369,7.786908177862273
1370,4.900273345341497
1371,7.7050092569457425
1372,4.900544580077344
1373,7.34778262666779
1374,4.678768843225698
1375,6.959693752380509
1376,7.375394167739406
1377,5.450306970254463
1378,5.842934090449592
1379,5.847296027277425
1380,5.468054714650947
1381,2.0178118988232194
1382,9.260493603139906
1383,3.374529955080804
1384,7.366704185119264
1385,7.807372411451109
1386,5.4814521843274076
1387,5.361574994052468
1388,6.693011858874967
1389,6.4515248618321195
1390,4.6904956567444795
1391,4.655455371815093
1392,3.9992262452696465
1393,6.031050291281288
1394,4.955293225903716
1395,5.021248825260056
1396,7.170442964740026
1397,7.246553260521768
1398,7.5446253146539615
1399,4.955576955104047
1400,3.6504944923555485
1401,4.863853034045345
1402,7.7437322886117
1403,7.6841887437545555
1404,4.880115176149809
1405,6.377593313231017
1406,5.091153601528818
1407,3.153988784137904
1408,5.037110777501361
1409,6.195031523300768
1410,5.921726626697873
1411,8.397674535244333
1412,5.128385840468106
1413,6.351843242107921
1414,8.505674209745733
1415,9.121862509902408
1416,4.444287474705625
1417,1.514162706683471
1418,6.441558439344051
1419,6.2955523099351405
1420,2.666903240447181
1421,7.7527205804340955
1422,9.135816889625778
1423,7.0874026904717695
1424,7.68792262820123
1425,9.213269883128524
1426,8.05385726365642
1427,1.4600365631515761
1428,3.0370179833703768
1429,5.280633263925542
1430,3.054458377522572
1431,7.145321829580576
1432,4.764895942912874
1433,7.91314569950235
1434,5.415626075706058
1435,7.72517052403415
1436,8.641078601594968
1437,7.518844324979964
1438,7.974728967516686
1439,7.1709127919076385
1440,7.8378898326049296
1441,4.693890681230963
1442,7.425432416580861
1443,7.152347987829222
1444,1.490946795080296
1445,8.812584006476701
1446,6.23918000335123
1447,6.682143984685547
1448,8.967029981990235
1449,5.705592126497809
1450,8.125543793062592
1451,7.277765903372188
1452,7.0214986757986875
1453,5.824469363013076
1454,7.241523918096829
1455,7.260258648260756
1456,7.50312808647422
1457,6.443700018362428
1458,4.545299114021541
1459,8.158739835352923
1460,2.5237225544158886
1461,6.39136801481021
1462,4.22803957406431
1463,3.4277600441346765
1464,4.725148483167439
1465,3.627024205170752
1466,7.246389232721276
1467,6.534295704286799
1468,6.822870367513331
1469,9.09359694421677
1470,2.474734913618415
1471,6.0957791311171095
1472,4.012585651196938
1473,8.161271008861117
1474,5.210476519960289
1475,4.44376490321659
1476,7.847927209109123
1477,6.43322389950832
1478,7.236348978516428
1479,3.7589104429449365
1480,6.930432991766037
1481,7.155182035764044
1482,7.048373192317319
1483,4.8003838618736525
1484,4.598196715823984
1485,8.20339149781953
1486,1.5618296195912984
1487,3.0417940890948585
1488,2.2934515650796112
1489,4.42409230832028
1490,4.252718939856134
1491,6.737068078978243
1492,6.360272628957559
1493,8.902750886596802
1494,3.6070181401365082
1495,7.886346592474144
1496,5.002298207261123
1497,5.2869406611436025
1498,6.527387772946449
1499,4.624024903774284
1500,8.528246966171986
1501,6.045585590044941
1502,7.299411756495686
1503,5.797022278618271
1504,5.174330796616558
1505,4.301213677983801
1506,7.256788711141359
1507,6.964692210430051
1508,6.192578897294617
1509,3.220105092123994
1510,4.728191022248658
1511,8.102781757005578
1512,2.38240011528552
1513,3.239345519284561
1514,8.519290562442812
1515,5.786570129363041
1516,5.4038095736102925
1517,7.566583306885842
1518,8.23130065714276
1519,6.252582537712892
1520,5.244073664524349
1521,4.89159210614009
1522,7.966417029694652
1523,5.803788851524871
1524,2.964647313137228
1525,3.837913150287129
1526,9.059840837228643
1527,3.9799111392218838
1528,5.888542351474348
1529,6.994401954868986
1530,8.188318455953983
1531,4.8698811433695175
1532,4.134763313132295
1533,6.238464973077244
1534,4.5739076443092745
1535,5.027199634410983
1536,8.92399907375007
1537,5.282948531714924
1538,6.922950126315335
1539,4.486289227296356
1540,6.7202386949751345
1541,6.331555585028129
1542,6.755571121833335
1543,8.73335463215162
1544,6.742424964112227
1545,3.6632226065012667
1546,7.61863206559894
1547,4.780025275485597
1548,7.728504577734472
1549,6.047347606116884
1550,6.291689703716536
1551,3.306373809518943
1552,5.66947145576541
1553,4.41241104305382
1554,5.903117476021327
1555,5.732663519497056
1556,7.834446114993888
1557,7.4335598804516305
1558,4.328251008619668
1559,5.490899584297138
1560,7.92405837784183
1561,5.232814650119007
1562,7.979642806078703
1563,5.397544465822868
1564,4.706208496935949
1565,4.948846961368071
1566,7.741395557074373
1567,6.35993001187326
1568,4.993967119551061
1569,3.3508676311964294
1570,5.221114712616769
1571,5.207911364645542
1572,8.8349012471794
1573,2.791902012976038
1574,6.468567344078952
1575,3.99913277729091
1576,7.098879408590128
1577,5.234806836961862
1578,7.526903053543144
1579,4.1193007524105525
1580,7.652191280078513
1581,6.712169787307401
1582,2.5293199684325884
1583,3.106620674879363
1584,4.636955424897026
1585,6.879307140120773
1586,5.067725743670372
1587,6.858188667298098
1588,8.076853394301763
1589,5.524575022878989
1590,4.9485432109156005
1591,8.337383512437528
1592,7.609252585977399
1593,3.6010483953535366
1594,4.3250182311835905
1595,1.3174777442995487
1596,2.6584218316811654
1597,5.470294049327752
1598,6.966784222358171
1599,6.367518368609681
1600,2.662398284588678
1601,6.410246262582596
1602,7.607009605578748
1603,5.58787645107899
1604,7.345053392771586
1605,6.025189680137604
1606,9.524360768539132
1607,9.260735898139098
1608,5.308649731426076
1609,5.446584473258791
1610,8.401179668699047
1611,7.825907254576618
1612,7.809016963892162
1613,6.870623097267194
1614,5.568611371331109
1615,3.2249388766120433
1616,5.645140273531847
1617,6.064030738279609
1618,5.635009343467592
1619,7.417833254371146
1620,5.867946230634474
1621,4.548342174035424
1622,5.2745704332129035
1623,7.457427261305296
1624,6.35277568704282
1625,7.197230791481882
1626,7.603948702670483
1627,8.155510953055458
1628,5.3995349391025975
1629,6.574739601132235
1630,4.12209655562939
1631,9.726948119834237
1632,8.19630114292253
1633,8.877450349682963
1634,7.389324941627605
1635,8.486576069746624
1636,6.0796064543304364
1637,7.755816051087601
1638,7.718348864137091
1639,8.190094757450145
1640,5.2531431891020155
1641,5.580798564258372
1642,4.86578865664329
1643,4.849419365248617
1644,7.116303383309693
1645,7.812244235891793
1646,5.935010904377367
1647,6.299590781635448
1648,9.068798954198497
1649,4.683430322908313
1650,4.728557304259401
1651,4.290427588612574
1652,8.185065428016694
1653,2.928603583849372
1654,5.8340474121211505
1655,6.819252523071608
1656,3.4613776205896354
1657,7.695661106532605
1658,3.7470918528004242
1659,6.5308655596467515
1660,8.63357541498821
1661,7.830712267026832
1662,7.194682582262649
1663,4.4046256928042435
1664,6.42357391878878
1665,6.326704264261476
1666,4.903458117696228
1667,4.418744502214721
1668,6.715473403705781
1669,6.879971443621277
1670,6.779013146597703
1671,3.613738173837932
1672,3.9634925399324006
1673,9.659673020167936
1674,6.433077147751979
1675,2.4953655981400726
1676,7.9341753676772235
1677,5.98989081268794
1678,3.0156445867295054
1679,6.13277122451073
1680,3.4602267540334317
1681,5.789273531002811
1682,1.7208079976627297
1683,7.416469650002956
1684,7.1508325602124705
1685,7.615823493716525
1686,4.560914834081511
1687,2.1682243526029263
1688,7.203206563306224
1689,7.162250430018894
1690,3.431306426955727
1691,7.325034383452331
1692,9.308722629178073
1693,7.006761539894344
1694,2.899310677793708
1695,3.198940284723949
1696,6.046246755829014
1697,6.156966477349148
1698,6.6589401859790724
1699,4.915743669947358
1700,5.208489206517428
1701,4.5294917058674455
1702,4.0751376160377735
1703,7.533606962022338
1704,6.808203557995495
1705,5.775260318784804
1706,5.441857992855388
1707,5.056668097254547
1708,7.569470643665523
1709,8.394237163829082
1710,6.361697479733546
1711,7.412660903120426
1712,5.7522883201443
1713,5.365909985879126
1714,7.8736980103270895
1715,8.622851576493051
1716,6.336504058661308
1717,3.4546801697974985
1718,4.731843412431132
1719,6.888638493399573
1720,8.59504971693397
1721,6.486778795684238
1722,2.2883056255649303
1723,7.393430064041464
1724,3.2404424069458795
1725,7.898968488322176
1726,6.0348984312980045
1727,3.5586441516662677
1728,6.425724081213712
1729,3.912044612623402
1730,4.5249485826584035
1731,7.077275684197015
1732,7.89316392917336
1733,6.241712336154082
1734,5.120933334536375
1735,2.3684081224189373
1736,8.440668546587437
1737,7.801913120735972
1738,8.707905099306977
1739,6.486468336643072
1740,7.310095990534279
1741,3.107358053427819
1742,6.605883506689892
1743,6.8772518708957335
1744,6.5870872872882185
1745,6.611300153617623
1746,6.731019297982589
1747,5.598477680836689
1748,7.585811748316328
1749,2.1298972754392493
1750,6.458662292560578
1751,7.072841429076486
1752,8.135276656678903
1753,7.250080918896329
1754,6.7859080184192795
1755,5.5274316371061545
1756,6.612575903773092
1757,9.588390760414557
1758,4.938224315224551
1759,5.4318381255936785
1760,5.1961266341065695
1761,3.3651293303642755
1762,5.033337558832212
1763,3.648230037628475
1764,4.359679420523536
1765,5.339898672968059
1766,6.424108000201704
1767,4.019523597548936
1768,8.267415171149768
1769,6.274448652256179
1770,5.959545410978345
1771,4.627193152548986
1772,5.325607178513412
1773,4.161661088981878
1774,6.917483164473214
1775,6.813113213619231
1776,5.143554434198112
1777,8.536494507417576
1778,6.097209104927478
1779,8.062108644687099
1780,8.279269935931026
1781,7.478637435143355
1782,6.983290455707621
1783,6.182518014275505
1784,7.022813882475748
1785,3.680926818611088
1786,4.68602879546864
1787,2.626493643701113
1788,5.881931892384275
1789,8.47238549836812
1790,9.080266395280427
1791,8.118972672679972
1792,5.778577483482023
1793,4.870815320367538
1794,6.446563571945822
1795,5.392415819640185
1796,6.773349562419081
1797,7.712080124238373
1798,5.273739697617155
1799,3.5691043560580544
1800,6.184719982932583
1801,3.3197629956552905
1802,5.297322967396141
1803,9.148402816521669
1804,7.20397192001903
1805,8.630977842765772
1806,4.580902863533945
1807,1.4269712367548066
1808,5.438497805533477
1809,6.095448825870779
1810,9.226440545856395
1811,5.105424755708495
1812,6.995870990876627
1813,6.015337152584223
1814,4.663680103093335
1815,6.622978821621073
1816,6.5275129223677455
1817,2.106809984189489
1818,6.615765347444724
1819,7.268236197502205
1820,7.0524957639512325
1821,8.138774717130525
1822,6.994984473728067
1823,4.642611972874222
1824,7.935161388087353
1825,5.909564678220387
1826,5.914766835293182
1827,9.342556225420747
1828,5.480979713569155
1829,3.486767568466637
1830,4.201227646485169
1831,5.761853771036316
1832,5.575277594952969
1833,5.624254364808509
1834,4.032662820746614
1835,6.734084692623089
1836,7.034049994939199
1837,3.170543230245202
1838,5.174615896040537
1839,7.430651717605604
1840,7.378650785538227
1841,4.5790395676917175
1842,6.218129701499464
1843,7.498688306684028
1844,3.393660635775273
1845,7.610401056046822
1846,6.417400494670473
1847,7.985824073397756
1848,8.263248918782319
1849,5.334188562476756
1850,5.301573855995403
1851,5.5328406456985295
1852,2.256802008465424
1853,4.826923548299161
1854,5.131108441855546
1855,6.440930240451193
1856,3.1486676873674533
1857,3.777603924330881
1858,3.2558775380842855
1859,4.5622913686626365
1860,4.912812436698609
1861,3.934935165197295
1862,8.119592739237943
1863,5.240928391065043
1864,5.694452606815303
1865,6.178288336739729
1866,8.693812776033706
1867,7.436268107876765
1868,7.349594692040263
1869,6.649459262637869
1870,5.197696127312369
1871,3.8636070066883983
1872,5.797726294676853
1873,7.030123773438874
1874,1.0698730543527586
1875,5.920505222718546
1876,5.7936931271920455
1877,6.945138245864627
1878,5.225087558876385
1879,3.10254762188309
1880,5.464047885846327
1881,3.4180028108156884
1882,7.593815732708337
1883,5.420670564537939
1884,9.592542110194914
1885,7.366545868032519
1886,3.9061055809761167
1887,6.656414602304558
1888,4.268931531685764
1889,8.425165054482799
1890,5.2421471080706805
1891,6.611393347497902
1892,8.309012464033383
1893,7.803859973835144
1894,6.97946375254526
1895,7.384361243538612
1896,6.5971231200274705
1897,6.531756111148859
1898,6.164770577995584
1899,8.927430278000228
1900,7.308544464323576
1901,6.578953438002172
1902,5.523365524923056
1903,4.283200504992643
1904,5.860553938199349
1905,3.7491573374290996
1906,4.88434495213616
1907,4.790321973619966
1908,7.479739159779753
1909,6.0545323839389
1910,5.764082344529961
1911,6.349633987242568
1912,7.086767755117363
1913,6.860015293745603
1914,7.294251437381855
1915,2.3484464709914175
1916,3.681389959399071
1917,3.9938833288915943
1918,7.0221026281511225
1919,4.497141979136073
1920,7.431125716925294
1921,5.737856680712684
1922,6.0171698429934
1923,4.905231015235714
1924,7.922193200943889
1925,8.296727153416475
1926,6.847307183669964
1927,5.277250851100637
1928,6.573672676643754
1929,5.3534256818813
1930,7.706464621117352
1931,3.176628526057365
1932,7.882002067507714
1933,3.6322842860269806
1934,6.528974879171929
1935,6.191942450791455
1936,2.7110308130452636
1937,7.666754672681181
1938,2.086385045084615
1939,5.348036777570286
1940,3.5642029600849785
1941,4.65912360585374
1942,3.969916476297299
1943,8.449642435971096
1944,2.177822385930514
1945,4.464348189916081
1946,8.135690940321235
1947,8.61466788007244
1948,8.295183648358147
1949,6.674735379730539
1950,1.725566780139036
1951,6.884352549550062
1952,8.428394841487709
1953,4.525470312599596
1954,3.849447662675949
1955,4.909231637549897
1956,6.523102662814754
1957,3.5474554601301858
1958,8.094826044238626
1959,2.3577027366162095
1960,8.878182533839894
1961,5.8809607160723285
1962,4.300629909410095
1963,8.190778788515681
1964,5.329604727540543
1965,5.116834877190558
1966,7.98693001840309
1967,4.015958600447676
1968,6.66818538175759
1969,6.720082203181473
1970,5.3870633047430765
1971,5.753186426878811
1972,8.351767028071382
1973,6.936673166829971
1974,4.697849610994622
1975,6.304279271304324
1976,5.610237646165528
1977,5.826777492489928
1978,7.82986989525584
1979,7.245928351263967
1980,5.696510822947099
1981,2.4043401024291033
1982,6.299991434198782
1983,7.092786762480158
1984,8.976066386063017
1985,3.9440289199784306
1986,3.278481921739734
1987,4.2011809445613935
1988,7.342442473889241
1989,3.972485361464256
1990,7.8023770311322105
1991,5.808074412771895
1992,9.055933087714317
1993,4.183314221360964
1994,5.752030163396108
1995,6.1657240189129645
1996,6.484919734539198
1997,8.83341690057638
1998,4.721461356215074
1999,3.7502100271675363
2000,8.697522453137333
2001,4.047635738883982
2002,8.461427687651067
2003,5.170812692605064
2004,6.187046055781694
2005,7.478203789662066
2006,7.0486674698881355
2007,5.082797666555064
2008,3.697522336277604
2009,3.2463629135251226
2010,6.669755462944279
2011,5.904031006035334
2012,6.497635711314562
2013,8.629932086740757
2014,5.637103906765196
2015,4.187093615189625
2016,4.088784921002033
2017,4.7386939702733555
2018,6.599083284535185
2019,7.312059658461009
2020,7.014674729394894
2021,3.7249875355626036
2022,6.835513723903632
2023,5.4334745158831375
2024,6.471969659206314
2025,7.55058292063559
2026,8.030470142440816
2027,7.479098121599613
2028,3.019534918909127
2029,2.1610759642819266
2030,8.010495459073272
2031,3.7623782591120314
2032,8.640416760993908
2033,6.663675363696367
2034,4.174004397078311
2035,4.717326852024215
2036,7.652321682020312
2037,5.563216578860855
2038,3.95379283736549
2039,7.2631202542357425
2040,7.545247147761475
2041,4.537428828117092
2042,5.031851918365714
2043,5.743685259408284
2044,5.8265666352272305
2045,5.846066226162161
2046,6.70441908542592
2047,6.895874667829371
2048,2.9174373304306487
2049,5.5974901564353905
2050,2.255980917727203
2051,4.93835840761472
2052,0.9824048570344328
2053,5.058428889363199
2054,6.712414765772506
2055,6.63173186691132
2056,3.755902084122429
2057,6.986603758525125
2058,5.35282032105805
2059,7.265080273812806
2060,4.5958802919680695
2061,2.913750294673149
2062,4.681838281764267
2063,6.61179057566661
2064,4.756726779331575
2065,4.601139013974044
2066,9.004708526996955
2067,9.728474431303338
2068,8.455329717068226
2069,5.163105934676911
2070,6.240329906363664
2071,6.502076599381491
2072,4.2827937974273205
2073,4.641290536474807
2074,4.151320005885653
2075,3.692336085274941
2076,3.5585314831372252
2077,5.571834769553982
2078,5.054070867281476
2079,6.6943014923241995
2080,7.555547369809911
2081,8.760074771590787
2082,6.180322892205917
2083,6.282180182207606
2084,6.642745467047281
2085,8.314224052056748
2086,8.14460028990352
2087,4.323539274524603
2088,7.895131843698929
2089,8.979131780842604
2090,8.873550610367237
2091,5.643253325704872
2092,2.629365681085636
2093,6.677432664131981
2094,5.390795301996292
2095,3.7199367776929355
2096,4.128576275545426
2097,6.403254929511759
2098,7.2129002279712715
2099,1.7484280192312731
2100,7.2720345168042115
2101,3.432458646035215
2102,7.250441609795317
2103,8.538944559499612
2104,6.0059699614965245
2105,5.084632208642715
2106,7.676254607045102
2107,2.884658318605481
2108,2.6972634042889787
2109,4.328471454142544
2110,6.6166626566620685
2111,5.17374412840772
2112,3.8907424563844213
2113,6.270816562532974
2114,7.332884397334089
2115,3.466416899058729
2116,5.243531114599777
2117,8.642961384567466
2118,5.6715143483225035
2119,6.590995442759983
2120,7.9123168030093725
2121,5.0390915301797605
2122,3.215259858751973
2123,3.0840169966657074
2124,6.643970851714533
2125,6.607847120978416
2126,5.163589721920156
2127,6.308516534545426
2128,7.760830777026727
2129,4.2493563227681985
2130,5.569278210030104
2131,5.409685280009253
2132,6.3510161759162305
2133,5.389539104562068
2134,5.576333588887565
2135,2.9071422831605362
2136,2.615685556879288
2137,6.934357685844072
2138,3.2040737149628487
2139,5.872283857204716
2140,3.426729278716124
2141,7.07274512747769
2142,2.887303450399773
2143,6.7330413655165495
2144,6.552509336014343
2145,9.780159618815102
2146,7.318043286775625
2147,7.338813156244393
2148,5.687511771959901
2149,8.397776678538392
2150,6.416618205359788
2151,5.0733652423132565
2152,4.944594849483308
2153,6.5683447809772835
2154,6.668598896408917
2155,6.275919110407836
2156,7.125670619631223
2157,5.570842075929708
2158,7.95822306563193
2159,8.760477443885426
2160,4.849766997423795
2161,2.3688434443251136
2162,8.110905216024927
2163,6.1490582861299234
2164,5.240050803501278
2165,5.8264060588990185
2166,6.688521700577251
2167,7.41472560835491
2168,6.220950587630556
2169,7.238993635608615
2170,7.098624350906194
2171,6.403076903876926
2172,8.41581257514053
2173,2.4089261886817095
2174,4.276372881857444
2175,5.281175986850147
2176,8.540571450400545
2177,6.33817458542055
2178,6.8901315138619115
2179,4.477807431910252
2180,5.5640784224035835
2181,2.723323551557491
2182,5.2008078800106805
2183,5.438575673949821
2184,9.016103591098165
2185,8.537536149400205
2186,7.62221311185345
2187,3.6125157794812925
2188,4.979733287559878
2189,6.225659021816769
2190,3.6562176300214047
2191,5.962160317920391
2192,8.795395946820408
2193,4.228524064311851
2194,6.217425512358255
2195,7.928702861936301
2196,9.0079328800559
2197,7.531662612788578
2198,4.046628039412849
2199,5.74510612375718
2200,7.616377281239791
2201,8.012886243294322
2202,7.716007612997542
2203,4.685211244831723
2204,8.501179616655197
2205,8.915444359967047
2206,5.225612169316962
2207,7.740698058313393
2208,7.183646582041027
2209,8.3255149055154
2210,1.489281947142909
2211,6.1949486422981845
2212,9.078890189966788
2213,6.825616896569092
2214,7.6715942691018695
2215,8.244713284622312
2216,3.228397927614331
2217,7.565464179115347
2218,3.841931273444928
2219,3.078193009630724
2220,8.278881195597863
2221,8.076691639005078
2222,7.008395024687522
2223,4.25189838880045
2224,5.540208689130168
2225,7.264277138177961
2226,6.745258196187555
2227,6.633278718160483
2228,5.0028573230398425
2229,8.231423128778664
2230,7.4597464709602255
2231,6.2470607087851615
2232,6.491196349683864
2233,5.85663826137872
2234,7.677978729592622
2235,6.823119884743521
2236,4.587302128046317
2237,4.775814496960817
2238,4.599912975294974
2239,7.371662406427603
2240,5.675084331359224
2241,4.649367725791405
2242,5.06994087570218
2243,9.144125785785086
2244,6.687683501001405
2245,7.076076395563142
2246,7.492333816426687
2247,9.258790822852143
2248,7.745666038732317
2249,4.637166147930231
2250,5.310232686178628
2251,7.021325436908132
2252,7.911923545265092
2253,5.496877988806597
2254,8.402820917703355
2255,3.518299781734987
2256,6.603710957915637
2257,5.3661909321594905
2258,6.466929580875852
2259,4.092626037701607
2260,4.639598268515501
2261,8.08361897660073
2262,7.69048560001899
2263,3.490601672668141
2264,8.744534574719765
2265,5.760386851484005
2266,6.6408266810742305
2267,5.231399470543637
2268,1.790742762094006
2269,7.685813085157047
2270,7.339215331937815
2271,6.390249558836499
2272,3.0095157664394683
2273,4.901527604352315
2274,5.32689847829473
2275,8.506657979091521
2276,9.697717136916449
2277,6.3034150532278685
2278,5.1582080463124615
2279,9.4398500196978
2280,3.6846349604425015
2281,5.640730207415736
2282,4.207394564267033
2283,5.649649573815477
2284,6.357803940151878
2285,4.206062642736773
2286,5.365515240906607
2287,3.9613069218105723
2288,3.961033809106988
2289,5.339773555626257
2290,7.682137403443928
2291,8.352606875212299
2292,8.531961722740489
2293,8.0928631019865
2294,3.2314248343918472
2295,7.406473313994084
2296,8.086528836711844
2297,5.361385002680998
2298,8.206712478113875
2299,7.885537207582264
2300,4.492287782084643
2301,5.540908002006905
2302,7.876630827385149
2303,6.352025003869685
2304,5.579738867819081
2305,4.863124449311085
2306,6.3280317335326215
2307,5.755954798308575
2308,7.80692818317813
2309,4.35575852308542
2310,3.434143460594734
2311,6.6669453218713794
2312,5.159231384891698
2313,8.674488525179129
2314,6.9137436483294525
2315,3.1295903951784783
2316,9.03975797538625
2317,6.729552698406836
2318,6.836299560080881
2319,7.478535725808113
2320,6.116185065213932
2321,6.516134098956355
2322,2.96942258782576
2323,7.610369327702422
2324,6.982405292004976
2325,7.71733177460078
2326,4.837699926450945
2327,5.977745378379982
2328,4.901666907660605
2329,4.967349826571851
2330,4.910868165258068
2331,3.5110892163650576
2332,5.492078020247009
2333,6.887009927265186
2334,6.126975975513869
2335,7.085091148627752
2336,5.22743930743938
2337,4.282227669936053
2338,9.07116678478851
2339,4.645326863577325
2340,3.009270369875578
2341,2.0421060236779716
2342,3.8601023740941325
2343,4.62852794604084
2344,7.041028383589766
2345,5.728708025905571
2346,2.970584194754233
2347,9.365948967396728
2348,7.416340034661838
2349,4.00841952774128
2350,4.124346122209597
2351,5.4421376105605574
2352,3.693033196750952
2353,6.235281315412891
2354,6.12270233585472
2355,8.270775249405403
2356,6.9843178524845335
2357,5.3521771315198405
2358,5.7329399610341145
2359,7.374002843468583
2360,6.564489933551496
2361,4.722427295677051
2362,3.4499283930393725
2363,8.755579354106674
2364,7.243912757344118
2365,4.531046735151706
2366,7.965059655039768
2367,6.87433674507653
2368,6.202989739908275
2369,1.9376767698445319
2370,3.005397210120631
2371,6.4707995999724925
2372,6.137249711066538
2373,7.098772898178179
2374,3.2390235094666218
2375,3.2758486458646625
2376,7.0787905789013585
2377,6.411774038640829
2378,8.571127045921227
2379,4.307901282835186
2380,5.506727778634204
2381,9.074259006291207
2382,8.011290676873731
2383,3.256477340632019
2384,7.807343818943965
2385,6.022009335984896
2386,5.573556053697828
2387,6.096135271964145
2388,4.347153245928448
2389,5.858420105241121
2390,7.208782765518267
2391,8.731753660524303
2392,6.143474162464899
2393,7.726606931889899
2394,5.675900435713776
2395,3.266667259445384
2396,8.3744138351072
2397,7.412697329089294
2398,4.19378939720055
2399,8.49461224775066
2400,9.249501176983252
2401,4.838743559546003
2402,8.849286469497843
2403,2.4061336894496703
2404,6.930363155329519
2405,8.03382427356769
2406,7.435122096633201
2407,2.408285226769616
2408,8.194237224180883
2409,5.4027046684367015
2410,5.541719138851934
2411,8.287537016794374
2412,4.380829765106268
2413,6.039216795227465
2414,4.56814804766066
2415,6.010844295114701
2416,6.541053072387626
2417,8.15584480690236
2418,6.431748372990725
2419,4.676299421749841
2420,6.104350949997333
2421,5.206455408579611
2422,8.034051274739156
2423,2.5233416220812273
2424,4.978390849804124
2425,0.684184673718188
2426,8.434385770059702
2427,5.102718741638032
2428,1.3041473956277585
2429,7.16668496524946
2430,4.7297910787133866
2431,4.273575183139226
2432,7.9303211318789675
2433,4.6066611415008225
2434,6.463282230657739
2435,6.275522778266497
2436,5.613621103735973
2437,6.493161162105057
2438,7.040124713358479
2439,6.057284525180218
2440,8.038629936177353
2441,4.513541216534271
2442,4.800462311135107
2443,6.255060328083355
2444,8.650412346180774
2445,8.412197727552913
2446,6.631111744984497
2447,7.272317779278254
2448,9.457690888444015
2449,4.570330371785161
2450,5.014767240380165
2451,6.383013708944265
2452,7.692365267321929
2453,4.739515190378532
2454,5.961422186549654
2455,6.453788366859177
2456,3.3427981082977105
2457,8.672779716288376
2458,8.118082142601445
2459,6.9080691119962445
2460,4.343408025441041
2461,6.315757414124256
2462,3.3560580626048004
2463,5.430548536494709
2464,7.406046333870272
2465,8.682285488278918
2466,5.481831763678071
2467,7.594845920752154
2468,7.452186558617577
2469,8.61029129928704
2470,5.2611444358405794
2471,4.42040203290993
2472,5.023820505077008
2473,4.799677048798495
2474,5.7698506513163474
2475,5.665428978676362
2476,5.573439639030916
2477,6.179118695879529
2478,8.180010843682414
2479,6.176655876859343
2480,8.428743433162836
2481,4.8945127566044135
2482,7.409897634077135
2483,3.320301250029959
2484,7.800234901501417
2485,3.2521228358952996
2486,6.6672007749983315
2487,5.2114226886865085
2488,4.178050849664599
2489,3.688812173870758
2490,4.324512300996268
2491,3.8001625887239996
2492,3.941269298581953
2493,7.266698715106865
2494,8.472483676796937
2495,6.115811759273452
2496,5.929644836083041
2497,7.337057442284169
2498,5.203360429241735
2499,4.454746397623518
2500,4.547919285022056
2501,6.798749873901307
2502,6.521631772544384
2503,6.326112599517515
2504,3.7957240877649387
2505,7.187075392701753
2506,7.258164632708203
2507,3.9246259779077306
2508,4.911967797982371
2509,3.8698402545285653
2510,7.084845637202121
2511,9.515720354028364
2512,4.711650226948372
2513,4.440721695634188
2514,6.691580345990559
2515,5.857246318438999
2516,2.3684749706628825
2517,7.288503849439472
2518,5.6399592668949055
2519,5.102901116414165
2520,3.1232303181286225
2521,5.8471863235728465
2522,9.59253270318977
2523,6.297467473701708
2524,3.999245249164164
2525,9.537254933496012
2526,7.402216519965004
2527,8.16422362223315
2528,5.334660907772027
2529,2.3965126161660675
2530,8.910446708681055
2531,8.654956688213456
2532,8.761504710398592
2533,4.76375459818968
2534,6.892106234999773
2535,5.72650974628306
2536,6.569109183446317
2537,7.3692554401097174
2538,6.920412243616624
2539,7.688168002094094
2540,9.374311929401669
2541,5.529058675506342
2542,8.235195634911445
2543,9.242236880204926
2544,3.539632073187916
2545,5.761042882373469
2546,5.508195106952959
2547,5.328188995720125
2548,5.22122858765209
2549,7.3049400700661975
2550,8.126910408663374
2551,3.498805027203246
2552,5.297882880397532
2553,7.841885952331513
2554,4.996704387932681
2555,5.408334933336257
2556,3.1968344871139753
2557,6.850703287271355
2558,8.027829849426658
2559,7.965076676497582
2560,6.687050367199547
2561,6.112900802185117
2562,4.074255351646893
2563,5.687602412802266
2564,5.75170117541354
2565,4.679773780517081
2566,6.733994224064488
2567,8.516381177825187
2568,4.200613634494661
2569,3.151626427250939
2570,5.5313712509996815
2571,8.950742072402967
2572,5.681887089551882
2573,4.241200179731274
2574,8.946370398793741
2575,9.235554639982423
2576,6.669771601212578
2577,4.798695690581876
2578,5.1725702157079985
2579,3.689776495165137
2580,5.438690913006418
2581,9.968159607752037
2582,6.684799982582742
2583,7.616927289707479
2584,4.930096539630165
2585,6.257604598883252
2586,4.135067109655807
2587,2.8500129685192244
2588,7.400085838034961
2589,6.1091376666577695
2590,8.047605047560484
2591,8.507435708195679
2592,7.813898737993332
2593,3.573389187902798
2594,7.444250724292691
2595,3.585142880231672
2596,3.60606038985716
2597,8.355169310346412
2598,8.594075787112502
2599,3.1726560364393777
2600,4.244275137653513
2601,4.130664055466372
2602,7.741957453675195
2603,5.706459954709631
2604,4.66241760861058
2605,3.9303459936482885
2606,4.570276081502686
2607,7.183654325251259
2608,7.8896039938052756
2609,7.356633277868452
2610,5.715400340103712
2611,6.573571078720226
2612,4.869469328570734
2613,9.002938991358718
2614,1.6476272052203447
2615,3.2255952516876194
2616,7.126295907457781
2617,5.115254736732859
2618,7.485132553865734
2619,9.05248006859981
2620,1.159725043897147
2621,3.853509030066368
2622,8.29595511315443
2623,7.018496782926284
2624,8.187284681517463
2625,7.102337366518275
2626,8.395173948657275
2627,5.736810560638458
2628,1.9497346491361027
2629,8.406356315854275
2630,5.845795472527628
2631,3.5323014966737447
2632,8.603112202304352
2633,7.602086581377812
2634,7.398665057750394
2635,2.847428992655673
2636,4.913407511845263
2637,7.108702647854118
2638,6.0063493527399565
2639,6.401008311236614
2640,6.54477165014687
2641,6.061172551420235
2642,5.453868370570984
2643,8.201508006875143
2644,6.991468521370746
2645,7.685625409546804
2646,4.918377145775203
2647,5.726739402650495
2648,8.966178791751627
2649,7.955633874182811
2650,4.471348153830829
2651,7.394548737311441
2652,6.722806435925024
2653,5.475297475708474
2654,6.045156926124931
2655,6.981406277679737
2656,9.406694081832251
2657,6.334102373323064
2658,5.611498821033654
2659,3.9743504542482135
2660,5.66114363831511
2661,6.745981856008415
2662,5.16011724547328
2663,6.529346741287374
2664,7.945564657885525
2665,5.712177218657039
2666,2.7752178576776894
2667,8.088035993063315
2668,5.837139981499722
2669,4.976165710805782
2670,5.590860224219441
2671,7.143476082222681
2672,2.4084769684175935
2673,6.612744484038501
2674,5.66783795991821
2675,7.880115863572717
2676,7.948687567590221
2677,5.100737565134137
2678,7.593951958226288
2679,7.035363655420088
2680,3.7979458731485414
2681,3.4180044039740767
2682,8.008653460043508
2683,5.837435284158625
2684,5.013824134716806
2685,4.432729133860534
2686,4.338252475284377
2687,7.28576694259624
2688,2.788044644319493
2689,7.469705584956543
2690,2.5055995766328625
2691,5.798750394899288
2692,9.68528798993378
2693,3.4820361776997464
2694,4.7557884865392
2695,5.538362332403407
2696,2.2807382156327485
2697,4.185160874437741
2698,4.629583452600397
2699,8.746610753056833
2700,1.552434511140835
2701,4.717864213860065
2702,5.543619134034931
2703,7.668013838321587
2704,8.44336469125102
2705,5.244246581987595
2706,6.540661063093635
2707,5.557854374079204
2708,4.549448513584014
2709,1.3347489763482328
2710,6.702265122923946
2711,6.7168168753550725
2712,4.52500461219431
2713,9.291424529376567
2714,3.4442099382636293
2715,3.7085978947911684
2716,3.5740530317068138
2717,2.149322489758637
2718,4.500071620702675
2719,4.760138653188419
2720,4.942279339111863
2721,5.990921531767837
2722,7.550906523122727
2723,6.6890232405436
2724,3.5397706021082422
2725,7.416751344179434
2726,8.306290972529943
2727,7.983052629934644
2728,7.746930996715042
2729,2.5537621815868516
2730,7.219776920894322
2731,6.983965060563279
2732,5.871334209674729
2733,5.482023537675715
2734,8.171454406807754
2735,8.873957079383935
2736,4.96135433835894
2737,5.1730762575982
2738,5.227540498231571
2739,7.121160297683525
2740,5.319246317762474
2741,5.610968637893263
2742,5.628207467923575
2743,3.2012598422526874
2744,2.2904873623476147
2745,9.167750483671131
2746,6.581580949129227
2747,2.104819194501547
2748,6.5682150527657575
2749,6.480315280903349
2750,6.380344047721624
2751,6.536837280866672
2752,7.5274255323776265
2753,7.1642528726552195
2754,6.309940404342858
2755,7.3004935565708635
2756,4.347536747339108
2757,5.747304388568157
2758,6.2153552360987945
2759,3.741882012482181
2760,7.186877688877637
2761,6.992132627542849
2762,3.2396842660135756
2763,5.990768295062868
2764,5.869803753562387
2765,6.864622809342828
2766,5.811385694767408
2767,8.530227563634798
2768,3.969327651630535
2769,4.526762119945296
2770,2.457137433634804
2771,4.8444045376825065
2772,4.51702529021546
2773,7.841310808354748
2774,7.942596224867037
2775,8.849241062278148
2776,8.717648664299412
2777,6.753494974548753
2778,6.48208713574349
2779,7.553540492539469
2780,6.130190865193834
2781,4.099617227046751
2782,9.109012656203566
2783,7.092246388459335
2784,7.646015537773174
2785,4.768299627927671
2786,5.282681454221329
2787,7.119127901913173
2788,6.5037457781695815
2789,6.086647116566385
2790,2.877790873885916
2791,8.62448717510255
2792,2.649126145092789
2793,1.7501240182922664
2794,2.735378848280109
2795,2.830843113719788
2796,7.962100473389407
2797,7.209725026722578
2798,6.7994802269962245
2799,3.7100560585331346
2800,3.4077039165955427
2801,3.6741133688831074
2802,8.44131679575764
2803,5.69124635689025
2804,3.9135686544338926
2805,6.931110097766629
2806,4.771666368301585
2807,7.977955395966937
2808,8.15040065707152
2809,6.691948818880135
2810,7.48060062233821
2811,2.8232683399402236
2812,7.078996268489168
2813,2.838795788528248
2814,5.277733233436059
2815,9.007464291488253
2816,6.3891616393509185
2817,6.120360357289914
2818,2.411899754225025
2819,6.951835696178946
2820,7.719393477998472
2821,6.91690712146594
2822,3.386834315396902
2823,4.616319599890166
2824,6.012501069466953
2825,4.155672498460876
2826,9.633854283240405
2827,7.338326311484338
2828,6.359758344816905
2829,7.637785322966137
2830,5.407079819339462
2831,5.994430318586932
2832,7.752638265636802
2833,1.7530105901580857
2834,5.485220990839572
2835,6.520219556519397
2836,4.20417081354403
2837,5.836923422355037
2838,8.64996399943091
2839,5.678530653537362
2840,6.056676915697076
2841,2.5636533190460264
2842,8.05777423095516
2843,6.336682809818496
2844,6.894790928224538
2845,4.39605460000689
2846,7.82980713330725
2847,6.549242122136459
2848,6.07300351429061
2849,5.576121986602898
2850,3.2985887144792527
2851,1.8387184998488983
2852,7.27212975688539
2853,5.004306987599962
2854,5.290842014668601
2855,8.911350374279186
2856,3.3529435917977013
2857,9.234952217589361
2858,7.443886727448612
2859,6.523490261916653
2860,7.059365321672525
2861,7.41119064832634
2862,8.473472949174347
2863,7.355244825852674
2864,7.461527776199274
2865,4.744821208612004
2866,8.16017866087191
2867,6.763327793426869
2868,8.7584970521659
2869,9.490545017545113
2870,6.055941916783381
2871,6.722030457957835
2872,6.1497053688396885
2873,7.573035515883888
2874,5.1390072063926056
2875,6.929203045958912
2876,4.250394254334093
2877,3.7594680887188026
2878,5.912395638629206
2879,5.5199385186259935
2880,3.632587590246813
2881,9.71181540020396
2882,5.17997045301622
2883,5.710455885225232
2884,6.548274930372869
2885,6.465822426638026
2886,0.8885877755113062
2887,6.94363058116566
2888,8.446285062364987
2889,7.068315305261601
2890,7.509036256570008
2891,7.932423632370838
2892,8.348472425804786
2893,5.350905291843375
2894,9.384566539343224
2895,3.007313818617089
2896,8.228679513000849
2897,4.892003459684551
2898,3.3670071975582996
2899,3.3548014732982017
2900,5.533057090945645
2901,3.466182013307754
2902,9.151767636541706
2903,7.960894038826728
2904,4.579205874376323
2905,7.532181070691786
2906,7.862833220430359
2907,6.82827215829131
2908,5.945171135894595
2909,1.7000087999041997
2910,6.0911555457020485
2911,8.948321194248594
2912,4.017995534568364
2913,6.84865042883852
2914,3.38167399594488
2915,5.436876214742925
2916,8.48891031427488
2917,3.48372149648616
2918,8.366067589305322
2919,4.197382786795687
2920,7.132930882710887
2921,7.810283476195133
2922,3.517230866875054
2923,7.433326234112549
2924,7.519855488636271
2925,6.4490378259406995
2926,7.508589016076277
2927,1.816437202814922
2928,3.8928108589478447
2929,7.600061399276413
2930,5.2308836841495285
2931,4.0273943885466075
2932,6.2454842195787625
2933,3.4706062256897647
2934,2.6170310070880793
2935,6.407940223093678
2936,9.492175789650533
2937,4.451350063068963
2938,4.468687204701207
2939,5.800511908701294
2940,5.614247368682689
2941,9.149468981586379
2942,5.186734748401396
2943,5.966219998854541
2944,4.706066052227348
2945,7.2602257052384065
2946,7.9825423108200635
2947,6.641053678184992
2948,1.7812316413542835
2949,6.107094745638404
2950,7.550644035856777
2951,5.22046541870837
2952,5.417836005189759
2953,5.632336928104033
2954,6.265254048797704
2955,3.6219690635073167
2956,5.057528727537589
2957,6.584250108882191
2958,7.687397924023769
2959,5.891017104356774
2960,6.433817295373222
2961,3.8916831423232954
2962,8.227862317338902
2963,7.862694131768513
2964,2.49714309361644
2965,3.0876241921411935
2966,4.829705217348661
2967,6.091569899801722
2968,6.321908860941152
2969,5.302500749828879
2970,3.485344352596936
2971,8.615536026038372
2972,9.919431967605975
2973,6.531366652862231
2974,5.137407351109046
2975,5.397725636003625
2976,7.0258737516430525
2977,4.798958540900951
2978,7.825486551076086
2979,6.885988232756031
2980,3.8800655514370037
2981,9.40159377969254
2982,4.733602759633715
2983,4.755820289971862
2984,8.299755037668012
2985,6.787127975956442
2986,6.378356286100194
2987,8.873226874907315
2988,6.826058791440989
2989,9.346634476900862
2990,6.5995705350590494
2991,4.934179691160088
2992,6.471681977092958
2993,6.323298607833625
2994,6.101621345622103
2995,6.211827131495223
2996,6.999486873484484
2997,9.56049163425159
2998,6.1554817131174815
2999,4.881745769453483
3000,9.017999740823786
3001,8.252321884308005
3002,6.924448168044653
3003,5.454232136532175
3004,7.634795158835868
3005,6.244637175452819
3006,6.5017889166748395
3007,6.646381157604258
3008,9.15540174654667
3009,7.325361058669289
3010,4.6589866523519525
3011,4.213734753297139
3012,8.147160300787753
3013,7.293240341722726
3014,5.028301930902758
3015,1.524987684613164
3016,8.235566846013235
3017,5.551516242549555
3018,8.614704526717073
3019,4.242217251457168
3020,3.884886491737749
3021,6.340568394833881
3022,4.5172426451745835
3023,6.184172519792793
3024,7.857903953797363
3025,2.769100552256826
3026,3.5046137988319233
3027,5.980495724255795
3028,7.732834715271162
3029,4.54624066087275
3030,7.078791647181855
3031,4.382969061801092
3032,7.1750651346988334
3033,5.149361929519286
3034,7.182108276563159
3035,7.97773936810694
3036,7.064024523649682
3037,6.3186287537848065
3038,6.014282190653718
3039,8.674943897817782
3040,6.506333606933564
3041,6.6564249203895915
3042,2.3718135388490666
3043,4.844692280163621
3044,5.722226847766573
3045,7.6563070529277555
3046,9.398583464252287
3047,6.413222251037496
3048,4.888227290195439
3049,8.082703289307501
3050,6.103031530616541
3051,8.440325386857067
3052,3.135849954880609
3053,6.533290894012972
3054,7.442995404839211
3055,6.592605530232998
3056,6.912375382292181
3057,7.443856439081005
3058,8.968873169636453
3059,8.098555642745692
3060,4.152023560823202
3061,5.535976537845403
3062,3.660438332154488
3063,4.5037875400039145
3064,4.272711714277727
3065,4.337071223813987
3066,7.455685927776232
3067,7.384658187700523
3068,2.960284556564541
3069,3.349535061578101
3070,5.76491494363526
3071,7.313220398401068
3072,4.909776973655345
3073,6.988294288190518
3074,4.628874361810922
3075,7.149333201031966
3076,3.342796709625915
3077,6.819910936475506
3078,8.523323103903996
3079,8.191406221448155
3080,8.661437523410155
3081,6.098349405738551
3082,7.727436251546212
3083,7.143090593666048
3084,6.5554998224732435
3085,8.73059394763608
3086,5.890883573563337
3087,6.051375216702463
3088,3.781722021477641
3089,5.191994942775729
3090,9.260079472543188
3091,4.579260920174038
3092,2.8270596868124303
3093,4.095616821896802
3094,3.8828486958403294
3095,3.549828528112243
3096,4.003106564834447
3097,5.5868915128429375
3098,7.967603315104279
3099,3.5752454042547335
3100,3.0260847747931487
3101,3.8545001394502063
3102,8.123537400005436
3103,8.220619110416441
3104,5.082577788175261
3105,5.5732993939037145
3106,7.188200865734989
3107,6.508004069467905
3108,6.788732144879608
3109,8.635276313094046
3110,6.738700627699971
3111,4.521119490359879
3112,7.009046786936614
3113,5.077142874176335
3114,5.2944920341092105
3115,6.07423468959524
3116,6.035226950173193
3117,7.334803092548968
3118,4.133071085884279
3119,8.682087452300468
3120,6.026714127954213
3121,6.068459888900563
3122,6.8284046851027
3123,6.129716651019857
3124,4.286148778973823
3125,6.141745713504584
3126,7.057905780967974
3127,4.557015138864664
3128,2.695809786793889
3129,5.271938631997163
3130,5.212583242878573
3131,4.666007533993261
3132,4.680084052879431
3133,6.4090439650794195
3134,7.236971593623673
3135,5.320688891517921
3136,3.70644704118857
3137,2.273174122621318
3138,3.8476203473769894
3139,6.7172586436770585
3140,9.81446332150059
3141,6.969282567698616
3142,5.319740084546223
3143,6.253824616432679
3144,6.235233610564666
3145,3.2159409052483006
3146,5.554921450423981
3147,6.195891476546793
3148,3.002635928596673
3149,7.95207596154278
3150,6.6567769180809355
3151,4.569903408775185
3152,5.547468368122448
3153,3.9955640980729865
3154,4.072234881516977
3155,2.8162132590951883
3156,7.267293451367476
3157,7.756140142187204
3158,6.384464921269594
3159,6.188873402154753
3160,3.103674982061468
3161,8.221401603067532
3162,6.627866308326102
3163,7.2977945911962685
3164,8.220413088275995
3165,6.74337679067552
3166,4.675386206007135
3167,3.6377900476772496
3168,8.94968887579751
3169,4.258184325357692
3170,6.6249809306081975
3171,5.3492663419325925
3172,6.436268964173983
3173,3.519942667327911
3174,6.919107089524338
3175,1.80152405608419
3176,5.344372209706882
3177,7.1857136877530206
3178,4.823100030657007
3179,3.2120142829967926
3180,7.090178851107004
3181,5.029534089047217
3182,5.742721536375757
3183,6.987740158852645
3184,8.042012428724695
3185,4.9282707138596376
3186,4.698289573540886
3187,5.336476451877936
3188,5.364886191671287
3189,3.387136676819509
3190,2.133485103939924
3191,8.084479785820752
3192,5.407601262855943
3193,5.771100703096943
3194,7.402849271819448
3195,2.936888253570015
3196,8.230334618803633
3197,6.538228178043482
3198,7.39857867806804
3199,3.8293703619843638
3200,5.657981963225602
3201,8.49206160135834
3202,7.189150412652079
3203,6.053721951952219
3204,7.818474118274306
3205,6.7101192414840405
3206,5.462624783232325
3207,7.479506170920145
3208,5.410631503050755
3209,3.372446705866347
3210,5.953758566842578
3211,3.5373674512909306
3212,1.4503294049747113
3213,8.839796319142142
3214,5.286712435436534
3215,5.146124752724149
3216,5.619073941524874
3217,4.703811373055576
3218,2.824876809554965
3219,6.174980271922264
3220,7.0821028127476335
3221,7.499884450234622
3222,7.000449172236384
3223,7.432343910191012
3224,3.8001073056849606
3225,3.825142624445761
3226,4.896499844546143
3227,8.849284637406893
3228,4.275939037986225
3229,8.43017898177395
3230,8.566888392258882
3231,7.694799780881686
3232,5.72120141072247
3233,4.720063658517915
3234,4.682493704859507
3235,8.02825877150508
3236,5.842972173416079
3237,7.240861431250323
3238,3.7519840644517974
3239,6.788540202238788
3240,5.031406395846472
3241,8.01154762621172
3242,5.1033192324702075
3243,4.000015224070921
3244,7.491171335033899
3245,6.283871004083898
3246,2.102360646007089
3247,6.717511528693687
3248,9.010224230110751
3249,1.965907641851778
3250,5.4180967156194875
3251,5.853346934378207
3252,6.167046013146395
3253,5.696873753478358
3254,4.677089988860869
3255,4.764385457095632
3256,7.7718551314186755
3257,6.5094051975607465
3258,8.445654959930113
3259,6.874393946446813
3260,6.899724910597191
3261,8.266450292906022
3262,8.096642521678403
3263,9.260716688982543
3264,5.526919475536763
3265,8.18285654547511
3266,7.167574971324024
3267,8.308382202188278
3268,7.31575889838585
3269,5.494216209694384
3270,6.374252238317004
3271,5.2819424856039605
3272,6.658031868081166
3273,7.84549204425576
3274,1.7684836526295933
3275,6.951341979961201
3276,6.43203987476611
3277,2.132788262153614
3278,4.426035825313931
3279,9.44126437980868
3280,6.613571122665812
3281,5.221776333005753
3282,6.997295044582811
3283,7.235355982885428
3284,6.776126330420525
3285,7.075351301035051
3286,4.250448065311636
3287,9.142666199461411
3288,5.766168785483692
3289,6.526949602689759
3290,5.553365063821702
3291,4.605933799023727
3292,3.8492729944037443
3293,5.562627702558128
3294,6.52511909801546
3295,4.91869288084196
3296,6.9640051729750905
3297,7.135768563948792
3298,6.5656766222839735
3299,5.156320434914711
3300,5.522230757106482
3301,5.651635471559561
3302,5.620396709422743
3303,5.045223548458873
3304,5.3081331083435295
3305,6.0873512855600875
3306,5.819126450376732
3307,6.540053311575295
3308,2.3729758748089864
3309,7.3220053402679
3310,6.693082096662513
3311,8.25015359132062
3312,5.115650822266148
3313,6.259140485000178
3314,6.230721142076907
3315,4.4314720362502
3316,6.8752312185107165
3317,7.734778959862627
3318,1.487778006909306
3319,8.517110154988101
3320,6.916243572920672
3321,4.365898140213402
3322,1.9606533967202546
3323,8.416503691135372
3324,6.684018282441683
3325,6.397867609438871
3326,9.94284721228209
3327,7.417377703631971
3328,6.382128680579794
3329,4.653257120646589
3330,7.1839097580040265
3331,7.019152805035489
3332,5.570731681026128
3333,5.417777804470002
3334,4.949080687328275
3335,6.383455421853702
3336,4.256422965145392
3337,2.6934783858626075
3338,6.545184017384856
3339,4.51040476513241
3340,7.852131823808158
3341,8.270098734009125
3342,7.0401396092527495
3343,6.084879124531551
3344,4.785846116441137
3345,6.751176944111102
3346,6.732009718226465
3347,9.242311468111758
3348,8.507384109477208
3349,7.594865634498325
3350,8.362680037681768
3351,5.058302698023222
3352,5.21574746344811
3353,6.884494871301408
3354,7.326758150182406
3355,6.327700835991131
3356,7.097928013550023
3357,8.032154874890209
3358,8.635833934155574
3359,6.120711296922002
3360,6.338419082592838
3361,8.004051506246016
3362,7.486028820254567
3363,6.162318032105732
3364,7.38099905763029
3365,2.1872659238416263
3366,5.0182248477672
3367,5.434429156220373
3368,7.464931211550487
3369,5.959259529943147
3370,4.4570575606319975
3371,6.544441461669368
3372,6.957751205452638
3373,7.595964424751649
3374,6.176048189513955
3375,5.465770059794266
3376,8.879379033448085
3377,4.219475476244403
3378,6.923692895928597
3379,5.612939852877898
3380,6.59789897934158
3381,8.183242313635036
3382,3.2455860404465815
3383,6.357626900284236
3384,6.7313720694552535
3385,7.939762541258725
3386,4.23089456829417
3387,8.040649598294255
3388,8.772777234336708
3389,7.605598482788198
3390,7.856931646573274
3391,7.832178920777524
3392,3.5319257053635016
3393,7.13765628968172
3394,6.303613756081462
3395,5.682565982147835
3396,4.379268961492381
3397,9.446771397995317
3398,9.915744961047634
3399,2.345879146474289
3400,9.524481839952411
3401,6.044592121916795
3402,6.590694829147079
3403,5.434654328872808
3404,6.018716404158197
3405,6.002654308894646
3406,7.750601160413226
3407,7.5752712360512096
3408,6.383287507974629
3409,4.71732303133766
3410,4.932667102908627
3411,4.893753585543689
3412,4.212308613824976
3413,6.530004990221572
3414,5.722979884302004
3415,6.418274259403135
3416,5.595609215951957
3417,5.834227162257907
3418,4.6778697892787
3419,6.062283702874524
3420,4.799875854374176
3421,5.760149373466113
3422,7.3205056725606
3423,4.522896429403633
3424,7.3185615519892115
3425,5.059147204275677
3426,9.197413310271362
3427,4.473163261843868
3428,5.693842702039217
3429,7.185821982292631
3430,6.285890697400372
3431,5.796344257408209
3432,2.3735151401275054
3433,7.3349392491328
3434,6.485414007494767
3435,6.407330265941898
3436,4.819370473550803
3437,4.600237519049255
3438,8.708011707862632
3439,5.092333162910578
3440,5.805262304577016
3441,2.919787300412442
3442,7.431957077101611
3443,2.76246310215794
3444,5.646202168688984
3445,6.8223871864866625
3446,8.954306751651044
3447,7.998114688527991
3448,5.298197714778207
3449,5.122873857928965
3450,5.434745145404529
3451,9.008812955433015
3452,9.583163542149617
3453,8.681960509844364
3454,1.986413293041167
3455,3.8946348964176343
3456,4.735142900851166
3457,6.390159844593317
3458,4.459934441830299
3459,8.556461026452158
3460,1.8127017409161659
3461,5.877988348603444
3462,6.10011164736133
3463,4.208861797972066
3464,7.224758132703739
3465,5.611618128129341
3466,7.122212719752854
3467,4.638891930330817
3468,4.7774218773605375
3469,4.2414812642504165
3470,5.565521689312375
3471,4.772364457074245
3472,4.072542549648145
3473,5.304100937574287
3474,9.12844869813559
3475,4.458151404426159
3476,2.4989416188836184
3477,3.950639157436067
3478,5.358274695487221
3479,7.296760979325153
3480,6.596317558338816
3481,3.6474061815256946
3482,6.636696316351187
3483,9.069198781541097
3484,5.187434367286185
3485,5.7040092686845
3486,6.071828391627644
3487,4.985763797544131
3488,5.846463000083503
3489,4.085087529717285
3490,3.9521658718220176
3491,8.082601505878152
3492,8.596795370380121
3493,7.396236066093611
3494,9.136951448419733
3495,6.254841268640718
3496,8.05654424320876
3497,2.0140752932789825
3498,6.027617186015401
3499,6.4155757009584296
3500,8.305786579276221
3501,4.257120470491923
3502,2.5201350012685673
3503,4.437794429629852
3504,3.8184277686639208
3505,1.6794200585600403
3506,5.99802172182454
3507,7.730460753365946
3508,6.997769125719493
3509,7.121603608353069
3510,4.680272421269165
3511,6.489904394789729
3512,6.057382684948396
3513,6.289152428816235
3514,6.51005663452585
3515,5.522177262125073
3516,5.061114280907238
3517,9.200446268739373
3518,1.3351345706164062
3519,6.837903906260124
3520,5.629625706408632
3521,6.379486838327365
3522,8.90776629003737
3523,5.066175175892857
3524,7.3055198668952475
3525,8.915763155677721
3526,2.976060919092279
3527,5.791544471777349
3528,7.792802158270053
3529,9.629073396402768
3530,8.233133191392838
3531,4.163929589683159
3532,6.288361189938473
3533,7.335860173187006
3534,6.856609845357649
3535,9.406761559291223
3536,6.461940365364152
3537,3.968834264829317
3538,7.218379158010008
3539,7.512222005200508
3540,5.587375518678968
3541,6.819522320998588
3542,7.256117860531918
3543,6.369377818853488
3544,8.194671087439193
3545,7.502299059145933
3546,7.717419307993891
3547,6.52182694367866
3548,5.948032990964346
3549,5.1501069234990355
3550,6.263335985772372
3551,8.25526957310724
3552,8.282338199307766
3553,8.017157472202795
3554,5.277016873505036
3555,7.685994193449428
3556,5.730291084667624
3557,2.9801097469031177
3558,3.2488244649865536
3559,5.289778913777811
3560,4.267316491466281
3561,6.243200678581144
3562,5.26386949312268
3563,7.6721159242296055
3564,8.382490790199611
3565,5.660120102064933
3566,5.43494168705612
3567,4.598982299388268
3568,6.580271287069893
3569,7.027712081055053
3570,5.820099308326027
3571,6.022267100648141
3572,2.05538946941698
3573,8.420910184396242
3574,5.219255944980691
3575,4.928037912960651
3576,7.92784757542859
3577,4.270043454882737
3578,8.563474623996619
3579,5.3066987001704895
3580,4.636675175343119
3581,1.8756176963248665
3582,6.0188688231871055
3583,5.5821499110389095
3584,3.094607336675894
3585,8.305064807837374
3586,6.329468146044323
3587,5.505749212547464
3588,4.872169851266381
3589,4.851189285270195
3590,2.5612820591021124
3591,7.4331153641881125
3592,5.757326326418891
3593,8.02992114878372
3594,6.672172349869771
3595,4.838296669691655
3596,7.85207520653805
3597,6.564809079601775
3598,5.725861343892474
3599,6.499546202776592
3600,4.900718488883104
3601,6.575679458679447
3602,3.514640974759861
3603,8.663429670732667
3604,5.205993246849419
3605,5.687129075482533
3606,1.2035925786075623
3607,4.482958116542276
3608,6.471575989418707
3609,5.449045084591772
3610,5.567975772240923
3611,8.955184262067434
3612,6.133991468170528
3613,4.854749111473122
3614,3.4558839794064955
3615,1.5760358311261906
3616,7.787188447178415
3617,5.977154541321503
3618,7.476309796953231
3619,6.558510374615627
3620,5.51678533880505
3621,4.240262984247039
3622,6.295600392712793
3623,4.569904582672676
3624,8.733405477239893
3625,6.434891728885821
3626,9.080412190104523
3627,6.78375081041619
3628,6.622017151383066
3629,3.9421490807744695
3630,6.028386290930017
3631,1.5943311776788212
3632,9.425617244687466
3633,6.118679694001643
3634,6.056717199153815
3635,5.901351467430153
3636,6.242212070829446
3637,2.31606288918273
3638,5.534616936893793
3639,3.3274442202514907
3640,3.978072352788885
3641,3.7809304665605206
3642,3.638993214215886
3643,7.51349282653965
3644,7.175017451066001
3645,7.280271559877255
3646,3.5146409530823552
3647,6.372715376267913
3648,7.523813461185777
3649,9.588033225534208
3650,8.137080718238103
3651,7.646369549447928
3652,8.654634041323213
3653,6.427870300591225
3654,5.704903177966545
3655,8.749330324242536
3656,3.183087053330518
3657,8.647578779170166
3658,5.643592985521558
3659,4.447091436829131
3660,7.89276139734384
3661,7.110926898359266
3662,6.142245058690212
3663,5.437794898560537
3664,8.494632397296016
3665,4.237919894435635
3666,8.021042165139985
3667,6.883790917641715
3668,7.336131311083627
3669,4.765341834577179
3670,3.410988787061958
3671,7.043487475252307
3672,3.1752008970276147
3673,6.429816043846597
3674,2.556541419319625
3675,2.22819476246355
3676,5.646489393150366
3677,5.288898297544252
3678,5.5170489634861415
3679,6.432889402414275
3680,9.948799149624284
3681,5.566473807257205
3682,8.922412420303733
3683,8.777574161298547
3684,1.6847262027419088
3685,5.383057316385358
3686,7.05427189641988
3687,6.396111488687493
3688,3.0360302425458188
3689,7.074510559568756
3690,5.971731736126031
3691,7.103735536395062
3692,7.981770939611449
3693,8.845337450065768
3694,6.377173003685737
3695,7.685038964113489
3696,6.496168420943915
3697,8.392426490707608
3698,5.055861082720943
3699,4.710347494685742
3700,2.8867715045436233
3701,3.7222933347484557
3702,9.223452684864563
3703,3.551844392777
3704,7.422475710058379
3705,7.149878180504907
3706,3.555206739330148
3707,4.424099143040415
3708,2.613380919731821
3709,6.073051534232603
3710,6.085440779325431
3711,8.323560100165073
3712,5.596035363920413
3713,3.7141097404215078
3714,5.18398906608929
3715,7.832570909226607
3716,5.439298106131499
3717,6.272683203534205
3718,7.1062077408498805
3719,6.717430701891479
3720,7.879662477586326
3721,7.978341653989333
3722,7.132285980754106
3723,4.031847983619454
3724,8.256928727497609
3725,6.0677801335075126
3726,2.6363232928020137
3727,6.51199001647856
3728,7.347556069937443
3729,6.492155835445079
3730,0.32742181948146865
3731,6.539114989543542
3732,4.98816573227203
3733,7.42106199727445
3734,6.875546928810863
3735,1.947465586054272
3736,6.379607719633243
3737,7.489268976511928
3738,5.785475536111064
3739,8.439241479579026
3740,6.789141062369026
3741,3.768809347098666
3742,8.804036622450246
3743,4.660524029873909
3744,5.690426642919215
3745,4.7777058438324245
3746,9.491632462413662
3747,7.76542083685554
3748,6.564057621839603
3749,7.313415575362883
3750,2.4322446646076026
3751,3.789391096764901
3752,6.401768540635002
3753,3.833334893018148
3754,4.171352481870081
3755,6.3731802461299765
3756,3.4133275240493783
3757,7.788279731058872
3758,7.975442541843432
3759,6.984157080957845
3760,8.900895025150453
3761,7.069710460485435
3762,4.375214321837285
3763,8.248173622318907
3764,4.6080944309271255
3765,9.006183397966456
3766,3.394027429334482
3767,5.794374869991886
3768,6.08078040142701
3769,6.162146083521341
3770,3.9494460916682512
3771,6.0255966336067885
3772,3.216209693321284
3773,4.779989808254796
3774,6.051667911030591
3775,6.629184732555016
3776,7.411934251381629
3777,1.0278815291079226
3778,6.116219766018372
3779,3.651652836679974
3780,2.962805918961003
3781,4.264305416835734
3782,5.319750484565075
3783,3.991288618988049
3784,4.177668013686974
3785,8.215196750857285
3786,1.9533365460655263
3787,8.31697600535992
3788,5.224103360621403
3789,7.339426517139858
3790,7.7368094617912995
3791,5.065447429784856
3792,8.531201095676332
3793,4.4704430823252785
3794,4.734640018604125
3795,4.408914202406325
3796,3.9832410101452957
3797,6.546007105281809
3798,3.745070090393273
3799,6.107238082066627
3800,5.0085313170483525
3801,8.636095442149456
3802,3.900384393473941
3803,1.5430310474917226
3804,9.042889230448086
3805,1.9682669948584404
3806,8.087321436138087
3807,3.2761093882862675
3808,4.048043243674193
3809,9.179506046535021
3810,4.872761710276395
3811,7.341855772239214
3812,6.401578519691435
3813,6.798814892903225
3814,4.911966289940015
3815,6.717952378384344
3816,5.378481755174927
3817,6.3359450332040534
3818,4.627869630403114
3819,5.8499894697788495
3820,8.51100782530229
3821,4.259298083760477
3822,7.906052893691902
3823,7.183903381983482
3824,8.596470242943765
3825,7.852600303049712
3826,4.550522525617455
3827,9.339926889164495
3828,6.32392925152482
3829,5.845494593879071
3830,6.443228321143657
3831,9.12818060464458
3832,7.5148468176161645
3833,5.165012386493317
3834,5.8651626125469
3835,8.57844204718131
3836,5.747879766130394
3837,3.5231625253995773
3838,6.718687512365269
3839,3.6645151885537453
3840,8.719268440608678
3841,7.2132742711572355
3842,5.760526541827064
3843,5.543030248609093
3844,4.5901486938381275
3845,8.793779499726769
3846,2.844552358516057
3847,5.812813172943314
3848,6.59055819385745
3849,3.776561697118067
3850,9.13318973914794
3851,3.329623148922738
3852,4.815455568001298
3853,6.150565946519231
3854,3.207939742345636
3855,4.327560631100886
3856,5.3679065221032225
3857,7.066120576756038
3858,9.443366009158622
3859,3.723329015982714
3860,5.640580095647337
3861,6.703618654173039
3862,2.3966560886343573
3863,4.722687959129355
3864,8.070234286433752
3865,6.127755458252911
3866,5.688084591797783
3867,6.371352315171387
3868,4.244731975519805
3869,6.271469862901669
3870,7.003393490801871
3871,6.208701027058519
3872,5.8291247153134
3873,5.661888521082817
3874,6.932357220257998
3875,6.087223739455467
3876,7.669691706971877
3877,6.7179409780120185
3878,6.944939603191348
3879,1.9743774169550217
3880,7.164344513350496
3881,5.239098007596202
3882,7.109209075387567
3883,8.384261900187216
3884,7.854198714516238
3885,4.122009892820456
3886,2.1902872677147056
3887,2.3202848878770945
3888,7.8653494108443
3889,6.5802931393082025
3890,9.380294582020909
3891,6.742640839719789
3892,3.1861362439505396
3893,2.9029631427296847
3894,7.380077399568842
3895,5.754245574615505
3896,5.424016847077866
3897,3.359422006030078
3898,6.419721456719689
3899,2.1698342437628204
3900,5.1066982760213655
3901,7.106616333092361
3902,8.41224282112935
3903,8.685322095964867
3904,5.894944975811413
3905,7.295287539097286
3906,1.3747249214259936
3907,8.756739023255541
3908,3.6047280503320236
3909,1.1749908755081433
3910,7.494724518453933
3911,6.948190941502687
3912,3.98581768585891
3913,5.002302751721643
3914,5.15013907317646
3915,6.103977803697848
3916,9.209145462112481
3917,1.9663938791325346
3918,6.320173092453339
3919,6.44195535131784
3920,0.36995547502571613
3921,6.310923959082655
3922,3.2773193317069804
3923,6.929844106554328
3924,5.69881721841023
3925,7.882834896594995
3926,6.581377557885145
3927,2.9637211940953656
3928,6.725038884924386
3929,2.2477318975138276
3930,6.2489348244206315
3931,4.266106566805802
3932,3.6253896544423414
3933,5.764694485888158
3934,1.4761547411047937
3935,4.536020413389732
3936,7.396597208986964
3937,5.0657429617613685
3938,4.292757268728935
3939,4.712580987683044
3940,7.457674812138693
3941,3.410468591097421
3942,3.4669981303373945
3943,6.381670594807254
3944,4.927163037848837
3945,4.277407922790781
3946,5.7615181418010435
3947,8.174906214356863
3948,8.475615649897186
3949,3.8352344433757466
3950,2.356620720236189
3951,5.907945128891431
3952,3.537835301106709
3953,6.724387687668613
3954,6.2005397389920365
3955,7.3650434778949805
3956,5.630456791810742
3957,5.3457029154683715
3958,4.742065410334748
3959,8.164338580412078
3960,7.4997247352949605
3961,3.78155858745429
3962,7.437537977869771
3963,4.323249263623955
3964,3.819575960146762
3965,6.591959680266112
3966,5.550664344127957
3967,4.763965175935685
3968,6.908261124075772
3969,1.4575452596706389
3970,9.122696998907696
3971,8.578614146833411
3972,6.218405929022883
3973,3.5713215181286584
3974,9.226932615430584
3975,4.801922951212124
3976,8.810922000440506
3977,6.549230417704811
3978,3.046567737053067
3979,7.243107740078857
3980,5.427293312955737
3981,7.865399646197668
3982,9.867080667201506
3983,6.790759190052071
3984,3.3673575057403187
3985,9.591274753896387
3986,5.350292658884472
3987,5.29321689261402
3988,6.9809664543859204
3989,7.424922065750754
3990,5.754170671990235
3991,2.2251357326375474
3992,5.804724450595671
3993,7.9147307892201315
3994,4.169592520421351
3995,4.235637055242669
3996,8.651341799059827
3997,7.880765425846864
3998,5.566019781235553
3999,5.260361425875336
4000,4.601117166087274
4001,5.658608550312318
4002,3.987483056878879
4003,4.322511016570146
4004,5.175672435554567
4005,5.326212821235522
4006,6.939612013094308
4007,4.88490014938031
4008,8.713093496466929
4009,7.27137454906147
4010,5.731948023105478
4011,6.817819324117476
4012,2.4602562847009013
4013,3.062087456810061
4014,3.337877272808178
4015,5.253075996179326
4016,4.12785922595061
4017,3.3283477367250454
4018,6.495572111271547
4019,5.725410766492146
4020,9.149535844883868
4021,2.288595416854574
4022,8.26493483004551
4023,5.722467345666836
4024,6.409326805783128
4025,2.1263941727586135
4026,7.520933016094686
4027,8.172969383545137
4028,5.3298930374120586
4029,7.266096764353234
4030,6.136330662033375
4031,7.909488719180375
4032,5.034717678989741
4033,9.048582746926197
4034,6.585267391508068
4035,6.360110490528285
4036,9.802296566372256
4037,6.768583965692674
4038,5.518404356188041
4039,4.7576827955082726
4040,3.20546193012712
4041,8.301973026206689
4042,7.218337037709908
4043,8.189511701799484
4044,6.339343791860936
4045,7.819928982761187
4046,5.005501419667643
4047,3.2371111373447725
4048,7.217721153541323
4049,4.125549036225363
4050,4.972923338423087
4051,2.2314822521258577
4052,3.978889828926756
4053,6.043245455632647
4054,7.9342556714221715
4055,4.277530016542644
4056,6.711755942097471
4057,7.676092248073804
4058,8.211373034422058
4059,6.726656515168091
4060,8.00898141707668
4061,6.605902620302278
4062,3.0310615644284042
4063,7.578000467468716
4064,6.196252293213007
4065,2.530570143363128
4066,6.551030134559536
4067,5.439873919047918
4068,4.892155845958431
4069,7.697305064553518
4070,7.250075376262969
4071,3.158803151551271
4072,7.347938159325422
4073,8.026798034462804
4074,6.204275997331203
4075,6.504943271586475
4076,4.0046414798451355
4077,5.788122774231886
4078,6.733764298879702
4079,6.638298913156209
4080,2.3134571844196694
4081,5.4852728464782885
4082,5.341675980179751
4083,2.0245872292436298
4084,6.974144922432711
4085,6.24281149267308
4086,8.03275893571261
4087,5.596024250632209
4088,5.959889191896426
4089,4.885167243077381
4090,5.072648187226223
4091,7.751093225056145
4092,7.925553084872783
4093,4.534693376031638
4094,8.497585789370305
4095,7.261619147048269
4096,7.288495609010966
4097,4.601073946008198
4098,7.906762778675591
4099,4.998654037040797
4100,1.2379322688037013
4101,7.247874221792958
4102,6.910708695666944
4103,5.351212491604688
4104,3.3828120069353695
4105,5.80788264239988
4106,7.592031287015936
4107,5.019314831626052
4108,5.9135493707838975
4109,5.541152048453046
4110,5.563353287914568
4111,5.154538331119323
4112,9.071256634949039
4113,4.245142274764963
4114,6.895903447810808
4115,5.871723946520348
4116,8.88344737313108
4117,6.36585692990141
4118,1.5768478078962338
4119,6.314566471126646
4120,5.393964816385518
4121,4.789122402046701
4122,7.8540154756786125
4123,5.5990764648626925
4124,8.58629088672918
4125,4.832068232114697
4126,5.13633589159572
4127,4.210195764577774
4128,3.901487729602473
4129,4.379322063599639
4130,3.5544300186416287
4131,6.380802747296647
4132,7.525604699421209
4133,4.874153611993977
4134,2.6233413926863065
4135,6.076940395498552
4136,6.124854751933761
4137,5.124268877378045
4138,1.9789192273717482
4139,7.043337906421997
4140,4.002864977470143
4141,7.818908952614795
4142,3.765988343936588
4143,7.8426069971649195
4144,4.448765608645045
4145,5.407486013025073
4146,5.9703606628407435
4147,4.704718017849896
4148,5.8226194795243815
4149,7.083330787816086
4150,3.3184556031946517
4151,8.72843870112085
4152,2.405053771243149
4153,7.44592804513269
4154,7.489796789540135
4155,8.205375132896204
4156,2.7658551496937864
4157,6.103785504339299
4158,4.465081414110493
4159,4.336741033061194
4160,5.8498600317484035
4161,6.793327514597692
4162,5.1796887006280805
4163,5.641623601461682
4164,6.254181783046432
4165,2.940834721658927
4166,1.3024153756806447
4167,6.462357615526881
4168,5.216956828874768
4169,5.155229170158747
4170,3.1761037458783483
4171,2.8628480734084705
4172,5.2304474880325005
4173,7.965833306855339
4174,6.632880297645964
4175,7.30732458232364
4176,5.120123801189573
4177,6.493317211388547
4178,3.290961850553088
4179,7.3672392926164
4180,6.882245853025943
4181,3.5826718614281425
4182,7.621263813600731
4183,4.992947004742679
4184,5.286408052962203
4185,5.308698074100965
4186,6.537361909624648
4187,8.43211042228185
4188,6.967604809657373
4189,7.78468797169927
4190,4.4850743402610505
4191,6.982065993435553
4192,6.938166576655236
4193,5.545662392260736
4194,2.9590906369082
4195,8.49082649502183
4196,7.098898141020621
4197,3.1313812890088375
4198,3.7852026454346532
4199,9.410163526205492
4200,5.863946499870011
4201,8.62386860339397
4202,7.0582485783971585
4203,5.906258790132554
4204,7.6470299998974856
4205,3.6463462338565797
4206,5.605651180803909
4207,7.611480131214019
4208,2.7101909175663788
4209,5.725919770515015
4210,5.011126010282736
4211,4.724307060861752
4212,7.526561935419424
4213,4.477307160714617
4214,6.254090327822361
4215,5.539416237081628
4216,6.343051877339527
4217,6.5983285232888225
4218,5.262843623256684
4219,5.741203372564164
4220,5.85957796266729
4221,6.6332324478594975
4222,5.11573399328925
4223,7.499420581624704
4224,4.43135280550481
4225,4.646132768419481
4226,7.239863229680265
4227,4.188210104143407
4228,1.357023249736661
4229,3.391939592800221
4230,5.500125339828805
4231,4.812536489071807
4232,6.382012727950978
4233,3.5491813293767764
4234,7.037493369008445
4235,6.202754809298705
4236,7.528975127038786
4237,6.900257552027374
4238,5.8619531225877335
4239,7.916836779433671
4240,8.303700535500349
4241,7.2831368890470305
4242,7.599742212942282
4243,6.4740255282232635
4244,6.5209793295712295
4245,6.749160722694855
4246,5.419525260256634
4247,7.914991110478258
4248,3.6609282437501816
4249,7.922041536564293
4250,3.480936268108481
4251,1.9833350008766653
4252,7.75046783456142
4253,3.8560774418238344
4254,5.231948833675656
4255,4.49499394043096
4256,5.831221851890072
4257,5.062888581788365
4258,8.463485981952447
4259,9.275153016140752
4260,7.0551313318597435
4261,1.9615338254560717
4262,4.9630280235959106
4263,5.608386264570306
4264,3.356482151173755
4265,4.547932005651465
4266,7.205452246682085
4267,4.417889511720613
4268,7.140588643181331
4269,4.997360153311017
4270,3.4350963195354165
4271,8.68820076521223
4272,6.983686739251125
4273,4.283734712542362
4274,3.902397839281158
4275,6.289875168144986
4276,5.6326654698484795
4277,6.990813226075268
4278,6.715279642679145
4279,2.627622152155247
4280,8.32308768073019
4281,8.507284808401238
4282,5.399133099665139
4283,4.867527673843598
4284,6.995657646058087
4285,6.432273105494657
4286,5.148886650352381
4287,4.318740034054107
4288,6.111408332850128
4289,6.329326264486968
4290,9.172453290150134
4291,5.408843896474764
4292,9.224733101510418
4293,5.530205218788454
4294,7.454348198036381
4295,4.647076835330666
4296,5.219868458613297
4297,2.75488058723371
4298,2.193479909193069
4299,3.538075781624447
4300,7.267580733102887
4301,5.39813613472031
4302,8.128220741444924
4303,6.324142062309436
4304,4.4782007359216065
4305,7.470976049588562
4306,8.23815181203944
4307,6.903604123100277
4308,6.601161016281608
4309,5.060932821790205
4310,8.234144996589219
4311,6.8056730907499965
4312,7.818666300105626
4313,6.320412923534033
4314,7.876986836671815
4315,4.626851595615264
4316,6.28595150812896
4317,7.047022690399929
4318,6.034801029208937
4319,4.602608520347819
4320,6.0562503254048945
4321,3.593153486484639
4322,8.203686205253552
4323,6.440035626483883
4324,4.087550455156934
4325,8.44424513348649
4326,4.617988805439439
4327,5.921257307208307
4328,6.51237849430787
4329,5.093214138419758
4330,4.747345587084646
4331,2.3562777349737822
4332,3.6269341206683485
4333,4.1249489210009616
4334,7.018001452566687
4335,5.295236420541598
4336,5.122267190494255
4337,4.864501930638902
4338,6.883295121186897
4339,3.9695155736241574
4340,6.337177379481721
4341,3.3317062895722462
4342,2.779458739740938
4343,3.3560312223825735
4344,5.07851796617825
4345,3.4978996062710115
4346,4.031544437248702
4347,5.741155407857717
4348,6.534062662929764
4349,6.742851002765467
4350,8.335630528968167
4351,8.498559458287673
4352,7.506137458872141
4353,5.692921285636601
4354,4.576015156404987
4355,5.847457150543028
4356,5.493529736497961
4357,6.422409729261072
4358,6.100811324880448
4359,6.394132911663244
4360,6.145248634815017
4361,6.4757017307469145
4362,8.379323849646449
4363,3.1410885655327396
4364,7.589606986820217
4365,8.722036353409267
4366,8.219300648372835
4367,4.230955181234958
4368,9.62778031832686
4369,3.1993736392810352
4370,4.911041460024137
4371,3.4082354342357335
4372,2.5474116518406342
4373,8.943024177920496
4374,5.199415497364289
4375,6.500137369860251
4376,3.2690803585726504
4377,7.078019498979174
4378,6.713294937097057
4379,6.2092981576553195
4380,5.474076703580751
4381,6.2253267299875015
4382,5.977467463154692
4383,5.393701930428244
4384,7.9316368765624325
4385,6.681806576201024
4386,9.555371733632668
4387,6.060190842271056
4388,7.084997517268728
4389,9.244541526738288
4390,4.060309649935259
4391,5.426747496567192
4392,9.290033200232134
4393,5.58992701564976
4394,9.175232164135329
4395,7.144253561483824
4396,4.8460145019665175
4397,2.3838000057793325
4398,9.507519365179899
4399,6.746231825978273
4400,5.525004087497313
4401,3.636419961044222
4402,7.151664002809021
4403,4.512407158406551
4404,9.42376276613271
4405,8.174362942398766
4406,2.263556687486077
4407,7.958010380816006
4408,3.480345876248588
4409,7.168338408055198
4410,4.956473818051152
4411,3.115823939772727
4412,4.55813814010567
4413,1.378134075406958
4414,5.066290794645972
4415,4.2158919932127645
4416,5.291295526419901
4417,5.548932257991176
4418,5.0964624646356045
4419,4.285661866950829
4420,4.589635562834758
4421,7.348830865320485
4422,6.512618962456478
4423,7.002889004553842
4424,4.6713745887106395
4425,5.393531141021313
4426,8.509110490355981
4427,4.2262420083500505
4428,5.092311401808155
4429,6.439404957532004
4430,5.308756033093351
4431,3.9531925407458504
4432,3.4520652036746013
4433,8.271622894987262
4434,4.660558895099616
4435,6.367246712660834
4436,5.743081246709781
4437,2.1934804354070403
4438,6.505483033195451
4439,6.295041600978342
4440,8.135592939025052
4441,9.196209846465962
4442,6.008298534016025
4443,8.880916006411717
4444,7.247925454521794
4445,3.984537152987758
4446,4.784171438837192
4447,5.7747887232448605
4448,5.69055545088903
4449,4.940653035826519
4450,3.79676331405932
4451,7.145840766076763
4452,5.523882245495303
4453,6.066143107799361
4454,4.205038573459593
4455,6.2449729100457745
4456,8.306025166717907
4457,6.988242961782844
4458,4.672329061563737
4459,9.318539963033983
4460,7.60186309159361
4461,7.227871535864732
4462,3.517601295641395
4463,2.7698643937419085
4464,5.694684810623627
4465,4.49909111193487
4466,8.143337495262616
4467,4.331076768303911
4468,6.8289889734478875
4469,8.675124893191226
4470,6.1508024659380425
4471,7.811174721986813
4472,3.699613038286251
4473,1.6263032948625318
4474,4.8489422585292274
4475,4.874749359574005
4476,5.660512538327239
4477,4.0977446792012024
4478,4.001053080261921
4479,7.3251609829898285
4480,4.506728204563772
4481,6.333699102562149
4482,5.721620222035489
4483,5.324174042416974
4484,7.569790411074495
4485,6.846111188282217
4486,4.537066551917014
4487,9.688570051425312
4488,5.3614258026602775
4489,6.479717826107413
4490,5.472256163163685
4491,5.594490480450942
4492,9.51209100680938
4493,5.061902820776553
4494,8.39202155264543
4495,2.6007877258954437
4496,4.796066647359999
4497,4.574151400851989
4498,3.3246183943141934
4499,3.822288947123372
4500,6.116586279157173
4501,6.0988370182025395
4502,2.157453164285635
4503,1.8429900370803827
4504,4.455990828780115
4505,7.427235960439315
4506,3.404906534374862
4507,8.567223267669405
4508,9.033685756870439
4509,6.323481527810722
4510,4.475714579486337
4511,7.281092850639814
4512,7.321345148834157
4513,7.201061385552876
4514,8.89928689499516
4515,8.137713436122517
4516,4.274405194798264
4517,6.667549466590315
4518,6.664776977209041
4519,1.1805367638953772
4520,6.848266183595338
4521,5.126201705604763
4522,4.736110183611522
4523,6.895039999742514
4524,4.573690311084043
4525,6.934577522747023
4526,6.641835308513112
4527,8.000104181567302
4528,7.375013651879752
4529,7.016096847972608
4530,7.211352888045392
4531,5.178404114870731
4532,2.9435397933668104
4533,9.542759400886634
4534,9.353942173559046
4535,5.791164682376911
4536,7.541101023975029
4537,8.292139807966446
4538,5.754060588015951
4539,7.040381667192433
4540,3.0975269885018264
4541,4.500016008826533
4542,4.063341368420249
4543,4.05222193769524
4544,6.857955059573367
4545,6.1191163061602065
4546,5.316384582018144
4547,5.272903631027087
4548,3.756201349717488
4549,8.929622484480944
4550,7.071920405089275
4551,5.065405603562937
4552,4.554860942888216
4553,7.911370999014122
4554,4.264631096305232
4555,9.83793515975391
4556,5.5789542764128
4557,8.469110221874006
4558,3.276154201324907
4559,7.995954607181918
4560,6.636350909903762
4561,7.393703788707304
4562,3.608433473600687
4563,3.993429470192676
4564,7.7466132594692105
4565,1.9897474990312678
4566,7.89277367637809
4567,5.30817267800932
4568,5.221301617110674
4569,6.067520044031823
4570,5.893483888351124
4571,3.9035870636858716
4572,6.666372321879795
4573,7.092716070385189
4574,6.10858233140827
4575,4.043604780943547
4576,5.991437080070451
4577,4.521385007296485
4578,6.395012424851554
4579,7.350113763819541
4580,8.520756914842872
4581,8.539472071356595
4582,7.888024645256838
4583,8.661549965073263
4584,3.6059072779973396
4585,7.106502722393339
4586,7.627454864054231
4587,7.49200698042818
4588,8.048859118603241
4589,8.17817112705742
4590,6.100255191544709
4591,8.129821656972396
4592,7.189074645721863
4593,6.413351299899118
4594,6.172994502226687
4595,2.6459901681451625
4596,4.055536079595356
4597,7.059014379824989
4598,7.404080720813771
4599,3.381963818963902
4600,6.975581469156888
4601,6.139239454364014
4602,5.401932169357173
4603,8.259457438851483
4604,5.335325674935421
4605,9.28855539343025
4606,6.31872667371351
4607,8.23366483077564
4608,6.92636673107478
4609,7.179267519449956
4610,4.201609896650041
4611,5.300268571088498
4612,3.390832873943431
4613,4.02992718605186
4614,7.529264042399814
4615,6.904653242655439
4616,7.51443509087601
4617,7.774600137051689
4618,5.773387542217343
4619,6.442351381766334
4620,9.23332264330013
4621,6.881207873856759
4622,6.501734915871755
4623,3.7710651123888033
4624,6.024486174389137
4625,2.1195364206216483
4626,6.924484962389901
4627,8.848305521327465
4628,4.539033509837201
4629,4.6095694681494255
4630,6.102064771485216
4631,5.132192200313653
4632,5.644202954820697
4633,8.418129347178201
4634,7.155453315705181
4635,5.459397987286184
4636,6.01940662582488
4637,6.102575803271802
4638,7.346527890548834
4639,5.288855253855823
4640,8.980523586351019
4641,6.487546682471497
4642,5.650801316764911
4643,7.29277608713673
4644,4.8802694263292015
4645,8.572893821697933
4646,6.47871560892565
4647,3.532779881021443
4648,5.934025031521021
4649,7.371766931799195
4650,5.488520557372368
4651,8.95131517756709
4652,5.713990812033987
4653,9.337657585659509
4654,6.603980007710834
4655,7.896489310010025
4656,6.8617970306280105
4657,5.360089323316737
4658,3.697805187104343
4659,8.299997527480123
4660,6.884223697792397
4661,5.905314522985234
4662,1.6355492228359596
4663,8.45759269981673
4664,6.203696177105428
4665,3.9883938640083745
4666,7.246722002718852
4667,4.608351314862206
4668,8.21759642812545
4669,5.2627731011883565
4670,4.745179411166071
4671,8.19699151263058
4672,4.3934405943724055
4673,8.604664773920433
4674,8.719106500417885
4675,3.0410577182026577
4676,8.000956837308332
4677,3.1422737386855397
4678,5.9433387822761485
4679,6.155932284017556
4680,6.180046999621311
4681,7.024913595408173
4682,2.108413620894509
4683,8.207767877022253
4684,8.470503383475323
4685,5.655925418180256
4686,7.932651680757694
4687,4.117311166735115
4688,6.749499508065874
4689,9.737138081570443
4690,4.076766415737896
4691,7.223929649366738
4692,7.144163624945892
4693,7.847837507114429
4694,5.545890936272682
4695,5.267975722349758
4696,7.594691598871053
4697,4.400368681295162
4698,7.864438970028525
4699,7.0314611835860505
4700,3.8846257257515653
4701,4.930648519727592
4702,7.205561162477018
4703,5.032845318199623
4704,4.9685929249301
4705,3.562066145378053
4706,3.3095572375572746
4707,5.106319258994852
4708,6.096773257086345
4709,4.261182765864744
4710,7.526861373908439
4711,5.237420668549747
4712,6.506607701718172
4713,5.045524064216827
4714,5.3190408695012685
4715,3.8864472640716974
4716,5.805769311294243
4717,4.314616816359036
4718,5.667306874295733
4719,4.080389884764097
4720,7.4849279652794785
4721,1.923257842145945
4722,4.84346627722341
4723,7.796419145078145
4724,5.834711187605713
4725,4.43598921301129
4726,5.2299427711763595
4727,4.283402782882117
4728,8.314109510174896
4729,2.4339812973459622
4730,6.70718292672107
4731,5.590777268841057
4732,5.654384907565319
4733,8.511764000246474
4734,7.27696160901599
4735,8.101556514564901
4736,6.668950453015512
4737,5.787136443155331
4738,9.174970800772748
4739,8.62208166312633
4740,5.6491308224380425
4741,7.2261092484693945
4742,5.64857505267225
4743,6.066264907454245
4744,6.187912693230457
4745,5.934564058059555
4746,3.5119441000524354
4747,9.158748973730798
4748,4.9268484606832414
4749,4.746383386382261
4750,7.769802296169412
4751,6.449125531148347
4752,7.166586396288346
4753,0.8920604616915719
4754,7.230439305269656
4755,6.751921054634591
4756,5.426189087171008
4757,8.065140168306186
4758,8.575701884835006
4759,4.7380823095718805
4760,3.7109967810331623
4761,5.762729625704861
4762,6.525032680110671
4763,6.499496309736481
4764,4.997087730481715
4765,7.103663696851758
4766,6.518926508992923
4767,5.707863942839541
4768,4.9505052521719595
4769,2.76606519864435
4770,3.1793120286583525
4771,5.30581783818229
4772,6.835589126706879
4773,5.856926039562997
4774,4.5338916982580955
4775,6.8563686958732655
4776,6.489012242434221
4777,6.852961561169461
4778,5.973812656391895
4779,9.263288650295044
4780,6.264036295663853
4781,4.513395585501692
4782,7.2208286709231535
4783,1.8614571671179048
4784,5.109344303510639
4785,5.2425244875008215
4786,7.507225092919525
4787,6.310017836168452
4788,8.840413865323546
4789,6.3144511308016815
4790,6.233397154551257
4791,7.789765214476802
4792,5.348403839480468
4793,6.434140548935142
4794,6.195957815255234
4795,6.443573781301925
4796,5.930015573910948
4797,2.9373765346852547
4798,3.4110254515132765
4799,6.144455613739099
4800,4.982366347950349
4801,9.383853981786155
4802,7.4274006387953
4803,4.916011528511203
4804,6.334295847813539
4805,6.181857965904218
4806,6.420732851599243
4807,4.783199488634661
4808,6.18742893203803
4809,6.204555106131473
4810,7.097014911908091
4811,2.62905563352275
4812,3.7959452198527908
4813,7.20440145939745
4814,2.7393568322610724
4815,6.383622870876182
4816,5.427811667888263
4817,6.3388845917977665
4818,5.851875472974125
4819,5.1761441967870505
4820,7.939174295477429
4821,5.654409254675031
4822,4.505887795876757
4823,6.5710549272059255
4824,3.691821915390914
4825,7.970408027680057
4826,7.347765590238135
4827,4.900297378166462
4828,7.895815008046933
4829,7.073974112794153
4830,4.83060999386029
4831,4.711081371015024
4832,6.699853695354479
4833,6.016721194291286
4834,3.539802238723956
4835,4.6698840800112045
4836,8.387155536041229
4837,5.30536739034252
4838,5.592442500792451
4839,7.804421064529423
4840,5.835817675214279
4841,1.6765117178177669
4842,6.773289409012842
4843,7.729225530109137
4844,7.186823201582985
4845,7.7795364231173005
4846,6.743716015812496
4847,5.20099171076184
4848,5.623666129842735
4849,3.3108849961371094
4850,1.6310256405350132
4851,7.544407368270391
4852,5.826449449891868
4853,4.149209033524008
4854,6.9681688326746265
4855,5.358194904412795
4856,2.8547850425309957
4857,6.460215547627485
4858,6.041448296066636
4859,6.525925942045234
4860,8.723563666284054
4861,5.769750368247881
4862,5.568343351396145
4863,4.539063839754025
4864,6.6002480133613215
4865,7.039097320760963
4866,2.1206190809695045
4867,3.402312441507677
4868,5.962006914407424
4869,5.486940140522365
4870,7.355004690046644
4871,6.940152357018178
4872,5.597542031241085
4873,4.442750477563485
4874,5.3989003264375635
4875,6.9861330625154485
4876,9.052582176088245
4877,5.740949029810942
4878,4.765072787630319
4879,5.77429356895805
4880,7.0026812359813935
4881,8.812899736655098
4882,2.2997872482247157
4883,5.104981413440452
4884,5.703924487467653
4885,6.947939201285414
4886,4.3025547811397855
4887,9.643555454674635
4888,8.50128953615854
4889,3.6141770782190314
4890,3.702523035265825
4891,5.392824169809428
4892,5.499894417253374
4893,4.890732108640522
4894,4.951341701737965
4895,3.8098126255555322
4896,5.57970760327807
4897,8.13407102769897
4898,7.561117374301835
4899,7.230648888115891
4900,6.469623780005754
4901,5.2911084908772485
4902,6.437530778762737
4903,5.284284818570388
4904,5.538663957313196
4905,5.787767564536014
4906,5.424372719607966
4907,8.414204974130866
4908,1.9859801572575928
4909,7.940789626611059
4910,8.19458497356369
4911,6.183475371489752
4912,5.6465230128206105
4913,6.847671906464117
4914,7.489265285679933
4915,5.01615320407328
4916,3.6711748546826497
4917,5.777921854757678
4918,4.182700012510726
4919,7.456641062666398
4920,6.054783081548151
4921,6.705786265833888
4922,5.181201865051639
4923,5.532029996548286
4924,7.824647175482768
4925,3.146090634090426
4926,3.1857454279876225
4927,6.11045008245979
4928,5.5828212750177
4929,4.515675800737991
4930,8.244101875062634
4931,5.35669719140689
4932,6.488616440744275
4933,8.208210445299656
4934,4.608700237250973
4935,7.747030303772375
4936,4.984289190095864
4937,6.786472518832239
4938,2.43549881535953
4939,2.4221035330328937
4940,5.968291884396973
4941,5.217557915251776
4942,4.417355619843022
4943,6.264440541780508
4944,8.997541654261468
4945,6.462206751392799
4946,5.607109960930451
4947,8.07130205458324
4948,1.2978101154655284
4949,5.587885918031984
4950,2.7639418872301196
4951,7.761204932950237
4952,5.410308400384018
4953,6.2607545052691975
4954,4.794074211394326
4955,5.325801686192554
4956,6.690879878346231
4957,7.565005888852201
4958,7.238977089263504
4959,3.3784060646212373
4960,5.853804827631735
4961,2.878644442438997
4962,7.806294127321735
4963,6.0802649900074375
4964,4.5500628207496865
4965,7.45492818717441
4966,7.401288312236035
4967,7.413462036713716
4968,2.547961564982015
4969,6.305265398653287
4970,7.232040923651938
4971,5.329924713795873
4972,4.919461430338258
4973,1.419003382750606
4974,3.239110582660166
4975,8.368276328055678
4976,3.2568500704001138
4977,8.04739055959125
4978,5.769608957180301
4979,3.199535656931147
4980,5.948113309480132
4981,6.105149010835084
4982,6.808862949257499
4983,3.8095397449124278
4984,7.991268713667456
4985,5.305534103410176
4986,7.489691478855634
4987,3.834067487663572
4988,3.2975342989458896
4989,7.12929880006798
4990,8.116204079519113
4991,6.10901650079661
4992,5.520956281153108
4993,8.19273408630985
4994,6.28166084959648
4995,6.870821718609063
4996,7.51583510303961
4997,4.597736244597062
4998,6.209482804953813
4999,7.319334081478571
5000,4.863784232951798
5001,3.625709938952567
5002,5.108479790693886
5003,5.411175660894351
5004,5.944824585925189
5005,6.8036533770243555
5006,4.798094746501732
5007,7.984791053137249
5008,3.6532801518043483
5009,6.348924226228302
5010,4.349675230120963
5011,6.9663126293557
5012,7.972593504794558
5013,3.501250058848634
5014,4.522028937067722
5015,6.239112657605051
5016,6.666284915190918
5017,4.732860203104277
5018,6.324642717334065
5019,7.595752074478381
5020,7.716354085220058
5021,8.631145709752376
5022,5.591656600306259
5023,4.893541150692132
5024,6.919480404291679
5025,3.5817459486977494
5026,7.636964496897303
5027,6.044530225628579
5028,5.173451483992816
5029,4.354438326323543
5030,3.8347455642150092
5031,7.390715966400025
5032,8.848136576207144
5033,6.366086653683952
5034,8.809082917131008
5035,3.319818092829316
5036,5.6318607733583494
5037,7.247671865608043
5038,9.887892165672813
5039,6.350571234188619
5040,6.154143560171793
5041,4.604432090647591
5042,7.821962429903879
5043,8.30620085635185
5044,5.425516815799441
5045,6.267587892876696
5046,4.02718824502607
5047,4.234305878555017
5048,4.542520613852912
5049,8.531239258757541
5050,4.051400849768013
5051,4.172986713899217
5052,4.870932834891058
5053,7.312855305772763
5054,3.21552850939818
5055,2.0951424786697337
5056,7.283018678035733
5057,5.8622599831135505
5058,5.598821445777361
5059,4.746070804215956
5060,5.5608434722002285
5061,6.380810180490892
5062,7.039687140360906
5063,2.2011996486702197
5064,8.92465009567866
5065,7.704356363619148
5066,5.665075385926379
5067,6.316866805552214
5068,8.692644932277837
5069,4.4859753929999755
5070,8.675305022844043
5071,7.475528495727232
5072,7.08268852355344
5073,7.5517007613156535
5074,5.079317777188712
5075,4.628864026478694
5076,6.081071766082976
5077,4.249247497359675
5078,6.15731868664291
5079,4.062574384729035
5080,7.412083114978785
5081,7.556044660381464
5082,4.023567689306571
5083,7.011772112753248
5084,4.052374445124299
5085,2.3885612676246293
5086,5.589274117239859
5087,3.7766395768614203
5088,7.660670812764552
5089,5.676642479770072
5090,5.869250457459792
5091,6.024088456411223
5092,3.9026315079754093
5093,8.329323503857687
5094,4.8025109907581305
5095,4.95614662703278
5096,0.847081493660507
5097,4.608433456402746
5098,5.518429753745172
5099,8.518114613514726
5100,4.572343006925131
5101,6.26764981011184
5102,7.85856923282271
5103,5.948795993116345
5104,8.865143099007655
5105,2.6519745138588986
5106,5.933098926558408
5107,5.7724556667969456
5108,4.781335004001118
5109,5.420532267432133
5110,6.460647568863637
5111,4.738468722500761
5112,6.707394030875382
5113,6.282125529808082
5114,4.5729007789282035
5115,1.4960339902380777
5116,8.791794777928768
5117,6.179027061963825
5118,4.627044290151632
5119,4.083279662471342
5120,6.456680959819138
5121,5.744364350056373
5122,7.33997641840441
5123,8.223837161763756
5124,6.681449489288062
5125,4.306479567284452
5126,4.2174114941595136
5127,5.332424799621881
5128,5.588197891094888
5129,7.60801395268098
5130,6.22313994709755
5131,8.85143076918848
5132,4.318951580629563
5133,7.764637076612905
5134,4.360348530516844
5135,2.8061812113170954
5136,7.514509145483956
5137,6.336770121923948
5138,9.168476877616357
5139,6.109568717144942
5140,5.073538255530197
5141,0.026463185105149174
5142,5.841002706133933
5143,3.602019004528365
5144,4.877387209027877
5145,6.974772051617885
5146,5.3552672815293665
5147,5.289871794393355
5148,5.9860324433337855
5149,3.4068700332162933
5150,5.316626205706265
5151,6.64908730785509
5152,8.645551692756996
5153,7.023635506835108
5154,6.016557877271531
5155,5.41133671422026
5156,5.1410600334449175
5157,7.1497370147702295
5158,4.152441980670162
5159,5.267072006613873
5160,4.146414296506081
5161,4.058907632575057
5162,7.498671317213104
5163,4.594770326748093
5164,7.665317378916934
5165,8.091467751467766
5166,7.597813995832543
5167,3.3576790505075813
5168,9.670320309031162
5169,0.7954982283724858
5170,6.201773941280754
5171,4.608011229271151
5172,5.881176395425376
5173,5.783883678801319
5174,5.834307316726258
5175,4.76931215869433
5176,9.389331847953652
5177,8.858186477239423
5178,7.989919182042279
5179,1.0897896175916293
5180,5.706781310398374
5181,1.2398034864201795
5182,6.513429827551248
5183,6.4492399178826485
5184,7.31722970999008
5185,5.355529726574638
5186,5.136763960011693
5187,6.024955928242946
5188,5.022813613405334
5189,2.7672278178264076
5190,5.867072520247645
5191,5.639801312109845
5192,6.2301178491307905
5193,7.542487600609921
5194,5.394448495096192
5195,3.4315287740126896
5196,4.286329443627723
5197,4.385458302752567
5198,3.7596433572570938
5199,5.44074060636728
5200,5.503672373854188
5201,6.050772338178341
5202,7.396595843088036
5203,3.1340327105641324
5204,5.311761683313392
5205,8.952647436775111
5206,2.7586093388936073
5207,6.99533234980679
5208,4.255457367614004
5209,3.66219195567842
5210,7.296063174474629
5211,4.690258076007296
5212,7.4843672173900515
5213,4.406395884398793
5214,6.9776243772238296
5215,9.21040754440618
5216,8.35637133591041
5217,3.2213846277046696
5218,7.076326018974131
5219,6.378108905502996
5220,5.89686509975597
5221,6.58860884297194
5222,2.954791750859891
5223,6.251918185430104
5224,7.415130479529539
5225,6.912012553292827
5226,3.7464473313420847
5227,4.964468956422889
5228,7.00556886969096
5229,6.283834486245049
5230,5.764807556883353
5231,6.108240775752621
5232,6.5909288445837735
5233,3.5845132221454072
5234,3.5984231248093024
5235,7.724535227815349
5236,5.369837984659394
5237,7.259107950160272
5238,6.862507658233539
5239,6.673130551128669
5240,4.778833782101576
5241,7.455240997055058
5242,8.70698266145475
5243,3.634628582096329
5244,5.785707714534938
5245,5.125345035359903
5246,8.157433701221287
5247,7.853671660722284
5248,4.417798026650733
5249,8.506566425716704
5250,7.089520469162688
5251,6.603446885927577
5252,6.2342865516834
5253,7.021174025772252
5254,3.4218071495177704
5255,5.573590292459966
5256,7.403342470556925
5257,3.169965045219592
5258,7.378254575920324
5259,4.153508225458437
5260,4.265018207422959
5261,7.743904006517138
5262,3.755924651233168
5263,6.361786012687551
5264,6.5367237341273725
5265,7.438065959941941
5266,6.349407678217924
5267,6.808413124984454
5268,6.35555554046917
5269,6.132786544513043
5270,10.0
5271,6.202476171818234
5272,6.735591836509662
5273,4.814425328950225
5274,4.726701861361952
5275,3.0045889540945496
5276,5.147880379023669
5277,6.035290218053253
5278,7.4878546648876085
5279,7.593335517625525
5280,4.792607127219049
5281,5.958079162799297
5282,7.97209403028421
5283,2.4615789046813448
5284,4.528864708297654
5285,6.092492376644918
5286,9.260046969188233
5287,8.621856059401127
5288,5.853824859777866
5289,5.6171808681989965
5290,6.45557950839091
5291,5.469332809335139
5292,7.1864383376914365
5293,5.481761990690754
5294,5.462926621419145
5295,5.267290944106939
5296,5.7157541750646885
5297,5.808911013452415
5298,6.2628066864111425
5299,9.246082454551836
5300,2.354595295095172
5301,7.5729031814761
5302,4.148544862968839
5303,3.135919847831929
5304,3.695011056331859
5305,7.8733026088694
5306,4.410680896473226
5307,1.9328715716075875
5308,7.759630575939511
5309,6.04147767114633
5310,5.158657256298436
5311,6.4342411926796705
5312,6.447390208020378
5313,2.314415569091965
5314,7.2591107840008515
5315,5.260176920680177
5316,5.778276544608022
5317,3.9439187180187956
5318,5.183250004219758
5319,3.9966203523360218
5320,8.355243398369135
5321,3.067449453545633
5322,6.3522997851234235
5323,4.803089020051345
5324,6.55065534804705
5325,5.569302812721621
5326,6.421517717087651
5327,6.259523334913228
5328,5.598510889083564
5329,7.438037953421802
5330,1.8230379566564183
5331,7.83882256217136
5332,1.9731316552289677
5333,4.328887423982296
5334,4.7695832009274035
5335,3.2306769798008017
5336,5.80579078901647
5337,4.446369882722725
5338,6.635523438879748
5339,6.364711306656429
5340,7.587871145049721
5341,7.69417907412133
5342,2.6251596745876675
5343,7.567998227156707
5344,5.450024568716427
5345,5.714684497478298
5346,5.17500918221267
5347,3.466020086147756
5348,6.467555718724757
5349,6.661340013688153
5350,3.6715479589963382
5351,3.856545641514116
5352,6.3383241453165455
5353,6.774352646116078
5354,6.719249388781446
5355,6.039595664438528
5356,4.854358040497744
5357,2.599527069210835
5358,9.092265135876396
5359,6.621294938315328
5360,7.086729059367244
5361,6.4970949527508886
5362,7.2791487291584085
5363,6.84367430810354
5364,8.719587902096295
5365,1.1341110410237036
5366,7.021624085001989
5367,6.1292244119114585
5368,5.3007784019494055
5369,1.714943658080003
5370,7.679628697389651
5371,8.134249962283677
5372,8.394149819656059
5373,1.903604281656702
5374,4.960264802090315
5375,6.298816121306636
5376,8.114010113220829
5377,4.449884438218289
5378,6.2382205057357165
5379,7.283510466017471
5380,4.838516329699804
5381,5.306299925140681
5382,5.467969507577928
5383,6.7596628705744015
5384,4.611006593398334
5385,7.313628354832603
5386,4.312267665837589
5387,7.948788685732701
5388,3.616037004782693
5389,7.319017364765619
5390,7.08402210006814
5391,7.6170192494925
5392,6.018147263035769
5393,8.800519049665127
5394,6.328360726144715
5395,8.798697813512172
5396,3.4350916953569586
5397,1.477253124658949
5398,6.9295699886931
5399,4.14730335856683
5400,3.4451871010477504
5401,6.447739636411369
5402,8.275547846851122
5403,3.0947395452635735
5404,4.309844020108879
5405,7.772679608939985
5406,6.501027887939166
5407,5.803195248210239
5408,5.230311124807859
5409,6.893698900311459
5410,4.007289888972387
5411,9.948089937028062
5412,3.7193996453311873
5413,7.349518500063086
5414,8.267976087606618
5415,6.4980481250399045
5416,6.670335754327103
5417,7.563850811963535
5418,4.4064313440461325
5419,5.146509543187419
5420,7.414962582858557
5421,6.147405212645656
5422,3.9493287089093982
5423,5.234623428383453
5424,5.081457237417769
5425,4.6128915765476775
5426,5.569586537432224
5427,2.549527566812138
5428,5.888343863391761
5429,8.430462159528515
5430,2.5179119527927
5431,6.109256878537336
5432,9.031992839196388
5433,3.038990897751211
5434,6.215699304345475
5435,6.649963390588226
5436,4.2114541720596925
5437,4.717704714350594
5438,4.146335287576511
5439,5.8912273098359
5440,4.038897354921905
5441,9.335163668288349
5442,7.763186384557542
5443,7.255330606295011
5444,8.577891564365393
5445,6.094861844600543
5446,8.218474689529726
5447,3.9761000829009605
5448,7.412122635497807
5449,7.051455130050514
5450,3.4014017770544323
5451,6.621057425792038
5452,9.82044893296755
5453,4.331526626991654
5454,4.944305998366138
5455,2.9988571220497318
5456,4.373340982499644
5457,5.334918331120667
5458,6.968662570056489
5459,5.475088185541015
5460,4.128837686358776
5461,4.723050572447583
5462,7.174351761403257
5463,6.337937616912556
5464,6.723576565753123
5465,5.799208514556688
5466,5.085338676446101
5467,2.5322778505814467
5468,4.597882087323358
5469,6.417101373739127
5470,2.881414187114625
5471,8.848520457473091
5472,3.0791652091380874
5473,7.5938208439369586
5474,5.779257745425954
5475,4.96697957097247
5476,6.06540340016142
5477,7.803533129841285
5478,5.924779208017808
5479,3.551427202048073
5480,5.217685973241309
5481,8.792151995750183
5482,6.374399749323057
5483,4.737775651912116
5484,7.380953766157594
5485,7.422683418680681
5486,5.87014016352414
5487,7.595238695921396
5488,4.447382232424267
5489,5.366646009930159
5490,2.2357761258801556
5491,8.72419601947535
5492,2.5151257631023443
5493,3.6833073265462253
5494,8.110757931708147
5495,4.196305114231807
5496,4.55587584167609
5497,8.310995764554056
5498,6.941812933749433
5499,7.614835438096549
5500,4.85428676918637
5501,6.388829187231235
5502,4.0187125511076
5503,7.641971838068219
5504,4.454896726180144
5505,7.290963111140126
5506,5.449006647068911
5507,6.298626924994102
5508,6.4115090514544795
5509,4.331311407988647
5510,9.212646926837825
5511,7.446669776128896
5512,7.173118504585662
5513,8.77821156712763
5514,5.590171403078083
5515,8.074879393509267
5516,4.68148697673231
5517,6.730043357006205
5518,4.299648696437586
5519,8.62279713927574
5520,4.396832217631346
5521,7.626333298907533
5522,4.002656116939881
5523,7.041035430003151
5524,2.907988664370264
5525,6.044186049053421
5526,6.967593947841241
5527,6.526487422773386
5528,6.330450635646817
5529,6.464307803470893
5530,3.873471868800772
5531,6.015088534798988
5532,5.503021993678896
5533,6.696682314143667
5534,6.6893162171714025
5535,7.37922052403937
5536,8.84484100049705
5537,6.538814361070888
5538,3.668384115068725
5539,4.104467942804681
5540,2.9947975013413632
5541,5.103635380354861
5542,5.085157615394292
5543,7.094016720522151
5544,5.4270620703758485
5545,7.484138160156924
5546,3.96715672076243
5547,5.835991908359438
5548,5.685143527674155
5549,7.948669006953367
5550,5.566080983108115
5551,6.690904589522559
5552,8.472042530606833
5553,3.394358519528084
5554,6.02608422632842
5555,9.309832910614505
5556,5.727158827326386
5557,6.60604292651047
5558,3.4714804525585374
5559,5.475909091275758
5560,3.919751176663609
5561,4.228511866098964
5562,4.912807961373181
5563,6.655016852330725
5564,5.773684675150902
5565,4.563786762015945
5566,6.004982640448947
5567,3.834975316945465
5568,8.112116741438694
5569,7.454134864036
5570,3.477031467244824
5571,3.9475047271793233
5572,5.685639281668738
5573,5.802554048001248
5574,2.740358656384571
5575,9.54195514230414
5576,6.875754766679476
5577,1.5845926806663937
5578,6.114623922439519
5579,9.478111558880085
5580,6.3885041159869225
5581,5.909453542606662
5582,7.167818590608326
5583,8.664270645533614
5584,8.139325589192886
5585,5.879024259032046
5586,4.57418054234136
5587,2.536988824453255
5588,9.959217829585443
5589,7.0514921224170575
5590,6.879632523680481
5591,4.940049859733133
5592,3.73198873290402
5593,5.85823451575751
5594,6.426036103439113
5595,5.577096390481895
5596,4.061162572473718
5597,7.6513561807938455
5598,8.319836196215077
5599,5.124060720515588
5600,4.806695644973206
5601,4.959859345290699
5602,3.4128571096040172
5603,5.239692707263475
5604,5.0507286955404584
5605,7.214470308800241
5606,4.957811582298491
5607,3.5663227794617596
5608,8.462059387380343
5609,4.494273249200953
5610,7.292783971251218
5611,5.080899844969066
5612,6.771885904777323
5613,5.9672087550543775
5614,3.2922286965332437
5615,5.720983971787545
5616,6.869358953982122
5617,3.869686073153994
5618,4.250205027899797
5619,7.1292246406459725
5620,7.891579959821957
5621,3.7301962879711903
5622,6.77825907894296
5623,2.833853279908318
5624,4.647555337785981
5625,5.50629006343081
5626,6.32365162829877
5627,3.550949644090194
5628,7.727163209635874
5629,7.64832316710269
5630,5.389032568135617
5631,2.9604141581249945
5632,5.096614466015029
5633,5.7761555859715745
5634,6.965774978357688
5635,5.629652874276031
5636,7.102185884477573
5637,9.279321334987136
5638,7.036605471688287
5639,5.506919824626561
5640,3.4306222262324972
5641,4.370367197626429
5642,7.687767080008469
5643,4.682640751932802
5644,6.194992164624112
5645,1.6106511527883065
5646,3.76588431593604
5647,4.822313135418901
5648,5.260490895802851
5649,2.746295652041181
5650,5.878158720475739
5651,3.2968567617597277
5652,1.9647986898008913
5653,6.697905687731728
5654,7.202108769726106
5655,6.154738480125203
5656,8.486598225130592
5657,1.1325193302734156
5658,1.8510763162481627
5659,5.359580500005095
5660,8.37082209946402
5661,3.7764126282459687
5662,7.884836695471126
5663,5.879447029168934
5664,6.0497620436333825
5665,6.771856687554067
5666,1.3292068320649713
5667,7.022848828102263
5668,2.23093315743019
5669,8.933738829681314
5670,4.199875925217988
5671,8.349922636578977
5672,4.841578975311768
5673,6.756125373165151
5674,3.603677886827748
5675,6.428958286725068
5676,7.286554582694177
5677,6.7400380029593645
5678,7.019376715641272
5679,8.790520948236345
5680,6.989884042615898
5681,3.3963168800982277
5682,2.208382613400811
5683,8.387096245018435
5684,7.105852159584197
5685,5.588577648620736
5686,7.803382475197361
5687,4.371837895307951
5688,6.548708498730794
5689,6.297786492938723
5690,6.609388181766693
5691,6.5480664853542505
5692,8.247212460122217
5693,7.177505166040873
5694,6.546726638617482
5695,4.2309056053137875
5696,6.977270759475017
5697,3.719343248730983
5698,7.178018180553267
5699,4.888586681449488
5700,6.834756752848866
5701,1.64728160140675
5702,5.208771386390862
5703,4.6589608310831245
5704,5.73422617507113
5705,6.265647418615589
5706,2.1610218805655177
5707,6.9522819098942135
5708,8.172322200798003
5709,6.994384382282909
5710,7.4623618189376
5711,6.286631499968653
5712,8.422981460854702
5713,6.596656256121209
5714,6.470267505557902
5715,6.87655634729853
5716,1.3846603096635706
5717,6.260242137779649
5718,2.770397071906648
5719,6.347281046203365
5720,5.01998876702678
5721,4.009706615606571
5722,8.711968299657645
5723,5.11717082116716
5724,4.216832185107887
5725,8.283096389346921
5726,5.256443634604966
5727,7.662186692017018
5728,5.2289203877403905
5729,6.573678454725849
5730,2.6374745537250157
5731,4.309736711037037
5732,6.696075366508263
5733,6.602624836339942
5734,7.432939065919708
5735,4.773751125005857
5736,6.636855203548959
5737,5.492621826029831
5738,4.918085033471313
5739,4.253083546818331
5740,7.455909351747054
5741,2.9914331316166853
5742,9.627010931288837
5743,5.7267503387898735
5744,5.0466919150493705
5745,6.964683633947867
5746,6.220446775217643
5747,3.276842816532589
5748,6.342774141125272
5749,4.826213444143382
5750,5.724860031535714
5751,5.438414988687837
5752,2.814210322310913
5753,7.535955471714148
5754,5.986093437606492
5755,6.758227033867676
5756,1.3931021016194864
5757,4.70973719662641
5758,6.643014609326562
5759,9.365798793187476
5760,5.089222196938573
5761,6.232635593008825
5762,3.683807354092247
5763,3.655054086849868
5764,6.687014245273838
5765,6.64303300713889
5766,4.135089669533463
5767,7.816728882998575
5768,3.227022007960302
5769,6.811664549418364
5770,0.2131875230746179
5771,4.936425059605822
5772,7.958230488889253
5773,4.68747576850912
5774,6.37227532177918
5775,5.364387225516181
5776,2.995223001762378
5777,5.7965257691843455
5778,4.60749557554653
5779,7.711265085312062
5780,5.681583727281346
5781,6.285513222507643
5782,2.436967542350453
5783,2.7290265884593956
5784,4.643179544688314
5785,3.16333024238332
5786,7.721352862971221
5787,7.6658982867046435
5788,7.45249505407161
5789,5.953170981325546
5790,8.511639637210072
5791,4.136382242204209
5792,5.512478087052115
5793,6.9772668938246305
5794,3.5962785161765733
5795,8.880238003030106
5796,6.086851398170788
5797,9.626489750754764
5798,8.745116048474005
5799,3.956169184288468
5800,6.537625948418137
5801,5.197519360160035
5802,6.012505358365987
5803,8.35537395505354
5804,4.252915511355819
5805,7.915264202915863
5806,5.8010100090886905
5807,9.470543193524483
5808,7.370936950496315
5809,5.766459242415568
5810,7.270049576098979
5811,5.296204360913846
5812,6.362126250037151
5813,8.894789375386203
5814,5.306684855954705
5815,4.994496970648586
5816,6.6437313609547015
5817,7.11611412536823
5818,5.515620600993823
5819,7.501968453261832
5820,8.19235745406036
5821,9.064387922098609
5822,5.936320797272117
5823,6.798202139240561
5824,7.0875336723910145
5825,7.544025726554148
5826,9.355153816385876
5827,4.821999297417535
5828,8.68125771494495
5829,5.224102645875328
5830,3.114724791323014
5831,5.623473540151928
5832,4.181878344141641
5833,4.7861430497062925
5834,6.056331377246918
5835,3.303229674335599
5836,4.6450353486054325
5837,6.349665648049238
5838,6.463407509030758
5839,8.079833913641865
5840,4.976827370124186
5841,5.02849236435718
5842,7.791615997870734
5843,8.40451759860115
5844,8.385073844167213
5845,9.043925422515152
5846,3.2490542080023057
5847,5.060510072688334
5848,7.660176470707009
5849,5.833639309035513
5850,4.539415868669734
5851,5.7940739138697825
5852,5.496457088070695
5853,6.965635562600344
5854,7.013479264289604
5855,4.547181326944782
5856,7.222525226871263
5857,6.446744908464239
5858,8.89867734377578
5859,8.332493593410652
5860,6.600707759234761
5861,5.450488299815685
5862,5.2302778971601125
5863,5.273219419562562
5864,8.777929391435
5865,6.376872553283487
5866,2.5927393973954267
5867,3.496089634069975
5868,3.5238861816347162
5869,6.584452809430358
5870,2.351523088388829
5871,5.733683545367587
5872,5.561221349464449
5873,6.994702805629667
5874,6.740989274839357
5875,6.417332035799808
5876,3.8382083326031924
5877,6.509727692656893
5878,5.692756657716017
5879,3.607151296059738
5880,6.289984334274927
5881,5.566067281598255
5882,2.505159900727039
5883,4.6727460570275445
5884,7.0643229707961845
5885,4.570063103119796
5886,5.673854201416137
5887,7.756021499234411
5888,9.265241799576415
5889,6.236454820817741
5890,7.086766970173701
5891,5.197311026117297
5892,6.452111633644375
5893,8.496252759983538
5894,5.538927605164098
5895,7.855421514656504
5896,5.931612092325062
5897,4.014480406046129
5898,7.3849066030495285
5899,5.814105305295417
5900,6.584551262396837
5901,5.885957129094709
5902,4.321389244912439
5903,6.723695265241486
5904,8.71682450707157
5905,7.150641082955599
5906,1.491734290206526
5907,5.61762833344335
5908,6.430522688223986
5909,4.2009066109151405
5910,2.5527863710810768
5911,6.3008976047901655
5912,5.628517656794709
5913,6.654690526647919
5914,4.161042482751501
5915,6.872041014520923
5916,7.471458265580128
5917,8.579154571847186
5918,6.632880372315148
5919,3.9979018163322917
5920,7.390733936652225
5921,6.429923961540895
5922,5.836289744023769
5923,4.668996908831231
5924,9.798444392015028
5925,8.742397380046182
5926,6.312253730373717
5927,7.564664805468592
5928,4.127564120458797
5929,6.453940764932079
5930,6.660670947760748
5931,7.402492811985111
5932,8.061541225143424
5933,4.822842338980605
5934,8.025886765498957
5935,3.793256658613105
5936,5.626208942324092
5937,7.170943574969233
5938,4.929555795250778
5939,6.428007416947147
5940,7.662030549237178
5941,7.547413426953417
5942,3.868459004888102
5943,5.865782592825453
5944,7.383070778793389
5945,8.664482443664456
5946,9.758739102191235
5947,4.692712010372961
5948,5.239587727751087
5949,4.5781441908245
5950,0.1508397290604342
5951,5.972941463435947
5952,4.214299204707005
5953,4.87938484340798
5954,7.676095470440864
5955,7.492702140173188
5956,8.801994679214756
5957,7.900565411874676
5958,5.716606900355786
5959,5.823293078503849
5960,5.142966029076142
5961,8.068321979266356
5962,5.043943657047856
5963,3.8734539375426387
5964,4.2881606953366935
5965,5.699403354769374
5966,6.504169450575192
5967,8.578948613007933
5968,3.112050136510468
5969,4.99662378653982
5970,4.857131346982905
5971,5.396902030186443
5972,8.877114534888474
5973,6.303565285016321
5974,5.800006460124532
5975,8.03943612555853
5976,7.475380994408067
5977,8.844374558074778
5978,6.274615911284204
5979,9.346320630499992
5980,5.001928887845652
5981,7.11079026172155
5982,6.511551335928204
5983,7.393305342948229
5984,6.442061391449148
5985,7.598995087636458
5986,6.687907972047584
5987,4.882529392628688
5988,5.556708806876606
5989,4.690485804558693
5990,6.306055467235403
5991,9.0756791433408
5992,5.662249956854045
5993,7.580230239870013
5994,4.206714195310409
5995,3.133874527904656
5996,5.5896527730351835
5997,5.7698230430936155
5998,6.151120408784171
5999,5.344353851335767
6000,6.1559840844382565
6001,7.7039868276410965
6002,6.18635973640156
6003,4.629128478090183
6004,5.09552986502973
6005,5.960155458819502
6006,8.948280431462262
6007,8.6353038775235
6008,9.348922190581872
6009,5.0897885213358345
6010,7.171167029637256
6011,6.08702627701827
6012,1.1101316855352343
6013,4.194801113738122
6014,5.673200032042171
6015,6.309093325217146
6016,8.320478067044176
6017,5.502869130625255
6018,8.66842351291499
6019,8.0689487367706
6020,4.032104422014468
6021,8.934293676800939
6022,6.587668395582355
6023,3.89569327111777
6024,4.609312875620641
6025,6.1431318659710605
6026,8.313478702639069
6027,8.501764217560547
6028,3.84092592913873
6029,7.438897845929535
6030,6.911886091006071
6031,7.509152654872302
6032,9.90257469817767
6033,6.672253160639767
6034,4.958056269241746
6035,6.218628382976765
6036,8.653581168457004
6037,7.854406183515781
6038,6.453779588039811
6039,8.385066179594773
6040,3.8029380610070493
6041,7.255445427909983
6042,7.3583221172316495
6043,8.975635388353659
6044,8.27796945958047
6045,6.124408806236387
6046,6.434671851173297
6047,1.5428867049542165
6048,3.7321223366753657
6049,6.829824356582475
6050,8.3356922458869
6051,3.8332445065766465
6052,4.810569223057958
6053,3.3081694723824273
6054,7.389655478528306
6055,5.043149765356532
6056,4.277528446099984
6057,5.131937855216307
6058,8.76774366033054
6059,4.645158453115964
6060,1.6283662280082947
6061,6.895849980549647
6062,7.534242595693735
6063,6.402483271992084
6064,5.303138920052631
6065,5.441813249641496
6066,7.033361884527112
6067,3.7979788672065236
6068,6.93399320480513
6069,2.3586094068335406
6070,4.061257259583838
6071,6.385922702724501
6072,5.31448628591994
6073,4.26350112813048
6074,5.938795562071787
6075,3.234842325278645
6076,6.13978685621885
6077,4.699613364392915
6078,6.5053260216671775
6079,3.03042464870522
6080,3.5601915966786146
6081,8.556450026187708
6082,3.466416623477728
6083,6.4878847144695895
6084,6.5149754436077325
6085,5.357613117141624
6086,8.023305237015306
6087,5.164027885722153
6088,4.722877028031405
6089,5.630212409158478
6090,5.472945421994827
6091,5.1433630127619185
6092,6.4876020660359766
6093,6.381114962244529
6094,7.593288581418965
6095,6.609566311505057
6096,7.797664893532724
6097,3.876974200896231
6098,7.696086276827696
6099,8.220034634290709
6100,4.839864383678503
6101,6.388157716344447
6102,5.866735780488199
6103,3.754285713233064
6104,7.456056740097814
6105,8.003567805337251
6106,6.527914354344686
6107,6.796833372722024
6108,5.623091837820654
6109,9.150141533296164
6110,2.9523169590798166
6111,5.9540118981457075
6112,5.200925874388911
6113,6.110340557694946
6114,5.015681983004514
6115,7.268072900919675
6116,5.07331777235439
6117,8.334059085424574
6118,7.8644180990231085
6119,4.88425702314219
6120,4.376762876812958
6121,8.583711586257307
6122,3.7445051886535516
6123,3.0107643403097533
6124,6.766073596235805
6125,9.626177147946631
6126,7.83501853491819
6127,8.689696208314144
6128,4.510764132437581
6129,3.5218045144352983
6130,5.054246023254157
6131,6.53532368947069
6132,4.745559785733362
6133,6.419826594270249
6134,7.780950302222689
6135,3.009406791799794
6136,4.078607125082047
6137,4.548851163151158
6138,4.385832843117447
6139,4.947842179292222
6140,6.2085650238249155
6141,4.692641450135308
6142,5.682475953337445
6143,7.964284687293305
6144,5.869108286285912
6145,5.302703715870637
6146,6.980785863172806
6147,6.690961038637277
6148,7.374149379027494
6149,4.615113685826273
6150,8.082496996611873
6151,2.78151638119697
6152,6.917155083044529
6153,5.8273340328678485
6154,6.079766124476414
6155,9.33812032368962
6156,3.0204436667514627
6157,6.379576095769266
6158,5.31986460500713
6159,6.176788145870093
6160,5.2283909444025385
6161,5.280526097750096
6162,7.439679175467045
6163,6.372062106551806
6164,5.339856277039318
6165,3.481445521596111
6166,6.580660177520501
6167,6.979785895970221
6168,5.83279277207124
6169,3.7192802947119494
6170,6.465048361740785
6171,4.1466386894993725
6172,4.855805612801912
6173,5.484415568412804
6174,3.701294909915597
6175,5.86475392190473
6176,7.7259838826680225
6177,6.991409601989597
6178,7.760750317727822
6179,9.166007764544664
6180,7.551674006957349
6181,3.278307374650422
6182,5.122307097316702
6183,1.9962488380692867
6184,4.196417371925694
6185,3.970640781408755
6186,7.539270285202922
6187,4.370289564489973
6188,4.435125620856431
6189,9.632309881150107
6190,6.997607444405469
6191,6.4820455977929905
6192,6.3109072566116735
6193,6.730207348940389
6194,7.225126243878478
6195,2.2326355309215615
6196,4.787275999114642
6197,4.827318227110152
6198,4.73928423317513
6199,7.575299891111189
6200,7.920324526077387
6201,5.4488157692766315
6202,3.7739407166684624
6203,4.51792296122777
6204,3.2021675463970847
6205,7.640986958795946
6206,7.216199693507261
6207,4.048341070212458
6208,7.798739783744866
6209,4.296918458128128
6210,4.935281414460796
6211,4.469835276333139
6212,6.071835400798276
6213,7.234663835412648
6214,5.855265854449555
6215,4.38976427697044
6216,7.644370091117432
6217,8.789291463410521
6218,4.50895340984304
6219,6.388155948193389
6220,3.6135169907240994
6221,5.730961855102515
6222,4.323767520616384
6223,5.941088279938997
6224,4.64620549298964
6225,6.152545058185932
6226,7.411414023535237
6227,4.835381698423315
6228,7.222126937284812
6229,5.491049246614676
6230,7.4832296360187724
6231,5.795905400825224
6232,6.09101161244714
6233,9.570618338641607
6234,8.071528063332323
6235,7.314590696102931
6236,5.166162153064789
6237,6.658118285085595
6238,8.8876032374818
6239,5.085645598924946
6240,7.261760953516026
6241,5.081383181752869
6242,5.816826920626327
6243,4.547250188761888
6244,6.259216505418625
6245,5.203730701471201
6246,8.026896701814472
6247,6.121036331511849
6248,9.050520877981393
6249,5.2034871764168305
6250,2.7669025273483907
6251,10.0
6252,3.8581940549390614
6253,6.688060465079434
6254,5.529010220950879
6255,6.900705715137082
6256,5.6490042022547415
6257,5.656925088171603
6258,4.203347408131182
6259,3.42800744596913
6260,3.1181391179121754
6261,6.021578648704955
6262,8.56543000266267
6263,8.553741433063957
6264,6.007470061582611
6265,6.682705218084157
6266,2.617099143308689
6267,4.586574917370658
6268,5.091740845785962
6269,6.454704056227349
6270,5.713633396557007
6271,4.134037600301612
6272,1.5131491436509594
6273,7.497040317553373
6274,4.510186095590235
6275,4.568728124737859
6276,5.428870352478216
6277,5.0326761312657275
6278,7.259889690140335
6279,7.113378019442777
6280,6.600764641312116
6281,2.7524354800360142
6282,4.7755907557538135
6283,5.76142400469856
6284,7.249960644952293
6285,8.065466941513074
6286,4.325200636860407
6287,5.227071009544093
6288,9.18732199659235
6289,3.532660385579703
6290,6.417961047959691
6291,3.7092559578861537
6292,2.549174862342441
6293,6.179192790148537
6294,6.022928020413413
6295,5.8045256987750795
6296,7.6545932256155655
6297,6.6190988537714475
6298,6.71109678903225
6299,4.28544111525842
6300,5.109974724347746
6301,4.655065129823575
6302,5.819661390603502
6303,3.9753729986533237
6304,3.560828918029738
6305,6.961442379179049
6306,6.222541346477134
6307,6.712452930177416
6308,4.886648646376523
6309,5.315320958380988
6310,5.224920523734035
6311,8.535341105860551
6312,7.1596737366764485
6313,2.914796446091695
6314,7.221875872997932
6315,4.9959967086898
6316,8.05678344868033
6317,9.39061581663257
6318,3.517005101844976
6319,3.8874067177207863
6320,5.235135041784725
6321,5.15710257050817
6322,7.851120192310361
6323,2.895624096746274
6324,3.7507992065542184
6325,7.171316052448777
6326,6.343411039552752
6327,4.3921081183746615
6328,5.121897340304806
6329,9.19622782321895
6330,5.056363088685804
6331,6.987783728184457
6332,6.317202138248982
6333,7.975949834049987
6334,6.904352376382881
6335,6.125225150665899
6336,7.194052490966674
6337,3.279505115086301
6338,7.538266428181954
6339,2.815602943209564
6340,5.306474842157807
6341,4.586536869767796
6342,4.995496628398227
6343,6.940030332611178
6344,1.7009358687114466
6345,3.2633336069853467
6346,6.863823100210412
6347,6.310433125974621
6348,5.5161959306253845
6349,7.23089617403278
6350,6.874014286757491
6351,7.833302788450558
6352,2.3624906326586115
6353,7.1315438182392485
6354,9.342667998910516
6355,7.139619765665933
6356,5.494732620004613
6357,4.212085412570583
6358,6.2466906033828264
6359,6.718961515933748
6360,7.5448762951159845
6361,6.250369970352593
6362,9.292030394954503
6363,6.799147092207952
6364,5.459374829914108
6365,6.519212984075517
6366,7.952573993020237
6367,6.5197285688792865
6368,7.779721119744977
6369,7.829861836384834
6370,4.411082909673856
6371,8.301792453763683
6372,3.8397408470178895
6373,5.590633844820393
6374,9.0030020505773
6375,8.888697721491218
6376,4.6735454069595574
6377,4.502296523048608
6378,3.4689360947610046
6379,8.961270627899143
6380,4.302324239522739
6381,1.6674971860550278
6382,2.263091331855371
6383,7.069045297159682
6384,7.267170670140359
6385,8.047991269536219
6386,7.7139324074010505
6387,5.418214386848593
6388,6.186067727413745
6389,6.078352519490988
6390,8.797359178395986
6391,7.288120052427449
6392,4.426683866199509
6393,4.438263305365773
6394,3.337876466267387
6395,6.156647091803117
6396,4.335266773982392
6397,4.80845850862739
6398,5.688897703857045
6399,5.235255150639742
6400,7.31510867564052
6401,6.843628602200878
6402,7.663667376268483
6403,8.322909411574527
6404,1.0876313704288543
6405,8.539933173235973
6406,7.2006458946930625
6407,5.078327884634413
6408,7.688172202876376
6409,6.545639603159409
6410,5.7494370446790946
6411,9.202181272931245
6412,4.2979336568213276
6413,4.283620690535284
6414,2.330018780661205
6415,4.056806219981236
6416,1.738200621979824
6417,4.304919594281322
6418,6.3790926725478005
6419,8.871076839774737
6420,5.935613233411464
6421,9.67255979899208
6422,7.716788681130401
6423,6.433637132844272
6424,9.670368395571666
6425,8.409420520414356
6426,4.834487460449505
6427,4.78021733930788
6428,6.404256311011137
6429,3.5252326779368355
6430,6.396062596320103
6431,3.4665024584282285
6432,7.945651213963496
6433,2.8658939464029807
6434,7.585860265543113
6435,8.539281095091399
6436,4.450452947145608
6437,6.873965880466511
6438,7.523807849202622
6439,6.102161480493422
6440,6.154166399491893
6441,6.351515126037923
6442,2.3568386910807173
6443,4.05589987599154
6444,7.583458141171353
6445,8.01345810620337
6446,9.772670775882466
6447,5.916552313425646
6448,4.7358079430694575
6449,4.571912173706187
6450,6.024342286967465
6451,8.965038854499044
6452,9.934129792164043
6453,3.8253330999385247
6454,6.944749772547936
6455,7.532514600497674
6456,5.946600385035133
6457,8.380767749648431
6458,4.45479066934583
6459,2.972831990793007
6460,6.394591792743429
6461,8.163667658943744
6462,7.843211881700865
6463,6.579724208898962
6464,8.058089638279672
6465,8.601261209517226
6466,5.0336832960542885
6467,7.144962877911909
6468,4.239850729066485
6469,7.305960772858163
6470,8.668277950324953
6471,7.191736350798748
6472,4.949768680972393
6473,3.8872294986594573
6474,7.457975206472973
6475,5.27302994256811
6476,5.088226225886288
6477,8.49912405264969
6478,7.286711035683323
6479,8.242929141635367
6480,8.022943422721575
6481,6.3100548523286415
6482,5.080999166982004
6483,5.8156378240077435
6484,5.857323927079696
6485,7.689805485234478
6486,5.168551597552645
6487,4.079816588060463
6488,9.975599253802686
6489,5.448923812177776
6490,2.594835071203687
6491,4.680004824687373
6492,5.906799896609511
6493,3.1570715592906344
6494,4.638816714696758
6495,5.356632842384637
6496,7.56186070999922
6497,5.983311721557141
6498,5.888118830348697
6499,5.7622256144660975
6500,8.872328673840663
6501,2.687870810790755
6502,2.375473739809213
6503,7.950722875251083
6504,9.181543455468853
6505,4.608476977952926
6506,3.930928858115167
6507,6.664509905859072
6508,5.547311903619628
6509,6.303778017134236
6510,6.7772384708575455
6511,7.464494435070172
6512,6.513952740633487
6513,6.375079479027585
6514,4.439261803670647
6515,4.002257882955677
6516,9.38433354882343
6517,6.213247807866767
6518,4.688510896756537
6519,6.130408545168061
6520,7.714315315021986
6521,2.9575400809460035
6522,3.952962978683671
6523,3.3485235542111536
6524,8.412108646640657
6525,7.985952626747777
6526,8.85658078098008
6527,4.44409443931892
6528,6.376669257226318
6529,4.13834513414827
6530,6.331980159043559
6531,7.402282066064764
6532,3.1401102289165013
6533,8.763288808351733
6534,5.452694941461655
6535,5.97967608199019
6536,6.617851795792511
6537,6.521749188557941
6538,4.904863783102329
6539,6.952501370948008
6540,6.055468225185577
6541,6.719425264477035
6542,4.259836021448506
6543,7.302359128957496
6544,6.98670775695681
6545,6.05223959969779
6546,8.248442370964753
6547,3.8626503958579432
6548,5.9992441451764655
6549,3.6177811171643897
6550,6.754213708396416
6551,3.301227883541669
6552,5.24839042435562
6553,6.747378741709121
6554,5.639880809034042
6555,2.2567679110128074
6556,7.514469501532117
6557,2.699706207444273
6558,7.233945199184844
6559,6.850142269365314
6560,4.44931324570533
6561,6.331063600776712
6562,5.0623581055020574
6563,5.6781877566613055
6564,3.320833241045789
6565,4.374950095628455
6566,9.210520415876411
6567,7.95989718522692
6568,7.383786908172544
6569,2.796070047746417
6570,7.632323871785931
6571,7.438015508767485
6572,2.948664335661786
6573,3.957145536074341
6574,8.083670198825455
6575,5.926399980884697
6576,4.582662247900216
6577,6.80998338999219
6578,7.807565344521412
6579,4.570239061622013
6580,3.8588729162716167
6581,4.129728646010334
6582,8.638469447391024
6583,8.776994599085453
6584,8.38012064217125
6585,8.70940357683057
6586,8.300383426187775
6587,6.6254123417554736
6588,2.308264014956121
6589,5.822648999962181
6590,5.864981305044689
6591,9.417746008584244
6592,8.002065907540228
6593,6.3444675719021735
6594,5.88488019813708
6595,6.772676586437186
6596,6.312447098809765
6597,6.050775479523318
6598,7.154213330115078
6599,5.508906885933174
6600,8.39994569648126
6601,7.825145520561607
6602,4.063718572950053
6603,7.762944474049913
6604,6.7271820949961665
6605,6.51925858146177
6606,7.6098992239919525
6607,4.999188470756768
6608,6.885315140660275
6609,2.505111106201106
6610,0.34891017019406984
6611,7.143208215883712
6612,6.2304374838625876
6613,3.8829036470962173
6614,2.7177144956359367
6615,6.541773583202529
6616,4.617848144505204
6617,3.55622784525989
6618,7.563114617216925
6619,2.7610346128851146
6620,2.2545321317930647
6621,5.205684828010664
6622,7.918550504483186
6623,6.582996532824771
6624,4.211462951619943
6625,6.98179294736718
6626,3.463096983463556
6627,7.871627201278429
6628,4.517713553589708
6629,7.711691432086149
6630,5.9771179924241675
6631,6.7386430144057545
6632,5.795484745501598
6633,7.973085319588863
6634,7.367755701383355
6635,7.511665208350646
6636,5.4334657046736625
6637,1.9430443952166228
6638,4.370457149332352
6639,5.4650690901124825
6640,5.594290785281832
6641,6.738030468919247
6642,6.4982800968846695
6643,4.200102678281674
6644,5.798257848858364
6645,7.574327702703209
6646,9.132519132867785
6647,2.668560945848999
6648,3.6388734993560545
6649,5.750621862142042
6650,4.564808372244372
6651,5.307079072747818
6652,8.72456735069331
6653,6.215704492946463
6654,9.323848629205123
6655,6.142207838176381
6656,7.165738420158516
6657,7.5721689673883645
6658,8.180370912201665
6659,3.225268398153897
6660,3.7411060987248854
6661,7.3227096155594005
6662,9.427089439311018
6663,7.913753586802922
6664,6.639007338109204
6665,5.99852867316706
6666,8.694663959832804
6667,5.7900299147646965
6668,6.196894189710392
6669,9.401989075810484
6670,6.224153743894761
6671,5.908194315823977
6672,5.075100500128243
6673,6.236678512956395
6674,7.305774531055862
6675,6.262267921315409
6676,7.234781859697579
6677,8.955179700496181
6678,7.283627642309185
6679,7.145605748997125
6680,6.884640273128674
6681,5.034128678116803
6682,6.852224616015034
6683,7.102096853253964
6684,5.799508837654088
6685,5.701077288205608
6686,6.433803850840273
6687,7.34747984210618
6688,6.174022947141989
6689,7.054075594284264
6690,6.660297905372303
6691,6.350248970848773
6692,9.225060054985573
6693,4.155630292615833
6694,7.557392911857219
6695,6.828040179204772
6696,4.342013607021421
6697,5.6876294268206085
6698,5.723683865195373
6699,4.557605316665106
6700,3.5632635213592767
6701,4.290380366703411
6702,8.797283388406322
6703,7.806466439828977
6704,6.74218687610167
6705,7.403609347211765
6706,9.457569558070434
6707,3.8418248025215505
6708,7.898016840998824
6709,3.222918735331332
6710,6.9255080802514435
6711,8.144482906765655
6712,7.7337074228308476
6713,4.9005484237180745
6714,5.781179616617459
6715,4.530193427442544
6716,6.957697915647563
6717,5.547089562656023
6718,3.6314930402745134
6719,6.535268618412694
6720,6.0986799990785245
6721,3.7321109129596772
6722,4.614958725561415
6723,8.78545436290685
6724,8.7651353417779
6725,6.078423901560074
6726,2.0043573527951497
6727,7.455468312731523
6728,2.90088727030977
6729,5.465185555609591
6730,9.15090705308891
6731,3.720068173646733
6732,4.47124212149876
6733,7.292494790088083
6734,7.871806514236266
6735,3.401403133972525
6736,7.639159033976051
6737,4.902782934411193
6738,5.893448828686355
6739,6.195174092660558
6740,7.141018707741205
6741,7.294502759727808
6742,8.97380249382473
6743,5.647123837713427
6744,9.110428170918752
6745,1.3008326991830987
6746,5.950159104517422
6747,7.906100895109558
6748,3.8957988930135965
6749,8.772156717747334
6750,4.9063519970283345
6751,5.405826704068193
6752,9.020517137766436
6753,7.014255786806444
6754,7.227381024224882
6755,7.430166543153321
6756,5.272216118142982
6757,5.027652439473105
6758,5.301387027614968
6759,2.169334891051034
6760,7.317498640164272
6761,5.2512369977030104
6762,5.835986409517833
6763,7.259548663822875
6764,3.821015445458151
6765,4.2237030203663215
6766,2.705178878956946
6767,8.12399978776638
6768,6.604468305961249
6769,5.542862228483801
6770,5.834355130193904
6771,4.130940356545231
6772,7.943430634336609
6773,1.2481014115272955
6774,4.719655306615768
6775,6.870949417414232
6776,2.8997483843261476
6777,6.701028431978803
6778,7.165530347390517
6779,5.628080481604149
6780,6.642151613830308
6781,5.553934487664554
6782,6.990674591355722
6783,6.115417220921279
6784,4.890506616373005
6785,6.400793668573424
6786,6.04618889061272
6787,6.669022818523524
6788,5.803963320272308
6789,2.575209588956462
6790,5.041080251684885
6791,3.9639770930231757
6792,6.8778948684618175
6793,6.076465117775032
6794,6.457912837640249
6795,4.6962630822238305
6796,8.313783851082423
6797,5.694245373743152
6798,4.3234064328801525
6799,9.031393941785643
6800,8.286132014425002
6801,5.951365948057744
6802,6.164147279026762
6803,8.396733639954638
6804,5.7105688778810775
6805,4.9430853136690915
6806,2.8053210171556406
6807,3.335641750303029
6808,5.118246293744403
6809,7.128323816277003
6810,4.628655277180921
6811,4.562502470263206
6812,6.060485400851924
6813,8.886775779981646
6814,6.542329217473849
6815,2.7159284548123233
6816,9.374334898193519
6817,3.7237655598369446
6818,7.254301749909047
6819,6.207852778437647
6820,6.338914987480824
6821,3.1281943711777824
6822,1.7601074679208029
6823,6.978273841572939
6824,3.5086002727813335
6825,6.355510907174783
6826,7.43264119913195
6827,9.449313575229255
6828,5.503938406021807
6829,4.346888512676572
6830,6.18643053319923
6831,8.347488496443777
6832,2.4021988586955714
6833,7.60448627274735
6834,4.784619075728258
6835,7.151008571882397
6836,7.38143163118864
6837,9.87092931851231
6838,4.0948712351672985
6839,7.764625539284897
6840,4.839620605610247
6841,5.9676611577324685
6842,7.592194687192549
6843,1.7867109591826598
6844,5.334376832659757
6845,7.770193826652145
6846,6.592326268162797
6847,4.96518933867207
6848,6.761832661208082
6849,4.3810320628060095
6850,5.160929996947742
6851,3.3345722591820266
6852,5.460852807888269
6853,5.481523802025203
6854,8.904751995899414
6855,5.504582754914411
6856,2.5255362364718574
6857,8.812020332771253
6858,6.9115974443850146
6859,7.774163225567639
6860,4.3439486915509695
6861,4.232746981984946
6862,7.77797785703798
6863,4.468875380323223
6864,3.8297177482463285
6865,6.656140138863417
6866,3.29370511821616
6867,8.848627257186328
6868,4.821353554256021
6869,7.712210262876988
6870,5.288679990307381
6871,6.395163552930378
6872,5.261999241700891
6873,3.2308183776242734
6874,8.673702232582508
6875,4.6051289426728514
6876,6.745037075112425
6877,6.4919283541714
6878,4.575015198039605
6879,4.2833247527979825
6880,7.580085735928224
6881,5.472624687762323
6882,5.953990283176726
6883,5.825177215280898
6884,8.369075885073853
6885,7.998728146945469
6886,3.925210292454995
6887,5.245746320376571
6888,4.976209881011776
6889,8.17487449707686
6890,3.689259633301768
6891,6.547870972962681
6892,7.63690728062904
6893,5.481918725267484
6894,8.480322395271243
6895,7.714114725436439
6896,5.4597100980894595
6897,4.083189347417555
6898,8.408675337390745
6899,7.202225409892261
6900,4.46127316145153
6901,9.747252446825371
6902,8.390579128668552
6903,6.826872169234905
6904,5.06705308341665
6905,5.815633202848421
6906,5.913862870495132
6907,4.447827223325849
6908,7.6994995022459936
6909,8.237499357735729
6910,4.377236903323949
6911,4.744907786021957
6912,2.734141688167748
6913,7.320858806342702
6914,6.634876857767995
6915,7.187448632419419
6916,5.475842419270673
6917,5.822602161846907
6918,7.360634872025262
6919,6.009880250065435
6920,1.993121401408061
6921,5.264898291547469
6922,8.595534842403916
6923,7.401171196542537
6924,7.455868970405156
6925,6.31111262589083
6926,2.700183513753665
6927,6.184069831890855
6928,7.748866303549901
6929,7.4341405739345205
6930,9.072441135901617
6931,5.39992484627912
6932,7.226067107571996
6933,6.184979228794372
6934,6.368237521278798
6935,9.504176749717505
6936,2.966912321398145
6937,8.898896804664279
6938,7.932958228829073
6939,8.244720973649972
6940,2.625680721970358
6941,6.492608384091827
6942,4.043326246505906
6943,3.73319206279527
6944,5.075282631961242
6945,4.438070185092554
6946,7.093110129088826
6947,4.754659039603662
6948,4.614136023964932
6949,3.076635468651512
6950,4.976034642034429
6951,4.501235134722851
6952,6.1766670906633845
6953,2.546444796052377
6954,3.715201041982816
6955,7.0327314374401695
6956,6.9102706978875155
6957,7.358891008137096
6958,5.78867349407791
6959,3.984823224667256
6960,4.249195636067858
6961,5.609208581424324
6962,8.115297475276648
6963,7.388422068794541
6964,3.77961326840153
6965,9.96803069543314
6966,4.97008272197515
6967,5.532088038308688
6968,2.8036820497315613
6969,5.711114094347969
6970,7.279798251529569
6971,7.180627853478272
6972,4.098643938582406
6973,3.425483739474278
6974,4.32245413353642
6975,5.968223660801062
6976,6.027490793289768
6977,6.115974452999995
6978,7.648318908214388
6979,7.919563122182025
6980,4.13267155018562
6981,3.358839146656684
6982,4.400825780813196
6983,5.24457142595443
6984,6.463986023909798
6985,7.872877550725819
6986,3.9822524460761684
6987,2.942421047431143
6988,9.055776959614127
6989,5.5588421316935435
6990,3.691247521826713
6991,3.5480119475252874
6992,6.839731006518831
6993,4.335458421992185
6994,5.983495893282719
6995,5.07393671412871
6996,3.1434521660224966
6997,3.5825557795847676
6998,6.9818325029558865
6999,8.115212993321924
7000,4.503379861133914
7001,8.053186589990618
7002,6.852609920102603
7003,4.3619058533703425
7004,7.858562083470125
7005,5.997375346519805
7006,7.429754276439182
7007,6.396396685058425
7008,8.336965310406752
7009,6.899206761062037
7010,6.487949586097734
7011,2.7096167852700064
7012,7.261864180804487
7013,9.449993160312909
7014,3.276675892306154
7015,4.458575827845379
7016,6.4576554682619
7017,2.6652033919456053
7018,7.529663866861931
7019,5.5385898569936165
7020,9.215190938172276
7021,4.041512231176039
7022,3.2060588220742456
7023,6.310095953842218
7024,5.062099804925488
7025,2.963592709263451
7026,5.1449056794460635
7027,8.257147556942693
7028,4.278948636753948
7029,7.76694702789616
7030,7.968046028345418
7031,8.58025491816695
7032,3.811583687109038
7033,6.730876234501967
7034,7.034143844430381
7035,5.996475767861483
7036,7.49413817837287
7037,7.4927859099397125
7038,8.325076665122047
7039,5.946489906070675
7040,8.782712785767751
7041,8.753051880615452
7042,4.819324736161675
7043,2.7784712259403213
7044,6.00489914860212
7045,4.561465365258026
7046,9.219432605086428
7047,3.241489827058373
7048,4.995812378948468
7049,7.969498781636208
7050,8.84128436085415
7051,5.776677302633065
7052,7.139558728336601
7053,4.5047853894844465
7054,5.175073864977518
7055,6.48728118334874
7056,4.346130609768084
7057,5.027175611225877
7058,7.066917437814758
7059,7.984524539780974
7060,5.595165498863574
7061,3.5135688225074704
7062,5.948289673186315
7063,7.875751514516507
7064,4.253327601063769
7065,7.14210346342499
7066,1.4780815779507452
7067,4.1816611094699825
7068,7.3168780229994965
7069,3.8491934853038803
7070,2.7715581511181044
7071,8.371706065382751
7072,7.430449156521196
7073,4.981593495759962
7074,4.9907356236721245
7075,8.570165557054514
7076,9.444010557555426
7077,8.303899916483484
7078,6.335908268966874
7079,8.289468263644796
7080,5.030704870296141
7081,6.4841911814275965
7082,7.618434393654377
7083,4.183728426241943
7084,7.049990198962221
7085,3.5321582761567214
7086,7.833432116153096
7087,6.518518472319764
7088,4.110810472510205
7089,6.815979845572979
7090,9.578968835438
7091,6.2883686008720145
7092,4.684836817248696
7093,4.985922359075227
7094,8.982247184563885
7095,4.419131381633022
7096,4.733098622369508
7097,8.072563859960992
7098,4.661309432331178
7099,7.641560269902854
7100,7.045578213688826
7101,6.106090688665815
7102,8.153597607628804
7103,6.92519458187384
7104,7.786404151438069
7105,6.155810382015752
7106,3.298397989254078
7107,4.759026717502206
7108,7.257857542668594
7109,6.535164355293631
7110,4.262339265947024
7111,5.59739680042588
7112,4.08563394020145
7113,6.4990241487567
7114,5.88711949178477
7115,8.31236238293735
7116,8.909510760617923
7117,4.944995633100529
7118,6.308433945243724
7119,7.633897750455089
7120,4.693966505046475
7121,5.2964579972516495
7122,4.829082895655148
7123,4.757210766384224
7124,3.83644627498162
7125,5.259528278244902
7126,7.716620142899551
7127,5.329926747172365
7128,7.2064529757742815
7129,6.588544044646411
7130,7.2696350331462085
7131,7.200591557908721
7132,6.73158119201418
7133,7.373034691216591
7134,7.304614018634869
7135,6.367384988324045
7136,4.3117724400474025
7137,6.1236880224287455
7138,4.967397584714053
7139,4.623250797550379
7140,4.107552509176795
7141,9.671502660697309
7142,5.4380834424810685
7143,5.221791686255836
7144,3.2459429468676504
7145,5.371271483759722
7146,4.781426908209486
7147,7.938940804350909
7148,5.508325416983764
7149,7.261577212984662
7150,5.747248087436738
7151,7.80134360069
7152,6.371711312863569
7153,1.7301978582262085
7154,9.180468194549903
7155,6.80486247758655
7156,2.0280503128986895
7157,4.745333590013445
7158,4.164175299239126
7159,5.570670776797795
7160,5.154856992943772
7161,6.656693168836263
7162,5.945058760023952
7163,6.4621412835783225
7164,8.497074868086518
7165,8.700160795196243
7166,3.486564072313128
7167,6.422693355267753
7168,4.42134767163261
7169,5.549599053213407
7170,6.550523196338073
7171,4.427205121147511
7172,6.292554061868962
7173,7.798716432130981
7174,9.094645607860883
7175,4.1920582245534765
7176,7.432301730407214
7177,3.6798931516761897
7178,8.384802457950833
7179,6.478788892688771
7180,4.829562710897459
7181,6.514833288849223
7182,5.7909119698873255
7183,7.682278296596122
7184,2.0760887486578574
7185,6.282544293723975
7186,7.246263700916938
7187,5.258139989144009
7188,2.436698539454448
7189,5.7958425069239325
7190,5.317299491808993
7191,3.0602670008209665
7192,8.720769392165552
7193,8.314663789773034
7194,3.3474209031743754
7195,7.639920852468154
7196,5.857304605588563
7197,6.688536929878891
7198,6.020336895514765
7199,7.943319117504085
7200,7.358256066797034
7201,5.5761152889208105
7202,6.427840846953126
7203,6.26997531847752
7204,6.064701685154086
7205,3.0284433443360492
7206,6.849742001315203
7207,5.903113700761191
7208,6.306477253153037
7209,6.000688613102417
7210,6.947911687586475
7211,5.718522333710331
7212,5.139159772750146
7213,5.690474256371325
7214,5.992849857326721
7215,5.181355790569986
7216,4.214529050687549
7217,7.296124266456909
7218,5.553671072565446
7219,7.951544489111737
7220,3.9299824021713867
7221,7.335379533103492
7222,4.550034077849952
7223,6.851775134476956
7224,6.1039365894522835
7225,7.263377848002969
7226,6.703254011168491
7227,5.840235421715072
7228,3.7814491026523314
7229,8.454949661942187
7230,6.238847712779586
7231,3.046644138022012
7232,7.550436401816322
7233,8.18465380106925
7234,2.907967655365494
7235,5.27380668832674
7236,8.145994505239244
7237,5.852826768375723
7238,8.521744007499779
7239,6.043651078888265
7240,3.590745716585575
7241,4.010954600554929
7242,8.43728813881112
7243,8.969144648108614
7244,3.1456626297670276
7245,3.979975441148772
7246,3.4110558049199486
7247,4.14480616102683
7248,3.824619996130152
7249,5.810865821747059
7250,7.451802106960447
7251,6.2628949373382605
7252,5.20571878286423
7253,7.6370543850339265
7254,8.05070469671604
7255,4.043792472689513
7256,6.886795330998501
7257,4.238939726960686
7258,3.0729745943692377
7259,5.763852238053536
7260,9.475907671308724
7261,5.790037366121956
7262,5.743515983084661
7263,4.6119391991447465
7264,2.924238094230608
7265,7.965175792199082
7266,4.285846114612974
7267,2.874788989608197
7268,6.320331635271294
7269,5.008948161298839
7270,7.170634603819794
7271,4.085173142147302
7272,7.254402671363366
7273,6.603723257687511
7274,5.0447765058180565
7275,6.701008085795858
7276,6.02379122136365
7277,5.268043167488367
7278,5.9839961930819054
7279,6.313432171900732
7280,6.594948227805234
7281,8.85720838202081
7282,6.013478004274622
7283,5.459808077385502
7284,8.679461715031474
7285,7.603402282227567
7286,2.933003414243478
7287,4.710383414842761
7288,5.888323637544134
7289,5.074327222692394
7290,6.688448217579454
7291,3.6528616013655424
7292,5.568782868502666
7293,4.606682902941554
7294,5.13839051463729
7295,9.663828713861434
7296,8.018601780805316
7297,6.799879050396466
7298,5.409578312490552
7299,7.276624062258382
7300,4.5342685749366165
7301,6.935243890827035
7302,5.259457228080132
7303,5.040868439661805
7304,8.299092916862271
7305,5.805620233131721
7306,5.151835298563003
7307,6.971104615347482
7308,4.826631214849456
7309,7.675010878411246
7310,1.7061616188833584
7311,7.137292389296523
7312,7.776247888958933
7313,6.373537134209213
7314,5.720255757784384
7315,5.740104786061802
7316,4.226255465005491
7317,7.3642215124447965
7318,2.686308892867176
7319,7.285956599109578
7320,3.913933110564586
7321,4.551442628138233
7322,5.646382969188898
7323,5.974871181218351
7324,4.60666978574479
7325,6.518387971760969
7326,5.931213368210153
7327,4.026953156167227
7328,7.181566425677757
7329,3.2934324826284462
7330,7.99470473843518
7331,3.944705783679561
7332,7.476528365526685
7333,7.844644190349762
7334,5.7283230451470395
7335,5.974835496091172
7336,6.047863052312968
7337,4.200486817612594
7338,4.594454974644313
7339,4.951642319672445
7340,5.507175439925021
7341,4.4570105460970035
7342,4.697777648293855
7343,7.7851906891285605
7344,6.027576371452
7345,3.3019777332219338
7346,7.7005188481982065
7347,8.082904569734582
7348,7.239043126791916
7349,6.358096702551032
7350,4.701285637457243
7351,5.3501507161739115
7352,6.228063413649283
7353,5.267968729703286
7354,6.95338673941718
7355,7.716911352021144
7356,5.324144990753073
7357,8.674942989357888
7358,6.606128177819514
7359,6.024806469433264
7360,7.957551893172926
7361,9.193598273721847
7362,7.386687359322434
7363,3.551808219097289
7364,6.548771140066291
7365,6.468414766524305
7366,6.079092697099404
7367,6.058888158378306
7368,3.6736380985785124
7369,8.352868348513978
7370,6.285721341510875
7371,8.755377642520893
7372,6.301269416486334
7373,8.54775188655487
7374,6.66473017178725
7375,3.996344380502903
7376,5.3000267549003945
7377,5.793520392661741
7378,2.8215035248929468
7379,9.259479304630256
7380,6.900638051989499
7381,5.9952783730770545
7382,7.989973235171856
7383,3.312523013969018
7384,8.277067126869312
7385,4.7244474332984705
7386,5.966302060338384
7387,6.401187271213676
7388,5.7144233139178
7389,4.9847658724137425
7390,6.302130959068585
7391,7.087508676755329
7392,5.947035435349234
7393,9.43847354320593
7394,7.695999840371819
7395,3.358782336073849
7396,5.797746864538713
7397,8.062508050753996
7398,2.0877360032503423
7399,4.450489777451325
7400,7.929853381842628
7401,4.156053128333065
7402,3.2252270395261746
7403,9.33689872936081
7404,6.2773459787658545
7405,5.285359412639272
7406,7.623386663491887
7407,7.696560221754993
7408,7.596984134669365
7409,8.398584826328312
7410,7.367508008578309
7411,8.034489220427323
7412,3.4016436593532617
7413,4.878114268846163
7414,4.7485198508687905
7415,6.107249532683891
7416,5.494827666111282
7417,7.006618014361057
7418,4.0037354958312275
7419,6.214308747357784
7420,5.2646643541815825
7421,3.49941818757234
7422,5.889712035589527
7423,8.500381381080846
7424,9.464129926778922
7425,3.0203817749547666
7426,5.194558252708592
7427,5.582110358923639
7428,4.0734976613241
7429,3.465258960095295
7430,2.0063089680168438
7431,5.989975753476606
7432,6.45951531847497
7433,5.240066993767197
7434,4.319981052915454
7435,4.923327740052399
7436,7.6521531309583075
7437,8.941705724778908
7438,4.742671004954965
7439,6.173494946724998
7440,8.196578202432011
7441,6.382338678955622
7442,4.041313118884714
7443,8.704974406004666
7444,6.173436845816459
7445,7.735160073632443
7446,4.111482517763618
7447,8.15881788857148
7448,4.983561457341527
7449,5.4876907550134035
7450,8.658346025395517
7451,6.250845346062441
7452,6.359353942049283
7453,4.160230961606548
7454,6.729671283409057
7455,3.7990456492003233
7456,6.838981794754222
7457,7.062193973878086
7458,5.495238847807276
7459,3.6418291044662143
7460,7.6612929444089914
7461,8.20578862807652
7462,3.147684908788591
7463,7.9755013846550105
7464,6.044222571260423
7465,8.643698460474068
7466,6.796454559093597
7467,8.985625476920212
7468,6.6738351290220175
7469,4.039666296754534
7470,6.3966415493733715
7471,6.221872018808312
7472,3.387819461739363
7473,5.913893448311927
7474,5.267366614062527
7475,3.1676929066704895
7476,4.800740373917425
7477,2.2895024833623783
7478,6.520082226768954
7479,4.7751268946641465
7480,8.946582790594817
7481,6.825321318049619
7482,4.721365224991585
7483,7.567946791958336
7484,8.103334539492348
7485,5.0220894768975555
7486,8.895904390203237
7487,4.942172189921803
7488,5.2704640934927856
7489,5.422342727224959
7490,5.366985843797941
7491,4.123372789878552
7492,4.55479883202865
7493,8.475382760455254
7494,6.112007642096195
7495,6.94788340273973
7496,7.361844882028297
7497,6.574963195450038
7498,6.421584594927037
7499,9.325254585206421
7500,5.686176764953824
7501,6.328611723938138
7502,8.133798416541117
7503,4.522446615927742
7504,7.139457637724252
7505,6.240499869232408
7506,6.417740847765988
7507,8.74111015672629
7508,5.260338215983652
7509,0.8560144694697586
7510,8.82943364591377
7511,5.29794396768529
7512,5.354859384504629
7513,5.624076805903174
7514,8.022623302969398
7515,4.784277954389633
7516,7.373105812737062
7517,2.890507814211275
7518,5.536024645635284
7519,2.8280883144014486
7520,4.40458568159199
7521,9.290025510936468
7522,5.7135613412103305
7523,3.3559961564212593
7524,8.13287079332165
7525,6.441934210695881
7526,7.539154751257605
7527,5.960629385966502
7528,3.59788304593752
7529,7.531541251501718
7530,5.672512580961309
7531,5.475054973071483
7532,9.333488791595952
7533,6.925812679989187
7534,6.923829659410946
7535,5.3299358677206765
7536,7.754119458872424
7537,7.750197108665718
7538,6.493030178178755
7539,5.8405537457425165
7540,5.974460182913841
7541,3.919507102485118
7542,7.743096378536702
7543,5.436700910852089
7544,2.4577991462276025
7545,5.113058115250112
7546,5.375790562055198
7547,4.211928603741908
7548,7.245308420943771
7549,8.026960730011414
7550,4.725753951940046
7551,7.9449528769566715
7552,6.157682596433676
7553,6.6913320884828
7554,9.012045485806345
7555,6.733722443751954
7556,6.135601530609112
7557,7.968948619070488
7558,4.2689114843825005
7559,3.054442262909301
7560,2.4012304089867467
7561,6.0149434970355875
7562,4.722483619182086
7563,7.569072172415782
7564,6.529460187833431
7565,8.695314031642472
7566,5.513735451216043
7567,6.955441350938964
7568,7.554277002552363
7569,5.953926516311251
7570,3.1850502717429574
7571,6.597770831530183
7572,7.271338283661003
7573,9.791159060041448
7574,5.822203777824042
7575,7.5583327477657924
7576,5.090227684469564
7577,7.120652667308496
7578,6.151111942424273
7579,7.853528595274815
7580,4.097569089868351
7581,6.975399484417787
7582,1.9050651076838414
7583,6.05916323130402
7584,4.20554911544829
7585,6.285695027612294
7586,3.8114275368666264
7587,6.335603920196695
7588,4.49137421497368
7589,8.1906846082191
7590,1.97818851913263
7591,3.3658544972911044
7592,6.213777947022709
7593,6.550270165098571
7594,3.7448273466710433
7595,6.503491492617838
7596,3.3076326514544765
7597,6.5284916246560964
7598,6.0947856702778545
7599,4.020726819433197
7600,7.439199649910956
7601,8.864556085213835
7602,1.110675135775114
7603,3.793395003004311
7604,3.5955546631877198
7605,5.447822674558542
7606,6.251101259716665
7607,8.342001253648561
7608,8.54782361601571
7609,7.706891378417355
7610,4.939302109749523
7611,5.0468323203013625
7612,6.7008306938236135
7613,7.845130280181645
7614,7.083775407134118
7615,8.057089497252214
7616,6.448703227450592
7617,7.1691004036132915
7618,5.878968216782626
7619,3.664391820422491
7620,3.8619625825506123
7621,8.016388377553929
7622,3.787539906783942
7623,7.459539285929804
7624,6.710817777790442
7625,5.526402211815967
7626,1.256785209645168
7627,5.459336248097873
7628,5.679638227323996
7629,4.194593665378733
7630,3.039989293716426
7631,6.201231091613996
7632,8.38039748313409
7633,7.0223207043578215
7634,1.4674799681268518
7635,4.851710134205127
7636,7.642191849182103
7637,2.5074898180116576
7638,6.707894725031315
7639,7.559937911699738
7640,8.279192667847271
7641,6.524060541108676
7642,8.998634399397726
7643,5.655457361385805
7644,5.6947574171789945
7645,6.679975555866289
7646,5.23254828326333
7647,4.761232230375112
7648,3.381263092515206
7649,3.8937355903299617
7650,6.712381579180091
7651,5.436044975431299
7652,6.087196633007202
7653,3.059176962858233
7654,6.084021780630318
7655,7.391826242725948
7656,9.629819556666208
7657,7.281445008091943
7658,4.59275761718683
7659,1.3175462284745172
7660,3.8455270853975296
7661,4.354365364679383
7662,6.941210683522925
7663,2.606421175328387
7664,7.704386228588508
7665,6.429279774924777
7666,5.8147362446717725
7667,5.103745757702827
7668,5.007987720077875
7669,6.812297177431053
7670,8.65654856250518
7671,5.89126461994367
7672,6.056773507495667
7673,4.779837971116947
7674,5.088285857502606
7675,9.022870328182817
7676,3.245904947036537
7677,5.23780404599419
7678,8.989741649625376
7679,7.936172310099421
7680,7.715795280358649
7681,5.485366079868586
7682,3.950472777849455
7683,5.383679114106449
7684,4.870710389374882
7685,9.602954206362163
7686,6.422585930369834
7687,8.710988724323656
7688,4.12465885779142
7689,2.804639641783522
7690,6.585747433097408
7691,3.4873572890969715
7692,8.540970698796716
7693,7.898672858850906
7694,4.961210468767834
7695,4.657961223626531
7696,8.729256986544163
7697,3.592677184022234
7698,4.994614305788426
7699,6.8698039404279925
7700,7.07767147238439
7701,5.0299112061672755
7702,3.3452876912652734
7703,5.467325370890956
7704,5.0076973295325935
7705,4.160375671305534
7706,2.04807366660404
7707,7.138245864389867
7708,6.347397778528121
7709,7.667454110233122
7710,6.895236866279636
7711,7.916780329229674
7712,8.094626827373304
7713,5.096939358294588
7714,9.436024012665419
7715,5.4876707079499
7716,6.898786621856851
7717,7.1988180966048825
7718,8.068980507967275
7719,6.342244807372106
7720,8.768854436303542
7721,3.380486884434055
7722,3.7104461907983053
7723,3.749026883057095
7724,6.263755072993376
7725,5.560488990087045
7726,4.938868738774913
7727,7.058896470264892
7728,5.643342694798987
7729,2.90617185671878
7730,6.133754694160791
7731,3.4184364489284644
7732,7.606875550820077
7733,5.700126120769058
7734,5.819855752809819
7735,8.434010647399884
7736,6.651739252634688
7737,5.378783105204692
7738,6.440441040621424
7739,4.286231318475796
7740,6.559033661958863
7741,5.533191130246043
7742,4.908929889503906
7743,5.3039012048888114
7744,3.4340223071156775
7745,9.40852835231665
7746,6.142231046931538
7747,6.074843238577615
7748,6.033646706823263
7749,6.583618654128514
7750,3.9664565806426655
7751,6.757919181403579
7752,8.044820400208748
7753,5.727117517528162
7754,4.832141704036378
7755,8.49803607718905
7756,8.233125071269244
7757,7.715265707906351
7758,6.4900415328221
7759,8.887555585736736
7760,7.034073773342634
7761,7.617084092747874
7762,5.028159844392683
7763,6.340101115939804
7764,7.266282809421681
7765,5.015084040970712
7766,6.730191734246104
7767,4.5614570440123945
7768,4.971443051636313
7769,3.4395493391385914
7770,8.960425248603219
7771,2.6028494127345367
7772,5.4574794542078875
7773,4.863356613564523
7774,5.19572293447416
7775,7.635165122741627
7776,6.370774806663826
7777,7.157245886832766
7778,8.0212678774288
7779,4.6049897114223075
7780,6.607586755429819
7781,5.343595413476445
7782,2.6565378019741144
7783,6.322715531160073
7784,8.562543589131241
7785,2.4951158225882346
7786,2.028706706067751
7787,2.9903559727493523
7788,8.629719470970723
7789,1.5902152143575046
7790,6.445020970270771
7791,3.9392680251356484
7792,7.706614756471074
7793,8.119920131669593
7794,6.336136464447125
7795,6.954338531852959
7796,6.80818027214453
7797,6.022539452757381
7798,8.01247405291454
7799,5.072700351247457
7800,3.75138803182562
7801,2.940164116029608
7802,3.2461710935524684
7803,4.700856948935816
7804,5.25731757098002
7805,7.6785230109676545
7806,7.461312493973881
7807,4.670320006386869
7808,6.243489313430815
7809,7.884334030612253
7810,5.641294614523937
7811,4.733980121707805
7812,4.9950536947901725
7813,6.371918939513131
7814,3.879629603720246
7815,4.178046541428384
7816,6.880586543961386
7817,3.283395870406733
7818,3.560411954868213
7819,6.286275806063269
7820,5.551374796585053
7821,6.747537770938711
7822,6.6342242013447
7823,7.578056720385314
7824,6.655250841755638
7825,6.035804618636537
7826,5.714750075028292
7827,4.299333978276238
7828,7.890094722717348
7829,7.5162437291585515
7830,7.05510993641746
7831,7.160851218689898
7832,2.82073368656231
7833,7.703128908740956
7834,7.957457471550189
7835,3.859644357142809
7836,7.564393527359301
7837,5.930541123943138
7838,5.177695214881648
7839,5.1598914243678315
7840,8.657007739812009
7841,8.408420708210855
7842,7.853287908803155
7843,7.309230777772962
7844,5.060390133387214
7845,5.793447668772933
7846,5.723795294921033
7847,9.002911350114696
7848,4.552035763273905
7849,2.4812128616232627
7850,4.016461069846141
7851,4.306030221115454
7852,7.918400363275213
7853,5.435489142699053
7854,4.50694336016203
7855,8.320361421978479
7856,6.519508912699479
7857,9.610925726574386
7858,7.154369936701247
7859,9.729794977275462
7860,6.846874156890856
7861,9.67879759296833
7862,5.210373407524197
7863,5.3171768200299745
7864,7.877607261202162
7865,9.15581995397574
7866,6.639229243968387
7867,9.696432691112545
7868,4.952741029212099
7869,7.535366470760471
7870,8.642875469175014
7871,1.8937101655652036
7872,6.36484163753261
7873,8.224336274107815
7874,6.942437327003012
7875,3.896841799447336
7876,3.9891478080238194
7877,5.661117588929679
7878,4.633013942933068
7879,2.039890161856259
7880,3.883956873673628
7881,5.770505773075418
7882,7.755206155987799
7883,4.636324697885581
7884,3.892966990548135
7885,6.9287298407960485
7886,4.733144281120772
7887,6.303150365440718
7888,7.398672200624709
7889,8.584075137853125
7890,4.016678370644248
7891,6.203543815120248
7892,6.382717627829667
7893,2.348979835665387
7894,7.33468773629203
7895,3.5923128774374815
7896,3.7488235075944205
7897,8.408354374205576
7898,3.299725944997678
7899,7.651696530069658
7900,4.05077699638458
7901,7.416609048410077
7902,4.2100046565132345
7903,4.567546253813712
7904,6.10299711604859
7905,5.044242452220802
7906,8.051361456206703
7907,4.002730266789186
7908,7.653964985479021
7909,7.9728665535231915
7910,7.274959198197589
7911,7.122907182143372
7912,6.080559131438917
7913,4.310771069268937
7914,3.801355770886929
7915,5.355531158136396
7916,6.640775756829119
7917,6.875440987526961
7918,4.436497268614847
7919,7.3750223032208195
7920,9.327809297988399
7921,6.161671319165216
7922,4.894275965469995
7923,6.426242500750794
7924,8.51847963414048
7925,4.315984811310117
7926,6.258276804557739
7927,5.527279222911697
7928,4.722072898663479
7929,8.713465921877347
7930,8.011223229029191
7931,7.550292191873176
7932,5.465315458051064
7933,5.502284107293014
7934,7.979559309963587
7935,8.321166440608689
7936,5.5001780313091135
7937,3.4010083869141763
7938,6.044465695582987
7939,8.243093934241111
7940,3.589140204126021
7941,4.084694477181644
7942,3.9727028273441185
7943,6.3435779424012395
7944,6.109026233265705
7945,5.4477927530632515
7946,4.497761595194398
7947,5.249105632258028
7948,7.456202287346944
7949,5.927433177442768
7950,6.810021997452821
7951,6.716576423130559
7952,7.61383780793903
7953,5.889201946335634
7954,3.629239843462236
7955,5.359335164050683
7956,6.715237750909757
7957,2.953498782003781
7958,3.2783497457812283
7959,4.838598587129551
7960,6.323906907058636
7961,5.766102563027172
7962,7.069353151838142
7963,7.270410613913439
7964,6.186832319867191
7965,6.230870365765239
7966,7.456598592916654
7967,4.45563897734865
7968,6.2052541880682295
7969,7.631840197588677
7970,7.5371362883282735
7971,6.451245674091464
7972,5.625087347497547
7973,7.755211478612702
7974,5.953300891780832
7975,7.238358485572753
7976,6.401802978464553
7977,8.087094367848682
7978,0.9782747577800386
7979,5.515899314637618
7980,7.689823826042986
7981,6.421819420261558
7982,3.3919391365392166
7983,5.567146764649531
7984,5.80229410032054
7985,5.529458718365849
7986,6.917952107817781
7987,4.320933104533387
7988,9.80937327726695
7989,7.417135221013194
7990,7.9286528149601345
7991,0.7012998635343501
7992,2.713023312933607
7993,6.656392786281754
7994,4.140966362020846
7995,3.063320625365343
7996,6.030540338338992
7997,8.041840445510573
7998,2.1094138748435274
7999,6.623940964174358
8000,5.598980164789637
8001,7.046808600576823
8002,3.4415613084113446
8003,8.356846258526883
8004,4.728961498032426
8005,7.913565412899124
8006,6.3532490173864264
8007,8.891008658041308
8008,5.589216325137503
8009,5.601213625517231
8010,6.548841650532637
8011,4.681606551537323
8012,6.466358338372395
8013,2.594673725430864
8014,5.372393047722097
8015,5.158578984648929
8016,6.249695351601212
8017,3.930597159326438
8018,4.33714203397763
8019,5.849034047452257
8020,4.478849142375082
8021,2.609273685143557
8022,5.421943850417667
8023,2.6159681907926515
8024,5.77523043842264
8025,6.457567841201595
8026,8.670085130186001
8027,8.749724574780434
8028,5.560039477227042
8029,6.544729196483509
8030,3.117741683985681
8031,4.700672065081466
8032,4.4224223241613645
8033,8.724427739517225
8034,4.141576040753715
8035,5.084763651901448
8036,2.127946446989076
8037,5.296158558644622
8038,7.11483356540011
8039,7.704253601745044
8040,6.308798212042165
8041,6.139622253894107
8042,8.1300659722429
8043,3.3042989607298083
8044,5.834317724344075
8045,6.1636935595720805
8046,7.8480168660751275
8047,3.556293934711631
8048,7.2716368555252995
8049,3.4258770434518557
8050,7.165855303736674
8051,6.893737946738183
8052,9.08541719392741
8053,9.980161235983859
8054,6.91324518731817
8055,7.8933126847999855
8056,5.38323399083167
8057,6.990361839861372
8058,2.5970983454486545
8059,7.962208785330795
8060,5.158353234982323
8061,9.03814470772316
8062,4.792337556026083
8063,8.230576701758084
8064,9.033922549554879
8065,6.462137733118013
8066,6.05017463342115
8067,4.3417682133844435
8068,2.971267080787729
8069,4.80549633109827
8070,5.017041027963412
8071,7.963239647843521
8072,5.4347359954639565
8073,9.46505272500793
8074,7.8886008615964345
8075,7.075474229766599
8076,4.840597759200505
8077,3.819573564914341
8078,5.446962413405724
8079,9.689251639434538
8080,8.650956034139263
8081,8.056717754546371
8082,2.632613085608013
8083,6.295313158372534
8084,7.827800631159789
8085,8.566132525464647
8086,5.86332700180626
8087,4.892269840626601
8088,7.39862895701005
8089,5.543272530704588
8090,5.205922408160777
8091,5.778516523291431
8092,4.5954743855784335
8093,3.5931973093558462
8094,5.847428699796873
8095,6.907899683086846
8096,2.8726045291082114
8097,9.011128037032952
8098,6.127316771140098
8099,6.9651131327318385
8100,5.538195741067758
8101,8.152111607383658
8102,6.255053909001639
8103,8.790266013908253
8104,4.352496901342115
8105,4.673681675308972
8106,1.1652206778784986
8107,4.666748803837083
8108,5.229455316841541
8109,4.635959685021414
8110,5.048463459027001
8111,5.089477062577024
8112,8.48341490419689
8113,5.864858301993671
8114,2.9259183925838954
8115,5.760213585681113
8116,8.197390791043913
8117,6.565745204248961
8118,6.68547131891136
8119,5.670487333463843
8120,5.272422443176049
8121,2.63550365378924
8122,5.669189997189855
8123,5.709140264262946
8124,5.868835268784518
8125,7.17321194035555
8126,8.019995342090096
8127,3.3388618248700954
8128,9.050816957349815
8129,9.262903480422983
8130,4.305173233888365
8131,7.493950667084199
8132,8.890741576136218
8133,6.439517631965833
8134,7.246685624203814
8135,4.3283590994943975
8136,6.109600390144172
8137,4.846949378994313
8138,8.237969747540177
8139,7.551800692846367
8140,2.777024260531284
8141,2.6410744142659026
8142,8.668378120458977
8143,2.7715565878250814
8144,6.039512594035771
8145,7.039783418790362
8146,4.447974596373599
8147,9.306539025127815
8148,5.002015816481467
8149,4.974184867752029
8150,8.735315014615292
8151,4.554039822979525
8152,4.138236100209927
8153,4.511326730607819
8154,4.58231614523153
8155,8.650571558615269
8156,4.83752009857854
8157,4.481524997093456
8158,4.88140217652428
8159,8.82890281930867
8160,1.8948519728606188
8161,6.534416174668924
8162,9.278365065725689
8163,6.301556034169632
8164,7.606414853136586
8165,4.828217603060181
8166,4.865753295170939
8167,5.823631695334486
8168,4.440183657053394
8169,3.285044132770647
8170,6.61555013801175
8171,6.1508153642498415
8172,7.633534133414438
8173,4.607907559770435
8174,6.584149107089813
8175,5.473164691150345
8176,6.869182591423761
8177,5.649245656115277
8178,1.8208731902396371
8179,5.818551271351845
8180,5.1502076432629
8181,4.5689246774670655
8182,6.912458656012194
8183,3.7508970367267676
8184,7.951368661317659
8185,6.828122356563568
8186,7.547032219394178
8187,5.9909119734304435
8188,8.257128661743826
8189,6.867726969266184
8190,8.741114163947245
8191,7.918258347916703
8192,8.965665205690186
8193,4.510282227967769
8194,6.914148751461345
8195,7.119211893964854
8196,4.19363541423041
8197,3.4467289405296584
8198,7.073242794990655
8199,0.5068323722549344
8200,5.239319249127725
8201,7.312632068739863
8202,4.17736877827778
8203,4.370911871605923
8204,5.668852943026514
8205,8.937376349614079
8206,4.621424308185016
8207,8.107817430462726
8208,4.2226156910088415
8209,4.773712868119974
8210,5.3632516911785135
8211,6.725217319969555
8212,4.420209455324433
8213,5.493336597162747
8214,6.2347318478486295
8215,6.231889089434771
8216,2.880924026239398
8217,5.844771127574356
8218,2.6555493328985733
8219,7.037252596171488
8220,8.966396739550632
8221,4.302784721736217
8222,4.457911619808948
8223,7.909376597345324
8224,3.860736907304574
8225,7.174316964303254
8226,7.0047881143285196
8227,5.162725830374771
8228,5.223542307579
8229,3.9940536020181634
8230,8.857710526324244
8231,7.573754740895758
8232,2.2788366241096023
8233,5.2029502293684455
8234,8.321880418510137
8235,5.177027030180309
8236,9.224576051107693
8237,6.710800426738443
8238,4.370619797283562
8239,9.782329049796802
8240,6.301819062501132
8241,4.806890230219241
8242,3.286372049436838
8243,6.804141628966322
8244,3.390912701269605
8245,5.568653011166886
8246,3.4230164516440955
8247,7.562213238504221
8248,3.53799501494175
8249,4.781928100428467
8250,6.973823834857914
8251,6.222340197437358
8252,6.375792996249972
8253,6.871897920679965
8254,4.959309038787817
8255,5.809285005558692
8256,5.136824323239107
8257,1.912989766208343
8258,4.4798834688141165
8259,3.908392263539631
8260,4.542304905435707
8261,3.5929083003383058
8262,7.101349628900175
8263,3.4930613552815153
8264,7.759305568128856
8265,4.766493336535509
8266,6.426496764824113
8267,7.694843199234938
8268,6.281257219099247
8269,3.1798693536786753
8270,4.5929128741418035
8271,6.48119872157004
8272,4.027989054681856
8273,7.92301484800366
8274,7.360416934353184
8275,9.85275891012472
8276,4.879481485399169
8277,5.378720526128901
8278,4.221695927278377
8279,3.970154447440132
8280,7.330917794788452
8281,8.326748716660692
8282,6.966416672586954
8283,4.616691809572307
8284,3.898095586287812
8285,8.499891932562393
8286,7.911602585954909
8287,4.629187830789465
8288,7.968504694291665
8289,4.991512784516375
8290,6.254439948148764
8291,5.1302780771276915
8292,8.823449730956819
8293,7.132434238628341
8294,6.049155902627197
8295,5.446363548819079
8296,2.8377870226983495
8297,7.48153918303555
8298,4.294623484006245
8299,9.49246067931891
8300,1.297241551981108
8301,8.16617926531986
8302,4.20673350201336
8303,2.933383292912594
8304,5.5968010696771335
8305,4.501054874401906
8306,2.3270795887168094
8307,7.683409207039622
8308,6.921784148334692
8309,6.080286214469423
8310,6.391302547426568
8311,7.328253124932449
8312,7.710232133272584
8313,5.327035449458513
8314,6.593582889334625
8315,2.5580996911104763
8316,6.887701727089237
8317,6.864029270924069
8318,8.745569403844776
8319,4.095310729153215
8320,4.959211586581791
8321,5.340867424953053
8322,7.463483503856439
8323,6.074449479834154
8324,4.04050017692663
8325,4.570908026770683
8326,5.229999678470676
8327,7.933415370849087
8328,7.433352948909636
8329,7.985635080119685
8330,7.767565976271811
8331,5.731566369329083
8332,3.0410113882172776
8333,6.288763978515158
8334,4.461307625156126
8335,5.867851238073699
8336,7.061613239830324
8337,4.361605951649597
8338,2.433225150177337
8339,7.924450405062227
8340,4.876024495617003
8341,8.724756158515284
8342,1.874905916213729
8343,8.668842066529475
8344,6.403296561107097
8345,7.417058845502827
8346,7.07967169792788
8347,7.178402513592391
8348,7.873595132682988
8349,5.127056918493565
8350,5.412783500674425
8351,6.582513418848915
8352,8.285266908460155
8353,0.8124158225908729
8354,9.604369121926252
8355,5.799452302102427
8356,6.898590689016368
8357,1.66960699225826
8358,6.975463845596199
8359,9.240459756289907
8360,4.5722107037152675
8361,6.311728712530837
8362,9.706177935028435
8363,6.898559849434232
8364,4.663964071879056
8365,7.948732921155819
8366,8.990373482028053
8367,3.4023586990902457
8368,6.960755939128899
8369,5.683900242120549
8370,3.2021980513148094
8371,5.571620706912785
8372,6.017905862618724
8373,5.113445582308517
8374,2.648316711281851
8375,7.40047953030605
8376,7.81739457950875
8377,8.25734838686465
8378,4.151613322133788
8379,6.552843505436298
8380,2.3893047509492904
8381,2.0267842544479997
8382,5.583413938518921
8383,7.365510089796264
8384,8.037476728921254
8385,3.7941777432519364
8386,8.063885533720951
8387,5.163178890056062
8388,7.963963746050718
8389,7.365476294228984
8390,9.200662832955253
8391,9.388137716297857
8392,6.5464823905972125
8393,3.894404854147103
8394,7.691311860352377
8395,5.681547970121846
8396,6.034954150613452
8397,6.095479844422138
8398,6.525784711412063
8399,6.08662558183861
8400,6.583202586653453
8401,8.860387001414368
8402,6.164716097682295
8403,7.280008670650519
8404,6.671049093264449
8405,3.6451814339983803
8406,4.954797361153862
8407,5.8293224854914225
8408,7.744963552466926
8409,7.626124769221162
8410,5.402798121389361
8411,6.404265853616825
8412,6.946073199709912
8413,6.1195229693063276
8414,4.257273173666849
8415,8.503760913624971
8416,7.498332111677498
8417,4.0540353330286365
8418,5.441320222680249
8419,6.417884692194209
8420,2.813518613607849
8421,1.2654776274892878
8422,6.101295080795114
8423,6.098774212451444
8424,4.747973902906104
8425,4.463363587050593
8426,6.96358492086244
8427,5.403247710062159
8428,8.731585249273438
8429,1.8720129906077523
8430,6.25807511931594
8431,3.905847986112967
8432,6.66668618015214
8433,7.761779897911907
8434,8.164123843470524
8435,5.321898992534002
8436,4.998044932303583
8437,3.88266790855889
8438,8.156800275865999
8439,7.177078603882428
8440,3.259838017454486
8441,3.2712464302788784
8442,8.570770681912501
8443,9.895492765149923
8444,8.066161869001169
8445,8.445701649654682
8446,7.991402791924712
8447,7.3065383991065715
8448,2.7048859072865814
8449,3.6786290641942525
8450,3.2792890135093034
8451,6.429435836096529
8452,6.591550672837571
8453,2.6232292121206116
8454,3.080827760870349
8455,8.318076390207178
8456,6.212624573949836
8457,8.80371611066434
8458,2.4484422303584936
8459,7.56421404439161
8460,8.74485738439315
8461,5.968155322486932
8462,6.028161975123863
8463,7.7382728106232985
8464,2.6381549233466677
8465,7.176966551910156
8466,4.032473081005027
8467,3.1176435733687944
8468,7.59396699711133
8469,5.833327124259985
8470,4.502079487291208
8471,8.283603354572026
8472,4.072054344526213
8473,5.050930405006068
8474,4.622331308240383
8475,6.216275335627269
8476,6.515024395037197
8477,7.862653923104368
8478,7.059228297884197
8479,5.7884553132845165
8480,4.358829965859751
8481,6.804476260550304
8482,6.615379828834831
8483,6.051476169348348
8484,6.036415600658169
8485,6.258369929648377
8486,9.179005666637893
8487,4.194765268198719
8488,4.107404486984395
8489,6.5856946177460465
8490,5.00568982850444
8491,4.701975791739736
8492,6.173274313342727
8493,6.370780971510929
8494,6.975172023270521
8495,6.6450174508769715
8496,3.299013902899776
8497,6.888695231211232
8498,7.132017317115688
8499,6.328091911475747
8500,6.240985075148965
8501,1.5702888311600787
8502,4.51323854380129
8503,2.653509078686685
8504,7.251150312871046
8505,6.759975722767525
8506,5.744607473156391
8507,7.175641666015868
8508,7.0478612948353225
8509,9.107878951888203
8510,8.46711384637503
8511,6.90903028390037
8512,4.848531811079432
8513,6.982242317603643
8514,7.370987472195949
8515,7.094888257755626
8516,7.027457535276805
8517,6.5963321525015175
8518,4.9215802132486015
8519,6.101935072769402
8520,3.338499958407146
8521,9.587546530587947
8522,3.8084230621291226
8523,7.751693496721478
8524,4.481119783581125
8525,7.802059291097347
8526,7.746085407634297
8527,7.516392538577688
8528,5.906880884964244
8529,5.219905091820602
8530,5.757131844544315
8531,3.472606938752361
8532,7.669837696237423
8533,8.69370385897178
8534,4.012095198882259
8535,6.194914389346225
8536,2.7276741814271808
8537,7.918868355219507
8538,9.665120153972516
8539,6.190520708085871
8540,6.8747510801413245
8541,5.576525547330618
8542,1.6212356679948685
8543,3.529358752647266
8544,8.260926285123853
8545,7.314268516654448
8546,4.101377368068786
8547,7.353148987018953
8548,5.535922772421091
8549,7.45606928538913
8550,6.9338976064616435
8551,7.554600730122624
8552,7.383625792464014
8553,5.893024205834002
8554,2.555926119963913
8555,8.023523451354228
8556,6.981952360019528
8557,6.097857378113372
8558,5.027007252789781
8559,6.154029296508593
8560,4.140846459157651
8561,6.034475450253097
8562,7.497723991898273
8563,8.951621539288318
8564,7.212045181779648
8565,4.886583515527734
8566,6.8111363601034975
8567,7.615630208592869
8568,7.19929164808223
8569,8.274628411521658
8570,9.801319828595338
8571,3.295955997152239
8572,5.054351511133816
8573,7.287383308965598
8574,5.030722382222985
8575,1.8593084712593444
8576,6.036896458910342
8577,7.300364029545293
8578,8.270324218014443
8579,6.05348596901685
8580,5.348398066095745
8581,5.446251201424169
8582,6.7030535404224985
8583,6.108919098897328
8584,5.604777522592486
8585,7.726689766736091
8586,3.2408261409149244
8587,7.9545208878671705
8588,6.148530443895187
8589,4.784587157813388
8590,9.226589740635244
8591,6.971515898567325
8592,3.0684447474322494
8593,7.2207119720974635
8594,7.823968859991878
8595,3.8378929793959635
8596,8.092942436335045
8597,7.266949746251031
8598,6.08958932052177
8599,3.234769954341215
8600,2.3682611098142825
8601,7.514293851273584
8602,2.5137083130042823
8603,1.6356301806236708
8604,5.0492941638844
8605,6.218633994112148
8606,6.929955280975875
8607,3.2214139072389716
8608,7.8127353726521385
8609,5.910561104623117
8610,6.271780753451152
8611,8.041444181585735
8612,4.493191710683061
8613,4.867135629006731
8614,4.750983221565955
8615,7.667510457603862
8616,4.9416860275762495
8617,8.345401115160337
8618,5.452040405532117
8619,7.190805984902292
8620,7.913264860130955
8621,8.643120677049644
8622,7.78939495101083
8623,6.186631197013035
8624,6.492705230905049
8625,7.276841946362658
8626,5.002956761231161
8627,5.667683654692514
8628,6.681746459634186
8629,2.3467823460735984
8630,6.29001311015474
8631,6.90143546825757
8632,6.6612463132957975
8633,6.600367235203441
8634,5.721329022206767
8635,7.740271875284165
8636,6.650913156531654
8637,6.490859789063169
8638,8.629694004515349
8639,4.456347529105241
8640,9.32657990593153
8641,5.309779270958527
8642,1.3030395055614241
8643,3.920458846542953
8644,6.642376515075229
8645,7.800311520077154
8646,6.550181419577797
8647,7.415975429493859
8648,5.271966743266966
8649,8.60310965383519
8650,6.865428364603904
8651,5.6176398963861836
8652,4.7161362237613735
8653,7.968376483004386
8654,4.623444772475698
8655,7.539383776902818
8656,5.502503161549452
8657,3.8171607600700983
8658,7.325710410029434
8659,4.8608723707249
8660,2.66889097631331
8661,5.068154119507919
8662,6.979357009142545
8663,4.731069367151441
8664,5.801898395960443
8665,5.819491162294472
8666,4.218177693026516
8667,6.9549495388524605
8668,4.902971138912326
8669,5.947635120834461
8670,7.070874716565019
8671,9.035075177906624
8672,4.847889901052593
8673,5.548497953356264
8674,7.116212819882463
8675,4.42066682541883
8676,6.874167540787912
8677,6.721369975670655
8678,6.654627936244927
8679,7.411735469285256
8680,8.20771554362502
8681,8.164386327284866
8682,4.306766239702587
8683,3.5972290347409244
8684,9.958091240577591
8685,4.213820696252324
8686,6.163973829330491
8687,6.799281594885794
8688,8.07647048968088
8689,7.082664543909308
8690,5.691856250938348
8691,4.448802178649499
8692,8.237099803796657
8693,9.960157484979408
8694,3.660303785068419
8695,6.304409282257966
8696,6.46637360747857
8697,2.9263224260544978
8698,6.016932014102243
8699,4.6918080857641495
8700,8.717351009470026
8701,3.729039971310318
8702,6.730814236473066
8703,9.963130019888576
8704,7.622602559487806
8705,5.912342089436169
8706,4.87368304747876
8707,7.715319546732429
8708,3.3749538535544037
8709,5.080086099859231
8710,3.7603883849051307
8711,7.1633745487728815
8712,3.2473127424424852
8713,4.8795261735592526
8714,9.500888928095634
8715,3.679021195692339
8716,4.32665821859739
8717,6.105317234498484
8718,6.80615590566419
8719,6.155594463085293
8720,5.741543847334141
8721,3.7737995653078054
8722,4.3316926123786255
8723,2.3580525513952657
8724,4.837851014427926
8725,3.4118076172957568
8726,3.56802126500837
8727,8.13749178191767
8728,8.9461661138055
8729,3.804680648646095
8730,4.742643298852393
8731,7.821848888067055
8732,9.635533350958239
8733,8.28302458455371
8734,5.644261911893118
8735,7.318938961507899
8736,8.033013748713438
8737,7.975283146754938
8738,8.263695716171563
8739,8.135462681793333
8740,3.3253355026925817
8741,5.4734869124453
8742,5.945858110059448
8743,5.299101087381807
8744,8.612435454307693
8745,6.4533970238721725
8746,6.954373896807542
8747,9.360561490333023
8748,3.2511587478690336
8749,4.464367501554964
8750,3.3332259557376043
8751,5.050890637147267
8752,5.455543253160873
8753,7.771799574721754
8754,5.234272358714901
8755,6.624156941423325
8756,6.792769837399759
8757,0.3386503317169145
8758,4.765978272932306
8759,3.3548303872677177
8760,5.233473735187528
8761,5.839936864202675
8762,6.2632118662796605
8763,7.685361048135636
8764,3.3126509374664037
8765,9.127474180460794
8766,7.003922934940143
8767,9.132684388993004
8768,3.7951727639204997
8769,7.334039564248041
8770,8.889918732014916
8771,7.69146503108882
8772,8.208725312913087
8773,5.3348030044405546
8774,5.62097298647386
8775,4.9673687344785264
8776,6.626279601582179
8777,6.829330580577736
8778,6.677493627851474
8779,5.935635584447078
8780,6.76481753614021
8781,4.885612899277834
8782,6.167362064093486
8783,6.961142196329278
8784,7.95659885457499
8785,3.2854230514517284
8786,3.6786233661253873
8787,2.531056901129187
8788,5.466258104730421
8789,6.560044984017152
8790,8.556101847351172
8791,6.787301680500134
8792,8.354645249431863
8793,5.437310006522063
8794,5.140964476471586
8795,5.26712445537766
8796,3.1568789890846523
8797,4.181131608227167
8798,7.318122278686008
8799,5.35539254461512
8800,5.136710018201618
8801,2.8570852693907076
8802,5.145112495197843
8803,6.543094463298685
8804,7.950566314081012
8805,7.19446458756245
8806,7.226455720851218
8807,4.372808688624076
8808,7.165501413383087
8809,5.722350779575785
8810,4.7437461775614
8811,4.971675619748205
8812,5.931453300885706
8813,6.48962984963595
8814,6.874088383910009
8815,9.337393217763573
8816,6.537619440565577
8817,6.548652931190036
8818,5.820074782296662
8819,4.8288745977460845
8820,3.163694966944891
8821,9.363030274327924
8822,5.390057769725081
8823,7.989619208626362
8824,5.866644953976095
8825,8.24358102428965
8826,9.323965100078022
8827,5.685907572931686
8828,6.329394646173872
8829,6.003894273774195
8830,5.076022429391124
8831,7.03101145053364
8832,9.001029700426454
8833,5.710783907570615
8834,3.1220425197225494
8835,7.8081687595074705
8836,7.537524706382451
8837,8.245669525181876
8838,5.520889243875614
8839,6.554317004693933
8840,5.981883462987966
8841,5.689529186491008
8842,4.834818555133994
8843,5.896668388643254
8844,8.52949582265053
8845,3.8951579759160877
8846,6.290118391058412
8847,5.073133411441276
8848,6.448010899099956
8849,7.678152176403636
8850,7.131520917314533
8851,5.893468666056329
8852,4.614778874196632
8853,4.412924397770142
8854,6.5091805884969505
8855,9.133180017248268
8856,4.970591733708115
8857,4.555243271553333
8858,8.763960056235792
8859,5.951967073624044
8860,3.725060919561082
8861,5.684823672573785
8862,4.349924733892138
8863,6.679407755561843
8864,6.436239185306405
8865,6.246238248436011
8866,6.607337133442284
8867,5.209277481898133
8868,6.7085862793668065
8869,6.68407620273077
8870,6.663102212648655
8871,8.359371213329283
8872,6.777476133968258
8873,3.545087244574976
8874,3.1924246541618393
8875,7.116730832494447
8876,2.2173017786409064
8877,9.17506356770923
8878,2.686037463095953
8879,7.429387211555604
8880,9.038237245676589
8881,7.863358918353768
8882,4.752616282639336
8883,7.188498475819036
8884,4.011812305321969
8885,5.10123233211516
8886,5.147150478121967
8887,5.104592413967764
8888,5.000767164920859
8889,5.629648379678967
8890,7.797390491695628
8891,3.629402968060849
8892,6.307089141856748
8893,5.950338053441142
8894,7.606899779643556
8895,2.492913957773246
8896,8.222983166101018
8897,5.227195573797655
8898,7.684411359204757
8899,5.108423854192646
8900,3.763862475675751
8901,7.664673495069353
8902,4.427408085944968
8903,6.079914575507132
8904,2.7317160654459274
8905,7.2908362339618575
8906,6.610497657829394
8907,6.088567869656674
8908,6.73390145341126
8909,3.9657584518983144
8910,7.843651731909325
8911,5.855958441741992
8912,5.207412487541866
8913,5.381379355224029
8914,5.526124362587813
8915,6.385058931103872
8916,3.2317202622658687
8917,5.031176532397583
8918,3.627788849051026
8919,6.703102322897379
8920,5.148088450435224
8921,6.7348920688787866
8922,6.670197419072101
8923,6.274215399851412
8924,5.9599944256999935
8925,5.980849379075018
8926,3.427577036696964
8927,6.565606259378064
8928,5.22520059477551
8929,5.572823059068991
8930,6.688225475326099
8931,7.079304731280487
8932,7.802585494935275
8933,7.969679439364731
8934,6.298414017819647
8935,8.695729660811063
8936,7.569986890047927
8937,7.739670032828898
8938,5.462260737457306
8939,3.5006304038763654
8940,6.682287163884306
8941,5.711457621493786
8942,2.2697880457336677
8943,6.974522073317452
8944,8.713573856136472
8945,5.014309798640985
8946,5.8718161633206805
8947,6.591188045819631
8948,7.993823815086716
8949,6.074656909833591
8950,6.316937874276282
8951,4.586965777366542
8952,3.3819105082278025
8953,6.000499846619016
8954,7.50409487864401
8955,4.324055653235846
8956,5.313339221773926
8957,5.012160051288758
8958,5.415079106499095
8959,7.059243739392536
8960,9.157838025687592
8961,5.856482926868343
8962,3.7098179441472303
8963,6.621958204873038
8964,6.1166434366779825
8965,5.176710085004118
8966,5.363920439536866
8967,9.347737624746282
8968,4.9797203855895456
8969,7.535956899161688
8970,5.87941759230967
8971,4.33895264089843
8972,8.25877903476039
8973,7.850757882768481
8974,6.485236110826684
8975,5.252602460065442
8976,8.378747031257753
8977,5.95492912767458
8978,9.156550817278037
8979,6.656366527907249
8980,4.408358269875868
8981,6.512255829995976
8982,7.660772857366023
8983,8.641840672622054
8984,5.772216002158846
8985,3.956484966535547
8986,3.87404566800796
8987,5.216654306753254
8988,3.792656771513364
8989,3.8546444704184646
8990,6.973278511307846
8991,5.023633716117994
8992,4.238723693622315
8993,5.805535527660861
8994,4.104301657752577
8995,8.386619457922569
8996,5.493985649928686
8997,6.916807171156258
8998,7.0006240325337545
8999,8.059742648198588
9000,7.077665768154432
9001,7.270904277480091
9002,8.13208591340675
9003,6.254257645929908
9004,7.647216452164177
9005,3.0475132199266515
9006,6.677633401405171
9007,8.728474371178567
9008,5.89153209448018
9009,6.218967136205649
9010,7.800287430067618
9011,4.995891711318427
9012,2.6508621810232085
9013,6.959841119099867
9014,7.444572001846195
9015,3.5831869538525685
9016,4.842439356952095
9017,6.568519398441241
9018,5.901521085413033
9019,3.505042620272006
9020,6.393005425942098
9021,4.632500037318747
9022,7.767386863666116
9023,6.298889865597301
9024,7.107429042806552
9025,6.235865931710394
9026,5.682887850363544
9027,6.771329607266302
9028,5.368553509740792
9029,4.538245837195554
9030,5.075125974038068
9031,6.120417568823535
9032,5.347001361598117
9033,4.78423717119625
9034,7.453710262473958
9035,6.359735443507622
9036,1.8333699562528663
9037,5.7634249046273975
9038,6.554081714513858
9039,5.463540908572513
9040,6.8207535603589555
9041,4.63262737886736
9042,4.1971376133300025
9043,5.906251382142297
9044,4.592302475444939
9045,1.9944091204501095
9046,6.2944112152825475
9047,9.589376330556286
9048,8.150343757623917
9049,9.862478294298104
9050,4.008579146697559
9051,4.646969229990989
9052,7.27218901213003
9053,3.4951739166496436
9054,3.995260104335875
9055,7.8963822427745125
9056,7.900991710896021
9057,8.568580094899572
9058,9.234023719034768
9059,5.816737410852813
9060,7.56730314181395
9061,2.513677832398627
9062,5.381958273385579
9063,4.99595671816291
9064,6.502805731275349
9065,6.767599135902731
9066,5.114487979760453
9067,3.537159348998871
9068,6.460028605003093
9069,6.4403300400625545
9070,6.782359010612245
9071,5.764064565918897
9072,8.74258545000361
9073,4.366016364311931
9074,2.7609611997200245
9075,5.8023237286521345
9076,4.883307478103575
9077,4.951758015107888
9078,6.01109431291892
9079,5.408361049250942
9080,3.677756348981979
9081,3.870355616713776
9082,7.087744492620958
9083,9.972513493384465
9084,7.162648282315535
9085,8.449632720002189
9086,4.701138081806506
9087,8.094412626181239
9088,4.293680083836449
9089,7.092310784459975
9090,6.413759324480868
9091,1.7498914120883216
9092,4.237625600794437
9093,8.08661246049762
9094,4.190040211945542
9095,7.340069063252899
9096,9.325883967265963
9097,7.217466947933481
9098,4.382841510040308
9099,5.014263247804464
9100,9.396327166740646
9101,7.484505122980851
9102,5.416818465415114
9103,6.213307809160091
9104,4.653731487525301
9105,7.799436189460325
9106,3.951056968845233
9107,4.924751016524943
9108,3.769919346713082
9109,6.706234416613935
9110,7.494633765842102
9111,5.565149312292272
9112,2.281415498897545
9113,6.204085225174322
9114,4.666910704624894
9115,6.150860563812676
9116,3.4794972720592976
9117,6.323909809865444
9118,7.84462117528522
9119,6.603008443009711
9120,5.403458279074508
9121,9.472663959649074
9122,4.327938567991692
9123,7.859006533477125
9124,9.766796847137591
9125,6.100975211101963
9126,4.822619271460355
9127,3.9003791246685244
9128,5.789979445834352
9129,4.357045249745947
9130,6.110154823656029
9131,5.228231001700195
9132,6.918983187961049
9133,2.4274373974266483
9134,4.700139714626896
9135,4.768640981011369
9136,6.672628406334486
9137,7.586976203999249
9138,4.9644340422863085
9139,5.398253529507723
9140,6.104760561698725
9141,5.605990208466665
9142,8.133529807602747
9143,5.723761291144984
9144,2.0936803142943723
9145,4.055710314816901
9146,6.086557090764322
9147,6.486182965566014
9148,6.999165268257119
9149,5.657103532663692
9150,5.843201330946287
9151,5.429627256640857
9152,6.9247128718464275
9153,4.826384304181707
9154,5.652474109997743
9155,5.635001398334591
9156,9.223173753553423
9157,5.389879942132133
9158,5.280811692457295
9159,5.4053702728336255
9160,4.600469868583586
9161,7.825967987850043
9162,6.542448776451816
9163,4.908933529518158
9164,6.62015773400331
9165,8.159678409152567
9166,6.421459052802971
9167,4.00089578961487
9168,6.474952906228809
9169,7.431199870113406
9170,5.765351756863084
9171,5.200733920529046
9172,8.286839791516183
9173,6.297349980768274
9174,5.465411839117946
9175,5.316561660636479
9176,4.114634219461165
9177,5.222308542059914
9178,4.295238652865445
9179,4.445748250630961
9180,7.304793458533263
9181,3.814105187783314
9182,6.591217062059371
9183,9.94964594835964
9184,6.9589306575836885
9185,5.585119049314147
9186,3.5668592171893803
9187,8.341688408876198
9188,4.903045616278172
9189,4.550883587983283
9190,5.668146026171539
9191,9.521000284977402
9192,5.90271232748536
9193,5.4595416032100985
9194,7.373845950999957
9195,8.385094128896846
9196,8.89674036169949
9197,5.369563494692079
9198,4.025327456898808
9199,7.6077763525256215
9200,4.7854550145400285
9201,6.901591275904843
9202,4.370243593636789
9203,3.74324077981938
9204,2.0146417714609175
9205,7.970802263032432
9206,7.187155157088644
9207,4.450161534359705
9208,3.412333663721858
9209,4.5145771459738215
9210,8.799266674145915
9211,5.680392043356489
9212,5.34974412634813
9213,3.88712303291336
9214,5.7741013321225045
9215,6.72649390240965
9216,4.147553845569948
9217,6.661628214483606
9218,5.853041188848658
9219,4.028827610772242
9220,6.330955242934343
9221,5.206846426889437
9222,2.188043450192939
9223,4.718461715542105
9224,5.985976299317361
9225,3.2996064093922852
9226,5.094969645271879
9227,5.865647902784331
9228,5.017770487614398
9229,9.574443235132128
9230,8.892484534546961
9231,1.0143436886863384
9232,8.946433143208814
9233,5.640705499547908
9234,3.8111605833637117
9235,3.102635983129688
9236,4.490851743126927
9237,3.908051652221862
9238,6.586440040741209
9239,4.1778386553258935
9240,2.932634345266167
9241,6.723989258522237
9242,2.8739390592795164
9243,5.979038624396417
9244,5.952202796972149
9245,9.18946431917239
9246,8.230103719476718
9247,4.4435712293497795
9248,5.57466703626889
9249,3.6747789050835924
9250,6.334610074712447
9251,5.655410198159143
9252,4.908314941274682
9253,6.106180161857431
9254,6.167590404640866
9255,2.824096014598877
9256,2.836274578916418
9257,4.488255191665758
9258,7.323931377230025
9259,4.151916966968871
9260,6.877403194426364
9261,5.121312648908898
9262,5.596920781761105
9263,8.418864011281665
9264,2.661618634036518
9265,5.25111694935214
9266,6.389343357812413
9267,7.573600430507497
9268,8.685137664589197
9269,7.259730875873462
9270,6.156294967436677
9271,5.6460912314325284
9272,7.087427922586626
9273,8.400511041974775
9274,9.315959333713035
9275,4.75842015932971
9276,9.428309597771152
9277,4.310431585682661
9278,6.436067049480397
9279,8.542861530850354
9280,6.211625162054266
9281,5.427298573236879
9282,3.5894670976298597
9283,3.9627267851670975
9284,7.130941446034088
9285,4.3749225047445774
9286,5.916826927901287
9287,1.897198442752186
9288,2.2008120297570075
9289,7.400174146540002
9290,8.5655748835902
9291,2.043304458756195
9292,7.580459342075237
9293,5.633465667284865
9294,2.369246523375814
9295,5.114202773631398
9296,5.589895641576204
9297,7.600437432035202
9298,4.777164131004351
9299,6.214387271770514
9300,7.1923492890555405
9301,3.8589799652660814
9302,5.002650488155789
9303,2.2333551359450103
9304,2.892633293052636
9305,5.483457787573673
9306,3.204501842696779
9307,2.025940068629206
9308,5.275193254552401
9309,6.2844876410566295
9310,8.024612850326236
9311,9.091257788694188
9312,2.4037622396827025
9313,7.298564328429786
9314,9.276923649693439
9315,6.905385432818459
9316,4.2828942559934156
9317,2.199006406984702
9318,5.812675699807527
9319,6.7673320914182264
9320,6.890877240426634
9321,8.27234051533998
9322,7.925567158220466
9323,1.7919551454077458
9324,2.5693215330065544
9325,6.234520556531245
9326,7.608940665701463
9327,6.915764710740843
9328,3.9181092702079723
9329,3.705156892237056
9330,1.8426167795430928
9331,4.724202157649265
9332,2.7497845275483805
9333,4.429947405781603
9334,7.388337233229849
9335,6.848890479375444
9336,4.734491135484131
9337,8.908853318776115
9338,7.294853930705212
9339,8.98627671208177
9340,7.254458313305846
9341,5.765316363564544
9342,6.229462840537305
9343,6.505738650030544
9344,7.458396453406385
9345,5.5184836206025105
9346,4.9890223286470246
9347,9.372765672929383
9348,4.8573432505542575
9349,6.403279309305938
9350,4.863350939058063
9351,5.1822752396630065
9352,7.027302615828496
9353,4.801646814665229
9354,4.729155726730509
9355,8.577312716644578
9356,5.482174083238708
9357,5.382410931136867
9358,4.487843567170279
9359,7.9088520194498475
9360,6.018312069472737
9361,4.824661412228588
9362,6.073874662705668
9363,4.573713560406234
9364,6.904542812831597
9365,3.4585989208863515
9366,7.053167362425535
9367,8.715045863851797
9368,7.819813736343562
9369,7.859529461085091
9370,9.495769599345785
9371,6.308562743622512
9372,6.405590658939007
9373,4.631496464827075
9374,4.0342615133474435
9375,4.585361405040755
9376,6.932223192923922
9377,7.540058164570151
9378,3.315053763490858
9379,6.120050050082695
9380,3.839969451198019
9381,6.484249900228621
9382,3.2080771845720153
9383,4.936604038467386
9384,8.465126510963534
9385,5.736174223725362
9386,4.381805334115933
9387,4.8885401182692965
9388,4.657500579712567
9389,7.799962907441513
9390,6.216309432514977
9391,7.22376677834343
9392,6.340953125527515
9393,6.6982210115239385
9394,5.237831841022427
9395,7.011771115468083
9396,5.254423224045508
9397,5.180608935622282
9398,4.996089285029072
9399,2.67631795399232
9400,3.7121635144030236
9401,5.061588054190591
9402,1.067724911078899
9403,8.165257756392863
9404,6.383587189144262
9405,5.575245497194234
9406,4.879758928612229
9407,7.216603365840172
9408,5.360898057412723
9409,6.4990082390565656
9410,4.933998714110061
9411,3.5075957495842673
9412,5.5820314709229
9413,7.098417447722096
9414,6.238669152943835
9415,2.7282899410176142
9416,9.52313065571237
9417,5.487516488576435
9418,7.927010876952735
9419,5.04650970915834
9420,2.8925997776280674
9421,4.188971610779516
9422,5.66535739318845
9423,3.9602925994160647
9424,8.188352217778526
9425,5.662468184650781
9426,7.049828004590384
9427,8.879637939849111
9428,1.8583508921960252
9429,9.073776603356194
9430,4.982220965552939
9431,6.64077435560942
9432,2.6554602565849557
9433,7.585861220850672
9434,4.620512312267512
9435,8.376071737464878
9436,5.6624201260113045
9437,7.45034775051354
9438,7.091522439533083
9439,5.85507393505066
9440,0.8435868744909293
9441,1.0434494403859502
9442,3.955591427569061
9443,3.946123664766903
9444,4.938426306662726
9445,8.314355464655886
9446,8.117052232645234
9447,7.620518629274267
9448,7.771016542053532
9449,5.493261015763454
9450,4.860856348518064
9451,7.585486064206201
9452,8.563276620418327
9453,3.279994132449824
9454,8.652463482717097
9455,7.247282680211484
9456,7.608620521576582
9457,5.7888419206028825
9458,8.108783173485492
9459,4.453529110323881
9460,6.931584509209293
9461,6.377071111937018
9462,7.898691714316033
9463,5.218758851473709
9464,3.324334553524411
9465,4.1030060916702595
9466,8.093029033944084
9467,3.856409606672445
9468,6.228730921104252
9469,2.908182776727725
9470,6.046543240894646
9471,6.717070159841964
9472,6.115251948207883
9473,4.811658941055722
9474,0.9421942013892036
9475,6.608777325296365
9476,3.6665390483284885
9477,5.772971978811028
9478,7.036147125330523
9479,7.4549512789522785
9480,6.541631914322524
9481,6.095631744156235
9482,4.481023841622205
9483,6.851607160240625
9484,2.9382962238978356
9485,8.61533375713616
9486,6.032455948769908
9487,7.7062516438732835
9488,7.8549750625894665
9489,5.695469161622146
9490,1.9309361150319198
9491,6.199119807673031
9492,6.572805577465517
9493,6.59510287321816
9494,6.862196182196562
9495,3.4412600067402113
9496,2.844903093569302
9497,7.047889773855098
9498,6.02626488275413
9499,6.019931087137712
9500,6.248045298470128
9501,3.4121669341305725
9502,9.211558765014658
9503,2.3992899956138283
9504,8.871927810060393
9505,4.688281032508727
9506,6.908934912136511
9507,9.31420514960884
9508,7.584211424915913
9509,3.2539521726054583
9510,8.441390192331603
9511,4.70736046207284
9512,4.674869709271663
9513,3.9481359531743188
9514,5.44496651478311
9515,8.894133961623835
9516,6.331625809722087
9517,6.497854749650404
9518,4.904251467608398
9519,5.495723540348116
9520,8.45846093196822
9521,5.6922294670946085
9522,2.5766523005237723
9523,5.2861420055750425
9524,5.987966604603849
9525,7.1404848234319225
9526,9.12264410623244
9527,7.660103466912853
9528,5.822004325885107
9529,3.3128443479684746
9530,4.779289088055042
9531,4.476038879162404
9532,6.697243909647589
9533,5.180291526732993
9534,5.239059505957567
9535,5.40547638398014
9536,5.2586256280255625
9537,6.376426371724237
9538,6.16910544411327
9539,5.819465387379752
9540,3.992264468243991
9541,2.53326669505362
9542,5.319101441305725
9543,4.753463237049164
9544,4.0729364462251
9545,5.897877350031794
9546,2.9524936343932917
9547,7.4980565805484085
9548,4.70006490449257
9549,8.980021312263665
9550,2.258838182614608
9551,6.58451473866274
9552,5.407193387426155
9553,2.195919632134965
9554,6.111458924966541
9555,5.17308828560456
9556,5.627264382667591
9557,6.626275150894515
9558,5.3045925787333745
9559,4.510759863172323
9560,4.259469345752053
9561,7.17413099341507
9562,8.515679050710485
9563,2.1928046965702737
9564,5.702556262496597
9565,7.7573915541373015
9566,6.090342670537174
9567,3.5260617252190385
9568,5.522760148834645
9569,4.457699165961071
9570,3.459945273572429
9571,4.494681738972814
9572,4.4760190031597356
9573,6.927686110872537
9574,7.849107729461706
9575,6.782501164229089
9576,7.9038758429872855
9577,5.348701853586757
9578,6.0982325332528555
9579,6.154643286973372
9580,6.259883872154639
9581,7.91513794956855
9582,4.673405443917369
9583,8.767102664422415
9584,2.8033685670118933
9585,6.573921079816755
9586,5.435458025533103
9587,7.5397454827109485
9588,4.009144085709804
9589,6.277031142167507
9590,5.944099196547781
9591,5.827234791123696
9592,8.080408982025487
9593,5.2846296344871755
9594,5.669659223531399
9595,6.2174363091765485
9596,8.992330687197668
9597,6.497326874753898
9598,5.585116746428906
9599,6.40923866938567
9600,6.081264962314522
9601,4.3611802128011785
9602,5.904187902614852
9603,6.424905664458795
9604,8.84239843869832
9605,5.226319567850608
9606,6.793900967722411
9607,4.868119007132648
9608,6.320535938502847
9609,2.8053705102836908
9610,5.838205337357358
9611,8.284375060859892
9612,4.018588097129293
9613,7.1009074074422145
9614,3.7956199864069147
9615,7.765314644383717
9616,6.783500085584979
9617,6.019982434492589
9618,7.110299208618076
9619,6.103905128598548
9620,4.542724360835954
9621,5.201841309931337
9622,5.331074022322279
9623,7.662183404916223
9624,6.106596342048287
9625,6.193359187855238
9626,7.141985711494672
9627,4.9851744759550805
9628,7.484493855200041
9629,4.230637847735934
9630,7.549154226512231
9631,3.1751397975999613
9632,2.1055190839568274
9633,3.9702609743433572
9634,7.094132373378242
9635,4.316510174164635
9636,3.6114610793933775
9637,4.0536853184116355
9638,8.161397412638674
9639,5.608367028050463
9640,7.417599730154162
9641,3.7832756971318204
9642,3.7819123289495034
9643,4.478725065947782
9644,6.303664657110808
9645,5.9438208263708265
9646,8.208575578630606
9647,8.03630156501925
9648,2.6302550946113676
9649,8.566611738451295
9650,5.778156420977051
9651,8.003273054159724
9652,9.271803247601943
9653,5.908663852624897
9654,8.248413415969168
9655,4.218390908583229
9656,9.970630288349843
9657,7.952785097876218
9658,3.3205291987099463
9659,7.017398500510601
9660,4.838417772119074
9661,7.789311034784774
9662,1.6005008808683665
9663,1.953270210262342
9664,3.3780306367288593
9665,7.776440599664035
9666,7.757619985394843
9667,7.932675289918236
9668,3.019669283703614
9669,6.6363760935303775
9670,4.196437988732002
9671,1.9443386442207649
9672,5.639687864078937
9673,7.882261953090479
9674,4.414205793544899
9675,6.181764187151616
9676,6.2956592063207815
9677,8.426540495351968
9678,4.9778182496291805
9679,5.424902301462147
9680,4.894129608305641
9681,7.574456572652603
9682,4.34618022339003
9683,5.9798418628147925
9684,5.816858836878282
9685,6.110079409892207
9686,5.778434629861502
9687,8.38322325977874
9688,5.9626515022243165
9689,9.163691195846118
9690,5.932002424083575
9691,7.1153153186926605
9692,7.1358310354461985
9693,5.554626414622947
9694,3.4677315516053793
9695,5.898197501646628
9696,8.742932598868347
9697,7.764750184571655
9698,6.601672086115845
9699,4.014763972080144
9700,6.30335801362094
9701,5.965298478344649
9702,5.189493276736585
9703,4.895710344073608
9704,9.999438684464085
9705,8.544833890946302
9706,7.25533375355275
9707,6.29199078254816
9708,7.191362292749451
9709,5.531249541320539
9710,2.542117326953476
9711,5.607903120423799
9712,9.127341822721982
9713,7.992389272757032
9714,7.08504050605803
9715,6.795256493883338
9716,4.420547152438427
9717,1.0171011480752628
9718,7.000657387371083
9719,4.821368459036434
9720,8.54943106505861
9721,3.0234000615143235
9722,6.0659759358388605
9723,4.355427856730662
9724,6.8235029347252985
9725,8.51971325406726
9726,7.080933733001438
9727,6.462774436503448
9728,6.8358281354320685
9729,5.465320890155589
9730,4.725403347314977
9731,3.2077981267012183
9732,6.713164173265126
9733,8.69632715634847
9734,6.945474986069902
9735,7.4409797884374855
9736,3.2388103921423776
9737,8.209747228142742
9738,3.2831571863404405
9739,7.75549613466424
9740,5.7939989763439534
9741,6.75250683256133
9742,3.3300052165566045
9743,6.83488167277951
9744,5.155796653610569
9745,6.034227389411054
9746,6.670329703670664
9747,4.630751221716587
9748,6.142131681110306
9749,5.292586641377126
9750,1.759267003192964
9751,5.751634283956814
9752,4.012638355606498
9753,9.064165461823288
9754,8.68394362243678
9755,6.620028706895656
9756,6.524285624053391
9757,6.7683685385392405
9758,7.128426734278989
9759,5.829051088973282
9760,6.726128383729537
9761,6.612664783990802
9762,7.041871346250219
9763,3.3900285628920646
9764,9.234735817324593
9765,5.783908164882758
9766,5.467876108527808
9767,5.914459639233355
9768,2.4799407856572206
9769,3.8794108434351577
9770,3.4160245461993153
9771,5.584850265690156
9772,5.181210817372403
9773,5.6938928850864965
9774,9.720824035377658
9775,3.3024342819646226
9776,4.773275094405917
9777,6.518180647559013
9778,7.791300634413922
9779,8.295066892191048
9780,5.477153189983382
9781,8.857477154387679
9782,6.755913068320331
9783,7.466700031481677
9784,5.582424437448245
9785,6.117430591175042
9786,8.684704767222705
9787,3.34969780182972
9788,3.957625164600013
9789,8.335839424914539
9790,4.754953545358629
9791,2.5747340655739084
9792,3.6005601659099895
9793,9.704620423015239
9794,6.554531980166307
9795,7.241132308044847
9796,4.123297401809367
9797,5.9338373041578105
9798,6.910156117532383
9799,4.663639146103109
9800,6.2898313141651965
9801,6.84270815534811
9802,8.634484083025253
9803,3.881656368255306
9804,3.605828522112053
9805,4.735694238080035
9806,5.7343686593563366
9807,5.3835378314376445
9808,6.624323257742985
9809,7.2542437250974015
9810,2.2118191152942908
9811,8.035667996752313
9812,3.510663625679977
9813,4.382406666580253
9814,5.819793643519588
9815,5.1609576825385775
9816,2.4008735959067433
9817,4.854050091157806
9818,8.020317896742167
9819,3.256986401729765
9820,6.75018260895645
9821,5.034358800547475
9822,5.131202873510147
9823,6.628241756034598
9824,6.47426079565711
9825,8.335217038157335
9826,7.804336127276803
9827,5.363786719342487
9828,6.704813994236927
9829,6.9867842856552205
9830,4.218332960047534
9831,7.0344530370817475
9832,6.557405361669961
9833,4.750437222290154
9834,8.041875175330949
9835,5.556812932914551
9836,5.7010328600324
9837,4.736222583517979
9838,4.53350308414325
9839,5.17065595076678
9840,7.448390871677134
9841,8.846003990042135
9842,4.937634397810365
9843,6.358107753690696
9844,9.799880475729411
9845,5.399144258442582
9846,8.33673386782491
9847,4.337333845413482
9848,8.536500422041836
9849,3.2187509678268644
9850,6.590443952414444
9851,5.701395325015523
9852,7.919848157260571
9853,6.427387950009743
9854,6.505056129249341
9855,5.918256928540629
9856,5.659431522399164
9857,3.5837319856187593
9858,7.550781072134178
9859,8.193260557085368
9860,6.368733802103966
9861,5.632243646959969
9862,7.044001292883023
9863,5.796341553995586
9864,4.5219227666819535
9865,5.034705801944714
9866,5.909070178193644
9867,8.270487663726387
9868,8.710304152169261
9869,2.4715150591670354
9870,6.525686439025628
9871,2.953566272251065
9872,9.366668422613587
9873,5.840140329628162
9874,6.761884557182786
9875,5.327352873438172
9876,5.209062695447416
9877,7.659962794558263
9878,5.268403186659096
9879,4.255724932719412
9880,5.702592501973997
9881,4.750744580271231
9882,4.959858321647455
9883,7.214087651600842
9884,5.618185484901325
9885,6.555802002641273
9886,3.879778006978625
9887,3.7310690751479916
9888,3.582529805293351
9889,7.5370924091567435
9890,3.624734820811416
9891,8.06184700801911
9892,7.6945010358569395
9893,7.524742054570023
9894,5.464635644658632
9895,6.938080818021017
9896,4.566475068340042
9897,6.793668920167794
9898,8.326794420722628
9899,6.681287412036637
9900,6.7559397434127915
9901,6.7042100872871995
9902,2.7970167050410275
9903,6.888432702781339
9904,7.211501467391786
9905,2.2729080454470942
9906,7.901933770344511
9907,5.17137240403318
9908,4.684903652607247
9909,3.8745906783309585
9910,8.600885475433689
9911,8.19648673698062
9912,7.7702609834875505
9913,4.189701697943016
9914,9.217514662656333
9915,3.9415813759152583
9916,5.292372850925634
9917,7.114777326373466
9918,4.969657581140588
9919,5.034182019895891
9920,5.673270363648481
9921,8.330281686878639
9922,5.179688904848742
9923,7.406782592278708
9924,6.6399369190646595
9925,6.901738298930928
9926,3.109474409572731
9927,3.774538235882424
9928,6.456787742711143
9929,2.637373066947672
9930,6.350747216048177
9931,7.110181541217176
9932,2.9102590417714755
9933,7.6425427888843664
9934,7.18689941856625
9935,7.109592724968642
9936,6.213055429685679
9937,3.4894370402218193
9938,5.620419072092057
9939,7.2368820541389125
9940,5.153016566244496
9941,9.206451072295845
9942,5.119797620227454
9943,2.7608896822869524
9944,7.291258460083971
9945,4.652078926798781
9946,2.2780733599152687
9947,6.594783111970973
9948,5.432304427873377
9949,6.643384978550571
9950,6.587275260063713
9951,8.05993997476143
9952,7.10854653961709
9953,4.817054334192126
9954,4.396064360179599
9955,6.226635943136015
9956,4.273931935839011
9957,5.667455023190073
9958,4.97554233552612
9959,4.22864731746115
9960,5.439416156628498
9961,5.588477865076336
9962,5.537584736147199
9963,5.868982296600474
9964,4.286993932262223
9965,7.4518164370531546
9966,4.022528527626868
9967,4.44323218501556
9968,7.751064591833496
9969,6.90592714361523
9970,4.846758542317311
9971,0.5837544864033767
9972,9.969981388681681
9973,4.254268625961465
9974,6.153993189391922
9975,5.199746495171175
9976,3.975923015422928
9977,6.246271584770394
9978,2.180504748785145
9979,7.175627939427769
9980,3.9118286935512
9981,5.553933625777595
9982,8.410258371307634
9983,4.8475956785691965
9984,8.059542440525284
9985,6.960254004632796
9986,8.692466630345926
9987,6.811980104061474
9988,8.315005823271697
9989,3.117961966746
9990,6.3053068107505155
9991,6.097133844707138
9992,2.940345588237386
9993,2.7098968899808336
9994,4.396461370373019
9995,5.917528078082437
9996,6.954438143717302
9997,7.6369979308399145
9998,5.693260429821668
9999,2.8470410765465437
10000,6.753605189972058
10001,5.15905141797068
10002,3.750489258831093
10003,6.571815616086307
10004,5.38491933558856
10005,1.6985394219505512
10006,8.27030069360271
10007,8.890728811052268
10008,8.222591192777397
10009,4.756639922560001
10010,2.925858253252102
10011,6.228636482134215
10012,4.471904279502
10013,5.893700433700903
10014,8.02426012249278
10015,7.314472783177184
10016,6.569363504001847
10017,8.265050898030587
10018,4.250794131630677
10019,5.1331590104649205
10020,9.426311699868574
10021,4.542921076045989
10022,5.361736751066655
10023,5.310040846588327
10024,3.19727984014032
10025,4.085203848731941
10026,5.947951360111279
10027,6.1476103131757185
10028,6.8608806361745955
10029,4.632437162919891
10030,5.645853576395666
10031,7.1650675692104935
10032,7.930329305805412
10033,6.084455186058653
10034,5.962004112820573
10035,3.004769826275302
10036,3.768979947106593
10037,6.381140499429576
10038,5.419329679571419
10039,3.864759355285615
10040,6.94091430670874
10041,1.2608749034031717
10042,6.809013742012467
10043,1.898483951675309
10044,5.097727087685747
10045,7.2012572920965034
10046,5.707756095951987
10047,3.56168049596281
10048,5.049357297242209
10049,8.190284689245644
10050,5.935678348268973
10051,4.953666336727075
10052,5.732957429574008
10053,4.8835251053972994
10054,3.612638301137795
10055,5.4180310055617245
10056,9.375705553436463
10057,6.453974862147567
10058,5.243784662655921
10059,5.858829967033641
10060,8.308446474011847
10061,7.485524434447574
10062,3.552122404272904
10063,4.968667341909321
10064,5.760510463982946
10065,3.086690671585284
10066,8.702262212193578
10067,5.447563147898451
10068,9.409674296449854
10069,5.75084244310526
10070,4.863779741138133
10071,6.726009501017158
10072,3.571472051055524
10073,4.2691723634794165
10074,8.559989205942927
10075,8.133634876669843
10076,4.343968129302562
10077,9.194924634136488
10078,4.291502631122077
10079,4.918523402445162
10080,7.864821974451609
10081,4.022852410650482
10082,3.7874564894734197
10083,7.529143765361101
10084,5.53421193181342
10085,3.5199470179245465
10086,8.27556842001632
10087,2.5058493904364885
10088,5.126504856097094
10089,3.7692408001662456
10090,6.794503510226704
10091,1.7470838626445406
10092,5.482552988989125
10093,7.852296352716523
10094,6.756336624296683
10095,7.951420471016936
10096,2.4933399425325637
10097,6.723290611691592
10098,4.998813547764626
10099,7.547945356066785
10100,5.154619231617853
10101,7.186827772640914
10102,3.613851309806885
10103,5.352229034016338
10104,7.773768713763419
10105,6.755005682345537
10106,7.117231129262574
10107,6.730001080591373
10108,7.87080831396686
10109,3.3690178177710326
10110,2.598169066151997
10111,8.188398599590256
10112,7.103264644339112
10113,8.461140780981813
10114,7.14862752353311
10115,6.758022314470544
10116,6.618693392589717
10117,6.844182459622821
10118,5.5034201884027265
10119,6.83685950106983
10120,5.718510456185946
10121,7.017815301834521
10122,5.465302454901538
10123,7.323458099705103
10124,7.911588166916514
10125,5.801454283369807
10126,4.8536042050932995
10127,9.017275089220494
10128,6.880993787936679
10129,7.6859913578919095
10130,4.863418038573308
10131,8.168233465344276
10132,5.496196619040928
10133,3.992585339375341
10134,3.660069498951303
10135,5.798161022754868
10136,3.3997734213013278
10137,4.38332697709692
10138,4.193588081206099
10139,6.598555112749512
10140,7.744333298003461
10141,8.016579408072257
10142,3.7202652537359757
10143,6.490138346731096
10144,8.842722996199303
10145,9.884994454260177
10146,2.334705478219175
10147,4.020203489527823
10148,7.631723682623243
10149,9.272961152513332
10150,7.1394688008433125
10151,2.412808352466504
10152,7.593526568161508
10153,2.51460857112521
10154,6.423801822213022
10155,6.07813328053315
10156,5.041583219457767
10157,7.908966830883747
10158,5.333385646030041
10159,6.725798580261026
10160,5.937439437070618
10161,2.276253427158419
10162,7.6018826549791365
10163,7.201575067303699
10164,8.319387308773688
10165,6.871579457743873
10166,3.578902636890452
10167,8.517231651607373
10168,5.073192047739154
10169,8.694348895975143
10170,6.478586179841239
10171,6.073421988288164
10172,6.550047140846824
10173,2.0113005639222545
10174,6.701452208249108
10175,7.570313527510026
10176,4.984392264031897
10177,4.718706868530862
10178,2.836343440769843
10179,7.373997562082864
10180,6.610278884299282
10181,3.85933386394132
10182,6.398587306834057
10183,3.174031154792336
10184,6.257485496327189
10185,6.4769467276499535
10186,4.762564975543979
10187,4.449350741510275
10188,2.203806196456041
10189,8.568657338342032
10190,5.520695196505692
10191,9.675050347331684
10192,5.167533285332112
10193,7.3300151836157745
10194,6.624057676188858
10195,5.526782356211226
10196,7.158097525911584
10197,5.004194190354026
10198,5.818938890679508
10199,4.956825300104133
10200,7.172824219653353
10201,4.031421300065164
10202,1.5040349027990556
10203,8.258428624264527
10204,7.818192826584557
10205,7.5742835663992185
10206,5.835960403753152
10207,8.073919604069571
10208,5.2668780437268845
10209,3.423666327774745
10210,7.450420472456403
10211,6.6580552333483665
10212,5.162537701356924
10213,5.6885752982562074
10214,4.716898573245561
10215,5.1660094560959005
10216,7.163858523964777
10217,8.44162793360264
10218,6.440670503495067
10219,6.648638266647743
10220,6.900509738465243
10221,4.836297033525591
10222,7.422770052752106
10223,2.565421171155346
10224,4.5448393149306545
10225,7.860950142856135
10226,5.786587350941695
10227,2.0427625557915894
10228,3.132346257804017
10229,4.142317418207883
10230,6.915549243502307
10231,6.149600996181314
10232,4.862951063548376
10233,3.9783200470852926
10234,8.063371226146554
10235,6.011222546259331
10236,5.738735616642187
10237,5.899996122646957
10238,4.360752619327582
10239,3.6759396435881553
10240,6.279933667950788
10241,5.559444896659207
10242,3.184495494905465
10243,5.32716383168353
10244,3.4490446445798897
10245,4.4590156668356675
10246,3.1086438035195423
10247,7.490322045417074
10248,3.6307644491324687
10249,7.74299940550055
10250,7.890036374391704
10251,8.638752976748048
10252,5.886646588195264
10253,3.85691846320171
10254,4.968225255352247
10255,4.42647747615575
10256,6.997394471439293
10257,4.708383912188824
10258,4.0052508984411315
10259,6.3460059632125585
10260,6.252737533997253
10261,6.284902921708468
10262,5.3925610258920695
10263,7.62460588584855
10264,5.861586906590645
10265,3.071649763546948
10266,6.293840436199908
10267,4.457118042555857
10268,7.195552074611173
10269,7.526224892443486
10270,7.289005378075318
10271,4.264382420521887
10272,5.244483040905326
10273,8.470921856182576
10274,5.752186778275126
10275,6.05757307389049
10276,5.090208429941059
10277,5.773647825704019
10278,7.7252039748197845
10279,5.061305914027258
10280,8.65036077732796
10281,6.837397266308807
10282,5.885902548579608
10283,4.3589365905011945
10284,8.65387327851588
10285,5.5753830351774365
10286,9.0697829772967
10287,6.6591079992829005
10288,7.172269268942626
10289,5.563762359710681
10290,4.526806380400196
10291,8.145142067877787
10292,8.114018383867244
10293,3.6273985255272203
10294,6.131909450820785
10295,5.8589104764534845
10296,9.108752127561914
10297,3.1155669607636622
10298,8.768233452851865
10299,6.455017398451631
10300,7.336748841645363
10301,9.456286276349243
10302,6.883897628162664
10303,7.18785718347231
10304,7.891420757469581
10305,4.209712870821455
10306,4.17778304157675
10307,7.017368958513991
10308,5.1874413443938
10309,5.669682601354256
10310,6.611250567270746
10311,2.9768280956532687
10312,4.493119603362718
10313,5.411271982624821
10314,5.750721614132429
10315,5.235783573707883
10316,9.346984000386964
10317,3.3933377524756168
10318,3.243121695267197
10319,3.7728496795637083
10320,5.66232918571894
10321,4.221203495742889
10322,7.040444155830769
10323,7.607190438459012
10324,2.3720996101722838
10325,6.167573900890369
10326,4.14673094139358
10327,7.396674460062041
10328,4.381356617688468
10329,1.013375150338508
10330,8.74648755579211
10331,3.0637747296018625
10332,8.877970625468315
10333,4.2284698126058755
10334,5.571264369228572
10335,8.335372288769687
10336,7.587504305894136
10337,9.25732378108065
10338,3.9032730577591135
10339,4.0815917972031315
10340,7.848167505504552
10341,9.731129920243234
10342,5.990691268848723
10343,5.101454103033111
10344,8.73922554193074
10345,5.68669994000372
10346,6.194074661595614
10347,1.8290859299976594
10348,7.119867417622901
10349,6.2420956365159
10350,4.232675567010105
10351,3.3372197324116284
10352,8.443208005114963
10353,3.9697008330108714
10354,5.746248082025127
10355,6.222958105110089
10356,4.816133272134575
10357,7.301268326602337
10358,4.043340059225776
10359,4.842807056359793
10360,6.322855471451025
10361,8.347449812168776
10362,3.507679106254601
10363,6.324416823209946
10364,3.5417124071826143
10365,4.708059463278481
10366,3.4714078877299217
10367,2.741595579660543
10368,6.925585648761841
10369,5.429332688360365
10370,9.12136123561424
10371,7.028519970088346
10372,7.524417211769996
10373,3.7459523949780418
10374,4.82301087065601
10375,3.568979614491099
10376,4.205592782745196
10377,5.040247652036944
10378,3.8656909560871933
10379,5.209147946552767
10380,7.699055035214023
10381,4.506031847582466
10382,7.7384019570467455
10383,8.139695793020612
10384,4.197551827420583
10385,2.286254891731076
10386,5.372730840703772
10387,4.16328792995478
10388,6.450324173910616
10389,8.326705103123754
10390,8.436165615955233
10391,9.348594695504184
10392,6.17815311892102
10393,5.203530461815574
10394,5.1599253389798045
10395,3.8238111071987273
10396,2.271145793036656
10397,4.066322721033421
10398,6.848678703355974
10399,2.8166094429241015
10400,2.021177022870279
10401,6.007051886471582
10402,8.172616199981938
10403,3.161351046117554
10404,5.866371233874902
10405,7.436625471010505
10406,2.221978747438577
10407,9.089234272409717
10408,3.282051117813208
10409,2.242172077914511
10410,3.203207973021372
10411,9.958273134571314
10412,4.162227624797428
10413,7.893948702101322
10414,9.17489337680621
10415,6.206034449462891
10416,3.2767067730156905
10417,4.133401446614702
10418,8.451480982692201
10419,2.6882717037161385
10420,6.4330705082378445
10421,7.127128021187216
10422,8.870984928611305
10423,6.396591623612707
10424,6.273727137719005
10425,6.968296078900326
10426,6.451231099857916
10427,8.678709067558813
10428,6.36313904856104
10429,8.085377312088768
10430,6.805126847971645
10431,8.493614625511865
10432,7.913626434830504
10433,6.756269114678673
10434,6.292852500345155
10435,6.752701463752971
10436,4.743172958234124
10437,7.849592300086247
10438,5.20966211257717
10439,7.063406109567625
10440,4.450372938309158
10441,8.030672156807354
10442,7.255507392785532
10443,5.555262284824129
10444,6.518477984363958
10445,3.445801665768015
10446,5.9433289254605794
10447,4.553178537785674
10448,4.542810984973941
10449,3.4189564655501545
10450,7.11887609140261
10451,3.7601739534403213
10452,8.162151296211249
10453,7.268400305321137
10454,8.014830099218917
10455,5.268117718588123
10456,6.116035649645525
10457,6.382696711191638
10458,7.106967348834971
10459,6.735698138959089
10460,6.229229486968285
10461,6.031978896392619
10462,4.201875325260361
10463,1.3837368387666211
10464,5.647174900498122
10465,1.904353397923693
10466,9.276815578027044
10467,5.153127888566062
10468,8.78706951590304
10469,7.531656487209934
10470,4.092191562681432
10471,5.330798983692221
10472,7.164364423424669
10473,4.379430770420128
10474,8.445556594516033
10475,7.944364892159306
10476,8.151037271318081
10477,5.063889185324074
10478,9.415301604611365
10479,5.218042234728393
10480,6.507356290796691
10481,6.069937871003713
10482,3.941052904441805
10483,4.757995918752926
10484,4.723731657316535
10485,4.078282336563955
10486,6.704936509271477
10487,2.5966328980697932
10488,6.147104910802859
10489,2.5888350275979892
10490,4.046606297936458
10491,7.636962927118848
10492,6.023046838880267
10493,8.163186121458345
10494,3.0668672531608734
10495,9.483205597761968
10496,8.78837445742235
10497,7.090736632601164
10498,4.427605558037636
10499,5.91158769909231
10500,6.10012025419486
10501,7.88184255691059
10502,4.070648478308254
10503,3.3275306679816556
10504,8.017713860123624
10505,7.434815330300574
10506,5.60297537296519
10507,9.48116216620357
10508,3.8913761894422825
10509,2.989182950838594
10510,2.0744206745139024
10511,5.173595918111654
10512,4.400177644674594
10513,1.5426909193823737
10514,5.948081764189276
10515,7.308437985893798
10516,6.615178720905066
10517,6.43535161658281
10518,4.982169508028963
10519,3.837231441373011
10520,2.321063792479979
10521,8.09367114021443
10522,10.0
10523,8.219006523741752
10524,8.604119651887483
10525,4.591784736864995
10526,6.9210074141838405
10527,6.604536629840687
10528,9.941786682684995
10529,8.658341652202855
10530,3.3253758287399062
10531,4.886155358763842
10532,7.082307094711165
10533,7.262277137892238
10534,8.84509054005631
10535,4.535279141841771
10536,6.871625239918726
10537,5.82386273604787
10538,7.273429237782844
10539,8.075122866419353
10540,8.255301784766864
10541,5.553755438122321
10542,3.1524600434888574
10543,3.558138384135169
10544,4.582039752565971
10545,6.780239666304019
10546,6.202165360868554
10547,7.812230048363886
10548,7.651169163886456
10549,6.794941664440376
10550,4.143490785548019
10551,4.625506161996606
10552,7.050281178439886
10553,4.5718708356464095
10554,6.253614331887022
10555,2.192700620562778
10556,7.810731128952117
10557,5.182634437267792
10558,5.949387322514114
10559,5.987779263212444
10560,7.482825122637792
10561,1.4574543381231702
10562,7.696386242458775
10563,4.827113263492892
10564,3.8062501999291705
10565,5.9534208773930235
10566,9.645079880386973
10567,5.468291388250374
10568,9.68459951709692
10569,1.7995421252064823
10570,5.620840503249314
10571,8.458204794345042
10572,5.480302872115586
10573,3.9505021032536702
10574,5.176804832186038
10575,6.083185960525811
10576,3.468999169259788
10577,6.722400240638206
10578,5.692149691017688
10579,4.40542453763714
10580,7.6876626572101365
10581,5.94565569861101
10582,9.385533069911023
10583,7.468202324650656
10584,3.9234472543192696
10585,2.320488250888774
10586,4.731718922154223
10587,5.79985509205256
10588,5.5503900358244165
10589,3.7099789533124032
10590,7.106942370605807
10591,6.509618829073491
10592,3.378751912644905
10593,8.707611201040146
10594,6.934612136891172
10595,2.6025036924806417
10596,5.834513834806541
10597,7.701395087133436
10598,5.20379377467553
10599,6.16241253352163
10600,3.211716497309537
10601,4.5942721796217505
10602,7.898033064600606
10603,7.492680820853976
10604,4.487181628860062
10605,8.556015038192049
10606,4.101238674076184
10607,8.048553719870643
10608,4.423474635761196
10609,4.518926444653803
10610,5.586649537931258
10611,7.145255003292048
10612,3.460067290399096
10613,6.676980682136786
10614,5.838756175472328
10615,6.763458287378559
10616,3.1038780363353555
10617,5.628377160654758
10618,5.636559513584562
10619,7.321298507212162
10620,4.379864310932986
10621,7.64356479997379
10622,3.9271435679379483
10623,6.855477746212555
10624,6.770998613974065
10625,5.826959601979577
10626,7.878032445668305
10627,7.476216375309919
10628,5.170933862795569
10629,6.443495540916505
10630,6.2848119446931126
10631,5.6814344033474296
10632,8.629498581468647
10633,5.9845068595032975
10634,5.712156740400194
10635,6.800845344773331
10636,8.018153608746514
10637,5.6065543282008505
10638,4.919831422169715
10639,3.793568482493755
10640,5.910345958381733
10641,2.022931737364355
10642,8.618168991442817
10643,7.5067579106529525
10644,8.897033598856389
10645,5.556771943283411
10646,3.529027686123855
10647,3.880771978854483
10648,4.321944948507536
10649,3.0096457615998418
10650,7.658192152933495
10651,7.6007350115059555
10652,0.9978606881829215
10653,6.727449288611767
10654,8.52287883908016
10655,1.7745198111946359
10656,7.7821863354122325
10657,4.543152033492274
10658,7.200967133538585
10659,9.790268420946823
10660,5.310557209870934
10661,4.574984719662769
10662,4.112317069898053
10663,2.448041585771189
10664,6.004019363374043
10665,8.254883331792875
10666,9.496065697141566
10667,6.507490466518317
10668,5.406296959261394
10669,5.623711442434115
10670,6.674418079676665
10671,8.524676767671977
10672,3.7445859576473097
10673,6.327606660563733
10674,4.37181604016955
10675,8.97559925318436
10676,5.536111080836078
10677,5.707556796432761
10678,6.756188566631405
10679,2.5787057279302403
10680,7.010012293225966
10681,4.883460524801988
10682,7.428085132784728
10683,9.176581494053032
10684,7.866714377106982
10685,5.695584638703101
10686,4.771034762028312
10687,4.484010542941694
10688,5.957123218146177
10689,4.009870463544888
10690,5.8746979215051764
10691,4.396164276221843
10692,8.76163562400325
10693,6.009322409870706
10694,2.20383582308872
10695,8.486065688361379
10696,4.478541296132612
10697,6.493817878302411
10698,8.985386000008587
10699,6.916561074286452
10700,7.402518286587108
10701,8.897382634701431
10702,5.861577967874503
10703,8.247004249100257
10704,5.181478800828469
10705,6.409159279105227
10706,9.012207386750926
10707,6.6628500427283015
10708,6.494160200547325
10709,3.797871824482592
10710,4.7193962695752845
10711,8.465476783368132
10712,4.409941821049298
10713,4.034396608821107
10714,6.174398129174583
10715,3.316189392856298
10716,4.903972434544062
10717,7.346915982380686
10718,4.218876155057351
10719,5.871502851366782
10720,6.629382782212615
10721,6.729328058646418
10722,6.101401918672611
10723,4.670514388304985
10724,3.7509692735255653
10725,4.98792073184707
10726,4.970420235740485
10727,6.797079551966676
10728,5.454905307388148
10729,8.14887841554485
10730,6.596511643772319
10731,6.30422332123463
10732,5.379606934427066
10733,8.16620056039984
10734,7.923615305194158
10735,4.11674414659205
10736,6.6921132848540585
10737,2.8780602320850086
10738,4.866843939329442
10739,3.619062583030542
10740,7.235234590827752
10741,6.634159099334438
10742,6.009180571869802
10743,3.801078323369043
10744,7.77701208149419
10745,8.114576270625836
10746,7.3938903964857055
10747,7.2168524984775955
10748,7.899287584733015
10749,2.7825982205610087
10750,4.848675281915801
10751,1.1389309747346474
10752,9.069613497889474
10753,6.46072538416853
10754,4.303364862933569
10755,4.313833484114531
10756,5.8165471101140795
10757,8.481018106615853
10758,4.514475363679198
10759,4.805993548229898
10760,3.344167571486371
10761,7.328360599849479
10762,4.781999736741049
10763,2.774741777248366
10764,0.7267218326437153
10765,3.162225833514742
10766,6.5148740677664385
10767,7.747042692203944
10768,7.62644439090466
10769,1.7500162273567879
10770,5.147048571150539
10771,7.461878197387552
10772,3.935835306043529
10773,6.629847204954606
10774,2.2154038344338844
10775,4.403019504404636
10776,6.549673331760189
10777,4.903155550114875
10778,4.681067304977015
10779,4.823976891879861
10780,3.316066147492016
10781,3.8410405795710068
10782,7.614257450845252
10783,4.40753601312203
10784,7.625463699009565
10785,3.5408477780024636
10786,5.810913185073436
10787,5.282298040074713
10788,6.567070444570194
10789,8.070989315612357
10790,3.4860913871875705
10791,4.373223007136286
10792,8.45036101984482
10793,7.792535827711554
10794,6.390810020494535
10795,6.917215683623096
10796,4.778014093785504
10797,6.114080821235373
10798,3.0117024168266613
10799,8.009615584537288
10800,4.657939338366142
10801,7.726299401654254
10802,5.161902115209956
10803,8.428503557202106
10804,7.222152916843044
10805,4.052124663023325
10806,5.148111463057743
10807,7.570888577439645
10808,8.696708230344786
10809,8.101341555729174
10810,6.103460558379816
10811,7.193216072594762
10812,5.977031089608991
10813,6.387497725432922
10814,6.278943915148077
10815,7.661857171169931
10816,8.36601069702673
10817,7.744672423716102
10818,8.155648920985781
10819,2.7736624050400853
10820,8.165629263335417
10821,6.257789508285965
10822,6.692881908346692
10823,1.3883837850003131
10824,4.059453272124909
10825,6.0818053299669685
10826,9.287669518648674
10827,4.853810974561243
10828,4.763827221712146
10829,6.706884340340954
10830,4.882464838186736
10831,7.967097376191211
10832,5.608502437310035
10833,7.708995502830803
10834,4.8531438282357815
10835,6.308738255987837
10836,7.865300616166887
10837,3.9445191370464743
10838,6.714243404332543
10839,5.110745572165198
10840,3.2430476002433513
10841,8.077894984166091
10842,2.3366573196833684
10843,7.3488161358249435
10844,7.578815330412009
10845,5.283112372911585
10846,7.200977858565219
10847,5.667328493110523
10848,7.341627664069872
10849,5.6809631495474004
10850,4.72929897839153
10851,4.357553005616141
10852,5.626295069041351
10853,3.6659575741563764
10854,4.55202027082591
10855,6.019985545175891
10856,5.394772425360982
10857,4.946175934004097
10858,0.8704022989059494
10859,7.968548605075865
10860,7.535427046908388
10861,6.089397614698613
10862,5.85094684399515
10863,6.443365959260265
10864,4.906437360459318
10865,4.002831135801549
10866,5.829536615461356
10867,5.962724759366537
10868,5.606930669162212
10869,7.1131678269795415
10870,4.5182948938042475
10871,6.651066815643342
10872,2.471132676897749
10873,5.189436064475337
10874,7.204199482783029
10875,8.78440511551446
10876,7.0691101597955885
10877,4.601453273093547
10878,5.681146319081225
10879,6.635774940791206
10880,3.146818274232957
10881,6.919670642621856
10882,6.153235982234214
10883,5.256896557934509
10884,4.186935403864293
10885,6.395002043862498
10886,4.37403575715468
10887,7.1128898847472195
10888,6.155379613452585
10889,5.416197737815446
10890,5.908006174066101
10891,4.123293646274185
10892,7.343297732252017
10893,7.073890652881541
10894,5.135014409319486
10895,7.30778256689
10896,4.722903062790452
10897,7.230116987173234
10898,5.415714781240889
10899,2.1366095406924948
10900,7.82622094701037
10901,6.2539407973226995
10902,6.60420120752096
10903,4.388855566341125
10904,4.319903420574569
10905,1.9190185855741904
10906,4.552455355407272
10907,3.0462472301068884
10908,6.009403766379624
10909,7.338959777656342
10910,4.884043697508627
10911,7.944429820858089
10912,8.099268600153591
10913,5.8408078731207675
10914,5.928738655160652
10915,7.33384419697965
10916,1.8494541237236248
10917,4.376107702022453
10918,3.936759039895919
10919,5.774923102640567
10920,6.1157504890255705
10921,7.1006306828081165
10922,4.980445808578798
10923,5.06306864680394
10924,7.767605225060694
10925,9.146228016069095
10926,7.5598722296444745
10927,6.059837810708781
10928,2.287252748534756
10929,8.057901083732032
10930,2.9026273343023794
10931,7.599829305882745
10932,3.2427231435990898
10933,6.737362646992584
10934,8.035648993924774
10935,5.615317655693067
10936,2.286308469145297
10937,5.926712692499107
10938,5.910547555063337
10939,2.4719701444673428
10940,2.8925139670350006
10941,2.9420528867612856
10942,6.516826203893386
10943,5.55416758121533
10944,4.455106521209574
10945,8.699672796968875
10946,5.420681847713368
10947,5.436833808171913
10948,7.336953192409491
10949,6.923236499746154
10950,6.230514755831839
10951,8.97673673999265
10952,6.926060759599389
10953,6.593830011125551
10954,5.760238477970475
10955,6.921373263563256
10956,6.606095904274705
10957,6.600775052255415
10958,9.796079846164027
10959,6.327989872689569
10960,3.811012170992904
10961,6.340529039788645
10962,2.4890296014304
10963,4.716513911285736
10964,9.038249261602163
10965,6.571328695705503
10966,4.593106915816336
10967,5.405583203491249
10968,7.718603313735461
10969,4.518150722660476
10970,5.223105503211796
10971,7.389244433728189
10972,9.041809606490077
10973,5.663379075903196
10974,3.651251939349231
10975,3.0423422698176315
10976,4.803627029233447
10977,7.664683342875259
10978,4.927039310895532
10979,2.96448289344906
10980,8.927619385369733
10981,6.655291825817704
10982,7.281206074002133
10983,8.7197022139719
10984,6.638087258392488
10985,8.7047546091601
10986,8.628511320674887
10987,4.234713490677631
10988,6.578626212285445
10989,5.358255807493054
10990,2.7021340042164317
10991,4.875395184892327
10992,6.03168445996791
10993,6.237863263564809
10994,6.471268363783656
10995,6.782820273124867
10996,4.789724453404198
10997,5.767968260746624
10998,5.247903893070063
10999,3.0802405992942905
11000,5.772273566038739
11001,9.089072201536672
11002,6.579580029218052
11003,7.349992967783116
11004,8.45135249681973
11005,8.119582748655557
11006,5.728352934602169
11007,7.344780555231048
11008,1.9851791120883395
11009,6.565855067712229
11010,5.663523078285909
11011,8.304151298876526
11012,5.991137747909912
11013,3.067502138666827
11014,8.06109055563973
11015,6.741618416858652
11016,6.413511428238175
11017,7.326639952784917
11018,4.162039749354095
11019,7.145847194339733
11020,6.251391592691153
11021,7.738837310708638
11022,4.504955520664285
11023,1.9535280261676797
11024,8.16641525950789
11025,1.577527504350618
11026,2.988951612678448
11027,8.111516323427239
11028,4.092268593349373
11029,8.33979168750402
11030,4.328134495671873
11031,9.304656167492672
11032,4.228893590821125
11033,5.416083151327371
11034,6.003123716042575
11035,4.95535288385788
11036,6.535736780997381
11037,7.368445925031853
11038,1.3923617272823305
11039,6.76450868306387
11040,4.630714182890047
11041,9.758756697713522
11042,1.7198297585682034
11043,6.44881258475725
11044,7.392794797034503
11045,6.9887178286923115
11046,6.347541860474211
11047,6.674922398271038
11048,5.829492404516506
11049,3.0665768905780886
11050,2.706850114725649
11051,7.899431859025511
11052,7.6323426770998655
11053,9.563761687995832
11054,8.027518538459878
11055,1.3938660189359104
11056,5.159744275676605
11057,5.9490719537765715
11058,6.028382107629941
11059,6.379515417020265
11060,5.789072364199578
11061,6.205419554836543
11062,5.964214815733632
11063,8.708205386862364
11064,7.091456270474628
11065,6.795690478114889
11066,6.140397090490919
11067,6.954424879264267
11068,4.59603954840887
11069,7.481708073926905
11070,3.6917152397826314
11071,7.829549360453235
11072,4.9945122069941315
11073,4.768437633981493
11074,9.971021440512436
11075,6.378409479682088
11076,5.699503363304868
11077,4.855769019280924
11078,7.151404130326007
11079,3.206455371503087
11080,7.1061570200363136
11081,7.559327825991494
11082,5.448925383078619
11083,3.900596266960081
11084,3.654350401475815
11085,5.690213817848705
11086,3.9349440349783555
11087,3.7702441513518288
11088,6.999391076976581
11089,6.453869808320933
11090,7.052806611945023
11091,3.0599285912360603
11092,4.475777270360885
11093,6.614912229229443
11094,4.7427512039304585
11095,3.9920534914307506
11096,6.608214814322427
11097,4.197168379826474
11098,5.168587572035717
11099,6.153985415257416
11100,4.480747816351598
11101,1.7953440243483425
11102,6.166699465399456
11103,7.88707237315481
11104,7.353884496098361
11105,2.9597472318480307
11106,7.09224715625142
11107,6.343611331364459
11108,5.445102138243007
11109,7.436726583635558
11110,4.347267266727464
11111,4.554697492279943
11112,7.618192685120894
11113,3.220190380234793
11114,5.8698075130257745
11115,9.736056953026361
11116,7.681804931704685
11117,6.591683833885817
11118,4.930393460036201
11119,6.768821980674843
11120,6.510884909351714
11121,6.6500274215385655
11122,6.401642468280657
11123,7.369517580861751
11124,6.033652354655578
11125,5.619308036209311
11126,6.7492930932243125
11127,6.021716570851723
11128,8.587306960014157
11129,3.3639298483197995
11130,9.755712222234676
11131,7.599246713330879
11132,4.171897261395234
11133,2.8406786314101278
11134,6.49125168008235
11135,6.230213706406254
11136,5.634214268743959
11137,7.363531882379629
11138,6.57352338639304
11139,6.329011768897388
11140,5.05199264019299
11141,5.278986004373613
11142,4.794370527082324
11143,7.7641994467279885
11144,4.649921467631126
11145,5.082695768348586
11146,6.898446291926301
11147,7.024952878237062
11148,7.558144408888282
11149,7.580932850664422
11150,5.970613098473516
11151,9.368377496917482
11152,7.2595156519307675
11153,6.790290173746859
11154,5.923201029635534
11155,5.143117998718583
11156,6.923321058519528
11157,5.757021446624313
11158,6.495886751377659
11159,6.661939064733685
11160,2.591411856219412
11161,6.285158057494085
11162,6.9304588580515345
11163,6.186080356724047
11164,7.55683059333092
11165,7.157448248376934
11166,7.19294450083897
11167,1.4721232469287358
11168,8.1243699367953
11169,5.503250410707997
11170,7.211041472734038
11171,7.8940344518925745
11172,4.064186620894929
11173,8.206564549665336
11174,3.3285094718345714
11175,3.1305725114578697
11176,4.629188696010188
11177,9.051774911467959
11178,5.554114726726015
11179,3.2362104512362486
11180,6.741981656836497
11181,8.685630172449828
11182,6.223137804460605
11183,4.254744607427539
11184,8.905467130929244
11185,8.669768716979823
11186,4.8102938229959475
11187,5.99838595301401
11188,4.171049249392828
11189,3.4520401567128385
11190,2.5951452473278085
11191,4.896522557217172
11192,4.006784161636806
11193,7.322901052932969
11194,6.0345323341882295
11195,3.6399029037710005
11196,6.362174354143019
11197,2.469727764797799
11198,7.724889589135897
11199,5.885377380628111
11200,7.845503525108403
11201,7.550596298590354
11202,5.3386281856891316
11203,4.71657086368353
11204,5.9521057094238365
11205,9.09422629771171
11206,7.191742707159731
11207,4.996417592733188
11208,6.022199688289646
11209,2.4048021570356335
11210,8.594205545720667
11211,7.027936704533584
11212,4.1162013964507995
11213,4.408780495021931
11214,6.243526000149527
11215,5.549727337529038
11216,6.977669869400749
11217,8.605484322565697
11218,7.8085650968998355
11219,6.972210427457357
11220,5.39280468517532
11221,5.612931504679786
11222,1.0937602800637773
11223,5.308588614222088
11224,8.629745343063906
11225,6.787947526729189
11226,4.217566134170821
11227,4.726789450955674
11228,7.5110906750207835
11229,4.911496067126894
11230,3.7150264498493586
11231,3.4252966714483772
11232,5.542360465738159
11233,6.321222528218314
11234,2.1346232620981103
11235,5.195104253870295
11236,6.229338843196712
11237,7.883170222168897
11238,9.005577464492628
11239,8.967697292005457
11240,2.9231774724224566
11241,7.555801614006569
11242,7.928351203462484
11243,3.9462822681149556
11244,3.630670830127928
11245,7.212293560315834
11246,6.502279572167357
11247,4.258662095641389
11248,5.149916715374401
11249,7.33651936082788
11250,8.016771170530312
11251,5.933320810564281
11252,6.0713968554520115
11253,1.9590495837051163
11254,7.629009791482005
11255,4.883481613226948
11256,4.939686210612568
11257,6.888396305430965
11258,7.319897197293683
11259,7.77060647001853
11260,6.359372717164366
11261,4.180189618617267
11262,8.35715310668094
11263,2.100858209035954
11264,6.936689481485291
11265,4.5143846848566955
11266,6.9714434170972925
11267,7.224036103692207
11268,6.61844863658263
11269,7.64057793784377
11270,5.664367631847863
11271,7.773484417018219
11272,5.3184180819297495
11273,4.992037745626076
11274,6.7648090099841935
11275,6.689228640035379
11276,6.431436259860117
11277,5.0555101377047675
11278,6.71075694528888
11279,4.701641481788757
11280,5.669399778251947
11281,9.588652356214237
11282,3.5388095888498503
11283,7.102540159321895
11284,6.591382484682071
11285,5.006621833510913
11286,7.223503815119835
11287,7.16088522414718
11288,6.636819425115844
11289,4.108524305653803
11290,7.6291427993128424
11291,7.128875271263402
11292,5.879904228697108
11293,3.410581851190018
11294,1.6380152137497157
11295,6.785437997850356
11296,3.9263694691982365
11297,7.672038229882405
11298,8.370938740434006
11299,4.9226435739366865
11300,8.97999594235556
11301,8.39386257023937
11302,7.373921966916042
11303,6.945352327020249
11304,5.0240351465223165
11305,6.969415417046381
11306,8.065170872455289
11307,5.959146079340078
11308,5.39813254255197
11309,7.121265527676055
11310,5.563795698211679
11311,2.9161141410099987
11312,6.651076567020078
11313,6.5345388976343495
11314,8.904418736399213
11315,5.108025947251033
11316,4.412761304285233
11317,8.243654441762562
11318,5.900377724132201
11319,8.922030611770726
11320,5.5059971493749975
11321,5.011011752397829
11322,2.227842958087364
11323,5.011995618436014
11324,6.2884799199307135
11325,4.369895084840461
11326,6.946596002249971
11327,7.323392414600543
11328,4.270838889224946
11329,6.835179223794135
11330,3.398404375070864
11331,6.182609129823119
11332,8.933554648336152
11333,2.4339701764690265
11334,4.1289811355523955
11335,6.465538874705395
11336,7.509632408401389
11337,8.144657278799455
11338,6.402098798094016
11339,6.5791220519290174
11340,4.778166321476534
11341,3.746505138206985
11342,7.067083628329063
11343,5.630460412421314
11344,5.13908378391812
11345,7.316453703333358
11346,6.555240373804782
11347,4.835400678898023
11348,3.296984394741343
11349,6.323429049686856
11350,3.4331090795123944
11351,5.584941445943627
11352,9.284960093837453
11353,9.20707959934489
11354,9.237648016254568
11355,5.688727570436635
11356,7.796194756799078
11357,8.427129056083361
11358,4.639911486985245
11359,3.89775579745767
11360,6.452162629061935
11361,9.19954744639403
11362,5.917005651597487
11363,3.2569035378049684
11364,8.831580785466521
11365,9.002144228227285
11366,3.3548747303324267
11367,5.780863967055194
11368,6.481935754523644
11369,5.221531436742094
11370,7.2205216567334585
11371,4.998764305164271
11372,9.232848954730493
11373,8.063514574569343
11374,9.12508497298601
11375,7.136197378304257
11376,6.090188561880099
11377,6.399827726650598
11378,7.3230757630783225
11379,8.075977912190499
11380,3.9740973097726937
11381,4.2333236368762535
11382,3.1149470055176423
11383,6.509158182391083
11384,7.191258150534873
11385,8.22947477765246
11386,1.7085717202374409
11387,5.243491981580982
11388,5.342945643537003
11389,5.7578591405504955
11390,7.371891417286714
11391,6.819111152466896
11392,4.516670091015737
11393,5.083992453439313
11394,5.751287902080459
11395,3.8442222444969993
11396,5.72984281401208
11397,6.4838020431331795
11398,7.786589625469881
11399,2.2083555334364195
11400,4.906486327503414
11401,7.081595948421021
11402,7.518074593366883
11403,4.793050608360705
11404,5.378410188494115
11405,7.39103190870444
11406,7.256491296265516
11407,4.233806431721131
11408,4.440863249984449
11409,3.803087772549413
11410,7.7438949835122015
11411,9.07941671299521
11412,3.4798510067997626
11413,5.515483304545428
11414,6.079151677279295
11415,5.104949272203389
11416,6.596948265681092
11417,6.220345190280375
11418,8.313550614809438
11419,7.205493106352911
11420,5.340584688726583
11421,3.909069327137967
11422,5.9886732308277475
11423,3.357837351730597
11424,7.692424425835439
11425,1.032823821988783
11426,2.2693959514703037
11427,7.483877164250341
11428,8.701053572132567
11429,7.994441447023578
11430,3.958560954925696
11431,2.5049727281686267
11432,4.324538664071997
11433,6.031072134283809
11434,6.088158915940289
11435,3.3180673944650394
11436,7.218883692369535
11437,6.220096046118107
11438,7.622715575970823
11439,7.659907088682843
11440,3.6909961866235874
11441,4.707696643434168
11442,4.147497033985879
11443,4.877045573978249
11444,4.4308492039232865
11445,8.727560743857694
11446,7.958707783924666
11447,2.258322525752365
11448,5.88314989356829
11449,6.746550446227512
11450,6.285888040557158
11451,6.577007128373502
11452,3.0957557281217305
11453,7.930942069193716
11454,4.413864092624709
11455,5.771791726466312
11456,6.833625179026218
11457,6.612179222915127
11458,7.778065256540664
11459,8.859585620787389
11460,6.573985339941832
11461,5.976466315207306
11462,5.310983770163837
11463,4.770841047652528
11464,5.890001769210146
11465,6.398412271684909
11466,8.024313524300302
11467,6.99684265108469
11468,4.985762563826493
11469,5.948805893667866
11470,5.034058044131283
11471,8.163403930445918
11472,6.4713380265668246
11473,3.939086852550263
11474,5.249764134675514
11475,6.892513881807343
11476,4.940798173415336
11477,4.294551825166051
11478,6.06127295681037
11479,6.213946522369672
11480,7.506382303417544
11481,5.8976964559062734
11482,7.000991671574585
11483,8.29335770810165
11484,7.33495432478683
11485,7.606079983009117
11486,6.506184022092869
11487,2.3173117611216503
11488,5.833149882639147
11489,7.622955164727838
11490,6.4205385031951945
11491,2.958498842740106
11492,7.260647673734785
11493,4.560663276790995
11494,4.68106053194193
11495,4.884065084647244
11496,6.166475179165775
11497,5.816164870119335
11498,5.162192543287641
11499,6.124492330233952
11500,2.077663439867343
11501,4.540652484644296
11502,5.42607782968558
11503,3.512722931051278
11504,4.719214334059188
11505,3.037102416512544
11506,8.551318110470936
11507,1.0548269458986608
11508,6.177298473432074
11509,7.141645285876933
11510,7.831851982733902
11511,6.210470347428794
11512,7.689685440432185
11513,9.81026821540119
11514,4.874059677599211
11515,6.160762204396032
11516,3.9850891803320523
11517,2.425974856078315
11518,6.229292236603905
11519,6.179031556934753
11520,8.46493031632507
11521,8.695509397637707
11522,4.715238288490486
11523,4.255882621244865
11524,6.8795980983411305
11525,5.329125967338149
11526,6.28994925204499
11527,4.359524473511631
11528,6.498815308953619
11529,2.2792527063607007
11530,6.950653527190047
11531,5.727937622753154
11532,7.04611227311142
11533,2.7432549525470216
11534,3.75826693319116
11535,5.680161103623286
11536,4.449578897562996
11537,6.133291366722271
11538,7.5050149518794
11539,7.234764396760041
11540,6.45513478131779
11541,5.171745197771225
11542,7.956206416761747
11543,5.6228270558237785
11544,4.864029201414102
11545,1.5379169402095405
11546,6.564150497885746
11547,6.04909512888483
11548,7.526865586632747
11549,5.3019532545472
11550,5.445457306841986
11551,6.353409994418283
11552,8.150513101251372
11553,6.478882764141804
11554,4.3183929041252
11555,4.032061212804271
11556,5.2025714026806185
11557,6.06100077787951
11558,6.422783819021507
11559,6.5979681492463165
11560,6.43038990525868
11561,2.4023816162831615
11562,2.8777413901350757
11563,2.283497136654596
11564,5.680027557113532
11565,5.6217886454446955
11566,8.654842250979305
11567,5.371081631072056
11568,7.364343618298632
11569,3.846428182323712
11570,7.303922306747746
11571,7.963571921567243
11572,6.420925435118015
11573,6.452604951561727
11574,5.39014366142439
11575,7.791681608664899
11576,7.556655138324081
11577,6.115804298244424
11578,7.387583995116631
11579,6.150826093962326
11580,3.2193567246401935
11581,6.040796376818838
11582,6.10379119046176
11583,6.773292844990851
11584,6.468794544955561
11585,2.9352648632651523
11586,4.904183790004656
11587,4.254379338974046
11588,7.873068007515777
11589,8.742597156053364
11590,5.415747237643035
11591,6.779905245373246
11592,2.4559673504062776
11593,2.064505706090272
11594,6.181456154657
11595,7.849901197974571
11596,3.8254386768396467
11597,5.010822781583669
11598,7.1367354604778575
11599,5.1873168630774265
11600,2.8311699543076294
11601,5.457603602470888
11602,3.97714147015406
11603,6.189283922234156
11604,6.827457486847668
11605,7.4837785882721
11606,8.658707743206055
11607,4.542255667334298
11608,4.046730282741442
11609,6.532649197450041
11610,6.568198050209839
11611,4.430595307246782
11612,7.43880045492922
11613,8.728214396172566
11614,5.467162506900659
11615,7.7355594994503685
11616,8.082701076425183
11617,5.531984114216163
11618,7.1360160743027725
11619,4.390649801651856
11620,5.292662020069957
11621,7.619768490680853
11622,6.701054619336076
11623,5.19113120590886
11624,7.636617682801896
11625,6.5003539753704915
11626,7.04824432335275
11627,1.2460737809072597
11628,5.990532598487312
11629,7.425696996483299
11630,7.097855899355073
11631,6.718535010056121
11632,1.6432262308252576
11633,3.1057827156490663
11634,8.6376604309931
11635,5.7199691475545125
11636,4.726689958896315
11637,6.096492063031183
11638,5.957127514346141
11639,8.021561703321312
11640,6.154132430372388
11641,4.3476505836234205
11642,9.976579896056341
11643,6.563579926332225
11644,5.674437130983078
11645,4.877810467945748
11646,3.8268705769625777
11647,4.7866640231736195
11648,2.8751874652390708
11649,7.9078168440790595
11650,5.897318546193367
11651,4.549254042863428
11652,5.353953152049934
11653,4.494754915023737
11654,6.759771610746247
11655,9.200847575253203
11656,6.861754174166269
11657,5.031321405141098
11658,7.440637403325489
11659,6.864757350360934
11660,7.588571268050352
11661,7.041999682509241
11662,5.86839969756844
11663,7.9266805575013235
11664,7.282771284551556
11665,8.28209973772545
11666,6.7281355131585165
11667,7.74060249754306
11668,6.256647485770261
11669,8.038954131920711
11670,3.935794443033439
11671,4.919077718482283
11672,4.0182408808607315
11673,8.373255167941787
11674,6.682696821679018
11675,4.735395826480515
11676,8.008022845597205
11677,3.653302564893246
11678,3.1964866127026625
11679,2.312368776176939
11680,4.099030781496844
11681,5.4686596095052575
11682,6.194078776566246
11683,8.885847235983963
11684,3.5783998400342405
11685,4.0114104373132955
11686,3.9149435262667613
11687,4.343552517474511
11688,9.778097742227637
11689,8.039334057985315
11690,3.2360518694842915
11691,5.624099510596839
11692,3.368380200058504
11693,9.387534216117844
11694,7.9558644503898845
11695,4.702466065610152
11696,1.8292586054124427
11697,6.210847042253621
11698,9.428175903667551
11699,2.8412140707039146
11700,6.998439688826307
11701,1.408053974483703
11702,2.5766887672592538
11703,7.154488043822024
11704,8.125388296706172
11705,3.419878634317706
11706,5.4287136984007205
11707,7.3249322520099325
11708,6.8274976671972025
11709,6.391247238285978
11710,6.8192001733767125
11711,4.1995533553135
11712,7.773261323499052
11713,1.8684462447401087
11714,8.210391144754345
11715,5.926643355378584
11716,5.58815111433134
11717,9.374241618818063
11718,2.863505801593823
11719,8.760015782558563
11720,7.652793587513845
11721,6.86284308135664
11722,1.3493704492155203
11723,7.349593393390867
11724,9.276652700008519
11725,5.433687081622557
11726,2.439098101904236
11727,8.382700748659863
11728,6.802299830036974
11729,6.196358823031955
11730,3.9808483606641767
11731,5.806268090638496
11732,5.17625681136381
11733,7.503893604122892
11734,5.635884310388071
11735,4.830140075484674
11736,2.303334389543273
11737,7.210718030078349
11738,7.797881710644303
11739,5.940126211519844
11740,4.422879842220837
11741,3.6203587539749043
11742,5.203278707389746
11743,3.1874662243833884
11744,6.69351673491745
11745,6.654590387737247
11746,2.326644829886984
11747,7.997940454288441
11748,1.9420278744731503
11749,5.0536410085504855
11750,8.485676192389677
11751,5.749973777705986
11752,7.471843760496679
11753,5.116864556331921
11754,7.766396788289525
11755,8.479930679093048
11756,2.414492231409004
11757,5.451447544264266
11758,6.449618722191415
11759,5.936570094712561
11760,4.687419672879539
11761,7.463358222664209
11762,3.842888075826268
11763,6.581268821285561
11764,9.758935837746304
11765,5.336112357348872
11766,6.073497417531495
11767,7.009875115808691
11768,4.854726456502948
11769,7.31606533651228
11770,6.95296539632982
11771,1.7718269441777346
11772,6.36389708425772
11773,6.2594806842531545
11774,5.650156390216838
11775,5.427126410266223
11776,6.541617816831683
11777,3.402585711857888
11778,7.258408648368627
11779,7.7770680415864115
11780,6.309071605003298
11781,8.033651717844837
11782,4.2524280468595
11783,6.6442217884717545
11784,6.52304412090343
11785,8.385683187318838
11786,8.721216705414399
11787,4.769141101662725
11788,6.8571066394887605
11789,4.865176839770877
11790,6.422909754455592
11791,4.24437962676177
11792,9.685921104228703
11793,5.922017001976516
11794,8.141556912846594
11795,8.454157447471143
11796,5.128404719833103
11797,8.60623822239109
11798,6.857658866721216
11799,3.448082414213353
11800,3.781906322754869
11801,7.091773937973189
11802,3.368890226819291
11803,7.989700291427195
11804,5.545719450468013
11805,6.7090859844925514
11806,4.917721064361944
11807,7.90941205459427
11808,7.540735757663398
11809,4.464906014729191
11810,8.393508660576819
11811,5.732139612136317
11812,4.925694834389794
11813,5.786761520051158
11814,6.535061977234024
11815,5.943450472634939
11816,6.380517961058431
11817,4.293583278627068
11818,3.635801191798687
11819,5.312767566008331
11820,6.854827461743238
11821,2.844538845620707
11822,4.496672206531145
11823,4.907868449714481
11824,7.909083231023077
11825,9.931212492146814
11826,7.0348522877935356
11827,6.304813306371379
11828,3.804202975121371
11829,5.4289276071277435
11830,2.803794683683585
11831,3.1271244938432443
11832,3.765162708106573
11833,5.160271507700347
11834,2.9599700882920033
11835,7.331758535950845
11836,5.223487632647847
11837,4.537408065279294
11838,5.5766153109723176
11839,5.440949387315509
11840,6.483313963318895
11841,4.576686962966127
11842,2.932087372027395
11843,6.421617304524556
11844,6.90113278059907
11845,4.439505152571106
11846,9.156303834771904
11847,8.114014651024684
11848,8.057062395950451
11849,3.416896658151211
11850,3.7382490848990293
11851,9.139372963820293
11852,7.095763253884654
11853,8.151910526861721
11854,5.389783849652115
11855,6.337776251661492
11856,7.290899666385987
11857,8.023919009045063
11858,7.23420335602664
11859,6.19346946295582
11860,7.491736249693951
11861,3.561365945655645
11862,6.853161253262481
11863,5.827054676460893
11864,6.264663660610379
11865,5.455621167029119
11866,2.763778185397239
11867,5.627120282248157
11868,5.5004781612960265
11869,2.5910315332596894
11870,3.1187056856129685
11871,7.129155187221892
11872,8.869871550078981
11873,5.238828133030644
11874,6.754777491255895
11875,4.692500295463825
11876,9.476413289797282
11877,4.510487426414186
11878,9.98024355650627
11879,8.475422546549167
11880,2.857820804928906
11881,4.658275722186122
11882,3.2424685242964912
11883,3.208070111455157
11884,5.502926048532609
11885,3.910233759826934
11886,6.069798638776897
11887,4.979946505934434
11888,1.8801782795633535
11889,7.306579065095737
11890,4.7562210597475225
11891,8.241964641177402
11892,1.6152553859611372
11893,6.181737290245289
11894,3.7467502945795528
11895,7.3983218147029906
11896,6.648788223181662
11897,5.89415801087518
11898,3.7572500823649086
11899,6.919781654435749
11900,7.754113472023765
11901,7.087879242668542
11902,9.273242869376114
11903,5.192099890653018
11904,6.980990079811932
11905,6.589819447496758
11906,5.882685197712626
11907,4.829699128184476
11908,9.162370502659948
11909,7.301811582198493
11910,8.451782989712083
11911,4.914736261345284
11912,5.87700010416548
11913,3.2772250328511885
11914,5.038730901439895
11915,6.981686833982228
11916,6.10559702034006
11917,5.664549962612222
11918,6.940247870180041
11919,5.336106075235022
11920,8.698875000027058
11921,8.319925416353387
11922,5.7453402615152545
11923,6.101232098741557
11924,4.168342970924941
11925,4.371796335724606
11926,7.899943102634726
11927,3.721676610481865
11928,6.794980486480418
11929,6.568589518825563
11930,6.107722351013589
11931,7.633916762088479
11932,6.928220715084562
11933,9.954246969489908
11934,4.829885429167976
11935,3.2891587432345832
11936,4.171787726676494
11937,7.4723468647988796
11938,6.177747523350521
11939,7.2088602475336945
11940,2.4282771729017094
11941,5.568584991873786
11942,6.119803505031746
11943,5.505786038903482
11944,1.7986025466977649
11945,9.377005688447564
11946,7.8051300966829675
11947,3.25950071083869
11948,6.143246722651211
11949,3.7364227984432254
11950,4.105565049766735
11951,6.657986991384654
11952,7.4265094947377595
11953,6.335675686222532
11954,7.7540935284135415
11955,9.942864203630725
11956,4.597403435291704
11957,5.415225969232603
11958,5.062403945342748
11959,7.0532066518015535
11960,4.0824055086699085
11961,7.1622957819709665
11962,6.873531858478764
11963,9.824481034092607
11964,7.036368719389347
11965,5.452507154023383
11966,8.4258758573656
11967,6.01499713846291
11968,8.224069500549856
11969,6.46034204453115
11970,4.818820663078796
11971,3.550597438027111
11972,4.311509202182783
11973,7.435620475895261
11974,6.638927069115574
11975,4.051201344833395
11976,7.584776293554965
11977,4.400605243753691
11978,2.1880526563168017
11979,5.859670777005382
11980,3.9611279908018515
11981,9.396518458142765
11982,7.4128599517493186
11983,5.493728598166411
11984,6.788595520222147
11985,9.366330734856522
11986,5.04287516948471
11987,6.93521659779615
11988,5.43665225061851
11989,6.243969065722627
11990,7.584105810333288
11991,6.245454695614642
11992,4.663830496670792
11993,3.9690021833423708
11994,9.29634739415001
11995,6.894278549974564
11996,3.792913857590001
11997,6.387521309538687
11998,4.588087761628328
11999,5.34680401253423
12000,8.705607041145544
12001,8.015642999264605
12002,5.353608846305031
12003,1.4739029524066696
12004,6.651243253186594
12005,4.209600918769751
12006,5.159915169687275
12007,8.943357131517105
12008,8.265745467271918
12009,6.324547025640452
12010,4.369299321242132
12011,4.206982785498366
12012,3.3695508873085367
12013,5.0047477337009525
12014,6.650291826108871
12015,3.911806127898155
12016,8.091843695955003
12017,3.77478708273232
12018,4.311330586634895
12019,5.047044615460417
12020,5.261618157550549
12021,2.7348601878456638
12022,5.018445042558332
12023,4.028517432107828
12024,5.251550809269226
12025,5.247439811722181
12026,4.272565517905785
12027,4.78259703328506
12028,6.4930316583102226
12029,4.212233197735285
12030,9.440048982133836
12031,5.013174106365422
12032,5.435820245248452
12033,8.276376122299608
12034,7.770537824949374
12035,9.74494016842702
12036,6.699745256941005
12037,7.554382225815629
12038,9.263610560327942
12039,3.082023889406665
12040,7.623246818554353
12041,6.755179198195257
12042,7.428800975172245
12043,2.8175415403499517
12044,5.0853806662654755
12045,6.3837702323630054
12046,6.769466788525628
12047,4.22113076678196
12048,6.025706362237857
12049,8.216830688398842
12050,6.7870716410152525
12051,7.830855991046464
12052,8.721949423497996
12053,6.9302049644840285
12054,6.282200784101951
12055,7.747183596440947
12056,8.843116670670893
12057,8.884736900569537
12058,7.036354487412629
12059,3.9066045386318713
12060,9.495313193871656
12061,8.067017249821012
12062,5.4799831142751945
12063,6.546983612523206
12064,7.723661272882807
12065,7.791265926286893
12066,5.246334338660053
12067,9.688610003799715
12068,5.172007126923629
12069,5.9385860376308885
12070,8.432528987461975
12071,7.143379191804512
12072,6.426577656203605
12073,3.5301101428782244
12074,5.84349709490279
12075,8.532089549417357
12076,6.259672378197965
12077,3.0694689443873715
12078,3.966429806877151
12079,5.547540009586697
12080,6.471108593488196
12081,4.4676663799050065
12082,2.3136134231373253
12083,4.976396812709975
12084,6.734633568255239
12085,6.3337709199209575
12086,6.719185755427237
12087,8.006979113384876
12088,7.069307115391359
12089,6.361198161635195
12090,5.26132556895355
12091,3.261029548924683
12092,6.344183578923259
12093,5.804637552058943
12094,4.85537241390455
12095,1.9834537357745943
12096,6.424980792563279
12097,3.592998659670374
12098,6.131067300692531
12099,5.996132113736139
12100,4.486919431191823
12101,7.895713484874716
12102,8.785219979761962
12103,5.9680769545417505
12104,6.063750106947713
12105,8.524542227305535
12106,5.386807051389098
12107,8.201442969049424
12108,5.716344303316298
12109,6.794569514525959
12110,6.728280452608296
12111,6.257496268184207
12112,6.231593047552414
12113,5.842088902242313
12114,7.6462328268660595
12115,7.069468955448636
12116,6.97452717431898
12117,5.9960531600837665
12118,5.295533244736017
12119,6.992942897271264
12120,5.7784559213196625
12121,4.053050227398826
12122,4.930887290681919
12123,9.959795592114437
12124,5.681950461585037
12125,8.13284830833485
12126,8.968544869856101
12127,7.322312806941155
12128,7.731519299514266
12129,6.813038331747898
12130,5.5503611218162865
12131,7.800063450495403
12132,4.829407708514853
12133,5.89599349246682
12134,6.178436393885697
12135,4.64919238767287
12136,4.403549936932483
12137,1.2861305039729152
12138,2.710484758708414
12139,3.2599944965445973
12140,3.675338545966448
12141,9.212518311611607
12142,8.79559132101213
12143,7.4533130755093655
12144,4.582814598006711
12145,8.536626083526237
12146,8.913783046290883
12147,7.494742121143398
12148,8.047225427169257
12149,5.869289234429218
12150,2.633023707419621
12151,8.00807752287853
12152,7.980627692289504
12153,8.890334726684998
12154,6.802393277376162
12155,6.219657009701746
12156,9.231877842415415
12157,4.173441351298451
12158,7.320254323506707
12159,8.61788516101563
12160,9.393694133404372
12161,2.196913920462556
12162,2.74253552025093
12163,7.725020974437757
12164,6.254704118607297
12165,7.874184654326146
12166,7.911029322198645
12167,6.319445215441958
12168,7.296849008977187
12169,3.419451429020754
12170,6.667286702591306
12171,5.848290070965181
12172,5.643635351905976
12173,1.556562657160092
12174,2.671856433600585
12175,5.922383176222538
12176,7.453404452459621
12177,9.661877457311252
12178,4.7232500914008035
12179,7.281537264584607
12180,9.243246074090699
12181,3.465291273031266
12182,6.703083585444412
12183,2.8081781906596324
12184,7.6433659813348225
12185,6.566886421290925
12186,4.153030464926192
12187,7.549639418617158
12188,4.5061964432754245
12189,4.804570811485937
12190,1.5744660802629364
12191,7.1801697152182875
12192,7.8666692528743605
12193,8.385390118626656
12194,6.69403294288315
12195,8.181095848473708
12196,6.3795039825464395
12197,6.934613480463016
12198,8.527262787043234
12199,2.77879930494653
12200,5.293424433563337
12201,4.600768638334954
12202,2.1660019736212774
12203,2.6288379846284315
12204,6.139118717956684
12205,4.552870263853809
12206,4.932137591099191
12207,6.1382946450434925
12208,2.9085220542371273
12209,5.33090021442316
12210,5.190373085602349
12211,5.111195689392749
12212,8.199861446739915
12213,5.898106507506352
12214,4.3381824583939395
12215,4.04168778746205
12216,7.618142590039681
12217,5.062883713337799
12218,5.95054850375986
12219,5.232437200388064
12220,8.57174264911975
12221,5.226150659912594
12222,3.2512951375697527
12223,8.198001540585253
12224,4.597217814967289
12225,6.355441750212373
12226,7.6889224517554196
12227,8.453270076427822
12228,4.366435176847639
12229,8.227737234273256
12230,7.319261395025439
12231,7.733795959011016
12232,4.646709707850848
12233,8.225111906362985
12234,5.505000315965445
12235,5.951489879581446
12236,8.718150610288737
12237,6.7155962980417225
12238,9.138711120377723
12239,4.168833545584004
12240,8.51821187115654
12241,3.243235326337662
12242,7.4673503134498596
12243,6.1015734116861555
12244,6.238828267897718
12245,3.4205025757166427
12246,3.4071907092696336
12247,6.516777130605562
12248,3.4828165415209535
12249,7.411379981926246
12250,5.676343792986208
12251,9.110584464244026
12252,4.046444425674415
12253,8.893297216628254
12254,6.752657174847037
12255,7.828373908508355
12256,3.540378911116319
12257,5.959764347044333
12258,5.2404582110031175
12259,3.6037586943869053
12260,2.6158223271920584
12261,4.220370739979133
12262,8.098833061610343
12263,6.253856821951785
12264,5.346239921339617
12265,6.425573362638508
12266,4.929742222373033
12267,5.720861043920881
12268,4.599559501047125
12269,6.927017713192637
12270,6.577600276290549
12271,2.9878173219923014
12272,3.871865453754834
12273,5.344811003057316
12274,5.285903297758434
12275,8.588829985793137
12276,6.099485363298713
12277,7.175560315234391
12278,4.065619167869638
12279,6.775093281095791
12280,6.308354166265341
12281,6.329671982522344
12282,9.15733050305757
12283,4.352228115017003
12284,5.5886822440124835
12285,7.6442703686543005
12286,8.02003742864554
12287,4.78284436236547
12288,7.808179175821396
12289,3.9796078422742873
12290,4.382949439559734
12291,5.0778576681800365
12292,5.190137044041264
12293,7.289674294581635
12294,5.751639831807783
12295,3.379670467522471
12296,4.231449040824322
12297,3.8171580686890594
12298,8.241230147953571
12299,4.028972090099028
12300,3.8928999795755814
12301,6.759880504272562
12302,2.529337331737782
12303,2.1388528222253953
12304,4.055006031316326
12305,3.812783430214321
12306,6.2939000287209375
12307,9.123300037000021
12308,4.612859419752046
12309,5.129695137466367
12310,7.253952533947888
12311,5.498196572598205
12312,4.889224414676797
12313,7.999635340190762
12314,6.614411970422081
12315,3.850833115944859
12316,7.761200871214195
12317,5.610024131387595
12318,4.1729452717667
12319,5.280993729171611
12320,5.924076676687593
12321,6.6248683477034795
12322,5.71877614071081
12323,7.506866305979672
12324,4.6069850271784665
12325,8.05488385601133
12326,4.085173156174094
12327,9.07355605608349
12328,4.786138971109293
12329,6.707599725403359
12330,8.30858095094731
12331,3.9720139372729477
12332,5.953128200543268
12333,6.816020473588347
12334,7.943541247431711
12335,6.461223729902953
12336,5.8804844397074
12337,3.014350685535022
12338,5.929145751773262
12339,6.692219331704321
12340,6.388384285606583
12341,7.158105490757263
12342,7.225866148160892
12343,9.95713514526835
12344,3.0729666581530024
12345,2.0862315150599424
12346,4.537280239047792
12347,4.044276475274821
12348,7.622043236019785
12349,7.0179734771151185
12350,8.889982943024718
12351,8.883525009810175
12352,6.443238055217742
12353,5.402133794541785
12354,6.935322440972189
12355,6.713325591388898
12356,8.743207238061922
12357,3.7478590477101226
12358,6.295488543496502
12359,4.623825731589335
12360,4.727345091403597
12361,6.003072953022028
12362,4.594167889382344
12363,6.823448531145074
12364,4.559893538065457
12365,8.020548128026523
12366,8.446423831215803
12367,3.782607725252009
12368,4.6129062458314944
12369,8.940374298114657
12370,5.181414884546846
12371,5.441984138489039
12372,5.749041687700354
12373,5.809864919262044
12374,6.760785656311533
12375,7.564925782984301
12376,8.844265485775532
12377,9.337198603521841
12378,8.783924195237999
12379,6.545592668613795
12380,8.393475632365453
12381,4.288410120932897
12382,4.806778000419656
12383,5.813978901653414
12384,1.0110623635089944
12385,4.3637045804872026
12386,5.131600276330761
12387,3.740652602075763
12388,3.120517764750085
12389,6.876492224661833
12390,4.558954735657557
12391,4.940583028373112
12392,7.417360398038193
12393,5.17501995843347
12394,2.999363566284509
12395,6.096244851824293
12396,8.752981138068167
12397,6.995142816661212
12398,6.646734770717937
12399,4.644789847296173
12400,8.259408790532728
12401,3.665580617997998
12402,6.9343635625008
12403,6.232218647660021
12404,5.8044925535275045
12405,3.954729098776749
12406,6.1054987655424435
12407,4.784055949926376
12408,3.6916385596285375
12409,6.377533073742866
12410,4.674398617165103
12411,5.263688211316403
12412,9.025215522563812
12413,8.496637868062484
12414,5.869528250162048
12415,6.36917968281407
12416,4.206975738073906
12417,0.7704542528145227
12418,6.229190650073463
12419,8.82963681942904
12420,4.81294895885137
12421,7.302530951772528
12422,4.871291858088801
12423,8.328114993485016
12424,3.163577829835834
12425,6.360703668844541
12426,3.283695269940697
12427,8.076337999605435
12428,7.6050060495331255
12429,4.641472527069471
12430,7.733503503983706
12431,4.030600260185647
12432,5.960585728361345
12433,6.4185248627249525
12434,9.018145796022724
12435,7.9768881761730235
12436,5.0924164031495165
12437,9.920999144030237
12438,5.581681800821181
12439,6.188120545502705
12440,9.43824603458903
12441,6.898388839464816
12442,4.438203422833199
12443,8.22512018958835
12444,6.455464681125128
12445,6.577149611917058
12446,5.431273308120369
12447,6.679908635161583
12448,5.946098358334977
12449,6.497626228722516
12450,8.640503350029928
12451,9.135434381918575
12452,5.804497332814256
12453,7.512217383357901
12454,6.869930870929033
12455,5.129382461649897
12456,4.7209918929521635
12457,8.212666871555978
12458,5.742576144437685
12459,0.242717703201143
12460,6.0654619686565745
12461,9.447374654494103
12462,6.01318869439804
12463,4.395606061637614
12464,7.131636516561647
12465,7.1458615140408615
12466,5.322332668293457
12467,7.817834895258665
12468,7.677560671469589
12469,8.191975594937421
12470,6.272001790391191
12471,5.388331522613695
12472,5.379419543885795
12473,5.636991621846784
12474,7.671972265126971
12475,3.2928489277471304
12476,1.5558638933662345
12477,8.593265413532603
12478,9.173874768736606
12479,5.536018597812712
12480,7.607435109976046
12481,4.58405643490252
12482,9.639524147798646
12483,6.448227111361502
12484,5.019398264813693
12485,5.026227832250476
12486,6.218693528522786
12487,6.767414805177199
12488,6.360700006921684
12489,5.1507902556794285
12490,6.837064609348182
12491,4.783370809902609
12492,6.194125657534315
12493,5.684487774912051
12494,7.539529756571579
12495,6.163672553467206
12496,8.305337339689714
12497,7.570378913482005
12498,8.498711359438833
12499,1.7494763205240078
12500,3.2072889185963493
12501,3.9852547447060767
12502,6.604559334227542
12503,5.723865874024684
12504,3.9145406184439033
12505,4.972935315541849
12506,0.9193571052821148
12507,7.178962837530792
12508,8.232726114292278
12509,5.263938892412443
12510,6.945859440393167
12511,5.358129442205426
12512,9.289743120976185
12513,6.234625717414778
12514,5.8830871113700525
12515,5.58842352212904
12516,4.131444834470262
12517,4.291010248071881
12518,5.551467796703422
12519,5.882863905488517
12520,7.898224833877459
12521,4.736834943827172
12522,6.394275355678153
12523,4.125047227713586
12524,6.122169044482167
12525,2.3098780136276678
12526,3.791346654171183
12527,6.987093448343414
12528,6.596160924070537
12529,5.5959628746089125
12530,8.693297377768367
12531,6.115600985816011
12532,4.577911427905767
12533,6.242616000185865
12534,3.9530839710153356
12535,6.840264481176643
12536,4.208891455651614
12537,4.69581307964352
12538,3.54253086299947
12539,5.168433648889752
12540,8.387859877181238
12541,6.8206200651952384
12542,8.677725238323825
12543,5.443582450043994
12544,9.519999815223379
12545,6.212213045045318
12546,6.321942031886113
12547,7.227681024650048
12548,8.094803229840139
12549,5.835429330434807
12550,5.539317656226915
12551,1.6298792105683995
12552,4.971502381876706
12553,7.1602698332574635
12554,1.9480942140292394
12555,9.852626853958277
12556,8.363909693892243
12557,8.400836261147365
12558,3.6146389431783827
12559,5.653814243955219
12560,5.231855768574903
12561,8.616130651512039
12562,6.527708333446566
12563,3.3338937086712175
12564,7.8089595518096875
12565,6.767196359729854
12566,6.218759056487695
12567,3.675643897684464
12568,6.027933889519522
12569,6.19945781482647
12570,6.212601810343202
12571,8.412111715151807
12572,5.32388838744005
12573,2.862876647632942
12574,6.811497125615085
12575,5.815204554182277
12576,2.5885506018709155
12577,5.502814909632
12578,6.0044005060806676
12579,6.410743996699407
12580,6.208912922496733
12581,5.6850275138837265
12582,4.383597295105049
12583,5.738359516381534
12584,7.6597865144580295
12585,3.8505047171065754
12586,7.3327869699074935
12587,7.967318463709564
12588,2.185401731281014
12589,3.332706162663681
12590,8.906451646602887
12591,7.277303838140211
12592,6.252561081786361
12593,6.7774995448696
12594,2.7463601756386304
12595,6.974506030626885
12596,7.819426034705501
12597,7.238792684926242
12598,4.9984531827505
12599,6.214164430088015
12600,4.307406978898081
12601,5.836201815086453
12602,5.285297777441907
12603,8.65463724707652
12604,9.402303800154748
12605,9.549482715502922
12606,6.18758986129602
12607,4.302046411781052
12608,7.206216790238923
12609,4.237454692820576
12610,4.761657138123046
12611,4.388556835068872
12612,5.777282780427241
12613,8.50341692512338
12614,6.392109376425472
12615,5.001693521745809
12616,8.286113591011304
12617,2.06773065929405
12618,5.126521649374999
12619,6.681719265295682
12620,8.383098117899726
12621,7.692651674440896
12622,5.746065988213092
12623,6.6098054240607444
12624,6.696982337224387
12625,7.402512961057971
12626,6.11970951743795
12627,5.5181616447883375
12628,7.771220914643881
12629,8.049995763935009
12630,7.641613633021619
12631,5.796573315083274
12632,3.9442431922778214
12633,6.810919846207827
12634,4.773912078341244
12635,4.932401002803765
12636,8.127059638698551
12637,7.471153203602525
12638,4.274843268512605
12639,7.460773767908673
12640,4.382700824384639
12641,6.06478995663809
12642,5.6968565049341215
12643,7.351044293700902
12644,3.136922085588914
12645,6.068844852823673
12646,8.38334600350202
12647,6.9219710700641865
12648,7.557558398195384
12649,4.553184488102001
12650,4.365721900686221
12651,4.8547211511840604
12652,6.649563494857858
12653,5.9064913200466655
12654,3.8659133104334824
12655,4.831214310903226
12656,4.784710843069426
12657,7.231059703796666
12658,8.097613318046726
12659,6.043484021025794
12660,6.031197840216695
12661,3.2621377382841232
12662,6.180707047972462
12663,5.908732534219878
12664,4.152435533672524
12665,8.683996899138217
12666,4.722646039945039
12667,8.360481038309437
12668,5.443623154777434
12669,6.475772145972905
12670,5.4106090087716385
12671,7.852532270374368
12672,6.795815511091114
12673,2.96845827509573
12674,8.642187583657115
12675,4.495298154735877
12676,8.01910903699911
12677,9.904612248639562
12678,8.995049944960106
12679,6.0946316405408805
12680,6.688028768626821
12681,6.694797182012229
12682,7.522575332470746
12683,6.589071235564302
12684,6.923469283661695
12685,7.321479209143051
12686,7.386738410302052
12687,8.347999951988001
12688,6.187005744097257
12689,4.552829942265996
12690,8.864661441520909
12691,5.941952616486118
12692,8.164485636998451
12693,7.948669074839746
12694,5.474331638400721
12695,4.576158313759979
12696,4.639121681504123
12697,4.040520948315821
12698,8.097714192312678
12699,6.26425762687963
12700,8.09708213811536
12701,5.380633573555848
12702,5.368788834935852
12703,5.759013359553034
12704,1.534769847785225
12705,2.9836068153284745
12706,6.724410764292021
12707,2.7693404566009976
12708,5.9327194534074055
12709,7.879366465226755
12710,6.473999624083583
12711,2.112312774832804
12712,5.217564852207067
12713,5.619521840100468
12714,3.9616474626959186
12715,4.83659140482882
12716,7.656507840098222
12717,6.0097583226300815
12718,5.242887202347911
12719,4.936714956291304
12720,6.196854601111463
12721,8.801967436688615
12722,4.578808927436155
12723,6.415565309004063
12724,8.281424969300408
12725,6.400131944504674
12726,7.172040245477922
12727,4.782128065791656
12728,8.323122620945476
12729,3.91345466515242
12730,7.469335187236985
12731,9.189569023565621
12732,5.6703485939021165
12733,4.567988242006273
12734,6.743418604631507
12735,7.600686422657676
12736,5.9151561727639965
12737,8.298849030541213
12738,8.114627645972543
12739,8.570339900707765
12740,5.009142556638985
12741,2.09913767703244
12742,5.975635159894804
12743,8.699710061726467
12744,6.3534251507811295
12745,8.733700654788429
12746,3.8985161350644573
12747,5.706877081102249
12748,6.123261398747288
12749,4.067797494835488
12750,4.745310794030249
12751,3.761887455048327
12752,7.077909808473079
12753,7.805051958801199
12754,3.0361235920613145
12755,8.894874466959624
12756,7.109262633729916
12757,8.603898819893512
12758,5.306543031983042
12759,6.750234927664884
12760,8.447724162789651
12761,3.778299170262565
12762,8.833284663105825
12763,2.07983111266761
12764,4.665796984335731
12765,6.995844695717215
12766,8.143278315016763
12767,5.1972605946115635
12768,5.521537592419672
12769,4.005190142387335
12770,6.58460291700735
12771,6.550992526603689
12772,2.6094991750563485
12773,1.6153805150594893
12774,7.75461249528899
12775,4.809265409569595
12776,5.2430661845046975
12777,6.85028685181051
12778,8.240467248167246
12779,8.02285000762854
12780,7.310423133154741
12781,3.652220133026246
12782,4.460017172444282
12783,6.98083054220352
12784,6.425072439284613
12785,4.441090593263904
12786,6.82337834796609
12787,7.722229518514854
12788,4.023916095507902
12789,4.420133647688863
12790,8.76213044122282
12791,6.2142967976392605
12792,8.568150502963878
12793,7.235162162915092
12794,6.83148536121926
12795,7.040802835357112
12796,8.281290496599551
12797,4.733536529820697
12798,7.506004502666132
12799,6.219721019130342
12800,3.225051958939831
12801,5.954471602790269
12802,8.72583768979572
12803,3.7718334775662417
12804,5.275308849974977
12805,2.719084573642068
12806,8.516832819946206
12807,4.585661614308851
12808,4.501039998440206
12809,4.768663437278842
12810,5.842702087890248
12811,7.574971378382902
12812,8.678703523505387
12813,7.6718637141066335
12814,7.755990099192182
12815,7.335173371251859
12816,6.294438987081192
12817,5.096243258342435
12818,9.056170392662462
12819,4.700659661452765
12820,8.457386767525891
12821,3.2390907799030715
12822,5.689412626994301
12823,5.002856491886728
12824,9.728415058301762
12825,9.372532316075606
12826,8.54462391141339
12827,6.213152950426631
12828,6.4168073126842415
12829,5.951489497771505
12830,8.915489349591027
12831,6.180548323048106
12832,5.282515599315884
12833,7.780333105774331
12834,7.347137754969375
12835,6.4196199818466555
12836,8.543127511728844
12837,4.926069108688302
12838,6.462926270202104
12839,4.28921006679331
12840,8.59009085296058
12841,5.414209547890232
12842,4.135946192049702
12843,7.0093501528134
12844,5.4206666103593175
12845,2.0922811952287805
12846,7.793515378482709
12847,4.09570049327279
12848,4.997864842147061
12849,7.376092664571291
12850,6.872063743893301
12851,4.6875738640126166
12852,5.751737507357488
12853,5.7914764448780645
12854,2.8180104922309743
12855,5.731599088635637
12856,4.25157057172432
12857,4.555638486293827
12858,5.144010352353962
12859,4.7656328071148994
12860,8.460290717705998
12861,7.203523835282351
12862,6.331453865941613
12863,8.910142492879798
12864,5.211358478042976
12865,6.321853873551653
12866,7.317344609930546
12867,4.495329569674602
12868,6.256449968687412
12869,8.864184377352476
12870,4.871404129344567
12871,7.069634591912097
12872,4.37786583319177
12873,7.906337928768252
12874,5.129681243239071
12875,1.833997598527334
12876,8.105088915965803
12877,4.7743718619743465
12878,5.092009080168503
12879,9.059139579081842
12880,7.311902394559631
12881,9.429466663620119
12882,6.221192077967588
12883,7.886346143339459
12884,3.8022809160405484
12885,7.87812154686198
12886,8.324303596720235
12887,6.680211092594321
12888,5.0840746698262524
12889,8.575440859998553
12890,4.3109734609128445
12891,8.431203720602278
12892,4.6422914488020215
12893,6.825065541647607
12894,3.468303382659102
12895,5.603857082033732
12896,5.599856250921542
12897,3.761431883313203
12898,6.613393198470296
12899,8.31420711368975
12900,1.9081385910890738
12901,7.501740863196442
12902,6.5638531345138444
12903,7.436207572549828
12904,4.6468784917512425
12905,9.349792983290554
12906,6.782473328144886
12907,2.102474955993248
12908,6.56026713684842
12909,3.61679365126454
12910,9.020448689394724
12911,5.724164870855628
12912,3.2080761450461845
12913,6.7504624441544605
12914,4.525225451902609
12915,5.2723990122488615
12916,6.888933868840431
12917,7.736092339921786
12918,3.1786877483393527
12919,7.026416093349065
12920,6.225876308637764
12921,4.555402512733348
12922,6.81049895105118
12923,5.766389624479594
12924,6.791113548453411
12925,2.3805611109871414
12926,5.336104535329327
12927,6.123194158727636
12928,6.586782382180415
12929,8.375442846550541
12930,4.068695162620851
12931,5.073681703079119
12932,8.374605874741311
12933,8.204254578489309
12934,4.634279347236678
12935,7.748581209547858
12936,4.650636188268745
12937,8.161900137864247
12938,8.363685406844809
12939,7.046541676494807
12940,9.68336680270905
12941,3.9798087155815667
12942,3.751394071860857
12943,8.873662594935574
12944,6.639023601196692
12945,6.231575441259947
12946,6.924834543707892
12947,5.567567306183746
12948,4.873521170052073
12949,8.999975322001522
12950,6.47575184514144
12951,2.39921977013572
12952,5.7342966285334676
12953,6.128850258605141
12954,8.892395160373066
12955,2.149702091738509
12956,5.255977483411191
12957,6.100460727233347
12958,8.529123196548671
12959,3.624692102460317
12960,2.277651861967505
12961,7.235156359140936
12962,5.351414496373865
12963,4.810444171924511
12964,7.740641098421054
12965,4.67962636147761
12966,3.039570383995351
12967,5.273259702679328
12968,4.980172693986527
12969,4.635824412628615
12970,6.245694244374573
12971,4.358521201056192
12972,5.4672361334364465
12973,6.861427392351821
12974,3.1166649081075795
12975,5.76584550976754
12976,7.511398807603733
12977,2.966460142905985
12978,8.418870202378422
12979,8.083646493744922
12980,4.864034976939529
12981,2.866072740704582
12982,9.733368939824045
12983,6.442250129900814
12984,5.222477901393525
12985,2.986987547287641
12986,7.8432273269876225
12987,8.179437365158744
12988,7.540669791493873
12989,4.310621369794825
12990,5.950545015698063
12991,4.497643083586523
12992,5.3520167237066385
12993,3.901418727011484
12994,6.813808787328064
12995,6.455229406305962
12996,4.516368199829763
12997,7.153137750029789
12998,6.504235062456797
12999,6.077082893356885
13000,4.38041051584327
13001,7.706547684389083
13002,9.42200734364171
13003,4.803084738705289
13004,8.933385943474075
13005,1.4262485731761108
13006,3.687723669767566
13007,5.290678108046647
13008,4.4754709890251085
13009,8.72584663750012
13010,5.143414476016812
13011,7.330218767728278
13012,8.024698780407054
13013,5.171551762157652
13014,5.44989500151249
13015,6.129295921401747
13016,6.685380643076352
13017,5.997752225004412
13018,2.772963802260296
13019,4.387880461552923
13020,4.715159352177438
13021,7.0612589158011945
13022,8.955582097033902
13023,5.985484843342866
13024,5.2744138243466185
13025,5.722671091924761
13026,5.32170011379498
13027,7.502441141918323
13028,7.814935798167329
13029,4.7305946011533315
13030,4.8252021155547276
13031,4.727471364011898
13032,3.1813638905933987
13033,6.755789077887084
13034,4.328714440880199
13035,7.536863383875614
13036,7.155237639536565
13037,5.378265732675545
13038,7.091864593828026
13039,6.422597511951891
13040,5.03312525603011
13041,3.307363119491284
13042,3.628884740784152
13043,1.4718736297902837
13044,5.560223299412458
13045,4.980780814843525
13046,5.267254057787213
13047,8.661701887151242
13048,7.704960660864575
13049,6.980840532208515
13050,8.350746401317988
13051,4.24906323977596
13052,6.633733011612129
13053,6.844585379549884
13054,8.957983869430588
13055,5.206834475224364
13056,3.5480076987921696
13057,2.1337780846651584
13058,6.624849887251822
13059,6.00846803873315
13060,5.689113307727674
13061,4.3205763041962735
13062,7.278151713820209
13063,9.241399512602012
13064,1.8055948892589824
13065,4.536928709594982
13066,6.955804741016728
13067,9.005465527144638
13068,7.375435353921117
13069,7.48112144223604
13070,4.4837214336950915
13071,4.828584626155963
13072,5.892158674294793
13073,6.437036870821634
13074,3.8596361406484503
13075,3.639777927345318
13076,4.745029193229023
13077,5.7011449377346946
13078,6.2727232546133145
13079,4.089557362446234
13080,7.57347166785632
13081,5.9870379238248965
13082,4.152411405005432
13083,3.451242044771511
13084,5.11485056396785
13085,4.486521784600893
13086,5.903392123440157
13087,3.0750892930763207
13088,3.2607685916341804
13089,9.23519398854769
13090,7.752912117860518
13091,7.9709286769131555
13092,7.5448538304919985
13093,6.009802135100853
13094,3.1383191202732093
13095,5.328855731520465
13096,6.025291328350062
13097,4.204740547241929
13098,6.434315669018769
13099,8.453284749597541
13100,4.222673962767807
13101,5.618283176497418
13102,1.4840726459312403
13103,7.137098344954855
13104,6.721639400588851
13105,6.8074729280176305
13106,6.164825442842824
13107,3.705271413114386
13108,8.482008210224171
13109,5.700559950981414
13110,4.624772938564046
13111,5.481825987913529
13112,7.430517003707726
13113,5.855055176044317
13114,8.657162975032477
13115,6.572345582295384
13116,8.183608503324196
13117,2.0010519569270624
13118,9.769661213552515
13119,6.4717327896235926
13120,2.8983524172456105
13121,5.468190515525881
13122,6.724503544246702
13123,5.710133610230957
13124,4.041474800735447
13125,5.270893260838999
13126,4.346372164298893
13127,2.0427179729517757
13128,7.78055565373601
13129,4.58800681769964
13130,7.204123107910537
13131,2.13326126731864
13132,6.000519824039315
13133,5.16454219610034
13134,7.387641201445438
13135,5.111883353160573
13136,2.3410621609996216
13137,7.179297044513327
13138,6.7011895622699855
13139,4.87427945473126
13140,8.716403453027889
13141,6.644783806829846
13142,4.428245685841103
13143,8.159361305680912
13144,7.745203696205385
13145,6.1703950298045145
13146,7.208947656580317
13147,6.57465666692826
13148,6.55559000241367
13149,7.4045517009101385
13150,3.7541990829203296
13151,2.8525369840208175
13152,7.024516161554076
13153,3.741489531711968
13154,4.394023402121395
13155,7.361063356536114
13156,4.646518773652279
13157,4.490793551065578
13158,5.058784956821265
13159,6.7897939248575145
13160,5.620797445362566
13161,9.809360476323034
13162,8.104726242169898
13163,4.438479617584811
13164,7.501752675173348
13165,3.8142644420153755
13166,2.701798478285144
13167,6.185018631803917
13168,4.041989040638643
13169,5.612261278757936
13170,7.379379445427569
13171,7.090127615210516
13172,6.2729048367989595
13173,9.370665527718181
13174,6.598100304692015
13175,4.576347452141015
13176,5.6952067059716365
13177,7.770051298207394
13178,3.459415443176728
13179,8.62238417840177
13180,4.58043496368553
13181,3.580397991830845
13182,8.18086217772073
13183,5.64939520419912
13184,6.732783648564704
13185,7.284657895847382
13186,7.746547255051448
13187,7.307887934288458
13188,4.400960548638661
13189,4.4981564536276695
13190,5.826875185353838
13191,3.456186927051892
13192,8.63160161282886
13193,7.652131699835403
13194,8.29799468204216
13195,6.087265112246471
13196,5.380246188504718
13197,6.285972427803694
13198,7.480434099848404
13199,6.2895011004304555
13200,9.200861879315733
13201,2.610049936435606
13202,5.233114627657817
13203,6.941766842739998
13204,4.545746191535674
13205,6.090018097209585
13206,4.188773331537461
13207,3.4000689128912898
13208,4.536200916151225
13209,2.4753078424183754
13210,2.9021213870790965
13211,2.5725362864658576
13212,6.9223752778122725
13213,6.824129501033055
13214,5.06359939459764
13215,2.8011888498139985
13216,6.247944833640799
13217,6.417835299375234
13218,7.8931632219562555
13219,5.73353816047166
13220,6.491177849144357
13221,6.344878326154586
13222,9.466890247537707
13223,4.828905484974184
13224,4.4342540620832205
13225,7.762877141100935
13226,5.992047131409917
13227,5.460820468389274
13228,8.550011590719068
13229,9.063398890298068
13230,6.246769759980509
13231,4.144182057534227
13232,7.68017414997896
13233,0.3350233263967129
13234,5.35768247803628
13235,6.697485492203363
13236,6.533289201139127
13237,7.287333082866193
13238,5.597898706459258
13239,5.165193462543662
13240,3.759815407417689
13241,7.687737079435313
13242,4.971630158348559
13243,6.77895165534682
13244,5.970634257608051
13245,5.0467644634227415
13246,7.188926800490157
13247,8.107729618362484
13248,4.797041665285464
13249,4.72071605937827
13250,7.831517872951036
13251,5.350934217100162
13252,7.782927880488386
13253,5.5759761479066645
13254,3.1522734642374575
13255,5.7109447188708025
13256,6.729509235066994
13257,7.096586283007762
13258,8.265208067240017
13259,5.1546638829704445
13260,8.44909841623408
13261,9.40839886590677
13262,4.296858958482225
13263,6.509185911944049
13264,3.3640578590998924
13265,5.452539504580821
13266,6.201181619782247
13267,4.126916694403594
13268,2.7939867774046157
13269,7.065648820438576
13270,7.619718364717976
13271,5.093408091570038
13272,8.35152620087817
13273,7.85832524601893
13274,8.319639600937728
13275,8.154859119174944
13276,6.34449811948916
13277,6.809116293879548
13278,1.21391272950042
13279,3.520615844741927
13280,5.191526457011866
13281,6.368126040520907
13282,5.714827839799328
13283,5.237979567292382
13284,4.843248715378912
13285,7.1216633127586775
13286,6.657274972802714
13287,7.03765656839681
13288,5.099441702625914
13289,6.891436156995451
13290,8.653241411103693
13291,2.6735659581102955
13292,4.76361074961373
13293,3.9018722615367682
13294,6.987334491136043
13295,7.740573427487432
13296,5.710613380871097
13297,6.242160897044732
13298,8.154936839384277
13299,5.8039573914114015
13300,6.221426520575911
13301,6.200000696596575
13302,4.625471011029854
13303,7.194753654251211
13304,6.144904319305171
13305,4.347477772406153
13306,5.893630775210498
13307,6.916999786363659
13308,4.381844501805527
13309,2.8976356608707396
13310,3.199815747112001
13311,5.51531357876636
13312,1.0807625036215467
13313,5.432176065690295
13314,7.491580186353769
13315,9.083512162444556
13316,4.580329708164003
13317,3.0438010082201936
13318,5.388207343802917
13319,5.760226417276662
13320,4.720046712091962
13321,5.8641259662693885
13322,7.395806054728469
13323,7.729730638930148
13324,6.7910641965463485
13325,3.329189441342942
13326,7.942800989607504
13327,7.20199920903115
13328,6.492577107949458
13329,7.2985545175688396
13330,6.944452870296983
13331,5.972182133253112
13332,2.0330449855982247
13333,5.317758345120355
13334,2.6993124572329434
13335,9.967036935644629
13336,1.798561573898519
13337,6.858352589373517
13338,8.535344387162912
13339,8.586925546238069
13340,7.956784724921107
13341,9.212361607121384
13342,5.683842444147255
13343,6.244659616006502
13344,2.6761458249815924
13345,3.591709278328887
13346,3.800469066026026
13347,8.904651932244569
13348,4.09455801717262
13349,2.720499474189507
13350,3.3577275993935816
13351,2.5961122336747477
13352,5.490710948351268
13353,8.087664104890685
13354,8.128267553924152
13355,2.9160015378092874
13356,7.179395141185322
13357,4.021287292875508
13358,8.043603161893067
13359,5.4789907215303355
13360,8.214793815539247
13361,6.733784776066219
13362,4.13113189598375
13363,6.833453314788166
13364,5.1031674590208205
13365,8.569751749103531
13366,8.323305079485912
13367,5.025505624207587
13368,5.360803880502473
13369,6.761853337855802
13370,4.324054484140159
13371,3.2545272982346085
13372,3.832632000509121
13373,8.01903467065533
13374,6.709528122679959
13375,4.232826008297818
13376,4.931889303451209
13377,6.577020861688575
13378,8.667623160295292
13379,5.205969438464453
13380,2.38403532557936
13381,8.823313151212242
13382,3.9754816291376383
13383,7.499990519453811
13384,3.6382719523845153
13385,7.750080849167986
13386,3.2078555237789845
13387,2.63244800627331
13388,6.152054890850541
13389,6.375075265261625
13390,8.604798633715902
13391,6.651434988945715
13392,8.326751421804362
13393,5.248358639794689
13394,4.636201865923904
13395,8.90469903221704
13396,8.879513690800135
13397,8.152292287582483
13398,4.717511198926706
13399,6.996826190239112
13400,7.739883110963785
13401,6.3005817062699085
13402,3.877236490394239
13403,8.510581108045173
13404,5.811708628230115
13405,10.0
13406,4.107650583637131
13407,3.1436824759852664
13408,3.527598425400982
13409,7.474116128040658
13410,9.139948653981465
13411,5.2476789812974864
13412,6.160447921179679
13413,8.560709455037939
13414,5.429887208096312
13415,7.0814185672214105
13416,8.406192201096085
13417,6.077373068960558
13418,6.547868784639147
13419,7.13145939804937
13420,6.865521401300761
13421,4.947842073754931
13422,4.937334588137438
13423,6.571419332810997
13424,8.556144200608529
13425,6.551543830989361
13426,5.7833908990257665
13427,6.520845011135303
13428,5.321634350489764
13429,3.947436184243612
13430,3.88104260433702
13431,7.8180963324311685
13432,7.564198474184802
13433,5.51565649285622
13434,5.656661615903949
13435,6.259388888636181
13436,8.745705267736687
13437,1.877530333979737
13438,2.883280989959315
13439,9.952370766396522
13440,8.155057129938625
13441,4.3439905821457865
13442,6.710309671164875
13443,5.755120552906444
13444,5.962915555164784
13445,6.79813287867411
13446,9.12608831539619
13447,2.21281923533247
13448,2.7671786716004387
13449,5.638334233256616
13450,7.588379382009059
13451,5.585258029644642
13452,7.873086530346145
13453,4.941664194890201
13454,8.313403023460987
13455,5.005612477987542
13456,2.711970393449515
13457,8.134178877495673
13458,8.141895353620994
13459,7.173024715812435
13460,6.324827355636918
13461,4.197063700689923
13462,4.644471674206128
13463,2.945258029314982
13464,4.243234262265385
13465,1.4236677840773304
13466,7.891462761783169
13467,3.983733669917023
13468,7.314448973104324
13469,5.008674947744737
13470,6.39908260915184
13471,5.1882414715750835
13472,3.7464067274889192
13473,7.437970102748162
13474,4.864211192094492
13475,7.51383870617929
13476,6.762576777093942
13477,3.9106648231127727
13478,3.3313822235647197
13479,5.143479465210214
13480,6.488180805935067
13481,4.644251798015907
13482,7.5489264073615665
13483,7.562128059534741
13484,6.116375193485236
13485,6.991294801792856
13486,5.722439717890817
13487,4.966604734364369
13488,3.2230870149302016
13489,2.484762708133422
13490,4.305665131838296
13491,6.004269246715098
13492,6.292550607183345
13493,7.530558358233285
13494,4.119455603666719
13495,4.609820194438941
13496,4.893850735534286
13497,5.788768569134625
13498,6.337532123196749
13499,7.59403913127317
13500,4.59169500451827
13501,6.656024747117656
13502,4.945142268930393
13503,7.038772153208712
13504,8.342827341618797
13505,4.3908042942180465
13506,9.114023912626882
13507,3.437883843290336
13508,3.41210149548255
13509,8.328073947192479
13510,7.921542521774125
13511,4.0802243794560535
13512,7.057615580227668
13513,2.4674322271498785
13514,8.359001606212653
13515,7.639502753765663
13516,4.389500373419212
13517,6.026778481849584
13518,8.856575702544575
13519,8.444266460622645
13520,6.0137366656045
13521,5.428627447412363
13522,4.370228340375245
13523,3.982255455285008
13524,6.269271548107928
13525,5.914134750205991
13526,3.172188148659411
13527,4.119238722110287
13528,9.279981085762126
13529,7.340578786314101
13530,2.3811018331699048
13531,6.423636948798082
13532,6.874241015815192
13533,2.753287036892184
13534,6.136711858409683
13535,3.033313834164173
13536,4.917187431294812
13537,4.82055976791896
13538,6.308715122359578
13539,4.032029314706238
13540,4.6006649619213
13541,8.714488007606569
13542,3.3752969058719913
13543,5.37931498473411
13544,5.3955380718507175
13545,7.650762994787165
13546,7.632314106714764
13547,8.322438912871663
13548,4.090917492096136
13549,2.6692783788769043
13550,4.862156315048171
13551,7.572805169696897
13552,6.832056208326142
13553,6.665120149220728
13554,4.321607473540774
13555,6.753376555097244
13556,6.3222660048385535
13557,9.910120903744899
13558,6.884495576623285
13559,9.097115971560308
13560,5.697810511914591
13561,4.362832779945046
13562,5.146771253223106
13563,6.800281755672479
13564,6.678208260364308
13565,6.296055610307799
13566,4.4595885512658615
13567,5.517534545651714
13568,5.445047564379987
13569,2.473777372500254
13570,4.985584209543293
13571,6.418773458776597
13572,7.193877119391781
13573,7.300671022930829
13574,9.110889691313565
13575,7.828572218440911
13576,5.997354434987477
13577,8.93700060808385
13578,2.3771959086749583
13579,4.440165298088232
13580,3.7421261703188784
13581,6.031386111862194
13582,4.609808996929937
13583,7.738475603274733
13584,7.154399210665842
13585,8.543928871967932
13586,3.257767362539329
13587,8.182955987272656
13588,1.2868804625673385
13589,8.58803544209282
13590,5.307841029961729
13591,6.113268889158508
13592,8.80190502377814
13593,6.227036126417714
13594,5.689058713234326
13595,5.45388836009567
13596,8.54463492086673
13597,5.091799224602377
13598,6.602318274626734
13599,1.6083841275031656
13600,8.655456676187821
13601,4.784137793045729
13602,9.182462952351623
13603,3.416253374607826
13604,7.688839985086501
13605,8.186885224000754
13606,5.891674641077583
13607,4.596300362077872
13608,1.186585284950267
13609,3.511406802786864
13610,6.343141027129547
13611,5.530763281634881
13612,9.502071156841344
13613,2.205079236752542
13614,4.998467651376167
13615,4.617840861400099
13616,4.407874369467067
13617,7.220198377510427
13618,7.885189894100315
13619,5.756182818493581
13620,3.435700851386854
13621,1.7537141446441569
13622,6.0684127224079285
13623,6.449531045512978
13624,9.99537125987034
13625,5.2485250942588815
13626,6.278049251903773
13627,9.37348525532554
13628,5.257271785293374
13629,3.679158119262577
13630,3.9213699940601634
13631,8.456603543383778
13632,5.101575755023139
13633,4.682378903112546
13634,6.868176572910348
13635,3.923598131648361
13636,6.310053532715893
13637,7.3664748422837665
13638,4.655003464404822
13639,5.102110892693005
13640,5.669215329066129
13641,7.516931603571402
13642,7.2761836011817635
13643,7.005967880629298
13644,3.338474408916537
13645,4.140466144684342
13646,9.304885174862651
13647,4.0126944705698095
13648,9.069062538086534
13649,4.8012344058333385
13650,5.409320307120162
13651,7.505783281414319
13652,6.624658930145729
13653,6.669577719545722
13654,5.647277740010406
13655,6.490994350857
13656,4.3737360325921335
13657,4.132501816412322
13658,3.0285646008944354
13659,4.929791230989381
13660,7.677336385982883
13661,7.543233539415374
13662,4.831270035722516
13663,5.005862777267814
13664,7.189897942831365
13665,7.172091695265388
13666,6.775686940265359
13667,6.877869679397023
13668,7.091200429026441
13669,2.6799401248332226
13670,8.207421051252433
13671,6.280438054870451
13672,8.616115682573428
13673,7.0386746835048495
13674,5.27121985128545
13675,5.943684112222736
13676,7.333083764223537
13677,8.704825298624158
13678,6.651871432063862
13679,3.500397638638376
13680,5.129540082879338
13681,5.472346605263189
13682,5.235444416673093
13683,7.617023738559407
13684,5.624789718050348
13685,6.710719025925618
13686,5.687922887302886
13687,7.278514166749373
13688,6.843781798935205
13689,7.229244802708477
13690,7.650755582403173
13691,8.737601221247926
13692,4.349580758011877
13693,7.148398009903808
13694,5.107425278590324
13695,6.1851372750606295
13696,7.746246248353335
13697,8.117895883113617
13698,5.38255050758776
13699,6.314822409881987
13700,5.159583397911113
13701,3.697651612523435
13702,4.699460577820454
13703,5.751435248668131
13704,3.394228222377638
13705,4.5386188586162755
13706,8.303978024062918
13707,5.574003715304409
13708,7.65161710120112
13709,8.41208777082873
13710,5.531141504430692
13711,6.691085773572926
13712,4.945903321137401
13713,6.523245846466019
13714,4.914324893151804
13715,6.630615660083874
13716,6.059723139747076
13717,2.3624312278179733
13718,4.316114506071677
13719,7.045256432113296
13720,7.88382198872633
13721,9.041585645461769
13722,5.0545061118394985
13723,3.450801826516464
13724,6.879939519106194
13725,6.380711571626418
13726,1.8375892259210382
13727,6.502671652575451
13728,4.29846541397841
13729,6.878426872269628
13730,8.099688121011345
13731,6.701557653750798
13732,4.18757566231169
13733,8.757926751149348
13734,2.2030055007428127
13735,5.213970685073993
13736,8.223950901201079
13737,3.177788681374491
13738,5.409527523853548
13739,4.651775640228486
13740,9.434024041483784
13741,5.594336565687071
13742,6.690877993770764
13743,7.7213335750290035
13744,5.805899666497683
13745,8.40880832670449
13746,7.1385577631165535
13747,9.274400957951064
13748,5.933178250243549
13749,5.180324358150507
13750,6.131413435068449
13751,7.614444818885337
13752,5.4894114972162855
13753,8.560316806795026
13754,5.396555749379141
13755,6.021708664481382
13756,5.387948922037374
13757,6.906079101839503
13758,5.189241217558178
13759,7.167094267176161
13760,8.527967884779924
13761,9.141734425192249
13762,4.77382748832046
13763,6.840668826155083
13764,5.979818530545828
13765,4.122660654529204
13766,7.960132683376367
13767,4.185573387684579
13768,5.226950994857457
13769,4.3334385855415825
13770,6.376079597765861
13771,1.3117563504954508
13772,7.229879506968892
13773,8.387437619407093
13774,9.14405487972574
13775,4.61346623514429
13776,3.3483676143461327
13777,6.938156428688264
13778,7.680434632285438
13779,7.506291647671963
13780,7.350205086511799
13781,5.949009100206414
13782,7.578323141188512
13783,6.419681328620455
13784,9.342874948989278
13785,3.567715588171969
13786,7.236197343731902
13787,6.801728015280397
13788,5.693603961256403
13789,6.219976780218281
13790,5.331266318237442
13791,4.795943143658259
13792,6.935927239293524
13793,5.538966022632983
13794,4.936472028315619
13795,4.915055999019249
13796,5.115348642471897
13797,4.444687845943767
13798,6.385041328296986
13799,7.3040269723569144
13800,4.7184521196148825
13801,3.5615734537816883
13802,5.5520561346271835
13803,2.344706148883308
13804,4.175862379243214
13805,3.043315586599318
13806,8.094919994016166
13807,4.090864608153635
13808,5.363857218580407
13809,4.310799320789538
13810,6.749611625141819
13811,5.6176864519291945
13812,7.218579894601122
13813,8.096172830103805
13814,8.403939389469246
13815,4.4227707728018615
13816,8.260812675701644
13817,3.8010654063846245
13818,6.422112161311449
13819,4.840515298513209
13820,8.302718668007067
13821,9.067066003991668
13822,7.031271002855547
13823,6.572550763585301
13824,6.383486220218739
13825,6.637457757286303
13826,5.351532757041118
13827,4.813486974771523
13828,5.980506045338744
13829,7.795700967220707
13830,3.5085729444060307
13831,7.622924810523613
13832,7.768223994869514
13833,8.268324438089744
13834,6.227509284678584
13835,2.3538643332930573
13836,4.69434038690724
13837,5.624802443327241
13838,8.541248273377882
13839,5.803981836948448
13840,5.438024729501027
13841,7.903729574790789
13842,8.097841175003847
13843,8.411958794470097
13844,8.943830989240174
13845,9.51392389684122
13846,2.168873292038869
13847,6.605249605214404
13848,6.515832964981485
13849,4.815990729817273
13850,4.644084621958564
13851,2.2648425263336884
13852,4.830654907478382
13853,9.520806095270656
13854,5.247893048345405
13855,7.126893570827053
13856,3.3440451720260485
13857,7.348291099066234
13858,5.698125339961488
13859,7.588574458995044
13860,9.019887034741723
13861,5.5999617439898834
13862,4.725749141279658
13863,8.869460015000804
13864,7.011884906749893
13865,5.769645681396746
13866,6.765615253511205
13867,4.213699968442234
13868,5.231726653725122
13869,8.080689558226034
13870,8.540355591406193
13871,8.921752802353385
13872,5.88073390357527
13873,9.469904774997875
13874,7.479596779608024
13875,9.05354884949686
13876,6.9874026158330285
13877,6.397279452399514
13878,6.271977976066523
13879,5.797834023426287
13880,7.822068000621373
13881,5.9892836170555235
13882,5.552727406928852
13883,7.82170176744974
13884,5.885405586996635
13885,3.3873929929810576
13886,6.1732623105867495
13887,7.365732217465033
13888,8.318388629337756
13889,8.136088646390276
13890,3.2174065294577594
13891,7.289300092737278
13892,6.245433241021292
13893,9.336773283981604
13894,7.212390098963832
13895,6.581208714827682
13896,5.720144603865428
13897,6.74697709809675
13898,4.979523707485894
13899,7.33614909495534
13900,7.213974435667403
13901,6.573487982542422
13902,2.3034520799484066
13903,7.087960922497965
13904,3.0289963760962113
13905,5.662691561340903
13906,5.9057079200554305
13907,5.520170694120018
13908,7.331011730848361
13909,7.6838629839281305
13910,6.627933703407923
13911,8.051496293114454
13912,2.6371930835084996
13913,7.387298396295572
13914,0.7771804477370611
13915,5.814221854033199
13916,7.493816819784922
13917,7.985873409582291
13918,8.122250493861213
13919,7.466498049681479
13920,6.600025825873958
13921,2.7209933924580127
13922,5.257992564763713
13923,8.5002859674106
13924,7.118165761382514
13925,5.525056844415291
13926,7.63639277003378
13927,8.388560317439245
13928,6.865935215056646
13929,6.482613710343651
13930,6.446065142793504
13931,6.9369466336918375
13932,6.8232157048349436
13933,6.155402878135799
13934,7.247627756207077
13935,3.1606602607082523
13936,7.2036566025443936
13937,4.068830872428651
13938,2.5197810223540698
13939,7.068028323209027
13940,6.62298729037763
13941,4.460672363259485
13942,3.863852140958835
13943,5.24710042371578
13944,6.848869233442179
13945,6.522693300326516
13946,6.388986664112199
13947,4.537058734188293
13948,8.294967792570288
13949,1.8808219166435272
13950,7.4820638751698265
13951,7.074149352730275
13952,4.537186196877947
13953,5.0230313114326215
13954,8.119234723858344
13955,4.17706352419279
13956,2.0575316858776036
13957,1.8119117332907901
13958,8.192438258946723
13959,6.154127659128506
13960,5.380578094803167
13961,7.1466180396430135
13962,5.747627418591827
13963,8.28370529616474
13964,5.328504993133038
13965,4.693006747569866
13966,5.294084858041204
13967,4.58214496425336
13968,6.070957192950965
13969,5.579328516346812
13970,9.181300364330024
13971,6.152805018214731
13972,8.805841795374423
13973,5.648309884918438
13974,1.5547239669706119
13975,6.567182100339814
13976,7.450300474240277
13977,6.393784941849631
13978,7.2052859768712665
13979,6.809276504960245
13980,8.518136221974299
13981,6.716786288645035
13982,5.030777110362589
13983,4.792732476790053
13984,3.137636803208395
13985,7.483191689040299
13986,7.73332179504676
13987,7.377320878716352
13988,5.794911841879435
13989,6.601432352389329
13990,1.981307771855894
13991,5.213234315494169
13992,6.9274524831626225
13993,6.615599950149978
13994,3.1553022644708912
13995,8.285205503644956
13996,5.954196829722918
13997,6.719061935979645
13998,7.379673859053258
13999,4.344907801527121
14000,7.514984549848617
14001,8.933119404349997
14002,5.225013270333528
14003,8.905227649442697
14004,7.7146482182060145
14005,6.835035714487829
14006,2.8876138514691694
14007,7.865985615541528
14008,6.714811916429673
14009,3.3771759518711346
14010,8.392399289723631
14011,3.303044628791053
14012,3.366623845660857
14013,6.7407325259286415
14014,4.210402078531844
14015,3.1300004659387506
14016,5.5209880105113704
14017,6.169420525015026
14018,5.945670024869923
14019,8.640044712996938
14020,9.08467546606103
14021,8.293731863412633
14022,7.05156911284617
14023,7.156324054432916
14024,4.994230106610085
14025,1.3744207765268142
14026,5.984516253657887
14027,8.465389505538507
14028,6.0481545845431715
14029,5.997959275696476
14030,4.690633895089296
14031,2.0666716668103033
14032,4.582061742889595
14033,5.310158229814777
14034,8.08325020057709
14035,4.271969061519753
14036,8.483098006586038
14037,7.670088553465982
14038,5.945386841757474
14039,7.651376465196231
14040,8.335099364723167
14041,5.0179125082072655
14042,5.29823982785344
14043,6.288619032835001
14044,3.000764309196749
14045,4.138914535086051
14046,5.110189218541613
14047,4.3803310455045095
14048,8.4049951326465
14049,6.421279268130004
14050,4.6381393402551785
14051,7.503649497305098
14052,6.016435247505085
14053,3.3571613967431864
14054,9.075288295866592
14055,7.341959767173944
14056,6.988724345882616
14057,5.275750596859544
14058,5.046623612693118
14059,4.335834426930111
14060,1.1793853935664178
14061,3.9876656419716188
14062,4.607632498616967
14063,4.35230187670618
14064,2.481517478262373
14065,1.1875962488657887
14066,9.16795888670265
14067,1.9428645055074005
14068,4.554593832832016
14069,6.287355958824066
14070,6.803136449951299
14071,5.0705578177520385
14072,4.640723763274315
14073,8.215012048440421
14074,5.504507678430739
14075,4.912477075665291
14076,7.021630754853764
14077,3.7737614733721414
14078,7.249018343928235
14079,6.252603622158562
14080,3.964969684114192
14081,7.533579250710007
14082,5.910177769564432
14083,5.23000708232506
14084,2.4691614984161325
14085,5.842660162611042
14086,5.738034628259123
14087,8.14857521216729
14088,6.190417908432389
14089,6.272036902387686
14090,2.1019962775063226
14091,7.170533095298644
14092,5.71700342618012
14093,2.625741716108811
14094,4.269026914412193
14095,7.251800232972589
14096,7.5892530743145965
14097,6.039665830983518
14098,7.207221582424
14099,7.57613344848513
14100,7.371630026632102
14101,4.626405055858665
14102,4.305523582351992
14103,7.616061791876317
14104,6.471584476213333
14105,5.227830982730054
14106,5.587932120805895
14107,5.702454386225867
14108,5.147814949152611
14109,7.368656188205096
14110,4.569367939368706
14111,2.252940844125782
14112,5.730480095919579
14113,5.0483360651075655
14114,9.958503045831488
14115,6.192876299045155
14116,6.301264797260764
14117,8.433866863383518
14118,6.958569548348966
14119,6.266786383609829
14120,6.204124356018187
14121,3.702911308651677
14122,3.828357244366008
14123,4.792194842841148
14124,5.324387296067438
14125,8.019249611687265
14126,7.082977810754409
14127,8.240760876492201
14128,5.017236156921998
14129,3.1690809443391066
14130,4.081055429731743
14131,5.8356285097383935
14132,7.30272457141846
14133,9.95381372267747
14134,6.553517868330349
14135,6.16550683972
14136,6.621837878076121
14137,6.58613429735216
14138,4.300256687767573
14139,7.639090720593864
14140,8.819595150796449
14141,7.375903586041018
14142,6.332649134043925
14143,6.167430045861586
14144,6.268951134695314
14145,7.958429789250305
14146,4.4079687705467006
14147,4.800555555402477
14148,7.772790864577228
14149,9.563070018824197
14150,2.955321763631695
14151,5.437165081710129
14152,3.072533052814801
14153,9.82178219955437
14154,6.528188295040075
14155,7.374861807514166
14156,7.880845211206036
14157,5.971214232299209
14158,7.224488441047775
14159,5.351182578670604
14160,3.7236281603319967
14161,6.9918506652756465
14162,4.524183143947166
14163,5.083732200163451
14164,7.794896951498242
14165,6.413514477691302
14166,6.758146750912787
14167,8.868206774719454
14168,7.0734804553218975
14169,9.32947540848577
14170,6.261205288257061
14171,2.2495290657297833
14172,4.23511886078615
14173,6.576331098353472
14174,6.484265246027771
14175,5.036108951524946
14176,7.592041112245147
14177,8.44581587820813
14178,8.13018511550733
14179,6.963525437676314
14180,4.8890754869795
14181,8.741826802970618
14182,5.345650981471098
14183,7.407163274317316
14184,8.515148806059726
14185,5.6637958735164595
14186,6.477450010860386
14187,6.0660942327529135
14188,6.993531415422105
14189,6.988180750056076
14190,6.078528501346426
14191,8.288951092349036
14192,7.350004497038265
14193,7.295230060291992
14194,7.075060455969923
14195,4.867542089901373
14196,6.898104024866566
14197,5.924318421756402
14198,5.505919417239512
14199,5.265624726138334
14200,7.637769383908827
14201,3.9854039773161807
14202,4.352075587357259
14203,5.964111039328611
14204,2.987774957255223
14205,8.447168513061227
14206,4.851833437813403
14207,4.063189078480733
14208,6.296372810823355
14209,8.905331887325401
14210,9.16763733396927
14211,6.279070318432814
14212,6.922472252980331
14213,8.426189331326018
14214,7.689422128717254
14215,2.3181723693011147
14216,6.738855466298352
14217,8.94941648548644
14218,9.15672738547977
14219,5.293724931448282
14220,8.495033672684727
14221,2.8286304338556647
14222,4.570777459977518
14223,5.206680350727627
14224,5.833731253108734
14225,7.442597564850474
14226,2.170247872714285
14227,6.194919092995749
14228,6.756511587273674
14229,6.070256579794071
14230,3.749273050099389
14231,4.997712344991999
14232,7.143947140319329
14233,5.262548711376409
14234,5.877073300720102
14235,3.8162603412357208
14236,3.627785324322968
14237,3.885214568191679
14238,7.099089813885404
14239,9.115700468657876
14240,4.352475913226383
14241,8.405136089626977
14242,5.0627867401322515
14243,3.67791991263058
14244,5.420158644344012
14245,5.6154403246198115
14246,7.291726190388647
14247,5.1129953611406505
14248,6.418679951807369
14249,5.21241552315129
14250,8.897069385385608
14251,3.2554589914964414
14252,3.2129999396894964
14253,9.857515570959047
14254,6.910843881624494
14255,8.169034056653016
14256,5.3752995393788074
14257,4.619077243856684
14258,7.896874158119899
14259,6.149985964325802
14260,1.6374178388842586
14261,7.530045002002883
14262,5.362649754015457
14263,1.7295976773805184
14264,9.48575701359011
14265,5.438693179808295
14266,5.580687056180219
14267,5.31730686507166
14268,4.472637555838284
14269,7.23970718878747
14270,2.750615785535942
14271,1.7193022542701424
14272,7.480501276920417
14273,7.277060867044174
14274,6.520354640753631
14275,1.9944264146150066
14276,7.680856684776893
14277,8.427559019766814
14278,7.709060921526124
14279,7.219234278549107
14280,6.062713269272215
14281,4.924485227996189
14282,2.0428736357345545
14283,4.835092927359223
14284,6.65220260632691
14285,3.8590721017999496
14286,4.749791695438891
14287,8.946411457361664
14288,5.171049532835581
14289,7.946524499313297
14290,6.828842968250748
14291,5.90654955008996
14292,5.896843487944572
14293,7.76337925519898
14294,6.330234641265839
14295,6.406895538148817
14296,6.014079771206905
14297,5.1282322498102575
14298,4.639601074554379
14299,6.311557687087033
14300,8.34285101557874
14301,5.279796889156911
14302,6.493368836859246
14303,6.703711779097677
14304,2.1569819025427117
14305,7.053214349053041
14306,3.178062594835556
14307,8.283673300150031
14308,3.4085476847171927
14309,6.143926126658442
14310,3.6225709337116596
14311,7.683950034447886
14312,4.346401049371997
14313,7.546637106129863
14314,3.4178067836619133
14315,4.400166503181069
14316,2.8389662951135337
14317,7.588746589874077
14318,6.4623571619189795
14319,5.778853638465243
14320,6.328482537734978
14321,6.993599062660244
14322,6.138649179712395
14323,4.543661734253867
14324,3.818915284427131
14325,5.374414774722467
14326,9.492646846160124
14327,5.0675242100552005
14328,5.421387807372586
14329,4.590659309093394
14330,6.9557149947468115
14331,7.847244713473017
14332,8.525732548501061
14333,9.208879860989084
14334,9.565603335620107
14335,6.5020647184314
14336,5.480855700192764
14337,4.296966470573184
14338,6.424786047075175
14339,7.649587772586005
14340,8.755089719491977
14341,7.100918838031811
14342,9.261289910764566
14343,7.217992081187971
14344,5.961323121727322
14345,9.653862642303618
14346,5.693349307613451
14347,5.328489331969224
14348,6.550775457033456
14349,4.261627940247246
14350,6.935091686355406
14351,4.288831715954658
14352,8.198995402903051
14353,4.649020669196131
14354,8.55581786026279
14355,6.411900344118014
14356,7.476088132030896
14357,8.265557386931743
14358,2.7516263003825294
14359,7.071943372394625
14360,7.664268954719157
14361,8.476000142568743
14362,6.352373721921709
14363,4.838125209139449
14364,8.528403060380429
14365,2.9062549263849706
14366,5.691510948702629
14367,6.420375886937995
14368,5.175145371111769
14369,5.047329320025721
14370,7.440705554693475
14371,4.250749336822616
14372,7.50179347055816
14373,7.552803388811041
14374,6.7107035336878145
14375,5.826275011915615
14376,2.185005869023594
14377,5.995321706912551
14378,7.358196432917395
14379,3.8138463674248726
14380,6.72707604845353
14381,8.702651299163124
14382,9.413446061691134
14383,7.319503992965097
14384,7.158496955738489
14385,9.502534462924915
14386,8.790230607573823
14387,7.0426538934114555
14388,6.995307890061524
14389,3.6547842898310936
14390,6.078017309019312
14391,7.328129249035153
14392,7.327213446029452
14393,2.4074243581900494
14394,7.916511050741624
14395,8.73530714442458
14396,5.315101081971404
14397,6.894161485788176
14398,5.178126566723532
14399,5.4704127795618644
14400,1.163796754644158
14401,5.503371867362099
14402,5.934071103079824
14403,7.966066105114939
14404,5.74493476855999
14405,9.132370968409907
14406,6.4714895796092815
14407,8.105363155531439
14408,7.654455004395337
14409,6.490268887315863
14410,8.063394650809416
14411,7.720419230111675
14412,6.267151265513461
14413,2.9907200577480255
14414,7.347442532583307
14415,6.9087242255277905
14416,5.666193076424738
14417,5.807888681592765
14418,3.3927365070657576
14419,6.190348637266657
14420,5.158230568257534
14421,8.206174059191724
14422,1.1565129378009171
14423,4.555956493320053
14424,3.130035967128986
14425,7.078125712833431
14426,8.294077363560884
14427,5.51728120187136
14428,6.613275860738769
14429,5.731155951558641
14430,7.522381109611813
14431,3.6193656659113964
14432,3.3393980383185955
14433,7.038946917137708
14434,5.287594004269235
14435,8.769091934044171
14436,7.884179975203034
14437,7.34587280542345
14438,6.869167573669429
14439,5.122476628847297
14440,6.01218644407407
14441,3.7379738090635386
14442,2.9285733669667744
14443,7.850440850517448
14444,5.593774398891247
14445,3.4555136729153624
14446,1.5580392495703534
14447,8.09985059124779
14448,8.2061826101283
14449,3.3114636019685966
14450,2.775348848175987
14451,6.399361160499312
14452,3.109194381174064
14453,5.241617179693764
14454,8.273795975238276
14455,4.002104024188645
14456,7.636205794563869
14457,6.959531884157075
14458,7.111918486835291
14459,3.6438614493338477
14460,4.005270149021655
14461,8.771157091374635
14462,4.101813022334266
14463,9.655144717445115
14464,5.343680267785491
14465,6.92273695666592
14466,2.243410800279724
14467,3.728556301634108
14468,5.351623432554103
14469,6.618002692964808
14470,8.7054534191726
14471,5.038692427993542
14472,8.762191193688688
14473,4.8017806976711785
14474,5.174837941402787
14475,9.012470711930337
14476,4.012569261014797
14477,4.5711969214611035
14478,5.9912660130233615
14479,8.063704334361327
14480,4.742473823161757
14481,4.563401389989437
14482,0.7982200935870778
14483,3.7898002968607694
14484,4.958245662146946
14485,9.107820665508466
14486,4.914907902703473
14487,9.234965556236348
14488,7.532881127971651
14489,3.8054765737920038
14490,3.2211942925144283
14491,5.633323329278234
14492,5.771788369763984
14493,6.4006882059824886
14494,3.203401948544444
14495,1.7251646103623939
14496,2.13885391958251
14497,3.8280957325197034
14498,3.906710184078325
14499,9.458208818809076
14500,8.205305397283984
14501,6.195800364378053
14502,6.084065678456975
14503,1.6663359146671048
14504,4.654598469234224
14505,7.410872238811897
14506,5.088134088429106
14507,7.490908016019658
14508,6.569996048583702
14509,7.822376396580244
14510,4.5945238092853575
14511,4.755519632022985
14512,6.05194395911516
14513,9.420577244565527
14514,6.0557780034916355
14515,4.308631442727791
14516,6.823060556832466
14517,4.130469261292398
14518,3.382061223465979
14519,6.077997610813013
14520,6.228160188230221
14521,8.105370197786469
14522,7.2670167184636565
14523,2.191702100306967
14524,2.3156323805990544
14525,3.1925326936685314
14526,4.29587022624393
14527,6.71372925115273
14528,3.524135290208703
14529,5.3883754869512694
14530,6.954239066302849
14531,9.276469087119992
14532,6.42450164489183
14533,8.312409032823044
14534,8.749880869571886
14535,3.3707447023808887
14536,5.0559615625058205
14537,8.08587251422268
14538,8.161240646654875
14539,6.985451424515262
14540,3.7204809133648387
14541,8.24010666128957
14542,7.6350496039776425
14543,7.33059822042174
14544,8.246513427029539
14545,6.342260294482595
14546,4.057661478349656
14547,4.008376675273631
14548,4.854710921416649
14549,7.29381691324641
14550,5.283721672844495
14551,5.892713596403573
14552,2.3877633068069675
14553,7.287429956663218
14554,7.947617948096958
14555,7.397642389695651
14556,7.181757038021825
14557,3.634476657417594
14558,6.1938897321472055
14559,5.984049224676501
14560,8.276388803055964
14561,6.686563102209269
14562,2.1462822184648953
14563,8.782463376811904
14564,6.23836109635163
14565,5.390725864305441
14566,6.698050632821125
14567,3.3628555578356165
14568,3.3478942423741174
14569,6.144606383751712
14570,7.524363246998508
14571,4.177943063344797
14572,6.011973153468466
14573,8.20746371737735
14574,9.007785800593528
14575,5.413865025933747
14576,1.4079718056563144
14577,4.348374537661677
14578,5.9708558147262165
14579,4.378052669684689
14580,7.452710474975559
14581,0.8782177054719713
14582,3.4939459604447505
14583,4.708566229275583
14584,4.824472132234872
14585,6.81517319238749
14586,5.234733673357907
14587,7.117791041434188
14588,4.01038319820954
14589,5.766739487855933
14590,8.774867486424462
14591,4.455735731757236
14592,5.56384818136272
14593,3.7482317961157894
14594,8.594181330948446
14595,2.1750319704370926
14596,2.515141553883691
14597,7.95508869680515
14598,3.4058496736705575
14599,8.71369956134028
14600,4.548825681405236
14601,5.808309045427883
14602,7.045580269067803
14603,6.920960886728524
14604,6.160163288070621
14605,6.381259246399691
14606,8.622750580988978
14607,8.214936734296566
14608,5.701845579051636
14609,7.5385705821400055
14610,4.48167937706115
14611,8.237155023271637
14612,7.565373197695364
14613,6.488231638608305
14614,4.387882138021871
14615,7.498145009275115
14616,3.906236544350257
14617,6.222902798298064
14618,6.523845776020493
14619,4.461592677030652
14620,4.641520708262831
14621,4.801133047567889
14622,7.447913111640392
14623,9.48757943499117
14624,6.19820356839287
14625,8.433518906863375
14626,1.940729866379891
14627,7.63444426668969
14628,7.418269074141108
14629,6.438874500400848
14630,5.633360692991047
14631,7.8987173922504255
14632,3.460996465786574
14633,4.596983500595796
14634,4.804285550915453
14635,5.537167737613808
14636,5.644176298215581
14637,3.2578322727471396
14638,6.078876217987486
14639,6.679142618788385
14640,4.990432358687614
14641,5.564437454586426
14642,4.752492806776062
14643,5.65262422379281
14644,7.5949859147781495
14645,0.844534557695917
14646,5.538096538339735
14647,3.9059691964182957
14648,7.678503385832306
14649,1.5481526952564035
14650,7.564126902847
14651,6.211148539883883
14652,5.859671105899251
14653,2.576670149636089
14654,4.266854932429243
14655,4.724805847496909
14656,6.272939268465997
14657,6.123598315157351
14658,5.432234694688475
14659,8.335270462873996
14660,9.362157366147562
14661,4.50193977744613
14662,3.5638904622840775
14663,6.833830969629728
14664,8.896491977378847
14665,7.5898397786467875
14666,7.897354407037739
14667,2.6151271011514434
14668,8.481953751449867
14669,7.861320889632226
14670,4.736685570514191
14671,8.352664384799787
14672,8.943363797443343
14673,6.850935139646567
14674,5.973997576145311
14675,6.941281074628922
14676,4.312785476620307
14677,7.299610170937802
14678,1.4026817370079154
14679,6.733985584377857
14680,6.583426145782944
14681,6.183981183767557
14682,4.751807470805342
14683,5.295195790262607
14684,3.780188003107711
14685,6.150458709017791
14686,5.355318271111808
14687,8.31252804529808
14688,9.5831112623153
14689,4.803487790814905
14690,4.590252549839939
14691,4.309837199106115
14692,6.0772138412243075
14693,5.227201204144569
14694,4.649162161558294
14695,8.321675063467595
14696,4.14559386152373
14697,2.85288732809463
14698,8.65370754078899
14699,4.003451221568305
14700,5.107603483391876
14701,5.838455010955672
14702,6.935024789080495
14703,3.6772468830531078
14704,4.80601814093904
14705,2.4123161083577775
14706,3.1472719368043136
14707,2.3747630269090827
14708,5.840074140808044
14709,3.7171540204561255
14710,4.5642093270042245
14711,8.173801112813125
14712,5.31900057711835
14713,5.846865100420205
14714,6.172236610909378
14715,4.958203914666845
14716,7.243356080997432
14717,4.44661962269999
14718,3.3133391352251054
14719,5.896886358296242
14720,7.136954237654072
14721,6.248953036344859
14722,7.81116707223816
14723,4.374082576717996
14724,9.296104674460162
14725,6.042054172138048
14726,7.867097184783883
14727,8.521845261663
14728,6.798568631604546
14729,2.5789887556050886
14730,4.70217588336929
14731,5.658388813019043
14732,3.239645452869023
14733,5.226457007781625
14734,3.4130308509384037
14735,1.9776432225353815
14736,7.3593034346757324
14737,7.998929660268725
14738,3.995718373943983
14739,6.307088350543385
14740,3.101360638280201
14741,6.715101615055765
14742,8.243031505473873
14743,0.6614691630870039
14744,6.064716344619255
14745,7.2239318581653835
14746,5.354293431400383
14747,9.085580541538079
14748,7.023928796398799
14749,5.7386998993787
14750,8.706039127905376
14751,4.2173958248560615
14752,8.604698980138544
14753,4.639241786022815
14754,7.081324745441678
14755,5.060391970244018
14756,4.911050408853121
14757,5.4524221468775425
14758,8.085583724197654
14759,4.452273491780227
14760,7.092283252248896
14761,7.073123557658881
14762,3.1516309166917607
14763,8.016298284207275
14764,7.480155403905863
14765,2.931487379853636
14766,1.536424859781344
14767,5.160022868693385
14768,5.427206936377994
14769,3.804927920326963
14770,7.517011570111723
14771,3.464067025537123
14772,5.17944508731879
14773,5.8382724876636605
14774,4.9389981707816935
14775,6.009882517417784
14776,9.112528321496601
14777,5.893653792553299
14778,4.557132242276796
14779,7.544454527835332
14780,4.671580568372568
14781,6.664676113693068
14782,7.537133031764694
14783,6.80255587428483
14784,6.208301366405642
14785,7.696663021329114
14786,7.988541516046396
14787,6.4508738024044465
14788,4.023140076180894
14789,6.210142229194566
14790,7.250423571389005
14791,7.500765085898667
14792,6.23085864394943
14793,1.927117629125663
14794,2.3930626308931338
14795,8.475315869676923
14796,7.997586864125541
14797,7.618261504517522
14798,5.2967717837020185
14799,4.790727112439807
14800,8.33787713686423
14801,3.186693014367243
14802,2.18624782270576
14803,8.554842799487965
14804,5.2686984515736155
14805,8.333026941977893
14806,7.125999888114991
14807,4.005205169541302
14808,8.525676800716885
14809,6.059389133254619
14810,6.886544469982112
14811,7.271056717298461
14812,8.018634925631435
14813,2.22056742172665
14814,4.754897357262665
14815,6.4109823044240475
14816,5.117693132357687
14817,2.128474857714475
14818,4.3800407344896675
14819,4.960221368333238
14820,7.780122547332526
14821,4.517440341411521
14822,8.038885401015339
14823,5.481677446006996
14824,5.003588024335061
14825,5.044434848698724
14826,4.383128783783364
14827,5.797077259656131
14828,5.274544695031291
14829,7.521313587438288
14830,4.735642027728413
14831,7.794097064312174
14832,5.871862131304811
14833,8.136371765575818
14834,4.085647546798607
14835,7.527317572180245
14836,6.089504097646522
14837,6.047852586980709
14838,5.054380806220397
14839,4.450681058812336
14840,4.706427644330189
14841,4.272770304937476
14842,7.938014028638508
14843,6.4805702884440635
14844,2.1408480604769164
14845,6.954303844359696
14846,8.448714183815754
14847,5.765028219713677
14848,5.637393402573635
14849,5.526615375437309
14850,5.998071796497577
14851,8.786449004170441
14852,2.2005242586207405
14853,7.126710695076482
14854,8.126568930021833
14855,2.79884867924549
14856,5.668011947811856
14857,4.203177759799842
14858,4.8376110081521215
14859,3.673183425698484
14860,2.2856742549919806
14861,6.688142787765119
14862,1.3203333836846143
14863,7.624256090389325
14864,6.355277786793245
14865,7.281355560089021
14866,6.996361940080318
14867,4.377283086102311
14868,6.032641050035192
14869,3.280188788971904
14870,3.899217254882554
14871,6.7955293712815354
14872,5.261835571428212
14873,6.741903025084438
14874,6.854787836723925
14875,2.469559332747026
14876,3.727100686013045
14877,5.987007841907486
14878,6.962281148011594
14879,8.877462217976692
14880,2.02520651481941
14881,6.5990650803807895
14882,5.19976675574
14883,7.141160713192247
14884,4.10517931702219
14885,4.647010402735332
14886,6.311693740958026
14887,4.956692834385129
14888,7.511907151746978
14889,8.15858974401141
14890,2.9231855597056637
14891,7.183050459028305
14892,4.838807939316102
14893,5.236286208805136
14894,4.929907361106736
14895,7.951080582506933
14896,3.2192511226149834
14897,5.656740201853557
14898,4.600412394592629
14899,4.455543500283484
14900,4.162566011681221
14901,9.513568619402323
14902,7.081102173452388
14903,6.7345589207473
14904,6.786149170435836
14905,4.989585655766882
14906,8.457272104994823
14907,4.7717662200733555
14908,6.062079294563416
14909,6.4734636551809315
14910,5.3275216258456215
14911,7.25603453573718
14912,4.826150405315901
14913,8.622121008806579
14914,5.892980980228368
14915,7.571107564971999
14916,5.619231964615819
14917,6.843180311928295
14918,1.9748915610631121
14919,4.82960299459553
14920,4.825107876509529
14921,1.4014751756139943
14922,6.240706076479489
14923,6.217039217740986
14924,6.278667849448489
14925,6.91524707086703
14926,3.3029544788781457
14927,4.248100515878821
14928,6.575578665451294
14929,7.499891584649935
14930,4.330321433976035
14931,7.4211913149364666
14932,5.64661210437723
14933,9.592426945535887
14934,8.494807472372036
14935,4.674402829460365
14936,7.973665134157855
14937,5.753760188593645
14938,4.803470700892955
14939,8.403903089645272
14940,8.208877746748199
14941,7.341165502576173
14942,7.783354769133347
14943,8.50968806780736
14944,2.800656094493279
14945,9.358212844278839
14946,8.145446753342206
14947,5.646330456554466
14948,5.520478028822108
14949,5.060035487618569
14950,9.37577987611602
14951,6.564683797059623
14952,7.262570740232728
14953,5.807561309224554
14954,4.203690241382181
14955,4.20928844956438
14956,7.213273425046509
14957,7.559329392865054
14958,7.4881919916649835
14959,5.799200595597026
14960,3.3232434302163156
14961,6.197336635853431
14962,5.098712556832849
14963,6.84886129413966
14964,6.406822199834389
14965,2.8970325872164486
14966,5.660597457380425
14967,6.140391408895119
14968,3.7279526020102094
14969,8.582312525971567
14970,5.738749689656294
14971,9.57539006449533
14972,7.342577915431797
14973,4.718923889374738
14974,5.90206593338673
14975,9.522249333786249
14976,5.468352996139437
14977,6.163422056370122
14978,5.77663551391902
14979,7.960716657557401
14980,3.9285188248191
14981,3.984839574678884
14982,6.602728986098848
14983,7.046062645197409
14984,6.972077088652214
14985,5.6084708584334315
14986,4.705511005443339
14987,6.805646772789633
14988,2.281850549333481
14989,9.397630026745992
14990,4.22969069004497
14991,8.614383831294251
14992,4.447882202272909
14993,5.23378076513073
14994,3.7624315570916584
14995,7.768528133291329
14996,9.14232984484884
14997,6.404089109564108
14998,7.338219884047329
14999,5.975396851643799
15000,5.127020803119127
15001,4.599060523643031
15002,7.076812762486553
15003,4.513433057968913
15004,8.917985345612253
15005,7.9070105685767675
15006,7.324089745512065
15007,3.295668121169557
15008,5.946365626602436
15009,5.175522052614962
15010,0.16903662313407197
15011,6.979951935296491
15012,6.141280933303639
15013,5.254306376772397
15014,8.541261086246987
15015,8.138450471480521
15016,6.474162919964932
15017,2.4213855707472645
15018,6.836091670872728
15019,3.61555491363422
15020,3.641837551094088
15021,8.744526294381139
15022,7.238337177621547
15023,4.425560499581934
15024,7.677714633972601
15025,6.766701434731168
15026,5.769918926784309
15027,7.683546931294752
15028,8.01093180889317
15029,5.430615429239107
15030,8.889170130841368
15031,7.006266998963435
15032,7.272363202262825
15033,4.754123660787164
15034,5.812340452174457
15035,5.266921331820301
15036,5.9655198935489295
15037,4.394607949113454
15038,8.85654730402996
15039,5.312092757338551
15040,7.1606332166192015
15041,5.600261220208179
15042,7.354003137384869
15043,8.450093374425874
15044,5.162741851828782
15045,6.860460783439477
15046,4.955890045049931
15047,5.669437055443639
15048,2.9503294116876586
15049,0.9234935290177066
15050,8.669532901400347
15051,4.8617562625892
15052,6.364550377927526
15053,5.421432128265826
15054,9.294269780485632
15055,9.16433667672514
15056,5.949020929053274
15057,5.347917507602235
15058,6.854965314473924
15059,5.75538340723376
15060,7.993341822071091
15061,4.0088777877914605
15062,6.546447203796503
15063,8.37585353356709
15064,5.56260863487974
15065,7.6934747443658225
15066,5.827184604127606
15067,8.478735828160012
15068,6.60053881965614
15069,6.375855948497113
15070,7.557169410282237
15071,6.09628076340085
15072,6.98845605768339
15073,6.7935309853506896
15074,4.743617390099768
15075,6.113501204432499
15076,7.74068339528041
15077,7.240543317610742
15078,7.06287105563723
15079,7.811215262434706
15080,5.990670107676002
15081,6.7957123963882635
15082,7.474952590754364
15083,6.114411147784654
15084,2.3296884489003302
15085,4.1658229597974215
15086,5.403815268335232
15087,5.0012201617847225
15088,8.003852327742434
15089,6.740637872433269
15090,7.4591866631215735
15091,3.1787526002779574
15092,6.54695271665066
15093,3.0142528552031367
15094,4.026947735299836
15095,5.445465601623718
15096,7.378937146146757
15097,5.981758664842659
15098,7.037683476553852
15099,5.8198161860558315
15100,6.160157833772673
15101,6.9838956512989645
15102,8.19667551873586
15103,6.284563996346802
15104,4.923375763048002
15105,2.258264771095535
15106,3.8086852436943275
15107,6.613512781778656
15108,7.512157619361024
15109,4.433729037268575
15110,4.607827285455893
15111,6.546453721231848
15112,3.3956812680040365
15113,5.454380959639385
15114,6.23917081208418
15115,3.860942434439365
15116,4.780327251980278
15117,6.14488000645354
15118,4.37031551674586
15119,8.765024203588844
15120,7.779544071713972
15121,5.633693276688636
15122,9.050849387607094
15123,4.106329027179453
15124,6.33933232083865
15125,9.514719407570707
15126,8.43224243575994
15127,6.877756562616121
15128,6.9636541370357765
15129,8.13643225944291
15130,7.466644408009445
15131,9.678068033303596
15132,4.778464650448038
15133,4.221224300750473
15134,7.3691176990723335
15135,6.660446830847537
15136,5.902855479421819
15137,6.868823242998351
15138,6.376370339798885
15139,4.605887484837148
15140,1.3867497990626074
15141,8.730720136241995
15142,6.321751864493786
15143,5.105550396236887
15144,7.050147375586624
15145,3.4287291974506466
15146,3.1758450004479046
15147,7.545353063977374
15148,8.0376566789982
15149,4.273053292720892
15150,4.109881342729945
15151,6.373190213612854
15152,6.56913731136399
15153,3.891050831138836
15154,6.392246130326803
15155,7.9374867623791285
15156,5.285282075336047
15157,4.924591544719006
15158,6.3717343215843405
15159,5.943941257825208
15160,3.8786299499153833
15161,3.087761104002565
15162,8.364252316506427
15163,2.1422803319299226
15164,3.2717111224780386
15165,5.299895366363128
15166,4.092389095907023
15167,4.558466693268032
15168,8.284342810612817
15169,4.693035208937431
15170,3.794773719546812
15171,5.667644429254294
15172,8.97785830418659
15173,5.708187755466906
15174,8.432375894108421
15175,7.022825478392167
15176,4.8472613311573625
15177,4.896514963483671
15178,8.481868852530244
15179,3.853224599035554
15180,8.510081898430395
15181,6.119158133221022
15182,4.3957887105106925
15183,8.969042065321732
15184,2.8285966380881375
15185,7.13606690723929
15186,4.417956913355858
15187,5.5251440383559345
15188,5.259403162336884
15189,6.0693500180279365
15190,7.855507246382247
15191,8.800297929809703
15192,3.3513645013599467
15193,5.064339791048895
15194,5.447125548800649
15195,7.1145965865871075
15196,2.451193230185536
15197,7.013088946234121
15198,5.568483922629099
15199,6.661384991542198
15200,9.553613913355772
15201,6.047869016779577
15202,2.3346702017828456
15203,3.8919773240251834
15204,4.87112274083873
15205,5.959939946157535
15206,4.6829239779084855
15207,7.495290858806207
15208,2.69840751536249
15209,6.522069064699336
15210,3.947800841510713
15211,4.458724804589141
15212,7.0576625849259615
15213,7.077936884037029
15214,8.36998284891471
15215,7.851517618454826
15216,3.6572415337638415
15217,3.7677410345434574
15218,4.645855738195993
15219,3.7320294282896893
15220,6.024899571332669
15221,8.634911068014228
15222,6.981863535085753
15223,5.38058074096255
15224,6.116582162017785
15225,3.5703064605195465
15226,4.190096536975341
15227,7.522808949033271
15228,4.928776558579457
15229,9.03452655367966
15230,2.9576469062494297
15231,9.065251934541205
15232,3.632729666084333
15233,1.9391778394091035
15234,5.498812724101091
15235,6.928145963522857
15236,7.076747012967082
15237,7.183984840225241
15238,3.7071524968514376
15239,7.025392166211583
15240,8.397169564833327
15241,3.1850142091405624
15242,3.876816642605271
15243,3.436435644843314
15244,5.079305172639387
15245,7.267292581771637
15246,8.13447942437493
15247,5.378006763473608
15248,5.026129456114273
15249,5.7645076698222395
15250,8.824926679267076
15251,8.668656785958431
15252,6.155334319567591
15253,8.801252081373335
15254,6.094549625932973
15255,3.3388669928182106
15256,3.065257685759568
15257,3.027114409082705
15258,5.286849344991703
15259,6.659438016301812
15260,6.531505859109581
15261,5.738818331204175
15262,6.132199671942999
15263,6.057744238908783
15264,6.89261391576586
15265,2.721275501464503
15266,5.459439330841458
15267,3.0677329251075696
15268,5.802172720873735
15269,7.29315211473655
15270,6.926280277244036
15271,2.826978339973863
15272,7.6201066958943455
15273,5.6423283587057185
15274,2.0588546554041427
15275,9.230442751319085
15276,4.048767789780317
15277,6.740173535233381
15278,6.247920439022933
15279,4.050001210381397
15280,6.7537489643063315
15281,8.080731757276784
15282,8.12021405329307
15283,5.397916692591068
15284,7.296865665607163
15285,6.585748640346782
15286,4.462904897372578
15287,5.346099777567412
15288,7.8934444832705
15289,6.235212641481917
15290,5.347977535138979
15291,3.941560238592003
15292,3.8977230916513803
15293,1.704485902476238
15294,6.8466296502908115
15295,6.578658730692787
15296,4.946472323976783
15297,8.118093483765996
15298,2.098063410251832
15299,6.839676186274091
15300,6.210892999270418
15301,9.53329425337321
15302,5.902822668791908
15303,7.4953132838916225
15304,6.614336684141019
15305,7.672746357717527
15306,6.993121815543955
15307,9.43877514399589
15308,5.837470444362014
15309,2.992444979639294
15310,6.712941677556161
15311,4.849883655295917
15312,7.113319145972595
15313,7.976064824910084
15314,7.01001696117471
15315,5.109145584770356
15316,7.138753062206687
15317,4.988676573828251
15318,3.8865210873185285
15319,5.433991846216461
15320,6.064984417700805
15321,7.444845636465761
15322,4.879287535723822
15323,7.185615577467035
15324,9.223041126864596
15325,1.3811251284774417
15326,7.604975265151619
15327,6.602647391736733
15328,6.161465477107782
15329,8.440193944116839
15330,4.427350521546662
15331,9.089056547216892
15332,4.957218998305213
15333,5.223822625499779
15334,4.70179955943966
15335,6.285934904229024
15336,6.5532029151675895
15337,6.362472217110852
15338,5.8953123138511145
15339,6.020265768721117
15340,3.234627020106176
15341,5.437876962446705
15342,4.851711041739806
15343,4.1590683215036535
15344,5.2749326556203275
15345,5.380091508109852
15346,6.5982437340243365
15347,5.142985008631154
15348,5.261715085507106
15349,7.058941292957211
15350,7.15483326271525
15351,6.714953224189976
15352,3.3794382594139396
15353,5.243112583387029
15354,2.2662496636846146
15355,8.552327645127367
15356,5.124115376199274
15357,6.125093528375228
15358,7.952106395933209
15359,7.255779904754178
15360,6.524123172421765
15361,5.932647588351321
15362,4.724657649117605
15363,1.2735859445822049
15364,5.528326283387762
15365,6.1721219324405405
15366,4.862513877668008
15367,7.948969983542012
15368,5.195211614734429
15369,4.844033750850665
15370,2.2465737033949367
15371,4.270040839662107
15372,4.191445305534612
15373,3.229542670495735
15374,1.7538912038016834
15375,8.29046016286806
15376,8.157569970486184
15377,5.653003358967082
15378,4.589881907338465
15379,5.700817399928095
15380,7.827985311611647
15381,7.052562472801517
15382,7.374165176950081
15383,4.03707696056476
15384,3.2046185708924293
15385,5.698088954401845
15386,8.752046038206169
15387,0.5561830845077337
15388,6.680450643919618
15389,9.316299505699673
15390,4.419097834793467
15391,6.350442522883482
15392,3.0472236591582607
15393,4.744859310978136
15394,5.232087673194609
15395,6.643479818811122
15396,5.24641354936717
15397,6.6814013310469385
15398,2.7574940281800746
15399,3.144784056847833
15400,6.289603769935834
15401,2.9731563377691366
15402,6.431323855903811
15403,7.204884457169434
15404,7.843686490540589
15405,9.478826509080704
15406,6.3810765765517745
15407,6.16758158425716
15408,3.773129316760585
15409,4.837568919281809
15410,5.456502816675611
15411,7.560756580486419
15412,6.158229466789846
15413,7.73203419702728
15414,3.3911582452165003
15415,3.998246466359397
15416,5.633512625898682
15417,8.972952726047357
15418,5.681807848778854
15419,6.47894037557856
15420,5.129045243897884
15421,9.655718247217061
15422,2.2622709691346694
15423,4.039649431704436
15424,8.235488050002607
15425,1.2713094184330693
15426,7.073037456316005
15427,7.562912902116716
15428,7.545552099062898
15429,7.49509306601684
15430,6.281167409297511
15431,3.652466433570693
15432,6.813641025690332
15433,5.333333335863995
15434,5.959475705919311
15435,3.5074624578980726
15436,5.588622847784657
15437,4.610451869956119
15438,7.525120901722776
15439,7.613603849072795
15440,4.7720427521816235
15441,7.8883955444005665
15442,6.934435597963934
15443,7.083053553189887
15444,7.03599387407046
15445,5.7895820902012
15446,3.7132368545135392
15447,5.462019159646283
15448,3.513866429288221
15449,7.897878914368812
15450,4.373181673887341
15451,1.4958397445155232
15452,5.232820775802017
15453,6.067124454693675
15454,4.176803325322107
15455,7.603051137321529
15456,6.266390791274338
15457,9.315598302974552
15458,4.52043614402162
15459,6.550801362526143
15460,5.315342577735927
15461,8.984280335688128
15462,1.2939046621226962
15463,7.401802115977402
15464,6.073956899571799
15465,8.360226990394517
15466,6.061104461849043
15467,9.141123949151703
15468,5.68175537865824
15469,5.446935960248542
15470,4.053242442080294
15471,3.620474023671635
15472,8.448496641082968
15473,6.820586583032303
15474,8.22022065974301
15475,4.004102101407797
15476,5.914569321375727
15477,4.317441994057221
15478,6.664296321825828
15479,4.9581199902983615
15480,7.974856826514648
15481,7.6853128532644615
15482,6.456439951096899
15483,1.4372725789578236
15484,9.693312297985543
15485,5.807164401761938
15486,6.658938321405741
15487,5.1565211197119165
15488,9.345811535388792
15489,8.404897216538558
15490,2.5292513523052884
15491,4.596205696037984
15492,4.437997072774906
15493,4.571390824374007
15494,4.020873302190137
15495,5.029410197988789
15496,8.679413488891225
15497,4.17628327723459
15498,3.9377582369945565
15499,6.650783014892543
15500,7.1466415724499
15501,5.141699413758318
15502,7.9227123926196095
15503,6.900822136549614
15504,6.967352265537805
15505,5.251809894543692
15506,8.218637920206241
15507,3.8260341495320294
15508,7.631681288128573
15509,4.381749596976015
15510,6.210408570326466
15511,5.663175427902365
15512,3.1031795085336285
15513,5.081986900051247
15514,7.071663571896181
15515,8.350204363945624
15516,4.0742426049316585
15517,5.471708638551569
15518,7.014427011958888
15519,8.14599193653777
15520,2.7866667590232757
15521,3.790703626785359
15522,4.199759970795221
15523,2.461066192150427
15524,4.073526547118836
15525,8.049455817534199
15526,4.529517707617275
15527,6.905418883698669
15528,1.9348313516368056
15529,5.92607880214798
15530,3.256300511227298
15531,4.956864414522507
15532,2.580789909403382
15533,8.011395718682431
15534,8.3150859344458
15535,6.462695132485401
15536,4.618310395043983
15537,5.945769633776153
15538,6.178989760395144
15539,5.016461262820294
15540,8.583994774341896
15541,6.802885807069041
15542,5.446153003811067
15543,6.876561030130668
15544,3.4858250904199757
15545,4.258983373897727
15546,4.114925942898063
15547,5.171604303859223
15548,7.481020918375463
15549,4.005371506752302
15550,7.450712711943186
15551,8.017888951068901
15552,5.291198990987256
15553,4.344363445005526
15554,8.532293316291637
15555,5.855110598047073
15556,4.2033067253826415
15557,3.854701605043801
15558,2.063604941998493
15559,6.118849973783463
15560,9.436587806840583
15561,8.141767022867587
15562,7.445056321615434
15563,6.024537862169111
15564,7.818782442847522
15565,5.323903144771035
15566,6.292883005513894
15567,9.136641033200437
15568,6.03716615146939
15569,3.905289100995075
15570,8.751404044786304
15571,5.665755596050174
15572,3.8491761061534016
15573,6.560997516953366
15574,5.939593308767874
15575,3.0128610128223414
15576,3.155841085785197
15577,8.700993394043277
15578,6.3014353383096235
15579,5.865325688549132
15580,3.3362175428351577
15581,5.507631263604211
15582,3.592644253300407
15583,3.471512504376127
15584,2.649313909338899
15585,2.0286104235961555
15586,6.746852850769113
15587,4.195882320932732
15588,8.001739711840031
15589,7.020534007021032
15590,7.155045639664952
15591,2.030873675686181
15592,5.7302084843998955
15593,3.496924180205766
15594,7.567634218772673
15595,7.533309020981379
15596,7.4625932893992974
15597,7.855835332473125
15598,8.588846563298079
15599,7.4003287029983325
15600,5.72145208243712
15601,5.887222754083727
15602,4.757726511579873
15603,7.4377320221339
15604,7.3578249216116625
15605,3.736650359784957
15606,7.576059205356641
15607,0.9825743724986733
15608,8.408893614890616
15609,8.421995600548549
15610,5.464425282721989
15611,3.1432208541161715
15612,5.6601794247481365
15613,5.032227048777006
15614,4.919866716209184
15615,7.903450853937449
15616,5.843370408477565
15617,3.812160464276161
15618,5.081986864213582
15619,4.370367866926575
15620,5.365722565008877
15621,4.59345286039938
15622,8.191333085165395
15623,2.4718678322191416
15624,5.150687880487322
15625,6.256505451536662
15626,2.413861586674035
15627,4.678265694160204
15628,8.691288954520598
15629,5.583780452214441
15630,4.486794736721056
15631,4.248835544624981
15632,3.0198304383873573
15633,2.8995223140786024
15634,7.551011590237992
15635,4.32990052543409
15636,4.460481968898724
15637,1.423920807169989
15638,5.359867270466285
15639,6.49278323539777
15640,6.6042612641590015
15641,7.6696772650127745
15642,6.64628270752475
15643,5.684541793095289
15644,7.111957863133846
15645,5.501598800797405
15646,2.8936614011168795
15647,4.790193083887718
15648,4.082236066392703
15649,5.03767002335128
15650,7.7502869641150145
15651,5.8707739344421705
15652,4.6613521346150115
15653,8.063057828383034
15654,3.00694438722006
15655,7.478838503906822
15656,4.262394072399985
15657,6.32192168062736
15658,4.09230152087782
15659,7.142984845801112
15660,6.131318958206558
15661,7.979462643400837
15662,4.028007144346522
15663,5.229221533929222
15664,8.68075366010399
15665,8.485447921811664
15666,2.7286850178187176
15667,6.634078719821978
15668,6.3345810538890275
15669,7.268994698381212
15670,2.0104234466020428
15671,6.550605875826989
15672,6.463384588123548
15673,6.8270143272501596
15674,5.870647992917004
15675,8.432949936436767
15676,8.579870663804732
15677,4.591668724839928
15678,7.622813096618096
15679,4.890273468558075
15680,6.312356758088262
15681,6.256034808850387
15682,4.2210356793655
15683,8.941462736643475
15684,4.499893803198207
15685,3.1503841552765786
15686,8.05645666687915
15687,1.2409115771886903
15688,9.420988711792628
15689,6.784118367980754
15690,5.988587060902613
15691,5.823949187814308
15692,7.487040038574346
15693,6.892089828982142
15694,4.904240135455476
15695,4.4396492787077175
15696,3.9721564619024172
15697,8.631509009071904
15698,3.5931384728640356
15699,6.711986898994665
15700,4.197130725083722
15701,6.121804939462014
15702,9.113010837582317
15703,5.857032373404729
15704,3.997171153930632
15705,4.353663852609555
15706,4.36051304425268
15707,5.84610042626156
15708,1.852327713908473
15709,5.974518857939163
15710,6.135841700645352
15711,6.646117224928857
15712,5.376523562637289
15713,6.521369283829543
15714,4.0240649605355
15715,2.291215937954445
15716,6.345506719180433
15717,8.765199953440254
15718,4.103180191396801
15719,4.802509957468863
15720,6.595877578724401
15721,6.386694642124099
15722,6.739385977260718
15723,8.690865186967002
15724,2.8195673285835827
15725,4.907149676865984
15726,6.267581740357492
15727,4.617534436883705
15728,6.358724195426121
15729,9.838119025351062
15730,6.627924638982685
15731,6.045383170968929
15732,4.317151904877757
15733,5.056871231257296
15734,2.0719460577118416
15735,2.888493499790064
15736,5.376258625914363
15737,4.996385142798382
15738,4.421376648637462
15739,5.371492245019962
15740,3.202792711649062
15741,1.4126648855304793
15742,8.366688041824089
15743,4.518105722993756
15744,6.466683211467162
15745,5.361408735196745
15746,2.3395662337941427
15747,6.974631219442038
15748,5.040296381974516
15749,6.928411181095139
15750,6.553753660563811
15751,3.6449867682724273
15752,6.022093648985955
15753,7.800002746999427
15754,5.103339383091908
15755,4.7768694675085674
15756,3.379434934038863
15757,4.202022985435633
15758,4.728258869700001
15759,8.406738304054151
15760,4.009361733375995
15761,7.078505106622178
15762,3.3858493314822597
15763,2.8621298893191662
15764,3.6446067051228557
15765,4.704673817057416
15766,5.122374565467316
15767,3.6475516346391004
15768,9.192427162357257
15769,4.643856999348985
15770,5.228800586196465
15771,4.762928278230764
15772,5.261765084987955
15773,8.396636300225003
15774,3.511796726169042
15775,4.0801651106895775
15776,7.695281082017239
15777,5.94038584536732
15778,6.907547106747871
15779,3.3322913315351563
15780,6.614926887408232
15781,8.769338188432975
15782,3.699327816256722
15783,7.448241705964013
15784,4.222074896371004
15785,8.454908759499851
15786,4.234561991625871
15787,5.641582639042592
15788,7.224193104489473
15789,8.074261065930385
15790,3.832020193555765
15791,5.1376066476588
15792,4.356318841059005
15793,6.680902581991053
15794,6.4230191279805915
15795,5.860911694782205
15796,5.60752593617911
15797,9.819498071200806
15798,7.027423285208196
15799,6.06184999252587
15800,6.9752731699325405
15801,5.023437330421911
15802,6.95126580191743
15803,2.9027799723337413
15804,7.505541586361396
15805,3.5650660791045135
15806,5.091870724581636
15807,7.51087629503137
15808,5.922021631236208
15809,8.323560910136884
15810,1.4451387581028585
15811,2.6323218627017093
15812,5.984730696226652
15813,7.77637705236329
15814,4.800033885777003
15815,4.9132167081128095
15816,4.247220384566181
15817,6.386919114648708
15818,5.695092287290899
15819,5.161607266255817
15820,8.931820368704274
15821,5.413921044988206
15822,5.856118514844295
15823,4.849214827212839
15824,6.629041410958072
15825,7.799046928879087
15826,5.742408809561583
15827,5.359551651206968
15828,5.450864971794463
15829,7.188367036447756
15830,5.823587039599458
15831,8.776437910078194
15832,3.482463545176558
15833,5.601664034421173
15834,8.049627284751654
15835,6.477778695657692
15836,6.955161955431928
15837,5.465894632960256
15838,4.408479866027277
15839,6.980859300315241
15840,7.194482489527808
15841,4.278661331709082
15842,5.535334939088289
15843,3.8950456159359925
15844,6.158543816438267
15845,6.628258013226127
15846,1.393530182439209
15847,1.687124806692228
15848,2.3353304887335926
15849,7.7675935703693595
15850,9.525079382987878
15851,4.550829777794821
15852,6.538122012122037
15853,6.503404923586228
15854,6.46337214227516
15855,6.63345015465104
15856,7.742633932623674
15857,8.517907294527312
15858,8.80706962279561
15859,3.236906389306071
15860,4.685444939321748
15861,6.260701015281404
15862,8.442785792566996
15863,8.47255273055812
15864,8.702225857849495
15865,7.463879506604871
15866,7.863027509955844
15867,7.052163612601598
15868,5.687719648393051
15869,4.506119814506142
15870,3.8862261861963314
15871,8.611202641158359
15872,4.740876759820512
15873,4.63070755573646
15874,1.1440502241945805
15875,7.246568895602082
15876,9.644023049408407
15877,3.083852028076925
15878,6.527056915355577
15879,7.021259271372129
15880,7.116235159929431
15881,6.61645853939842
15882,7.165732558479009
15883,7.763298489075554
15884,6.726860325397686
15885,5.536577941569376
15886,5.928463521826357
15887,9.497961318226944
15888,5.15410312709581
15889,3.4337023502653348
15890,5.7909878203448795
15891,5.520252039768213
15892,7.572791496304244
15893,5.848610586591745
15894,3.607541502795762
15895,9.436708990900138
15896,4.703030687518215
15897,3.4736341694499844
15898,5.743295294911855
15899,8.481703659047712
15900,3.043733555428156
15901,7.22931279195863
15902,6.343870746207557
15903,7.239310270188921
15904,4.782573349217101
15905,5.09568547701793
15906,9.370961388111091
15907,7.678148872491054
15908,6.187508319969985
15909,9.084331402717206
15910,4.551708565523368
15911,7.347830437200041
15912,5.602401715817208
15913,2.914139980459031
15914,5.185312003227512
15915,5.513175853274514
15916,8.160842064676714
15917,7.576027875903241
15918,6.806746921602668
15919,7.56123458037241
15920,5.885805235884883
15921,6.5977876131213415
15922,6.491947778105287
15923,3.511016543189436
15924,2.5897286874070344
15925,7.232361362432964
15926,3.9410602278578883
15927,7.130683777025125
15928,3.389054924064339
15929,3.4711873755432996
15930,7.0693615112517225
15931,8.254966382663916
15932,3.6432870499363235
15933,6.891017473755417
15934,5.433983908503748
15935,5.676696553733944
15936,5.186942622576428
15937,6.052783548720745
15938,5.179935783315767
15939,8.695438145659361
15940,6.296618695785055
15941,7.39975004947597
15942,5.353570262667848
15943,4.329785929396628
15944,3.263903548033981
15945,8.74715709598241
15946,3.571720976673447
15947,4.845055465851475
15948,7.269165991262804
15949,5.8831545166851615
15950,6.6274028461963335
15951,6.06778813440341
15952,3.4719744562558703
15953,8.861379954383098
15954,7.516306544684114
15955,2.0466024997345458
15956,4.365019057507208
15957,7.842143030362521
15958,4.273987612556046
15959,2.6999497623532793
15960,8.105533407581378
15961,6.552129166502393
15962,6.103623140151051
15963,5.470518045463479
15964,6.195535445794734
15965,3.603318056591277
15966,1.9608784688112824
15967,3.0329493944806716
15968,6.428617671136246
15969,4.056748127732525
15970,8.390391168017631
15971,4.9783180534391365
15972,9.038260964453624
15973,4.517075486472457
15974,9.245694534639595
15975,4.445170495020835
15976,3.232014582964855
15977,8.226125071520707
15978,4.892529398220722
15979,4.839763857356777
15980,6.188344573062265
15981,0.5479583110196778
15982,6.280469177176808
15983,4.117204549524909
15984,8.162982098843068
15985,5.729235678103891
15986,6.99789328242761
15987,4.74104030360332
15988,8.43909390413642
15989,5.712188112334461
15990,3.493475948924151
15991,8.715622894167446
15992,6.120072599910816
15993,5.056936582560378
15994,7.029275269095799
15995,3.490906885763759
15996,7.330451287545222
15997,2.790056076819763
15998,2.9639247567158344
15999,8.439139138694447
16000,5.707381237126942
16001,6.221012012447048
16002,5.207832807960888
16003,5.309303074195485
16004,6.349692125068024
16005,7.722790985628205
16006,5.69334280642562
16007,3.1552931194531904
16008,3.585667793543421
16009,6.490519497420066
16010,7.394936476063574
16011,4.601875989591517
16012,7.137663576682171
16013,8.726409789816653
16014,2.6889191945479696
16015,8.06437201142963
16016,6.597348816347408
16017,7.99113317424091
16018,5.395511601951951
16019,5.859877930207496
16020,4.7754420178299295
16021,6.175498334656573
16022,3.5616099059331012
16023,6.0409118819395005
16024,1.409744117632342
16025,6.685435207988373
16026,5.681334471644378
16027,3.32652130999981
16028,8.5244644448931
16029,6.405241578903348
16030,8.656289839543522
16031,4.061305078530657
16032,9.327797866117805
16033,7.631447553560347
16034,6.855872161258436
16035,5.0893466401290315
16036,7.293276559350815
16037,6.100697682599383
16038,5.662876058101627
16039,6.616004560840735
16040,3.8225242248390523
16041,5.693210341242788
16042,1.612534893323308
16043,5.374813744614497
16044,2.9799950520792327
16045,5.676116826673638
16046,6.951253173041494
16047,7.8728890331643395
16048,6.699683477524755
16049,7.6172483680294505
16050,4.024540685175218
16051,8.19762199898098
16052,5.456953544244844
16053,7.453681118147372
16054,7.7643440059510125
16055,6.70714717866296
16056,9.388045541081178
16057,4.463748867228627
16058,4.655414778318767
16059,5.679762841655098
16060,2.1439489261371074
16061,5.781457757733523
16062,5.79346690044316
16063,5.217877142086451
16064,5.17436236691016
16065,7.2649574218086235
16066,6.682755932608846
16067,6.41306549234082
16068,4.569387623468742
16069,8.030117292336085
16070,4.705404734117614
16071,5.305359965231109
16072,5.880001426064457
16073,1.8274819802681532
16074,7.316644664176986
16075,5.8446244799668285
16076,8.756371255138058
16077,5.0862328060974695
16078,4.141144090847015
16079,8.634369777173536
16080,4.560081648179337
16081,2.6479032312784865
16082,7.090964549884557
16083,5.2010065889711585
16084,8.010638952092867
16085,5.63470097512546
16086,6.348478721780899
16087,7.463060078111381
16088,6.918318104652773
16089,6.899134162423399
16090,7.840604094734111
16091,6.195802270383076
16092,6.088288630247579
16093,2.0591328456440694
16094,3.6214340216023255
16095,6.5829958759375895
16096,5.941575476602457
16097,7.460720077624831
16098,7.455757702127848
16099,6.100976335820108
16100,7.377740845360846
16101,4.639255829304917
16102,6.475818342005079
16103,3.5529548501247286
16104,5.035141843734857
16105,6.1491315201879235
16106,4.942994233549195
16107,5.790266498529424
16108,4.768674675247283
16109,6.394009055326744
16110,6.268413296867707
16111,4.543982786041728
16112,3.338900254085376
16113,5.715343256383716
16114,3.6765185067474757
16115,9.761121172838687
16116,5.159493007164654
16117,7.725712497601382
16118,5.427030151265398
16119,4.607433389905755
16120,5.207820184843126
16121,3.459896602149566
16122,8.820251702493058
16123,6.937028613436768
16124,6.446777239138632
16125,5.58272624444213
16126,4.355069106507075
16127,5.697988476764072
16128,7.945296584812288
16129,6.392899312168252
16130,5.858123981427912
16131,4.425485626305605
16132,6.235886531713002
16133,5.6490851070265915
16134,6.787868121379287
16135,7.921335593565562
16136,9.487958357813218
16137,7.266585157751887
16138,4.308592477691196
16139,5.039465195116794
16140,2.756876349223883
16141,7.632809967274602
16142,6.745578726086692
16143,7.394911166804514
16144,5.833854320679087
16145,5.7052524634980895
16146,8.179983279866857
16147,5.903910166302298
16148,3.762426552116583
16149,6.41713720400868
16150,6.251964929611181
16151,5.364842557020612
16152,3.0806680581073715
16153,5.164314768736947
16154,6.836174970365891
16155,3.707348083994556
16156,4.414084195072935
16157,6.5085342384970115
16158,4.5248714057739265
16159,9.366771437437897
16160,8.683632154249276
16161,3.344856147994372
16162,7.158058195297357
16163,4.630979734114257
16164,7.940422206108674
16165,2.0993093508333844
16166,7.655334022041239
16167,8.171340815252938
16168,6.318927103350052
16169,5.952524414741716
16170,5.181525147417993
16171,7.399946608450922
16172,8.884912497101002
16173,2.7918152078944263
16174,8.763257193104241
16175,5.0622802564847404
16176,8.141362891572582
16177,4.245116267201095
16178,7.741969024875516
16179,6.194288524572248
16180,6.95292132073844
16181,4.991380004860018
16182,1.9998108436819901
16183,8.608086107720116
16184,6.126668232983392
16185,2.839121541891823
16186,4.093587175924024
16187,7.145785874814339
16188,3.91923845780974
16189,5.105464830282627
16190,3.9671816063148038
16191,4.547579013003409
16192,8.948989752577013
16193,5.56334896500506
16194,6.749477438559018
16195,9.268619523978685
16196,4.307308823748356
16197,4.336010193926345
16198,7.382323396811344
16199,2.8986503978037703
16200,7.609983094855351
16201,6.674493057986325
16202,9.009094444304093
16203,7.492482955374623
16204,7.893619143960472
16205,5.181713140184715
16206,9.380202348160442
16207,4.184924025002106
16208,7.035921138403423
16209,3.216602354995552
16210,6.242656649723085
16211,5.528513857648842
16212,4.233126618251078
16213,4.579468222502407
16214,6.867743054432287
16215,6.807458665272639
16216,8.331350725310767
16217,2.4610766600320013
16218,5.512802601980529
16219,5.809672921082718
16220,7.200423437292775
16221,7.879848106703249
16222,4.166094064066832
16223,8.729133981348319
16224,5.1977659101129525
16225,9.002615383549877
16226,6.568526478018283
16227,3.7166584347891902
16228,8.5101727801525
16229,7.756105787906724
16230,5.73969508728195
16231,5.966947059789499
16232,5.105396374946558
16233,5.701996010088961
16234,5.713147437381101
16235,2.7303696709866143
16236,6.511601811178494
16237,7.678786051829998
16238,2.3299760734708093
16239,6.704951441353927
16240,8.427492560080971
16241,9.345988990534387
16242,4.820611912865664
16243,7.280002061260187
16244,5.1573450881638845
16245,7.815769631631793
16246,5.945039735385302
16247,3.942580632289917
16248,8.168722126394748
16249,7.743112425134683
16250,7.5130325733082675
16251,6.373069281482653
16252,6.061700490555841
16253,6.912905614081475
16254,3.3794178760143243
16255,9.58648919149722
16256,4.933978197993708
16257,5.148642644347416
16258,2.5295230281639354
16259,4.854878542209752
16260,5.622939593392406
16261,4.646617638124535
16262,6.365583861740849
16263,6.147133739209041
16264,5.116082091664962
16265,7.30844521474309
16266,4.0777481974748575
16267,6.894331907409235
16268,6.359112453106517
16269,6.212179478593044
16270,9.319151548893295
16271,4.1805211697455285
16272,6.757485828401783
16273,5.593921992811168
16274,2.3273665426550374
16275,6.2053877922984775
16276,7.466591569081153
16277,8.932315222741293
16278,5.386371619642756
16279,7.456979559904273
16280,7.8958287547394415
16281,8.692145912171915
16282,2.1965841651714735
16283,7.473920293639772
16284,6.552317185726817
16285,6.455477115563523
16286,6.7714945821743715
16287,4.955859979947977
16288,4.841728258905935
16289,3.0166808463910537
16290,6.340922525416749
16291,3.0441365866905747
16292,6.421220445878921
16293,7.466167720844263
16294,7.536401274495754
16295,6.944355831545523
16296,3.6404091529816327
16297,4.717762595907379
16298,4.92105870355292
16299,4.5543298556079925
16300,5.686847473862715
16301,5.15305688396532
16302,5.72566931043506
16303,6.821494208536283
16304,5.868812340562636
16305,5.434937862866061
16306,9.279987015275342
16307,4.391336793392191
16308,6.491638147556648
16309,5.9163413296270795
16310,5.156188308689919
16311,4.680041293844571
16312,7.466071680518296
16313,4.967145663357668
16314,2.7798127379204853
16315,1.0936421472733429
16316,6.202912796748004
16317,4.88031492008552
16318,7.569305951078263
16319,9.670951523027442
16320,7.639570692056261
16321,6.084154091505166
16322,0.8718492139888971
16323,7.862384118173095
16324,9.544635844285159
16325,7.187474360576279
16326,6.778255310534012
16327,8.43435976644095
16328,4.621024725786707
16329,7.61402448274806
16330,5.952170911644934
16331,5.307748990233634
16332,7.931290855861724
16333,8.26962530885668
16334,6.0625031636351085
16335,3.399758550446769
16336,3.183453081738284
16337,4.685735457210627
16338,6.900414887580565
16339,8.22572387337458
16340,4.130330281181356
16341,6.630623877615662
16342,7.791425758210064
16343,7.978971459935452
16344,7.440402228857286
16345,7.490996680649124
16346,4.385679732522484
16347,6.735325941683854
16348,6.14867241581875
16349,4.309654905099876
16350,7.584312175394738
16351,5.190785796125011
16352,5.198087603394072
16353,3.6377214086051053
16354,0.6227858072841003
16355,6.767406467092545
16356,6.47035746297657
16357,8.526996072001406
16358,7.6662748325023795
16359,5.327310183622294
16360,3.851807826105522
16361,5.17476188756136
16362,7.238903226015142
16363,4.985800980326235
16364,8.458141791937704
16365,6.786572734715138
16366,4.347602704354447
16367,4.589414054926214
16368,4.148553841872452
16369,6.006171431550967
16370,7.539061372983471
16371,6.961760418551646
16372,1.869433461180586
16373,7.402235195584408
16374,6.223289011223455
16375,1.9916178227869366
16376,4.30901408546329
16377,4.795741802985987
16378,4.474949347472921
16379,7.6565168383072075
16380,4.536261352332615
16381,6.652358799913507
16382,4.522685402363876
16383,2.4565567586379626
16384,6.024286227038177
16385,8.123343134301637
16386,3.2286637081629666
16387,8.221465533933403
16388,5.002371778412271
16389,1.7972887836469533
16390,6.359870434287076
16391,5.317808624315432
16392,8.330731028272481
16393,2.751389073202096
16394,4.518570960188563
16395,4.698377468619237
16396,6.681394110887247
16397,6.611815486892355
16398,6.8810724647782715
16399,7.760802757501623
16400,8.069136399514905
16401,8.264526727141241
16402,8.662865247587687
16403,5.464339375299217
16404,8.18399708097937
16405,4.223193702359173
16406,5.741732322669157
16407,2.984626877730406
16408,0.7464377422893234
16409,3.638881171803367
16410,3.7443902402296017
16411,2.687017243586237
16412,6.079356247663181
16413,9.00897753567095
16414,4.4701324670161435
16415,4.470534460537578
16416,4.4457630595820765
16417,7.286416023727328
16418,6.524941450841671
16419,8.261835405582021
16420,6.6898536575988885
16421,7.7095961151058106
16422,1.879832649843386
16423,3.531576960487384
16424,7.383441115599208
16425,6.695350661038907
16426,6.080557821545774
16427,7.295326754978117
16428,5.4017896118828705
16429,6.920590619683135
16430,6.064911017974639
16431,4.684812776906108
16432,8.057625633609952
16433,4.596486867128106
16434,6.84827732497767
16435,5.343054881386306
16436,6.653225086967857
16437,9.490380261060434
16438,7.557451720185936
16439,5.405387620021093
16440,7.1270935290793025
16441,6.112822127936433
16442,7.6122760723617215
16443,2.3754857669191796
16444,7.979419303158865
16445,3.3766039882384025
16446,2.7854664430111686
16447,6.251430352839031
16448,6.354766522742034
16449,7.854733841377742
16450,8.112464332500844
16451,4.653570269955431
16452,8.496283169704796
16453,8.644566253579733
16454,5.361098563210054
16455,5.234920346860026
16456,2.3483083275645433
16457,9.980058466959374
16458,2.0095495867233946
16459,7.459316742821684
16460,1.7617339754587464
16461,2.958167244620343
16462,2.7340524049708534
16463,5.801273263351175
16464,8.925032796790806
16465,3.72841585943435
16466,8.547275236375407
16467,2.5936789470826342
16468,6.859839331318764
16469,7.552754243910076
16470,6.927515256788984
16471,4.416245526431268
16472,3.24570784954277
16473,4.941191933328192
16474,7.228271323921089
16475,3.7324045976339835
16476,4.628942699262472
16477,5.890238001341085
16478,4.743301666685162
16479,5.1671131829281745
16480,2.8975599140457633
16481,2.6048474960668617
16482,4.888454978736807
16483,3.1702213986538927
16484,6.109826955363397
16485,6.857131127303223
16486,7.896741131524086
16487,6.388731455795837
16488,3.090534857281522
16489,7.847026340944806
16490,5.015360740296383
16491,7.586767234584037
16492,9.075226318808845
16493,4.29075063239594
16494,7.3887219856458035
16495,4.104717239548875
16496,6.925702933602589
16497,8.526739596425383
16498,3.9801816087497057
16499,8.5329856002772
16500,9.755844460195311
16501,5.939777657970332
16502,9.126508699568728
16503,8.938236773153378
16504,7.480016890461567
16505,2.846273452108628
16506,6.009764278696508
16507,5.574816589695126
16508,7.801613482726337
16509,9.144825051308928
16510,9.581757646870779
16511,5.566678229104376
16512,4.92308640102148
16513,9.238533009891784
16514,6.664497718271182
16515,5.64910817743793
16516,8.256718165406157
16517,9.31367215831062
16518,5.402142265482074
16519,4.196553018935983
16520,5.786842149028787
16521,7.548619668233192
16522,4.991844904832285
16523,3.1195406714700136
16524,4.913688720003819
16525,7.428700562637486
16526,6.499066785872863
16527,3.883071919304486
16528,9.008998624257133
16529,5.300096209712
16530,5.077546517138584
16531,8.599686618899575
16532,5.3384435424666075
16533,4.301315667142942
16534,6.676705936320708
16535,4.407238350131517
16536,6.109046544540988
16537,7.898522809699559
16538,6.761404998590434
16539,9.034588545336835
16540,5.805911199180238
16541,4.388366725637114
16542,3.489521765761317
16543,8.909519873133565
16544,5.439469488297467
16545,4.215852880072099
16546,6.691695829881773
16547,6.746716174591618
16548,6.10432655503651
16549,6.203072602899454
16550,6.29316418712439
16551,4.003852652417572
16552,5.965099551089214
16553,3.7621034883149407
16554,7.251415215496408
16555,7.548049792753858
16556,5.4689634957921465
16557,4.701606201254818
16558,8.617945819093544
16559,6.740956065900241
16560,9.240243118507587
16561,3.574697053879409
16562,8.966769516049162
16563,7.379620558169169
16564,1.5421121828723414
16565,6.37841838552849
16566,5.368054526225224
16567,7.883399888598692
16568,4.391372352056654
16569,8.010284674897724
16570,3.8570215067232834
16571,6.332497824753611
16572,7.354981685563532
16573,7.41144963968671
16574,9.158249173281412
16575,4.14327858114003
16576,8.584017824073817
16577,7.397087146521793
16578,7.740267337484649
16579,7.5867522978708095
16580,5.636860525243511
16581,7.149576440745193
16582,7.146161473607765
16583,5.788591787499511
16584,7.088188955621163
16585,2.472438921455603
16586,7.087487739986308
16587,6.6162945288650175
16588,4.965609672308752
16589,8.325066593055347
16590,7.933940631678993
16591,7.95845033116321
16592,8.12839193838513
16593,8.407836600475928
16594,6.747815624785945
16595,6.799506921656313
16596,7.307018689651861
16597,4.784418855856568
16598,3.3962701026748388
16599,3.437684887758383
16600,6.174046965986101
16601,8.146599606950971
16602,6.160677334545458
16603,1.612880704327118
16604,6.518158446629104
16605,2.1407149858835473
16606,6.071239981320549
16607,4.9922362911370195
16608,4.914016283451814
16609,5.432161358527876
16610,9.383925707013661
16611,6.210723724710717
16612,5.136495008201457
16613,5.461704294071953
16614,3.6072347166330947
16615,7.73973144630517
16616,6.466536939343307
16617,8.99530618567218
16618,6.565439367809542
16619,5.372933269566331
16620,3.871234217181895
16621,6.885133977803749
16622,6.760913987378085
16623,2.401102478520527
16624,5.273367010897383
16625,7.363922533601078
16626,4.59076313138433
16627,3.932392402995327
16628,8.92204126045062
16629,6.754684990070183
16630,5.749891610302429
16631,5.269591719069359
16632,4.166845022201996
16633,7.960107135710701
16634,8.541381134932458
16635,6.552180806529488
16636,5.960809291496254
16637,5.665975199503398
16638,3.988787711830609
16639,5.648454972931914
16640,8.269697546493852
16641,5.45755689779757
16642,6.491043479251378
16643,6.030147727353626
16644,4.800918746400162
16645,7.581702194858769
16646,7.434214701055103
16647,7.674677750090963
16648,8.55074479807694
16649,7.733797690520959
16650,8.817732601516068
16651,8.023795984922934
16652,2.5655494295664063
16653,6.817280314499612
16654,7.537995431882168
16655,5.132015767036556
16656,6.2270434651894115
16657,4.61205052067429
16658,6.841592708328297
16659,3.981916968650807
16660,6.901925129066862
16661,9.776772874056276
16662,7.572609297160625
16663,7.1315842076947815
16664,6.064537497759828
16665,2.1612159556950408
16666,6.143051223058012
16667,6.189206872994578
16668,6.485948474692494
16669,7.051314507135047
16670,8.00016011788389
16671,8.456750866617247
16672,3.001430561570067
16673,6.204603744764831
16674,6.661201469017693
16675,7.633880761555579
16676,9.726665646398995
16677,9.242070787417942
16678,4.879205715189154
16679,5.530305019235605
16680,9.186195976661905
16681,3.5391930100381943
16682,6.944066735257934
16683,6.830753292170126
16684,5.733285238157949
16685,8.262803699067257
16686,6.678737913359317
16687,6.110419390184319
16688,4.738856483483952
16689,5.692689441571693
16690,6.562253473372971
16691,6.438697260997412
16692,6.367527583602954
16693,5.306903812135111
16694,7.055466847196285
16695,7.243392022245234
16696,5.856204275841426
16697,3.0441238396742674
16698,5.234464568611319
16699,6.7162927243648145
16700,4.702726945807749
16701,3.6240886152902396
16702,6.880218665182907
16703,7.103500475874169
16704,6.244088592386338
16705,7.246249769709949
16706,7.03759707495338
16707,6.33435597257508
16708,7.172262833722639
16709,2.752734796090072
16710,5.62494902596376
16711,6.963117778829236
16712,6.5051625288612485
16713,8.777730643859748
16714,7.415051394908991
16715,5.282059358904503
16716,7.636983869362847
16717,7.517080875210646
16718,6.239383090635515
16719,8.64617526207722
16720,4.531847961761822
16721,1.7411077779682764
16722,7.927796607804529
16723,3.079998073372473
16724,4.554689445975737
16725,4.608170457520214
16726,4.5122639130072235
16727,8.004606626642033
16728,1.9051422123227775
16729,5.920472355213693
16730,5.028112007741982
16731,7.377926323671431
16732,8.427305226677374
16733,6.183632850114616
16734,5.089821693415534
16735,2.1183777313267504
16736,7.582940504286415
16737,3.775287126401838
16738,5.53887413664474
16739,7.955319576983245
16740,7.895377484142417
16741,8.333285582830982
16742,7.536814711165039
16743,4.387851787279158
16744,6.729983531758496
16745,7.90595692268868
16746,8.568361108790223
16747,4.210838697934539
16748,6.2706797785401385
16749,6.804318590613476
16750,6.123632995491338
16751,6.362478685732917
16752,5.745794363954767
16753,7.561389439659223
16754,7.315934329627122
16755,7.348160165577065
16756,6.981060149202631
16757,5.525391523619082
16758,5.634240268129388
16759,6.661510592207018
16760,3.3545376526774433
16761,6.590159995654088
16762,4.816393621686576
16763,4.338892930131018
16764,1.8331731205088326
16765,6.327421731842713
16766,3.972662568973528
16767,9.44771472085534
16768,4.653465462371557
16769,7.420746945501823
16770,2.779975330445014
16771,8.392460524198325
16772,4.137694734051504
16773,3.5073778896099093
16774,2.9575669681847785
16775,5.6566228221683765
16776,7.07029848796692
16777,3.5357004059087864
16778,7.234256918388603
16779,6.194627270756213
16780,5.985463282400014
16781,3.9620493318472336
16782,8.404430192915063
16783,5.169795912319485
16784,7.683809054046721
16785,6.695823077883629
16786,7.732926455094399
16787,4.872037964550655
16788,5.340546991382403
16789,8.517515290468193
16790,8.336592989074012
16791,7.744190841407272
16792,8.856397222084878
16793,5.737476478150471
16794,3.1682996371119185
16795,4.2448496632683055
16796,2.521710808626564
16797,6.3870697765927
16798,5.048980831067178
16799,8.488853384532199
16800,8.746823644159907
16801,3.2870395817802898
16802,6.121142347988748
16803,1.660842447778358
16804,7.106067730452996
16805,6.910973114109436
16806,7.336135568307607
16807,7.395788327419413
16808,3.131404447696694
16809,5.497137762609101
16810,5.800937311216107
16811,7.200808122152372
16812,5.716542614534795
16813,8.210809874027191
16814,7.0781494783992365
16815,8.269086532196235
16816,8.486134398971332
16817,4.474629650274816
16818,4.0531839751990635
16819,5.579125273699049
16820,4.973022220502936
16821,4.948243743017647
16822,5.570341591542021
16823,5.796620259182142
16824,6.240411124542426
16825,7.426785759611821
16826,4.444327924649116
16827,6.775571729389306
16828,5.851974708592696
16829,2.4875232776671474
16830,3.8504202813975867
16831,6.341751324396537
16832,7.166879671654364
16833,6.7206264556317965
16834,3.092083903053846
16835,8.15145039961942
16836,5.809100303477305
16837,5.1627352993380535
16838,2.9440811099620277
16839,8.627851429275683
16840,5.453715992494098
16841,2.2606742890788922
16842,5.821554360030416
16843,4.742954324878907
16844,7.11552913885236
16845,4.81150149522502
16846,7.938843961065648
16847,7.143401990292248
16848,6.137696776744293
16849,8.435006881586503
16850,5.70930249677742
16851,4.099479871436378
16852,5.312387194630398
16853,3.713387552175905
16854,9.249045887480289
16855,7.598935643158354
16856,7.968512860829744
16857,9.993209249411434
16858,4.889874625308924
16859,7.010381637836679
16860,9.424595550294091
16861,8.962946910420623
16862,5.144410500953775
16863,4.832006732672185
16864,6.272425160392318
16865,9.589050438094434
16866,2.7104891536579028
16867,8.511962293948244
16868,5.9719804410271236
16869,7.0886055972933075
16870,6.5978684523453035
16871,6.208672746509194
16872,5.261208973125566
16873,8.127007718537698
16874,4.837505265986185
16875,5.360808370977313
16876,1.3927884282789835
16877,4.271077030481116
16878,5.744516971941736
16879,4.809249825680852
16880,6.602360391774406
16881,7.84639908136628
16882,9.17492303845168
16883,9.354305088622741
16884,6.396412993550113
16885,7.616413648535408
16886,1.837887678636628
16887,5.36023405898981
16888,1.7737097925542868
16889,6.299115151631677
16890,7.079764954809352
16891,3.605984701942355
16892,7.279675469579422
16893,8.787116275042516
16894,4.429132874675213
16895,4.264657908694185
16896,6.980297527616823
16897,6.622919048343368
16898,4.91233774141362
16899,9.083989126305655
16900,6.899603411143787
16901,6.410831435384361
16902,5.384547520920602
16903,8.451159967135359
16904,8.239077446110041
16905,7.6510615340010695
16906,3.2055448617370135
16907,9.188074330390915
16908,7.216802987746096
16909,3.330984968493297
16910,5.928508333220188
16911,6.5011600782450625
16912,3.083249463951179
16913,2.2892511820443096
16914,8.897055036428156
16915,8.14541618058284
16916,4.127983119276989
16917,7.275441349222302
16918,6.6585276623715455
16919,4.149429208983122
16920,6.97020606864937
16921,3.2085956176163433
16922,7.715291171620778
16923,7.330733301176135
16924,7.476110081334481
16925,9.23829484712725
16926,4.2973933199000145
16927,1.8020708912948222
16928,4.008470877360413
16929,5.746994962466609
16930,6.3401243366729325
16931,2.8110172050896445
16932,4.228937875137061
16933,4.599030055167345
16934,9.0605818832697
16935,2.9808953959004927
16936,6.595734630213611
16937,6.437691978005432
16938,8.032850590909241
16939,3.605869842068249
16940,4.033431146023256
16941,7.308327151278572
16942,4.914846589493267
16943,5.067947171648497
16944,6.699382346528692
16945,6.693536660029918
16946,5.4140368928121685
16947,3.9548834543590217
16948,5.681559175498926
16949,3.5567719507428945
16950,7.510526105092778
16951,6.990955721492533
16952,7.826879751096005
16953,5.455768613708276
16954,7.600841856038275
16955,4.718547471879006
16956,6.717905669813275
16957,4.792409271996802
16958,0.8987584277724106
16959,3.5190618970868446
16960,4.1425491652508875
16961,7.986330359329042
16962,4.209857003460862
16963,5.91324244597603
16964,8.2978617004832
16965,2.928550227796391
16966,2.9904747849979296
16967,5.904348907092032
16968,7.015421956091194
16969,9.816278938877854
16970,3.3146579600512607
16971,7.567489541016364
16972,2.4758855291013107
16973,1.2173266857401268
16974,4.312991414154867
16975,9.467104114833784
16976,8.405974377607075
16977,8.640562232507435
16978,6.933258172226701
16979,5.075607788322138
16980,7.087706330325444
16981,3.3711173239822116
16982,5.561699716362458
16983,6.8477074947693435
16984,7.199089534876494
16985,5.186079668375346
16986,7.2619091197994985
16987,3.7073390067414502
16988,6.570632704124268
16989,3.982547473224577
16990,5.45368941263197
16991,7.530605157615732
16992,7.0600719269129595
16993,5.06231977645965
16994,7.078399534311634
16995,5.018522883458953
16996,8.721813977353078
16997,3.861812632761449
16998,5.202451608040497
16999,3.5734803085283495
17000,7.389091679517122
17001,4.232686828857884
17002,6.8033305876393175
17003,8.36525985026941
17004,8.902105434179026
17005,8.776964439726918
17006,4.251195728865197
17007,3.7123721618818695
17008,5.167809156730598
17009,5.310979386716259
17010,4.110421595006939
17011,6.555898286581804
17012,6.073239789682679
17013,7.452871529994425
17014,5.387205919451732
17015,3.2021188688427276
17016,7.0227257564028776
17017,7.106335222738908
17018,5.312938754136647
17019,7.4227440026262945
17020,7.355822744205808
17021,5.288599744222016
17022,6.205238695224077
17023,6.782641784013604
17024,3.5436695857808362
17025,5.706414551616025
17026,5.1718417962068255
17027,9.313471362217534
17028,1.2131436990860343
17029,4.270452761144308
17030,6.490525996028764
17031,9.164467352279678
17032,3.658687411242428
17033,6.28372540676909
17034,3.6346518623586612
17035,6.779857043795848
17036,9.088552139912581
17037,3.022494998040184
17038,3.399766007993935
17039,8.737753050562384
17040,6.527465147744376
17041,7.027859298056595
17042,4.238973668477643
17043,5.203996740539956
17044,5.68898749065626
17045,6.930422163187601
17046,5.552767101919711
17047,9.067769046155105
17048,4.609778467126001
17049,9.996182047825226
17050,6.864413661193762
17051,8.017813492540924
17052,6.640648612770315
17053,6.499148792084187
17054,3.819356433896408
17055,7.757894298524333
17056,3.6326186077837876
17057,5.3922692189933015
17058,6.745751718263804
17059,7.156676688045921
17060,6.146141236789815
17061,5.697774404112575
17062,3.0999898088785627
17063,7.190439295532107
17064,7.004029921531596
17065,6.854585374371032
17066,4.298531065700109
17067,4.650911875189667
17068,7.337644298447003
17069,8.41694024405603
17070,6.127685999909962
17071,6.083368495166337
17072,5.658702155539162
17073,6.332666494922725
17074,4.170259698786905
17075,4.707390894812038
17076,6.220731720778559
17077,8.358666003826723
17078,5.021973910943244
17079,6.283159575259631
17080,4.120873667299449
17081,6.16335672522162
17082,8.183951658956145
17083,5.03721636361893
17084,7.937368568749948
17085,3.7617947818659174
17086,1.0980678523098124
17087,2.493527217981512
17088,6.827493589658412
17089,7.79191817046911
17090,6.533929041729752
17091,8.183449467102546
17092,6.63821928872088
17093,8.189761679628749
17094,2.1491229248741077
17095,4.88164096580757
17096,1.638529557090124
17097,2.554770374113663
17098,6.269407475185432
17099,2.1384231493055035
17100,8.088005446242313
17101,6.133493409974752
17102,7.691615319919134
17103,4.642129214445596
17104,6.818298195872566
17105,7.517003754756719
17106,5.80854146428116
17107,1.5274050059682196
17108,4.117386077620353
17109,8.471318406670177
17110,5.696254963025456
17111,4.807856626113063
17112,4.578744694758874
17113,6.496737923128172
17114,7.226946378604139
17115,6.810053453484699
17116,4.999731593193342
17117,4.605514225200068
17118,8.395828660815415
17119,3.5477611211534956
17120,5.496741673329674
17121,5.665773258457792
17122,8.489289161811742
17123,5.0052489396741455
17124,7.564502467087694
17125,5.590374008799336
17126,5.064563114162294
17127,5.675621427682906
17128,7.97691369058278
17129,1.6839297861662934
17130,9.708919903295314
17131,8.606566751986772
17132,5.722696457368151
17133,6.001575684555578
17134,5.097035679340506
17135,6.266874364697244
17136,3.76560268261751
17137,7.851351611142744
17138,6.554037687551951
17139,9.840794178867146
17140,4.963241241431698
17141,6.029517754558893
17142,4.169709682025591
17143,4.494640145608983
17144,5.024115270409788
17145,2.6538408261089748
17146,2.631530898479527
17147,7.570917805619477
17148,4.082722501291368
17149,6.660392301457316
17150,1.4449043629134015
17151,6.216892153038652
17152,3.293597663310662
17153,4.027116114369483
17154,3.484451192976583
17155,3.363795734001487
17156,4.387623886386253
17157,7.423014312493359
17158,7.245600456327651
17159,8.01478121640733
17160,4.233761373725829
17161,6.5214361440360715
17162,5.774480766090395
17163,8.103084284329901
17164,8.185364559886706
17165,6.046027864403038
17166,8.98484519519617
17167,6.22806108668884
17168,6.92154909127054
17169,6.151940917121735
17170,6.895935176766426
17171,5.031380569719211
17172,6.967182306538231
17173,8.471884044625195
17174,4.6467492265421795
17175,7.206812335302763
17176,6.2329525406815804
17177,9.315686012189703
17178,6.3264645633892425
17179,5.472540490686994
17180,8.10374090337972
17181,6.990302363029699
17182,4.129132388569124
17183,6.7387850226790516
17184,2.8253218586538704
17185,8.304967378313645
17186,5.125161250079849
17187,3.35053438036406
17188,6.437258079311842
17189,2.880754110946899
17190,4.527822113545776
17191,6.325316425457766
17192,4.061929756668002
17193,7.984269115553207
17194,2.7951697093112355
17195,3.960208586497285
17196,8.787579499876678
17197,7.603419463417913
17198,7.778429739727456
17199,6.903149848889279
17200,4.957787030004671
17201,6.260749054120272
17202,6.824817090068606
17203,4.720288070865934
17204,7.161072022693495
17205,5.988896567120105
17206,3.7078885170805114
17207,4.165056473386769
17208,7.942664089923877
17209,8.599031715787056
17210,7.198532478074613
17211,7.892739950631418
17212,3.226285434250548
17213,7.001130386711534
17214,9.38144017909636
17215,6.258235694304285
17216,9.669985117865803
17217,5.259163244650507
17218,7.163857270822042
17219,8.430057867145793
17220,2.9867172183734825
17221,6.002919033959969
17222,1.975305700936267
17223,7.370527345128479
17224,5.727159598381414
17225,2.4271581846594885
17226,7.332924858129089
17227,5.795571606145507
17228,8.198494644559307
17229,5.491474442928893
17230,5.11075332278583
17231,4.054243956210768
17232,4.679196658519852
17233,4.834417683031916
17234,8.542283176526299
17235,8.561174944230412
17236,5.503336571598327
17237,7.3930605525535205
17238,3.994480636649514
17239,3.906753397188262
17240,3.9425614231111394
17241,5.166778353093997
17242,3.9790534210821353
17243,1.7445685157190698
17244,7.659472300723301
17245,5.685394770889933
17246,3.682355806442994
17247,8.877263242157658
17248,4.453856344431655
17249,5.573394961966755
17250,3.965951925493635
17251,6.2487072219115465
17252,7.158569405888642
17253,8.572078211677535
17254,3.504792747195263
17255,4.542940032672907
17256,3.6411658980991346
17257,7.879750883059847
17258,8.531852744250273
17259,6.5688478109694595
17260,2.111580372830131
17261,8.357814900834038
17262,3.1078311431590198
17263,7.105757783585526
17264,4.787743141772642
17265,7.482634501861731
17266,5.448394856985138
17267,8.292103420406908
17268,3.045854872495931
17269,4.739559446122518
17270,7.112208557551787
17271,1.9805221990056954
17272,7.188298572871808
17273,3.603727807115013
17274,8.344364314663975
17275,7.061537985377854
17276,2.931896281392488
17277,4.362349161404028
17278,4.508142426183145
17279,8.861337949582987
17280,6.248087714611258
17281,5.590430698984452
17282,7.269747600797227
17283,7.220765213927708
17284,3.3931590526597484
17285,6.4960914967781225
17286,7.268931358844218
17287,8.3334255698476
17288,1.5146010587935999
17289,4.666636664489765
17290,5.292238196305056
17291,4.401783916498183
17292,8.500415975037166
17293,3.912234762537823
17294,5.397087464674815
17295,2.860859453437197
17296,6.722571941647167
17297,4.933185874585426
17298,6.958431022233851
17299,6.450675055601741
17300,5.495553225894473
17301,3.8922059440798384
17302,8.637645253815908
17303,6.347357170681791
17304,5.230338598620937
17305,5.923271448649035
17306,3.247077090873937
17307,7.578202095097235
17308,7.514408391417337
17309,2.182035494915299
17310,5.839704106717981
17311,7.06613518088634
17312,5.963230321476781
17313,7.920652248234406
17314,8.385534600681439
17315,7.654709319365505
17316,9.281918688043671
17317,6.863254895084049
17318,8.173798789670256
17319,3.1927172654232177
17320,7.152587212527671
17321,4.736150379156362
17322,3.8905433928965962
17323,8.077953588819435
17324,4.752635333397944
17325,6.3753657118340055
17326,6.478632072301574
17327,5.933847466234158
17328,4.8294538524116835
17329,6.539839196122732
17330,4.68886458810297
17331,8.13657059479634
17332,5.737912126367703
17333,8.76565844375419
17334,4.850748292027223
17335,7.28910534658775
17336,4.542541918099401
17337,3.4239354258267976
17338,9.151694910151468
17339,2.3971119547511135
17340,7.055546136113824
17341,5.515352557486143
17342,3.746598830249083
17343,5.71479899108795
17344,5.558528021421244
17345,8.546172822674432
17346,4.36209931589054
17347,6.5002328862821255
17348,3.0636258191469166
17349,4.525328172775042
17350,6.446998087068894
17351,6.698861815010148
17352,6.193151992589315
17353,5.922949687155879
17354,6.923044429431399
17355,5.7271558445260125
17356,6.938038424816826
17357,4.233030289061621
17358,6.482389054486433
17359,2.509951745540389
17360,2.1722814670617026
17361,5.646709158360528
17362,8.551277754270979
17363,5.540517962304263
17364,7.59674969108531
17365,4.708442603075663
17366,6.93281562912447
17367,8.434272405107144
17368,8.374018435074147
17369,5.043977133569854
17370,5.503226815310086
17371,8.165000079778274
17372,7.116836785022281
17373,7.408232973534613
17374,4.464720595809286
17375,6.153035133387983
17376,8.179451345998157
17377,8.029876821801295
17378,7.404257586183455
17379,5.668234930357158
17380,8.626721795741386
17381,3.9882645693041274
17382,7.068330057168376
17383,4.03347605709319
17384,8.252723808249492
17385,6.565480888904348
17386,8.59819657220829
17387,8.952599811791096
17388,7.720984847852419
17389,7.4658958355834795
17390,3.152601407892274
17391,3.8943962948375033
17392,5.224973473861109
17393,5.429055062720842
17394,7.532798171146798
17395,5.254744812521734
17396,6.967968250269601
17397,7.379876348014723
17398,3.684255062573758
17399,7.465933968425528
17400,6.233589770675902
17401,1.5127966652468285
17402,4.230003394820688
17403,7.226113992638241
17404,6.039122783283343
17405,4.3339376095230895
17406,4.091902978329939
17407,4.252057665713632
17408,6.231904804043932
17409,5.352880421664556
17410,8.451494463104403
17411,5.355982882193443
17412,2.4721511262646785
17413,3.5851480604914188
17414,5.541965975646271
17415,5.989145953882546
17416,6.7828701073442845
17417,5.426872526043631
17418,4.450606031072974
17419,6.44577167741958
17420,5.129136747788737
17421,7.575411572193504
17422,5.870367916469433
17423,6.465497730737711
17424,5.332591147628418
17425,6.694621772523496
17426,7.445416790368947
17427,4.550184674312382
17428,6.706728755044699
17429,6.242907446776927
17430,7.854546064063368
17431,4.037428827532386
17432,6.771772852912449
17433,7.965056039869487
17434,4.7648845437776615
17435,5.246073089459098
17436,7.033045719231319
17437,5.764459371235782
17438,6.683927748301589
17439,7.340451013807319
17440,6.352130207973831
17441,3.6514621769426183
17442,7.886765377497865
17443,4.804335467074199
17444,9.072858489864549
17445,5.614824471221284
17446,6.543414836336767
17447,5.563144297623231
17448,5.932610270131698
17449,4.235873569067879
17450,8.885697150490886
17451,7.672972818973767
17452,8.49815913663594
17453,6.258034435211441
17454,6.860441639642408
17455,3.5257111532923235
17456,1.7459255069813684
17457,8.31456469888634
17458,5.198586489812101
17459,4.626580293486679
17460,7.097928965678576
17461,4.019486736022593
17462,5.300312329200068
17463,7.531501486310463
17464,1.529264636829629
17465,9.573768700175403
17466,3.340967412166706
17467,5.7444834301418535
17468,6.6806096048212265
17469,3.7961798956371817
17470,4.172305940975846
17471,9.781179399002937
17472,7.976057572847337
17473,4.352693419059129
17474,3.9769935259398768
17475,6.640310126225068
17476,7.041502925114537
17477,8.50975211104619
17478,7.134398013991345
17479,6.991196965865585
17480,4.606273467642364
17481,4.774061024443386
17482,1.825097081000575
17483,5.540117697354595
17484,6.128929319471538
17485,5.0566590929628354
17486,5.195918075931971
17487,9.09098024014284
17488,6.595052699905432
17489,5.397867903889175
17490,3.709480347323825
17491,6.748974788424806
17492,5.843476661951378
17493,8.035396197896947
17494,6.1640182703530755
17495,2.7399696858944864
17496,8.334594500739538
17497,2.5549441943042903
17498,6.88614646615152
17499,8.531204245170697
17500,7.6140174038878214
17501,3.4565208862395607
17502,5.778715736427386
17503,7.212783493364473
17504,2.791704295546858
17505,2.4742031297024685
17506,7.461642649188679
17507,6.134424020068947
17508,7.403553940385261
17509,3.912467891178844
17510,5.617663085446001
17511,6.74678643505373
17512,3.2339416736248388
17513,4.846859216507735
17514,1.7489052768068396
17515,6.454307917356629
17516,5.521912087679821
17517,9.210066990873475
17518,2.143990184216901
17519,5.867315567069494
17520,7.630416545597731
17521,3.9017675867359434
17522,4.989541750598349
17523,7.525583510800355
17524,8.722064481114149
17525,4.968288257343156
17526,8.718394407823752
17527,5.406004650450503
17528,4.225585359512379
17529,4.885810363022187
17530,2.45504638106489
17531,3.7075185828273294
17532,6.480631261585076
17533,7.938479708335221
17534,2.926913818043003
17535,8.367765722492
17536,3.7348502628363605
17537,5.392835075993412
17538,6.478786962697476
17539,1.3162087427061666
17540,7.570587512709107
17541,9.39521891746256
17542,4.5305939293119035
17543,6.410773426399817
17544,5.202185257242979
17545,3.5997596317358633
17546,1.4495055708723332
17547,7.407864141473949
17548,5.144640160425321
17549,6.430378183033901
17550,7.777367521591486
17551,5.982554910492813
17552,8.153008835540296
17553,6.520332039718084
17554,3.8111579060050875
17555,7.361650485378858
17556,4.35470077070832
17557,6.094035949549124
17558,2.8627607243177264
17559,5.697719545216058
17560,6.1683506233454155
17561,7.765369603859277
17562,8.290260251321893
17563,8.688053585056968
17564,5.898106580660521
17565,3.1703370002601914
17566,6.272025840513306
17567,6.485132379579259
17568,7.274658986897929
17569,6.5923546866750335
17570,7.866451969392401
17571,8.389504335093289
17572,5.417305000947494
17573,2.8164105702953015
17574,5.4768381663673456
17575,5.512954748864847
17576,4.9664556228475565
17577,5.922906684352878
17578,5.4954157086067905
17579,7.374506617551415
17580,8.41897792858985
17581,2.252744557207701
17582,6.67241082517412
17583,6.832310899682223
17584,5.642598046314671
17585,9.008248168698167
17586,5.576147024022145
17587,4.052349527522246
17588,5.530592177632301
17589,5.212815480968828
17590,4.363343003378504
17591,5.699067898597516
17592,4.312783228654988
17593,6.709807057460669
17594,7.525713521530417
17595,7.5914354221313785
17596,9.76454578560837
17597,5.210159176541154
17598,6.744118772159711
17599,3.7325286432655536
17600,9.475387514754548
17601,9.019542713150063
17602,5.153575174237824
17603,7.299462408523233
17604,2.8695122847930357
17605,3.779886334307455
17606,8.229565219428354
17607,4.841578845538726
17608,6.720129213248971
17609,5.735438547250746
17610,3.8455207286338196
17611,2.0783726245125833
17612,7.519498114262975
17613,3.5892532578901477
17614,8.680604530437936
17615,7.669769263443459
17616,7.745317688310277
17617,6.880794707503416
17618,6.7960475722223945
17619,6.210578668983872
17620,8.708017756829488
17621,6.330217366906939
17622,4.199297711956745
17623,7.8963916764272915
17624,7.054384576906406
17625,3.8848893268807023
17626,5.069558832041576
17627,6.748725392444658
17628,3.4956842402709487
17629,4.848163134059737
17630,7.31809762983991
17631,4.915249586573507
17632,5.9211678888229375
17633,6.231544685922937
17634,3.6723057855132812
17635,6.256025617936228
17636,7.494239622996771
17637,3.541974707080786
17638,6.185784960922499
17639,6.423230329850742
17640,8.318112046762327
17641,8.074356397796056
17642,4.6924807085724165
17643,5.979434029146738
17644,7.903789999480024
17645,5.30985024132603
17646,6.543802580385817
17647,5.905534802138408
17648,5.958198144115589
17649,4.338352252027393
17650,5.7627099075739485
17651,7.067073210975925
17652,6.242181472982843
17653,4.762494894913157
17654,1.5945670427040939
17655,8.088600841580423
17656,4.0396850685940295
17657,6.433131633409496
17658,3.677691546573434
17659,5.555754773798796
17660,5.864115612094374
17661,3.0956516051276814
17662,2.276259635899733
17663,7.318816365529063
17664,6.461790557935544
17665,9.775009031793935
17666,4.3882050447615875
17667,5.938048328879078
17668,8.544118889010395
17669,7.787771856597283
17670,2.655022303952535
17671,6.103659723616672
17672,7.25300813737061
17673,9.026973578765489
17674,2.342557160021191
17675,3.1031548160111297
17676,2.8450215498237497
17677,7.3159643652621025
17678,5.206607244489917
17679,4.703635094209883
17680,8.940311114429484
17681,4.978461411596367
17682,6.763550407013556
17683,5.473524874000054
17684,7.827866777402571
17685,3.8459990208265955
17686,5.883830518584142
17687,6.716194309481838
17688,4.176830225907257
17689,6.192087158064032
17690,9.482181030264691
17691,6.4298589885287045
17692,5.849514358913335
17693,7.165462892694926
17694,4.981466606660214
17695,5.39875369279253
17696,7.609317706636279
17697,7.901704940158062
17698,8.046049469439541
17699,1.618280485945449
17700,6.499045346558464
17701,6.604826568132928
17702,7.372126547595128
17703,8.166515632077813
17704,4.090748075038347
17705,6.88921837164874
17706,5.3568045233214265
17707,4.184847606813991
17708,4.393856623985207
17709,8.879709842109037
17710,3.843909897072258
17711,7.736269254127976
17712,7.60590028891707
17713,4.108015283153418
17714,6.5595167470093205
17715,8.886821921618829
17716,6.0870530781099195
17717,4.118508740785532
17718,5.80670615888369
17719,4.873488717472603
17720,6.6141358513333195
17721,6.220262047811008
17722,6.3282920613214975
17723,5.954438023674268
17724,9.250425088234959
17725,6.217150263221767
17726,5.843055578723472
17727,7.904629254656978
17728,1.9981561517704047
17729,3.885568229802451
17730,8.592551176475826
17731,9.79922398974816
17732,6.667125175209318
17733,7.428416593620459
17734,7.912946185153786
17735,7.999045801516138
17736,4.52183114812288
17737,9.133829519351895
17738,5.542945233025489
17739,4.089873146841341
17740,7.952794982240553
17741,7.167247837837602
17742,9.382829746838889
17743,6.107188956941673
17744,7.388888626452119
17745,8.536832740597257
17746,8.408135266669508
17747,4.511210369220076
17748,7.951606135470442
17749,6.312059946821758
17750,4.877250684004172
17751,4.214213144862254
17752,5.679477936743944
17753,7.03895693957749
17754,9.917973803634895
17755,5.010742989498436
17756,4.428973395114512
17757,5.753848628001929
17758,4.626035853069942
17759,0.04640081088751605
17760,6.439505640784684
17761,6.115167938325794
17762,7.104732198256956
17763,8.790233786780444
17764,7.307887112331201
17765,3.5723075478273545
17766,7.189283830873315
17767,4.639538835230961
17768,7.142987923901185
17769,7.24192770724951
17770,7.4842177228249405
17771,2.8149223874788265
17772,5.938586002684892
17773,7.922642316402805
17774,7.902364560470746
17775,6.099339391222921
17776,6.176378670102471
17777,4.900269371686887
17778,9.26748403996929
17779,9.025042129506446
17780,5.16648641009103
17781,4.527186305323319
17782,4.628955788040664
17783,3.928446438735344
17784,3.442136230257738
17785,9.544020219756707
17786,8.078426043000839
17787,6.14837039313814
17788,7.722666355508562
17789,5.545168169491525
17790,8.046987144238184
17791,5.544573094321226
17792,3.9348687023815208
17793,6.375530021072149
17794,5.480746382868556
17795,4.669398923205658
17796,3.7910873977726283
17797,7.280613135556917
17798,5.796117194542689
17799,6.285105635283761
17800,5.1473432209051
17801,6.194119142063434
17802,8.310169131328095
17803,5.650611365831839
17804,1.4480754538623883
17805,7.4588908122378275
17806,7.0501287013743
17807,7.1705725324741785
17808,5.891086381668687
17809,7.259183767884734
17810,4.930048897734758
17811,3.828608148227924
17812,5.095733667113068
17813,7.983014839253785
17814,5.4453684035063885
17815,2.092276772814876
17816,6.343465362002983
17817,5.124834048438652
17818,5.5304329994123185
17819,7.144588113849788
17820,6.921545138780858
17821,3.95786226587938
17822,7.538706370708397
17823,8.548749442471848
17824,5.7108667536328195
17825,3.25742010977106
17826,6.92740650478225
17827,4.6577022587438615
17828,4.58280668805055
17829,6.033704707769415
17830,3.465327944471943
17831,4.273413744097685
17832,8.013700459729494
17833,7.707041567646796
17834,6.165192283133494
17835,6.095224992185989
17836,6.649888005670816
17837,6.903285914454074
17838,5.261670325762662
17839,6.375758323676476
17840,8.273855865594141
17841,3.979300501121467
17842,5.320233324495539
17843,7.570152602471412
17844,6.300573664493719
17845,7.583347340291377
17846,4.4268411083075385
17847,5.2124927977857
17848,1.5850430611434776
17849,6.290519651258395
17850,5.258932543902054
17851,5.167672715372817
17852,5.01719497907647
17853,2.765965436693966
17854,3.844512031886194
17855,8.928738392591782
17856,6.504289925665054
17857,8.311488432980685
17858,6.195953503647225
17859,8.471830794535672
17860,6.931905666808273
17861,4.496498915870231
17862,3.351722368993868
17863,6.712056114677868
17864,5.0186255837825495
17865,6.745000254986495
17866,5.799477048443028
17867,8.432511403509988
17868,9.049770883531382
17869,4.823393154075034
17870,7.255402305121489
17871,7.585481458070082
17872,8.516978201015512
17873,3.997253821101369
17874,9.355569584397688
17875,4.879533661892315
17876,7.484095095905058
17877,8.027208334792657
17878,6.241677730334192
17879,5.274301362251038
17880,6.344182391982669
17881,5.650286844869112
17882,8.1802889791769
17883,6.100979967302849
17884,1.4644612893003401
17885,2.791524676335208
17886,6.180392761750138
17887,1.6929899940903714
17888,2.5449769256459485
17889,8.149655625406648
17890,8.903176612796194
17891,7.1117463611730605
17892,2.7760021211675676
17893,7.2611839581546285
17894,5.074966492624341
17895,5.533852865989963
17896,3.9766995676965515
17897,3.423594010349445
17898,5.896715459029892
17899,5.296655662744262
17900,5.748491116295362
17901,5.996680011701123
17902,7.887524410357002
17903,5.796849704229987
17904,4.6740146894228145
17905,6.582941033252455
17906,5.792072377976313
17907,8.69608763153064
17908,4.879040944673249
17909,7.579421836582477
17910,7.391137425820077
17911,5.4688341401903795
17912,7.004717837232321
17913,7.871269572985775
17914,7.298636687875396
17915,5.8659930970707554
17916,5.6953418799914095
17917,7.744321902443508
17918,4.904253690406399
17919,3.562675371069717
17920,7.016532291523342
17921,4.022034132669747
17922,8.993117604102004
17923,6.43605710261206
17924,2.6400615627516273
17925,4.57567240096153
17926,4.796699868892736
17927,4.245122952135249
17928,8.613815021501015
17929,8.693204319427835
17930,5.844203901298825
17931,4.070349461599672
17932,1.4095725404575499
17933,7.138338330755992
17934,6.282456214357145
17935,6.613825947839081
17936,6.954124658620965
17937,6.303121944269884
17938,4.749222713045613
17939,9.302573706249673
17940,8.725661644333504
17941,4.6470114728818075
17942,5.052336419428583
17943,7.050038226387964
17944,5.502343178898297
17945,9.250389006179228
17946,6.509428149010905
17947,9.127922282223333
17948,2.577074775174189
17949,4.042077754644519
17950,5.40717942155694
17951,7.862088349268307
17952,7.110142969552398
17953,8.733732725200113
17954,3.920924203892877
17955,9.796186959998176
17956,9.68004845755469
17957,7.5810417343710155
17958,7.579797368961572
17959,7.217771786436349
17960,4.060844840706323
17961,5.886700972558643
17962,6.328319735766095
17963,6.305945885238374
17964,4.99374217843542
17965,7.941898192270241
17966,9.011609291180495
17967,6.374454334470437
17968,7.5226357437257665
17969,5.882257362328268
17970,7.248053324041681
17971,3.9964037699176824
17972,7.469718614140334
17973,5.291048778920107
17974,7.900384255849883
17975,6.319798003236849
17976,7.777145836215139
17977,3.6429884102310446
17978,4.07500217952736
17979,5.501405940167611
17980,6.432478926205096
17981,4.42374457023283
17982,7.204964334101237
17983,5.702211492170457
17984,3.8435943027669977
17985,9.458784186857853
17986,8.586786168649263
17987,7.9425906081264275
17988,5.772849282123693
17989,5.711311763153576
17990,4.7196625997782435
17991,5.931085879801836
17992,8.683778725440048
17993,5.460971307330444
17994,4.189875162339099
17995,1.8822612523611928
17996,6.603986480102996
17997,7.091616885604926
17998,5.020978220431405
17999,4.880232830519394
18000,3.8411450341810864
18001,4.542089266064147
18002,5.315051641136545
18003,7.103886511400224
18004,4.603893376697817
18005,3.6527130148503053
18006,4.866393938288118
18007,4.0232833204516485
18008,7.6525142669449355
18009,1.7060350070883112
18010,5.933514109378304
18011,6.99379409853426
18012,3.9501803578196215
18013,9.156905585633188
18014,5.419783227392756
18015,8.819864365209419
18016,8.846758780703016
18017,6.949050862270731
18018,7.7549404407703975
18019,5.905110200370009
18020,7.47173781364866
18021,8.329778357500139
18022,5.4902101907799095
18023,2.8443512159669866
18024,4.207923540296548
18025,9.119498507862147
18026,5.3434559189657485
18027,4.990244506975146
18028,5.412761747116674
18029,8.654345881868545
18030,7.710905979837625
18031,7.2265584752431336
18032,7.977764415235152
18033,8.13339982060296
18034,4.547035896899834
18035,6.2816511889074
18036,4.413652021306503
18037,7.525823178690359
18038,6.783058294199011
18039,7.220125515732069
18040,7.090855111912188
18041,2.475882277027127
18042,5.883423131367351
18043,6.614171077146758
18044,4.012897587147516
18045,6.433238982331261
18046,3.8128140467632803
18047,3.5060812622006674
18048,6.201844160160141
18049,6.9036559049151425
18050,8.681538156707333
18051,5.435059984554859
18052,4.992150674751667
18053,8.39542834789958
18054,5.991925383580113
18055,6.288816298934242
18056,5.829373373087657
18057,7.203648220222941
18058,6.7613943006399095
18059,5.3909640944843416
18060,5.568164577690465
18061,7.640135392056982
18062,7.616271376357886
18063,2.4093454386436637
18064,6.260568923313495
18065,7.600832359932262
18066,5.04419646695042
18067,9.080115134901353
18068,7.257141785835146
18069,7.295539540126513
18070,5.749253216859212
18071,7.082640169263114
18072,8.219446320764385
18073,6.557098976472949
18074,4.245476147583487
18075,5.16561175042672
18076,7.060857086644011
18077,7.14273307687985
18078,5.949425871691512
18079,9.045222973273935
18080,2.134397059094537
18081,8.621896122352242
18082,9.114037994899618
18083,7.450590353786237
18084,7.360553820813035
18085,1.0970794110007107
18086,5.601049864564647
18087,5.051414869903766
18088,5.658099014503591
18089,6.824522712452484
18090,7.18531804276552
18091,6.079165846906435
18092,3.319870546225827
18093,8.193012681025028
18094,6.0826775156045185
18095,7.723554095493309
18096,6.216407404990728
18097,7.518786367442257
18098,4.719659444202094
18099,6.043384392213796
18100,7.066317797294897
18101,4.0886526084010795
18102,8.969747833399394
18103,4.381327038068836
18104,2.8815411184505617
18105,6.092339637372882
18106,5.536772810964367
18107,3.896626002787624
18108,7.195966577614647
18109,4.895830747614008
18110,6.755629141351902
18111,5.024553239378481
18112,9.030788200870989
18113,8.769801686820802
18114,6.731584976363959
18115,3.1241638338968234
18116,3.015743159951402
18117,4.603176781779964
18118,7.472712748311377
18119,4.858586431065969
18120,3.1388615923273657
18121,4.963392150152059
18122,5.4524669578928
18123,3.8673336556382365
18124,4.90815203605197
18125,8.9616500720875
18126,2.6317112221641445
18127,3.880065490989664
18128,7.267840990114568
18129,2.085935968574148
18130,2.4815893849120614
18131,2.736268895561652
18132,6.720259126578108
18133,7.055250904341056
18134,7.594748266354987
18135,6.368057516354286
18136,8.65583471268229
18137,4.686507084887924
18138,6.455077694499587
18139,7.04141500772203
18140,4.847042518830972
18141,3.364805175809666
18142,9.19093030152184
18143,5.461720305056063
18144,5.213081835432222
18145,6.02611536940096
18146,5.2516340395898204
18147,6.887858076018217
18148,7.922663023985333
18149,8.365966546900593
18150,8.883476642747773
18151,7.606869905831328
18152,5.759533991466807
18153,4.980771992828609
18154,7.550181468526385
18155,7.318480020843168
18156,5.015202775635995
18157,9.696863134525683
18158,6.510661164608373
18159,2.7431903617656634
18160,9.074834963801106
18161,4.285665648060491
18162,5.180662176198446
18163,4.603046446221185
18164,8.915091573387013
18165,3.235372589172987
18166,8.324348155048568
18167,3.161158520241106
18168,9.069248747739051
18169,8.203764048780304
18170,4.81868531423617
18171,6.536339614434372
18172,4.956278488885538
18173,6.0760514208485805
18174,5.32051632155708
18175,8.032332333651873
18176,6.753831495073062
18177,7.745338124988779
18178,0.8676662750105782
18179,6.470297492416083
18180,5.49290766910769
18181,9.258999212966017
18182,4.283114973366408
18183,5.49435457370315
18184,6.65935892585919
18185,6.750962801361091
18186,6.796348276056356
18187,4.000749397474547
18188,6.992455965991685
18189,8.081403572698155
18190,8.527214790207516
18191,5.430100723648357
18192,5.933851842899295
18193,5.076037991569784
18194,3.5988227541527764
18195,6.464339971953809
18196,6.620218971326342
18197,8.28971034541335
18198,8.601609178970813
18199,4.383411119879845
18200,8.12232224557523
18201,5.860026701539585
18202,5.772086052731054
18203,8.891156169017695
18204,6.778277823824302
18205,6.983403515505972
18206,5.866272769127217
18207,9.493018477827409
18208,7.287689833887196
18209,2.8175202394008605
18210,8.470911508253447
18211,8.595398593442996
18212,4.414757247929549
18213,8.781391518989825
18214,5.730174481830131
18215,6.956760772389375
18216,4.418444612034732
18217,5.373657721199057
18218,4.216013484463928
18219,5.050907810865836
18220,7.902947979218393
18221,1.5442863735411518
18222,4.457147756951865
18223,4.7428122778783885
18224,4.800213252025447
18225,5.572583951878785
18226,6.798551152518067
18227,4.921670229602688
18228,4.895818500401961
18229,6.711820045408349
18230,1.1278727306089777
18231,5.92811719265874
18232,3.587278188516148
18233,7.468743515020757
18234,7.115772157850472
18235,9.78502628270511
18236,5.7540724786959965
18237,8.885146828912376
18238,5.374191503054225
18239,6.4505398391809
18240,8.031222621634614
18241,8.60640603951327
18242,6.699027359597591
18243,6.7671354363676794
18244,5.6658919616124175
18245,7.788714770560761
18246,2.9762253556121
18247,4.917326284623602
18248,4.291436501988716
18249,6.96055776594442
18250,7.329108821725123
18251,6.109245417762267
18252,3.4256539111202136
18253,8.011637692020214
18254,0.7499889696732076
18255,7.728338608123194
18256,4.234237031853194
18257,8.2802581630354
18258,5.27525582526362
18259,6.417419658171724
18260,8.897388933592085
18261,3.401758918387095
18262,7.26179769909664
18263,5.202130822520912
18264,7.558250601714766
18265,4.099706379765203
18266,7.999843883290171
18267,4.94103269350706
18268,5.7685524964268104
18269,8.692196554423697
18270,6.835526196447174
18271,5.79113088103643
18272,5.753069258915889
18273,5.671820291246814
18274,3.0310975555008683
18275,2.4747644098164785
18276,4.255246875071308
18277,5.5825043162627885
18278,3.6246782471133647
18279,8.120127711457307
18280,6.148857532633396
18281,7.515160439750561
18282,6.107113383193503
18283,2.785495872712574
18284,3.4211515122870013
18285,4.748722671610081
18286,4.094398413385009
18287,6.373059448378085
18288,7.222844117399433
18289,5.13343804056986
18290,6.159831028392549
18291,8.976032529925781
18292,4.389181994534816
18293,7.7498898350942795
18294,6.607961860877754
18295,6.791978229407493
18296,7.887266986274569
18297,9.001481621502641
18298,0.6268105642972484
18299,2.0559312502722134
18300,6.172538193320405
18301,5.317806840920782
18302,6.076789669820534
18303,4.893536878427003
18304,6.94254983693581
18305,5.084904018888185
18306,6.730770994087258
18307,4.136366898279281
18308,5.866949793986438
18309,4.308144783850375
18310,7.200015943824199
18311,4.606353771790667
18312,7.458136357346979
18313,5.055064822679766
18314,6.315548629163348
18315,4.594774571279609
18316,9.9866418487546
18317,5.595559677023181
18318,5.71058574629334
18319,4.181592194908162
18320,4.2103219025776575
18321,2.9042923225806163
18322,3.6301236862420954
18323,4.512108554856347
18324,5.09874168683453
18325,7.090088128010175
18326,4.266123787008442
18327,5.375724019129275
18328,4.157573020299623
18329,3.0053942651279297
18330,5.70421177772217
18331,6.952379763824214
18332,5.982230419640467
18333,4.6872036809911855
18334,6.206184066552205
18335,6.821342767167388
18336,5.006950760899283
18337,5.630836943839519
18338,7.642683163647163
18339,7.480420884022731
18340,3.592336984670597
18341,9.42685622848688
18342,3.447234652503605
18343,3.5724984543222327
18344,5.487088963871768
18345,5.354272055988272
18346,3.694762016307573
18347,4.212702824902829
18348,6.8357726010478075
18349,5.105612169717016
18350,5.683208686059356
18351,4.895509761144858
18352,2.1184662688659692
18353,5.731257996016675
18354,3.911855287589676
18355,4.025422329900395
18356,4.642769486954315
18357,3.7992330492415496
18358,8.395140770484222
18359,5.153077945669379
18360,8.521472263027002
18361,7.402346429134686
18362,7.97335171158653
18363,5.218739516649441
18364,8.179964228715479
18365,6.960782467942214
18366,7.099355044189858
18367,6.8948354702339
18368,8.150152309820124
18369,4.294035422882158
18370,2.9227890269554466
18371,8.258942805871959
18372,7.095370225239327
18373,7.074600937617406
18374,5.992142945991195
18375,7.822493739731834
18376,4.058584520269329
18377,3.369676892579423
18378,6.104999647671091
18379,5.570545650930871
18380,5.7254249099042624
18381,3.8277067877752655
18382,7.052243665683497
18383,3.859193297312896
18384,6.930817613994875
18385,6.011738740818328
18386,6.029468481661179
18387,6.0010262287608915
18388,7.809584471728219
18389,2.8956193217115738
18390,7.886391486970296
18391,2.8559945726131413
18392,3.9433273475240074
18393,8.132999956766765
18394,8.170085917950408
18395,6.94469432491412
18396,6.517275576028985
18397,2.19590665844102
18398,7.076311512119251
18399,7.769678922022214
18400,6.747893935787307
18401,6.447791956094785
18402,4.558395057022972
18403,4.1301346487665835
18404,3.700879631649035
18405,6.9849522890228215
18406,8.090573052597033
18407,6.197924942253542
18408,6.13459711170184
18409,4.918626555885666
18410,9.555017561129269
18411,4.384324154749823
18412,5.004791367311547
18413,5.871659376361056
18414,3.304387865566394
18415,5.143904578951018
18416,6.911153656171283
18417,6.248585318527661
18418,6.4692602489058615
18419,6.16635647477538
18420,4.839102775585464
18421,7.9715129246044185
18422,5.1806218702195945
18423,5.2039973371172135
18424,8.290222329574108
18425,3.9742745098234282
18426,6.388631055242858
18427,7.563577436338978
18428,5.456768993248002
18429,7.679819529588832
18430,7.537149323319584
18431,2.486738902650024
18432,4.511311261167489
18433,6.67809837005464
18434,6.374801648464283
18435,4.9729597711926115
18436,4.075437931254811
18437,4.955773332741448
18438,4.472538462766171
18439,8.98225018708677
18440,7.013700672986037
18441,7.387698290902423
18442,0.6388866596000339
18443,4.939844703392961
18444,4.741352309048022
18445,5.08251030785685
18446,8.052836366516763
18447,5.349313309192506
18448,5.765454411550514
18449,1.8224994735189324
18450,4.412062059765778
18451,4.765525301598033
18452,7.041657375989246
18453,2.5484217184690507
18454,7.959070886537079
18455,8.04067032641199
18456,4.800882263000432
18457,5.901323041037343
18458,6.774522979486741
18459,3.3479843279075103
18460,5.089063993589951
18461,3.9766875440998755
18462,7.381203620620767
18463,4.646983033618635
18464,6.170267284824346
18465,7.538674686969172
18466,6.363160674954115
18467,3.8408846510517307
18468,7.663991446607657
18469,5.364713469478144
18470,6.479364091668204
18471,7.7140657081850765
18472,8.013001576050565
18473,4.437106842874619
18474,2.161298423154724
18475,4.715670618523505
18476,6.4703335565217825
18477,7.117548694147825
18478,8.011860716156331
18479,5.159559816648863
18480,6.974494803160865
18481,2.1224593239668472
18482,5.039760423996591
18483,6.252075276597581
18484,9.277710064304458
18485,4.436467530937921
18486,5.294585408826993
18487,5.382701234571928
18488,5.800524647224799
18489,2.2054874949346517
18490,5.41450689369778
18491,4.96639578653377
18492,4.3244509804853815
18493,3.8327721031988014
18494,3.7350287599674052
18495,5.607597562376809
18496,7.345414698139088
18497,6.29577573731329
18498,7.613244729375597
18499,5.408574464370353
18500,4.260874436672501
18501,2.177507996932014
18502,4.789468443594269
18503,8.287844783337839
18504,2.7184057634197205
18505,5.403419238363391
18506,3.100747590955409
18507,5.261996407911167
18508,2.0818612253862763
18509,5.147399120264634
18510,6.569877583271573
18511,5.203091069460699
18512,6.687942009501907
18513,5.893826088073473
18514,3.7498549795047635
18515,4.714839852749806
18516,7.7815568616750515
18517,5.980780114889323
18518,5.1476388511330455
18519,6.45355962792215
18520,7.13017755225985
18521,8.457615070786122
18522,6.584186114984912
18523,6.878687962590746
18524,0.050474999531250606
18525,5.456017096621186
18526,5.581209335196964
18527,4.981914060265947
18528,8.62842333573559
18529,8.429043243324578
18530,4.682581595884153
18531,2.856420377029519
18532,5.6952988442655545
18533,5.1251281768678325
18534,8.060752304622643
18535,8.105627311515446
18536,8.16987286548159
18537,3.532960074841265
18538,6.144180494663892
18539,4.63178014036416
18540,8.231188035451135
18541,4.011809090458159
18542,5.351069239179937
18543,9.200387930348713
18544,5.963707623179855
18545,3.613003842294118
18546,4.600621959434633
18547,7.860507000733746
18548,3.634061691023108
18549,5.764673452951157
18550,1.2420303440167313
18551,8.04144092646555
18552,3.5532733721697394
18553,6.446886896988068
18554,4.302033624495835
18555,8.44230401497109
18556,4.7626280547466004
18557,7.462621156705669
18558,5.415122697386209
18559,2.033020837798519
18560,4.9077901391135255
18561,4.908637369600516
18562,6.960110557832765
18563,7.25705572660299
18564,6.828557164982245
18565,3.4859214135383936
18566,9.117413126445937
18567,6.859176419346549
18568,2.357471142728723
18569,9.564272938322997
18570,3.1602163667570338
18571,7.650695758646358
18572,5.851118994120652
18573,5.285721640646862
18574,8.440290570831179
18575,5.807361847742828
18576,7.230330354207322
18577,6.433648723792274
18578,6.536462551621607
18579,7.876928120183318
18580,4.509571796442638
18581,6.457699544959872
18582,6.138021383116285
18583,6.565799719213998
18584,5.82904294202113
18585,8.206985128117521
18586,8.070317558059854
18587,4.377492803460114
18588,7.91802451034459
18589,7.367898480481719
18590,7.600834321460571
18591,3.6265167119236987
18592,7.312271965209309
18593,7.969898917970848
18594,7.816076861813501
18595,3.592012651924519
18596,5.634102477321203
18597,3.5701481423860715
18598,4.5501413036586085
18599,3.961089544841413
18600,7.354381886735432
18601,8.443986900036416
18602,4.917272808985574
18603,4.725959167853183
18604,4.949684249718927
18605,5.950312334786713
18606,2.5698978034878404
18607,5.204666318515558
18608,8.752247251667368
18609,4.721636590099118
18610,8.044839002954
18611,6.733119493375265
18612,4.827598055750068
18613,7.295394481203369
18614,4.418653686296718
18615,6.44656147262857
18616,2.4326722686806375
18617,3.02319424927585
18618,7.516239287185254
18619,6.994008209925208
18620,5.955861797862674
18621,3.9820872351875036
18622,6.305619398742955
18623,4.4207555643216585
18624,6.92152683340623
18625,7.387007754826305
18626,3.742180347727257
18627,8.357873943825933
18628,7.85717982306283
18629,6.484843814428558
18630,5.278215348152904
18631,7.075586849400063
18632,3.1213687650976834
18633,9.401312563091953
18634,2.3778893365676805
18635,5.376204448066191
18636,6.5727148980152
18637,5.853701111611027
18638,8.895398016671185
18639,6.014594412024169
18640,7.719075994744512
18641,0.6184525963136206
18642,3.508303088644838
18643,4.937194704475576
18644,6.709032408627055
18645,7.168064626177642
18646,3.3165061733209864
18647,4.123185072090082
18648,5.972509208899522
18649,3.5340934890488525
18650,5.636340236570712
18651,6.145680352967426
18652,4.6168918404635
18653,3.74174736177015
18654,5.199990890292255
18655,3.007931133011708
18656,9.353117078740352
18657,4.763673552477297
18658,5.268159799911167
18659,5.082808348585494
18660,8.087910458779223
18661,7.2621913230024635
18662,4.732376993324255
18663,8.001705485681795
18664,4.609284832245513
18665,8.925072282332346
18666,5.306841646444315
18667,8.726411366006998
18668,6.477489676407395
18669,7.028470286198682
18670,6.8643094108064835
18671,6.625285128157126
18672,5.750305386748382
18673,7.405934064947101
18674,4.938374503053403
18675,5.191503814608797
18676,6.122224427847351
18677,4.907919325945144
18678,7.883662715928052
18679,6.620655100288486
18680,5.092032440834869
18681,6.528944342414247
18682,7.227409300273297
18683,6.722792327095746
18684,3.1773759761554627
18685,4.259283160314081
18686,4.697908130586565
18687,6.236408207014611
18688,9.024263829239727
18689,7.358418229074445
18690,2.692828288393494
18691,6.2056028494527515
18692,8.919845429693297
18693,7.943776162139433
18694,7.178669067864462
18695,3.1659764186584014
18696,8.909492269060907
18697,2.977953829296067
18698,3.6222824338194455
18699,4.367598375002644
18700,7.600109424170157
18701,7.578656628131722
18702,7.797193441620255
18703,6.684399449042942
18704,3.9124937560463398
18705,3.9876767255952705
18706,4.742718570285727
18707,8.356152243281377
18708,8.840859254877833
18709,5.67301765880807
18710,5.47435466844008
18711,7.677496901118589
18712,6.975241574139945
18713,5.380680455716511
18714,7.790531910274732
18715,4.731913498790335
18716,6.766935948697873
18717,5.293252486740677
18718,4.274585571687792
18719,5.454971617468952
18720,3.9260383092837845
18721,4.9133570153562305
18722,6.137556365847112
18723,9.048303576950822
18724,7.677452687198526
18725,5.549444610094279
18726,9.156028697999222
18727,6.98039147058501
18728,5.891424113173933
18729,8.394616055819327
18730,3.6968190727384598
18731,6.826957617619473
18732,8.071663667491219
18733,4.486250330125655
18734,7.313070841862263
18735,6.039397812266545
18736,6.319091564836763
18737,7.742850657071036
18738,2.6424438003531017
18739,4.08114133792057
18740,6.455842400014257
18741,6.1708336010716875
18742,7.2971683403282945
18743,5.276811821145512
18744,4.303913872433265
18745,7.993590479581528
18746,3.947450519727501
18747,7.728222566942138
18748,8.493717153339079
18749,2.499399128925246
18750,5.180462903616959
18751,8.35922201902746
18752,5.803937149636717
18753,8.320611487317407
18754,4.459691579089899
18755,4.992891850126166
18756,4.598733643080275
18757,7.399020536501223
18758,5.266253126510115
18759,4.096695869216261
18760,6.419338797644122
18761,6.690909864190332
18762,7.547089188773809
18763,5.19921778181048
18764,5.229043766602235
18765,8.379044371800363
18766,7.230436776821547
18767,4.728383541155586
18768,6.312238614757939
18769,1.0090125634093963
18770,5.208455959094843
18771,1.8814172461657677
18772,4.3629863126643205
18773,8.36120361124444
18774,8.225635575118563
18775,7.33645372046158
18776,7.584836079300194
18777,2.011574813007312
18778,5.639510800309157
18779,8.37444560948524
18780,5.699116904606489
18781,8.889913205694992
18782,2.1647672622063143
18783,8.086760976711224
18784,6.9270692636036495
18785,5.832487019576097
18786,8.39863095506714
18787,7.141859552511178
18788,7.569670669470864
18789,6.262300541437842
18790,10.0
18791,5.70163913867275
18792,9.059457004494845
18793,7.099787748342046
18794,4.02877487648401
18795,8.43687790510747
18796,6.612157548715218
18797,6.184750357085688
18798,5.756918184152124
18799,5.450662046479566
18800,6.14476590023339
18801,5.7027564252909935
18802,7.055468954475301
18803,6.556879741333164
18804,6.940196629690682
18805,8.747423505531703
18806,5.293706315248441
18807,4.740230930520415
18808,5.138467848425256
18809,7.55552309252936
18810,5.861159366980056
18811,5.22159431054682
18812,7.270596661211824
18813,7.7610275323288676
18814,5.695134637525258
18815,5.702933987594728
18816,4.024653647378399
18817,6.328148704073816
18818,4.79878451813205
18819,5.36950962626701
18820,7.183646111826563
18821,5.064172492694288
18822,1.4915436413087002
18823,6.0097883761103645
18824,4.515797590781346
18825,2.8163008398948133
18826,5.730050603425352
18827,3.5396331205238143
18828,3.3583787725878405
18829,7.313262839888903
18830,4.482590842673668
18831,9.330966429726272
18832,5.698797262004249
18833,8.401686739722845
18834,8.148355455972
18835,7.154126430358246
18836,8.147831037085082
18837,5.050365946133143
18838,5.113332268225428
18839,8.054585857111054
18840,6.66714143153107
18841,6.305523734852389
18842,8.548061145838686
18843,8.677025225797676
18844,6.437503090230611
18845,6.774112373477993
18846,6.019316508161532
18847,7.9799372195869
18848,4.64444167469662
18849,2.7587494082150017
18850,8.616635241710043
18851,5.987797929726998
18852,6.608694905371677
18853,4.770418781972472
18854,4.786018463823576
18855,8.899498856076711
18856,5.416093492594934
18857,6.151487328478542
18858,8.449623391840587
18859,4.755542677378315
18860,5.532381226815858
18861,2.6789540819986284
18862,7.040138227715264
18863,6.607360974323079
18864,7.912198584942685
18865,8.962066902804503
18866,8.058441209171287
18867,6.88141729695514
18868,9.191955006954188
18869,8.457839089196716
18870,4.654164911040549
18871,7.989690711500254
18872,6.135932262658215
18873,3.982852608373021
18874,5.645478494697001
18875,4.403060349452483
18876,1.7572962573907989
18877,5.759500433478219
18878,4.429378466740184
18879,7.12813384196374
18880,3.2619394193140865
18881,7.194987751631243
18882,7.766997691442866
18883,9.380922499047305
18884,4.553448031035256
18885,6.244341791892095
18886,7.872753677386763
18887,6.076197304978499
18888,4.491478613905702
18889,5.231410602550838
18890,3.435411302316605
18891,8.983974693781603
18892,4.52396081816813
18893,9.661246175847564
18894,6.247782861268615
18895,7.888454800668412
18896,8.10652129011306
18897,5.771576903687389
18898,7.418890475734973
18899,5.070093582992271
18900,9.428525660863878
18901,4.333921649619786
18902,6.592253633131305
18903,6.372661714593646
18904,3.2685985233901382
18905,4.266461626423426
18906,6.597505928094436
18907,4.954631810711096
18908,7.437464614441209
18909,4.646922140460689
18910,5.140770632929797
18911,6.085624898225298
18912,6.024794384384499
18913,6.632838789333516
18914,3.5436891073689796
18915,4.152275945658842
18916,8.589986370660565
18917,5.372556022984886
18918,6.8977103315073816
18919,6.23671267124886
18920,6.8273715482203166
18921,6.372205882076098
18922,7.37111416356284
18923,6.18647555452795
18924,3.9910351794869054
18925,4.046046848771692
18926,4.760148137077268
18927,6.491405762009195
18928,6.813792101800069
18929,6.40637079988178
18930,2.2657817189779093
18931,7.2059121263787285
18932,7.1140192242684765
18933,3.129961201370405
18934,7.510610582200357
18935,1.453573905202891
18936,8.392671172795431
18937,7.6703075693831035
18938,7.039910175009146
18939,9.961857557483157
18940,4.168236853530896
18941,8.057641756288
18942,8.558620073046791
18943,8.568082170184542
18944,3.3581937828524255
18945,6.004362652355833
18946,7.39498009118704
18947,2.033101889839798
18948,6.762221729521887
18949,6.575816073983939
18950,5.360128432083275
18951,7.975927054370169
18952,8.621210805314808
18953,7.587364708905173
18954,6.444079574353902
18955,5.012168802920386
18956,6.2216242888236435
18957,5.30301825033497
18958,7.483566249468845
18959,4.264356072306989
18960,8.199491690469872
18961,9.281525735461097
18962,6.79563619005389
18963,7.255499844717189
18964,4.662414771782051
18965,8.40242426461028
18966,4.865173744273549
18967,8.905792405061492
18968,6.300883621514846
18969,3.2374918737819858
18970,3.9322848049457457
18971,6.140778495653062
18972,6.259662070561328
18973,5.24852725698227
18974,5.607672242794094
18975,4.735843358618062
18976,9.71231493718961
18977,7.241870529553605
18978,6.338102633473565
18979,4.742085714530605
18980,6.236232687592931
18981,2.551167810342745
18982,5.438611822978529
18983,6.669944292859196
18984,2.801120253227115
18985,6.045735674006567
18986,2.519317538772256
18987,4.156565567392029
18988,5.511276405335725
18989,6.757533244238265
18990,5.963381245680172
18991,6.5505969000330015
18992,6.572666510297187
18993,8.943086901430847
18994,6.770705165678495
18995,3.795481812715609
18996,7.808518571046328
18997,3.1509559775187546
18998,6.1902991968592
18999,3.7619275021707894
19000,6.633258386251963
19001,3.166028058321648
19002,4.945186930820865
19003,4.034498479569972
19004,2.852983410836143
19005,5.3565158043498124
19006,2.6124626793078494
19007,3.8215638595913184
19008,2.734994853471123
19009,4.360890847097567
19010,7.2262467372467745
19011,5.513127910995768
19012,9.674888368012441
19013,6.5081728901551985
19014,8.452247656657768
19015,2.78356579129522
19016,2.0664922862120627
19017,4.017581696017442
19018,7.347618716486567
19019,7.410549846005175
19020,6.942323135463737
19021,5.89934065178303
19022,5.856661440454758
19023,3.2929506616115076
19024,8.052119828736696
19025,6.910214694428271
19026,6.48836736600863
19027,5.629880471012093
19028,8.662340254456414
19029,2.072435851240496
19030,6.079821738004784
19031,5.28040713559982
19032,4.004758406220983
19033,6.275958189485775
19034,6.539359165134231
19035,6.862332402101133
19036,7.590175721348262
19037,3.6737205690801322
19038,6.7899015189116705
19039,6.336408421765393
19040,4.846821795939254
19041,4.436492360896548
19042,7.004780049552212
19043,5.7373435082781326
19044,4.813457982137225
19045,4.93197934444533
19046,5.573528608921018
19047,6.843316912614763
19048,7.318651959923203
19049,6.978056758600524
19050,4.576452618991803
19051,4.8258780397244685
19052,6.019269699703347
19053,5.553915308861276
19054,6.701545015855783
19055,7.147807271330203
19056,8.34150756408798
19057,4.989523211838214
19058,5.822205883266006
19059,7.560929409796773
19060,2.7497111650569823
19061,7.254707244009532
19062,6.802986431053582
19063,7.23594411717837
19064,9.921869434594754
19065,1.1901895858226617
19066,3.868944809860146
19067,8.207155113581216
19068,7.76536550204613
19069,6.950847760933392
19070,5.917903091213136
19071,5.5209340730676475
19072,9.6465462614497
19073,7.1000253896887955
19074,7.548387794513778
19075,4.963516071005617
19076,5.585528439391487
19077,5.568450464979348
19078,5.74658396501144
19079,6.6244324395753145
19080,6.094944637923872
19081,4.1711886353614975
19082,4.51179251736772
19083,7.482364883731944
19084,5.928488234731338
19085,3.6826264142988787
19086,8.60021888280167
19087,6.3793649094567595
19088,2.46228469840021
19089,2.0009883314948764
19090,7.710237744240309
19091,8.172685725501376
19092,7.305835201269386
19093,2.2742087569188625
19094,1.9616040283580114
19095,7.299437296315951
19096,3.7910507358717833
19097,5.507434997192112
19098,7.5269609864178015
19099,2.998897419555074
19100,3.043613038819749
19101,6.732595666426849
19102,5.518361238243887
19103,5.9079679292514395
19104,9.029012029654915
19105,5.966877090098571
19106,3.9106506075284835
19107,7.091211800222833
19108,6.64664899850154
19109,5.47707939805474
19110,1.9317620679519516
19111,7.45388638260508
19112,5.162661768724067
19113,2.8079359542272346
19114,7.07467010424946
19115,7.346435153828098
19116,7.152100780397898
19117,8.190838023638781
19118,4.777564283172416
19119,9.100530970148851
19120,7.800420109415608
19121,8.989822163234715
19122,6.8469692764789585
19123,5.185809274627548
19124,8.821105473318694
19125,4.861129289082666
19126,5.281722439110576
19127,6.7853186050392225
19128,3.2450867559021703
19129,5.2960437255333925
19130,7.205709360980055
19131,6.98085100262818
19132,5.966052859649235
19133,7.646443174097586
19134,3.0587209941310176
19135,9.16412804786314
19136,3.81999460100831
19137,7.73850820864465
19138,8.200789670647298
19139,6.018389875622146
19140,5.738486717014469
19141,9.453194880089278
19142,5.135185586728772
19143,8.800900651236992
19144,2.973820530131401
19145,4.870852358912327
19146,2.6612268327518454
19147,7.013434913417832
19148,8.010989323439121
19149,4.5514587198327146
19150,6.755556252248619
19151,8.873862994576333
19152,6.821179409216724
19153,4.648186117155552
19154,7.496649869186115
19155,3.747240547876094
19156,5.405482089073111
19157,8.04390385639438
19158,6.8686434641288345
19159,3.5515135268712545
19160,8.636497097185586
19161,3.7732082087931422
19162,9.33859345780279
19163,4.7381963703334895
19164,5.315697899580856
19165,6.686379801026568
19166,3.7196114331355092
19167,6.372420750688848
19168,8.45440061136106
19169,8.040880973079844
19170,6.655007141963428
19171,6.423933117892171
19172,8.298684367289836
19173,3.9666895150818835
19174,7.838630993478251
19175,9.398072820536354
19176,6.52123284378186
19177,5.689039704361159
19178,4.858310367687615
19179,6.226132469750257
19180,7.274967278107356
19181,4.86045817364
19182,9.10573658504544
19183,8.75428953868752
19184,4.799839085619267
19185,2.018663281167614
19186,7.923269236903004
19187,7.714387105428224
19188,3.954158526838035
19189,3.311907354647471
19190,7.855390827064064
19191,6.106670312975089
19192,7.027211583406942
19193,7.847651261829011
19194,1.7830336712143504
19195,3.902158674468318
19196,5.296588277509649
19197,6.52209771818821
19198,9.032862404672471
19199,4.718636895894468
19200,4.324916189691733
19201,6.6379327077984485
19202,3.3208429035330793
19203,5.29719233762858
19204,8.735945129685023
19205,6.9362899838922765
19206,6.232645255224481
19207,6.829552853871809
19208,3.5998506575217295
19209,6.129681088058755
19210,6.9004151726228615
19211,5.964146455470201
19212,4.731591842932763
19213,7.766331125407474
19214,6.393782698642807
19215,3.666727868799938
19216,6.02389992574193
19217,7.962169194777218
19218,4.431822158418312
19219,9.499677116519837
19220,6.904445072708894
19221,2.59383830717202
19222,8.139079628618463
19223,5.529295642350695
19224,5.112379336230877
19225,7.040015885648412
19226,2.856538384426977
19227,5.5846937752554835
19228,3.0439566196262615
19229,3.776956422665083
19230,4.216711579838785
19231,7.328835378011252
19232,6.890558967412749
19233,6.861634438708191
19234,8.947657868066885
19235,7.274762543806345
19236,4.811745880501651
19237,3.219339049552879
19238,4.954815989901844
19239,3.916922998492408
19240,6.4272243811892
19241,5.344522538018766
19242,2.725004981623533
19243,7.616567070279926
19244,7.915915822190639
19245,5.697796834871796
19246,6.426376374869318
19247,6.680906569443057
19248,7.27479823088389
19249,8.753711730270556
19250,5.779423396228728
19251,6.617813227877255
19252,3.4624296654686075
19253,6.064375449376863
19254,6.913450842620474
19255,6.2980919463351555
19256,6.0821978341709055
19257,7.6018497977460155
19258,3.2188250440076764
19259,4.850248839876248
19260,6.663656495566246
19261,2.199381986021222
19262,7.355878015805552
19263,8.399720497407746
19264,2.729945921850739
19265,2.166406108532207
19266,7.533391486679353
19267,8.034272652838878
19268,6.100565458330356
19269,4.5354021033829
19270,4.4483317227504156
19271,2.6143748856732385
19272,5.612796287816415
19273,8.152037935884218
19274,2.6569917259424973
19275,5.98316513430237
19276,6.577960986703292
19277,7.572433971666432
19278,5.492530759441513
19279,5.584213942132701
19280,4.067631077308601
19281,2.281832690004429
19282,7.2584543196331355
19283,5.5042837999807315
19284,2.13874911737923
19285,3.7612140134124057
19286,3.831411290481723
19287,5.543918922312691
19288,6.6885713098354405
19289,2.2905374265877576
19290,5.403411507084359
19291,7.10091255857643
19292,5.739237217188551
19293,5.433991592609507
19294,8.627288954749842
19295,5.068981493232707
19296,4.978819277623607
19297,4.822588079661259
19298,6.431020803862802
19299,6.395240119105838
19300,6.03451864314218
19301,7.117393929941578
19302,5.0563374835196395
19303,6.992795742709034
19304,3.134737627059902
19305,4.903236835792087
19306,2.1520911854533393
19307,4.795317911358227
19308,7.941038516314904
19309,1.7756812473003367
19310,6.762244728571343
19311,5.767502010525787
19312,3.78901455234828
19313,7.217787126877378
19314,7.120273491378729
19315,3.28052473539468
19316,5.9946202784088705
19317,6.2938219805638465
19318,2.658065440068533
19319,4.212350374477232
19320,4.446486282647729
19321,7.87596753010681
19322,3.0953244871509398
19323,5.319629500137731
19324,6.507881744737675
19325,6.450099047322392
19326,5.558790297069903
19327,8.062621466089988
19328,4.989231770882449
19329,4.605356518748813
19330,7.343647171856356
19331,4.560543247079638
19332,7.349397343285497
19333,7.683516059158828
19334,7.836294016450404
19335,7.0286029796417475
19336,7.705129211950968
19337,6.7366392745326396
19338,5.144794878015864
19339,8.206274016927134
19340,6.090285286369424
19341,4.086052548988387
19342,3.461564899661004
19343,5.946112424952177
19344,6.25774968185218
19345,2.7238098832204583
19346,5.825805903775859
19347,4.651294701697377
19348,2.726056124699508
19349,6.64533061793807
19350,5.504929329058633
19351,3.2565891317291085
19352,8.81798248624193
19353,2.1346287519205682
19354,6.409161328709911
19355,6.7480268441460804
19356,8.02181897199825
19357,7.885533098810852
19358,6.589935086360535
19359,6.82538987810964
19360,7.838485625202433
19361,6.640413323097578
19362,3.6550872259131753
19363,6.014304883689302
19364,6.056962340231077
19365,7.3093530486360425
19366,4.684606531100778
19367,7.561218527573817
19368,7.900211569825416
19369,8.7192746314865
19370,5.217187119736215
19371,6.254009003413032
19372,5.970417336464525
19373,7.165635307592376
19374,8.26706981058476
19375,6.271573722507967
19376,4.927112350674291
19377,4.122020467342251
19378,6.956271620987817
19379,5.440482534717638
19380,6.505930975774481
19381,8.610608034682935
19382,7.585445144831671
19383,6.975040896345627
19384,5.942481490090908
19385,2.6776002130064107
19386,5.880877914376656
19387,9.293053764042755
19388,5.8620795602087075
19389,8.487289973981042
19390,5.125887761870026
19391,6.56652742482313
19392,3.828464362090289
19393,4.2274229960408825
19394,6.626376451771302
19395,4.6282665941170755
19396,0.9982601686461169
19397,4.143566881971964
19398,7.763656578132193
19399,4.4606793647785254
19400,5.441150846165385
19401,5.866375427865183
19402,8.582179670356618
19403,5.118882587518138
19404,8.210641682967943
19405,4.48945256026761
19406,4.641744415210764
19407,6.533164490211171
19408,2.5419073416429403
19409,7.012008844558685
19410,5.723084182866712
19411,7.291023442942579
19412,6.360399130974162
19413,7.767040694722169
19414,3.3240934108974605
19415,7.576440746756581
19416,6.321504750804086
19417,5.226029621146812
19418,1.623791583658762
19419,7.676689072870738
19420,6.1373257721495555
19421,5.638917495526286
19422,4.746166580791796
19423,7.544507730795342
19424,8.219456784354804
19425,6.822007110900325
19426,6.99231051926429
19427,6.119738934228564
19428,6.556725429640222
19429,6.689548046216753
19430,5.486504568636745
19431,5.929284582776176
19432,5.891942703665612
19433,4.474920390387525
19434,8.712363118326252
19435,5.269114236110561
19436,7.883677454014873
19437,5.371806555850056
19438,3.0563458765281384
19439,4.520215426159336
19440,5.724836344631051
19441,6.214433543897378
19442,7.996683012995081
19443,5.664912868209594
19444,7.06301426989994
19445,5.627214626548254
19446,8.647960253139159
19447,8.427289119921769
19448,6.695214356278181
19449,9.204006578474601
19450,7.704268984757903
19451,8.012986508358065
19452,5.536544400262539
19453,6.284871979037449
19454,4.0249116236972045
19455,5.286855918400683
19456,4.593810939298289
19457,3.934968530319768
19458,4.223935857283847
19459,6.080381689950099
19460,5.959927018146952
19461,4.564622374812856
19462,5.744251233027596
19463,0.6354972077600242
19464,6.579468853811619
19465,7.0288121444468645
19466,6.705914328974024
19467,4.0361122144314185
19468,5.404176284316674
19469,2.2886302317314993
19470,4.8418750154724295
19471,9.068133718301995
19472,3.8887654902309237
19473,7.148133686114667
19474,8.689304905676796
19475,4.486071634198913
19476,5.9394456875241675
19477,8.122571066119058
19478,3.532949146169753
19479,6.757360130476135
19480,5.875187547595676
19481,5.8658966447348995
19482,6.531596320897853
19483,0.11775683528775893
19484,7.493008217025735
19485,8.264927130258059
19486,6.376730624352956
19487,5.65122884188774
19488,8.117798689015077
19489,5.92082519091424
19490,2.044405698812343
19491,8.221796404879058
19492,7.795109517756877
19493,7.721776755581418
19494,6.914538952582881
19495,8.824441124344613
19496,7.050208862015025
19497,5.30352342995048
19498,7.883817332448405
19499,6.017490376096807
19500,3.6204044209734896
19501,6.24740319958889
19502,8.845440808093171
19503,7.061068267332849
19504,5.595992262849638
19505,7.20872336345358
19506,5.993609549567402
19507,6.697162784373735
19508,6.1229339201070205
19509,4.1605902418565135
19510,8.568056955608936
19511,3.615174810234287
19512,7.799438309425076
19513,8.526059897711043
19514,8.566725705903265
19515,5.965168820542615
19516,3.1544765861209934
19517,8.485577103380733
19518,2.39068655852645
19519,6.861928726889369
19520,6.644580318141923
19521,3.7930678312817903
19522,7.7202267353598195
19523,4.004452021011036
19524,6.32802037268355
19525,5.622057133786579
19526,7.953882935180781
19527,8.457349339888529
19528,8.379676449580977
19529,6.205493955967207
19530,3.3028331952327217
19531,5.181961989838224
19532,7.001039473132229
19533,6.978227122207835
19534,9.062490046455878
19535,7.3999951952994465
19536,5.831237614803673
19537,8.306782044672966
19538,7.8805635983152555
19539,7.081885068317647
19540,4.834782549080523
19541,7.064043766897001
19542,4.974440108002328
19543,2.1114031407640796
19544,9.959631092911465
19545,8.970116112575068
19546,3.703858908619017
19547,6.896875182492666
19548,5.579567266406475
19549,4.960503363337394
19550,8.451167159437817
19551,6.524449233633037
19552,6.145130189162737
19553,6.123153177935791
19554,6.317282289499762
19555,6.076784675850644
19556,5.2447166835885675
19557,3.8474587471030977
19558,5.0567433752620445
19559,9.554813048477369
19560,8.372420983865961
19561,8.250278615045376
19562,8.272395117211937
19563,8.022998672337682
19564,4.058809505469877
19565,7.5529325287630265
19566,8.557399264953123
19567,8.073231520031934
19568,7.796983839603694
19569,3.193624186094424
19570,5.937291652486843
19571,6.193144732132699
19572,6.844190416200762
19573,7.145901847894621
19574,7.784351661048195
19575,4.741633137203236
19576,6.898888021117161
19577,3.669823208331639
19578,7.8730937328818476
19579,8.08777013679363
19580,7.910427474165832
19581,6.538355594755366
19582,3.5076074043558476
19583,5.307756954150236
19584,3.1676755789992144
19585,8.74859595642761
19586,4.0904199927158835
19587,9.620348429490443
19588,9.663428749661373
19589,1.6324984601351422
19590,1.773884758797108
19591,6.4159056043615585
19592,3.697467666824183
19593,4.291610289338955
19594,6.08486573174622
19595,7.812861125896175
19596,5.284100446777566
19597,4.457935821735429
19598,8.296091915485011
19599,6.37876569621972
19600,4.826658059273527
19601,5.662749965303046
19602,3.8736412317288007
19603,1.9318751833805452
19604,7.286941779606905
19605,8.399758843048614
19606,10.0
19607,9.257503967218982
19608,7.861480465174376
19609,3.537363303964367
19610,7.273888978265975
19611,6.197530191987215
19612,6.763356536393169
19613,4.239878071878134
19614,3.6058466840727643
19615,6.390910865726738
19616,5.471431847741909
19617,4.57189127748577
19618,5.883988171035898
19619,4.285947224672647
19620,6.977667763289689
19621,6.081101811099605
19622,4.504453300589932
19623,8.082264040164118
19624,5.222317738002915
19625,6.0257324484341375
19626,4.637128502221476
19627,4.638085501919191
19628,6.6400223192447845
19629,4.9863510347151445
19630,6.244981494514262
19631,6.148787543452959
19632,5.717210891749924
19633,3.727414536823992
19634,6.357298952257611
19635,4.002694691452703
19636,6.334324675172469
19637,5.325093048285011
19638,4.919280810461465
19639,6.0441551369441875
19640,9.329717882544527
19641,5.48886351490272
19642,6.861149790697224
19643,4.590201623285373
19644,1.6797231957653698
19645,5.417053014821576
19646,7.435636252232979
19647,3.071364063830947
19648,6.289505294896753
19649,5.581723566042438
19650,7.201357118176433
19651,4.2806983276843305
19652,4.391118858122523
19653,5.63747785649262
19654,5.6643797513042875
19655,4.827240376289684
19656,8.889631828796047
19657,8.649749063616666
19658,4.148334785007917
19659,7.013713324229271
19660,3.05333024662073
19661,5.382859909243113
19662,6.352059928229558
19663,4.762914761560832
19664,7.958226082038239
19665,6.7785005618058936
19666,6.674749346817547
19667,5.5935036260624225
19668,7.771481017860751
19669,3.788391446500496
19670,3.8831008353030336
19671,6.924254095618185
19672,6.514203629133396
19673,4.774335119682044
19674,7.8572669153222225
19675,8.798605432924521
19676,8.063896591959494
19677,9.255163576243282
19678,4.572444830540704
19679,6.9923228671808815
19680,7.265231154877339
19681,9.393003090863093
19682,5.275506538843167
19683,2.7254871802196305
19684,4.334642536102715
19685,6.638870781722711
19686,5.4752951489737125
19687,7.027836955434433
19688,7.104667467020863
19689,8.69752214887553
19690,2.294694190471371
19691,4.6975692370297395
19692,9.339214144465625
19693,8.447163590897132
19694,6.75898799163979
19695,1.6656439559637604
19696,6.844471925257448
19697,5.498064774394186
19698,5.5212968971244285
19699,3.1289586846197857
19700,7.433091930285541
19701,8.6444604415303
19702,5.5470272837906345
19703,8.462140530441632
19704,7.876734223743143
19705,6.656198488411081
19706,6.760246649040496
19707,4.593446391638829
19708,4.655397152373459
19709,4.173666771913885
19710,9.529763185199668
19711,5.238427306964866
19712,9.06152863566957
19713,7.543824387415108
19714,4.668514149562478
19715,7.078570194430245
19716,8.178380603355357
19717,6.7972613417853385
19718,3.977067868087424
19719,3.8080899192272466
19720,4.682141146231986
19721,5.396331083462167
19722,7.990564902589432
19723,7.653264588622427
19724,5.011036361021343
19725,8.054869111090587
19726,4.681937224616006
19727,4.262724376033337
19728,0.6533072583698036
19729,5.608301428326008
19730,8.06251509731481
19731,5.442397492302341
19732,5.21471006628877
19733,4.461954905094576
19734,7.213249084478257
19735,7.895119314597682
19736,3.537564221562857
19737,4.702478729430192
19738,3.26546586721924
19739,4.979809762938592
19740,6.931397263703975
19741,5.795760483589541
19742,4.501669152106544
19743,5.911864280505817
19744,5.921997640292144
19745,1.0301085479765408
19746,3.2806902745876134
19747,8.448798807656717
19748,1.9091028314294014
19749,4.8017070967039395
19750,2.070790022132205
19751,8.019838476438403
19752,4.104449462394954
19753,7.481297772762984
19754,5.601296534178947
19755,5.842202467211582
19756,7.397261820745653
19757,3.7742941975516446
19758,4.267014427070462
19759,6.350375588058087
19760,7.083714810817563
19761,6.293125407897005
19762,6.075841759598673
19763,5.827153762500794
19764,4.844554770360129
19765,6.980657189214971
19766,6.885676222566829
19767,7.559526884461318
19768,6.566184257499534
19769,7.2134143183850234
19770,5.852324994939101
19771,4.173665598363313
19772,3.4200022127831033
19773,5.486364301419718
19774,4.241146661264152
19775,3.323146463227717
19776,8.963291405087285
19777,4.831910133639655
19778,5.58803421312183
19779,7.418269850841701
19780,3.960005060902848
19781,5.477182394385734
19782,7.277416527140967
19783,4.314145641127891
19784,7.785312250466792
19785,4.780648166909749
19786,5.648720270865525
19787,6.494595668049392
19788,6.674404022787465
19789,6.694388219612598
19790,7.26847416049595
19791,7.972183722428964
19792,5.752938782040937
19793,3.661670915911344
19794,7.474489179963325
19795,7.337987519657084
19796,2.7627791019488788
19797,4.871802967438489
19798,7.375259489815765
19799,3.3068225822363453
19800,4.416857917332606
19801,5.333474301227732
19802,8.028088807775529
19803,7.306191146876778
19804,5.6290949266211605
19805,7.078477325837659
19806,9.476465291545976
19807,8.368645922728822
19808,7.869877856968113
19809,5.9948706146682
19810,3.741674176150564
19811,4.507417926927167
19812,5.056898010407564
19813,6.505024567708745
19814,4.046097190595195
19815,7.754387365630472
19816,3.3927502051837664
19817,7.309650786514163
19818,8.403873477367787
19819,6.236592873952562
19820,5.226289407445864
19821,5.5694029777798235
19822,6.4198737612919246
19823,7.472453318537124
19824,9.121843615067547
19825,8.342298575513682
19826,8.471044060415306
19827,4.109695707913536
19828,8.393632312458461
19829,2.3579792971720166
19830,2.624060172141906
19831,5.631123858558734
19832,3.8561975943604723
19833,5.742364975870233
19834,3.8623981873253426
19835,8.569184403366847
19836,7.041062177313714
19837,3.1775186972431437
19838,4.124068440967956
19839,8.974557162427748
19840,6.823275623236142
19841,3.978630873188469
19842,7.71545691715745
19843,6.18538004859297
19844,5.7788680071678336
19845,7.000410071609049
19846,8.298241510435254
19847,9.146837409835916
19848,7.702475021825149
19849,6.148225720238187
19850,4.282521605814216
19851,6.13220761143908
19852,4.94247902316482
19853,8.12411170667407
19854,6.05035357743563
19855,8.301886645010566
19856,8.880819701987788
19857,3.001813670872754
19858,5.442410501348833
19859,3.2383963239421463
19860,7.814964324288841
19861,2.4744272980419173
19862,5.732727384600629
19863,7.25527730058352
19864,6.26432535009214
19865,9.54928135271629
19866,7.855656124698793
19867,3.62435949411178
19868,4.29340425460212
19869,6.319440128155067
19870,7.8876749483090505
19871,5.740383595622374
19872,5.834225679370604
19873,4.387616789250108
19874,3.337662132556964
19875,4.909072304837758
19876,4.81491935909025
19877,8.339740253793154
19878,8.530422173682707
19879,5.07297763387773
19880,7.190022892128685
19881,7.360013563275323
19882,7.2439203092105044
19883,6.237200692172333
19884,6.5517007208722475
19885,6.126120890385496
19886,5.971390668240369
19887,6.076447141953981
19888,6.299107868858821
19889,4.27904441509652
19890,5.765987445690266
19891,3.9560262018151358
19892,2.0444350263197766
19893,5.503506775746938
19894,7.882110288168087
19895,7.498166235898573
19896,5.140515718951765
19897,3.530652748264802
19898,5.287464554393214
19899,5.044936441798113
19900,6.605712118229871
19901,6.247309095390672
19902,7.863695418107729
19903,8.404915802432223
19904,4.2534031147125155
19905,9.997435448887465
19906,7.327460317463512
19907,9.045494237693504
19908,5.35150028064926
19909,6.184140032474869
19910,5.962625718531756
19911,5.9655804080422445
19912,6.461584945324566
19913,8.038706105278717
19914,4.382302388277391
19915,6.426819746911271
19916,6.636819893519567
19917,5.466671607755284
19918,4.513931996351572
19919,8.27095625460003
19920,7.901344326070047
19921,7.670521114661915
19922,6.751104025128984
19923,7.19331954296227
19924,7.21651260866795
19925,6.542502026077824
19926,4.175316184429881
19927,7.061219051549875
19928,7.109936326115626
19929,5.39060841042997
19930,8.217367855664964
19931,4.343694581538925
19932,6.693300627766774
19933,8.185914613787123
19934,7.810993458078789
19935,5.0032341391566755
19936,8.374584778361754
19937,8.048991287949265
19938,3.014935031462512
19939,8.133687878521801
19940,7.565221685445971
19941,8.92414183762631
19942,4.9201813309543025
19943,6.8840470874031805
19944,5.823785975679263
19945,3.6616618103870513
19946,4.000587225025294
19947,1.7446629535680767
19948,3.510055871735331
19949,5.359653226870118
19950,8.737613622026336
19951,3.77771948823642
19952,4.210371453152404
19953,5.615318017855017
19954,2.0827720906859306
19955,6.079766434964461
19956,6.93131777844792
19957,8.542399694994865
19958,7.930969086779574
19959,8.614613477041715
19960,5.914549360214677
19961,4.4250142906254
19962,4.656297398843766
19963,6.422822755862212
19964,3.3155920524922737
19965,5.464150414482248
19966,2.3070681578347783
19967,8.78470236784459
19968,4.802741671064383
19969,7.0088564482873785
19970,7.511858626837202
19971,5.257020716875172
19972,6.348837782827523
19973,5.509189253782547
19974,5.525503736655968
19975,2.130332652309076
19976,5.946814238450663
19977,3.3082370153720113
19978,3.8244579130925485
19979,6.894547241897965
19980,2.9574309454024292
19981,5.6654629833475365
19982,7.141024056491065
19983,6.418391565548345
19984,3.8764685702316846
19985,4.9763717469924815
19986,7.569095167578131
19987,8.551008640805104
19988,4.976351929911944
19989,5.0374126014143235
19990,8.682404701037072
19991,4.364788467250307
19992,6.6453626446355365
19993,5.988562899512724
19994,5.9357356037806905
19995,8.397803989118113
19996,6.600534406003772
19997,3.380176535633488
19998,3.8554174463012583
19999,5.387599972462626
20000,6.856990672052163
20001,8.718468006541718
20002,6.1390915667861465
20003,3.3247449062154693
20004,3.4579480320503366
20005,6.030290417251218
20006,4.356076866035958
20007,5.285156792052984
20008,8.408407728379466
20009,5.455233165548986
20010,6.639917384749125
20011,5.740138310809503
20012,2.8784048815239167
20013,7.122207149857396
20014,1.7038939564640485
20015,7.707963977241131
20016,4.333689467166021
20017,3.6809634222730416
20018,9.883243602426298
20019,3.7380650176723615
20020,5.390830889336274
20021,5.150591587421935
20022,5.796979344102511
20023,3.2429520435100656
20024,6.42311002180119
20025,3.166207651810754
20026,3.9255435964952543
20027,8.16071147261534
20028,8.52466067495157
20029,6.986670942086521
20030,2.9958220224016014
20031,7.0120392899896835
20032,5.371796522090338
20033,8.6347996148707
20034,7.8269831886767225
20035,4.738645232526757
20036,8.09353238132402
20037,6.202045717141237
20038,6.170020211214425
20039,7.820144402297188
20040,7.155194971108345
20041,9.476603217771073
20042,8.336685615288749
20043,4.844529032171056
20044,7.041979742639873
20045,2.7237537382078267
20046,6.040814587891122
20047,4.445268639384701
20048,7.3575844439066875
20049,2.9398934975907642
20050,3.6007851619319737
20051,5.62178712881343
20052,6.654752283567177
20053,7.369300927042122
20054,5.077631254822001
20055,4.179870091346756
20056,6.49205595872913
20057,5.366376429980489
20058,5.6325624301109585
20059,6.760702969124296
20060,6.193222715463455
20061,4.818129022915889
20062,5.366937685191212
20063,5.9415203151761595
20064,2.0296669008766015
20065,5.452489319559789
20066,5.289179220039664
20067,8.700721277446139
20068,5.528538118331366
20069,4.991123670536552
20070,3.617649993865456
20071,6.832564099476591
20072,6.272092984673523
20073,7.5575119441051894
20074,7.712673031315379
20075,6.645602163604374
20076,3.1511760406098634
20077,3.826074412045282
20078,9.378525350274618
20079,6.094174499118811
20080,7.356672782755686
20081,8.612591996673444
20082,6.346875877319406
20083,4.271971907264874
20084,5.577975847646901
20085,7.219231179507882
20086,6.891440574241623
20087,6.734640947023769
20088,5.943527566097103
20089,3.6036278455420816
20090,2.650475890433684
20091,6.331268878725326
20092,7.99057428512287
20093,7.39296661772113
20094,9.502833384175398
20095,8.014631446816809
20096,8.079859695036575
20097,4.807127521105602
20098,7.819002998829998
20099,3.9608767299929677
20100,5.024368945559385
20101,4.754139934542102
20102,4.149465802936573
20103,4.0799660918414915
20104,5.789558204419306
20105,7.684938319329256
20106,3.8344054060296093
20107,5.163081629967652
20108,5.819561576683227
20109,4.0624993518474515
20110,3.62047644376418
20111,8.23829787359417
20112,3.6799477526866644
20113,9.597631908530376
20114,4.131687027986117
20115,4.8485775790657515
20116,5.271982062954284
20117,4.80481794284124
20118,2.830235053695398
20119,5.3620042462571105
20120,6.847030771103969
20121,6.495753538516348
20122,6.987102051558728
20123,3.3558212636733606
20124,2.652811622990164
20125,6.971812778480472
20126,7.4171623339878465
20127,3.3464027483281225
20128,6.85801411534459
20129,7.969274232820789
20130,3.889494763221117
20131,5.742495282029241
20132,6.687149119887131
20133,6.32226065149338
20134,5.569945279436936
20135,8.936146885221834
20136,5.523170821554097
20137,5.295811439010704
20138,3.6952966498700928
20139,9.34356049269424
20140,2.2759581725837794
20141,4.137125942769373
20142,5.935315229910598
20143,9.389925493431225
20144,5.578223643404671
20145,8.123386967620782
20146,8.646784885890375
20147,4.997413176127365
20148,5.02489400945706
20149,6.021877834296055
20150,6.367835340908335
20151,1.5669216631716374
20152,6.036124546139963
20153,5.185651317207
20154,6.852751191945913
20155,7.114797844522146
20156,3.1763393118896133
20157,2.6569942539878335
20158,6.0999897952394155
20159,6.209869882806623
20160,2.5972604652124867
20161,4.711124194349139
20162,6.477340747109702
20163,4.632686367784933
20164,8.36518246856865
20165,9.41947283002888
20166,2.1518957669288796
20167,3.629285751506683
20168,6.936046789399648
20169,7.75980882310485
20170,5.552940521412878
20171,4.653895076811099
20172,4.301556648509149
20173,4.808805711689098
20174,3.4576689340853464
20175,4.9186643808475505
20176,7.85826165899856
20177,8.783728092580768
20178,1.885664480697843
20179,7.811899330551736
20180,6.031888618217218
20181,8.578981496202207
20182,5.718738965594891
20183,8.749890820817265
20184,6.990369881033903
20185,6.310700051586202
20186,6.642675720085579
20187,6.4338690148062625
20188,5.835225639885684
20189,2.857486400738213
20190,4.167837902599824
20191,5.753915795935435
20192,8.5260529143408
20193,7.4293107397275175
20194,6.585655112962499
20195,7.031447202650101
20196,5.424456264609173
20197,6.5732552637864465
20198,7.515353328471632
20199,9.041037665128371
20200,4.7863830289379266
20201,8.45048237082612
20202,3.2055954360462113
20203,6.6998834063732495
20204,4.61995087778025
20205,7.207637184135178
20206,5.109139225593152
20207,6.0346429837022235
20208,3.418925042832631
20209,7.219885744286213
20210,8.463980196924554
20211,5.655197021256442
20212,4.268720644542179
20213,9.01250497989789
20214,4.507539397168119
20215,2.8072783151569536
20216,7.211506054398143
20217,6.6449595243286455
20218,7.093935508212363
20219,6.2058289357677685
20220,4.412210088091601
20221,5.89292448313216
20222,6.837429096222229
20223,6.140492061362939
20224,5.812189109736049
20225,5.32062540902274
20226,5.1666197285904945
20227,6.420891556651577
20228,7.908001183533844
20229,7.692645375222918
20230,6.09708805612653
20231,8.027204854288415
20232,7.233218693624226
20233,7.183547084238877
20234,8.763896241428423
20235,5.174883868674593
20236,6.691477935016493
20237,3.8616287088460024
20238,6.79528087334243
20239,4.785820827347657
20240,5.048257720521951
20241,2.0689427489792642
20242,7.188636165109886
20243,3.7837730479841394
20244,8.272276623335147
20245,6.528643297485345
20246,6.871169112080924
20247,6.275362991907735
20248,6.012196805615079
20249,2.4762406435367597
20250,5.813595515424576
20251,5.114181564863823
20252,6.665985034082304
20253,6.934532241881393
20254,3.244127137874407
20255,2.496155051753492
20256,5.931110430640704
20257,2.6041472764563194
20258,1.7644622393244889
20259,5.256206422165566
20260,7.9654339747196685
20261,2.9258017028663614
20262,6.055526081380336
20263,6.3586866216221996
20264,6.480608761247149
20265,9.132197231869334
20266,3.4430935946443517
20267,7.460964137283329
20268,2.8478113998741694
20269,4.998306123340969
20270,5.8496645751034055
20271,6.520372990609138
20272,5.468779968782283
20273,3.692450939264542
20274,1.4484102389191504
20275,9.996371744407547
20276,6.72266412656681
20277,5.837277298594897
20278,4.569543839047803
20279,9.624248402528567
20280,5.422481803716358
20281,6.8442227368497175
20282,6.822646323838016
20283,7.665682968505743
20284,4.091303824311101
20285,7.726565645818285
20286,5.91459330172432
20287,6.32562881196846
20288,3.835833737117405
20289,5.398984992118648
20290,6.122621653849633
20291,5.2559065947514725
20292,6.234135032584681
20293,7.7195801495506355
20294,4.398551303681078
20295,6.794545427553357
20296,7.291309166865724
20297,3.089057923235896
20298,6.371436020363529
20299,4.6059340580407975
20300,6.119983263772649
20301,5.024870788988014
20302,6.648495851098088
20303,2.3685938130288866
20304,5.591249648441252
20305,8.611760738267176
20306,4.78178250723327
20307,8.62520319194485
20308,4.391572881116963
20309,6.048056538040636
20310,5.761572100266671
20311,4.69197149506561
20312,7.262218824371001
20313,8.236702848638906
20314,6.142781478364688
20315,6.783258593068525
20316,4.009465191484037
20317,7.473652199512664
20318,5.0246806372938595
20319,6.939455761160616
20320,5.666973388360004
20321,6.322536235715224
20322,8.082952444584047
20323,7.880918008042844
20324,5.142478516538285
20325,4.921390654695404
20326,4.776436752972857
20327,7.51266070530426
20328,4.368718973457359
20329,6.775523667702038
20330,4.36978389523812
20331,5.932772491243295
20332,7.297318003263698
20333,9.69853035641947
20334,6.931823077518878
20335,6.269288422043667
20336,7.407437460856189
20337,4.0552253903313815
20338,3.469963703537823
20339,4.781150773648093
20340,4.849837160720664
20341,7.297612425694596
20342,5.98750181949285
20343,8.141628746057226
20344,6.018223238970299
20345,7.496109134596892
20346,7.321192447961587
20347,4.459429161337964
20348,2.0667036029001737
20349,6.0167181826814655
20350,7.208839366708691
20351,6.868609946741072
20352,8.222743575782003
20353,6.480674258444326
20354,5.694143774697353
20355,8.21878766786095
20356,6.521781794418453
20357,4.350899569090198
20358,6.486737005010711
20359,8.51676205629266
20360,6.528624706414019
20361,4.56139403606079
20362,3.568041644779831
20363,2.784562012513249
20364,5.8174346771693735
20365,7.568264167453004
20366,8.142501885148874
20367,5.816732029602084
20368,5.448567231065158
20369,9.130692334064648
20370,4.4483705473341715
20371,6.0036454497125415
20372,7.301851041129085
20373,7.18662137929214
20374,1.7488168120205527
20375,5.288015858511408
20376,3.5985773154987504
20377,4.608107689004458
20378,7.659778729848885
20379,4.484872462060287
20380,1.520780945704511
20381,6.695255478044755
20382,7.193501070298666
20383,8.948299613839168
20384,7.850907073735217
20385,5.245164561095448
20386,3.736458142617667
20387,4.7625468633681765
20388,4.034216362828888
20389,4.267079619366373
20390,4.709956264899619
20391,5.671964604132448
20392,6.952950721213415
20393,8.820031945684274
20394,8.067980517667053
20395,6.820808169708963
20396,8.26680022925901
20397,3.612931787126352
20398,3.658030618237131
20399,7.810335344856078
20400,5.278418056148972
20401,7.445071625137809
20402,7.648495054282501
20403,6.583013531030174
20404,8.807526519811008
20405,3.2246416331742007
20406,6.582548339189643
20407,7.222393026387754
20408,6.128190164499426
20409,6.167399065139014
20410,4.899408805453173
20411,5.476983986206388
20412,6.857126033372403
20413,4.303703597106059
20414,5.198607298490666
20415,6.563264855010523
20416,7.879163467135009
20417,7.0103061310763835
20418,4.277294652643911
20419,6.331731960440274
20420,5.7789603445404305
20421,3.6209129736179575
20422,8.257425200358746
20423,8.160587829102191
20424,7.333082593019647
20425,7.701968981986614
20426,5.127020847147313
20427,5.352784687496644
20428,8.730136465656559
20429,3.772757482404538
20430,4.584050132443939
20431,6.250279184008661
20432,6.423373200075131
20433,7.250713971913842
20434,4.7091666560056415
20435,4.955571198650009
20436,5.107999761411904
20437,4.604456150871851
20438,8.245708705176728
20439,9.28585045565072
20440,5.27476306287654
20441,6.765296002525693
20442,3.952976198784009
20443,7.9606063692834965
20444,6.204787197161076
20445,6.870876048379332
20446,7.3602370213944805
20447,4.500556828561345
20448,3.362914074811769
20449,6.564425822453176
20450,4.788827486958802
20451,6.459476842646272
20452,7.456409936697878
20453,3.0022886485470894
20454,8.754331779614489
20455,4.560214046611688
20456,5.791737968451246
20457,3.1003309946842292
20458,9.132370863242555
20459,9.006199409127364
20460,4.7243422185605715
20461,1.53987325677203
20462,7.138042706665059
20463,6.490248479850203
20464,3.0212977259341165
20465,2.864915121177239
20466,9.324722518332702
20467,6.089114672569769
20468,5.294068647853779
20469,6.263735704366094
20470,3.747086993349901
20471,1.0969555791438952
20472,5.45547780732967
20473,4.832938208777397
20474,6.887241903559787
20475,3.872995628503845
20476,6.29741216174433
20477,5.922528337375559
20478,2.4462907354510293
20479,3.554753308225476
20480,4.14771499981581
20481,9.023547160401534
20482,6.540347279491528
20483,4.900272221943724
20484,2.1383484611668155
20485,7.525647017996171
20486,7.308775949983834
20487,4.759847811299742
20488,3.1092765793057398
20489,6.86011873616395
20490,4.295015097967065
20491,3.842619649841893
20492,3.4698216323496105
20493,9.812095091820973
20494,7.714658667915829
20495,3.004712067412222
20496,3.9653737339020556
20497,7.886617207879917
20498,2.1745340700442415
20499,8.526660374257716
20500,6.228789561784071
20501,8.35414609484972
20502,3.887383328001701
20503,5.935837118759605
20504,5.716696058303981
20505,5.822572947051235
20506,3.728753128515181
20507,7.789228136613162
20508,8.393950716020498
20509,6.370503445411186
20510,7.742554326979777
20511,7.442895370045767
20512,3.0232555061326893
20513,9.382860049067153
20514,1.4410153689044491
20515,4.389219530528518
20516,2.1040877713097816
20517,5.0758661870843715
20518,3.840501200230423
20519,5.726075290315335
20520,3.3111152746437202
20521,6.748094612494952
20522,5.6085780635780536
20523,3.9915524229215693
20524,7.488755436033884
20525,6.646158080945514
20526,5.211461339221728
20527,5.4235785655786595
20528,7.855463614838721
20529,5.117634433920569
20530,7.422689946733524
20531,6.15155114316765
20532,3.3095415760530913
20533,5.91202384894785
20534,9.352228120931622
20535,7.616824969096403
20536,5.799373265004458
20537,9.245741514186946
20538,7.233518112015136
20539,5.358855840075822
20540,5.127118055714855
20541,6.134290929320209
20542,7.975374879166879
20543,6.3076037178078845
20544,7.198108829892003
20545,4.819222286731021
20546,5.503581144258288
20547,4.3387019211499664
20548,6.147519209241574
20549,6.967583483087836
20550,2.5280550266255877
20551,8.442816644639151
20552,8.287295210091623
20553,4.894597838750555
20554,7.443710756169676
20555,9.306966855381926
20556,8.341011004661699
20557,7.3584888325578826
20558,8.57975664927449
20559,7.475506096499271
20560,9.954161571986395
20561,2.9586250456084495
20562,8.275886637882003
20563,8.6347951929364
20564,4.423508492514502
20565,9.092376074244545
20566,7.989989839120989
20567,5.289365377071726
20568,5.158044692049262
20569,8.96515382420214
20570,2.775165746193367
20571,5.851612281506617
20572,7.189898189791416
20573,7.947189785775866
20574,3.9564084985841355
20575,6.675335629799821
20576,8.909641895759641
20577,9.249393027581089
20578,6.069461343020077
20579,6.802952976506212
20580,4.8071046695149455
20581,6.196054403570073
20582,9.40104715854369
20583,6.697151840491135
20584,6.999108678775118
20585,7.950230318550542
20586,4.0964230019461585
20587,5.3754007620398365
20588,7.376697769993595
20589,4.343672715733706
20590,4.207999803498218
20591,4.780855051847192
20592,8.640236359390757
20593,5.898020550098323
20594,6.350832560437256
20595,7.726530303406791
20596,4.936946267753258
20597,1.7173177997867761
20598,5.7236545029859585
20599,6.569493421514835
20600,2.1071635465969387
20601,4.260788490625868
20602,2.484518517153848
20603,5.418142442308689
20604,5.688726881226992
20605,6.943278859153069
20606,5.554501403755748
20607,4.217892926751638
20608,3.7341656052463836
20609,9.005213504543963
20610,6.557518944148334
20611,9.530284846721754
20612,5.835141850671239
20613,2.8690525138006637
20614,8.77503517454889
20615,6.480021478737906
20616,2.132652843398207
20617,5.523707518922666
20618,9.710187513625899
20619,9.26885413303779
20620,6.588906594104033
20621,6.443919269783841
20622,3.5625073156173426
20623,7.260489048060217
20624,7.459053792783954
20625,4.537691476046607
20626,7.124921871581696
20627,9.28550286360904
20628,7.379561806003689
20629,9.502397586882731
20630,8.185599428932186
20631,4.755827564814824
20632,4.589331119517749
20633,7.231096565024517
20634,6.597705009185872
20635,6.024247130295022
20636,5.6860182963337005
20637,6.862492319310082
20638,5.536970892933727
20639,3.676525154862323
20640,6.162467282843787
20641,6.714563462043673
20642,7.681429525054915
20643,4.068562493417215
20644,5.049484951975571
20645,4.378314869044655
20646,6.578625138385151
20647,2.6696935134718673
20648,3.779066730734419
20649,5.104507833977615
20650,6.0226868174553845
20651,6.657270912111944
20652,7.541802574456163
20653,3.449657233415689
20654,2.344908912147921
20655,5.794660780396307
20656,7.479236782518539
20657,9.329447020798835
20658,8.380639098364297
20659,3.6519274526100283
20660,8.188106499109061
20661,8.129476912136406
20662,2.3135416714971417
20663,8.994922904137848
20664,5.801840348496648
20665,5.81520547593601
20666,5.341469594345737
20667,3.0779422278161026
20668,6.941256890353552
20669,6.636365014012358
20670,8.038366831783408
20671,5.040431684865918
20672,6.783511075327411
20673,6.104844306309911
20674,8.089312329740663
20675,4.361760205063626
20676,7.513987591036335
20677,7.9284427875248005
20678,7.762841518667418
20679,2.6489415711208375
20680,8.368428772740268
20681,3.6030227263983585
20682,5.625518337438794
20683,6.86153953101554
20684,4.291406228285493
20685,6.996945686727124
20686,7.572270424202128
20687,5.803829405818842
20688,7.455186679234018
20689,2.3144429895783243
20690,7.411268660039921
20691,6.750239817472315
20692,7.279931548946651
20693,6.766862888066244
20694,6.881648103346959
20695,6.134789562980208
20696,4.773042172216248
20697,5.399319529513116
20698,5.30405521320162
20699,9.470227003482913
20700,2.3974553511910512
20701,6.774296854869799
20702,7.805655741011342
20703,8.007736419025
20704,7.047355323767316
20705,7.867519653428557
20706,6.339125726244921
20707,1.4500422083868116
20708,3.4613645519843317
20709,6.6813518926827875
20710,8.294050411998066
20711,5.081384651825751
20712,5.455978996307996
20713,8.964540631759046
20714,8.515052698073637
20715,7.404422670818817
20716,5.975970942318194
20717,3.655879475218677
20718,8.721105464400564
20719,5.586717088934875
20720,7.224694390983122
20721,8.977539887413325
20722,3.188309007368189
20723,8.703284297417323
20724,5.613098923504904
20725,2.9000066845885155
20726,5.705765092562343
20727,3.339203830975549
20728,5.800628291762443
20729,5.3739273550724365
20730,5.3150120657599365
20731,2.3814390932349077
20732,3.555695660642784
20733,8.269927753485922
20734,8.767164676864736
20735,5.387960504494875
20736,4.222005443523103
20737,6.382970705226454
20738,5.041615080505181
20739,4.324314964112278
20740,4.500064623974721
20741,6.6441786747879075
20742,6.101719807375487
20743,8.301243512866595
20744,5.25175647996074
20745,7.397835288698891
20746,3.9978697655041007
20747,4.477766244771149
20748,7.669987836162481
20749,2.195810252773582
20750,7.025470042696862
20751,4.020532411971715
20752,4.73817041009447
20753,8.625314929137105
20754,2.467550172710125
20755,3.341648196923106
20756,6.492401557495222
20757,8.26801161432628
20758,6.755795162223233
20759,6.583462347487613
20760,5.876039898759336
20761,6.319499979949795
20762,4.006872705990858
20763,6.2434882574579165
20764,4.64670752568057
20765,9.679572505796447
20766,5.260476847951585
20767,6.04734850744177
20768,2.9370229192178874
20769,8.588993345202761
20770,4.27938522265271
20771,5.625930763022733
20772,5.316846217633002
20773,7.92659520611706
20774,7.7592286527946905
20775,5.27033505226717
20776,8.83580554538193
20777,4.4360985693409125
20778,9.322851760501774
20779,5.192574813942879
20780,7.380084453441171
20781,8.328131682805267
20782,6.73437240296291
20783,5.499162215537989
20784,7.605786554620101
20785,6.016537748853792
20786,5.020239461481675
20787,2.6237820329127595
20788,6.853548003210689
20789,1.6878570675373386
20790,5.98409201310448
20791,6.5383464332795125
20792,7.458363617915736
20793,8.19000809567249
20794,7.602572279842407
20795,4.971451241082158
20796,7.349862291642186
20797,5.763944580729843
20798,4.367132582245093
20799,7.351238665817276
20800,5.261439060580937
20801,6.5153028606071315
20802,6.5044019468746
20803,4.263095505804431
20804,5.821066196239614
20805,5.575287154764062
20806,5.783105905452064
20807,5.149259082326721
20808,9.51271062378058
20809,5.493210810293214
20810,6.920550273003974
20811,7.5230329466099155
20812,9.122645460266046
20813,3.2207569949536206
20814,8.446291231550878
20815,7.099160220203418
20816,7.2164500053436536
20817,5.601952284999873
20818,7.350828410825685
20819,7.5026990526532105
20820,6.493105691598402
20821,8.034693492368403
20822,5.819547323996517
20823,3.721914917210483
20824,6.566761916663372
20825,6.792682158015147
20826,7.91444331286703
20827,8.54402460524732
20828,4.654062207253755
20829,7.812707624828594
20830,6.454272632247855
20831,4.429685773523879
20832,3.0984973752188645
20833,3.529235877562405
20834,8.288310097960009
20835,7.385263905855482
20836,8.328579872394986
20837,6.510560627916437
20838,4.606611392143377
20839,4.558205164077191
20840,8.642699075222074
20841,5.817500826179866
20842,8.513629501813963
20843,5.329503999094741
20844,2.401706752737155
20845,5.5474454885575115
20846,7.106224140825311
20847,6.522767641287729
20848,6.782749960998748
20849,4.992653210222296
20850,6.712652390733425
20851,4.894908341256059
20852,8.002547502704363
20853,6.1534337521457205
20854,5.951705851205478
20855,1.803121087314529
20856,6.155835918594878
20857,5.719448412842081
20858,4.8632119784730365
20859,1.9204085243896971
20860,2.8590743443533864
20861,6.747249858128312
20862,6.031123998191708
20863,5.925221249363123
20864,4.553428676029059
20865,7.404036354543682
20866,8.310466555540476
20867,8.291478235051414
20868,6.346155545373895
20869,6.954093861370868
20870,6.81147322768586
20871,6.214646170644196
20872,9.03301489117107
20873,6.806642339741959
20874,6.457180732068491
20875,4.570898297595287
20876,5.095265119741968
20877,8.219495810510358
20878,6.453494047775356
20879,5.860807547976771
20880,10.0
20881,6.464768859711056
20882,5.786808012257412
20883,1.5577034291100402
20884,5.663619429148682
20885,4.227847179644123
20886,6.549315017078767
20887,5.710255143335832
20888,3.835467220042519
20889,7.857472672104615
20890,5.110618855966192
20891,7.9210079943342695
20892,4.833328426183786
20893,2.8920321806300833
20894,8.156926736584255
20895,7.815655930171017
20896,5.766798197807511
20897,4.794060358995924
20898,5.064206225378614
20899,2.8026687386495532
20900,5.337805152241481
20901,6.6593564255599915
20902,9.393808199015437
20903,8.051734054589826
20904,5.4326110727847166
20905,6.059626511471366
20906,8.683018384152117
20907,3.1396498925586993
20908,9.013436889804574
20909,5.195669648192911
20910,5.4246303481766365
20911,4.03973128314243
20912,6.39501775035361
20913,2.800828530372189
20914,5.467817999770775
20915,9.020911663132694
20916,3.0591802251561324
20917,2.506845612755087
20918,6.551125524770638
20919,3.4217087222426508
20920,6.759571581101563
20921,6.978991052037537
20922,3.3900365488138497
20923,3.9179494961502153
20924,7.872906008605979
20925,5.668648451658094
20926,4.905683144044874
20927,4.0809462224705815
20928,6.089269977514516
20929,4.409067202181318
20930,7.0311151919021215
20931,6.699499144503521
20932,4.780110204417786
20933,6.179946962847097
20934,3.9718843980915883
20935,3.2570520667601484
20936,6.932955120914711
20937,8.091353082185151
20938,9.951680450869976
20939,9.151479671328497
20940,9.981423388491123
20941,8.448168728683163
20942,5.605085054590384
20943,7.1357300795736025
20944,1.7435018644927793
20945,6.72822924860198
20946,7.588105923145321
20947,4.3453008345232
20948,8.14895728950932
20949,7.08097197954547
20950,3.3244004690644617
20951,5.302322757277558
20952,8.667885664635927
20953,8.356909758961445
20954,1.26223239669181
20955,3.642961015419683
20956,4.975913583765287
20957,6.2539199837874655
20958,7.642886656262508
20959,5.600560478527602
20960,4.983913434122506
20961,4.229356278895143
20962,6.343616783588454
20963,7.906552015684592
20964,7.371908149104386
20965,2.5734114618034734
20966,5.095308051765324
20967,3.5531054020524944
20968,2.5883221666638185
20969,5.32145580817609
20970,6.927547860406161
20971,4.263468590849629
20972,6.725067484246117
20973,6.689470601790129
20974,7.564443930414459
20975,7.849795255215599
20976,6.249139869063832
20977,4.019526107126483
20978,4.83121234163767
20979,5.531538008557803
20980,5.820033421417404
20981,5.453917740264216
20982,5.859308087561608
20983,7.941465526571779
20984,5.858712293389099
20985,6.8104315649194
20986,7.621271934502232
20987,6.155364212614381
20988,7.10930861865645
20989,9.528335118635137
20990,8.851986792086185
20991,7.159125742063283
20992,5.339966575887315
20993,3.2353724876235335
20994,5.095722767138865
20995,4.758478244125216
20996,7.015111656890679
20997,6.777304825304815
20998,7.450217775250454
20999,4.520272907918504
21000,3.841644688044454
21001,6.854114810002843
21002,1.878248423443821
21003,6.946692535057522
21004,5.504553792224199
21005,8.382482444857144
21006,5.184461661375683
21007,6.567523304603585
21008,4.633765238352296
21009,6.091113520856739
21010,6.381019652626668
21011,8.102282259609416
21012,6.531869226835004
21013,6.605460663936467
21014,7.664194872680103
21015,5.5540184921747695
21016,6.9841394750711485
21017,5.171215919757647
21018,5.646912390091861
21019,6.094824284240218
21020,5.9787096396192245
21021,2.307689335745723
21022,6.931308413278317
21023,3.9109069023112806
21024,7.5649918819290765
21025,4.82359518296554
21026,4.740342852699953
21027,5.414144972278715
21028,6.30542456887332
21029,3.924213267937758
21030,2.4773322175052868
21031,3.8381157171104854
21032,8.194241028358345
21033,6.5175169542152585
21034,3.74128645185874
21035,3.4658496343030367
21036,7.256135944422999
21037,4.489463540018578
21038,6.025129428759374
21039,7.551767039855073
21040,8.95051202742755
21041,6.88982190137003
21042,5.029833956819246
21043,4.84021561865345
21044,6.639464454124683
21045,5.646229177692703
21046,7.756541370403196
21047,4.5244123618102545
21048,4.399686588884396
21049,3.8329770620484838
21050,6.856018571866092
21051,4.738274190485265
21052,5.307722870146893
21053,6.85840350745904
21054,4.95213316415195
21055,8.032565375136071
21056,4.8210566397289005
21057,4.277309010292573
21058,5.8499248874456695
21059,5.155780700305374
21060,3.851998884810235
21061,9.12367224332054
21062,3.2594227770795614
21063,3.0254117191519057
21064,3.002205569029066
21065,6.24200807521304
21066,6.103933542336278
21067,8.769784925242371
21068,3.1253394237192262
21069,6.953300077515045
21070,2.32646008239701
21071,2.3121898024385836
21072,4.2510804367248864
21073,2.4028184604734655
21074,9.41682974418674
21075,6.691561518856213
21076,9.426717968632689
21077,5.914530555917992
21078,2.051864687751096
21079,9.04917488702562
21080,2.8143297309907394
21081,5.828724422564353
21082,8.0081091702585
21083,6.687894204719846
21084,7.384403058374076
21085,8.654542679589976
21086,8.585386888608296
21087,5.521783491094256
21088,4.190215367206751
21089,1.865497518858503
21090,3.060595091039284
21091,5.280407797455587
21092,5.083249342788766
21093,6.217403390040382
21094,7.706643331201288
21095,7.901239711360047
21096,3.9782996405327746
21097,4.20406988919335
21098,4.688050645899946
21099,5.18055539917402
21100,5.361376411516254
21101,5.950735437844304
21102,4.964286764759223
21103,4.667611524561439
21104,4.721960948763928
21105,2.1943680539928994
21106,4.340260625021817
21107,5.714477369361803
21108,4.564235061928992
21109,4.546092629238153
21110,7.874606283248229
21111,4.986456299606832
21112,8.291328964289482
21113,7.195078444913877
21114,4.886246305827231
21115,5.487739654420317
21116,3.124762559569353
21117,9.108896326884654
21118,6.826191416665258
21119,6.321921168099059
21120,3.354188416028249
21121,4.155109555480612
21122,5.916400625666496
21123,5.0513560798398895
21124,7.508238389766731
21125,5.725214811078427
21126,2.876397218893785
21127,6.86553116603716
21128,8.037641218709314
21129,8.078262669591275
21130,7.805747404639648
21131,7.381784933334526
21132,6.044261118395639
21133,6.648784632043018
21134,6.135138639202687
21135,3.445313394026192
21136,8.10016210376995
21137,7.854275713781348
21138,7.257952471729999
21139,4.6926421210095155
21140,8.410739013856942
21141,7.627474320197401
21142,3.1794505287343306
21143,3.5992967901908353
21144,8.612638836745388
21145,5.649304708974402
21146,7.867526022338878
21147,4.919293102354631
21148,5.05188220391003
21149,6.669053149604023
21150,6.029968879848493
21151,6.236579178844149
21152,5.494298672594165
21153,7.457445680084441
21154,8.294280740448697
21155,2.912489741114838
21156,9.073606452414246
21157,6.361609143339247
21158,8.070803865967124
21159,7.932653760106058
21160,6.8129779453993216
21161,5.82242378301347
21162,4.168903497386236
21163,5.061063061901217
21164,7.621852292551433
21165,3.350489379252661
21166,7.066100546124073
21167,7.497330321284201
21168,5.46644982662313
21169,6.997043440741073
21170,5.088130275493984
21171,8.148711095033859
21172,3.5594283092107517
21173,5.993840880104245
21174,4.95877845311439
21175,8.291482970687435
21176,5.429040666714419
21177,7.044711450858209
21178,6.162130011653444
21179,6.569975815869196
21180,6.1363735670629245
21181,5.775931247338907
21182,4.257951024716603
21183,6.6334962955952035
21184,4.872862823208498
21185,5.941070566858203
21186,5.88656570915613
21187,3.4613390168656233
21188,7.884158499627247
21189,2.7349331183470493
21190,7.753727865445477
21191,8.083167831136095
21192,5.8274552197780025
21193,7.749268721510653
21194,5.749433974092817
21195,7.1946339067272636
21196,7.26557444778996
21197,7.1225915933082184
21198,8.581234041133168
21199,2.064962106670282
21200,6.303314666169209
21201,6.5692182682282745
21202,9.031846825147957
21203,7.654784910661543
21204,7.4925930197647315
21205,7.344805630647576
21206,7.324945077792065
21207,9.099828687806333
21208,5.984894551316616
21209,7.082072580086653
21210,1.2278924010979269
21211,6.782913994786442
21212,8.950133106259273
21213,4.1160395241396195
21214,2.9761554033086375
21215,6.969205810443382
21216,4.377054127407508
21217,7.1612217208970845
21218,5.843378447266789
21219,7.154042486651635
21220,7.841337208319734
21221,9.26829346541636
21222,5.734154935672563
21223,5.8886516451585935
21224,3.311980619048023
21225,8.01272726940461
21226,7.1225018600632275
21227,9.079455293729985
21228,8.924287496308523
21229,6.346163980521434
21230,6.193111989965624
21231,6.176141165382226
21232,4.139270501557079
21233,6.206550128440475
21234,5.001726623723009
21235,8.010971540673085
21236,7.256033978473273
21237,3.463962563810047
21238,6.0602847474212185
21239,5.770905379755466
21240,5.0889302903414455
21241,4.153957058308195
21242,9.770885764349096
21243,6.012793147314133
21244,3.175749037567471
21245,6.132898704032581
21246,4.755074005070635
21247,5.868345859247105
21248,6.0201585641596544
21249,4.248798884425828
21250,3.9044883124270298
21251,6.899776105971507
21252,5.769327771751326
21253,6.158865977726558
21254,7.829035709667329
21255,5.6359620913630035
21256,8.282405916328404
21257,6.652340218145615
21258,6.248642322740023
21259,7.864193237747584
21260,4.70371447036727
21261,1.9676776058028356
21262,4.919383905147742
21263,7.131791580357736
21264,7.740533697996327
21265,5.521916614930825
21266,5.629788850456566
21267,3.0149830000422546
21268,5.247017398240311
21269,8.185049157528246
21270,6.058824268107575
21271,3.837987468657428
21272,4.2067410558523735
21273,7.530166718379703
21274,8.226971665128719
21275,6.170316427032847
21276,5.189139955859207
21277,4.9382705109073735
21278,1.6118613025494706
21279,8.647521358695563
21280,5.888924382227705
21281,8.049026451101719
21282,4.301172393434861
21283,8.073140554221794
21284,4.538884933304472
21285,6.019534412197135
21286,8.620617578685113
21287,4.103854887286297
21288,6.115273858415039
21289,6.915043420204472
21290,8.840581996689966
21291,4.989535405948733
21292,4.755891619500627
21293,4.577536040111356
21294,6.997935884947327
21295,8.035711835205154
21296,8.164985306118629
21297,6.6274680420070196
21298,1.3615131360761343
21299,4.743656984242383
21300,3.685280382686405
21301,5.063259934173567
21302,5.86871202990802
21303,6.148730551039863
21304,3.644956269254445
21305,8.283196476645653
21306,6.200638057347145
21307,3.9501854135704426
21308,7.351276308289873
21309,6.4841587473141
21310,6.467726020791837
21311,5.69499221140774
21312,6.366189018896534
21313,7.262707657887858
21314,6.157725315370944
21315,4.592708124947821
21316,8.532178251793475
21317,3.4634637467537557
21318,3.088132074765343
21319,6.619631375967584
21320,4.1709454313703125
21321,6.255628133736448
21322,4.302781512982802
21323,2.6352932976401213
21324,7.243402654617581
21325,7.534256056251753
21326,7.951670898312761
21327,5.996648615868993
21328,8.022570164552542
21329,7.512013188975408
21330,6.548202702508444
21331,7.8783413945047585
21332,4.080951389777002
21333,4.107080344799794
21334,9.297415993280344
21335,7.701902144175184
21336,7.0450321835005845
21337,7.491379215397253
21338,4.782152685233471
21339,2.894364161397456
21340,2.1404839343980733
21341,7.494182721505998
21342,4.5103491431287015
21343,2.5620844402505965
21344,4.198078018933178
21345,4.625896322550034
21346,4.4065120717526645
21347,3.955537210416578
21348,5.243924833402999
21349,5.289660516119859
21350,6.755708694975364
21351,6.18342228054758
21352,7.869208803292583
21353,6.34917312561176
21354,5.5248038102387325
21355,4.405142334640316
21356,6.772309878197637
21357,9.264352082879817
21358,6.851921103664661
21359,7.6330336335147635
21360,8.645461622022763
21361,6.305196908277839
21362,3.1028412285833413
21363,6.274813672955091
21364,0.6021271585187629
21365,7.109062726738339
21366,9.30498953006433
21367,6.557209700675329
21368,5.735518786431039
21369,7.012683215814441
21370,5.313010828112331
21371,7.238059484748007
21372,4.799427368906338
21373,4.943226058524029
21374,3.2146510919692473
21375,4.276436802148384
21376,6.730731142421545
21377,4.263683396675494
21378,7.0583799349687135
21379,7.899113829211802
21380,6.020709007323472
21381,7.065253105477771
21382,5.461317789238596
21383,4.981628098873821
21384,5.2545654366541354
21385,7.335022454680197
21386,2.326074526359749
21387,3.0828523162153756
21388,5.054637598871007
21389,6.518127380506941
21390,6.2676130987374545
21391,7.173841232000196
21392,4.640948790600679
21393,3.6566170227611754
21394,6.291221652905383
21395,7.987365888477295
21396,5.055078141037158
21397,7.707189389090887
21398,5.509108558864354
21399,6.6412345506209185
21400,3.164045041882021
21401,7.136384381138675
21402,6.2156215497004474
21403,9.177224368240607
21404,2.7795165762679916
21405,7.69656379785963
21406,5.678706916508375
21407,6.1757521300844225
21408,4.735329675442518
21409,2.025884741930125
21410,5.827127244635098
21411,8.737752647854908
21412,6.343841040959609
21413,8.76718763251538
21414,6.664179498767568
21415,5.532980115441982
21416,2.7398135095285583
21417,8.204844375570257
21418,7.6017283039881764
21419,9.380892861784002
21420,4.254984663930729
21421,4.587362508921941
21422,4.064367063408753
21423,3.4899304265773115
21424,6.874587557988471
21425,3.5761331156559226
21426,6.976621068725561
21427,5.291195015277939
21428,5.929371424615698
21429,3.534414634697501
21430,7.456804567603448
21431,2.2715831093059276
21432,8.229215308367198
21433,7.958718306691033
21434,8.757034948209524
21435,6.1776016593927805
21436,8.427169737439575
21437,9.254888172963746
21438,6.5518534106202715
21439,6.4463088596195135
21440,8.110077299853613
21441,6.1487960270707305
21442,4.0888449639779045
21443,3.9803400779182585
21444,6.479660053936762
21445,5.8846122678363475
21446,6.136794672514635
21447,4.698191860494008
21448,7.239425364429052
21449,5.220823461652206
21450,5.066393099989257
21451,6.133214839351111
21452,8.530860510023947
21453,8.66743492550955
21454,5.195370900499386
21455,6.6419542335721315
21456,5.1210195321129905
21457,9.198414313132494
21458,5.794768825644247
21459,3.574202131642512
21460,3.835756620476658
21461,7.0568662648256675
21462,3.632471405409207
21463,8.539156634498125
21464,6.755832126316821
21465,8.0634521635071
21466,4.772089844060616
21467,9.049958482958885
21468,5.641118876120805
21469,3.6935727684350037
21470,6.508472773827726
21471,4.371272976335439
21472,6.654667802558856
21473,6.066803554512292
21474,3.8756806677861615
21475,3.3365078608455945
21476,4.799420065697532
21477,4.21861035872877
21478,5.330108990018267
21479,6.548245361982489
21480,7.133610122439698
21481,4.294002847490844
21482,7.7309543580681055
21483,7.827894410310898
21484,6.994632747881814
21485,6.12855379945532
21486,4.016328221567765
21487,7.7352575882660375
21488,2.6800772785063236
21489,5.8912008105629345
21490,6.993296337338256
21491,8.36215668102486
21492,4.602529662190763
21493,5.919367357922859
21494,7.805822766126025
21495,6.822285902531919
21496,4.578571956545137
21497,5.445810423983388
21498,7.793849871531983
21499,5.366339462093983
21500,6.070891554053905
21501,5.275109714900686
21502,5.78640335511819
21503,5.200846414473519
21504,6.971672577949643
21505,4.979595317629274
21506,6.016962432184028
21507,4.810848416929728
21508,8.70881554562782
21509,6.772001121929506
21510,7.620509871249308
21511,6.062047048947821
21512,6.4633004431525105
21513,6.102513614642803
21514,9.113176279685064
21515,4.335772707399076
21516,7.097647775332531
21517,4.991540086037867
21518,9.1464470049187
21519,6.16856143637246
21520,5.0128860974057154
21521,3.9035758660215576
21522,7.1335642908246175
21523,9.706922306579484
21524,6.991630750969221
21525,6.809784140749018
21526,4.323366332482392
21527,5.760326434764226
21528,7.765759314256092
21529,4.926948714978187
21530,6.415302349632423
21531,4.912635854059736
21532,9.723914358334644
21533,5.047130418745153
21534,4.142875430506185
21535,4.173696094006696
21536,6.422991642586015
21537,8.555948171127364
21538,1.8616447641766634
21539,4.039284025376201
21540,3.5892157768979516
21541,6.17983606095528
21542,6.201141498538467
21543,6.29825702091904
21544,8.491208545297956
21545,4.436220034548356
21546,1.8699493537520575
21547,6.962608639260043
21548,7.596152295971326
21549,5.286862932619992
21550,8.985329988539648
21551,6.457413448293909
21552,2.2378272879121734
21553,6.508363679318577
21554,3.0829489400558066
21555,5.483554214789446
21556,7.124897969444585
21557,6.999325079374087
21558,4.067330180512141
21559,3.2423694670086673
21560,8.995419157709907
21561,7.767123749469266
21562,8.411814767333585
21563,4.93397370588275
21564,3.2381281731376115
21565,6.014011035864184
21566,2.740090225905748
21567,9.067579355050167
21568,8.206213060202575
21569,8.381909649326865
21570,6.297628096354728
21571,5.277336585075441
21572,8.49174114263624
21573,8.948995447212834
21574,4.14237274613622
21575,3.2025041957600564
21576,8.191335309168016
21577,9.218909767345634
21578,6.829121234440747
21579,7.017019002093692
21580,5.882837838184379
21581,4.348079203516656
21582,4.791510090127261
21583,6.401961508553652
21584,6.13434626341103
21585,6.166631524049681
21586,7.193423602942706
21587,5.445219057841445
21588,3.54107676432465
21589,6.261206984361676
21590,4.594211119804506
21591,5.8155580561311915
21592,8.344708885233603
21593,8.33054999983337
21594,2.9294065772531876
21595,7.233864605617877
21596,5.756627520837396
21597,5.411310661132626
21598,4.268908694437257
21599,3.800302136149667
21600,7.875581225388251
21601,1.6338948083242542
21602,2.58581648646631
21603,9.330021527856406
21604,5.303338833330756
21605,7.758385742701922
21606,3.352577798424971
21607,4.818407014419912
21608,7.41257999767627
21609,4.118182127251656
21610,5.882315546263135
21611,5.313445740687058
21612,4.14621517744941
21613,8.419156287345402
21614,6.230768482907498
21615,4.483157469759812
21616,6.219420390202661
21617,5.500644889279337
21618,9.049423431383069
21619,9.288032841474267
21620,3.794520666380863
21621,8.65612547334865
21622,5.853333448788688
21623,7.915591429262233
21624,9.057927726832526
21625,6.773919496843183
21626,5.050212286893705
21627,6.19167042655043
21628,9.89702700228932
21629,7.37116355176567
21630,9.266732761717673
21631,3.4622044830845073
21632,5.36411809753011
21633,6.097465480360991
21634,2.644848144316204
21635,5.871928675421513
21636,5.457333627573675
21637,4.997865963632812
21638,6.460467908389597
21639,7.858663006888834
21640,9.510787804526617
21641,5.197692627177678
21642,7.837139484712248
21643,9.078436904614296
21644,4.834033237394032
21645,7.495872982281995
21646,4.445147345014041
21647,6.52402039547019
21648,5.741578899731739
21649,8.23270752350384
21650,2.8605337484463003
21651,4.134665215376967
21652,3.6256989146950738
21653,4.484506192358022
21654,2.97930097951096
21655,5.3517001510409195
21656,7.847245772500421
21657,7.636158308514823
21658,7.5418788610208285
21659,4.039823219910039
21660,7.355253298891653
21661,2.427459840425051
21662,4.357943686137881
21663,8.170103580969382
21664,3.3302484695834447
21665,4.75513718387227
21666,2.1853383363310415
21667,6.633982185361698
21668,5.973991015875685
21669,9.108233493368475
21670,1.6414780808984668
21671,6.8494756345331975
21672,5.3732730107235005
21673,5.558355190908099
21674,3.944762751930303
21675,4.884103258885164
21676,8.098571769758752
21677,3.8353606514805954
21678,6.34823710524621
21679,6.3797200331241
21680,5.007739882111774
21681,1.6279822703624272
21682,7.465107248220003
21683,6.515641178087002
21684,6.020805330726104
21685,8.023126611087195
21686,5.5701434115478135
21687,5.899556831334261
21688,6.743030985737173
21689,5.702034341985762
21690,8.766168530335843
21691,3.7509479358214968
21692,6.230114535345498
21693,3.9302728406877363
21694,7.391045762510174
21695,5.514134360635559
21696,9.712098482630692
21697,4.924717769559044
21698,2.519819329351094
21699,8.244240955868705
21700,5.811131823083109
21701,7.827687288927268
21702,3.6811934904436687
21703,6.167246257824796
21704,4.4662663605103115
21705,8.803803523467002
21706,3.333414935853614
21707,8.597888811029211
21708,5.680453329162242
21709,5.430672607064305
21710,9.179077419620905
21711,5.220405232119889
21712,3.9828407032193733
21713,5.609699454633179
21714,4.929224993672944
21715,4.830226433596681
21716,7.129627252308851
21717,6.760383479550835
21718,2.6245395093778634
21719,7.866123152529403
21720,5.010371854954983
21721,7.232462726426243
21722,9.38091747596295
21723,6.405106923181654
21724,7.652877868630517
21725,5.841686958943779
21726,8.992142436020659
21727,6.9840953081876505
21728,5.253144923554468
21729,5.624385779416027
21730,6.258312388286828
21731,6.89445591226027
21732,2.181100266470007
21733,4.623183883179218
21734,3.6111916880135277
21735,7.3117201446200415
21736,6.028343196622375
21737,7.5061410845457965
21738,2.0257473452580075
21739,8.32228947439626
21740,8.967810954246806
21741,6.93536592578619
21742,4.035382691713716
21743,5.8977175681844445
21744,4.369034120989482
21745,5.412463767137552
21746,5.6901659328621275
21747,3.077292993010314
21748,9.664526704126542
21749,7.002121873613046
21750,6.448036188411918
21751,6.916156517878602
21752,7.467322681221761
21753,8.483886587208355
21754,7.718163216707762
21755,6.809813279220902
21756,4.226818349520812
21757,4.6817909358436385
21758,6.480806587159098
21759,4.87638094727674
21760,7.7240633095328395
21761,5.140444522828005
21762,6.243269060278118
21763,6.116525046038394
21764,6.067907172790642
21765,5.9720851491626545
21766,6.844505098496448
21767,2.6507197218752943
21768,6.8324706444876435
21769,5.170586952571655
21770,4.3781328750850905
21771,3.084013349175166
21772,5.901349194357924
21773,1.711672991334936
21774,2.5366343532963254
21775,5.953213765579654
21776,4.832404047842345
21777,5.524359691261659
21778,6.011090114624462
21779,4.414057642815224
21780,8.066536548646171
21781,3.266921521749474
21782,6.183418492471594
21783,3.654397333347791
21784,7.447475845050278
21785,6.630578402454939
21786,5.490699712489361
21787,4.461851131014405
21788,9.23334205451206
21789,3.4979819343704994
21790,5.342605139520744
21791,5.4738078599954605
21792,7.276947159866902
21793,6.3136709705626135
21794,6.8805465059006226
21795,9.674843252759386
21796,6.373835485569159
21797,5.548464515217889
21798,0.7845678439449817
21799,5.153064298814804
21800,7.283137929373746
21801,3.006203950187922
21802,4.3320517913852665
21803,1.7051555626772075
21804,8.213378254787866
21805,5.381144526043883
21806,6.362921781624703
21807,8.154642311973266
21808,2.9909931317620186
21809,5.087786846315859
21810,3.2771937796025212
21811,6.980219129506709
21812,8.15107010886554
21813,9.501094240300032
21814,7.298963155301465
21815,9.088797714748775
21816,6.446731356737325
21817,8.571931218701213
21818,6.316292030215731
21819,7.423419120032371
21820,5.709248743568286
21821,6.87652022679192
21822,8.271077474200169
21823,7.595302930847943
21824,7.939417767996458
21825,5.613694737203247
21826,6.355113670667622
21827,8.027802592121656
21828,6.361689112684924
21829,4.133858536745606
21830,4.3449386189776495
21831,3.5163488744986915
21832,2.4385130155345642
21833,5.191462941473086
21834,5.51743284404109
21835,6.0649142655379595
21836,6.174611483613798
21837,5.148266422479055
21838,8.68666826294415
21839,3.0363743551311093
21840,8.179855786990307
21841,6.990266953230301
21842,1.0771564954486936
21843,9.549034253653245
21844,7.951972055963626
21845,7.161630801760755
21846,6.960695653607182
21847,5.953172771020067
21848,3.274520633406451
21849,5.4507163725315415
21850,3.5438525197078867
21851,3.8341449625917727
21852,6.252866943418357
21853,7.053552053114904
21854,4.890383963527819
21855,6.395606530135215
21856,5.24140814574622
21857,8.163701920488792
21858,4.515475967118588
21859,7.674372884695283
21860,7.248513745141805
21861,1.9022859717687248
21862,7.885137071280939
21863,3.588565926534315
21864,8.975832104303194
21865,6.874674081450506
21866,9.84883508358477
21867,4.089948261556591
21868,5.718645535627735
21869,7.721693049399192
21870,5.3191939328210305
21871,6.384777104734365
21872,5.155412323211199
21873,7.120844990882581
21874,6.895799214643847
21875,9.132978568006024
21876,5.540204905429326
21877,5.5127475151344605
21878,5.292053263123564
21879,6.235955163017007
21880,7.8260011787864165
21881,5.116947200747978
21882,4.767996870457177
21883,5.387515240138889
21884,6.780032569410113
21885,9.019768738582064
21886,3.63815930816199
21887,3.6343461200524674
21888,7.936615724333276
21889,5.857655656482583
21890,6.347014568081904
21891,5.7872834952822645
21892,5.4651556315184004
21893,5.710207686287822
21894,6.272466982664988
21895,8.541722284545036
21896,6.398698436428085
21897,5.032693473344841
21898,6.292757175331543
21899,6.775099627411597
21900,3.7700025014512537
21901,4.664928335675677
21902,4.694484373381939
21903,7.894017216007626
21904,4.030375843721293
21905,7.661010500505595
21906,6.436593662272968
21907,4.808192756181924
21908,8.24364707052355
21909,5.551315957987285
21910,3.8931261417066994
21911,4.2739529495760165
21912,4.940194372659958
21913,8.052249239837986
21914,9.537401891474419
21915,5.674719309634726
21916,6.560824004473198
21917,5.0390113005833514
21918,5.610587515993537
21919,8.67609068054506
21920,9.599554329095637
21921,7.848974580345461
21922,7.55324571569677
21923,6.585738503463704
21924,6.789510728011335
21925,7.1810908901932695
21926,6.043512896462981
21927,5.793935724770478
21928,7.310206913382081
21929,8.63398750099498
21930,5.8870893579611145
21931,9.076672254490463
21932,5.071989583317906
21933,5.603665884938915
21934,3.117407562113935
21935,5.8182873908857315
21936,7.386383585517331
21937,7.426972280095704
21938,8.734921220736057
21939,7.764585879320059
21940,4.301222120998313
21941,5.852791164911512
21942,9.044664106680482
21943,3.993640279254136
21944,6.31338744423056
21945,5.8360547180353315
21946,5.860662679692488
21947,8.683279589157125
21948,4.651738567563575
21949,8.616873974801699
21950,6.03461489922495
21951,8.280909492142332
21952,3.7689094116334365
21953,6.294124377178207
21954,2.957301512566617
21955,7.997885906942686
21956,5.156561379462628
21957,9.120680700351237
21958,7.762503441252914
21959,5.35242266963153
21960,5.158621452959696
21961,5.070404188367093
21962,7.345504978462579
21963,8.664313378659271
21964,8.463505370408546
21965,9.65413232749086
21966,4.797055489659448
21967,3.567533708839194
21968,8.189805282777408
21969,8.967586382001354
21970,5.793814601718011
21971,3.481331926386348
21972,4.767294134127196
21973,5.777841389785628
21974,8.047227747707636
21975,2.9243419795573082
21976,7.386853674323571
21977,5.2485662280440994
21978,8.598416666046056
21979,5.338137733462682
21980,6.736393216440526
21981,5.313613321759654
21982,5.644871183065081
21983,3.0126277693857006
21984,5.547665126311513
21985,7.0311186379722255
21986,8.968047369004264
21987,4.137917605334595
21988,7.1476252454654645
21989,8.711741318349981
21990,8.174193944059997
21991,6.413788875307407
21992,5.187265223761519
21993,6.038191820501234
21994,3.0342557902025575
21995,3.539282372479284
21996,5.868325777849983
21997,3.1454083269400694
21998,5.588129198310976
21999,5.135814696733045
22000,5.310867212121289
22001,4.860184127589664
22002,4.841613589854521
22003,1.9050790908810615
22004,5.685260684711172
22005,7.119309973954485
22006,4.794541155385379
22007,9.655168429454303
22008,5.668971782507626
22009,6.740996177067409
22010,2.9688360538330287
22011,6.268468717313136
22012,6.449080343303334
22013,4.813419945270482
22014,6.649608275363433
22015,6.009412515556944
22016,5.687926264437922
22017,5.117937355443661
22018,3.840623015262585
22019,3.4317550044279184
22020,4.182529602783611
22021,7.6474264237642515
22022,7.373255608189427
22023,4.256672560182588
22024,3.720519581670522
22025,5.563504794057051
22026,3.6111150803670453
22027,8.564235199083507
22028,8.512499051406227
22029,7.454674687424294
22030,7.734959588033654
22031,7.654887994421152
22032,4.258489817298874
22033,8.024251817771313
22034,5.162695469445495
22035,8.659293343353479
22036,5.484891120085121
22037,4.6762201572240585
22038,5.58304512829433
22039,4.507172331445812
22040,8.491107028533275
22041,5.998995817857026
22042,2.986556790061443
22043,6.784543021558479
22044,8.925767750392941
22045,5.415203411710695
22046,7.902136081327338
22047,5.27233813084204
22048,8.261627931751073
22049,3.476676065392766
22050,5.231238894037219
22051,3.296902855093636
22052,6.728489721037682
22053,8.804075012760068
22054,6.4397814611590105
22055,8.52655119329025
22056,6.459498660286403
22057,8.165321447953621
22058,4.14987020349423
22059,5.446101227066441
22060,8.171887359749094
22061,6.285469103388614
22062,3.4071549311742877
22063,6.2876985473290725
22064,7.472116847844818
22065,5.242195934132411
22066,4.16751710412583
22067,7.035073656354614
22068,6.326474993901268
22069,6.932774552999163
22070,5.066184329557758
22071,6.21332277862096
22072,5.140008039385732
22073,8.235181996851951
22074,4.893470103446169
22075,5.63150098874564
22076,5.828144489900457
22077,9.338819423315005
22078,7.308006317117885
22079,8.596581714252153
22080,5.300304842628784
22081,8.63536917228373
22082,3.2688985404294884
22083,9.282181324630535
22084,1.9323557788013321
22085,3.851068217117469
22086,6.3136556110037425
22087,2.4284921140381477
22088,5.942894808205798
22089,4.719239254760871
22090,5.768260515076828
22091,6.9058145830329645
22092,8.957796887624667
22093,7.35649784469745
22094,6.860198254659161
22095,4.910999589756532
22096,7.377741286914166
22097,5.783099087561094
22098,5.994987080401353
22099,8.246874194649315
22100,3.473285798416244
22101,5.33731906261827
22102,8.296682169658848
22103,8.445553048370142
22104,1.598235745106681
22105,5.461072764324651
22106,5.095029568217828
22107,7.121383909509489
22108,6.031723626811856
22109,3.470872987105256
22110,5.578919207710111
22111,4.336469616144161
22112,6.092846075319793
22113,6.192000757573015
22114,7.9884155108446295
22115,6.39211082994804
22116,4.081160666302757
22117,4.591786002583673
22118,7.596067279492656
22119,4.804979957219728
22120,4.677621785901493
22121,7.457876359289711
22122,6.039134164840938
22123,4.4307791550510265
22124,7.392620839199549
22125,6.010464131379321
22126,6.330873720216134
22127,7.467788031542339
22128,3.9946610076680233
22129,7.664955020630375
22130,7.007382103561479
22131,4.785522288386346
22132,5.029080292144743
22133,3.653779634685381
22134,5.378561647819782
22135,6.572120428796942
22136,4.9254304102447914
22137,4.642939740290428
22138,4.049856484053526
22139,6.147512557702277
22140,7.399250407938828
22141,8.072226563264124
22142,5.183249063242473
22143,7.314752786839266
22144,7.986279787806406
22145,4.722762216681857
22146,3.078885311237104
22147,3.841982919953688
22148,1.18814267609587
22149,6.281780084651112
22150,4.587382042328553
22151,2.7257288845760868
22152,7.639861523089945
22153,4.06558596052222
22154,3.9828275182183788
22155,5.90485580071146
22156,3.2991389726645792
22157,5.854624163953798
22158,8.531775946091736
22159,6.742715674141223
22160,8.990869926814545
22161,6.0433690032587455
22162,5.561932791568921
22163,4.22391125531965
22164,4.331765194811326
22165,6.9153761019380795
22166,5.27797168597851
22167,7.9974170028652845
22168,8.105579092959745
22169,3.7987464950277454
22170,3.9940265268916315
22171,5.1000343771539
22172,3.540245818072429
22173,4.668476102197844
22174,5.392046431310231
22175,5.583050873318465
22176,3.808388736453082
22177,1.9358661119156229
22178,8.275505264511638
22179,6.7273543716956175
22180,8.514299338769431
22181,5.31268429972729
22182,4.575993473250936
22183,6.593866869883102
22184,6.284133529001027
22185,6.747037952099971
22186,5.861530096612736
22187,7.945094139841803
22188,7.106018549050868
22189,2.7527845266567734
22190,5.87189969813484
22191,4.412438181093684
22192,5.84717337395498
22193,7.052591578079826
22194,3.8608817735258274
22195,4.649135952978965
22196,4.945201815750602
22197,6.27110158053032
22198,6.88350556099684
22199,5.121895750815577
22200,5.069993816748232
22201,5.417932857185842
22202,3.9793378111810185
22203,8.999266100964748
22204,5.226565600654744
22205,5.3612692512033675
22206,7.854388497296726
22207,2.0508661378289563
22208,3.2751275111444675
22209,7.054237740610893
22210,8.156141056659141
22211,9.107159651685922
22212,4.353842073788926
22213,5.973769402996048
22214,5.273567019809525
22215,7.345652436896431
22216,7.255626442707723
22217,5.105824951432355
22218,5.816959450298721
22219,7.912112066600476
22220,1.5702048585052946
22221,7.364690707283975
22222,4.316029484556333
22223,6.975634833907884
22224,3.4636286226081903
22225,4.500421078644493
22226,5.240764862574662
22227,2.843132930217597
22228,7.4873514785211475
22229,5.478401267203518
22230,5.56483375638791
22231,7.638015479775133
22232,6.382353651610659
22233,8.864809408030558
22234,5.060369213338148
22235,7.268059450085438
22236,1.1129174402791884
22237,1.9675936475424893
22238,7.218914694963764
22239,3.73167465030509
22240,5.868386197666337
22241,7.340634343636989
22242,5.654648322612099
22243,5.207759853338419
22244,5.1949008838503214
22245,7.444268849499038
22246,8.068843320558788
22247,6.292324929337763
22248,8.773540839010705
22249,4.795893605755636
22250,6.333777357253721
22251,3.253786040880668
22252,4.319005676652913
22253,8.764189410032271
22254,8.914414156447815
22255,7.047743984779997
22256,6.618555392891081
22257,9.17393798926461
22258,6.893898477889809
22259,1.707330359808441
22260,2.4538237665574765
22261,4.623584494032363
22262,4.260674336975488
22263,7.0583934429108535
22264,4.3649225298898955
22265,6.927175234263018
22266,4.913517691187435
22267,3.7184527318313774
22268,3.2142800996072567
22269,3.984196444878322
22270,5.778940403432999
22271,3.8520393940813418
22272,7.363263631940438
22273,2.535383228637205
22274,5.330783981373193
22275,6.8576876773291255
22276,7.164211612686275
22277,8.75673710376959
22278,6.696462434868694
22279,2.3474705527676725
22280,8.651293104154004
22281,4.533961395399915
22282,4.306238418522472
22283,5.675528411146788
22284,8.664883806759343
22285,6.355670564778762
22286,5.058533846187969
22287,6.294325483292409
22288,7.620060372794664
22289,9.062319860147358
22290,3.9229582879559604
22291,4.515088388781952
22292,9.515734994163312
22293,6.124094089357662
22294,8.384881453888966
22295,9.966640753958718
22296,3.1489973019244877
22297,4.109826477228333
22298,5.498088149799619
22299,6.047469314699281
22300,3.3734851666017893
22301,8.673170659478417
22302,6.1327734211883085
22303,5.7445987445967415
22304,5.322403446864211
22305,6.85812643888729
22306,7.675988542069893
22307,6.501887587180105
22308,9.378075196742405
22309,6.2742044242637345
22310,9.52282756069271
22311,4.437276066240797
22312,5.94827992500073
22313,3.143983845343776
22314,6.3765832819148445
22315,5.784877062857873
22316,4.436621428307413
22317,9.131986307984645
22318,2.81666962845009
22319,5.039512552058084
22320,6.098520740150976
22321,4.470258597399134
22322,5.406865332127163
22323,6.0742507114073705
22324,7.271970354118711
22325,2.5889631074987354
22326,3.2789178459799
22327,4.20680838459054
22328,5.750264747802033
22329,6.191150840546728
22330,7.376508745918698
22331,5.148058910286946
22332,3.8682514209196013
22333,7.940964984048801
22334,9.338042662235981
22335,5.947120385383767
22336,6.139879845681531
22337,6.139755507865593
22338,4.57558832004137
22339,7.81183943618044
22340,9.38260714080524
22341,3.3093791907414096
22342,4.591563203933254
22343,6.756178070437386
22344,5.009052864194367
22345,7.71692840738012
22346,3.643008185894669
22347,7.846859122113271
22348,5.597526051357456
22349,6.543896873884531
22350,5.796609616090394
22351,3.2576640076358316
22352,6.457545142340423
22353,6.851007464149962
22354,5.5330715200435
22355,5.244962652566189
22356,7.166202327793828
22357,6.196759571902189
22358,5.458514672584905
22359,6.591004360606888
22360,6.065532142386052
22361,2.534514793756766
22362,7.57625823502592
22363,3.8666469137073833
22364,8.794237879149225
22365,7.823077856969343
22366,7.416798206488162
22367,4.877591977667301
22368,4.702533441997654
22369,8.814086570459784
22370,2.8677416494648686
22371,7.166258699394172
22372,8.23100045427085
22373,3.271794103529082
22374,7.27995311795238
22375,4.45252448226368
22376,8.98936693326028
22377,4.72268032699341
22378,3.7736175504686718
22379,8.09829796070748
22380,7.4088049924155825
22381,3.3166326966724915
22382,7.623752171374107
22383,9.054776983104682
22384,6.251669581332491
22385,4.693488889162631
22386,7.996613553489362
22387,4.101721559132443
22388,1.5805750230267774
22389,7.173479983437464
22390,3.461542931476526
22391,4.880747065703164
22392,7.0759999071705035
22393,6.706566809090346
22394,9.408233034289639
22395,6.3638337800512454
22396,8.595141038649023
22397,8.438776487978455
22398,7.011259280375398
22399,1.9825698613071217
22400,4.7655647958996274
22401,6.7321709549439195
22402,9.071473141580093
22403,7.099605323974942
22404,6.807568069485009
22405,6.526847913915317
22406,8.381672930186893
22407,3.2244364470752633
22408,7.948899443659458
22409,3.8273488183303264
22410,5.048476867329592
22411,2.675199409402693
22412,8.381203758822497
22413,8.053125123188428
22414,7.1774155502426416
22415,2.614940818045568
22416,4.795679494774479
22417,8.820585021283426
22418,6.314323580488335
22419,8.37075410991145
22420,5.937937667169852
22421,5.885753569003205
22422,4.661211492937195
22423,4.930778874884364
22424,8.247382947283118
22425,3.7690727040424488
22426,6.698211791059058
22427,8.296124845453516
22428,8.599895576345107
22429,4.159851191161209
22430,7.39062562847488
22431,4.301556371907064
22432,4.719849487582258
22433,3.083035918512243
22434,5.919089787118752
22435,4.795818066183782
22436,7.045804575883363
22437,8.809021910428442
22438,5.3008873893255775
22439,1.651986680889765
22440,5.97876269582488
22441,6.806878680415839
22442,8.98238463286403
22443,8.538429765313325
22444,7.103916032984857
22445,6.262756427556426
22446,4.1791201143145305
22447,2.58567423429652
22448,8.46340811932606
22449,5.6994192108911435
22450,4.6252026291930335
22451,7.368379913608898
22452,7.248813254357435
22453,5.30240970749082
22454,4.2750947800754355
22455,2.8156446853656547
22456,6.613668654124626
22457,6.235775188511612
22458,4.728768535052556
22459,3.8308240549555714
22460,7.357849219954109
22461,7.148737546621922
22462,3.066693628739882
22463,6.682788674209242
22464,6.575421217641989
22465,4.675368106606434
22466,8.402587242502758
22467,4.469021767279291
22468,4.938668889262951
22469,7.770259343645532
22470,6.400532666981619
22471,8.076883532407996
22472,4.840151607715816
22473,5.124368582372147
22474,7.078481436333514
22475,2.1618319927604155
22476,8.791811029480597
22477,7.272178362219687
22478,7.7676202908284395
22479,6.944048257713506
22480,4.2192501095913455
22481,8.635178384562685
22482,4.452976213024952
22483,6.537812786157621
22484,5.726979901569505
22485,2.512053896950425
22486,3.378766030768558
22487,7.377461102690496
22488,3.694828678882638
22489,5.008782380565388
22490,6.362129367910042
22491,6.734160620452995
22492,8.093742061205361
22493,6.68438438205928
22494,5.630597275818092
22495,7.486434781827562
22496,3.9106905882645124
22497,8.819210244314208
22498,6.063591312655143
22499,8.403683892017128
22500,6.346424968678628
22501,4.399708877511627
22502,2.602336260389795
22503,8.674227245413812
22504,3.2924438645169323
22505,4.977308582997363
22506,8.208271742150158
22507,2.804786543403275
22508,2.4686463699807795
22509,5.833853568901116
22510,6.24990613019416
22511,2.3495910082097566
22512,7.051770085011583
22513,4.3168091013635586
22514,5.844738952531932
22515,8.84584509124797
22516,5.889192683023027
22517,4.780659198246271
22518,6.741499415988013
22519,7.907817695024855
22520,7.2556092833780825
22521,4.701317960517843
22522,5.680282431100991
22523,9.676638955927958
22524,4.449209719516158
22525,3.363527144082153
22526,8.01778110215438
22527,5.574949626616023
22528,2.1134376165015256
22529,7.427545920938129
22530,4.773399429856122
22531,7.343319158383521
22532,4.493791680141003
22533,5.170000644184215
22534,7.319022728994661
22535,4.3645515138297535
22536,4.673107455604444
22537,2.322636888067847
22538,2.4260582776998
22539,5.0595797502273125
22540,7.677901792730057
22541,8.245772483231875
22542,5.559650282385631
22543,6.48626442904847
22544,7.0338904492423
22545,6.908532304836806
22546,7.375397262946523
22547,5.9206283661957935
22548,5.337222234376043
22549,6.085540922199963
22550,6.304270997550567
22551,6.901655566947719
22552,7.617063448496962
22553,4.25180634466351
22554,7.184532834508226
22555,4.002907898633302
22556,4.9119302648320655
22557,6.292138805299007
22558,7.884512980958149
22559,7.672571362951581
22560,6.268020232930693
22561,2.432162720304701
22562,6.838373369712913
22563,3.9487745409730355
22564,7.5676819243085625
22565,7.148048644834795
22566,4.377121600618966
22567,4.8651619030164195
22568,7.7945860014463735
22569,8.896834858885756
22570,2.6828923166210323
22571,7.236265914995753
22572,4.030787932212173
22573,4.643206993891048
22574,6.027434454692904
22575,8.080886892136007
22576,5.461304273735952
22577,3.496024288375108
22578,6.486833276561696
22579,5.572708157305331
22580,3.7221419462249408
22581,6.345964195067663
22582,6.2022731336116985
22583,2.629388886157997
22584,2.9165038151882285
22585,4.699888220205412
22586,3.6659828171300446
22587,3.707975577445846
22588,3.2990740627834407
22589,5.435911012014371
22590,6.100902237395664
22591,9.137630834406751
22592,3.3526234901282046
22593,5.746955086576291
22594,8.045845806559882
22595,7.349028933843548
22596,6.466704147612126
22597,2.2191477361785346
22598,6.947729090659976
22599,8.034003655180191
22600,4.701398772569377
22601,2.5632153655128906
22602,5.130378153559966
22603,6.9855359406110535
22604,7.99052077423405
22605,6.280970435408246
22606,4.657951767095948
22607,6.920151468875668
22608,2.3597665399916283
22609,3.889245152948012
22610,6.331698341267618
22611,8.994057335208096
22612,5.494712979715593
22613,4.3353335247304425
22614,2.7713006821500055
22615,4.459399719179757
22616,7.452290463318946
22617,4.7364078591594785
22618,5.736041732374862
22619,8.053869386385987
22620,4.520538852387879
22621,7.136633931345872
22622,7.925584975168361
22623,5.231202428178653
22624,4.667393247529173
22625,6.17809871629996
22626,7.067729877663136
22627,6.165220964953097
22628,8.286535315968855
22629,7.879178110468953
22630,7.0942865199769045
22631,6.219903883575602
22632,3.0788770377869956
22633,8.2665283579809
22634,9.115677415335723
22635,8.220765068963493
22636,8.189571424355327
22637,8.820711687892288
22638,6.687658015026588
22639,6.567795304920465
22640,3.7186608737003883
22641,6.8677956844501535
22642,7.139572042443631
22643,0.9870057675161849
22644,8.101479703795501
22645,4.934715940721803
22646,6.62112730655226
22647,2.8225359924626003
22648,5.3088250359598845
22649,7.960270547792705
22650,7.8381841446078875
22651,2.074065124561331
22652,6.887733500047129
22653,5.202356715658888
22654,3.7661925472235414
22655,6.373299183600827
22656,7.810471554788008
22657,3.318632762197626
22658,4.988934480368022
22659,4.980294862756669
22660,3.5155733856677758
22661,6.959579099944136
22662,6.115950326010342
22663,7.982989965720179
22664,8.256103800119169
22665,7.415261902683135
22666,5.205698464247057
22667,4.780070783757828
22668,8.076822818309573
22669,4.7762109865459115
22670,6.341137274749319
22671,7.453124965683619
22672,4.872868635664711
22673,6.127362456147576
22674,8.274965178007548
22675,4.2628491781147355
22676,7.476157560060664
22677,4.340679243242498
22678,5.325291864256521
22679,4.80414633360485
22680,7.0871137852412875
22681,2.876451120518814
22682,4.813650576903354
22683,9.217611278702398
22684,7.604341702614125
22685,6.021987402257513
22686,3.3148346022691175
22687,5.0152869891019325
22688,4.034890649563837
22689,5.866461749401357
22690,7.2264172725601625
22691,5.057205909658319
22692,4.663100736560571
22693,4.772576995111287
22694,7.590324834985081
22695,3.178201793602936
22696,5.174157961167864
22697,4.346630963435849
22698,2.2763135189732626
22699,4.418094624358454
22700,8.018503018003793
22701,5.006122628397979
22702,6.136466101013516
22703,6.12577290506314
22704,7.223577397705649
22705,4.628682981219154
22706,5.443726547834256
22707,4.778390937428794
22708,4.627082942888123
22709,8.222780953189625
22710,7.959641568296929
22711,4.793920524849965
22712,5.93512112077522
22713,7.149009836138762
22714,4.739447147597295
22715,5.657832366601664
22716,8.132719554927888
22717,2.6790016948660176
22718,7.753889744870775
22719,3.5058676929220693
22720,7.918488333962841
22721,5.795045342013873
22722,7.0247165262193665
22723,4.656087619372469
22724,9.3343329103819
22725,6.991717909981685
22726,5.8532460432293
22727,6.702750212840568
22728,8.652559861234009
22729,1.214994830153446
22730,6.091393868573793
22731,5.055858893721291
22732,3.8120900809091864
22733,8.477999928002628
22734,8.462201212176499
22735,8.96516606174214
22736,7.1993411332194315
22737,6.292079302669757
22738,7.13860285935509
22739,3.8600912989173333
22740,5.002189426352716
22741,5.80012065996838
22742,4.6803184814816055
22743,7.40024711892425
22744,3.8141130000769494
22745,7.324649139976139
22746,2.2515259721684546
22747,6.226738784808786
22748,8.86094077586487
22749,6.317592818064333
22750,2.9843191298615377
22751,6.227818101940791
22752,4.30193185192901
22753,4.8865726023862655
22754,4.753869826046401
22755,5.7154549430930395
22756,4.159580489513842
22757,6.17303858839889
22758,5.360013879129356
22759,3.948130369991283
22760,7.997780941576291
22761,8.240182437820815
22762,8.352393237555008
22763,8.10653206910435
22764,8.148216766605342
22765,6.359746930806594
22766,5.794938876011376
22767,6.319098183570036
22768,6.184964321507242
22769,5.374700001812121
22770,6.803499187091849
22771,4.14820802742314
22772,7.273872014047157
22773,5.449444604023805
22774,5.1323487402058445
22775,6.938026183173773
22776,6.184343066255695
22777,5.3924589887735035
22778,7.623961446496059
22779,9.323592573548263
22780,4.708713410762657
22781,5.527956348920993
22782,7.143900219527782
22783,7.479207004409837
22784,4.302690094790632
22785,3.30215711489912
22786,7.1665901735967115
22787,9.426805052218478
22788,4.4915885840779
22789,4.819304392295971
22790,7.156159525196991
22791,8.76232467387386
22792,4.503130910432491
22793,4.556322633928898
22794,6.1924616084727555
22795,9.780142893655814
22796,7.150437696337468
22797,3.8209240944561564
22798,5.666575216761558
22799,6.442660565680685
22800,6.136928725553105
22801,7.65529169494029
22802,6.556418225095527
22803,8.209239072616489
22804,5.988913710174474
22805,9.461786408470983
22806,5.93409899791569
22807,6.9550047810371876
22808,5.038572829331888
22809,6.001802086429498
22810,4.976636567993573
22811,4.771671746992102
22812,5.327277145650691
22813,7.0547739901142466
22814,7.068886522857272
22815,7.299134145968807
22816,8.414100651650838
22817,2.93873700515144
22818,2.4135183881650235
22819,4.444048106650832
22820,6.293142210979095
22821,7.174182340811187
22822,5.658780864743005
22823,7.481622760441782
22824,7.506505441785643
22825,6.205510833352243
22826,8.696282330956596
22827,7.630503615449318
22828,3.3944917929402894
22829,5.647614841666271
22830,4.418895604521494
22831,4.148675684635896
22832,5.94524931733903
22833,4.3757465341161765
22834,8.20407645926384
22835,6.361220867084628
22836,7.6099883615336115
22837,5.290114197040291
22838,6.65986422427257
22839,6.378322199907021
22840,2.4734931858092386
22841,2.3463008030007897
22842,8.14190466289082
22843,8.589972401754173
22844,5.072710677962717
22845,7.466621365280328
22846,7.677669627952758
22847,7.157876802681101
22848,2.620899695496765
22849,8.762808428028295
22850,3.256953092503122
22851,6.911833611970451
22852,3.6637231457057444
22853,6.347178782561045
22854,4.8346350699755725
22855,5.708264670068791
22856,6.024918089417154
22857,5.104944097816937
22858,5.278887997081528
22859,5.173278711542823
22860,9.473991833628792
22861,4.127827892306488
22862,6.398784817939004
22863,3.878087780155568
22864,6.20271123381953
22865,8.4196964469629
22866,8.305250150472634
22867,5.448273855714172
22868,8.271869761791177
22869,3.919674121910751
22870,8.233946239131107
22871,5.625305292310474
22872,5.872306023732782
22873,6.89943751216302
22874,6.610952710620203
22875,4.786427324800344
22876,3.6440348453109515
22877,8.276139573754989
22878,4.154814985941201
22879,6.100956727047165
22880,3.869044198815051
22881,4.1889466421193795
22882,4.014352233920532
22883,4.293508571439065
22884,5.26397328013236
22885,8.433539202108552
22886,8.916862622406423
22887,4.430380590590779
22888,4.629365588036661
22889,6.030978593837099
22890,7.050043330144751
22891,4.818097252637331
22892,3.788816390237697
22893,4.5183687224301
22894,5.898444003213275
22895,6.791942038470652
22896,9.05902614760052
22897,5.857644296995403
22898,3.9534995654712755
22899,2.6416253476919462
22900,5.275606576005958
22901,2.810719226389789
22902,8.367312662782396
22903,2.5375790822976523
22904,3.9709725284712016
22905,7.70508360248184
22906,8.728640892703504
22907,6.629282689893114
22908,7.519696848025734
22909,7.064486570193013
22910,8.631787105004607
22911,7.209259867587875
22912,9.598941405197028
22913,3.3742476215892943
22914,2.183412516913035
22915,5.772542921635422
22916,3.401316838354776
22917,6.150014788169603
22918,4.61417280674399
22919,2.788675046666426
22920,8.867371947872787
22921,6.706965454038327
22922,3.3228327407476352
22923,6.9047691152317565
22924,7.190017785471954
22925,5.5518563022751195
22926,2.9513366720217835
22927,5.391269767674519
22928,7.965131602211374
22929,6.968734366382436
22930,7.162623685690214
22931,2.5793375834531007
22932,5.32828858232619
22933,7.186109379438808
22934,7.072314763891086
22935,8.38048947803959
22936,2.468921989642628
22937,5.608918109432416
22938,5.2512543563146
22939,7.897339485054198
22940,5.267621006008461
22941,4.284670013659618
22942,8.459875722625364
22943,3.2588569182185654
22944,7.294763510341528
22945,5.063694926962615
22946,4.518748668566473
22947,6.1577256282979285
22948,5.520057618734917
22949,5.006042328577172
22950,5.980946863357808
22951,6.483065411877103
22952,4.469814441421983
22953,5.412292311677908
22954,6.297722709440446
22955,5.125456123310764
22956,2.8136086752963605
22957,2.868068393958035
22958,6.394095245828678
22959,6.14008947604645
22960,6.874677716264457
22961,6.356686935737303
22962,7.462386713424637
22963,3.2932314220555776
22964,4.1824004101505095
22965,5.363088326382955
22966,4.376116015632951
22967,4.397340136841598
22968,4.1513731697004665
22969,2.476660123948477
22970,3.02082647428492
22971,9.569014915221986
22972,6.038135860105534
22973,4.720552417147093
22974,7.829801078691496
22975,5.2210873970103595
22976,2.215326242405972
22977,3.960814492667397
22978,6.1647707755408545
22979,4.3760519025630416
22980,7.775124386203871
22981,6.998238988640207
22982,6.870330922010034
22983,6.087000792223266
22984,6.812178833403779
22985,5.425483247155281
22986,6.33031711447028
22987,8.722130367727424
22988,9.492488275765966
22989,6.033008814722461
22990,5.48980212927722
22991,7.489998186163142
22992,3.5725343268856427
22993,8.23513257981981
22994,3.323109267976286
22995,4.668427937101439
22996,3.456388170197234
22997,7.6536703210566435
22998,2.866230539856763
22999,6.48926343408426
23000,1.9283416022724165
23001,7.0057195792507745
23002,7.853643875427903
23003,6.106651436510655
23004,9.32499945119881
23005,6.448691874741682
23006,2.3355396205258487
23007,8.505341946656568
23008,5.144649183379898
23009,8.438306654019037
23010,5.611119213019877
23011,5.432187411620466
23012,5.114061554738556
23013,5.920822814191182
23014,7.8741756183440526
23015,3.2100347009748584
23016,6.974117101257674
23017,4.8709482140027
23018,3.7914470500556683
23019,8.55160254560231
23020,6.2488515491918655
23021,5.672897229141379
23022,4.747636386888424
23023,5.923773467629392
23024,4.897393490008266
23025,3.575874360583615
23026,4.553272285444279
23027,4.232682867284602
23028,6.380420575614228
23029,5.260747276193387
23030,6.889244069482655
23031,5.8286467112925395
23032,5.611705597808702
23033,3.883149713009394
23034,8.436885354098745
23035,5.335534553222882
23036,5.614807148885796
23037,5.27285624153467
23038,7.705551453286781
23039,4.900471238591706
23040,5.772270063120812
23041,2.5247731846854222
23042,6.19469982694031
23043,5.524040475892417
23044,6.012910063108981
23045,2.708631963719109
23046,6.402631096000264
23047,8.082905996463781
23048,3.28788839248405
23049,4.908652633307236
23050,6.313332787862178
23051,9.761134737052721
23052,4.039802270867868
23053,4.982462077921467
23054,6.79212647833047
23055,5.790782969248499
23056,8.054348144714071
23057,5.711143404062683
23058,8.85945016122053
23059,7.279881034982983
23060,8.276845397615835
23061,5.420453523552407
23062,6.8029452367500705
23063,4.125371150704001
23064,6.551501044047469
23065,6.78796021634342
23066,3.7651747033681144
23067,6.190628111612695
23068,3.726901348854336
23069,7.084702347821268
23070,3.6511345232045267
23071,5.653690369652389
23072,8.41362363815788
23073,5.456874195998595
23074,7.484666112551444
23075,5.626717857915912
23076,5.707766017667359
23077,7.852095573228238
23078,7.081951563088393
23079,3.4430157904397025
23080,8.625484168658986
23081,7.56623040980087
23082,6.445058421299285
23083,6.476248034217153
23084,7.2813277784522965
23085,5.879669545638176
23086,5.479000868183332
23087,8.719969256296505
23088,7.2904705082284345
23089,7.338700085921521
23090,5.179157435250312
23091,6.3305318037076805
23092,4.849165025707557
23093,6.50033601622937
23094,7.183106890805783
23095,6.038611276701232
23096,8.693407883787621
23097,5.344761617536106
23098,5.427007465704019
23099,8.426517987227387
23100,6.414954504996508
23101,7.712561299489339
23102,1.2115614674453996
23103,8.106522192022814
23104,5.407616766927799
23105,5.395738879184244
23106,5.379439162532907
23107,4.811215539790314
23108,8.745888460274635
23109,5.272172208732816
23110,2.962781118385778
23111,3.8416540882982213
23112,7.257485315191792
23113,4.460329469033846
23114,7.154694258132168
23115,8.260526638622865
23116,0.9337927661095167
23117,6.816523944985997
23118,6.720373209268198
23119,7.579512845800757
23120,8.824880475504632
23121,6.885817977218731
23122,8.223068587752053
23123,7.80132363742009
23124,5.032981689129881
23125,7.160475546161443
23126,7.842447285700024
23127,4.949021348809507
23128,7.766081026059631
23129,6.125410889431882
23130,3.415477933555712
23131,5.491264876501483
23132,7.554667216359047
23133,5.058146938405557
23134,6.29695851086558
23135,5.540292362712723
23136,8.140255084749773
23137,5.067886393138308
23138,4.150865654331726
23139,8.39530584335361
23140,6.34950210639848
23141,5.623665500719024
23142,4.380917953065275
23143,4.1644682568143265
23144,5.16128568904514
23145,5.354903613131384
23146,7.331160134938411
23147,6.614984981998296
23148,4.176358198731724
23149,7.1158221824293
23150,7.17689300350622
23151,7.1732673051342895
23152,5.757856044217517
23153,4.290904437237717
23154,4.923294725123768
23155,3.5297984358170846
23156,0.6794946552726795
23157,5.90976961404749
23158,5.658219005052274
23159,4.225700170938126
23160,6.8303035152561735
23161,6.257879953239229
23162,2.332178040709351
23163,7.655592390856883
23164,3.5232008070881204
23165,6.012046171966616
23166,8.706950599686074
23167,8.60617397613422
23168,7.301923465481626
23169,7.094640556311011
23170,6.547156780243701
23171,2.719811246477672
23172,8.049635488643297
23173,7.072877403726463
23174,1.065961554350126
23175,5.633664201203056
23176,6.089432774160424
23177,7.6971245612183745
23178,8.941919701623345
23179,7.051346797159173
23180,9.507103028117829
23181,5.727109210449965
23182,4.28399571001537
23183,5.133869310656778
23184,8.487254514613563
23185,7.282967544607375
23186,6.906703834738496
23187,7.242043681385074
23188,3.5000889621515503
23189,5.5686535346318005
23190,7.445485226287484
23191,7.921563679663085
23192,5.631875747015391
23193,8.565947925354749
23194,6.014896214858234
23195,6.316375800294738
23196,3.8885846435856766
23197,3.9959213143005767
23198,6.863909479863166
23199,6.544073718750804
23200,5.52980891778429
23201,7.361015302628993
23202,4.545039971785888
23203,6.07671764097139
23204,7.267216525678583
23205,5.856226148547796
23206,5.330597639797321
23207,5.852279414986409
23208,2.4172809124871466
23209,5.209638201516786
23210,1.6043940106546661
23211,4.151760125724982
23212,6.791442768057795
23213,3.2430312832683104
23214,7.822144556938412
23215,5.4460815558833735
23216,6.955447333119933
23217,2.927110952161684
23218,6.749550636861964
23219,6.714700102667448
23220,4.7144984474662746
23221,4.878771304625144
23222,3.9909457415300817
23223,3.9378719303249428
23224,5.1685102201982485
23225,7.327485449935825
23226,7.576810493921094
23227,6.4357570126368735
23228,7.8050808756723455
23229,6.868812560340011
23230,5.869011361011733
23231,6.589980152979926
23232,7.098554261710765
23233,6.57002722000999
23234,4.605080378076917
23235,3.8287154175600824
23236,6.628529351479295
23237,4.797141183510607
23238,6.924575350142835
23239,6.989191404339904
23240,2.160514817141681
23241,5.6145897061853525
23242,5.003505021004373
23243,4.393186571770974
23244,5.899318106524859
23245,6.152578799401726
23246,5.910461300578175
23247,5.855402459655579
23248,6.957617857619549
23249,3.960531390415082
23250,4.569352040547348
23251,6.2873121141340995
23252,5.890245176121831
23253,5.241634376261144
23254,1.8288288431432513
23255,8.699931024956674
23256,8.17842788690476
23257,4.360923194480354
23258,3.2312104494163414
23259,9.081355482259319
23260,8.69701471820964
23261,6.147076362050692
23262,1.232873182415521
23263,8.083170228720785
23264,7.489312097758125
23265,5.3448520800118535
23266,7.009774713712437
23267,5.592415725500671
23268,5.858899397709775
23269,8.900073577439288
23270,6.907538928664602
23271,5.737512762483627
23272,6.015036968645317
23273,7.8351157571101995
23274,6.884358249449859
23275,8.076223597889912
23276,7.47681112654138
23277,3.364726208482559
23278,3.4616912789686074
23279,4.903538679716618
23280,6.145176986914536
23281,4.781710533524683
23282,6.430963487445381
23283,4.855089498977409
23284,4.565002290876116
23285,5.953354574531127
23286,5.052093447007732
23287,5.4899689893338115
23288,3.9720358198096273
23289,7.2199270728519584
23290,7.602065158575032
23291,6.906349351634483
23292,5.600382681392095
23293,5.747740128573508
23294,7.867276935598207
23295,6.341189268786712
23296,9.604903613202822
23297,7.078970608656236
23298,7.93071749943401
23299,7.135048051235711
23300,5.49872085184981
23301,4.666903453706806
23302,7.567816463547931
23303,8.350131509061566
23304,5.576813838070598
23305,4.863321788942861
23306,6.322868681537227
23307,8.329328488472587
23308,8.62272252587087
23309,5.249328286868438
23310,6.354735130704637
23311,5.322889473329638
23312,7.836647803620766
23313,4.054647234445675
23314,6.257525432591162
23315,5.406569325966966
23316,9.099306724536849
23317,4.903727077941106
23318,9.021678196400668
23319,6.871345357898333
23320,2.58822713643564
23321,4.186209889292132
23322,8.002375172683614
23323,6.609473540285276
23324,7.733116055880819
23325,7.423387003050036
23326,6.954416545361697
23327,3.8129211048613554
23328,6.010696470437701
23329,4.93732792818769
23330,9.388666503663826
23331,5.6571309890862205
23332,7.065123226800052
23333,4.941815199167272
23334,5.321790792340095
23335,3.7143756487102313
23336,3.1204961601798287
23337,5.242272445782252
23338,5.814941246931415
23339,8.00753957783935
23340,7.430803340169408
23341,8.79613403470659
23342,5.007458596451372
23343,6.081907568583291
23344,6.145913709676883
23345,7.821723346415169
23346,7.056490143343581
23347,3.198204720098011
23348,3.9012821880806374
23349,1.8461871719409346
23350,5.3448859130839965
23351,5.8414970458808
23352,6.899775485918384
23353,4.637509622001607
23354,4.180861408571197
23355,8.605122027805074
23356,6.22931672467903
23357,7.076215902848715
23358,9.532041625269695
23359,5.45913583438008
23360,5.443585381614488
23361,7.536158288338683
23362,7.818127720205302
23363,3.269352557482003
23364,4.153476751767944
23365,4.239583651623568
23366,7.364489051961799
23367,5.524264556995945
23368,6.382772753721552
23369,4.762780429524768
23370,4.244555953743048
23371,3.5868954939744633
23372,6.098660695940864
23373,9.237993106815164
23374,4.163834368802374
23375,4.725358794890529
23376,8.813383945669615
23377,4.534845165092418
23378,3.2570376656041296
23379,6.586330106735132
23380,4.200914629658064
23381,6.699945076988126
23382,4.590371657836529
23383,5.462449814611772
23384,7.4340658468243515
23385,3.8845716606051006
23386,3.7738451935235218
23387,4.3483373778727845
23388,3.491936675438644
23389,2.4882451621883512
23390,4.631715453664744
23391,7.187203663700654
23392,2.381498724562383
23393,7.629485481780181
23394,6.747046508105376
23395,4.005940592898388
23396,6.3296249390145
23397,6.088388973518038
23398,1.5390684982331266
23399,5.840287976519333
23400,9.09462730961655
23401,1.6147477566796709
23402,6.391973931320413
23403,5.1656950633543595
23404,5.904998633024811
23405,4.646142206016097
23406,8.95867791768471
23407,8.894232455404492
23408,4.900130821875418
23409,2.658215190229113
23410,8.766673796722444
23411,6.244128982263394
23412,4.923962780105034
23413,7.957373536191164
23414,2.0178671371339685
23415,7.4949433496710105
23416,5.9961415170827195
23417,5.948678247593246
23418,6.52011400197535
23419,3.7787526471694757
23420,6.811233523572725
23421,3.847356746928302
23422,7.193530830370505
23423,7.507753425441895
23424,7.938178319214602
23425,6.765377524097133
23426,7.922325970133396
23427,9.220191170912141
23428,2.257648774816842
23429,2.6524079003853234
23430,7.413595166403303
23431,5.410963458438387
23432,7.653905516880981
23433,2.954767777731895
23434,5.432967485175575
23435,6.123802013378219
23436,8.007538041889514
23437,8.6328251240572
23438,4.268185990051001
23439,2.5457565680392724
23440,2.453962839150586
23441,4.419616832919502
23442,4.020178699818531
23443,5.708414399439784
23444,4.989616619403472
23445,7.883343121446333
23446,7.4850589592662
23447,6.837078838700672
23448,3.6307318852279584
23449,6.216922011406831
23450,7.362848316243796
23451,3.9250890961483966
23452,7.233402522453776
23453,4.314482827655075
23454,8.211979551718645
23455,3.7382716719368805
23456,6.679478418196067
23457,6.772686353348125
23458,4.123113784584135
23459,2.277802353509985
23460,3.6814893573837617
23461,8.959901123165677
23462,7.610697525245615
23463,6.624655772521771
23464,7.454066778093216
23465,5.9290694716901395
23466,8.039715701313268
23467,9.30405007401596
23468,5.710538863389819
23469,4.817188409461229
23470,8.2064802340617
23471,5.189282285168322
23472,5.460686504454399
23473,8.280951266736833
23474,5.667943964567339
23475,4.262701653330934
23476,2.0440993245647885
23477,6.687774439246029
23478,6.689654674146887
23479,3.701912542371865
23480,6.339787483393072
23481,3.8465676161298132
23482,9.194068210900053
23483,5.666507465030879
23484,7.806416440599461
23485,7.646494059190632
23486,7.630898477749368
23487,6.662800135737194
23488,8.87268558860943
23489,4.76802503131528
23490,4.158881883799326
23491,3.990425363466135
23492,4.837214490845417
23493,8.32732357874207
23494,3.626214119918843
23495,5.226524106765709
23496,7.020381355597961
23497,3.5822079998821663
23498,3.745397104926039
23499,5.462517725903208
23500,2.5430036830774534
23501,7.387156107448375
23502,9.978111936511253
23503,7.177111603052143
23504,6.593394595330063
23505,8.212854574338433
23506,6.812810527333207
23507,6.17634004857046
23508,7.689893885116622
23509,9.835920016092778
23510,4.11609474217978
23511,6.684710198936535
23512,4.576158182069397
23513,4.3342317554414
23514,6.72726471312295
23515,2.63250896603497
23516,8.36559639457173
23517,6.646671258544901
23518,5.131970475823203
23519,4.804981737526949
23520,6.500471364162141
23521,8.231707806480427
23522,7.200984846364111
23523,6.239502449295031
23524,5.857714072582505
23525,3.8641645562245936
23526,7.959709796532142
23527,1.4499029821564144
23528,3.3490419937260176
23529,8.415703811173564
23530,9.148061552685645
23531,4.069404348843747
23532,4.881205409716985
23533,6.706504322888638
23534,6.333021124009323
23535,5.6007567004632435
23536,6.77593651653257
23537,2.1169791175255765
23538,7.1834545464269715
23539,2.0979978904321555
23540,4.768877262240094
23541,4.2951153852249595
23542,2.9222756263959395
23543,4.911517943152522
23544,4.3768423333284625
23545,6.2924140732235
23546,3.091710221038095
23547,8.801794388391462
23548,6.329484331821996
23549,6.490569136033936
23550,6.6299037338426565
23551,5.408084627924522
23552,5.629379933862814
23553,5.501954360571264
23554,2.78468277517601
23555,5.508441098799889
23556,7.056112475538517
23557,7.183537580300253
23558,4.1918380613380934
23559,9.048985575416557
23560,6.866727529697542
23561,9.035873533899428
23562,5.616052149013949
23563,7.593588240322551
23564,4.649875933124558
23565,5.119389225535349
23566,5.847343105471185
23567,4.334064271112647
23568,5.44353955446421
23569,2.7821381389432385
23570,7.2006425295408905
23571,5.741731694370693
23572,4.772703497263409
23573,4.195956947251066
23574,4.567607566968395
23575,4.78178328010309
23576,6.548234527488667
23577,6.8058121554799085
23578,2.845197627151753
23579,6.786607996965369
23580,4.561363224341051
23581,4.606215125380993
23582,6.0686348124764855
23583,5.922657413870037
23584,6.510745401705761
23585,4.491686194189161
23586,2.8492451272470674
23587,5.482492172398039
23588,3.767257475231623
23589,4.797650312228121
23590,9.413168792978576
23591,5.998344307736781
23592,4.3883355688036305
23593,4.788118235950544
23594,3.327518727702012
23595,7.077714803049843
23596,3.1790338659677664
23597,2.2783162495775398
23598,7.74545679216955
23599,3.1244722285810083
23600,3.0351801229185957
23601,7.615315018590745
23602,6.36282139773394
23603,6.014048528729251
23604,1.9447607044162654
23605,9.7815270544056
23606,4.193374163145835
23607,5.251291675722069
23608,7.3409074469846916
23609,8.337260747725797
23610,1.762062733163864
23611,2.6143854577919305
23612,3.610506890095425
23613,7.498205282625569
23614,6.528442251718306
23615,2.579559653915701
23616,6.750286855459959
23617,6.79666537659012
23618,6.1110773587215
23619,2.558109335268993
23620,5.267033532384781
23621,5.301414118074732
23622,6.598748894269214
23623,7.118085911844937
23624,5.244037470948271
23625,9.07129837775892
23626,6.398581137220392
23627,7.222390697842045
23628,0.9283371001511125
23629,9.036175868808405
23630,5.870502568993187
23631,7.27721476356632
23632,4.501348832098723
23633,7.552870492023628
23634,6.281960989422595
23635,4.4838690754494
23636,5.424993582138103
23637,5.6891403971027446
23638,7.444887763334571
23639,9.370493641138408
23640,4.61270137303241
23641,8.62997445947424
23642,4.785972387864419
23643,4.635804975927097
23644,7.831136321884088
23645,7.484094464372199
23646,2.070118439668827
23647,5.865230380346843
23648,6.2531623344454825
23649,5.208140432014071
23650,6.733298574415573
23651,7.3604889257607855
23652,7.044300907932328
23653,5.771174381792496
23654,4.68830356626698
23655,6.972859384552468
23656,6.754790469749226
23657,5.058681609262503
23658,6.14367428909199
23659,5.462964869089976
23660,6.417948135857102
23661,6.75542929830674
23662,6.7812348222321495
23663,5.301401517283735
23664,3.105939046101293
23665,7.2681708269484275
23666,6.528848015397887
23667,8.365036554315221
23668,7.198540339804418
23669,6.788930220821996
23670,4.750844678317181
23671,6.06428698488069
23672,9.004359245708844
23673,6.977748528505301
23674,6.598718533388769
23675,4.804857741764765
23676,6.348155146412341
23677,7.951495127201014
23678,6.34835475006214
23679,10.0
23680,3.7998291849202994
23681,6.087459501814222
23682,7.109496349746105
23683,5.830477314149207
23684,4.3961070950721215
23685,4.775650793671485
23686,8.281348445805325
23687,4.400862784117631
23688,6.498818796150053
23689,6.937811670512029
23690,2.4048331408461725
23691,6.042832322327208
23692,4.128285580582712
23693,9.51370337456885
23694,6.016115326237326
23695,2.5769634079425146
23696,3.7880750435126935
23697,8.278238886184937
23698,7.2886849497316835
23699,3.6832633689123813
23700,6.707737260728033
23701,4.807744510458534
23702,4.851587283372633
23703,8.0193755978254
23704,6.615846002058438
23705,7.298296853644528
23706,5.837309760441056
23707,7.151401742283393
23708,6.381645811415441
23709,6.859191297604251
23710,5.4735580894241265
23711,1.5097404027081545
23712,6.771041400202774
23713,5.780884022516601
23714,8.093753408817344
23715,2.9233370553959053
23716,3.4357230983350395
23717,8.542485897954432
23718,5.033794857422229
23719,7.694663576345824
23720,5.401181546918825
23721,3.1060803285750427
23722,1.5300319643122036
23723,5.208855356683728
23724,4.718695937795216
23725,4.507003351685077
23726,5.785623646834909
23727,5.390077674267567
23728,6.9938484755927
23729,9.01539127470211
23730,1.4774104628131528
23731,3.8382957651372887
23732,6.025614183434446
23733,6.32355019663086
23734,8.775544824578619
23735,6.403691404564113
23736,3.208081737786107
23737,7.556519404235373
23738,4.888757589408124
23739,9.088050483551406
23740,8.910302021121261
23741,2.3528818277665584
23742,4.225791852872192
23743,4.8628868210826885
23744,7.445930996821147
23745,7.807554771652729
23746,1.9607454477420958
23747,8.13692072615732
23748,7.720673236827088
23749,7.586721610951269
23750,5.091261924948553
23751,4.501624407906462
23752,5.9911443165771265
23753,7.837774698295782
23754,6.532850792279234
23755,7.456705332689301
23756,3.707675503581446
23757,3.921421484862461
23758,4.694089321951915
23759,5.549514058341941
23760,7.854948421993546
23761,3.092435853115571
23762,5.19390400958871
23763,4.657095989808143
23764,7.859883459718329
23765,4.948446067696518
23766,2.0201189460437887
23767,6.351625500343403
23768,4.342945620611921
23769,4.871510888696292
23770,2.6581239588750414
23771,6.533900918069096
23772,4.15039343800783
23773,9.763520570884124
23774,7.646862325479166
23775,7.542950779983733
23776,5.6414533838749295
23777,8.219045506952156
23778,5.615117294944614
23779,3.3715426959805765
23780,3.08678629807068
23781,2.781668052922675
23782,3.0737033281429076
23783,6.808510618000623
23784,5.132243943789215
23785,6.981555144706831
23786,7.056831017091672
23787,7.932597746900855
23788,6.869668481482859
23789,6.651020300868098
23790,3.5186179281478074
23791,2.9157900103786503
23792,7.165599763176008
23793,6.21885699214506
23794,6.537739979050676
23795,3.4203365573874223
23796,5.445397074883659
23797,7.019671454342174
23798,5.83126968601896
23799,7.484007950934391
23800,2.786961508280449
23801,6.962411349549538
23802,6.454356832149249
23803,4.784527919194092
23804,5.056126009489556
23805,6.521432458641776
23806,6.180474177712892
23807,7.4195669903294394
23808,3.11358756179852
23809,1.1927594778668669
23810,3.7711422830531354
23811,4.914233040885781
23812,2.69275515247363
23813,2.1096596395799603
23814,6.75176241291782
23815,5.742045128566494
23816,3.6884788277300937
23817,4.077153343877401
23818,5.942120576709305
23819,8.61252104852009
23820,8.95631858035051
23821,8.031701166115592
23822,5.798484869084212
23823,7.013084621231742
23824,7.975193658912969
23825,6.491311113035502
23826,6.069078477793953
23827,4.012169106597329
23828,7.482538594138202
23829,4.316963337105589
23830,6.625036221900726
23831,0.48868835311134334
23832,3.5512820982968623
23833,1.6705014976672736
23834,8.276420721514107
23835,2.4920844177741204
23836,5.838659914145297
23837,5.561246614470436
23838,3.322103713002446
23839,5.201731831827525
23840,2.517429365732977
23841,5.071599547681517
23842,6.367765441479655
23843,7.360165337260304
23844,2.088771585892866
23845,4.121471273180867
23846,3.8456383939115404
23847,8.92296541097702
23848,3.7101915458273504
23849,7.64281982926374
23850,7.526342497910916
23851,5.028264267432051
23852,7.368640893860312
23853,8.974407177279518
23854,3.978610981271445
23855,6.738959437288413
23856,7.359439913688738
23857,6.196623958531379
23858,3.2301102152124317
23859,9.243923724609047
23860,4.87293478898332
23861,8.39005431277043
23862,7.707841978714709
23863,8.059748296896661
23864,2.35744214415709
23865,7.277671278741444
23866,4.1494492083290275
23867,4.161126141537
23868,3.8472617262467335
23869,5.662016413844947
23870,4.51254218475373
23871,10.0
23872,6.166992886179024
23873,4.520860147371668
23874,3.9954859026707297
23875,6.693379514850702
23876,9.449645161787585
23877,6.6674068848743655
23878,7.419079870060694
23879,5.157895838472475
23880,6.617654425007986
23881,1.0812858235720562
23882,7.749299794946126
23883,2.34530495860141
23884,5.303661893667426
23885,3.9199132284062017
23886,7.30063265821741
23887,6.31684425739628
23888,5.852096571716595
23889,4.883707292457429
23890,8.665366400563704
23891,6.8373309141047605
23892,5.808921309450146
23893,6.147108494034974
23894,3.14110312972805
23895,4.203692044990839
23896,3.0014451560335074
23897,6.705969740014472
23898,7.4358526939994105
23899,2.924476617292925
23900,2.479732366376179
23901,6.75334447946097
23902,5.340111383165242
23903,6.7189243019656235
23904,6.663093648972037
23905,8.13162772697803
23906,7.5346918056778085
23907,6.961220263870752
23908,3.6152958737171312
23909,7.143207254883325
23910,7.261226627933983
23911,6.254378270165982
23912,7.475208839333244
23913,6.155281814541152
23914,5.723058656979211
23915,8.493538418030843
23916,5.272130486015041
23917,3.0288089635505573
23918,4.990143683463938
23919,3.9634618705630613
23920,8.695605727950612
23921,7.412531932339554
23922,1.1370358293707976
23923,5.195611739131936
23924,6.573600247138762
23925,3.973117407744518
23926,6.911497614607246
23927,8.194253626888436
23928,1.1657986268135687
23929,5.091704924525704
23930,4.115822280568742
23931,3.300599709148567
23932,5.050865220894239
23933,6.18263328106582
23934,5.986477465696349
23935,5.781439454701785
23936,3.6358130953068466
23937,5.481237858737939
23938,4.704410379801244
23939,2.5667478519246774
23940,5.924023113263147
23941,5.607417244852605
23942,3.6141574333829336
23943,8.333252074219384
23944,7.250502565379373
23945,5.742463372517955
23946,8.671151660645508
23947,5.068721011165608
23948,4.18822350387747
23949,4.901248336878609
23950,6.641059878615808
23951,5.256304879541517
23952,6.784716445489382
23953,5.603089940919497
23954,8.051713209477336
23955,1.928362467682502
23956,2.7163790671382104
23957,4.021832195946387
23958,8.032784990326293
23959,9.9731764098999
23960,5.079364379905963
23961,6.256881455956132
23962,4.949547384027263
23963,4.198319437189148
23964,5.789063947479098
23965,4.467102875808475
23966,1.7623728957506346
23967,6.433098983281907
23968,6.8788173080973625
23969,5.698961346373669
23970,5.00158319762142
23971,6.933595609273792
23972,2.9097124740184563
23973,7.345157164488026
23974,7.112638920661836
23975,8.742535016406636
23976,5.332151016388712
23977,8.379013135804215
23978,7.324279869018256
23979,8.476370732915758
23980,3.709038248173301
23981,8.52894057415336
23982,6.927362424920453
23983,5.203842619821399
23984,5.150064968135778
23985,7.996021889399778
23986,6.1745043357895675
23987,7.170738589657174
23988,6.099247357506159
23989,4.937044179575673
23990,3.8457317502069746
23991,6.401870611917598
23992,4.158944452299192
23993,8.835665702789953
23994,5.229694019671667
23995,6.36345717417761
23996,3.395746870206541
23997,3.5836037411848416
23998,5.412732164908935
23999,5.202842897018413
24000,2.9776520545877947
