id,bilissel_performans_skoru
1,6.035979573522692
2,6.723272415117262
3,2.9603299923655193
4,7.136152408091453
5,3.638989004571295
6,5.499172388820909
7,3.4513232863385888
8,7.415907606149905
9,3.6768881882976006
10,3.7843790610658674
11,8.472917840120882
12,4.177343118607235
13,6.341439031883365
14,6.941821462324884
15,5.909861123902113
16,4.365201287017024
17,7.282587399722474
18,7.996584493047518
19,7.239501890924986
20,4.842338529727135
21,4.309789405095119
22,7.43571788551313
23,2.9313721415547453
24,5.2265222530567925
25,7.350085441888833
26,6.625103758377025
27,7.041221645441592
28,8.083041384264043
29,3.9098270111901736
30,7.640093387180214
31,6.816443238500215
32,6.748743325981897
33,5.432207840890026
34,5.1595322003171376
35,4.242325849910782
36,5.377732854336146
37,4.833982401555184
38,5.814970094946229
39,7.473069609525375
40,7.961227479894662
41,6.462408854991977
42,6.1389172949441075
43,6.878795217428688
44,5.50713524666074
45,8.918611246912864
46,1.7305496653775316
47,5.165200921587158
48,6.636360127612536
49,4.457407473237968
50,7.8456876215135365
51,7.26187863403327
52,3.1872612057812866
53,6.96145099401431
54,7.426513054628023
55,4.326375248493385
56,6.063465602575256
57,2.4806636958716783
58,3.560709936039445
59,4.600505549245429
60,4.032796335435676
61,8.89382536514205
62,8.67784384809753
63,7.4143948860656845
64,5.610729332823123
65,4.559831490865005
66,6.261998166691156
67,4.707919877831047
68,5.561542256464094
69,7.597436491422444
70,3.1446114810103074
71,4.499208152418809
72,8.391758196776582
73,8.402122494864475
74,5.9057668394321645
75,2.7286103678053277
76,7.370812124833515
77,4.230557387405633
78,3.77090727494876
79,8.805598098311378
80,6.001050717073087
81,4.061794256523502
82,4.905891074202938
83,6.250517032953052
84,7.310713443071602
85,5.706609439302648
86,7.1766122512646096
87,7.490276355665457
88,7.6718581701363835
89,3.297078951640535
90,8.465927692650986
91,4.050828797481882
92,2.9086287135379485
93,6.011262274115032
94,7.809143098377441
95,5.856892891220351
96,7.69450399105539
97,4.609455895557879
98,3.849358657888474
99,6.013697880907443
100,8.976339377498572
101,5.180185071734227
102,6.039876861953046
103,5.104410423672951
104,3.8496403446515703
105,6.0838964571547205
106,5.5649666654980185
107,8.043193778969886
108,8.781029239477492
109,7.895088405187574
110,8.021232090725395
111,3.930110957933434
112,3.033188032262795
113,6.7815641856974
114,5.751351535674556
115,7.123786615476278
116,8.278775923883654
117,7.791075529589538
118,7.5686198292774005
119,8.570316929889092
120,3.458721811192758
121,1.5180301548317585
122,6.2066329345672315
123,7.310503399359153
124,3.6121283723970388
125,3.266616437375412
126,7.973261302633791
127,4.364687381588704
128,7.077247461703793
129,4.570106996029925
130,8.369863570871544
131,5.656389976431386
132,5.768760556803045
133,4.654174873801136
134,6.758455299081104
135,7.391581662274579
136,7.521705716630692
137,7.4524027025785
138,6.5539465088863915
139,4.5419928353664
140,6.293377875078661
141,7.333123296562414
142,4.899931426472625
143,3.624508922484751
144,4.638882389038241
145,6.171490028786242
146,8.392245768225665
147,6.0167466158817495
148,8.153813615176443
149,3.322847621099293
150,6.644722345348642
151,8.090177152099475
152,2.704517481173932
153,5.032721163335487
154,7.855454806088027
155,5.915792444373387
156,8.511269982593348
157,4.492516760743883
158,4.921404683218072
159,4.899022828697951
160,4.470477943253287
161,4.273144489110862
162,6.14449148709503
163,4.484520883608694
164,4.081451451132469
165,8.748325293383685
166,5.916157093235024
167,8.218956957199396
168,4.109989615260016
169,7.9809569171936925
170,7.715826093550783
171,6.916165964244067
172,7.801077974331642
173,3.3613754847894297
174,4.726989096643221
175,8.001516427868001
176,6.119750344031061
177,6.288804750360909
178,5.84842908765934
179,1.4595023918510792
180,6.250548164491192
181,3.5691650977806706
182,3.348104797061582
183,3.758955967487763
184,4.114109704804574
185,9.042795232679087
186,5.976096375096843
187,4.630132339132408
188,9.09954449338184
189,6.045014840217769
190,5.913943618939145
191,4.1526052404486204
192,2.904314800154506
193,5.539212024227381
194,4.253341773981459
195,9.041122688212603
196,8.10514592718937
197,6.769848723070079
198,7.353041999982077
199,6.788525923771002
200,2.81057470110905
201,8.750350231326195
202,6.749373317518712
203,5.620543154052188
204,4.421022137243869
205,8.852683018672074
206,6.141426386719194
207,6.401783965667455
208,3.6356440603827327
209,6.183583519961029
210,6.358087403531119
211,4.570890109954154
212,8.37662910349686
213,2.951775276544731
214,5.215066078917168
215,6.538948347713548
216,9.265471758202914
217,8.33675263300401
218,4.277062218262663
219,5.430699425856887
220,5.141344398774464
221,1.0156045873870339
222,5.521132608261564
223,3.0502200937237762
224,8.116083497464707
225,5.825564868617304
226,8.153089051829198
227,7.701027282686138
228,5.344095444867765
229,3.518040826147157
230,2.9521108067332653
231,7.381795936472669
232,7.353916715019815
233,3.792814621280666
234,1.4061206843166545
235,6.719850003012369
236,5.595054074477139
237,7.089236802586052
238,5.599405392801371
239,7.643317257379959
240,3.974625738443731
241,8.91131045025444
242,6.570139510953523
243,4.644496675766803
244,4.572577926100748
245,4.4737916456074105
246,1.7710672868032518
247,7.475047135973231
248,5.971095681708704
249,7.228057857527623
250,8.50168880974036
251,6.258241908578422
252,6.995910841282339
253,7.244001795531025
254,5.525079611170653
255,2.208986270871014
256,8.772459638814183
257,4.550922058482211
258,4.854236640134529
259,6.423764127446682
260,6.4516703913822155
261,2.0737469029793085
262,5.442779745707471
263,5.976339633205969
264,4.700681453729871
265,4.446984534860566
266,6.246114980481825
267,4.250649989185089
268,9.004284519908085
269,7.373920536438837
270,2.034325284921072
271,4.8773996619737
272,9.473372771437955
273,3.6081506809783344
274,5.702402659241713
275,9.20117854288761
276,6.165641418327761
277,9.263916656590752
278,5.360260693502259
279,3.878744691490235
280,2.336750593515716
281,5.181517240882469
282,8.75083150603302
283,6.248495750833768
284,6.053795353157978
285,7.684118638258424
286,3.3136917490514213
287,3.165598173732829
288,8.266316928431259
289,3.5974045432715176
290,4.371972919766678
291,3.186313262772375
292,3.784773913484332
293,5.494839683693656
294,8.827821133981097
295,7.345147034870343
296,4.732458605721808
297,6.209752444528269
298,7.517417955089659
299,4.691248186966504
300,4.486955282627992
301,8.550086608535619
302,3.207773117046331
303,7.575292286060061
304,3.639896037332886
305,8.80117166174854
306,8.149896186920667
307,6.93682600332912
308,4.809191521400288
309,5.179031824207037
310,4.360278932271471
311,5.495997234796611
312,5.203585376608234
313,9.427367331452984
314,7.065782506284086
315,5.31953636841998
316,5.713121084571171
317,2.477364667895186
318,5.286518600855443
319,5.188599439337352
320,4.398361146841758
321,5.732936898225434
322,5.410946158027484
323,3.6513411013307957
324,4.918336208409928
325,7.782468108419449
326,7.456009428558569
327,6.583165953696267
328,6.932145859785858
329,3.654847966702045
330,8.991246424024288
331,9.129530152464222
332,6.831950653994028
333,4.784876465341126
334,8.817104235907383
335,6.771051378127568
336,5.607950620667908
337,5.408819369855861
338,7.628779586426693
339,5.188371477197246
340,6.852865466926701
341,3.8176593855702787
342,2.567859187092114
343,7.103432946532871
344,4.5350970081626905
345,5.800928495905792
346,5.953686512127714
347,5.777346876162945
348,6.069738891111651
349,4.393163062559619
350,4.147518617600343
351,6.514376208538094
352,4.743755689969593
353,7.416861430442101
354,6.276353176974004
355,3.518166852978101
356,5.551582342777024
357,6.777705627514528
358,5.702585482887538
359,3.4445119400778914
360,8.37309976372184
361,6.788224239035208
362,5.205773272670841
363,1.8726714572786936
364,3.0007919891465504
365,6.581188599447266
366,5.497893656370252
367,3.655371231691285
368,7.102420433149977
369,6.381905743654874
370,3.6395735221847705
371,8.322218051059313
372,6.576314305700136
373,6.684950138689685
374,4.027542460292629
375,6.419307850744313
376,7.744475763183377
377,5.9868810633077825
378,8.036391173819363
379,6.6016158982838125
380,8.694387306285968
381,8.868409715887491
382,3.435206138123039
383,3.9610517698137864
384,6.724341376163995
385,7.831886641938414
386,6.5778905695073355
387,9.206867027545162
388,7.69723381779338
389,9.71918429754048
390,6.251283023484252
391,5.268581243618286
392,3.7732738506561048
393,3.981171645714086
394,8.788895160361829
395,5.19758451222123
396,5.594201433844262
397,5.945025948802034
398,0.6134655231509489
399,8.72774082572699
400,6.628188144652125
401,7.653091756056636
402,3.337517480339014
403,4.177458702884408
404,6.934465863957613
405,8.062776175563412
406,3.94800632349919
407,5.514418702056034
408,5.674687672269026
409,6.245653623096664
410,5.271433190798274
411,4.717563054351807
412,6.820087485142196
413,5.658717335306863
414,6.378486376018128
415,4.7906498831881
416,5.198329543151304
417,5.230254999288297
418,6.1209963779648335
419,6.111898467170598
420,3.0088020125932657
421,4.056548687410281
422,6.3189057280852365
423,4.33566627358365
424,2.8810051927381712
425,6.203995873347717
426,4.995364808081376
427,3.320742322880986
428,4.133990829321327
429,6.135531943894504
430,6.102432077018258
431,7.729422242126541
432,6.590635497086192
433,7.87711479363176
434,4.197432241093487
435,4.921550365266438
436,4.43458600439552
437,6.523302169090669
438,7.4388600927815265
439,3.7851253102062996
440,7.876756921849701
441,7.76630368899257
442,2.749412922361264
443,6.2398463293522575
444,5.03218406328458
445,2.162367748559224
446,3.5569841458060014
447,8.034961888167633
448,2.1471924227856976
449,8.867965628717233
450,5.903538584932515
451,7.586230619003083
452,7.031129275778515
453,8.608110487001138
454,5.570663808166742
455,4.577685020852971
456,7.7804888459264845
457,5.178034822499706
458,4.812564590075428
459,6.567062755741475
460,6.7208196824374316
461,4.09793859362973
462,7.457984735727168
463,8.924611606398424
464,4.886134066632977
465,5.438644200251256
466,8.2393364192375
467,6.492385162762899
468,5.556985658852199
469,4.996306168363284
470,6.408562425764352
471,5.9285252074879455
472,6.969720261202075
473,8.78916840097786
474,4.348285852208118
475,4.356504266602436
476,4.828502197130029
477,7.649232351687541
478,6.567217808000619
479,8.055091900705975
480,4.36404291590943
481,6.516551389753632
482,8.305669965987072
483,4.484454853084847
484,5.924114290984629
485,7.681707129249822
486,7.391438641130161
487,2.1509190617284855
488,6.616860209107366
489,6.688283598547547
490,5.760767232231219
491,10.0
492,2.8341415553539884
493,6.112795524850417
494,1.2322957102251992
495,6.252421386736486
496,6.979225164635975
497,6.807983501610825
498,7.355154540232005
499,3.9112923469723677
500,6.596002066328101
501,4.811595509659249
502,4.762018739339787
503,8.446476147597455
504,4.909571690921113
505,3.7471851321856318
506,4.978439488593673
507,7.48116849363659
508,6.556056807492926
509,8.430817046169425
510,2.4106740810580742
511,8.48961747692274
512,6.510715101227134
513,4.169197161392037
514,6.977210257345432
515,5.075887180978359
516,8.980799580474724
517,4.772596584076139
518,6.318772685924965
519,4.055566929476148
520,3.3772211429089047
521,7.838289169072324
522,5.701518329798638
523,1.6890159473568298
524,9.165708869219653
525,7.379427817255959
526,4.821259317858065
527,4.579720844594208
528,3.7258591271319412
529,7.835453391326409
530,7.642361162166359
531,6.178604624381188
532,1.9233265185065314
533,9.04995100470284
534,8.53685048162437
535,6.676041495926349
536,6.128431863680238
537,6.980383332852869
538,8.828056086129047
539,2.7801864338691518
540,4.47421705077634
541,5.368805905906624
542,7.3613112228148765
543,8.325256546467848
544,6.855155088158182
545,9.73261044763696
546,4.690209592036163
547,4.558850054584587
548,7.555630804902881
549,6.632970370398981
550,7.5479173256357
551,4.742239405837774
552,7.251257607293953
553,9.02073442264324
554,6.655507365697205
555,6.503510767798022
556,8.222367713394162
557,5.6433223681517015
558,5.680401062977362
559,4.36342567924034
560,3.142055959170336
561,8.83769063536548
562,8.087037907853544
563,6.144860882533567
564,6.187869103505898
565,4.668968398607069
566,2.7929972864572106
567,7.583047025041092
568,6.3294179521540785
569,4.628383940591862
570,8.548060096903228
571,6.201041202159173
572,8.509048463063902
573,4.69562892479189
574,8.968787794046177
575,5.647260035354905
576,4.951180321885791
577,7.83467974605777
578,4.430189390674194
579,6.740043165000976
580,6.155866996746627
581,6.938257341831447
582,4.364269375083602
583,4.993701100637514
584,4.571517730672557
585,6.487902791945961
586,5.920185746135599
587,4.493065396159711
588,5.102892867233936
589,5.574590969039272
590,7.142749125964526
591,4.118403628794467
592,3.298289914797068
593,7.3915301842433
594,6.086650488320229
595,6.221260493366463
596,9.788919613593073
597,5.402398583722835
598,3.0826975316482583
599,6.803655229824505
600,7.912593103691047
601,7.6808407080492
602,4.208023566532523
603,5.351797225668115
604,2.4246945622554827
605,1.5582928275077874
606,8.440272116557804
607,6.372930534218716
608,5.411742218105692
609,5.631172311897959
610,5.905751994339677
611,5.233861635743609
612,4.797372462857428
613,6.721514200771919
614,3.7043074792640445
615,6.56955857103898
616,8.278235352126803
617,7.134956383846594
618,8.044561571841959
619,1.4417038957839958
620,5.7971500778133045
621,4.535892901339283
622,4.678865102751995
623,2.295300275977863
624,8.274530160314303
625,5.405824464641285
626,4.81988379737846
627,6.578927530580156
628,4.654010180830586
629,5.495175196286769
630,5.20921538783748
631,6.648022337180972
632,4.004557143729933
633,8.41794660741403
634,5.929645579141403
635,2.6935099755821756
636,4.738718618726802
637,7.80339741916248
638,5.132229819308043
639,5.12628032846467
640,5.624418375650005
641,3.435816149609902
642,9.040086010511377
643,3.7256567571254
644,6.085555906482278
645,5.245903599520807
646,4.518912165231896
647,9.786135849478804
648,6.663291065934297
649,7.441693535344211
650,3.200102856116959
651,9.778843780551417
652,5.765134703703865
653,4.4321946280733275
654,5.137175220571117
655,6.811292970188035
656,5.425316344877504
657,7.210095201629705
658,7.993612882424713
659,6.921933383650778
660,3.604696280908742
661,3.3638936531198773
662,7.135717352787419
663,7.554679551641715
664,7.4113620200951384
665,4.9353918579613465
666,9.259215731435575
667,4.429676372722705
668,6.200607340926979
669,6.474013195379728
670,8.482437229128172
671,5.021065860099266
672,7.2342099478636435
673,5.183114645666869
674,8.030440022827845
675,7.083356672470975
676,8.25700149312467
677,5.701881630466297
678,8.481151584291943
679,3.853820459333811
680,7.9614397662867
681,2.4776164495475657
682,5.634266217261265
683,3.425563565407696
684,8.679576194148764
685,3.4939480349373975
686,6.684687908835217
687,5.415804643263776
688,6.084783521883664
689,8.7703635558818
690,6.492357759977096
691,6.7744139951501445
692,5.615638605584187
693,5.284605475727545
694,4.952823485548136
695,8.37954821309557
696,5.711960623547218
697,7.18521001230643
698,6.42203227863069
699,2.3337555939711994
700,3.7856433786740267
701,8.817780475977422
702,4.538435799133961
703,4.233328057328798
704,2.551123622505356
705,6.907828445801757
706,7.873330680279249
707,3.4599684247190727
708,6.825663362101165
709,7.716482051468928
710,3.7643851112662254
711,8.106505607584461
712,8.037645895900283
713,9.302259252543159
714,6.787528029271482
715,3.8383117797206054
716,2.417741128338955
717,3.9749169811675817
718,6.802451895400058
719,4.834912258448551
720,6.091896530453131
721,6.145820368722647
722,5.710711513869802
723,8.149852963188623
724,9.825238355605132
725,3.4115191045673936
726,6.037797940451024
727,6.950940578569885
728,6.212562709450868
729,6.211725404025651
730,4.583490685060199
731,8.234584007270438
732,9.378876936662248
733,4.000411088692249
734,2.4394713940822728
735,7.728767267817265
736,7.48848093286612
737,5.61261878257793
738,5.221972056816539
739,4.682241180340188
740,4.577563157472486
741,5.529537231404902
742,8.054028673862922
743,7.51790564230779
744,7.69473267763407
745,4.741628031374418
746,2.908716199754859
747,8.779380578204146
748,5.478941009822228
749,8.064586580223704
750,6.345466651457121
751,3.831578512995147
752,7.76771725660905
753,7.573125670302193
754,4.70366604085044
755,6.587130174944868
756,8.076298912157512
757,3.9491070674014033
758,3.0817002009418992
759,4.220275240234923
760,8.283550425561915
761,5.612211046088069
762,6.30499131380897
763,5.6493363636018294
764,6.871610843087843
765,9.0514417445752
766,8.46295093911278
767,7.78284666360968
768,3.2815010349418765
769,1.0546781710753557
770,7.245920743912969
771,6.497739999904971
772,4.99302798427415
773,6.54789399784187
774,7.118073366582339
775,5.081598684451858
776,7.0154259430213175
777,5.500943859355639
778,4.369267614760993
779,5.64697537117044
780,4.19611695569679
781,7.314779804992295
782,7.938131197266936
783,8.6467179111353
784,4.615240031966708
785,7.507895613204798
786,6.37222448442925
787,5.136106024910696
788,6.91831741049957
789,4.14480861717667
790,7.256623229865531
791,5.8613723476988415
792,6.180054202714109
793,7.9727140710486575
794,8.428095774116322
795,5.825740532889803
796,5.038217003999478
797,5.260503394135279
798,2.7380844731301712
799,7.183552155757498
800,5.937272940092106
801,5.080282801558235
802,6.797035298818004
803,6.489979407619279
804,6.255573779126091
805,5.842723941463084
806,4.514555800557399
807,8.227267057300741
808,3.4985332751845926
809,6.362462709540229
810,5.475072371558291
811,8.801255712455784
812,9.060133638380432
813,5.804688003874169
814,7.142110513614263
815,3.4365817575339523
816,5.849294021217772
817,4.222934121175001
818,2.4109547663569098
819,5.3088909283156696
820,4.95068845823966
821,7.1047018278982055
822,5.893540743958849
823,5.6888684099259885
824,5.531706925198929
825,2.9446727024487673
826,5.6275955734731715
827,4.723647115874306
828,7.282914009916194
829,5.897139244866412
830,4.230191809450398
831,5.066260139199346
832,7.854122366705016
833,5.078561210732685
834,5.997978562949914
835,8.876896944146356
836,3.4927290293471023
837,6.757720395895236
838,4.689680241874553
839,7.2049073190619435
840,6.770373990622847
841,8.371224319018697
842,8.168510865222391
843,7.223550576018778
844,7.332282390347288
845,4.015816618942173
846,5.171672151234447
847,5.254193764906066
848,7.32174195285933
849,3.3208263190008496
850,3.213396982301375
851,8.296107833953688
852,7.174131243348651
853,6.177448795959881
854,7.533795072746111
855,9.918009479281935
856,3.6318565697755005
857,2.557895309307419
858,3.386281569048469
859,5.606441742133748
860,8.049828122011967
861,7.031710447794277
862,6.300943789345594
863,6.00500400614511
864,6.556657629452596
865,5.165660759072222
866,8.950544546549128
867,4.289805390047301
868,4.03975705428666
869,3.0399358779334738
870,6.286194561326343
871,6.72415155758336
872,6.742077373971443
873,7.497776871046529
874,4.04136931243198
875,9.471482328107406
876,3.9303339747137516
877,7.382237640155157
878,4.579975869226487
879,7.838951356875621
880,7.249168894498979
881,6.666849255219926
882,7.909934568974946
883,5.188148697118281
884,7.889158214483164
885,3.608764315873149
886,2.3748472162861285
887,3.6221261227654593
888,3.8635417383819504
889,5.217406411444231
890,7.839450321776342
891,6.263844157349213
892,6.97189447811165
893,5.501651281559061
894,6.702110162542912
895,6.569747245313153
896,3.8461992026102028
897,4.584211076161704
898,5.063810922016566
899,8.496667971367977
900,8.889346387548947
901,6.8684105260070405
902,4.3974047816745285
903,9.22449686338608
904,1.138574630998468
905,4.968125863028271
906,7.856686125686291
907,7.714976279493435
908,3.904732455112361
909,3.95088533971882
910,6.985116122518765
911,2.6538393788150727
912,9.692123733029387
913,7.414599088259827
914,5.777431185209279
915,5.344889056430789
916,3.3736235538627937
917,6.00004152258234
918,7.100921430119449
919,4.474179978157571
920,6.316465002053816
921,7.198791499992927
922,7.289064361789883
923,7.0805478646083495
924,5.2578900725225015
925,8.348194490340994
926,8.268685690768947
927,7.85131992186756
928,6.3202046557317555
929,8.656724938588694
930,5.547603455075316
931,9.491148786072069
932,7.587348326556321
933,4.088193218786023
934,3.08511697391663
935,3.0438029492054524
936,2.950036605152344
937,8.034015523304483
938,6.9178753694162385
939,7.423844681379667
940,3.5254093858259647
941,6.90375899953951
942,2.085402480938981
943,9.423503833060213
944,5.861498535370581
945,7.920743348797138
946,7.526403570698457
947,8.02242241658982
948,9.60100902188249
949,6.085993388322705
950,7.215625197130208
951,4.7902317284924125
952,4.25159691972703
953,5.689489231009232
954,4.011745444551927
955,6.131134410866657
956,6.664315993366575
957,4.343161415573502
958,2.6408431519433595
959,3.80591486243408
960,4.27696053493743
961,7.786898023064135
962,8.613679020144803
963,4.425629931512341
964,7.907960232031864
965,3.181502860786013
966,6.33237379851943
967,3.8415883702472184
968,5.010240450840613
969,5.5584046689136075
970,4.402015996509699
971,5.52790229671537
972,6.37470238210225
973,7.141062923658843
974,4.326925343581384
975,6.960933653801337
976,5.183862053312798
977,4.736916550358201
978,8.184912227663586
979,5.751642145389081
980,5.428163047942116
981,7.6769856013326665
982,8.884430316557808
983,9.29076576712863
984,6.24510480302506
985,1.719032489789818
986,8.174252331460217
987,8.59337836066193
988,1.6435763916955324
989,4.085896012082369
990,5.037155921255309
991,5.605648695215185
992,4.37064881946276
993,6.815872593915126
994,4.37197650653088
995,6.994354161101608
996,4.510593938836296
997,7.893113191031019
998,3.9982954889889197
999,4.617545506857143
1000,6.281242194483327
1001,4.967726145507495
1002,7.376455354640154
1003,6.866330364853004
1004,7.8724621117324105
1005,4.988169128194803
1006,4.372278140694426
1007,5.641653479994992
1008,7.20775957862464
1009,4.720263136791828
1010,6.599324624722676
1011,5.527860263769835
1012,7.409112487005098
1013,5.950168575424697
1014,6.524107336300456
1015,7.5679455224370615
1016,8.76865121026383
1017,8.212749431404426
1018,9.554357321297804
1019,6.090856618810644
1020,4.907532660109977
1021,3.770398114774972
1022,4.178388196466772
1023,6.981722854649394
1024,5.136764577768389
1025,6.382604207792584
1026,7.589766216811495
1027,6.745207248880619
1028,5.48815110147302
1029,3.3509823131537404
1030,5.791476493434031
1031,8.176529724848526
1032,7.757380539139346
1033,8.468609292601874
1034,8.088012725566614
1035,6.563789141650857
1036,5.1044038159640674
1037,7.983947318607498
1038,5.3411680941711985
1039,8.058678803543938
1040,7.796948448892101
1041,6.165296895450854
1042,5.877693114718682
1043,6.540260144415043
1044,8.543620041326204
1045,5.497848329953963
1046,4.968928375988356
1047,6.697861750097687
1048,3.4655568280643236
1049,4.436131687000188
1050,7.029619108633687
1051,8.421130920952972
1052,6.3048933419554185
1053,3.4635510941903265
1054,6.046803411125998
1055,3.4380872816193406
1056,4.4576953852957555
1057,2.737459926007114
1058,7.743929702084604
1059,6.594084778918417
1060,5.253010169450605
1061,9.16869322308964
1062,7.229699230416916
1063,5.052239501293861
1064,6.136144967005082
1065,4.876758473418271
1066,5.283452916606635
1067,8.514873607563445
1068,7.65836308362755
1069,8.737415808761737
1070,6.222708578630815
1071,9.588258543738153
1072,7.178862486295959
1073,5.947982771938825
1074,9.15562149324482
1075,7.720419966982858
1076,4.435531146880454
1077,5.707157869226821
1078,7.514003563775176
1079,3.995921935267123
1080,4.413971573289421
1081,9.950392604994061
1082,6.621623191120711
1083,5.00561347638617
1084,3.2170208495421804
1085,5.0158446778305334
1086,4.171031302527371
1087,3.9750050885112933
1088,3.304374265870958
1089,2.6473601536100393
1090,7.845582983003746
1091,3.677489203208853
1092,5.357682143482167
1093,6.496389281568258
1094,6.607806355619496
1095,6.023717052384295
1096,9.089978333952537
1097,5.914641308313653
1098,5.194907232554869
1099,5.535368204419323
1100,5.395389236847187
1101,5.7631862670972
1102,7.339754103607329
1103,3.81565564348708
1104,5.799006648428349
1105,6.175015424050951
1106,5.175489777068449
1107,8.51567894765742
1108,5.651147159398204
1109,8.550051213002147
1110,4.4513160836283685
1111,3.4822058917843695
1112,4.247952640694852
1113,7.034108273075302
1114,2.88830853343188
1115,4.97764050487169
1116,2.1234630927071416
1117,6.154057997923783
1118,5.775567089026716
1119,9.500154823023372
1120,8.528356363240253
1121,8.56133716034715
1122,6.7228403389348586
1123,6.661669439450516
1124,5.505035439577768
1125,3.3857472864548765
1126,5.567541894292443
1127,2.6489179252929427
1128,8.211619611070102
1129,3.1793465275643173
1130,6.0405514286357755
1131,2.900689367559683
1132,6.594607576287327
1133,6.320531429159386
1134,3.2311251698763455
1135,5.679629656289801
1136,7.464849185866518
1137,3.91657147305913
1138,4.0642732289748515
1139,7.037738706405012
1140,7.266602964293388
1141,5.0747611364366225
1142,2.3628376570153553
1143,7.757848721761217
1144,4.306989026617895
1145,2.419283982478933
1146,8.350404180416138
1147,1.3946237241935915
1148,3.3350940160425306
1149,5.892733615734229
1150,6.521593880262008
1151,7.8942863331624995
1152,6.596723434738446
1153,5.151707031582182
1154,3.877072956870455
1155,4.9657531252488285
1156,4.920081387010639
1157,5.025133990497396
1158,3.702257256802243
1159,3.1099408210846997
1160,6.153740373918132
1161,6.683917042430773
1162,7.145075156029571
1163,7.136802987762836
1164,4.707809539598555
1165,7.508914822211782
1166,6.974026581955445
1167,6.868746452971937
1168,6.185750769920211
1169,5.748366748022683
1170,5.817986787165277
1171,5.388278834522435
1172,6.872456734553975
1173,3.8630549592366004
1174,6.867124236938615
1175,3.984951521005463
1176,4.054558689964985
1177,4.839246802083296
1178,6.4541231066069535
1179,6.93831581055587
1180,3.375470317107162
1181,5.751561811505416
1182,9.726410514679321
1183,3.323861290140623
1184,3.7633788488126196
1185,7.279559062952526
1186,5.093015269650139
1187,4.592309731667818
1188,7.462814292331178
1189,4.6709806796255755
1190,6.868236766121845
1191,3.458368950054145
1192,4.87087766729032
1193,3.838427869639715
1194,7.434114983971224
1195,4.1321495878089785
1196,2.2612406792875115
1197,7.871777105397
1198,4.450494804208674
1199,6.596887441711311
1200,3.052497670830288
1201,6.094708303059944
1202,8.668890962825817
1203,5.250096349426599
1204,7.544412750957408
1205,4.955487621297505
1206,5.7802380541477145
1207,4.087786256089694
1208,6.192309715901758
1209,7.976561205806588
1210,6.6325280440180014
1211,7.921921978464436
1212,6.058014354464695
1213,8.792701305538897
1214,7.349015990101637
1215,5.805875100934746
1216,4.400363333680561
1217,7.456089551521739
1218,3.509508900302248
1219,4.5187841463486365
1220,7.735948205129018
1221,5.807943784899885
1222,7.1774256279264055
1223,5.229111360632522
1224,5.185758458123753
1225,7.351932260697622
1226,8.663445641117473
1227,7.258878580755717
1228,3.504902158235571
1229,6.671414405395057
1230,7.07219908047199
1231,10.0
1232,6.327187478985223
1233,8.025073888864132
1234,6.667384504028109
1235,6.756028862673647
1236,8.43802917721249
1237,3.6382447327769976
1238,7.83299983741238
1239,3.725223206862953
1240,7.459245872931167
1241,5.838157505461415
1242,5.833023563097117
1243,2.6507214383720847
1244,6.926958240428991
1245,4.675689615011105
1246,5.555239511885055
1247,5.270777679983309
1248,4.477968582511698
1249,6.4444841010801674
1250,4.96000577670244
1251,8.425496853172167
1252,5.421069916318723
1253,8.933087369928291
1254,3.442174115233562
1255,5.426532727828045
1256,6.749545456270675
1257,5.553064102997568
1258,4.3948405152890455
1259,6.457884357544233
1260,5.966590025899208
1261,8.853528374382833
1262,8.280182564327355
1263,5.8340786774172235
1264,8.237819596746192
1265,6.655186420408621
1266,7.601375465410313
1267,9.314972348903048
1268,8.169202925738581
1269,7.340817516932036
1270,9.672017790757504
1271,6.20524776077069
1272,4.260928899291582
1273,5.3714897457189865
1274,7.350511482030985
1275,7.9819126529073845
1276,5.432038677167864
1277,1.156799755485884
1278,5.47943243234694
1279,3.880862218348178
1280,5.887907360896933
1281,4.634549087124819
1282,6.144099369660743
1283,3.3828549281740963
1284,6.159342251139726
1285,6.054674344282354
1286,2.511774953361478
1287,4.8638199110905465
1288,6.212503609936324
1289,7.667062020121866
1290,3.09296531937398
1291,8.226544007245533
1292,5.58641369759834
1293,4.808775830053485
1294,3.5050594958067336
1295,7.3656356521805275
1296,8.074320598749
1297,4.522490966085563
1298,2.841888106812209
1299,2.9013022468876453
1300,7.797122668237883
1301,7.3046132450983015
1302,5.895848029064611
1303,6.5848884493088615
1304,3.9243460439817244
1305,7.058879898387806
1306,3.9289992693641342
1307,5.122213594521986
1308,6.1437007217323005
1309,5.8618111416783885
1310,5.043598461534191
1311,1.4638719471802126
1312,6.9898469677540636
1313,5.308639108466977
1314,7.809080466197193
1315,2.511074528703824
1316,8.57478440530215
1317,1.9730521593349328
1318,2.626772387999392
1319,2.015447551172541
1320,7.673594394430848
1321,3.807814984821679
1322,5.065135151020764
1323,5.992213327955538
1324,5.65286457337908
1325,8.757927951877868
1326,8.814406715616332
1327,5.42999555483856
1328,2.5554159013349267
1329,6.827336432822058
1330,5.560932896764423
1331,7.265478096123425
1332,8.15643451185954
1333,7.595217086220105
1334,5.56177124402822
1335,4.606141223556612
1336,5.796404052605477
1337,3.2708451943257573
1338,4.596016891683756
1339,6.359181094830159
1340,6.336309797690301
1341,6.170910660531582
1342,7.363712285090179
1343,4.78357757998001
1344,6.312693771182089
1345,3.400670472961296
1346,5.5530551683911575
1347,6.918353959951167
1348,3.8720401806675326
1349,7.14422641904742
1350,7.0805868970845225
1351,4.084109318364875
1352,6.803732505954525
1353,4.8054077784239855
1354,6.986882488933647
1355,7.053531629485676
1356,4.514808812223986
1357,5.67959279662224
1358,7.699421743325086
1359,5.753781768301991
1360,4.88828144653627
1361,8.500780197562325
1362,8.639351762711929
1363,4.067932339795926
1364,7.084202312097354
1365,4.554300497148816
1366,5.177320540900046
1367,9.61834609049809
1368,5.838663991685342
1369,7.8251310359669635
1370,4.918750942833952
1371,7.77948008819416
1372,4.903017260101978
1373,7.221659630942734
1374,4.5848768704600165
1375,6.855504055689471
1376,7.386199183717817
1377,5.38825066441388
1378,5.865316902933023
1379,5.976899155460843
1380,5.363078805542864
1381,1.9312033906953028
1382,9.280468999511871
1383,3.329121550200174
1384,7.338643409925905
1385,7.907901453782085
1386,5.4951569238392635
1387,5.343398960845666
1388,6.699133247156169
1389,6.50206093131383
1390,4.510878776896626
1391,4.5581692196582955
1392,3.829956222036489
1393,6.107420198496193
1394,5.074052268677042
1395,5.182506291125866
1396,7.119640905378747
1397,7.365907860668263
1398,7.4905277171228954
1399,5.009234030519575
1400,3.678770584643618
1401,4.6520548001213555
1402,7.91693481278181
1403,7.729520652848404
1404,4.886871442232059
1405,6.375150003078314
1406,5.041870818478863
1407,3.06833335265884
1408,5.020731834842935
1409,6.132737261265322
1410,5.970651460196639
1411,8.298576549599167
1412,5.056625528678278
1413,6.3068351971891055
1414,8.726808699381216
1415,9.139834778958143
1416,4.481179544286686
1417,1.4584437102938255
1418,6.4688287195966065
1419,6.31194982353977
1420,2.76125933412288
1421,7.80468895762788
1422,9.111753544018303
1423,7.181535871991517
1424,7.573282856417423
1425,9.178233347545351
1426,8.15900556874345
1427,1.4884260290758133
1428,3.096018891447283
1429,5.409068799295547
1430,3.145324877616046
1431,7.047006028588505
1432,4.888115714944466
1433,7.905462792574966
1434,5.358878236569445
1435,7.7445668543253925
1436,8.635743844511323
1437,7.632566425160185
1438,8.02321963649173
1439,7.214311278568363
1440,7.781813765688562
1441,4.738220947979075
1442,7.351787947619398
1443,7.091141997088439
1444,1.8246324305461963
1445,8.840246700597012
1446,6.485344282750284
1447,6.654231579106963
1448,9.019194198146174
1449,5.730050376183477
1450,8.218164431970557
1451,7.391838598073516
1452,7.066197628830412
1453,5.871599189526565
1454,7.237857047333639
1455,7.385696054056779
1456,7.463953948159654
1457,6.475101839084398
1458,4.61834711487858
1459,8.169571341669274
1460,2.350574016181945
1461,6.408123469527769
1462,4.254575736632754
1463,3.368437679039102
1464,4.722960501742149
1465,3.6930982316923084
1466,7.156227471199768
1467,6.578401146427204
1468,6.972790063194001
1469,9.103545775890456
1470,2.4068342583273585
1471,6.137262398597223
1472,3.939619689778959
1473,8.269308681560936
1474,5.185508754260129
1475,4.449758828171211
1476,7.843262384509093
1477,6.368676078417794
1478,7.4420537142478045
1479,3.7900960003271806
1480,7.00057303941948
1481,7.145695444487059
1482,7.127744701466209
1483,4.8166815456523056
1484,4.546396662291356
1485,8.366998729947035
1486,1.6386578176849422
1487,2.924343496534667
1488,2.4117153816295707
1489,4.391736135007619
1490,4.282580717802662
1491,6.839086456106266
1492,6.253748131422096
1493,8.937113024469038
1494,3.409961581481673
1495,7.935057662802377
1496,4.855655916674369
1497,5.2311292711026
1498,6.551452966758141
1499,4.607980230711979
1500,8.4642077057669
1501,6.25063084391382
1502,7.194322315849025
1503,5.856177317432333
1504,5.235122665750886
1505,4.472393750722379
1506,7.287512541054646
1507,6.936982654758244
1508,6.298730487338775
1509,3.2209642369669225
1510,4.769068916236997
1511,8.14819016124606
1512,2.385352583234793
1513,3.266082857097726
1514,8.565778637381623
1515,5.791100178968905
1516,5.4082076333019105
1517,7.525041088584974
1518,8.280477712258605
1519,6.203159620750137
1520,5.253125522376282
1521,4.855443172745324
1522,7.991701958121043
1523,5.853754428625824
1524,3.085461640229762
1525,3.7113386717554038
1526,8.996478911555783
1527,3.9810771690267477
1528,5.840066754291118
1529,7.0184524616961665
1530,8.288477908702102
1531,4.782436685203409
1532,4.136146438879186
1533,6.339671116030662
1534,4.493116961157953
1535,5.00830018451495
1536,8.848956248571682
1537,5.0936658815661
1538,7.075274079466517
1539,4.416536246311994
1540,6.8350360093189515
1541,6.366511784593727
1542,6.814757218994164
1543,8.707402673140889
1544,6.74749546587639
1545,3.623760016529961
1546,7.539510056700218
1547,4.848346422966545
1548,7.687126736545755
1549,6.026413275673047
1550,6.2351620215035055
1551,3.2820039530668237
1552,5.568018319288148
1553,4.392207689154109
1554,5.854170388392738
1555,5.613743556226354
1556,7.935704379795276
1557,7.441571121617324
1558,4.4124483795575955
1559,5.523902048909968
1560,7.997568680157851
1561,5.244089089179193
1562,7.966765143853079
1563,5.480710408083821
1564,4.604452671680383
1565,4.840063001440248
1566,7.765808863535092
1567,6.365711774917125
1568,5.0364184186006975
1569,3.3816383196086304
1570,5.149849977369973
1571,5.374095001880425
1572,8.704252435398807
1573,2.8662704618783863
1574,6.46937912220844
1575,3.9448041261296525
1576,7.305722411694904
1577,5.211039382620276
1578,7.592473203265469
1579,4.04537232664241
1580,7.592018856239934
1581,6.850701596869323
1582,2.6028694565518204
1583,3.1295775072891163
1584,4.644118315054297
1585,7.047049292174403
1586,5.133348878160384
1587,6.965776054964897
1588,8.160905982988512
1589,5.503519486541892
1590,5.0642896452974675
1591,8.333920565837474
1592,7.52276956556741
1593,3.549455252539946
1594,4.410899655899531
1595,1.4080552182986708
1596,2.7773365147922076
1597,5.499923752100405
1598,6.928496039554256
1599,6.424431899274495
1600,2.6191926769832854
1601,6.2795948852806305
1602,7.653111297951886
1603,5.57967362616727
1604,7.339070509697201
1605,5.9390003157865925
1606,9.494021884479526
1607,9.270903031888917
1608,5.386298845688928
1609,5.40469864146295
1610,8.201142697320247
1611,7.739812680460993
1612,7.6543460585951255
1613,6.8039249672786255
1614,5.605853033405253
1615,3.1616483698139644
1616,5.516010215518576
1617,6.000931993657015
1618,5.593102042210178
1619,7.477181409399492
1620,5.884554408680737
1621,4.637055139988434
1622,5.267482456216074
1623,7.305360551708993
1624,6.427679373076256
1625,7.254580802665315
1626,7.783770072398254
1627,8.082963937977667
1628,5.508417719219703
1629,6.637420266332869
1630,3.9741392861938034
1631,9.751440870217275
1632,8.125043991056277
1633,8.934593463615947
1634,7.225830683782952
1635,8.4412746463488
1636,6.084173813085875
1637,7.858755676320352
1638,7.7519077021042415
1639,8.21560583281231
1640,5.198124815486504
1641,5.582331485311144
1642,4.971495359659658
1643,4.834562322988322
1644,7.133582506157646
1645,7.917476612055947
1646,5.863673433030233
1647,6.333120343165569
1648,8.979142722910918
1649,4.701924085452905
1650,4.852481577152697
1651,4.169519116758314
1652,8.241977611868103
1653,2.836545131238828
1654,5.768556201832104
1655,6.822091473468456
1656,3.568756881234863
1657,7.517913213307811
1658,3.862058400531269
1659,6.331687852448797
1660,8.710883622355748
1661,7.845831426192031
1662,7.089978629988804
1663,4.270416539396095
1664,6.504085154638098
1665,6.262169796613759
1666,4.9076350415602725
1667,4.0429018889007455
1668,6.711838410784315
1669,6.945913179896571
1670,6.829214359740121
1671,3.611812753543902
1672,3.8967972095519903
1673,9.7377717888117
1674,6.404862093455906
1675,2.4778287828778716
1676,7.836114596891431
1677,5.940783052735795
1678,3.1237176337808465
1679,6.172071012867828
1680,3.360371317200931
1681,5.803497925438326
1682,1.6784989760169156
1683,7.452085811892897
1684,7.294175369019447
1685,7.7296335595179695
1686,4.742849578597782
1687,2.121256718596557
1688,7.2698115059520365
1689,7.200512531536911
1690,3.4450444456403235
1691,7.49697409785494
1692,9.30105457169962
1693,7.06192619520334
1694,2.963322611633048
1695,3.296806343286573
1696,6.122381192755922
1697,6.210080168658572
1698,6.750739740114754
1699,4.977347491018465
1700,5.253085951275069
1701,4.481797873206929
1702,4.13472294428322
1703,7.487132431704216
1704,6.8360474867271686
1705,5.860988944633933
1706,5.399954793113254
1707,4.976553429755061
1708,7.650215192549425
1709,8.40937140677427
1710,6.39061608010932
1711,7.49599554943254
1712,5.750098559975663
1713,5.4397822370048825
1714,7.76666498946952
1715,8.6706585277908
1716,6.330796795748453
1717,3.343003134268611
1718,4.789487776383525
1719,6.917131814758935
1720,8.58027365323759
1721,6.544934634576478
1722,2.315702366684108
1723,7.281576782016003
1724,3.2096205147368204
1725,7.928033232433983
1726,6.050986032786297
1727,3.6581012574819973
1728,6.436536694472892
1729,3.926165576483383
1730,4.542443303903109
1731,7.1275788241787765
1732,7.965613193793558
1733,6.20417904397753
1734,5.131183487744832
1735,2.381173095580237
1736,8.422248201962727
1737,7.79222671222756
1738,8.743745393064485
1739,6.554452128783451
1740,7.3012862787570025
1741,3.2393876321098616
1742,6.68750555730262
1743,6.996753037629388
1744,6.667427775762793
1745,6.599385522705074
1746,6.880475816215187
1747,5.611746162398469
1748,7.597119963880183
1749,2.1538750056772695
1750,6.440825875114019
1751,7.105126136596051
1752,8.114086862034787
1753,7.093076610911909
1754,6.81997495824488
1755,5.4616017543291395
1756,6.522127228237815
1757,9.516951078776525
1758,4.896830644891718
1759,5.411928635816544
1760,5.266246219218032
1761,3.2218469043885363
1762,4.96781171275015
1763,3.7071637474531616
1764,4.37322590917894
1765,5.41212111195884
1766,6.360429768211632
1767,4.074591733384919
1768,8.347831811302992
1769,6.295336770993806
1770,5.975715114132606
1771,4.581506903190958
1772,5.204576281766839
1773,4.233899047933523
1774,6.919026552031664
1775,6.7942100850198575
1776,5.12582475060496
1777,8.499050178064518
1778,6.016749733184799
1779,8.075826373649736
1780,8.276165755118264
1781,7.345752746800908
1782,6.977828869963141
1783,6.060349734229468
1784,7.028816931451129
1785,3.7769737730908526
1786,4.869710096905296
1787,2.7082534869208104
1788,5.882326788782202
1789,8.449240107650592
1790,9.138328333795268
1791,8.177096765364519
1792,5.790497948542755
1793,4.729362923879934
1794,6.507461928540177
1795,5.403156308697124
1796,6.7725829966471185
1797,7.841556951130812
1798,5.360639392869828
1799,3.639477044482653
1800,6.250337319176506
1801,3.431179519535133
1802,5.332457821371268
1803,9.159998359549295
1804,7.206482295452856
1805,8.836716275657567
1806,4.551741283070231
1807,1.5485814937445967
1808,5.568017709139668
1809,6.1914083651946115
1810,9.222862852239125
1811,5.0909452544889335
1812,6.9073012035046535
1813,5.899657963003829
1814,4.768487587794384
1815,6.534492266424663
1816,6.5324377015197586
1817,2.123097293563305
1818,6.900753613272182
1819,7.313990370693022
1820,7.014805963164601
1821,8.226518258055778
1822,7.022267642113016
1823,4.619660910541304
1824,8.212825286080648
1825,5.862095469613712
1826,5.938459548070158
1827,9.42991568726973
1828,5.617464959417745
1829,3.4560268996015533
1830,4.269872769412689
1831,5.9090494620727245
1832,5.588903759274806
1833,5.809043841290881
1834,3.962144493609027
1835,6.692130480238483
1836,6.871161631048033
1837,3.125810452077415
1838,4.96519586239532
1839,7.407341451617356
1840,7.24047167938232
1841,4.7046342735373425
1842,6.216631539958814
1843,7.661639951401359
1844,3.324963294114326
1845,7.676861224458091
1846,6.397654100673197
1847,8.022144619025426
1848,8.322469081243845
1849,5.198857277764465
1850,5.333710565384219
1851,5.522363639494875
1852,2.0650683130695566
1853,4.783062460654803
1854,5.172981748167597
1855,6.420140911775567
1856,3.194484627461018
1857,3.7642053984984556
1858,3.260314959684197
1859,4.533295542920027
1860,4.980598928378738
1861,4.078129603646085
1862,8.107104433606175
1863,5.424684483504323
1864,5.773462688057168
1865,6.080702033757322
1866,8.698328636614514
1867,7.466692739749334
1868,7.422954885436115
1869,6.556525239179937
1870,5.218100065837007
1871,3.801308898571514
1872,5.814785661161038
1873,6.773518164012657
1874,1.1188921091354027
1875,6.040724705677421
1876,5.680257144107862
1877,6.944272760814949
1878,5.178820042794551
1879,3.116651311699279
1880,5.584951487226107
1881,3.520982880418315
1882,7.647215938542898
1883,5.415143063632215
1884,9.536187561680554
1885,7.27041973367478
1886,3.965010494522807
1887,6.623282415014808
1888,4.167298776907982
1889,8.354461550556492
1890,5.272268370736501
1891,6.448385533644048
1892,8.34004192052066
1893,7.9045512286323785
1894,6.944473974238068
1895,7.334917293747978
1896,6.684327411542229
1897,6.5947196334162985
1898,6.196098419046124
1899,9.022712305243601
1900,7.406529693416709
1901,6.686714833234747
1902,5.479143345024588
1903,4.1390563478959725
1904,5.83465234331413
1905,3.6522317745669497
1906,4.96734830917118
1907,4.819449965755568
1908,7.50923279358571
1909,6.183119827821274
1910,5.905844280205613
1911,6.106667293149717
1912,7.0625293843182915
1913,6.890017896160992
1914,7.392522857802735
1915,2.45386052015771
1916,3.670413776511839
1917,3.992349388512631
1918,7.063788213152198
1919,4.612879908291887
1920,7.428029773048534
1921,5.756545434700378
1922,6.072033866218573
1923,4.862471095208884
1924,8.062590735590963
1925,8.315692411559649
1926,6.876760058590143
1927,5.345162533943581
1928,6.689239479081866
1929,5.4295964712331095
1930,7.772363152453868
1931,3.093003820876741
1932,7.926431872923903
1933,3.7381064308513596
1934,6.510094623224816
1935,5.9564385388265855
1936,2.7062558299506625
1937,7.648069026803878
1938,2.242406047867716
1939,5.293605494297534
1940,3.577331709077083
1941,4.853945429200357
1942,3.9307342470211273
1943,8.525364636097292
1944,2.325357997348643
1945,4.5068067700772385
1946,8.063386679073972
1947,8.654710815354303
1948,8.356942315169487
1949,6.756481084844946
1950,1.7798804594200046
1951,7.116140378959158
1952,8.555183089435147
1953,4.498717225098533
1954,3.8490885992123482
1955,4.886262419526725
1956,6.488655096213577
1957,3.618720314270173
1958,8.120807283851445
1959,2.290184312919859
1960,8.849701533063707
1961,5.883973745978616
1962,4.256894792685007
1963,8.215554659826427
1964,5.344869567193706
1965,5.230143260598026
1966,7.986572940834879
1967,3.914261191172446
1968,6.684392071699792
1969,6.730081046393232
1970,5.4715227361973735
1971,5.789159243148307
1972,8.363669610572256
1973,7.0076344943062825
1974,4.604688989554466
1975,6.4587479686298614
1976,5.654053282173474
1977,5.846765778973914
1978,7.910772323885198
1979,7.253014844714752
1980,5.710955567958629
1981,2.353176719750893
1982,6.1844525147371625
1983,7.074546661490237
1984,9.024827935299854
1985,3.8163846387546343
1986,3.186302725005311
1987,4.153371592222868
1988,7.333084976257291
1989,4.2139455465856
1990,7.784147615221039
1991,5.7129588018581
1992,9.064764393840111
1993,4.121701695994595
1994,5.640409714143671
1995,6.252467385168573
1996,6.365304696608741
1997,8.797473383700385
1998,4.6301759899603
1999,3.7097452661881487
2000,8.584813464770226
2001,4.08525652601964
2002,8.580158976749855
2003,5.171830655124025
2004,6.195237615036418
2005,7.58971516975719
2006,7.040198576245196
2007,5.051697958380073
2008,3.655047345430555
2009,3.153491909911285
2010,6.698484220084534
2011,5.842569172739356
2012,6.4185474961909925
2013,8.703074716526931
2014,5.571755799480938
2015,4.0387658924469925
2016,4.089421426284981
2017,4.734843786184811
2018,6.553490039149468
2019,7.13781727321424
2020,6.9031287089971505
2021,3.5292708729478397
2022,6.988749246050839
2023,5.442850778228923
2024,6.431091003150669
2025,7.559238605118535
2026,8.014372820849438
2027,7.408003077497073
2028,2.9437506247051504
2029,2.1920632211852995
2030,8.036012705718008
2031,3.796781004024996
2032,8.56644012567112
2033,6.708600053962924
2034,4.227673354495481
2035,4.756030397936973
2036,7.674735474559089
2037,5.472283743913885
2038,3.9501213974383447
2039,7.198063108508656
2040,7.6214232725594595
2041,4.399460608079987
2042,4.948812333275111
2043,5.851986042419927
2044,5.801631568384866
2045,5.838270674449856
2046,6.6853044689561
2047,7.051207134472626
2048,2.8261209124313007
2049,5.648773161024643
2050,2.199330907731443
2051,4.97485146332594
2052,0.985870902464252
2053,5.093660551843879
2054,6.739032065900056
2055,6.799032035707076
2056,3.723939238738151
2057,6.906914308969707
2058,5.372450573648029
2059,7.265468257778756
2060,4.585130812491261
2061,2.804106811117176
2062,4.618501206551684
2063,6.647453768274233
2064,4.781384922050201
2065,4.5612986667371445
2066,9.044754005768521
2067,9.766883321933989
2068,8.413527830491711
2069,5.150337618745066
2070,6.369099548651215
2071,6.5461457107978696
2072,4.261622396403288
2073,4.670567659032161
2074,4.044862825447735
2075,3.694346617722118
2076,3.6139604587316794
2077,5.523830112082501
2078,4.992398468126369
2079,6.764202392001983
2080,7.594933929476618
2081,8.819159423927813
2082,6.231085240651157
2083,6.244770187244386
2084,6.661466524310816
2085,8.359393637539908
2086,8.082481680429925
2087,4.284462862950367
2088,7.951919476061591
2089,8.989815598249868
2090,8.860846272171653
2091,5.648411190372209
2092,2.6744108412887764
2093,6.719744605557854
2094,5.288909040395469
2095,3.7391411754936508
2096,4.198285470985255
2097,6.414606572460251
2098,7.2762147671187085
2099,1.7004907934443203
2100,7.271016520864672
2101,3.34100832833244
2102,7.284070695493589
2103,8.489490940446679
2104,5.933767234325518
2105,5.103465349276796
2106,7.660987674673584
2107,2.903385428007546
2108,2.674233924155732
2109,4.402735864003365
2110,6.735760909043979
2111,5.074936503919115
2112,3.8593522387897194
2113,6.263651731963805
2114,7.385221950966738
2115,3.3553710639102627
2116,5.1777499486534
2117,8.716421909426003
2118,5.794910897119288
2119,6.530828559093634
2120,7.828437670269009
2121,4.933393953948555
2122,3.161069263146728
2123,3.2391301276536435
2124,6.6841553088977195
2125,6.616434084831676
2126,5.083806317946074
2127,6.4312423785366075
2128,7.872563910335294
2129,4.190953191528169
2130,5.721115709561328
2131,5.5051854140095235
2132,6.424429685281706
2133,5.411470856218115
2134,5.577623201204723
2135,2.9014798036525193
2136,2.638374827418531
2137,6.946562806393446
2138,3.1947003320174
2139,5.956755607245066
2140,3.513695163363859
2141,7.174839727320831
2142,2.7567900938348098
2143,6.653737162649168
2144,6.480866514313282
2145,9.816200166530095
2146,7.44520683382782
2147,7.304510466549993
2148,5.680013881739155
2149,8.296440572796548
2150,6.440806868867137
2151,5.056412581747438
2152,4.9493785209320995
2153,6.674553407947795
2154,6.671557065033227
2155,6.19664441011827
2156,7.113052173035654
2157,5.589778969741018
2158,7.919691326824395
2159,8.726810533412257
2160,4.910247126550134
2161,2.3796424896188126
2162,8.09354120911744
2163,6.20639496832723
2164,5.270613006194361
2165,6.0918196128421105
2166,6.725687967836457
2167,7.5497761058662425
2168,6.291927356789558
2169,7.317890042480918
2170,7.161254912636478
2171,6.334883851542004
2172,8.449130820722079
2173,2.5219787593896728
2174,4.405332106679132
2175,5.3665114384063735
2176,8.53150601003886
2177,6.3948210305905775
2178,6.994197276198644
2179,4.557745756310913
2180,5.602879562695568
2181,2.7013015626813583
2182,5.183459079054869
2183,5.33929753113504
2184,9.137889226897995
2185,8.476493378646634
2186,7.6034160546758205
2187,3.629904083262507
2188,5.117368657846084
2189,6.171350397037331
2190,3.731634899638638
2191,5.9258075466043305
2192,8.726874947531634
2193,4.210607660201339
2194,6.110094466386994
2195,7.814700080037154
2196,9.020960429120251
2197,7.443994181741484
2198,3.970597112816054
2199,5.677516684623719
2200,7.588652408737101
2201,8.097692651128968
2202,7.698703827977995
2203,4.611428105967121
2204,8.578697714402276
2205,8.952300298107367
2206,5.214416183521455
2207,7.671455936947488
2208,7.181017753932382
2209,8.310291462502935
2210,1.3081715234946278
2211,6.33900478645277
2212,9.069223526116726
2213,6.730331713968265
2214,7.669039145184604
2215,8.262081860745738
2216,3.328766585339852
2217,7.752043587143336
2218,3.8468929988357763
2219,3.0747103131187568
2220,8.232629477948459
2221,8.028181116809291
2222,6.804471611163434
2223,4.209097777639242
2224,5.552284468798132
2225,7.250920580149726
2226,6.690973880231088
2227,6.678773213896852
2228,4.97100356434112
2229,8.204014753785295
2230,7.515709425041848
2231,6.277879624181456
2232,6.490853867684022
2233,5.916394306109684
2234,7.647101167078198
2235,6.90729831615286
2236,4.552746116594054
2237,4.793708857600115
2238,4.5666881432591495
2239,7.287778324073268
2240,6.065733777933345
2241,4.819781378551154
2242,5.112701066121573
2243,9.169315126239557
2244,6.818827703955346
2245,7.074029311798661
2246,7.548212757828354
2247,9.204351039973654
2248,7.721824132991415
2249,4.646945067085552
2250,5.378262471622385
2251,7.132475894771345
2252,7.8022968254515215
2253,5.4444575901367935
2254,8.492221051468132
2255,3.3534375700305343
2256,6.689036097200125
2257,5.346349995206306
2258,6.418752880074347
2259,4.107566830721423
2260,4.632084103345065
2261,7.995458864985622
2262,7.717780148721394
2263,3.5651110953734326
2264,8.700084607628543
2265,5.797263022006197
2266,6.75626270343118
2267,5.22653357095832
2268,1.8949068485275662
2269,8.037265656820383
2270,7.39632361211946
2271,6.431244957626572
2272,2.913440420285804
2273,4.962964033358964
2274,5.400066171321941
2275,8.562334250994457
2276,9.710212734385337
2277,6.32805094212793
2278,5.253202796898766
2279,9.499368053504075
2280,3.6740605292941653
2281,5.579041607149578
2282,4.09784537196566
2283,5.624321060477625
2284,6.408564425170356
2285,4.341912522201958
2286,5.4375566877579775
2287,4.060107562573183
2288,3.8862026069679754
2289,5.356590385448621
2290,7.683168951531194
2291,8.46987405232891
2292,8.630275216770837
2293,8.064260937429452
2294,3.360520758365949
2295,7.360243871403893
2296,8.028347469735117
2297,5.433997507891771
2298,8.238683517736623
2299,7.782529507377738
2300,4.577304394582712
2301,5.66582250397946
2302,7.803375944056549
2303,6.206117485631127
2304,5.619975317108831
2305,4.8012529012195255
2306,6.490175769229888
2307,5.741499854240622
2308,7.894152933921863
2309,4.331640109138428
2310,3.561534333706887
2311,6.515663114830582
2312,5.212327403756243
2313,8.73562022935247
2314,6.974100635847701
2315,3.205006553953906
2316,8.964984921428314
2317,6.835060646396114
2318,6.9973068639101665
2319,7.4384680271340535
2320,6.031929000893684
2321,6.630925975652984
2322,3.0767294736627133
2323,7.583882060671108
2324,7.0328125262412335
2325,7.7764127062070205
2326,4.722242062560761
2327,6.043397147282921
2328,4.869778035752258
2329,4.955484610394912
2330,4.942154020525143
2331,3.357743843361974
2332,5.4702490313237115
2333,6.961957241074813
2334,6.226951415161951
2335,7.339583373850614
2336,5.219865958069934
2337,4.27522927829563
2338,9.097300638878545
2339,4.7136140761392085
2340,2.9531072277551953
2341,2.062817229588079
2342,3.943416059894612
2343,4.627124744652529
2344,6.8845371441974645
2345,5.780744484270573
2346,2.8324974697114476
2347,9.389059741049318
2348,7.431703094865612
2349,4.113283371835285
2350,4.118087474059745
2351,5.491056334072675
2352,3.5916865683273542
2353,6.186336743907806
2354,6.168752040513301
2355,8.27406596361448
2356,6.959328046786588
2357,5.316536310321214
2358,5.581706245168761
2359,7.546561023352018
2360,6.484564495681403
2361,4.601938017061473
2362,3.487875904785735
2363,8.793707452487173
2364,7.2085982639288595
2365,4.450825695073034
2366,8.022692732023877
2367,6.749537216729488
2368,6.153379449700097
2369,2.0715416627043775
2370,3.0598436152692527
2371,6.555304466268758
2372,6.2791018977034625
2373,7.0392808998074905
2374,3.086527131188012
2375,3.194721767976877
2376,7.06975639288106
2377,6.394761305542527
2378,8.620917973018386
2379,4.552738362189336
2380,5.614287514597868
2381,9.042558858347167
2382,8.100792072130705
2383,3.253628370511353
2384,7.680935761674391
2385,6.043628008897858
2386,5.4607069751132
2387,6.120019410079408
2388,4.302148981583967
2389,5.923531650537305
2390,7.278763291276507
2391,8.801096172309373
2392,6.140611183641389
2393,7.755607309386233
2394,5.634372745546166
2395,3.1654490854929467
2396,8.427473741921894
2397,7.54362241496092
2398,4.14100979024968
2399,8.50482976958556
2400,9.466971380701754
2401,4.854648363973269
2402,8.81492789057664
2403,2.296880073615875
2404,6.9254481883996775
2405,8.079189178361188
2406,7.61795043318183
2407,2.3721242179921207
2408,8.272337123580247
2409,5.460438396196219
2410,5.483781812408227
2411,8.252564789824575
2412,4.696545718472112
2413,5.924695462418136
2414,4.405990404979917
2415,5.992030373630347
2416,6.520487669541711
2417,8.095294582464222
2418,6.439657850727825
2419,4.691286594016695
2420,6.108969825985555
2421,5.139888544119559
2422,8.051947534910965
2423,2.7336589911704916
2424,4.9430254136337535
2425,0.5733605797184866
2426,8.548470756265246
2427,5.121072910697279
2428,1.41215314904633
2429,7.098564374242521
2430,4.777793999065832
2431,4.14332578434391
2432,7.872454424830744
2433,4.649785186504769
2434,6.573704282843797
2435,6.33202853305174
2436,5.653679490012981
2437,6.546972736984606
2438,7.044833524449091
2439,6.13074792824646
2440,8.120024866050226
2441,4.365431897348436
2442,4.749960157451808
2443,6.285072470975003
2444,8.701685141535442
2445,8.316899760813246
2446,6.624183405426947
2447,7.256151192835999
2448,9.466818902750612
2449,4.345746508196192
2450,5.0323528650802745
2451,6.458591028536163
2452,7.72991632611442
2453,4.838593090627848
2454,6.20290868746591
2455,6.5506252192909695
2456,3.438366582082636
2457,8.622899735636345
2458,8.168030272859383
2459,6.842338055465024
2460,4.309479679603232
2461,6.198067930707133
2462,3.357777246033568
2463,5.478174969080989
2464,7.485876381140791
2465,8.677325410571477
2466,5.422503755815406
2467,7.4997524658594825
2468,7.476929617316241
2469,8.578080796554048
2470,5.161106338276845
2471,4.291978850284587
2472,5.171137855079884
2473,4.83987890519057
2474,5.799465570028964
2475,5.036011942912357
2476,5.67098292145001
2477,6.248936162003247
2478,8.114945006509755
2479,6.190644788541848
2480,8.367026221852825
2481,4.8484878313322834
2482,7.471423913700978
2483,3.362686861937895
2484,7.700725348328523
2485,3.0687649129426293
2486,6.630335835106859
2487,5.191089150077144
2488,4.116428652010944
2489,3.8164125913511597
2490,4.271547197648635
2491,3.823902093990996
2492,4.037969180544799
2493,7.152401805331421
2494,8.448730413116005
2495,6.091956933969448
2496,5.912210110177167
2497,7.245422772914532
2498,5.195090553434156
2499,4.471314141024739
2500,4.492709883165514
2501,6.802170515120833
2502,6.728226991409536
2503,6.233821995453329
2504,3.881877801305791
2505,7.272804644170677
2506,7.322688447177891
2507,3.738175493431784
2508,5.055366657243815
2509,3.8896339602746766
2510,7.141456093756956
2511,9.514861430367827
2512,4.670329366755962
2513,4.5090729135710585
2514,6.684201794657257
2515,5.688188791630295
2516,2.5065098900073024
2517,7.258225697409787
2518,5.61093646717098
2519,5.163826964914272
2520,3.214782176783145
2521,5.981695481230057
2522,9.54821304434839
2523,6.311866688115073
2524,3.921555757658796
2525,9.54714868500065
2526,7.524286194635785
2527,8.220726839176116
2528,5.374059375763912
2529,2.246481530775492
2530,8.937861377991805
2531,8.75620697489006
2532,8.921838958817851
2533,4.804162188541283
2534,7.009198468194319
2535,5.529365261201734
2536,6.64826900032751
2537,7.27594128165393
2538,6.979315104698838
2539,7.775403298467047
2540,9.432711423130373
2541,5.533713159833986
2542,8.003467052793816
2543,9.264197359977622
2544,3.272000636960079
2545,5.863598944158213
2546,5.316953620804748
2547,5.319645070110869
2548,5.287418052261419
2549,7.374310296143287
2550,8.187849970150804
2551,3.539488253532751
2552,5.279733722727984
2553,7.6604949117636645
2554,5.0480271485304495
2555,5.455078669842352
2556,3.2096908072668455
2557,6.873393148642746
2558,8.062761744932123
2559,7.995501878359681
2560,6.735106295337333
2561,6.085123649921022
2562,4.039315558698582
2563,5.76226404064514
2564,5.592312376042448
2565,4.697941340108613
2566,6.677920330774876
2567,8.543383092671776
2568,4.134000675394081
2569,3.217874304218893
2570,5.54438411590894
2571,8.896096626923905
2572,5.731331037837569
2573,4.135356818077005
2574,9.071693277796895
2575,9.293801262785443
2576,6.71718644801125
2577,4.756093221909581
2578,5.171364142482844
2579,3.518367945368139
2580,5.408843751885169
2581,9.948935199018983
2582,6.37485090227606
2583,7.55592045634825
2584,4.824370860046534
2585,6.2208830301150035
2586,4.097377882201325
2587,2.8884133673544348
2588,7.351202101501086
2589,6.141134535213184
2590,8.122103511017759
2591,8.456318693372001
2592,7.884953967050804
2593,3.4851955692255148
2594,7.3558405162205815
2595,3.521810810916187
2596,3.5110134195785734
2597,8.547907525757088
2598,8.623235826520265
2599,3.1407180737425198
2600,4.119412300077487
2601,4.1110920128490465
2602,7.716372771426224
2603,5.690139704564659
2604,4.774825582301052
2605,3.8599726901216442
2606,4.623907100413778
2607,7.127307673317886
2608,7.787704066092595
2609,7.295770278841436
2610,5.403631689134997
2611,6.538199184643931
2612,5.002377126286755
2613,9.001123568464582
2614,1.8100821581852582
2615,3.146122485117554
2616,7.075818487137143
2617,5.197107432553455
2618,7.517226635599782
2619,9.054188473162172
2620,1.0920027079894226
2621,3.9772877178703294
2622,8.371585945899499
2623,7.082814968445567
2624,8.291759817952219
2625,7.125626437085861
2626,8.376199417226628
2627,5.679694172485782
2628,1.8379294747837536
2629,8.459621562301844
2630,5.894189081426702
2631,3.50041082469392
2632,8.601007657894698
2633,7.577028873952977
2634,7.379890827411386
2635,2.853666151006456
2636,5.019451375283333
2637,7.106158663881793
2638,6.0743262857455145
2639,6.32271623897588
2640,6.680100435851745
2641,5.980784978170551
2642,5.449178994440457
2643,8.183768440554218
2644,7.059333244662557
2645,7.681554169577467
2646,4.827614165696674
2647,5.8635818051484625
2648,8.877855240887742
2649,7.893648342540192
2650,4.555944519764082
2651,7.3619046769884395
2652,6.768850706445424
2653,5.459677845448456
2654,6.070217742007862
2655,6.955779016145716
2656,9.433065578389142
2657,6.312781239120854
2658,5.803212534126211
2659,4.0817488899000995
2660,5.70024442507155
2661,6.709651604072722
2662,5.211412228064012
2663,6.776937869316916
2664,7.8193125299237405
2665,5.670227278758374
2666,2.6138121626150976
2667,8.160975624247705
2668,5.936495040868785
2669,4.911586101244586
2670,5.480545383854376
2671,6.901158435983851
2672,2.3479317790674603
2673,6.638242103216108
2674,5.84743873049628
2675,7.818122662991472
2676,7.973685486262776
2677,5.098866845453129
2678,7.534947667892482
2679,7.167151053643395
2680,3.8761288525399498
2681,3.356195124086133
2682,8.01177050937411
2683,5.8882722331719854
2684,5.301773177146418
2685,4.3662153957234535
2686,4.2970029356863355
2687,7.140103015801402
2688,2.8258201480081535
2689,7.525195584593027
2690,2.3629612460461713
2691,5.7977410055104155
2692,9.921707083030725
2693,3.4231045765722943
2694,4.757092574863659
2695,5.738380121069057
2696,2.2765644961907245
2697,4.153125005481026
2698,4.639882162536708
2699,8.635907316143829
2700,1.6501661994179377
2701,4.697593850642129
2702,5.583961232468948
2703,7.692187696017225
2704,8.443296433563784
2705,5.424765431030024
2706,6.60935754550666
2707,5.58120497969611
2708,4.553952759704896
2709,1.4814391040060668
2710,6.752180107364355
2711,6.728993748263263
2712,4.545278411751998
2713,9.346162169077814
2714,3.4132861548727824
2715,3.6579938840578374
2716,3.591754763086726
2717,2.153956159918571
2718,4.605194945899149
2719,4.733527462149517
2720,4.814876645241801
2721,5.994363659326574
2722,7.5310753196557885
2723,6.692717141865257
2724,3.4938761937250473
2725,7.359985784638498
2726,8.218787368021108
2727,7.970119544744925
2728,7.7426335690530275
2729,2.4813238192397513
2730,7.2029618621867595
2731,6.870855736982107
2732,5.9399922739713995
2733,5.491050950596602
2734,8.180427083128347
2735,8.76258135351911
2736,4.971618593160775
2737,5.219066667180824
2738,5.2658636827123715
2739,7.085182502654604
2740,5.251466837825571
2741,5.547303374120027
2742,5.554272327466725
2743,3.131321113398042
2744,2.3421178972926864
2745,9.138254040131358
2746,6.573742541788775
2747,2.024752255694927
2748,6.726197623733525
2749,6.393138458524222
2750,6.313900120693461
2751,6.267292407298447
2752,7.54042773083093
2753,7.082271726836119
2754,6.3788332400924315
2755,7.20518578275566
2756,4.323222471132622
2757,5.888364493766414
2758,6.16240185271763
2759,3.7949163498261282
2760,7.100450582769994
2761,7.0467774126441824
2762,3.32108491739093
2763,6.004857875639291
2764,5.83218785579041
2765,6.799275840546743
2766,5.806684580244135
2767,8.505214946970781
2768,3.87466611466762
2769,4.590110890636032
2770,2.394389020799734
2771,4.866106603192412
2772,4.568404535775719
2773,7.851754171905217
2774,8.015734852608343
2775,8.797731737686
2776,8.759809379168821
2777,6.805252082129953
2778,6.541640052776655
2779,7.549517078186526
2780,6.105003797001054
2781,4.143056261666567
2782,9.11399419607494
2783,7.136256135058145
2784,7.740568225175419
2785,4.743745291110752
2786,5.20589693133218
2787,7.218198672820053
2788,6.485486961289035
2789,6.101231469449721
2790,2.9453591557059067
2791,8.561670231711226
2792,2.5415209682277737
2793,2.18249933607786
2794,2.6837127274933206
2795,2.8295658691921597
2796,7.9289987428356605
2797,7.310261255385093
2798,6.772206289521315
2799,3.63067417857833
2800,3.386170942132045
2801,3.667110151158505
2802,8.578843002215066
2803,5.705090781655017
2804,3.942030766252036
2805,6.930622408339094
2806,4.7885377074147435
2807,8.023677993140131
2808,8.093073799603829
2809,6.675083616557258
2810,7.528839604983824
2811,2.768826844118231
2812,7.195502600288329
2813,2.7435516917538
2814,5.179921885223579
2815,9.087019188701234
2816,6.3813708268871725
2817,6.23104525240636
2818,2.522632632963461
2819,6.895352661859887
2820,7.8317176082155315
2821,7.0312426133318535
2822,3.444609228584908
2823,4.56635614587406
2824,6.439594804048496
2825,4.097840418174023
2826,9.64300641995499
2827,7.2925707702529134
2828,6.3722235292150655
2829,7.680104353208195
2830,5.422841429515626
2831,6.173756467788904
2832,7.673168496584351
2833,1.7730710976328208
2834,5.554346646306128
2835,6.6567286719754755
2836,4.185436135527946
2837,5.828275273350227
2838,8.614375382315007
2839,5.742952570678993
2840,6.224141471947876
2841,2.3880712527344876
2842,8.078009925839332
2843,6.381563801142846
2844,6.894921379666135
2845,4.392015503855575
2846,7.840848501884323
2847,6.565715971769828
2848,6.052227852957621
2849,5.519401439170377
2850,3.198142319469347
2851,1.8718163622054487
2852,7.207418888086847
2853,5.051913714705539
2854,5.3090373987842785
2855,8.872789134623664
2856,3.458682265074472
2857,9.319786571494726
2858,7.3829667515102075
2859,6.535882210193082
2860,7.076493479550255
2861,7.297275413913027
2862,8.464105217107743
2863,7.345239871057178
2864,7.477348764895701
2865,4.955976129663571
2866,8.243158690853125
2867,6.848406596148994
2868,8.789903830390964
2869,9.638055613248602
2870,5.966441020443011
2871,6.717296255609489
2872,6.249540914453668
2873,7.546240849236609
2874,5.100048864807418
2875,6.988291189966835
2876,4.2313595740302254
2877,3.681699288226671
2878,5.791560538794691
2879,5.611210041184974
2880,3.6985812451130577
2881,9.792935855670374
2882,5.1581765658841645
2883,5.5950704986931585
2884,6.6394388882738875
2885,6.507108995016966
2886,0.7653539034414161
2887,7.030360288156593
2888,8.435877357020924
2889,7.13921500964628
2890,7.548196561780029
2891,7.886976617172526
2892,8.41730931960533
2893,5.31472267718681
2894,9.36012958259374
2895,2.835409032071702
2896,8.163525497111529
2897,4.8892859832693665
2898,3.416939168996498
2899,3.274068888173564
2900,5.684809108614028
2901,3.48654977342029
2902,9.05674874175321
2903,8.09425915735213
2904,4.4197597765604115
2905,7.526774487991098
2906,7.946220202160648
2907,6.902177932608751
2908,5.920180368300822
2909,1.614796939177908
2910,6.025282741164113
2911,8.919955516063018
2912,4.002374067251123
2913,6.91358022714682
2914,3.5388710437822484
2915,5.46563980285442
2916,8.531336128830713
2917,3.4493498077015072
2918,8.391932130622248
2919,4.189482273322902
2920,7.056210732261957
2921,7.577749444735437
2922,3.5126226327744154
2923,7.4329676793244825
2924,7.420450467573254
2925,6.443135248843723
2926,7.332934736234135
2927,1.8819387576361377
2928,4.012456415981244
2929,7.695451456641501
2930,5.117493085682725
2931,3.9588818298014408
2932,6.317136183834384
2933,3.365511237673082
2934,2.510652705786286
2935,6.557068168986339
2936,9.522161791863265
2937,4.549093075225622
2938,4.601090467478105
2939,5.775773213989144
2940,5.642196722809032
2941,9.164269814122806
2942,5.23879331153683
2943,5.933687393913557
2944,4.73141949387724
2945,7.25794949714779
2946,7.968741996775097
2947,6.611529836203354
2948,1.754498926432598
2949,6.241883520056273
2950,7.411369487738987
2951,5.159319853797314
2952,5.466687619616021
2953,5.745988829653893
2954,6.2419701038563655
2955,3.632599332083197
2956,5.051498341392284
2957,6.562212724246761
2958,7.68179255465128
2959,5.8374714730768185
2960,6.43976285111803
2961,3.7862459218931486
2962,8.268767742284695
2963,7.751352359640395
2964,2.499655592399833
2965,3.143263903747697
2966,4.860762143407246
2967,6.138706426906028
2968,6.265204886161166
2969,5.350042542501689
2970,3.4831858314534156
2971,8.615427310951217
2972,10.0
2973,6.514425125506392
2974,5.119410470302345
2975,5.524079265354499
2976,6.882883863455979
2977,4.838144223109074
2978,7.88140479600076
2979,6.918214632009901
2980,3.705035680386655
2981,9.348231545344953
2982,4.865990824072186
2983,4.76319005092174
2984,8.241126171701616
2985,6.747354440869165
2986,6.386854036219093
2987,8.83179450437215
2988,6.7755553883274855
2989,9.409303732607356
2990,6.621451738761901
2991,4.891350294353362
2992,6.521525455991574
2993,6.517015792387396
2994,6.158188857479687
2995,6.378100217857189
2996,7.022134241074279
2997,9.77945558423546
2998,6.086981058889105
2999,4.850702180531472
3000,8.968357775425314
3001,8.277043730100937
3002,6.746197022122443
3003,5.397189181047715
3004,7.618071804502144
3005,6.403871381927686
3006,6.546091380968421
3007,6.687874811960803
3008,9.22104274067799
3009,7.321460160024019
3010,4.559460532068376
3011,4.305490854399009
3012,8.103389867035766
3013,7.389200619142338
3014,5.04028414108727
3015,1.5457705692092443
3016,8.156393884574246
3017,5.6172483473269
3018,8.609173780984493
3019,4.353205874573057
3020,3.837740915656989
3021,6.3078517908064775
3022,4.523101706033053
3023,6.107308235268413
3024,7.827887359562823
3025,2.8347769988125067
3026,3.6157015827453005
3027,5.965110043284034
3028,7.656990285525742
3029,4.704861094577064
3030,7.012595371371894
3031,4.391046453945915
3032,7.185090960301872
3033,5.250281969841018
3034,7.216327081713071
3035,7.963522645466302
3036,7.024138803462651
3037,6.335720861573755
3038,5.861770667831946
3039,8.702864095075572
3040,6.4834373827362715
3041,6.725337346473109
3042,2.310984531769387
3043,4.770415283177112
3044,5.686389722647867
3045,7.775672748284512
3046,9.441823496066224
3047,6.4599668175559914
3048,4.946059620738403
3049,8.019219091532822
3050,6.167942505288288
3051,8.501802742627168
3052,3.031216225490356
3053,6.549860038179382
3054,7.454774601710202
3055,6.640414994961306
3056,6.966929695923827
3057,7.489151588586706
3058,8.953007410207299
3059,8.096928839380514
3060,4.244525242356699
3061,5.600702976748851
3062,3.843966200850105
3063,4.5981262879041696
3064,4.273406250638704
3065,4.4073414414175955
3066,7.460616093954888
3067,7.382478528613042
3068,3.2051361934120153
3069,3.403900669048145
3070,5.821012443636234
3071,7.281000860156768
3072,4.882307750126114
3073,6.989110804256436
3074,4.557853945582052
3075,7.1710710133739735
3076,3.2602129009250627
3077,6.792629904648258
3078,8.518531984380745
3079,8.261211983040877
3080,8.688368233877744
3081,6.066364668378025
3082,7.7055693351766585
3083,7.163367384512988
3084,6.585730897695684
3085,8.625953172213487
3086,5.888182388668978
3087,6.192857197346551
3088,3.6529122037613764
3089,5.256115887164615
3090,9.252810957031818
3091,4.572825057159087
3092,2.9165831610447173
3093,4.04231579258898
3094,3.941578435608433
3095,3.652911465087623
3096,4.039415973313391
3097,5.481732538080182
3098,8.099891786688513
3099,3.5755020291572053
3100,3.0147385600677836
3101,3.8985384476152882
3102,8.116775608882483
3103,8.265612274092243
3104,5.028475680667485
3105,5.719867896483191
3106,7.155256126894935
3107,6.692912702326174
3108,6.777901150110795
3109,8.506654261136894
3110,6.725779033751037
3111,4.587337561932315
3112,6.97490282391712
3113,4.967991844705336
3114,5.215003948749473
3115,6.052976671493088
3116,6.077694841423071
3117,7.308242201724272
3118,4.041095468729446
3119,8.694362538172264
3120,6.0258214567910295
3121,6.043032049213615
3122,6.6779540436385245
3123,6.0486473236878675
3124,4.314517129512842
3125,6.0850667583446665
3126,7.006162259134194
3127,4.668602293215811
3128,2.6584139588423437
3129,5.358808160584449
3130,5.172129572172911
3131,4.726780752223343
3132,4.8016476710173
3133,6.379869023365927
3134,7.24020358443088
3135,5.093279661512971
3136,3.6674747633566724
3137,2.369920354160099
3138,3.756186207311686
3139,6.6575352087105575
3140,9.788939208462166
3141,7.020963354377308
3142,5.196694116031752
3143,6.2736892571786465
3144,6.20404295887959
3145,3.245187433298401
3146,5.458254663400666
3147,6.178444333877122
3148,2.9708401244938902
3149,7.996636057299892
3150,6.707062934589118
3151,4.55648389880095
3152,5.539960659689894
3153,3.859335909168051
3154,4.116047409584391
3155,2.826175601121103
3156,7.166763324535527
3157,7.778864525074212
3158,6.576829524364363
3159,6.197570224046681
3160,3.111271124940175
3161,8.146551123721283
3162,6.531682675995121
3163,7.355982912694874
3164,8.241014246846929
3165,6.928755412207812
3166,4.704082595820974
3167,3.5681365551047928
3168,8.977572118288458
3169,4.317163539188269
3170,6.455841334036299
3171,5.320897149859689
3172,6.43038547873448
3173,3.5850374214757488
3174,6.917844757156121
3175,2.019705673886478
3176,5.469599080537623
3177,7.171211995783255
3178,4.907124492954251
3179,3.1675425179557397
3180,7.147203469276125
3181,5.132510372228417
3182,5.775418342660332
3183,7.219584833063431
3184,8.035463256877083
3185,4.741199598108414
3186,4.69156707797078
3187,5.418669634086772
3188,5.370919829242839
3189,3.4412523541157554
3190,2.13977732267237
3191,8.075829743613411
3192,5.342064343805773
3193,5.723757298452282
3194,7.319408771541323
3195,2.901004002287154
3196,8.150228545509838
3197,6.684317126536241
3198,7.390756051839925
3199,3.8368943870465015
3200,5.666309712929358
3201,8.57808283124291
3202,7.1894184916499535
3203,6.124719809980193
3204,7.750082553561096
3205,6.791869171946773
3206,5.507289386212792
3207,7.432453892950941
3208,5.501770050027251
3209,3.3275693556209447
3210,5.989647241176641
3211,3.447757071458855
3212,1.5962189814063894
3213,8.768229778742388
3214,5.256916995430153
3215,5.169556822076029
3216,5.492861453385971
3217,4.730792606805418
3218,2.972282553083325
3219,6.236165534702324
3220,7.069922999213484
3221,7.6156955967935165
3222,6.960356602980696
3223,7.453431664087956
3224,3.880924845686753
3225,3.979117851851016
3226,4.841510948863272
3227,8.852424426051584
3228,4.298247721324398
3229,8.415447274737263
3230,8.775103762424113
3231,7.647863153976905
3232,5.914072358549748
3233,4.758747779864225
3234,4.496999799338514
3235,8.071546867459078
3236,5.795505723600783
3237,7.23698095996056
3238,3.6208526141648507
3239,6.782520943224408
3240,5.103865235678485
3241,8.031095901976434
3242,5.023270665939551
3243,3.9161644147254044
3244,7.49585762320194
3245,6.29356801108007
3246,2.130685941436602
3247,6.57715960898763
3248,8.975374828588858
3249,2.029181494978916
3250,5.275971400958884
3251,5.845414719967588
3252,6.121215415236546
3253,5.64564729994277
3254,4.554855884830141
3255,4.795258765021274
3256,7.818359636054467
3257,6.499824141731501
3258,8.524740070070319
3259,6.764934893077982
3260,6.873537006083232
3261,8.317907431145299
3262,8.217345255694095
3263,9.223306368511098
3264,5.46727963193008
3265,8.25704585190017
3266,6.912290008090464
3267,8.455351577322462
3268,7.441615780589705
3269,5.644252424984608
3270,6.385529432961651
3271,5.361999609147693
3272,6.518396006460913
3273,7.843494455890262
3274,1.7828209210161328
3275,6.8945551709112936
3276,6.508446484719537
3277,1.9116170799734622
3278,4.43815859143932
3279,9.374079350629975
3280,6.648810175705546
3281,5.161628318415834
3282,6.912597685236954
3283,7.180107829457771
3284,6.771094010538042
3285,7.159788568321248
3286,4.130884395616175
3287,9.29203862484675
3288,5.908291008089965
3289,6.433976909436595
3290,5.5478176204354215
3291,4.698382389066549
3292,3.7966089940552394
3293,5.611086388079653
3294,6.440028562767139
3295,4.946281877694034
3296,7.030706154829799
3297,7.0100391900119465
3298,6.585724050651868
3299,5.154706627610851
3300,5.524512132055498
3301,5.673801061751169
3302,5.6256866208273895
3303,4.989318401510259
3304,5.421280890152559
3305,6.129188350268367
3306,5.857183543288195
3307,6.6087646846875945
3308,2.3369878790414256
3309,7.3010763060530985
3310,6.761174935444927
3311,8.321943576053672
3312,4.966951308350259
3313,6.249240135375749
3314,6.182038787178212
3315,4.404870332749379
3316,6.92325790326176
3317,7.743841581719454
3318,1.7462521924207781
3319,8.584903538003172
3320,7.088117849154701
3321,4.2838612168879955
3322,2.125070709084064
3323,8.280095970397616
3324,6.704059966294563
3325,6.410233445018843
3326,9.989864208304713
3327,7.435224640212219
3328,6.4507077544453955
3329,4.603637697183015
3330,7.10181351648007
3331,7.037972476796069
3332,5.678182495929855
3333,5.375166119003605
3334,5.013299088827943
3335,6.3371166640751175
3336,4.241745996271758
3337,2.589897670429653
3338,6.599722146083807
3339,4.542648766039175
3340,7.752382725255963
3341,8.248278336271197
3342,7.191565216956455
3343,5.909353229708277
3344,4.760843552968142
3345,6.773597052678488
3346,6.724006374068553
3347,9.34399396022283
3348,8.542275897970566
3349,7.566141234827313
3350,8.245370559891484
3351,5.145999966198766
3352,5.235550010899874
3353,6.969187484753002
3354,7.261691067899474
3355,6.428667312836536
3356,6.898819350926319
3357,8.026228741919196
3358,8.47563971823789
3359,6.062389027499065
3360,6.431469831196387
3361,8.08047900317479
3362,7.513166074809494
3363,6.208353126694655
3364,7.335417748914165
3365,2.2542703001688444
3366,5.076700587995235
3367,5.444375699361579
3368,7.541480278537925
3369,5.968207449055233
3370,4.374713443156141
3371,6.539556323208818
3372,6.9085116114438545
3373,7.57073215642791
3374,6.152724079119789
3375,5.538123928504225
3376,8.759552525650705
3377,4.334909773911401
3378,6.914625647935553
3379,5.7766050133312525
3380,6.83903651504772
3381,8.086267992869066
3382,3.3966668846260797
3383,6.436528111084919
3384,6.7277991611120775
3385,8.017488874409885
3386,4.298991764116616
3387,8.244225784155002
3388,8.747054572784078
3389,7.730782876900998
3390,7.9226519395535036
3391,7.912325835633808
3392,3.495710809904942
3393,6.991326277049478
3394,6.2026323951955575
3395,5.6672492575756435
3396,4.314326660943824
3397,9.446669256944297
3398,9.934196477076458
3399,2.480256762353266
3400,9.503693539399716
3401,6.032620870749762
3402,6.58328615901928
3403,5.366477302101501
3404,5.968312434976554
3405,5.9860507825151545
3406,7.681152382942255
3407,7.550387113969451
3408,6.154166115240572
3409,4.814416688551979
3410,5.034112188403129
3411,4.865589108816202
3412,4.160345485915473
3413,6.359328774770817
3414,5.8111564890804
3415,6.347658037163873
3416,5.68296714158707
3417,5.863291774453859
3418,4.668730316548679
3419,6.090686610743494
3420,5.002116781595882
3421,5.650073539421198
3422,7.40135858557483
3423,4.572791791585653
3424,7.384933975804056
3425,5.011266403920352
3426,9.274963068847129
3427,4.505239228580991
3428,5.690672375121831
3429,7.148943507812793
3430,6.140501378834308
3431,5.901698799383973
3432,2.1888845463963635
3433,7.276821206589754
3434,6.428452660781756
3435,6.375819432292437
3436,4.873640842578448
3437,4.551136426790324
3438,8.691390353312189
3439,5.289503034331552
3440,5.839015867652965
3441,2.994859348553523
3442,7.5411310777816905
3443,2.737724681074315
3444,5.6292489686457365
3445,6.8352238956382525
3446,8.979626477770186
3447,7.952916676834519
3448,5.268699094129895
3449,5.103190743164404
3450,5.164647179975612
3451,9.023037601351142
3452,9.404026292287465
3453,8.713701089020718
3454,2.2016906454131595
3455,3.8939246911907
3456,4.699087813504195
3457,6.415081066048076
3458,4.445402484414878
3459,8.601561517963807
3460,1.6085344127364936
3461,5.839320782452446
3462,6.160706677215947
3463,4.117551034534741
3464,7.247332339936126
3465,5.720304798398243
3466,7.050803432696938
3467,4.729965973925303
3468,4.6175911496761595
3469,4.184573466400025
3470,5.549488737015034
3471,4.834465375720047
3472,4.060080220834035
3473,5.2916126488209585
3474,9.202138776674289
3475,4.4891509915733385
3476,2.5047772062152722
3477,3.980916675881361
3478,5.310968975186593
3479,7.271877317840287
3480,6.60642956405946
3481,3.634704381262512
3482,6.591415337275352
3483,9.111188268186925
3484,5.172190447613458
3485,5.613929437255633
3486,6.132942938919774
3487,4.948991973129052
3488,5.604433993632402
3489,4.1412249105065175
3490,4.046620139945685
3491,8.036206845640852
3492,8.700919203955827
3493,7.436289634865622
3494,9.092260439797544
3495,6.182686945491285
3496,8.010883082110887
3497,1.9172175882658569
3498,5.922103097233653
3499,6.597197984403986
3500,8.37145032513981
3501,4.084514124378467
3502,2.485365993927773
3503,4.156151604837251
3504,3.7967237057889376
3505,1.5926121369767197
3506,6.040970190479993
3507,7.776638767405025
3508,7.126823628718636
3509,7.32081368370066
3510,4.625815623340754
3511,6.625795786728794
3512,5.854922567377579
3513,6.275624672244298
3514,6.492146414515422
3515,5.25467416506739
3516,5.099290720919181
3517,9.26466869808915
3518,1.2766442973354488
3519,6.7819989341107085
3520,5.612736249989532
3521,6.423921561380646
3522,8.947739033192263
3523,5.120469124306746
3524,7.3590564890616195
3525,9.03897721922181
3526,3.0240589829250784
3527,5.659594293405094
3528,7.76877915658515
3529,9.589294392610894
3530,8.212525253644424
3531,4.113157357161771
3532,6.165085872910574
3533,7.494275422170793
3534,6.959375157493744
3535,9.452922505999084
3536,6.53013702547952
3537,3.977750230922575
3538,7.303626179267695
3539,7.483951575864396
3540,5.616562263596382
3541,6.860857484989722
3542,7.293630443757548
3543,6.392736630482658
3544,8.27744478148755
3545,7.421285976010998
3546,7.760443085939668
3547,6.6091501079873645
3548,5.931651816077452
3549,5.301370177730153
3550,6.231966764040264
3551,8.305012268638494
3552,8.330428196272296
3553,7.905849994453384
3554,5.235535589062815
3555,7.770138892420311
3556,5.749773037245792
3557,3.0063048661896987
3558,3.3423204941265565
3559,5.3784499054246675
3560,4.1279188295967
3561,6.385606381449261
3562,5.446048398728267
3563,7.66616636117354
3564,8.478632481215943
3565,5.664224016041085
3566,5.4964727303582555
3567,4.554676518888035
3568,6.559352961519433
3569,6.956988836970462
3570,5.892772968227397
3571,6.082781252249778
3572,2.193942716186279
3573,8.440828175412774
3574,5.048497570671872
3575,4.8921722391729965
3576,7.961486747914413
3577,4.261080058176088
3578,8.518888647176194
3579,5.259573373519527
3580,4.660649175685423
3581,2.0522075231835446
3582,6.022566135784567
3583,5.608777178775973
3584,3.070766873258832
3585,8.219116701075155
3586,6.457245444436573
3587,5.241922972315351
3588,4.657874720922843
3589,4.722210426405044
3590,2.7510661142517074
3591,7.432542788860014
3592,5.84284040333596
3593,8.044853384654202
3594,6.608947527621191
3595,4.812344330040004
3596,7.841942927207566
3597,6.4658513715206505
3598,5.7044085501884405
3599,6.663460417332775
3600,4.9110267441363735
3601,6.559285426048812
3602,3.4053433546152494
3603,8.714940232481103
3604,5.113139857174147
3605,5.648003546582674
3606,1.2706823831908727
3607,4.459787422066339
3608,6.550674248166158
3609,5.507186997836402
3610,5.333659338481702
3611,8.930258738743845
3612,6.196726727813007
3613,4.876343556830522
3614,3.7075510399442106
3615,1.757929747970536
3616,7.829660916516147
3617,5.933149994040373
3618,7.434499351483485
3619,6.707398773043964
3620,5.374275466271067
3621,4.002218991567302
3622,6.369432212435245
3623,4.543862390286979
3624,8.689450551592502
3625,6.521166358303029
3626,8.974807263431217
3627,6.729686102791084
3628,6.699135835574861
3629,3.9314800702777335
3630,6.071067889809877
3631,1.5863693150502902
3632,9.444200292329711
3633,6.104571781631564
3634,5.911197286565935
3635,5.793799418483068
3636,6.327364096194283
3637,2.289376951025102
3638,5.508558958346838
3639,3.3751996951110614
3640,4.1674412686210855
3641,3.676409151867672
3642,3.5643736627359113
3643,7.714164898650724
3644,6.96317996635355
3645,7.223291838569817
3646,3.1965265233173588
3647,6.420051821719624
3648,7.4854078141533344
3649,9.584972962102528
3650,8.190285222430592
3651,7.714700504871154
3652,8.572745258156825
3653,6.435403468908039
3654,5.592213974627873
3655,8.716339280897785
3656,3.047498726516766
3657,8.656665215788546
3658,5.707435113509689
3659,4.248052237377536
3660,7.867008811389741
3661,7.094379332519082
3662,6.13968353121166
3663,5.456041081702787
3664,8.501252601294706
3665,4.262862483753171
3666,8.0483254412716
3667,6.83198559604011
3668,7.208410998847087
3669,4.696248225382492
3670,3.4753846278126863
3671,6.974184342004128
3672,3.1213551200654495
3673,6.418352734056426
3674,2.629636800239207
3675,2.308243960045588
3676,5.699438154433773
3677,5.369877036665342
3678,5.590692582998395
3679,6.379529451476571
3680,10.0
3681,5.564298919332022
3682,8.898089000455096
3683,8.846548745144093
3684,1.5114027197199782
3685,5.323594546703941
3686,7.182878635552716
3687,6.406404991402176
3688,3.141105953984516
3689,7.044628305838041
3690,5.980166174792443
3691,7.031664407401435
3692,8.109681043768841
3693,8.915727074117685
3694,6.264769619856668
3695,7.729600793137555
3696,6.496283795503043
3697,8.284736211338082
3698,5.0973697944765775
3699,4.753248225781717
3700,2.8382372858137277
3701,3.6794420740322327
3702,9.29660102478833
3703,3.6285434723375065
3704,7.521302735924807
3705,7.122024856000701
3706,3.345958956779663
3707,4.456989840351336
3708,2.6172042881467075
3709,6.112179508504214
3710,6.076635881070986
3711,8.312245338217595
3712,5.62300453878739
3713,3.798144622577574
3714,5.090354302721664
3715,7.859347333118617
3716,5.465026933344358
3717,6.285413964563248
3718,7.028144498180026
3719,6.725529390361682
3720,7.9358523648075625
3721,7.896147971376163
3722,7.176408556547556
3723,3.9466895341560613
3724,8.2799015640211
3725,6.078391717901726
3726,2.7574445967370433
3727,6.425789804613641
3728,7.308453899476582
3729,6.6440334762967685
3730,0.37553897376929246
3731,6.474489077081599
3732,5.03725315614475
3733,7.294206155039644
3734,6.765515753273632
3735,1.9059423854400785
3736,6.3243117703071805
3737,7.429569344268561
3738,5.791510004064589
3739,8.56314006704155
3740,6.743944953872308
3741,3.7561315845272976
3742,8.864379752928912
3743,4.669487962082567
3744,5.690333334820275
3745,4.804864829603403
3746,9.618101923261289
3747,7.850588859963732
3748,6.668294795689647
3749,7.370625335375216
3750,2.408592189389255
3751,3.6279818116926768
3752,6.206651926364136
3753,3.7811867586796515
3754,4.029870258759961
3755,6.317314483366153
3756,3.4390853498533733
3757,7.818026658332186
3758,7.966269156910391
3759,7.056495223538438
3760,8.948019522824197
3761,6.91965818448206
3762,4.430481122721894
3763,8.371451496146786
3764,4.635438419669302
3765,8.901831067421217
3766,3.4243646017021945
3767,5.448360599544063
3768,6.085545731036657
3769,6.1905660600879715
3770,3.76490543580372
3771,5.972402687280229
3772,3.2601876739469287
3773,4.744791874422904
3774,6.067863271524049
3775,6.5788454698705685
3776,7.488965965141418
3777,0.9564040542257617
3778,6.0937433831570695
3779,3.449587178869216
3780,2.887727230075015
3781,4.265975779849294
3782,5.35097801765523
3783,3.8520993841010354
3784,4.065915291918886
3785,8.122316609464498
3786,1.756216527841726
3787,8.226962788678602
3788,4.839138273516352
3789,7.400706096692435
3790,7.81125178200889
3791,5.109493250653989
3792,8.573989348746945
3793,4.327054214482569
3794,4.79587975946385
3795,4.534696361968703
3796,3.9726820313129134
3797,6.4780698803467756
3798,3.6477863290697647
3799,6.154493602367731
3800,5.233281743884633
3801,8.584550679994935
3802,3.99109409303488
3803,1.486205332258364
3804,9.039784603291096
3805,1.9509284107957825
3806,8.015705539575258
3807,2.9623570379452726
3808,4.041499530127989
3809,9.133673100800806
3810,4.947659601815044
3811,7.340487639907149
3812,6.473530914316428
3813,6.77348863105256
3814,4.837846697572479
3815,6.896955445672275
3816,5.432903379122489
3817,6.322508440617746
3818,4.676577074170037
3819,5.9279664073694756
3820,8.429001922589045
3821,4.22907454935537
3822,7.977924103489941
3823,7.193869675735034
3824,8.553764009258803
3825,7.8147039909046585
3826,4.607083848002597
3827,9.414615250622674
3828,6.342352223617508
3829,5.914311952967755
3830,6.402803638450132
3831,9.123184005001775
3832,7.585409340120135
3833,5.219108166102897
3834,5.826027103901813
3835,8.642690814997753
3836,5.778556576951202
3837,3.647187063056272
3838,6.770261855477092
3839,3.7167695256110256
3840,8.787070136454469
3841,7.151265022516688
3842,5.720419039465632
3843,5.541134007651062
3844,4.617187095652103
3845,8.864249097883338
3846,2.86141737621796
3847,5.745091551372279
3848,6.52937587652702
3849,3.81556983943591
3850,9.111838104973796
3851,3.30844921208148
3852,4.764092407503854
3853,6.111933359722344
3854,3.3187965155747023
3855,4.142372899985224
3856,5.379479525848665
3857,7.147249171964402
3858,9.464359877959541
3859,3.724872782704575
3860,5.645545866135358
3861,6.749055274466634
3862,2.420147402447202
3863,4.726639669558853
3864,7.977105808245016
3865,6.258826520027029
3866,5.6878953245351
3867,6.480472920825424
3868,4.283665623712445
3869,6.269555637574372
3870,7.1152912173493235
3871,6.340052367235484
3872,5.77594931923327
3873,5.584380225179568
3874,6.793600061660983
3875,6.114343116140474
3876,7.831758045822732
3877,6.809501388608022
3878,7.00963024467227
3879,1.8362122195206423
3880,7.151056236276165
3881,5.2071823929408065
3882,7.195830021827313
3883,8.320170094673447
3884,8.021728762066129
3885,4.174113055154274
3886,2.3205799807460012
3887,2.3976935026425528
3888,7.725403539058411
3889,6.601137106812008
3890,9.19715457018973
3891,6.651359393169637
3892,3.0534344637266244
3893,3.0725697400934893
3894,7.485053439878584
3895,5.846821805136307
3896,5.447742543124918
3897,3.3636400200821597
3898,6.448320544630754
3899,2.281864768266389
3900,5.165153042836193
3901,7.280281850911241
3902,8.410907896216596
3903,8.77797731937535
3904,6.1663791031717805
3905,7.293530018574883
3906,1.3029527443106828
3907,8.657743144822966
3908,3.8364217829343454
3909,1.1885214777152244
3910,7.327877409978223
3911,6.940150489741651
3912,4.086328814958078
3913,5.008372965478136
3914,5.209591958240932
3915,6.132056812885615
3916,9.347132971323958
3917,1.9070209142918833
3918,6.363585176531424
3919,6.414354746010309
3920,0.4707677020112717
3921,6.361307858303718
3922,3.2650722114993034
3923,7.096800584904567
3924,5.7354100524290414
3925,7.916987636040901
3926,6.4873404570872015
3927,3.0049930240425917
3928,6.705218442788161
3929,2.1922824904885188
3930,6.250171972272008
3931,4.385226933530161
3932,3.5127135699016048
3933,5.710634877637145
3934,1.5269376814361975
3935,4.580521628305849
3936,7.497303176537486
3937,5.092742545153261
3938,4.392247921283923
3939,4.727234615123983
3940,7.32535386613344
3941,3.2192847709272407
3942,3.354676838907027
3943,6.386281031628073
3944,5.0789304693955035
3945,4.327699736580716
3946,5.861056484493473
3947,8.218400042711558
3948,8.524084787919996
3949,3.5242063223502997
3950,2.295353337384198
3951,5.954321472426041
3952,3.4566319162668107
3953,6.709029839703694
3954,6.238698637074607
3955,7.343111809553052
3956,5.746439985522391
3957,5.594806581022551
3958,4.5832284214494265
3959,8.114693639155233
3960,7.579067577311441
3961,3.8140004721052145
3962,7.447982730661009
3963,4.207902359056137
3964,3.823914560847085
3965,6.5116688850612165
3966,5.586762639461241
3967,4.790136290921731
3968,6.904280025669857
3969,1.3489060256028855
3970,9.161163932487694
3971,8.700283342718963
3972,6.253511025242506
3973,3.7120603771214493
3974,9.209927277763434
3975,4.859225799256176
3976,8.840540460337687
3977,6.152895149497007
3978,3.064556801700692
3979,7.084806950860537
3980,5.350146099938163
3981,7.857011205081772
3982,9.950378469203924
3983,6.775465100162941
3984,3.329190985953404
3985,9.594340841760673
3986,5.284664006842352
3987,5.375006666101298
3988,7.086207136641823
3989,7.37831993137277
3990,5.633950625767345
3991,2.170731909019292
3992,5.7008924279097
3993,7.97337993545773
3994,4.269566364643996
3995,4.0243392407914556
3996,8.619263242640672
3997,7.902942542393327
3998,5.573242271834264
3999,5.304179591363271
4000,4.6748668167044345
4001,5.76155502832112
4002,3.9401372811980933
4003,4.390382213437741
4004,5.115500686609895
4005,5.14627138655912
4006,7.02894363996997
4007,4.966356317750422
4008,8.69714182738903
4009,7.334443601013266
4010,5.72713166831224
4011,6.801647733854044
4012,2.3499993185109775
4013,3.1509844257838298
4014,3.388107296221561
4015,5.00106923509641
4016,4.161158707437842
4017,3.420170767370255
4018,6.466651081938449
4019,5.618374971302824
4020,9.198093762627376
4021,2.104558826604867
4022,8.342255306212218
4023,5.660587168287926
4024,6.402774494805598
4025,2.115257054441783
4026,7.471897885707068
4027,8.066371925131676
4028,5.505196578491666
4029,7.377764649350498
4030,6.181191803804025
4031,7.8991463852369055
4032,5.079326706725372
4033,9.063299895029441
4034,6.5577417912691
4035,6.350139258242154
4036,9.72187329167311
4037,6.845867756432357
4038,5.538183888365205
4039,4.625523251303992
4040,3.185400072078267
4041,8.306415884009509
4042,7.197735662315361
4043,8.164626735019704
4044,6.37209624795041
4045,7.908375128930363
4046,5.044009444955344
4047,3.3582777845268454
4048,7.205292714190455
4049,3.942453865530278
4050,4.92521754549832
4051,2.113173002996108
4052,4.025742253811595
4053,6.016475876211518
4054,7.901199215450881
4055,4.406774113721621
4056,6.696354814909228
4057,7.696492483048328
4058,8.253917599444275
4059,6.7941004409629056
4060,8.018073822141773
4061,6.602562783570249
4062,2.9397973357469667
4063,7.679298186604878
4064,6.116087116746268
4065,2.588881059877898
4066,6.548179446756709
4067,5.642690982332042
4068,4.803563439071201
4069,7.593804597725811
4070,7.199490652399291
4071,3.0748162245555646
4072,7.355900941250903
4073,7.980025128550119
4074,6.172389813401624
4075,6.5007253831727105
4076,3.946878444014242
4077,5.653982450718104
4078,6.679393643619231
4079,6.688699904991515
4080,2.4893674017205094
4081,5.496757246968963
4082,5.292985628921408
4083,1.9733449294275713
4084,7.030359396252402
4085,6.395178608240004
4086,7.987771062678338
4087,5.571438505068715
4088,5.947279875224936
4089,4.49004917706834
4090,5.100639021465186
4091,7.850221699687557
4092,8.005536398428108
4093,4.497362992222963
4094,8.511382958690618
4095,7.247503517531541
4096,7.2734882761232615
4097,4.487381368892432
4098,7.76194690740542
4099,4.983500646989354
4100,1.1835518624573966
4101,7.382167910663541
4102,6.803521808609564
4103,5.363347721520072
4104,3.3781278688160774
4105,5.818111432715121
4106,7.5052539947629
4107,4.908221613475673
4108,5.9941493981265435
4109,5.347053781904986
4110,5.546427523521203
4111,5.028087909202946
4112,9.135976805288644
4113,4.136879086727043
4114,6.994735377585106
4115,6.016281901156752
4116,8.917712028915744
4117,6.358624377464391
4118,1.5661773714944642
4119,6.36430229613688
4120,5.31919581861231
4121,4.701852189939775
4122,7.945815739555111
4123,5.664155205867349
4124,8.553108846755618
4125,5.061537784616916
4126,5.181967382335139
4127,4.11733530922387
4128,3.778978687652355
4129,4.32603141073454
4130,3.595822883654455
4131,6.462807944477336
4132,7.636547636291855
4133,4.767213026293053
4134,2.623097111620944
4135,6.06495456206022
4136,6.063664663806379
4137,5.242870036767777
4138,1.923399600014783
4139,7.089845214294572
4140,3.987688981937023
4141,7.952289482591874
4142,3.657139493240329
4143,7.94214526727984
4144,4.520204710390329
4145,5.354772037372338
4146,5.936012971461063
4147,4.652341025201016
4148,5.862678301530324
4149,7.141848788340427
4150,3.3815703725358297
4151,8.819239816023924
4152,2.4741861090831017
4153,7.463473462736094
4154,7.488132660618349
4155,8.289673709599267
4156,2.9069546234202903
4157,6.150807770693535
4158,4.454702114946198
4159,4.473288576985171
4160,5.788940896497994
4161,6.9505341479409
4162,4.830690748452717
4163,5.6997683313850604
4164,6.403575454390758
4165,3.1371319416068837
4166,1.212625081383826
4167,6.469476363923375
4168,5.050893847415933
4169,5.0783869255252165
4170,3.2358824343257604
4171,2.8721943125289764
4172,5.194184559138351
4173,7.826335185389764
4174,6.560377806136411
4175,7.308417442781477
4176,5.0831607818831435
4177,6.584407224477744
4178,3.3721014629847477
4179,7.416525675428046
4180,7.004297283380277
4181,3.598578847865432
4182,7.7414561450240775
4183,5.016440672824649
4184,5.522184038035983
4185,5.2770531986422435
4186,6.577159007094666
4187,8.482818642615147
4188,6.908803877882455
4189,7.780014096961384
4190,4.535732425461383
4191,6.9227939135988965
4192,6.968554219072875
4193,5.593944907907996
4194,3.0815918905798925
4195,8.359475350221931
4196,7.012507397705617
4197,3.0834698165874563
4198,3.802043260280511
4199,9.452142964255462
4200,5.877748186016194
4201,8.616611404403063
4202,7.176170689954651
4203,5.86704662302933
4204,7.603852557615529
4205,3.472033972249029
4206,5.609216483990757
4207,7.585560863842421
4208,2.6852027312058855
4209,5.855926528499675
4210,5.050456721421604
4211,4.555619922950109
4212,7.543130478138387
4213,4.611608401841929
4214,6.368314415012197
4215,5.723357556973619
4216,6.337449656307403
4217,6.769024802566315
4218,5.266028047090445
4219,5.721646716422613
4220,5.8100832034286585
4221,6.599008897843917
4222,5.097673112092972
4223,7.596726889864952
4224,4.662996012798715
4225,4.595749254433675
4226,7.285574238420702
4227,3.9411069982191567
4228,1.4581636732444139
4229,3.296090600273271
4230,5.476834061830089
4231,4.908043746829438
4232,6.495162908613711
4233,3.537191361388772
4234,7.129176283911078
4235,6.257026813188057
4236,7.564911652881583
4237,7.1569028268322725
4238,5.8836612633209775
4239,7.838023277175161
4240,8.372803819964092
4241,7.363373982863064
4242,7.58885227954965
4243,6.4967786029434045
4244,6.470708106976919
4245,6.826566500172138
4246,5.282925560486975
4247,7.769111714559465
4248,3.6522630150860618
4249,7.810092456072759
4250,3.374996071625118
4251,2.0456901526592146
4252,7.834828912038496
4253,3.87707351407811
4254,5.231360725202597
4255,4.453640884396222
4256,5.609826008724403
4257,4.974231739770435
4258,8.38072685726647
4259,9.198454815500867
4260,7.097643403057811
4261,1.921706614845606
4262,4.969596368325565
4263,5.615655577420071
4264,3.294436071141255
4265,4.547149100841457
4266,7.17933274062281
4267,4.430059881732889
4268,7.112017357506072
4269,4.982646536842804
4270,3.435002620852298
4271,8.71221211026163
4272,7.005977746629893
4273,4.2282278211772315
4274,3.9050422763526345
4275,6.187797016009573
4276,5.706872158742978
4277,6.941393799496136
4278,6.788566079121164
4279,2.93130331465688
4280,8.279699513138642
4281,8.50772844250328
4282,5.346590613675332
4283,4.7631360512415215
4284,7.042616835029088
4285,6.415717117911457
4286,5.246371997898857
4287,4.332840244621781
4288,6.1465647372412295
4289,6.392340688837756
4290,9.204528745949986
4291,5.36516684581541
4292,9.079669973735506
4293,5.388701953890949
4294,7.475550347686744
4295,4.643755555871254
4296,5.380251394082671
4297,2.7688202522466283
4298,2.075814574356172
4299,3.56373919697078
4300,7.478895947041416
4301,5.333321341815179
4302,8.10566252665022
4303,6.350474907552666
4304,4.639640544796919
4305,7.270458526238841
4306,8.242072425334655
4307,6.810284989557193
4308,6.617105384882379
4309,4.9248053087902965
4310,8.19954799497727
4311,6.8269833154079524
4312,7.983770604427291
4313,6.333204934256339
4314,7.88573869172918
4315,4.676582658211151
4316,6.24099492761085
4317,7.138155818675639
4318,6.056110788082538
4319,4.538087253805969
4320,6.213804337361812
4321,3.4755443595901037
4322,8.282066989431344
4323,6.462029787682994
4324,3.9600405587852467
4325,8.549642777398187
4326,4.6332553935506064
4327,5.946062627279836
4328,6.488322829700273
4329,5.060784079315129
4330,4.665595843170433
4331,2.2699987568183824
4332,3.6295442863389438
4333,4.087115547635819
4334,7.044215616042838
4335,5.229681441296179
4336,5.246207998839295
4337,4.910030446473058
4338,6.810211525911106
4339,3.8398982374910946
4340,6.354106893148392
4341,3.4052800100415297
4342,2.8872234767993614
4343,3.2411623942321435
4344,5.369828512940861
4345,3.4019790317422895
4346,4.001460786726576
4347,5.559975141879704
4348,6.565538287566492
4349,6.818804804771178
4350,8.336911011486931
4351,8.578154628405873
4352,7.583229246129885
4353,5.948000288423371
4354,4.530625021947623
4355,6.078738407683648
4356,5.48874982367296
4357,6.447392354302719
4358,6.08944381989662
4359,6.4681460475837955
4360,6.084792807893835
4361,6.4252929231029805
4362,8.309710499541627
4363,3.097666474777963
4364,7.559724625669066
4365,8.746941837546121
4366,8.185353084401012
4367,4.38079751663091
4368,9.606257036731593
4369,3.2267222499977177
4370,4.971855378691703
4371,3.3418813661497433
4372,2.4440576536027607
4373,8.920594360703769
4374,5.13453570906106
4375,6.443739405386674
4376,3.1237646170973203
4377,7.101613473473996
4378,6.731191793277638
4379,6.377717535147034
4380,5.5470276520625035
4381,6.3474018735869775
4382,6.048441320322183
4383,5.267369323439008
4384,8.017787273890594
4385,6.775081897387083
4386,9.657683783437857
4387,6.059200829669124
4388,7.108193719895821
4389,9.20597816154965
4390,4.134640973682195
4391,5.316934070416444
4392,9.261934820778894
4393,5.594152762991237
4394,9.194997644673526
4395,7.241491454474566
4396,4.684415827079833
4397,2.3308987946477453
4398,9.503948045830748
4399,6.758734477807239
4400,5.542961690993486
4401,3.647267733530174
4402,7.18649123241437
4403,4.574042231093898
4404,9.376244916696624
4405,8.243194944631723
4406,2.338587690685606
4407,7.779383674782708
4408,3.546632936698877
4409,7.29378681747411
4410,4.82655878060055
4411,3.2832667789998684
4412,4.461823115886706
4413,1.4562138363729158
4414,5.264400012668395
4415,4.227262929910361
4416,5.1814534606810145
4417,5.4355296696002515
4418,5.114187545405833
4419,4.272460046755753
4420,4.550295007739395
4421,7.320347736452077
4422,6.356523869476769
4423,7.05209190309349
4424,4.687497060465653
4425,5.5667037436396125
4426,8.537384920847053
4427,4.165178612488996
4428,5.228949839066548
4429,6.382633370745752
4430,5.316967651370305
4431,3.8696556923277328
4432,3.345421332643608
4433,8.258375920980722
4434,4.640632406338501
4435,6.190205412009728
4436,5.7922851261249235
4437,2.381061919546581
4438,6.412706292240573
4439,6.264383622642801
4440,8.213946420033956
4441,9.256852563095588
4442,5.835012101047615
4443,8.866375663099959
4444,7.241085793760302
4445,4.032532133509449
4446,4.895934447180576
4447,5.751383954520253
4448,5.820634746171138
4449,4.918370609240728
4450,3.7004550162697667
4451,7.188175218794697
4452,5.555101536579749
4453,6.125752918773162
4454,4.283182118717193
4455,6.360536010473425
4456,8.36222097115848
4457,7.002109771629098
4458,4.749060359852278
4459,9.341660644360232
4460,7.699684072992197
4461,7.163767731261548
4462,3.5372109723915584
4463,2.698584227578254
4464,5.8353338371181644
4465,4.556730819396609
4466,8.098422748570059
4467,4.371473858569132
4468,6.853568800062947
4469,8.658678280410646
4470,6.22124721580526
4471,7.8416319795610825
4472,3.8075186498611395
4473,1.665729675280672
4474,4.829146331132935
4475,4.786858224926386
4476,5.671854668396099
4477,4.049223858404478
4478,4.026628553893307
4479,7.276872625454533
4480,4.545837329497729
4481,6.49793770532055
4482,5.702494565075966
4483,5.427287337289116
4484,7.602903826993039
4485,6.8395416924078045
4486,4.59768466279993
4487,9.708140808812
4488,5.447282400485661
4489,6.332468323421876
4490,5.452443253797562
4491,5.542028380719655
4492,9.505791435292
4493,5.108142319062212
4494,8.419733746864452
4495,2.380776525090474
4496,4.5430182799126655
4497,4.6124748852402275
4498,3.2482256234460913
4499,3.859388066005708
4500,6.0339346463196755
4501,6.0693586145327405
4502,2.10213056138137
4503,1.8155308998672686
4504,4.467919415025673
4505,7.560029429977412
4506,3.4361946547191256
4507,8.622061080388765
4508,9.086270859253492
4509,6.220455931239478
4510,4.43227096093934
4511,7.323356377979385
4512,7.337490792813109
4513,7.192831981620453
4514,8.915867587645117
4515,7.899536335928756
4516,4.387067652892626
4517,6.7275354202102005
4518,6.740994609122099
4519,1.1096901353048159
4520,6.986519429335331
4521,5.197125865052455
4522,4.802110969245734
4523,6.884311285113781
4524,4.497781702182973
4525,6.907682284207945
4526,6.628990503007575
4527,7.993601238116646
4528,7.254832853542588
4529,6.953937992563832
4530,7.170254355067006
4531,5.1286514386726365
4532,2.968859735560398
4533,9.523816798976956
4534,9.490676813366248
4535,5.676580448196636
4536,7.626923645181208
4537,8.346579358855642
4538,5.552090406245096
4539,7.149178524066642
4540,3.132067483984624
4541,4.533122757540436
4542,4.107549596193352
4543,3.9766821929619494
4544,6.761795459111299
4545,6.130099673639008
4546,5.256922852668864
4547,5.227265645451966
4548,3.7597947420078555
4549,8.938286770488233
4550,7.137387339621208
4551,5.130390826436434
4552,4.422508072360518
4553,7.890991377502399
4554,4.25760705511926
4555,9.805179308864929
4556,5.496418809109754
4557,8.406783650335509
4558,3.3295726043946994
4559,8.006439952555887
4560,6.678915038006779
4561,7.369346324714375
4562,3.5603119542822195
4563,3.8171180350514193
4564,7.676518221908331
4565,1.8778560642552122
4566,8.022483722184461
4567,5.472195687140412
4568,5.177897133195153
4569,5.8288560980469
4570,5.6799409714243465
4571,3.816786888455506
4572,6.735075291733933
4573,7.090763249508546
4574,6.046234004464823
4575,4.031382456467431
4576,6.032255792669134
4577,4.36689970193491
4578,6.2946652647010035
4579,7.369977472034303
4580,8.504204868487633
4581,8.614899601104398
4582,7.886912426490237
4583,8.703120685662311
4584,3.7548776975211475
4585,7.174978869701384
4586,7.624286481535477
4587,7.479364946856511
4588,8.164584623175893
4589,8.28146487854488
4590,6.114405260217084
4591,8.156676233635944
4592,7.187157455745666
4593,6.4879010212093196
4594,6.217681783236578
4595,2.6667724613972768
4596,3.8543599589960764
4597,6.920216440290659
4598,7.454009891905404
4599,3.3206884469810847
4600,6.940303624616349
4601,6.215104196439209
4602,5.499058661903751
4603,8.28236718525159
4604,5.443056930403397
4605,9.269786347434387
4606,6.45341561563351
4607,8.356472455033598
4608,6.961739507071789
4609,7.238521639537253
4610,4.159368730828081
4611,5.385149149604352
4612,3.4032941634624256
4613,4.029158133468642
4614,7.5552297481349555
4615,6.761310505485223
4616,7.527623559495357
4617,7.86487161100926
4618,5.770601058237752
4619,6.570060370791332
4620,9.258022112102044
4621,6.934443653200722
4622,6.527902364511678
4623,3.655363470284728
4624,6.093594800297277
4625,2.414291797949253
4626,7.057434400099432
4627,8.921345905769387
4628,4.702177374012022
4629,4.602184861597138
4630,6.052750000459554
4631,5.302988913647846
4632,5.399448639608534
4633,8.366453460560628
4634,7.030235031214116
4635,5.527000971877019
4636,6.058839148984402
4637,6.2031233524997536
4638,7.4069481603134975
4639,5.3576658725729285
4640,8.686304155693817
4641,6.492829821474943
4642,5.528033872316388
4643,7.269022502780761
4644,4.884338687219965
4645,8.603164175895149
4646,6.540143750916506
4647,3.5462554137885
4648,5.952185756409492
4649,7.433031303424299
4650,5.662673209954415
4651,8.978955893043109
4652,5.709660701632765
4653,9.356219555849922
4654,6.779634863419284
4655,7.876724624364925
4656,6.846080461367007
4657,5.393752858685108
4658,3.564993303701041
4659,8.278702867001964
4660,6.886036957422828
4661,5.919259214970237
4662,1.693184258111657
4663,8.470811607473388
4664,6.201510671631335
4665,4.073209878989129
4666,7.188928704208625
4667,4.615409247747957
4668,8.252100506589123
4669,5.1394662272451335
4670,4.792001907048241
4671,8.321390779204908
4672,4.324711419304011
4673,8.541822787025938
4674,8.744623313811653
4675,3.1149623263868236
4676,8.160924086146343
4677,3.174193267621126
4678,6.074110275860259
4679,6.172855616472093
4680,6.181392150437366
4681,6.994835278924542
4682,2.0675593706880564
4683,8.15500752684925
4684,8.558914673881354
4685,5.724997193490432
4686,7.989007830007546
4687,4.1037026356060124
4688,6.728827017084623
4689,9.728819690640407
4690,4.186351335786058
4691,7.294351354254259
4692,7.16662606402393
4693,7.88909500459867
4694,5.432137255965948
4695,5.295073981490323
4696,7.3662126738754266
4697,4.337767716496067
4698,7.888292563762401
4699,6.946770495787829
4700,3.8161083200964776
4701,4.854035907924812
4702,7.1712914194056365
4703,4.866699452189756
4704,4.9366325296598985
4705,3.561913202585272
4706,3.2743220121036556
4707,5.251253944651418
4708,6.129365637562542
4709,4.470790862341075
4710,7.454721941622397
4711,5.256200416079806
4712,6.541631352979738
4713,5.078067234295386
4714,5.361195622966526
4715,3.7819163856188363
4716,5.797754004076672
4717,4.545809667867927
4718,5.6741028399743145
4719,3.9692385757348765
4720,7.4948161620193
4721,1.8569424264079384
4722,4.826546206254658
4723,7.633884715799274
4724,5.746179497827743
4725,4.1872211327664735
4726,5.353725827039806
4727,4.292403746715054
4728,8.18650016870455
4729,2.4539723106241773
4730,6.767674136336341
4731,5.655623749395473
4732,5.795135244293819
4733,8.358340406805155
4734,7.3084225136039125
4735,8.11155396492951
4736,6.679634589218511
4737,5.8567201816286385
4738,9.073170790909167
4739,8.6472621727478
4740,5.675450940574821
4741,7.321198813146134
4742,5.728796674870866
4743,6.119558082566184
4744,6.04956931637327
4745,5.82753934134397
4746,3.489499735273376
4747,9.194452273689695
4748,5.117565935681657
4749,4.879550859126935
4750,7.804833550452188
4751,6.443542454202872
4752,7.110981573666591
4753,0.9747933171524332
4754,7.24971328665116
4755,6.783610069533497
4756,5.4603054767323105
4757,8.15265575360435
4758,8.478531531825539
4759,4.818894948174703
4760,3.721306504306234
4761,5.811989031477
4762,6.443686977771101
4763,6.4770017938372515
4764,5.042538450323013
4765,7.004054809718584
4766,6.528294263779804
4767,5.747521911975662
4768,5.004913593801945
4769,2.7814200534516083
4770,3.2493783753230763
4771,5.379337448464087
4772,6.809243631087168
4773,5.630275978992724
4774,4.622752188381705
4775,7.008011948726308
4776,6.461385525577595
4777,6.883141383162923
4778,6.149584706313383
4779,9.224797442472656
4780,6.211004332088601
4781,4.6311673354437675
4782,7.325108008120866
4783,1.7809781975248669
4784,5.114515968594657
4785,5.290061186884755
4786,7.621931546475858
4787,6.289694846313526
4788,8.854319796545155
4789,6.39883205997305
4790,6.232615411394807
4791,7.77299219457022
4792,5.364388966081715
4793,6.48579004481771
4794,6.261518174681479
4795,6.508971936136493
4796,5.989859064930338
4797,2.8785525409623007
4798,3.3847392565428565
4799,6.013927854521318
4800,4.865487419948936
4801,9.42349091299264
4802,7.377968511434384
4803,4.7907864731158405
4804,6.410913927165641
4805,6.195343006289954
4806,6.39410919335419
4807,4.694928069622941
4808,6.1347700625709045
4809,6.151268604582604
4810,7.1839536749466575
4811,2.645057116331275
4812,3.914815222159272
4813,7.334087988544594
4814,2.769773207887206
4815,6.413326837301291
4816,5.442682677514735
4817,6.388790684170616
4818,5.890611218835463
4819,5.284816411722192
4820,7.983052980877966
4821,5.713257570581531
4822,4.60959766241332
4823,6.558163584166949
4824,3.7804480711227546
4825,7.971372631285646
4826,7.35761848372394
4827,4.932141802880173
4828,7.800812148952654
4829,7.187748280787064
4830,4.803251278332709
4831,4.82814919907802
4832,6.600599949670455
4833,5.93113557376421
4834,3.4959441367992077
4835,4.493795316409363
4836,8.447044660328743
4837,5.248753121286816
4838,5.612485730953321
4839,7.78401550198985
4840,5.794788609650155
4841,1.610555616041359
4842,6.81379800829684
4843,7.911443050664554
4844,7.154327946025924
4845,7.7751687500087785
4846,6.764517590309873
4847,5.306906983505389
4848,5.735334397181424
4849,3.354899118629034
4850,1.8817503400452988
4851,7.510761951120337
4852,5.811755655031275
4853,4.134010226582918
4854,7.058963730094333
4855,5.277678498310828
4856,2.8624392349837513
4857,6.465175892097554
4858,6.002004712239847
4859,6.621105497460282
4860,8.865721799642829
4861,5.806911870355573
4862,5.556195296866303
4863,4.598344128313096
4864,6.576714076030264
4865,7.257262931908563
4866,2.1320856351947612
4867,3.442413050605565
4868,6.057932220557539
4869,5.430493226925224
4870,7.478454269227258
4871,6.96331740680572
4872,5.383190037089241
4873,4.550193571613766
4874,5.2558288880597575
4875,7.054176281977109
4876,9.111153648004109
4877,5.807726454261338
4878,4.7363491197936085
4879,5.73504897874933
4880,7.055735354162708
4881,8.80569481390409
4882,2.4551567516688264
4883,5.091642037216921
4884,5.730289772227847
4885,6.990487542844264
4886,4.236429455506032
4887,9.596855104729377
4888,8.507189000365129
4889,3.6834197624948946
4890,3.5235226498434042
4891,5.4823455016890295
4892,5.590461695977116
4893,4.927020065258624
4894,5.042364035262009
4895,3.789669453421991
4896,5.744927322084665
4897,8.16674278921435
4898,7.537117628166017
4899,7.294850696863104
4900,6.530553027128027
4901,5.314564797420499
4902,6.284592448942095
4903,5.281225764833312
4904,5.56388647197921
4905,5.789477023632651
4906,5.353121415694611
4907,8.377952430310442
4908,1.809418322181263
4909,8.058051164167296
4910,8.12290393695387
4911,6.152421491778363
4912,5.757461639763457
4913,6.993518154783983
4914,7.467274967392252
4915,4.950313574998403
4916,3.7585288237365613
4917,5.805926762088156
4918,4.165140992938298
4919,7.603320828760031
4920,5.858005074603287
4921,6.789985224626346
4922,5.164649205237359
4923,5.6205629295454855
4924,7.965331283997186
4925,3.0073418116676525
4926,3.2104959970461975
4927,6.227357053617722
4928,5.631374120670014
4929,4.608437537740469
4930,8.382007441019606
4931,5.502902357953212
4932,6.532237186385691
4933,8.244208529899703
4934,4.600567009795761
4935,7.913777533746439
4936,4.9136108534634735
4937,6.765290466310154
4938,2.4377153602965587
4939,2.4733207257243195
4940,6.060494162907219
4941,5.177277756855099
4942,4.4204048587901665
4943,6.343771126568199
4944,8.88488668126021
4945,6.347552282923706
4946,5.723234505986172
4947,7.998238854081845
4948,1.2102651826129387
4949,5.566055386875613
4950,2.82776890004758
4951,7.769671676812461
4952,5.376405774561355
4953,6.203123851742742
4954,4.82429050780145
4955,5.213368269046336
4956,6.758748039217182
4957,7.533889239994457
4958,7.169219772689292
4959,3.4456153079116607
4960,5.899697560662166
4961,2.932133899569215
4962,7.859161787064884
4963,6.121611496533759
4964,4.46089332532318
4965,7.31162367265844
4966,7.436337103166199
4967,7.5737372553799345
4968,2.5266609957396753
4969,6.298078730424964
4970,7.193728414098491
4971,5.31459570100142
4972,4.963620432746799
4973,1.38313690966421
4974,3.2613600637681945
4975,8.361762329840424
4976,3.2539607342499655
4977,7.988553991848557
4978,5.8138338700479535
4979,3.0880566624834276
4980,5.916413772583244
4981,6.15664938898247
4982,6.842711609427447
4983,3.8679492272990093
4984,8.020069207011414
4985,5.349439846842953
4986,7.417225186826554
4987,4.005890321799901
4988,3.2364769946642364
4989,7.1122865353576765
4990,7.962390032816275
4991,6.141896067503582
4992,5.5493841053037265
4993,8.2569929374927
4994,6.296650584319552
4995,6.979998069048841
4996,7.511719350445457
4997,4.666689210150163
4998,6.29485522038706
4999,7.360728954529284
5000,4.886266088862181
5001,3.652637944040395
5002,5.1002116378961855
5003,5.36393302999295
5004,5.909850942137256
5005,6.916974649612593
5006,4.897210899514093
5007,8.0398381538476
5008,3.6511361002054397
5009,6.318056727068887
5010,4.4806488978346355
5011,7.07120676414488
5012,8.000303872901691
5013,3.5300383832050253
5014,4.587760048124153
5015,6.249328921778952
5016,6.667431371778575
5017,4.750510373563553
5018,6.275638414170549
5019,7.754242082448637
5020,7.777872600443947
5021,8.6234458648183
5022,5.655219458094839
5023,4.916817753060632
5024,6.855385110190717
5025,3.676319630447115
5026,7.581137957462499
5027,6.203869111294146
5028,5.310720202539086
5029,4.245663322561421
5030,3.8680374189738993
5031,7.3690957479878385
5032,8.858993577138351
5033,6.467388133077019
5034,8.847734506697957
5035,3.44551213393373
5036,5.644609930286075
5037,7.365078213418705
5038,10.0
5039,6.338129418024232
5040,6.087398769068591
5041,4.786249902465401
5042,7.682065290611403
5043,8.225918433483077
5044,5.360533852616095
5045,6.260066901295674
5046,3.926790115414528
5047,4.195371568333862
5048,4.500314138011729
5049,8.61945156242776
5050,4.0554759691245605
5051,4.092591746494065
5052,4.807263511308857
5053,7.35813447555965
5054,3.1534018563267745
5055,2.045475312740856
5056,7.109248138713241
5057,5.980890062526976
5058,5.6846660759874865
5059,4.725653199245431
5060,5.63235398787922
5061,6.410792684467999
5062,7.148959486458535
5063,2.2025211420335165
5064,8.902752419396364
5065,7.636523697865416
5066,5.728078567848895
5067,6.174598202459788
5068,8.773826876987636
5069,4.5600726825984985
5070,8.662826581260077
5071,7.580744763800133
5072,7.111225228970648
5073,7.735889004844452
5074,5.06755584694336
5075,4.675316566238882
5076,5.922728723130864
5077,4.308653801789033
5078,6.171574607473094
5079,3.9258809589830452
5080,7.408846244794766
5081,7.499204118788031
5082,3.8689150716677583
5083,6.947772545590299
5084,3.9693469943403237
5085,2.4311738752057024
5086,5.7251355004882765
5087,3.681791696042249
5088,7.730696286362945
5089,5.523784797318399
5090,5.80696590617098
5091,6.058307063991354
5092,3.768486785952918
5093,8.350869520507871
5094,4.825465884300781
5095,4.915722382048871
5096,0.6419936690738899
5097,4.492382831882604
5098,5.535310989426995
5099,8.561320174280937
5100,4.508721145526259
5101,6.364672668003747
5102,7.873578936144816
5103,5.775290251168256
5104,8.884917958032542
5105,2.491119272770548
5106,5.925035480904522
5107,5.768629546898181
5108,4.822721047325766
5109,5.337950694171091
5110,6.375160463731608
5111,4.689601015792201
5112,6.844797129066047
5113,6.341127650385992
5114,4.700228468201147
5115,1.414298757197753
5116,8.871142183239385
5117,6.361822432451499
5118,4.6465842221366565
5119,4.0437818997783
5120,6.473788925035287
5121,5.751321121276879
5122,7.257257240828986
5123,8.178444809825276
5124,6.601782009060466
5125,4.282428581536581
5126,4.200529569216818
5127,5.335301164557187
5128,5.578984976757591
5129,7.640625519664196
5130,6.189445639725113
5131,8.892498465025819
5132,4.282401785718887
5133,7.776328468378619
5134,4.451324317522641
5135,2.8680826498662366
5136,7.49511819425849
5137,6.382346056696259
5138,9.184527528046921
5139,6.2198422644432085
5140,5.050245280565073
5141,0.0
5142,5.813700852937599
5143,3.716446083648128
5144,4.799902812742789
5145,7.001934592522783
5146,5.367675648692032
5147,5.24353809962072
5148,5.971742214332359
5149,3.3488840812787495
5150,5.350149434105582
5151,6.740274259164498
5152,8.662625954947071
5153,7.047884868255129
5154,6.019216757820705
5155,5.476555330116897
5156,5.068314428014825
5157,7.2298987965168
5158,4.132713975942048
5159,5.3217839977630215
5160,3.9889886126187206
5161,3.9096413705740263
5162,7.577880287432471
5163,4.815584147363603
5164,7.89099607753631
5165,7.9899493211112596
5166,7.5754154845668955
5167,3.3215489913707366
5168,9.686669191594232
5169,0.9962742835287228
5170,6.1827525020984035
5171,4.947077586796864
5172,5.8256985140055235
5173,5.62352832107811
5174,5.746619643731587
5175,4.811642970477135
5176,9.274102006391088
5177,8.88160750793565
5178,8.08165915952072
5179,1.129261293615869
5180,5.680862135979176
5181,1.0047879971659492
5182,6.539052392751885
5183,6.4904570621463025
5184,7.353980617129283
5185,5.344207547944343
5186,4.97962878667059
5187,6.101906271904279
5188,5.208541141550945
5189,2.6845084983270526
5190,5.990439922575025
5191,5.796907064109867
5192,6.161037485535861
5193,7.604080324751132
5194,5.317108959562401
5195,3.32962458072714
5196,4.3119016944265045
5197,4.3871668146052825
5198,3.6553432312521386
5199,5.490972079759603
5200,5.5930717681265385
5201,6.146252454481665
5202,7.318985230944016
5203,2.9839135603278706
5204,5.160742098605614
5205,8.976207449529324
5206,2.679319811784202
5207,6.918509962784169
5208,4.262621379821137
5209,3.545314429426711
5210,7.189635967032935
5211,4.657512548053896
5212,7.459793727051775
5213,4.347848659327772
5214,6.980023127011161
5215,9.168948611910306
5216,8.367281397243817
5217,3.2613203230277215
5218,7.044976037385466
5219,6.461809048397804
5220,5.916177449173645
5221,6.632407897290871
5222,2.9534110592523857
5223,6.254342071074628
5224,7.306656973877318
5225,6.896669871669823
5226,3.8173329250382455
5227,5.173035641477864
5228,7.002797451994552
5229,6.30882486971942
5230,5.672321249664038
5231,6.184670947327543
5232,6.658759136862331
5233,3.5053078589759257
5234,3.6594104233872575
5235,7.751480557930351
5236,5.513285955359192
5237,7.271858072992274
5238,6.9605397692544555
5239,6.741206085153529
5240,4.660201878342944
5241,7.437735901480199
5242,8.619980895667673
5243,3.5354870509461405
5244,5.737727762696297
5245,5.218070806176711
5246,8.256310455984387
5247,8.020953473638492
5248,4.504831375207634
5249,8.566809587854731
5250,7.082913479160441
5251,6.605149925677306
5252,6.189954115333861
5253,6.989984323188916
5254,3.4111922576340934
5255,5.517057361488899
5256,7.3897580621936045
5257,3.1566967579406313
5258,7.308750257868592
5259,3.877906364253655
5260,4.246796328330419
5261,7.770523313582887
5262,3.793317730555623
5263,6.403685780360883
5264,6.375964672833545
5265,7.553914945175936
5266,6.307293910933219
5267,6.795126609422574
5268,6.211174405251436
5269,6.1353798949329725
5270,10.0
5271,6.157614232539567
5272,6.702932079092317
5273,4.783601094058704
5274,4.7895721763386305
5275,2.7837806832975565
5276,5.047632102077694
5277,6.086161438914027
5278,7.509123627442791
5279,7.533563292343285
5280,4.62018910024217
5281,5.906292455757089
5282,7.994802591177157
5283,2.399797097175231
5284,4.744245261468306
5285,6.125339805567304
5286,9.259813513423204
5287,8.551852206578207
5288,5.781625399793275
5289,5.802858194002965
5290,6.385784305046453
5291,5.452751275241221
5292,7.187133593881635
5293,5.444859333456968
5294,5.453056988350442
5295,5.356343437736177
5296,5.73878292976271
5297,5.7522734327560885
5298,6.236288343111903
5299,9.261204805468125
5300,2.1713314507529975
5301,7.443732786360983
5302,4.216343322167382
5303,3.3031318010664137
5304,3.6653829352498475
5305,7.888352762893513
5306,4.492972869807854
5307,1.938379007532156
5308,7.843476149567422
5309,6.025888657693461
5310,5.10510132403176
5311,6.398407904533998
5312,6.422912230549029
5313,2.467940627650522
5314,7.229425305200939
5315,5.370325543673103
5316,5.778634344285269
5317,3.9661225224326047
5318,5.194293897502185
5319,4.074955080920226
5320,8.458489931486687
5321,3.17022923406106
5322,6.372158707260081
5323,4.833104723919687
5324,6.480458561872973
5325,5.627324949666466
5326,6.431091615101193
5327,6.203616875899753
5328,5.57734020561377
5329,7.4918762600346245
5330,1.633132679337252
5331,7.946420989670207
5332,1.9403579223170633
5333,4.279226559429077
5334,4.775031417272594
5335,3.26097369667971
5336,5.856807870342861
5337,4.349687500170175
5338,6.819298125449432
5339,6.340480800324579
5340,7.527598584388136
5341,7.64991759669131
5342,2.5886921752788195
5343,7.5247212425370815
5344,5.504580016849419
5345,5.74272202185046
5346,5.2151342164868995
5347,3.441176391747066
5348,6.512458904888874
5349,6.781716666397476
5350,3.665239778085076
5351,3.8907480241230683
5352,6.363679289990986
5353,6.723897757639936
5354,6.577180937110921
5355,6.08106623477057
5356,4.924835277587185
5357,2.611469266245228
5358,9.14945695053595
5359,6.64906563028674
5360,7.056447325181315
5361,6.588318565750422
5362,7.175295501855772
5363,6.92047094547044
5364,8.846622693707058
5365,1.1193327022944528
5366,7.07960589253884
5367,6.067164268471229
5368,5.302337645585953
5369,1.74263971255741
5370,7.6794522420451035
5371,8.137136400204092
5372,8.390610838833712
5373,2.0228647527155976
5374,5.016222930379175
5375,6.082492385552859
5376,8.201332237234395
5377,4.567958062153975
5378,6.280826846248431
5379,7.225517944159854
5380,4.811664258024271
5381,5.384971591612604
5382,5.554751840763203
5383,6.600942282704884
5384,4.793663453854134
5385,7.301332286548936
5386,4.3391269992336365
5387,7.8917911505542495
5388,3.6395704908779396
5389,7.414487995312479
5390,7.066850540041443
5391,7.656454299715462
5392,6.040931004677055
5393,8.911258611356942
5394,6.286406293186372
5395,8.776573740699712
5396,3.3847581513953404
5397,1.567915890531121
5398,7.006506543706647
5399,4.091329471095673
5400,3.4886856059968174
5401,6.382181592317587
5402,8.339590057558475
5403,3.1454039598762513
5404,4.300191753597392
5405,7.734386773065941
5406,6.523206599826057
5407,5.8878606949262675
5408,5.227091228910382
5409,6.794789209797187
5410,3.9166568201006156
5411,9.970559718390742
5412,3.677571796015608
5413,7.389463891260823
5414,8.277564026932408
5415,6.5364642115183065
5416,6.6253700564821205
5417,7.689047759108907
5418,4.092863383025497
5419,5.210134464659859
5420,7.407217927863975
5421,6.503091008562381
5422,3.8101472676146035
5423,5.340227374977175
5424,5.059284192664604
5425,4.615148320886822
5426,5.6236698975183765
5427,2.576160243591921
5428,6.048850287243205
5429,8.36244369773116
5430,2.407082502934227
5431,6.167530693195157
5432,8.958884292045852
5433,3.0486751172681315
5434,5.824454215459652
5435,6.57391484025421
5436,4.201116859637098
5437,4.731724510851886
5438,3.9969146796673685
5439,5.923811220366263
5440,3.9858262908901945
5441,9.312114968552542
5442,7.7458294455236825
5443,7.337054301788906
5444,8.462812061364204
5445,6.105410974102178
5446,8.254545113781312
5447,3.9519434666996887
5448,7.521097824796095
5449,7.069416969343294
5450,3.2782331170439307
5451,6.706849562887265
5452,9.842509831760472
5453,4.412866564729626
5454,4.9314123675105135
5455,2.8059913314508247
5456,4.517887630930777
5457,5.3220520824635065
5458,6.987926414173015
5459,5.571248756953066
5460,4.0715786708318
5461,4.702182779141797
5462,7.255099535631159
5463,6.346722187274983
5464,6.7508171982440555
5465,5.77257405763489
5466,5.010204886659553
5467,2.4562504455023833
5468,4.770795579911374
5469,6.518512187907426
5470,2.865390952334203
5471,8.85562402615077
5472,3.347397164427195
5473,7.654705932234332
5474,5.776840425496412
5475,4.940095113150809
5476,6.040769020242418
5477,7.8451704324174205
5478,5.657408687432358
5479,3.571902381948547
5480,5.210234747063427
5481,8.678217317862853
5482,6.2751235974027795
5483,4.816978953470024
5484,7.262308439760206
5485,7.521350676922301
5486,5.9533109099671995
5487,7.605576350949357
5488,4.5170387717993785
5489,5.347485574519783
5490,2.3229335670743945
5491,8.84937255257983
5492,2.589444508197897
5493,3.7648935379055786
5494,8.144457185288946
5495,4.286517277066122
5496,4.597132817418604
5497,8.372840695350288
5498,6.954664205706797
5499,7.630692835937429
5500,4.746962754994472
5501,6.386842031601452
5502,3.8211111259857677
5503,7.659499156016503
5504,4.377733413232258
5505,7.277070300687438
5506,5.360069707943107
5507,6.362969173824858
5508,6.360844008561487
5509,4.239866238687105
5510,9.112981378618757
5511,7.406812644167759
5512,7.120526851243107
5513,8.775768070929441
5514,5.620892392200814
5515,8.218786453751129
5516,4.6908074523619385
5517,6.70483977644991
5518,4.338524721591815
5519,8.59911484354998
5520,4.373316435739525
5521,7.652280984209016
5522,3.979395175415198
5523,6.956224418813725
5524,2.9393172350574863
5525,6.078491798035781
5526,6.769839522625483
5527,6.591003747608135
5528,6.3961908884258785
5529,6.692725522767964
5530,3.857202802688886
5531,6.045279850532876
5532,5.586179192015847
5533,6.759815794147185
5534,6.708250193100531
5535,7.374434154242098
5536,8.867222152621355
5537,6.556089421950733
5538,3.529338208455194
5539,4.067491646495958
5540,3.084481655536112
5541,5.273218084900412
5542,4.957917794676741
5543,7.055745035892034
5544,5.5177148173642525
5545,7.616718899849037
5546,4.039008466066559
5547,5.788696694703238
5548,5.781334127316739
5549,8.103970462962824
5550,5.488759969030746
5551,6.659268830690238
5552,8.508684799898367
5553,3.491796730943917
5554,5.990972945770598
5555,9.289794593997033
5556,5.760618166925854
5557,6.734604014721089
5558,3.583434717196263
5559,5.4789975344813175
5560,3.8576737589175796
5561,4.2681935344874455
5562,4.954676132588639
5563,6.6184872460340465
5564,5.783026912067498
5565,4.547324567236181
5566,6.033861869021229
5567,3.9038332341903956
5568,8.171484070326247
5569,7.518903534288733
5570,3.3934295499424865
5571,4.057093187135252
5572,5.718579668269395
5573,5.844781927228445
5574,2.584997702836038
5575,9.729678284041665
5576,6.914184460700623
5577,1.6938445893645007
5578,6.103351853617061
5579,9.526397265279886
5580,6.348622170306651
5581,5.862170596832229
5582,7.216604789728698
5583,8.824501760185127
5584,8.201609518221655
5585,5.870776480489134
5586,4.625729680204174
5587,2.5337860943218953
5588,9.982710942722612
5589,7.072683219147264
5590,6.776335973079232
5591,4.839542070027832
5592,3.7068257401595073
5593,5.82340149583409
5594,6.475151419229182
5595,5.591750643025775
5596,3.974513084815917
5597,7.721958005166648
5598,8.517077801089812
5599,5.382177449918762
5600,4.769107931748122
5601,4.943832683162069
5602,3.4789248575076357
5603,5.10195599211508
5604,4.95818549757142
5605,7.140653153530848
5606,4.7959538931147145
5607,3.50894933465882
5608,8.391635572388992
5609,4.3432496352599514
5610,7.3204997613957685
5611,5.141935422408515
5612,6.748999012540358
5613,5.941824502869859
5614,3.361214537662087
5615,5.588717381375904
5616,6.975718185335536
5617,3.972395066149493
5618,4.282208597298538
5619,7.222834249074589
5620,7.839162972174877
5621,3.8985850636966513
5622,6.6795715915082114
5623,2.7990195492695142
5624,4.7499095402411236
5625,5.386153433222352
5626,6.399127368489278
5627,3.704975516666329
5628,7.782728517131963
5629,7.587873453961816
5630,5.477385513227712
5631,2.8548639025374767
5632,5.102465742841428
5633,5.735921962565057
5634,7.027059434949399
5635,5.678145039749017
5636,7.015875905272124
5637,9.32759483716487
5638,7.081448070516016
5639,5.483723811835783
5640,3.436806113842167
5641,4.18295252700347
5642,7.676642916652746
5643,4.631171763089693
5644,6.219750051859148
5645,1.500342107559093
5646,3.7121952735207007
5647,4.843744255425545
5648,5.0791531212601875
5649,2.677164432962631
5650,5.900183735275921
5651,3.1817834258151656
5652,1.9936880945842397
5653,6.797118791948829
5654,7.217291847973237
5655,6.208832995153687
5656,8.469191397831121
5657,1.1884299206630091
5658,1.8221493904600417
5659,5.330562971870565
5660,8.293213702393196
5661,3.7575258717352535
5662,7.948592080118702
5663,5.9470430881958185
5664,6.0917296652048565
5665,6.778483200135991
5666,1.3405742744911056
5667,7.001449769245786
5668,2.2207729522447894
5669,9.08009567399888
5670,4.2442691693088435
5671,8.486181425926606
5672,5.054095543446181
5673,6.733447872826955
5674,3.6111828098041556
5675,6.4631794877124475
5676,7.392851649199364
5677,6.744777230367177
5678,7.10472225364194
5679,8.725120567040058
5680,6.953112121611406
5681,3.4715872941067625
5682,2.062666099554156
5683,8.426573816392661
5684,7.104980569343832
5685,5.621987113848889
5686,7.857541918489106
5687,4.407151232037252
5688,6.390747497975128
5689,6.453688372562825
5690,6.716854784265578
5691,6.674347113066228
5692,8.243526080344559
5693,7.211510170461285
5694,6.447824387499209
5695,4.1061794185846745
5696,7.160729917581124
5697,3.689650405565061
5698,7.164245212870974
5699,4.855065089856577
5700,6.943353080455974
5701,1.5688421898407965
5702,5.2812912042661955
5703,4.662144433965385
5704,5.781505981168746
5705,6.181671876707285
5706,2.1490154059445485
5707,6.899840107280064
5708,8.13999711686544
5709,7.051788951493204
5710,7.224014941876446
5711,6.222433852711314
5712,8.404319829247598
5713,6.608568789606329
5714,6.533672184160405
5715,6.903722326409104
5716,1.2444920927532337
5717,6.26680374797584
5718,2.8547749224909467
5719,6.335189167033888
5720,5.013334871325858
5721,4.018810311236814
5722,8.685281628003853
5723,5.089557141307525
5724,4.248218050675462
5725,8.359515237899318
5726,5.245334520726497
5727,7.585329620499207
5728,5.249234710278615
5729,6.6752382551614335
5730,2.596562853165152
5731,4.275922715716392
5732,6.697828056820149
5733,6.622117822816985
5734,7.506652276186481
5735,4.681526927648388
5736,6.584390728794801
5737,5.549108359411073
5738,4.820928931175635
5739,4.153589703713515
5740,7.3588184275671455
5741,3.0764712574252036
5742,9.61809767917517
5743,5.709327973588283
5744,5.047271792990588
5745,6.915664656355546
5746,6.14487307403221
5747,3.3234552656183918
5748,6.332307737442075
5749,4.815659712266523
5750,5.931613518398583
5751,5.462908678082923
5752,2.6934492248381954
5753,7.486096346892457
5754,6.058154148816656
5755,6.8402235332466645
5756,1.5490539954171583
5757,4.613561407629718
5758,6.524872544860125
5759,9.511639534523582
5760,5.202788675882779
5761,6.202280826265021
5762,3.745430596140712
5763,3.7060031668406337
5764,6.771628492506389
5765,6.518667785087134
5766,4.138212475660847
5767,7.742312501411504
5768,3.3955718850073824
5769,6.865905892262734
5770,0.08035740051608453
5771,4.874644581472136
5772,7.9194892801051795
5773,4.726307237945836
5774,6.353593965300964
5775,5.467718437770228
5776,3.009316389351575
5777,6.083805710486435
5778,4.608396845754566
5779,7.801964143269997
5780,5.469398207248707
5781,6.276856435164933
5782,2.363623257338085
5783,2.60208795698995
5784,4.6078979732877166
5785,3.109943635846697
5786,7.83546095640317
5787,7.607920389473483
5788,7.572623527602793
5789,5.874751103144523
5790,8.489775777205558
5791,4.066770973110125
5792,5.561532354878668
5793,6.991711865935017
5794,3.6095481935686786
5795,8.883473427585317
5796,6.116776371217325
5797,9.680162974762524
5798,8.879145362421202
5799,4.004550975982394
5800,6.5092952965404836
5801,5.1955099348758464
5802,6.091432277267797
5803,8.415143340413135
5804,4.343902721457494
5805,7.92774145362055
5806,5.63525509111324
5807,9.522618772746966
5808,7.31034608180319
5809,5.7772974074483905
5810,7.321124293660059
5811,5.1986850026283316
5812,6.466505329820188
5813,8.887799611227727
5814,5.106583863869785
5815,4.9424946372574095
5816,6.681481808133047
5817,7.21355133404931
5818,5.4587827897065955
5819,7.606262863268393
5820,8.159924577098247
5821,9.049134768148035
5822,5.909413301656372
5823,6.815475927201712
5824,6.876705207258407
5825,7.5641951061497705
5826,9.40642695512668
5827,4.780015958450736
5828,8.82459164095279
5829,5.170788659408994
5830,2.9991991685241546
5831,5.636929646059002
5832,4.245851171578322
5833,4.796595447542076
5834,6.19225551736867
5835,3.206092153309545
5836,4.703461245136923
5837,6.229122750683636
5838,6.426049860749902
5839,8.036995072210747
5840,5.001813873401379
5841,4.780228759667512
5842,7.775025655315581
5843,8.485208713740857
5844,8.515993382355113
5845,9.15682800190402
5846,3.1308302880456305
5847,4.973202462849038
5848,7.373922124935237
5849,5.708811956358051
5850,4.573353894810217
5851,5.600870459320844
5852,5.455555368503981
5853,6.977545029510587
5854,6.8968626992781
5855,4.567129344006512
5856,7.201236898165333
5857,6.52052181497891
5858,8.878172706836148
5859,8.386892815265991
5860,6.619159439692622
5861,5.450079659008126
5862,5.278099961970833
5863,5.285199084599928
5864,8.831102725142596
5865,6.471975856089668
5866,2.4180671193755234
5867,3.4217038237144113
5868,3.5244992041907315
5869,6.555031799739216
5870,2.197111480045864
5871,5.726829422597125
5872,5.5161933588546574
5873,7.079439700931563
5874,6.737657526902074
5875,6.5516252600955385
5876,3.7632335597825013
5877,6.43135588572097
5878,5.7279364816037415
5879,3.556328597879801
5880,6.368565685032879
5881,5.5036110818899635
5882,2.4811510246188533
5883,4.79556766925842
5884,7.095377578132857
5885,4.540894238424054
5886,5.6691585757120295
5887,7.650559960894686
5888,9.223039521181892
5889,6.217101713413767
5890,7.073741888684234
5891,5.174836332269651
5892,6.55154884915105
5893,8.524219488508031
5894,5.571955907533633
5895,7.886822844972697
5896,6.031750314424883
5897,3.940507915014226
5898,7.335652752886142
5899,5.765416104755146
5900,6.643318871441925
5901,5.776390323128627
5902,4.383725679678935
5903,6.705458660121959
5904,8.815441303843649
5905,7.188198839497056
5906,1.3783774088769443
5907,5.534523767023166
5908,6.5617422428018095
5909,4.322192213824885
5910,2.612293708774092
5911,6.230635139419556
5912,5.5827682532238905
5913,6.685670165276774
5914,4.204989608640478
5915,6.8902777448444015
5916,7.510189664352595
5917,8.532756773070185
5918,6.702264092422716
5919,3.992458026219038
5920,7.370265630124817
5921,6.411348917217949
5922,5.835470943665589
5923,4.847173799826673
5924,9.793460316695736
5925,8.853877322909003
5926,6.322831192545476
5927,7.555186267827331
5928,4.098827407404061
5929,6.426968164006485
5930,6.67005380368831
5931,7.424686332511486
5932,7.993313673040328
5933,4.978054731860063
5934,7.993591041830948
5935,3.8257399491592685
5936,5.734457781863197
5937,7.120969369094411
5938,4.890931676096579
5939,6.460063791086256
5940,7.626744218799503
5941,7.4693764420954665
5942,3.9366201545865955
5943,5.874409086919522
5944,7.2422333153517
5945,8.703770366382933
5946,9.736029497736999
5947,4.757105766093137
5948,5.216038519475489
5949,4.597356561060291
5950,0.29898125909092155
5951,6.038991172113986
5952,4.068042527551044
5953,4.859509145004095
5954,7.7122633727327585
5955,7.140677593725124
5956,8.74391252073963
5957,7.982048527048649
5958,5.657760163776146
5959,5.856655308843742
5960,5.220279140282313
5961,7.948716703032616
5962,5.076726455112055
5963,3.829999409654081
5964,4.295663543406599
5965,5.7638382250975955
5966,6.44766617976575
5967,8.573835917988603
5968,3.0732405007821866
5969,4.995237735597319
5970,4.811050807773165
5971,5.417718235929364
5972,8.887048559750633
5973,6.276907587395679
5974,5.874445199346777
5975,8.127073214526035
5976,7.473311420880213
5977,8.84535783760396
5978,6.259064394890671
5979,9.29955329648281
5980,4.904664714593139
5981,7.1056221585474315
5982,6.503614525079257
5983,7.332373244068333
5984,6.4663850212860075
5985,7.576172671431911
5986,6.694644069140662
5987,4.94225529787121
5988,5.606555129991035
5989,4.7000888594001555
5990,6.407016389433944
5991,9.105389879304052
5992,5.678543227827448
5993,7.597660122003506
5994,4.167386390847797
5995,3.295500791101632
5996,5.7140517826749715
5997,5.724233436136485
5998,6.255975174241742
5999,5.310123879227457
6000,6.117298511928087
6001,7.716735815658774
6002,6.512475642633821
6003,4.669661167230665
6004,5.055143095671013
6005,6.076037182268602
6006,8.915660354289248
6007,8.592853850469162
6008,9.38936844231006
6009,5.088849463388367
6010,7.221264425831512
6011,6.108682385266389
6012,1.1495865742874667
6013,4.198463485419254
6014,5.73012417172074
6015,6.375146276279427
6016,8.303293453152607
6017,5.605209350716274
6018,8.690543808021708
6019,8.108170674231648
6020,4.188192637929874
6021,8.99415717872645
6022,6.658586303492212
6023,3.952791085791407
6024,4.529183654364378
6025,5.9682122963093125
6026,8.30623222724792
6027,8.533320901006299
6028,3.7441193995818236
6029,7.675203297323661
6030,6.662196102653402
6031,7.566623832839776
6032,9.904654061003727
6033,6.763752408101979
6034,4.924060734987939
6035,6.1780775177477585
6036,8.70189292328322
6037,7.890433385642029
6038,6.513669843191479
6039,8.517008245143053
6040,3.836940846030274
6041,7.333979579055125
6042,7.3741830832610065
6043,8.841383132072405
6044,8.190409964254464
6045,6.177766595834951
6046,6.6156769799631165
6047,1.6569407901485036
6048,3.7879897231551487
6049,6.7829449986561485
6050,8.34619146715628
6051,3.9313317027509616
6052,4.865010738106429
6053,3.3774981391388152
6054,7.362195181517853
6055,5.098672045499322
6056,4.187823052886528
6057,5.006348872989054
6058,8.818111621517504
6059,4.366041629094194
6060,1.5315965430375007
6061,6.945194046184355
6062,7.5647954034907485
6063,6.484775428521881
6064,5.31860853805763
6065,5.421283950322266
6066,7.074186349487585
6067,3.6856037998649134
6068,6.941208819584091
6069,2.324397697431211
6070,4.117489613935838
6071,6.273367702678881
6072,5.360466100679356
6073,4.414306361787774
6074,6.2003470281963455
6075,3.1473022066979546
6076,6.230658519973951
6077,4.550455768839732
6078,6.429488231597371
6079,3.226113635317677
6080,3.56429527238475
6081,8.54194572937554
6082,3.4584932002587188
6083,6.469947294570688
6084,6.548193692810802
6085,5.333776807280385
6086,7.932170364364894
6087,5.277765449854778
6088,4.758345679528288
6089,5.550724021707479
6090,5.433481916807505
6091,5.078249952006083
6092,6.505597429222654
6093,6.311246284104617
6094,7.449997248273933
6095,6.623893191521992
6096,7.884161928117999
6097,3.865163766218028
6098,7.573899585123609
6099,8.176777699579148
6100,4.808532606146757
6101,6.366484204202841
6102,5.8568227662853545
6103,3.6173584318004806
6104,7.401270554291514
6105,7.905598142189824
6106,6.7349418300810004
6107,6.80417034306039
6108,5.644309792202106
6109,9.189240614431341
6110,2.909040442385597
6111,6.009394867529568
6112,5.329572614661985
6113,6.164477980654363
6114,5.104871394008535
6115,7.318607320256447
6116,5.047509272120251
6117,8.294583367635537
6118,7.91926795068377
6119,4.736826739155648
6120,4.3254599326890855
6121,8.58723217556032
6122,3.646082079724236
6123,3.0593264702984557
6124,6.771412015930455
6125,9.758205343100222
6126,7.853884224601302
6127,8.682411376641591
6128,4.56683586059577
6129,3.4569715420676705
6130,4.979401813723686
6131,6.628860944174566
6132,4.79782592866572
6133,6.29773627572987
6134,7.802023090998327
6135,2.9863487863636697
6136,3.962834389009311
6137,4.5577388210287175
6138,4.559011569908441
6139,4.979625193892595
6140,6.361321656149547
6141,4.563346368312598
6142,5.493249937545047
6143,7.864881296646834
6144,5.845894701904184
6145,5.194952634965047
6146,6.95727854789666
6147,6.886039269386431
6148,7.389827420278847
6149,4.5987365222702365
6150,8.029134776467808
6151,2.7564350004024076
6152,6.970959853823281
6153,5.836190847233791
6154,6.069196261174197
6155,9.27210166699008
6156,2.994632847791057
6157,6.523910400240017
6158,5.268619152422476
6159,6.162379509817044
6160,5.231692431815091
6161,5.222974227897917
6162,7.4215419789587616
6163,6.362815580967318
6164,5.311306979306535
6165,3.5458777648861632
6166,6.542854709783221
6167,6.889701547473071
6168,5.843772452045166
6169,3.760623252534307
6170,6.514467941864477
6171,4.175419363554404
6172,4.8018857231370315
6173,5.587307100025287
6174,3.7208551366478932
6175,5.825945083950671
6176,7.664401774749444
6177,6.995914393938466
6178,7.749501457598136
6179,9.142957194227872
6180,7.574822237022952
6181,3.1429008940592804
6182,5.070425144538186
6183,1.9154405355066508
6184,4.224473356960194
6185,3.7449960070059056
6186,7.725494429441739
6187,4.3856436286418585
6188,4.500250964543105
6189,9.776565416578986
6190,7.043438850931811
6191,6.520160180341285
6192,6.243920354755516
6193,6.805378288728176
6194,7.3232916392388585
6195,2.2169962379205175
6196,4.663252150097008
6197,4.775748297118968
6198,4.785014434359659
6199,7.571203085012447
6200,7.929662998027281
6201,5.428965873597671
6202,3.79466364745292
6203,4.353750378881599
6204,3.1330873879752166
6205,7.636043992539073
6206,7.229375848124015
6207,4.029068393687393
6208,7.781474512812572
6209,4.13976075905155
6210,4.845513383822099
6211,4.440244809518946
6212,6.088348739538785
6213,7.2399282448653235
6214,5.927677388229647
6215,4.470504633280827
6216,7.696836945529484
6217,8.82564965748444
6218,4.619700598204632
6219,6.430148389430519
6220,3.5854620735325913
6221,5.744897200817359
6222,4.331889305375096
6223,5.707140443359216
6224,4.460635700632065
6225,6.2795061389589195
6226,7.387610507720288
6227,4.873703238533764
6228,7.220882429818811
6229,5.382618847133637
6230,7.4428495361638705
6231,5.700318870945745
6232,6.071250851767785
6233,9.533792744663664
6234,8.128036505458727
6235,7.369607261145218
6236,5.1292611533456025
6237,6.733888180645879
6238,8.879390568941451
6239,5.081303135612371
6240,7.167725171616653
6241,5.0653758832526465
6242,5.770443601184122
6243,4.546035811035047
6244,6.342562894698646
6245,5.07899764552433
6246,8.039502916899094
6247,6.05499620921371
6248,9.048363849336704
6249,5.105143224300001
6250,2.766177970965829
6251,10.0
6252,4.000500659800201
6253,6.602900411587082
6254,5.477765485811201
6255,6.987562009954646
6256,5.648457925267405
6257,5.7768989561126824
6258,4.204069986888497
6259,3.178767338258899
6260,3.1329001384213964
6261,6.025685654372188
6262,8.584835909090163
6263,8.583536546627057
6264,5.966090397336907
6265,6.835701167308631
6266,2.610506516032035
6267,4.696797902376259
6268,5.039122011113415
6269,6.567246055946451
6270,5.79579067889362
6271,4.096867945097321
6272,1.5487933061192516
6273,7.6234924058164
6274,4.383770136270621
6275,4.476315426702551
6276,5.4020537426528605
6277,4.962562022965024
6278,7.203600494765601
6279,7.181844526649928
6280,6.646191040229118
6281,2.7184932880910626
6282,4.767273371977662
6283,5.737321905399693
6284,7.289507993795789
6285,8.013397805690614
6286,4.324296162838204
6287,5.260536854118059
6288,9.144352782176632
6289,3.420285062801332
6290,6.375080904552746
6291,3.6992539255350474
6292,2.5578022689334343
6293,6.020769614633347
6294,6.046204561252227
6295,5.90378222878402
6296,7.611364018231776
6297,6.626391369362764
6298,6.797175661337435
6299,4.068373255407394
6300,5.172459666807236
6301,4.631444333213418
6302,5.895350628986104
6303,3.879586317622371
6304,3.5362276183095256
6305,6.976088081051676
6306,6.28046130680042
6307,6.7330667739309025
6308,5.026497150297905
6309,5.212472022278325
6310,5.165811461926377
6311,8.588891250032042
6312,7.117271101913974
6313,2.9197874178431587
6314,7.14316769697904
6315,5.003149268775626
6316,7.9554852294109395
6317,9.414974219066217
6318,3.609076553040721
6319,3.918292991477471
6320,5.317502690820773
6321,5.016933378266656
6322,7.87501092037182
6323,2.8419334384390558
6324,3.883206567508665
6325,7.129168968408458
6326,6.273457472693796
6327,4.427242880539444
6328,5.045653638764314
6329,9.20889629001557
6330,4.862344426028561
6331,6.981129524962115
6332,6.440439106357752
6333,7.98870272816597
6334,6.77907491821476
6335,6.057047456254401
6336,7.116338938678066
6337,3.2343398048646113
6338,7.5687410003329365
6339,2.760419400204006
6340,5.274345085019475
6341,4.631452423358311
6342,4.811943228040043
6343,6.96741850352672
6344,1.5404106334843544
6345,3.5677902361437903
6346,6.939588266786842
6347,6.409768748475621
6348,5.423418363649132
6349,7.154303413915504
6350,6.99473201136469
6351,7.907511427258042
6352,2.4599820961436807
6353,7.222433076877486
6354,9.285065934004898
6355,7.266580540574091
6356,5.560868868035429
6357,4.368215582079411
6358,6.212337319378377
6359,6.764236630186021
6360,7.649167105237366
6361,6.163377159049185
6362,9.409824105589557
6363,6.759404036198963
6364,5.564526787211368
6365,6.647412228123139
6366,7.8943674890767
6367,6.474383934512405
6368,7.65150597572959
6369,7.789370086978072
6370,4.402865943150507
6371,8.191111025615161
6372,3.850291872296806
6373,5.647153414196017
6374,9.04711030568198
6375,8.83330048400159
6376,4.638351424640487
6377,4.462671785389345
6378,3.4361553959340436
6379,8.992846142259435
6380,4.331714466376778
6381,1.6520750860741025
6382,2.117390383919754
6383,7.020003986874871
6384,7.210406744442482
6385,8.036467935473608
6386,7.703698318608496
6387,5.513010902597747
6388,6.094978490782786
6389,6.012547193643493
6390,8.709845685766041
6391,7.346000463874219
6392,4.247684585551562
6393,4.475416615381255
6394,3.3083848732402474
6395,6.164478545239528
6396,4.370859296192116
6397,4.606655601353131
6398,5.626171202505188
6399,5.199646571538243
6400,7.440904263777856
6401,6.944252074354809
6402,7.662430778764074
6403,8.26610521326166
6404,0.8697035307013747
6405,8.58739603249936
6406,7.15396064661196
6407,5.332285383364141
6408,7.835795582052153
6409,6.380864139016694
6410,5.698060722710306
6411,9.256617760916773
6412,4.094052901023595
6413,4.466749438101438
6414,2.3464714206494257
6415,4.183087797784167
6416,1.611246981692271
6417,4.187016410056879
6418,6.339343424080911
6419,8.943488910229501
6420,5.951546748231229
6421,9.608568429718492
6422,7.82902645755548
6423,6.43932143889891
6424,9.633917945494991
6425,8.410329800692018
6426,4.8823583861134905
6427,4.832110618063307
6428,6.403909645050815
6429,3.5011063161266773
6430,6.474130745535255
6431,3.4632536271790015
6432,8.009300926226963
6433,2.9493116035942264
6434,7.488464800480437
6435,8.579050089394638
6436,4.454254776566019
6437,6.840393397342437
6438,7.6414909108050555
6439,6.138856326210611
6440,6.12528592980784
6441,6.3802691625321195
6442,2.3832181400884362
6443,4.185674459256825
6444,7.586488156143763
6445,8.024735455294724
6446,9.746470584626504
6447,5.8338311598529575
6448,4.652745962213622
6449,4.512249700290605
6450,5.949232340358696
6451,8.966058128896911
6452,9.89425142284815
6453,3.9513174873628096
6454,6.736225520377998
6455,7.39088715719792
6456,5.555604992967556
6457,8.440846747996009
6458,4.429220833323462
6459,2.9947007846021565
6460,6.520458638544395
6461,8.219501686291258
6462,7.756223248947253
6463,6.621003272583451
6464,7.988561698924849
6465,8.649200426523489
6466,5.089295983593837
6467,7.198316048729213
6468,4.15447029553331
6469,7.2003687942535075
6470,8.491597493416165
6471,7.132406581617339
6472,4.916258576288005
6473,3.8967533998359745
6474,7.4151013508103905
6475,5.245260714862186
6476,5.010974317390182
6477,8.467131071377379
6478,7.170572094668694
6479,8.161324905436587
6480,7.966409805262602
6481,6.3492497033493205
6482,5.079903906865236
6483,5.83597606567916
6484,5.880966487230411
6485,7.6264637639601425
6486,5.191572194248373
6487,4.1750382899125915
6488,10.0
6489,5.411958358986892
6490,2.5900477218489852
6491,4.778014281992112
6492,5.871868276952388
6493,3.180097560065205
6494,4.6734319170073615
6495,5.300924616232817
6496,7.676416563844786
6497,5.892888778538702
6498,5.940894315139622
6499,5.881601483434191
6500,8.860256035958223
6501,2.6774844663111925
6502,2.4205733060322827
6503,7.900726463118504
6504,9.191264935967132
6505,4.526841371148271
6506,3.8476309021947834
6507,6.679077590118478
6508,5.573168030584299
6509,6.368182831407554
6510,6.799113060636925
6511,7.423152820961529
6512,6.60216804618409
6513,6.433821057782994
6514,4.315751426014279
6515,3.9027162418905275
6516,9.41211939057974
6517,6.26566176789903
6518,4.797870762400041
6519,6.087929638878231
6520,7.819238184004401
6521,2.843044721361985
6522,3.9618270596342424
6523,3.1132087887470403
6524,8.48582744950281
6525,8.000961097301438
6526,8.815352571827237
6527,4.580262529237499
6528,6.383864629080765
6529,4.286372979625386
6530,6.280990991837728
6531,7.430431911210304
6532,3.2188278644053208
6533,8.712687506990537
6534,5.451554904127207
6535,5.930282902898456
6536,6.646976439723991
6537,6.454160030787376
6538,5.079348071707908
6539,7.1246668190133455
6540,5.993667887972565
6541,6.81372387266056
6542,4.341847078446234
6543,7.334881027948148
6544,7.0953564418929105
6545,5.961145220045334
6546,8.302085704044838
6547,3.943061624506864
6548,6.104276913223435
6549,3.4796484370767384
6550,6.799554748941491
6551,3.2519079916183635
6552,5.281518803103528
6553,6.811804452710608
6554,5.6644266144040785
6555,2.2133889043988497
6556,7.447817425138076
6557,2.577685209183235
6558,7.251949635243998
6559,6.698293146026014
6560,4.400027562667006
6561,6.327521977688643
6562,5.073114922755748
6563,5.683992544920232
6564,3.4613573106160462
6565,4.320338266830171
6566,9.170718432734562
6567,7.905036890743617
6568,7.452167862486033
6569,2.693262055571079
6570,7.621983550464993
6571,7.488958701112577
6572,2.956546142919663
6573,3.9541292155063457
6574,8.043154293761152
6575,5.924390581755531
6576,4.633100071522613
6577,6.7907832516050615
6578,7.800960377739277
6579,4.505933235295373
6580,3.7985230135291435
6581,3.98940135760568
6582,8.651455812946121
6583,8.762121565767728
6584,8.511102372510447
6585,8.689614451856128
6586,8.234978652208612
6587,6.611090581740948
6588,2.1307483547259083
6589,5.870864867557996
6590,5.924872763084935
6591,9.360238412046936
6592,7.726107529883824
6593,6.396645722525925
6594,5.9940253599524365
6595,6.849695773460579
6596,6.222276860467927
6597,6.1828287872986385
6598,7.147689653097351
6599,5.361910586511962
6600,8.402638195323984
6601,7.6700083980208404
6602,3.906241237436487
6603,7.819685129045578
6604,6.704428361208821
6605,6.5776970983786125
6606,7.606051007026965
6607,5.198838446330202
6608,6.541298907969732
6609,2.305972032029466
6610,0.33323652549124905
6611,7.155284285035803
6612,6.058365210111044
6613,3.7467612986815952
6614,2.6590173786477473
6615,6.609304464537899
6616,4.637952246170569
6617,3.5868618152138425
6618,7.61845756218238
6619,2.8111515762375663
6620,2.100041351761374
6621,5.1634213955624855
6622,8.011342672995779
6623,6.595534049816616
6624,4.146977583734488
6625,7.007678773743345
6626,3.479433592226994
6627,7.894983561033619
6628,4.435558918434422
6629,7.7131471632105
6630,6.1090377244250655
6631,6.687883558348863
6632,5.903693163255981
6633,7.966716800350998
6634,7.496953658619454
6635,7.551567073549644
6636,5.406007957582456
6637,1.8898764729234836
6638,4.276983364109547
6639,5.475834557536785
6640,5.625338291975219
6641,6.753663887483569
6642,6.574117379224427
6643,4.299886111743527
6644,5.8116095718204495
6645,7.526468262546956
6646,9.169314227168787
6647,2.958757547141908
6648,3.5932376174962597
6649,5.49302031010009
6650,4.645392005961377
6651,5.3701039020563694
6652,8.742665899825898
6653,6.098029659986769
6654,9.326217450716506
6655,6.203465378270384
6656,7.245594092639266
6657,7.589997197711227
6658,8.115922064685703
6659,3.169839363647162
6660,3.6369635018497117
6661,7.310309290393515
6662,9.43616063646399
6663,7.933694621664534
6664,6.794384167981254
6665,6.0997886006036826
6666,8.631822176844892
6667,5.873518712749838
6668,6.164196910484938
6669,9.45638131392679
6670,6.30086219749008
6671,5.933820113912972
6672,5.0547709750628185
6673,6.0066975924116015
6674,7.262374737134309
6675,6.307003140660555
6676,7.346123106321844
6677,8.856333731727826
6678,7.307280699088746
6679,7.138545759591871
6680,6.8652285582736425
6681,5.020474683930941
6682,6.719466565445713
6683,7.061706225681508
6684,5.640605364691708
6685,5.527370228664059
6686,6.470697312324105
6687,7.307715519811941
6688,6.180997547973618
6689,7.076338536544961
6690,6.851054766063859
6691,6.35130668682029
6692,9.176303607324401
6693,4.032675764940003
6694,7.601722512004519
6695,6.809591571081158
6696,4.468600904592885
6697,5.653354323765427
6698,5.875098215899522
6699,4.516945383214377
6700,3.803234292374011
6701,4.24756211007147
6702,8.870125107850988
6703,7.692837526083892
6704,6.791707505422857
6705,7.306486727410953
6706,9.441315706417123
6707,3.9467606936576995
6708,7.896168358819348
6709,3.41888677369148
6710,6.973338402088528
6711,8.146857503873186
6712,7.804716848584293
6713,4.9688155108685
6714,5.606108009194676
6715,4.52960913777536
6716,6.9920904989392545
6717,5.567875251839706
6718,3.551604985353314
6719,6.624302413105989
6720,6.13481397450021
6721,3.7346736089644472
6722,4.324350453474253
6723,8.623364526630368
6724,8.7941100942537
6725,6.129239284843893
6726,1.9147960264731019
6727,7.480954175926776
6728,2.9666921752489204
6729,5.4178032004119325
6730,9.140691324880049
6731,3.699280938886348
6732,4.456707523406578
6733,7.133631129914537
6734,7.858150526571045
6735,3.440309177341362
6736,7.6189543255194305
6737,4.8466257889671125
6738,6.070088797128839
6739,6.1162458810984495
6740,7.303330650394958
6741,7.296463071614767
6742,8.999072788601131
6743,5.58771478433827
6744,8.981145743719356
6745,1.3279188808206053
6746,5.979753557965319
6747,7.915525409643893
6748,4.057567593712543
6749,8.781828513229154
6750,4.880025641503025
6751,5.487476598046822
6752,8.996726712880534
6753,7.084727477350314
6754,7.0943365000654595
6755,7.428804514728864
6756,5.165981366202081
6757,5.147073885149318
6758,5.2433981771014695
6759,2.2054056339185557
6760,7.319764322659692
6761,5.15850942972035
6762,5.758282642349433
6763,7.180816379911392
6764,3.7877893284059727
6765,4.096225741133555
6766,2.7318995777627446
6767,8.144765795011281
6768,6.6208026969091245
6769,5.580183529745268
6770,5.799108860065525
6771,4.197201032001677
6772,7.911061236637932
6773,1.2836496518851854
6774,4.778456496660304
6775,7.0291208771246865
6776,2.9897675459701682
6777,6.732607832713285
6778,7.140959835805648
6779,5.62665773770856
6780,6.597375447944282
6781,5.4778186241207765
6782,6.974305305829976
6783,5.9726661067222135
6784,4.888754322040737
6785,6.424793801950629
6786,6.155817709777255
6787,6.666290643768013
6788,5.851052173607318
6789,2.566268012887697
6790,5.075562163118845
6791,3.8833097251353172
6792,6.869124651731113
6793,6.1050910370043425
6794,6.4720727112572005
6795,4.64547403222838
6796,8.310058156924303
6797,5.66606481087875
6798,4.247225284764502
6799,9.11519589179084
6800,8.307268919560878
6801,6.035332585704043
6802,6.190999671103908
6803,8.372001176156548
6804,5.65477940064109
6805,4.9257112807862
6806,2.969887113050766
6807,3.2344395578424185
6808,5.097957805019357
6809,7.215960281055246
6810,4.562298503475409
6811,4.617165037351629
6812,6.158121440097214
6813,8.914392429223854
6814,6.464102143709255
6815,2.7903419063618733
6816,9.381585099798002
6817,3.7864116972802604
6818,7.210918650944505
6819,6.3417174179528875
6820,6.3889651456006415
6821,3.1747792323461104
6822,1.6764117689639901
6823,7.028275630930009
6824,3.452661223507101
6825,6.216088623338711
6826,7.452776337056644
6827,9.416465671282314
6828,5.474436242354314
6829,4.4193560262177645
6830,6.114534606684091
6831,8.405535508468933
6832,2.2879648637651724
6833,7.643996297631213
6834,4.84050775146032
6835,7.228952437978087
6836,7.378385225824873
6837,9.947726494254308
6838,4.10882221863994
6839,7.770628924439747
6840,4.942396478735377
6841,6.061208405918431
6842,7.7017075029162285
6843,1.7583750915072605
6844,5.478745434370307
6845,7.782457518493185
6846,6.604539414131238
6847,5.038747207919137
6848,6.668216642294118
6849,4.28715761972818
6850,5.195446936235119
6851,3.2660433702252405
6852,5.641386522037912
6853,5.9234305134676095
6854,8.890238909981026
6855,5.597544308618044
6856,2.443716438418029
6857,8.84015568974497
6858,6.956788901869959
6859,7.770069395826882
6860,4.267173913971861
6861,4.262556447874486
6862,7.792985155870916
6863,4.489044238439741
6864,3.7509096834833677
6865,6.81519395019017
6866,3.3115917827106687
6867,8.919035942307024
6868,4.84716241261942
6869,7.675818751533271
6870,5.101166882556964
6871,6.335460656263971
6872,5.21430064697976
6873,3.3732062110361376
6874,8.66483394728433
6875,4.613738941607965
6876,6.842485061688656
6877,6.409420591692788
6878,4.559912540780268
6879,4.261036256140798
6880,7.623876179737379
6881,5.42729147832117
6882,5.905277277031637
6883,5.938047577161277
6884,8.459495845926371
6885,8.042834485594167
6886,3.966909215922761
6887,5.273635494087167
6888,4.997444211638251
6889,8.188394505928288
6890,3.6431100586886407
6891,6.509965633496031
6892,7.623285360364603
6893,5.491607842239782
6894,8.480959885458077
6895,7.688796498276391
6896,5.464385007737155
6897,3.974693259746774
6898,8.332680397273913
6899,7.216128875298061
6900,4.41245634239829
6901,9.729733951752728
6902,8.473095298787463
6903,6.872883268260008
6904,5.13128474605649
6905,5.841763250825609
6906,5.908074987213901
6907,4.261548588378094
6908,7.782593098299477
6909,8.18299873817534
6910,4.250706968818428
6911,4.714144532912249
6912,2.5452882474686813
6913,7.1471716618448475
6914,6.670683743179547
6915,7.122565695589232
6916,5.537379610247366
6917,5.7172423443135605
6918,7.33987782310714
6919,5.984179202675566
6920,1.9096880366766324
6921,5.241957196147143
6922,8.623412958829784
6923,7.4865970860148305
6924,7.544175025343689
6925,6.288224921024044
6926,2.695837378694897
6927,6.238824990227181
6928,7.803111182078888
6929,7.405479808617721
6930,9.077696770831263
6931,5.47834031601069
6932,7.357269219932374
6933,6.262661941039642
6934,6.316121769313845
6935,9.479595845658809
6936,3.1213371514823347
6937,8.764442657275016
6938,7.973599332142268
6939,8.28697016362421
6940,2.433184858992472
6941,6.530660842790122
6942,3.916725740314188
6943,3.9035809207830665
6944,5.085227801594454
6945,4.366794601553407
6946,7.173718831815351
6947,4.7034314345571255
6948,4.559941830140304
6949,2.9693374261047616
6950,4.932081377760369
6951,4.602534022750325
6952,6.172311729717803
6953,2.385159229819205
6954,3.618698910992699
6955,7.005634674227306
6956,6.758994002529193
6957,7.275017940056917
6958,5.949132414411772
6959,3.9486505159176124
6960,4.323560061731206
6961,5.6460912866427515
6962,8.253054834080057
6963,7.443866891988877
6964,3.823290268118462
6965,10.0
6966,4.83499658358194
6967,5.521256627522906
6968,2.701859815944852
6969,5.717195112945759
6970,7.322730859555355
6971,7.300599078429635
6972,4.124645341762059
6973,3.3848478152401027
6974,4.301283348822484
6975,6.001008481299182
6976,5.871376172119732
6977,6.11698290604976
6978,7.6333377979125885
6979,8.094335226203267
6980,4.230901487268188
6981,3.3251823689693376
6982,4.597367106263498
6983,5.358987037573011
6984,6.459993291646173
6985,7.9131418818145365
6986,3.8063361929839266
6987,3.0483632780063683
6988,9.013591804472796
6989,5.5731464265093456
6990,3.6587286086761446
6991,3.227513982378632
6992,6.837709116496417
6993,4.4551414190579015
6994,5.866194883762634
6995,5.0601420694377355
6996,3.1359126712310297
6997,3.5587601386245566
6998,7.107735724215632
6999,8.138127124211426
7000,4.384442282227971
7001,8.09454722754811
7002,6.901156327635293
7003,4.375918931993343
7004,7.873699479760345
7005,5.95222912221127
7006,7.465547852684745
7007,6.245068709177046
7008,8.348167026275073
7009,6.8992333758106525
7010,6.394960273400382
7011,2.7013684934559654
7012,7.158276210387645
7013,9.40501323659707
7014,3.283588270027825
7015,4.469379130600474
7016,6.416727883946822
7017,2.71818612203134
7018,7.392218066095276
7019,5.721037795064647
7020,9.166722407628862
7021,3.9317009731190304
7022,3.0606479697202094
7023,6.3257208782397205
7024,5.053576226503819
7025,2.9011981795276345
7026,5.182183562134544
7027,8.245001657791528
7028,4.3970791456261695
7029,7.756641203954487
7030,7.693021163751103
7031,8.748227329858677
7032,4.190227867410654
7033,6.822109189295277
7034,7.0628823416841575
7035,5.997942142014117
7036,7.587614026443621
7037,7.583672609755364
7038,8.547236548004339
7039,5.884224970058815
7040,8.97674234603136
7041,8.735404892200954
7042,4.825297467174176
7043,2.837725130967499
7044,6.055993919580386
7045,4.673486496051349
7046,9.272881228987103
7047,3.1918496743010394
7048,4.973523703904437
7049,7.964047025866455
7050,8.866704255169076
7051,5.796015651556519
7052,7.138852389713127
7053,4.561120556343744
7054,5.202095614612773
7055,6.377406730474623
7056,4.257870297067983
7057,5.203955653838064
7058,7.1053652273154215
7059,8.048976558890502
7060,5.525332428691001
7061,3.546854949436068
7062,6.049243876903221
7063,7.910214707902203
7064,4.419217669727042
7065,7.1701316495722605
7066,1.5823653891028595
7067,4.158387369332735
7068,7.3243033303024205
7069,3.8719737298380688
7070,2.7502239887553404
7071,8.31953848026718
7072,7.451237956641949
7073,5.034119011629943
7074,4.954975930685012
7075,8.693164313057588
7076,9.384487225882763
7077,8.315156766684147
7078,6.442151454957789
7079,8.415372094248085
7080,5.164794772116959
7081,6.466580437012844
7082,7.625689800307992
7083,4.260087802846142
7084,6.925509188669009
7085,3.431550264614808
7086,7.857457711249424
7087,6.509648772599596
7088,4.082611827026856
7089,6.848331557981928
7090,9.57121424164442
7091,6.267523316226634
7092,4.535104883916179
7093,4.758445616849653
7094,9.050898344480178
7095,4.225311973081622
7096,4.752682587603511
7097,8.17055056560771
7098,4.713680339012761
7099,7.755616586273235
7100,7.110729464545959
7101,6.063446980676802
7102,8.22891203213687
7103,6.881230458030238
7104,7.7818919659975965
7105,6.076458173110267
7106,3.0713248492806677
7107,4.542349995236127
7108,7.270206973868208
7109,6.590145508691315
7110,4.199788076586044
7111,5.603662651703477
7112,4.088745933718491
7113,6.531538816493759
7114,5.938423514658251
7115,8.369971905232138
7116,8.82257571723963
7117,4.920000156130625
7118,6.273182165304102
7119,7.668976560124466
7120,4.7817078324949165
7121,5.263343344721792
7122,4.829490888139505
7123,4.743178401131804
7124,3.8089245713882787
7125,5.307297543661184
7126,7.755614192450487
7127,5.385277434443746
7128,7.165299082906725
7129,6.634532216741154
7130,7.295292482363438
7131,7.189104857862121
7132,6.655445612645828
7133,7.485270828164376
7134,7.328455406861747
7135,6.306084750861381
7136,4.17513167968302
7137,6.145842343954818
7138,5.02429044386987
7139,4.550225452860301
7140,4.027536374067692
7141,9.573210605234529
7142,5.479021808867845
7143,5.266776658074056
7144,3.233147296693183
7145,5.390588271663786
7146,4.687632362549786
7147,7.987651016230937
7148,5.637568105129449
7149,7.374354167638978
7150,5.778653542952655
7151,7.889173862732838
7152,6.422217487956355
7153,1.6724374974528065
7154,9.22337303926746
7155,6.8377212059937404
7156,1.925708842270895
7157,4.771763960871999
7158,4.133537951513704
7159,5.587499878223751
7160,5.218085500574511
7161,6.736152744393491
7162,6.005894593093085
7163,6.42870272052872
7164,8.543007629381789
7165,8.554765169579841
7166,3.3462918748722448
7167,6.4038824660570866
7168,4.483122213459644
7169,5.319996712669857
7170,6.5479226802805615
7171,4.388718826526189
7172,6.213674448421234
7173,7.891308836553002
7174,9.084497876909115
7175,4.267609357743654
7176,7.518247005387473
7177,3.7357067518890212
7178,8.367492158623097
7179,6.4625473507737645
7180,4.855696321620568
7181,6.606504795370159
7182,5.854628987884816
7183,7.722976659859558
7184,2.053083633770621
7185,6.374499378236707
7186,7.301117301439305
7187,5.267883235767812
7188,2.6103314876615573
7189,5.9138983758039485
7190,5.30969994766421
7191,2.991621085581797
7192,8.603773666091378
7193,8.381764511200377
7194,3.378940429029499
7195,7.5240176360385735
7196,5.8979382395401725
7197,6.741855472838449
7198,6.0726502420135615
7199,7.872881981267492
7200,7.3513904644414225
7201,5.566876320611266
7202,6.437643544090992
7203,6.346577277948931
7204,6.215350249781946
7205,3.071334743293373
7206,6.694117173123911
7207,5.943250290775792
7208,6.233537317756574
7209,5.999216356085407
7210,6.859750774886834
7211,5.670417271760798
7212,5.230738214271271
7213,5.60252598749886
7214,5.908962958650868
7215,5.116150745760656
7216,4.145010013085013
7217,7.264399625333545
7218,5.663919680149787
7219,8.048586738929437
7220,3.9331260255503153
7221,7.2844917999195165
7222,4.5799841278080695
7223,6.850159008256928
7224,5.890133303134767
7225,7.243418241304588
7226,6.745363126284869
7227,5.993405652430649
7228,3.7301155968047013
7229,8.524694324147278
7230,6.350476448668851
7231,2.9778069864460672
7232,7.481607060332534
7233,8.180749981181535
7234,2.637055585393316
7235,5.248483866624449
7236,8.13376799959838
7237,5.9744689310675225
7238,8.541655168556808
7239,5.924302846780642
7240,3.634164508223965
7241,4.050177404435362
7242,8.430937910095349
7243,8.956667591919626
7244,3.1345980440513337
7245,3.7117770365430154
7246,3.378127312767061
7247,4.121766866380018
7248,3.724641357065218
7249,5.703073314307144
7250,7.503175616098691
7251,6.1297127297018354
7252,5.105896871120877
7253,7.594206849121029
7254,7.78009858424592
7255,4.02702922247396
7256,6.913386553678183
7257,4.272455820164427
7258,3.0259110756207956
7259,5.896179672017889
7260,9.603197532229746
7261,5.793536941414032
7262,5.896940102706149
7263,4.651237105256346
7264,2.937807242364265
7265,7.94009617614467
7266,4.331470010378417
7267,2.8830375115557345
7268,6.278991780619619
7269,4.8834828068076455
7270,7.069198103178506
7271,4.019394095578836
7272,7.222841845519577
7273,6.593624493403036
7274,5.128534496508097
7275,6.633230003830839
7276,6.019950409640996
7277,5.303499680222135
7278,5.982909408943121
7279,6.356942843118223
7280,6.522356932038955
7281,8.837727977120855
7282,6.04710480049562
7283,5.427667208459245
7284,8.562741675517941
7285,7.5548397939468925
7286,2.942480735883348
7287,4.8096040189895435
7288,5.811390617375221
7289,4.968015523943839
7290,6.696619659829782
7291,3.501988328554326
7292,5.593109184909477
7293,4.64769350144956
7294,5.166165314273776
7295,9.618432529817511
7296,8.090369133053573
7297,6.86249717121289
7298,5.523451893524108
7299,7.352133686361551
7300,4.465548025049775
7301,6.973516445617967
7302,5.351446920887548
7303,5.032376201174827
7304,8.376569917368043
7305,5.684506123934678
7306,5.124741226363533
7307,7.042232015071352
7308,4.772132257622055
7309,7.664064910056515
7310,1.8897327359830811
7311,7.175011782862484
7312,7.886905569427457
7313,6.358714762415078
7314,5.723612665378777
7315,5.773865511213589
7316,4.582105204390953
7317,7.4434531348551
7318,2.4973768398309675
7319,7.306740809956928
7320,3.942699611603239
7321,4.491670230229657
7322,5.655348997195226
7323,5.941245600980693
7324,4.795786846499437
7325,6.507937367641762
7326,5.981926462746775
7327,3.996442410268294
7328,7.159617853952836
7329,3.315745543217489
7330,7.984693638095665
7331,4.048068547823313
7332,7.439552847873583
7333,7.802605733822126
7334,5.796570702743316
7335,6.018025822446855
7336,6.124470803103342
7337,4.202966174006096
7338,4.4064213967868024
7339,4.933335963015356
7340,5.648695078521882
7341,4.407183270037667
7342,4.626822634046977
7343,7.771379117369008
7344,6.108908334846092
7345,3.2448060480779217
7346,7.694454021398536
7347,8.040556174720813
7348,7.314859537784988
7349,6.460826597338124
7350,4.6245083041071515
7351,5.350791488533201
7352,6.274533587855471
7353,5.338649637012645
7354,7.017898789816496
7355,7.8466265336110546
7356,5.357897425435249
7357,8.726004515846752
7358,6.692006806900418
7359,5.882934548616228
7360,7.876776279209654
7361,9.233659043514086
7362,7.270399894517017
7363,3.5264655259314894
7364,6.528072612189839
7365,6.4001549584477
7366,6.216580728704381
7367,6.019170623186426
7368,3.632003904701296
7369,8.355117331704895
7370,6.359481021658058
7371,8.78226436746902
7372,6.272008850789176
7373,8.531451639887639
7374,6.596426141505271
7375,4.015295071574086
7376,5.117978248462897
7377,5.881204956315298
7378,2.997716928102207
7379,9.257568451558736
7380,6.736885555034947
7381,6.091763763148924
7382,7.845279793368428
7383,3.253901607987023
7384,8.148809927341496
7385,4.849362323293797
7386,5.97251265811235
7387,6.541895759624728
7388,5.647843325809761
7389,4.777355952271554
7390,6.484502439003457
7391,7.1281200478512545
7392,5.955120714079503
7393,9.403216580102658
7394,7.831536908772147
7395,3.3301583734480484
7396,5.896351933692185
7397,7.934682731040579
7398,2.1156204025295953
7399,4.481425916583991
7400,8.063912624858773
7401,4.114183378928892
7402,3.28453004956044
7403,9.350803384805419
7404,6.295276691946459
7405,5.242692456790983
7406,7.570392459199423
7407,7.764747665798673
7408,7.595443913643967
7409,8.450376384194843
7410,7.460020086848587
7411,8.079861597244443
7412,3.5690969244733024
7413,5.009923054264866
7414,4.726300870234816
7415,6.2001285782754065
7416,5.545885644313642
7417,7.123861344788905
7418,4.027778915473754
7419,6.074027641067668
7420,5.212036859835089
7421,3.4330713802280823
7422,5.8384844136390806
7423,8.55119711209275
7424,9.476579306227068
7425,3.184509141966677
7426,5.1420223967785255
7427,5.632403898026878
7428,3.9597392869943056
7429,3.681955623491121
7430,1.976134725770346
7431,6.032634867845192
7432,6.488788294990337
7433,5.1658597447388805
7434,4.298728456189705
7435,4.9080514202857985
7436,7.671762241741032
7437,8.911369885971784
7438,4.813106835789153
7439,6.1694063053780805
7440,8.182283569256356
7441,6.440319386119854
7442,4.151151846921196
7443,8.67797653444816
7444,6.151023854109912
7445,7.764541333324704
7446,4.180062625672276
7447,8.184502344444555
7448,5.002634562684098
7449,5.458431965952792
7450,8.564849568465146
7451,6.307517151170768
7452,6.376663743786061
7453,4.268045139864233
7454,6.725797026854265
7455,3.9575436161708897
7456,6.867071509242034
7457,7.104982402892226
7458,5.557346583949711
7459,3.7879117205696287
7460,7.532521514875491
7461,8.168487543203424
7462,3.1369581986564543
7463,7.916894585467139
7464,5.991947775818779
7465,8.678710994530494
7466,6.804605956384604
7467,8.992600256906917
7468,6.619515124358199
7469,4.226542021199521
7470,6.416395364068159
7471,6.324932445552555
7472,3.3184397564915322
7473,6.009637823445319
7474,5.156582504771667
7475,3.1125433603270976
7476,4.767136154124484
7477,2.271281887537178
7478,6.561996482958364
7479,4.873750733436488
7480,8.994093825361887
7481,6.751913397633005
7482,4.708784189879052
7483,7.659950635077321
7484,8.019064355784472
7485,5.0289927751693515
7486,8.92691382839011
7487,4.814366736664411
7488,5.27742229364484
7489,5.457244684165373
7490,5.471918159204188
7491,4.045896788468237
7492,4.536451024095478
7493,8.321074049424684
7494,6.164638737226362
7495,7.013891781239467
7496,7.341394146654446
7497,6.490993329573264
7498,6.487110474737593
7499,9.372570929021578
7500,5.625568088225054
7501,6.2280603406890345
7502,8.262577407519148
7503,4.608328565338931
7504,7.222695544709097
7505,6.13827847858153
7506,6.404762371206139
7507,8.681153504331379
7508,5.291914371502975
7509,0.8718691018895051
7510,8.882670706143609
7511,5.232174344867579
7512,5.4194640748683165
7513,5.735991864461132
7514,8.098686135514825
7515,4.76288366256194
7516,7.505942427900754
7517,2.7485439753387353
7518,5.568738471965554
7519,2.7496470793648573
7520,4.541065308785086
7521,9.151034169725133
7522,5.626845298941406
7523,3.198303363804981
7524,8.149857802449311
7525,6.549325995494967
7526,7.581193223893995
7527,5.929398377937046
7528,3.384704873286767
7529,7.625016263996893
7530,5.714131701025327
7531,5.514173591379419
7532,9.359759928660733
7533,6.924168975302049
7534,6.785186625818241
7535,5.347254751164322
7536,7.865610424192206
7537,7.809707103227109
7538,6.3912337737446485
7539,6.001417944825979
7540,6.063020325767931
7541,3.8538898358703353
7542,7.7679648403596016
7543,5.520697135331374
7544,2.5630263912991
7545,5.048847839472042
7546,5.280805885059091
7547,4.243776430999581
7548,7.278159565559995
7549,8.063443676543624
7550,4.810131104184297
7551,7.990288949959361
7552,6.200187105933075
7553,6.606752617835133
7554,9.088643476980037
7555,6.739375230697087
7556,6.15619053881093
7557,8.009786930790376
7558,4.362238531117647
7559,2.832882499883037
7560,2.4472126174821915
7561,6.170434113625962
7562,4.6696221372358595
7563,7.589200358957197
7564,6.5113595998610485
7565,8.71784565651158
7566,5.501176412208175
7567,6.952223312221247
7568,7.518083155344637
7569,5.949607368838441
7570,3.081730791210794
7571,6.5379124864713605
7572,7.32605061765746
7573,9.735188805895742
7574,5.8534369121375605
7575,7.625855155265726
7576,5.111337268334083
7577,7.04895492760328
7578,6.216875742458258
7579,7.771704656014783
7580,3.951564298070566
7581,7.023903562595258
7582,1.8867763866188003
7583,5.85931648938361
7584,4.226006763847062
7585,6.293420445101647
7586,3.794805003445635
7587,6.293821941689186
7588,4.503258002742704
7589,8.179377416898157
7590,1.954033279717509
7591,3.2765247874357284
7592,6.064197077780104
7593,6.632841589810949
7594,3.8332113357489694
7595,6.445062988170282
7596,3.3271662698506272
7597,6.552361743366161
7598,6.108870658611024
7599,4.070119702127651
7600,7.415987614150119
7601,8.96710650185889
7602,1.2622942173993819
7603,3.9354307530190034
7604,3.554474201795817
7605,5.468999138737891
7606,6.231798358412107
7607,8.30284518247224
7608,8.646999122448804
7609,7.728547450403322
7610,4.9205056142912165
7611,5.14687567673434
7612,6.655036466026348
7613,7.893618000200846
7614,6.887158450731949
7615,7.953141785604893
7616,6.3155489252962305
7617,7.049870644968001
7618,5.836136642233659
7619,3.541806701651926
7620,3.93662655283842
7621,8.062742126656758
7622,3.760923779771207
7623,7.448706725028233
7624,6.757221944881518
7625,5.513971771263509
7626,1.2358537451065326
7627,5.491392059380066
7628,5.683369798071764
7629,4.085424923581792
7630,2.97026794460366
7631,6.302211605066657
7632,8.349384278109131
7633,6.936880374131388
7634,1.5678591494888012
7635,4.85806733812395
7636,7.539069930561309
7637,2.398285612173318
7638,6.854533693124501
7639,7.560160456231683
7640,8.279755036444485
7641,6.622710009727986
7642,9.019680164354709
7643,5.627976474475163
7644,5.73491076795005
7645,6.590766878841739
7646,5.2780099942099445
7647,4.65108977020989
7648,3.232997789026527
7649,3.825378267597281
7650,6.719914044364647
7651,5.500210185544777
7652,5.881705748387845
7653,2.9995164770216776
7654,6.100933904242494
7655,7.542340817259702
7656,9.64888405364957
7657,7.315576352908468
7658,4.635421562799889
7659,1.3015928017262643
7660,3.8493634819592746
7661,4.001572710402734
7662,6.964942254302644
7663,2.689543794418632
7664,7.73278841036253
7665,6.474592667748424
7666,5.886447225856259
7667,5.080183745289756
7668,4.76953279672008
7669,6.824178915892273
7670,8.699282828984662
7671,5.885447735577723
7672,6.137104640597074
7673,4.766012732951982
7674,5.0752171518719935
7675,8.950751221079166
7676,3.1448944811088184
7677,5.1901736172761765
7678,8.621645149340829
7679,7.971300704556983
7680,7.744495367223712
7681,5.654701518768146
7682,4.0393628076516395
7683,5.382465413344318
7684,4.86637941761633
7685,9.633334935534307
7686,6.5005757770097246
7687,8.805293696506629
7688,4.067953417511845
7689,2.8833270776484747
7690,6.676204375194988
7691,3.410003428047881
7692,8.486762980516101
7693,8.099434069138267
7694,4.9575954145124035
7695,4.738087309275704
7696,8.778779571116768
7697,3.495581819712208
7698,4.886172212614176
7699,6.883980490256542
7700,7.210233109746344
7701,5.040894547798185
7702,3.358988007417678
7703,5.427701660533439
7704,5.037911945195177
7705,4.202855597383795
7706,2.122931985180542
7707,7.137293711563085
7708,6.345668751502507
7709,7.618190214053768
7710,7.073616585866591
7711,7.913158196052391
7712,8.095554762168849
7713,5.052302825943656
7714,9.564696140964411
7715,5.630777295016932
7716,6.87322802308547
7717,7.04420633154884
7718,8.077227155720468
7719,6.34110306319928
7720,8.792112877850762
7721,3.5091365916163264
7722,3.6044369979180373
7723,3.7014392810559977
7724,6.256594926759814
7725,5.55000952992871
7726,5.012280085347572
7727,7.036063152747475
7728,5.781358055717246
7729,2.820175935945369
7730,5.918854191786789
7731,3.5888665815760126
7732,7.537003797196039
7733,5.857497143956932
7734,5.779412241041015
7735,8.320413768318431
7736,6.799918049603477
7737,5.33724038499048
7738,6.481348884872913
7739,4.375277715489862
7740,6.718674473671775
7741,5.70661637732412
7742,4.753406043158426
7743,5.155483275830827
7744,3.41669197492877
7745,9.394983820822342
7746,6.160400252678153
7747,6.190158019971448
7748,6.086339973675816
7749,6.489599667194368
7750,4.0438584210026765
7751,6.7147490439586965
7752,8.043089233883109
7753,5.6808823693959125
7754,4.9314075012805
7755,8.43651273548737
7756,8.216407431163926
7757,7.678161455662756
7758,6.538409198132536
7759,8.908007193760563
7760,7.04289824112906
7761,7.646719814143217
7762,5.1543992002383865
7763,6.321753679582324
7764,7.267139633292523
7765,4.971051612261714
7766,6.809376646229837
7767,4.633301810571408
7768,4.927875602928657
7769,3.4657695359095584
7770,8.934984493671937
7771,2.620901716732215
7772,5.409934331617576
7773,4.886746336324877
7774,5.224487526507661
7775,7.68316490409668
7776,6.316498045876518
7777,7.164237019303408
7778,8.129391140282989
7779,4.65451846589604
7780,6.577811570630794
7781,5.424716039819216
7782,2.417947484552579
7783,6.3369903963604886
7784,8.543909553537585
7785,2.392170898820033
7786,1.892227510988941
7787,3.0428498311431
7788,8.676935245983511
7789,1.5386572089610153
7790,6.498393563720453
7791,3.9165780554554477
7792,7.603417609841152
7793,8.087643253765986
7794,6.347457323926775
7795,6.927994837582928
7796,6.794936832794855
7797,6.075546971549051
7798,7.976836355587513
7799,4.87118743079789
7800,3.808442300122011
7801,3.134063439618396
7802,3.1075659859071916
7803,4.6979169996365755
7804,5.154685517507436
7805,7.672130590020018
7806,7.355223704158725
7807,4.700544882144395
7808,6.331833669729972
7809,7.840695180047192
7810,5.655074733526081
7811,4.665738831084778
7812,5.275810170812387
7813,6.444273874862061
7814,3.945487743060567
7815,4.145880616799881
7816,6.8820672782474706
7817,3.12817659184927
7818,3.437184288277864
7819,6.292372701248383
7820,5.560059930448693
7821,6.766358288470142
7822,6.644377407799792
7823,7.477287857547618
7824,6.546569825982272
7825,6.231104835871366
7826,5.740246226776129
7827,4.17038388059519
7828,7.866666155433184
7829,7.569613732534876
7830,6.958722229128695
7831,7.220072307933225
7832,2.844810594125621
7833,7.805694284842819
7834,8.002580135888731
7835,3.8889455339129086
7836,7.486237649654349
7837,5.746261161281812
7838,5.243351474122573
7839,5.087277802027392
7840,8.685342942952722
7841,8.444838410523104
7842,7.90043111762856
7843,7.366140440495038
7844,5.052697772984434
7845,5.857572586452061
7846,5.642393272690308
7847,9.023562445077953
7848,4.485151416734281
7849,2.329384983119944
7850,4.126934867843225
7851,4.2067230713032835
7852,7.903219227689238
7853,5.563866124163479
7854,4.405570271467205
7855,8.296168752021053
7856,6.526590978235779
7857,9.632557353495152
7858,7.106629545491688
7859,9.81658275724807
7860,6.8208291198460635
7861,9.704277381473723
7862,5.1164365694878
7863,5.273895360254831
7864,7.688898380359004
7865,9.176823229649042
7866,6.657719753318855
7867,9.713496087746801
7868,4.940071348901427
7869,7.521678677032255
7870,8.646401749147499
7871,1.970762898266261
7872,6.3408531861376805
7873,8.350863213981718
7874,7.0129861569000465
7875,3.905620990210896
7876,3.976204476249844
7877,5.7116638605090655
7878,4.556631820236198
7879,2.114571307234514
7880,4.1328176983214675
7881,5.825719691033536
7882,7.689667540091518
7883,4.569899225638928
7884,4.012486717349226
7885,6.929991392059938
7886,4.718481974496167
7887,6.328515833790569
7888,7.392146271325635
7889,8.52272327265822
7890,4.153477436185579
7891,6.125118857238499
7892,6.407256751704539
7893,2.5005104142837093
7894,7.2822426396567606
7895,3.659846076073279
7896,3.752408719042889
7897,8.530732661257748
7898,3.226157232693811
7899,7.640502222938149
7900,3.948437645213687
7901,7.302766368414028
7902,3.9404344361556456
7903,4.612997005969504
7904,6.228990161863256
7905,5.070273167609163
7906,7.996110139113697
7907,3.9268012937304313
7908,7.626535169831451
7909,8.000587449308226
7910,7.220920893064582
7911,7.122211237958695
7912,6.151628942400469
7913,4.236459734841343
7914,3.8747024707878506
7915,5.326644364357941
7916,6.756486710998962
7917,6.737152429774124
7918,4.476059686995301
7919,7.453465695066356
7920,9.377990504956646
7921,6.245475671982111
7922,4.922797004747266
7923,6.54690080462988
7924,8.23009498507723
7925,4.275731897026992
7926,6.269343661130725
7927,5.527643473347988
7928,4.680417896360693
7929,8.707379618240378
7930,8.028933397260914
7931,7.592278624506911
7932,5.3891120088915
7933,5.38547424588144
7934,7.9472467290701125
7935,8.49718514664541
7936,5.450522065434269
7937,3.4642424218728056
7938,5.966228520583324
7939,8.230782038836164
7940,3.7207728119831347
7941,3.724228161462084
7942,3.8982369203545177
7943,6.266370640382717
7944,6.144512893300514
7945,5.614593672400156
7946,4.5325482458262805
7947,5.279998978326283
7948,7.429526480392227
7949,5.846375987227612
7950,6.837119826007828
7951,6.731725377867497
7952,7.664738534876761
7953,6.017769283926303
7954,3.6307973105376568
7955,5.273462770439608
7956,6.732400334542996
7957,3.009986657861271
7958,3.2462868595901377
7959,4.884077558436619
7960,6.2253212077178075
7961,5.721711764780207
7962,7.100021127096803
7963,7.127541155000937
7964,6.198295189405745
7965,6.209667028315632
7966,7.456284360448814
7967,4.403098018785592
7968,6.362787927483872
7969,7.391883643224656
7970,7.438099206562505
7971,6.400738023330333
7972,5.613652185833809
7973,7.884471213926049
7974,6.008144777734355
7975,7.170949777931477
7976,6.360016524457746
7977,8.09253303254356
7978,0.9150959001357402
7979,5.753484044497945
7980,7.6959541699125555
7981,6.358502383954536
7982,3.392988190825845
7983,5.593040710190968
7984,5.76309029010067
7985,5.481519293909946
7986,7.012690797615486
7987,4.227137300618068
7988,9.774051770467723
7989,7.325707426788517
7990,7.9736960391962155
7991,0.8447259264858085
7992,2.8726504276645293
7993,6.712467506644
7994,4.225640735435569
7995,2.8741375841216525
7996,5.956249173551956
7997,7.984263347760754
7998,2.1326228040045665
7999,6.680780960513953
8000,5.5224483776894475
8001,6.986586620577664
8002,3.349675265223354
8003,8.307788670569412
8004,4.682913449781949
8005,7.91112825178845
8006,6.263019618855865
8007,8.800903571398981
8008,5.620886051896868
8009,5.590969802997069
8010,6.466319170441289
8011,4.728380498307402
8012,6.5919111490342965
8013,2.444380926487268
8014,5.499372900230919
8015,5.181040174120403
8016,6.242754055050486
8017,3.920676482051183
8018,4.274705844992374
8019,5.848224838232061
8020,4.419137591935446
8021,2.962545195503104
8022,5.397155843009013
8023,2.5674180055729257
8024,5.839215676693533
8025,6.501080035443127
8026,8.713039750136657
8027,8.81046408527325
8028,5.562386560967026
8029,6.566214554752676
8030,3.1727221573312496
8031,4.815600166525277
8032,4.31098535200889
8033,8.745037287654746
8034,4.311438520214433
8035,5.174542373320875
8036,2.1442106831249355
8037,5.237175144566466
8038,7.0020965086267655
8039,7.7349679768519275
8040,6.207391521716259
8041,6.343573432163395
8042,8.14611529556995
8043,3.239338612685188
8044,5.91786327392039
8045,5.872449986394551
8046,7.990146016829787
8047,3.5353669526518177
8048,7.320023264344101
8049,3.4126072601424937
8050,7.317692993666733
8051,6.842112943533894
8052,8.959326609446425
8053,10.0
8054,6.961946059406056
8055,7.868137966831575
8056,5.379524016235921
8057,7.030182534471299
8058,2.567183141292529
8059,8.013226602192532
8060,5.348598713749314
8061,9.076004976692804
8062,4.68671970031029
8063,8.176359619014235
8064,9.057538161577149
8065,6.487536814099806
8066,6.059107397315512
8067,4.386477643274931
8068,2.9837187617960033
8069,4.639991104045465
8070,5.073913934445114
8071,7.949256555099592
8072,5.281132392018703
8073,9.420722755497628
8074,7.767052689378536
8075,7.175186310185477
8076,4.975101593634738
8077,3.8917345859546115
8078,5.337166042139466
8079,9.711162572717477
8080,8.676738496126045
8081,8.149596669346927
8082,2.6814392753562526
8083,6.626107788393222
8084,7.74376076591976
8085,8.641415866248298
8086,5.603678859082928
8087,4.881010998746333
8088,7.344039200871528
8089,5.46250829633005
8090,5.2137228124770045
8091,5.807019833666144
8092,4.494913667209388
8093,3.578771213094858
8094,5.818887475256133
8095,6.895874217260452
8096,2.788715057908953
8097,8.99555482422663
8098,6.056790865882266
8099,6.994816204029168
8100,5.644648033416177
8101,8.039874769680889
8102,6.389950373610473
8103,8.824282438743698
8104,4.412765658365457
8105,4.757861441058896
8106,1.3332119282915258
8107,4.639390564362591
8108,5.290280272977187
8109,4.6310775117973755
8110,5.025111113056323
8111,4.961804860322727
8112,8.503338701384516
8113,5.834685219871754
8114,2.8368374090407187
8115,5.7577864886268735
8116,8.128999990012183
8117,6.566550839225009
8118,6.789647852526184
8119,5.647590845001433
8120,5.2084896845238715
8121,2.3720539121935778
8122,5.766986549154544
8123,5.726594770613504
8124,5.78078295899913
8125,7.171339870276659
8126,7.9888293093658564
8127,3.3073163581845493
8128,9.080215518850265
8129,9.32160087687207
8130,4.209876083004868
8131,7.519946345902954
8132,8.8764088832095
8133,6.345463530212976
8134,7.34232233111512
8135,4.155078876449494
8136,6.139811702948693
8137,4.846768731260034
8138,8.266141431644005
8139,7.636554132588147
8140,2.827360507026055
8141,2.7453784819811506
8142,8.586150673141914
8143,2.8387997658227517
8144,6.145205345457034
8145,7.05695207182259
8146,4.477015555058737
8147,9.391641586854798
8148,4.9059985008024185
8149,5.014488438569808
8150,8.698759425590893
8151,4.489185328939413
8152,3.9890828542814982
8153,4.468772746159285
8154,4.605723911339023
8155,8.58299036049313
8156,4.637282670480507
8157,4.313781336404986
8158,4.887415956344561
8159,8.690874515696075
8160,1.8164614500177176
8161,6.612124953829772
8162,9.177696455453999
8163,6.371515799441395
8164,7.522567969879611
8165,4.9732224676692365
8166,4.903375993039036
8167,6.020698280654598
8168,4.44301156230094
8169,3.2998612366570512
8170,6.633316389597441
8171,6.1608450171608125
8172,7.603444415478318
8173,4.463141619658488
8174,6.593032679832636
8175,5.317349216873067
8176,6.9370665700969925
8177,5.590313891884671
8178,1.804770715296029
8179,5.809179062881875
8180,5.108537287584636
8181,4.546760203651889
8182,6.900589795018139
8183,3.755332770794081
8184,7.826840927371281
8185,6.779082139942614
8186,7.575539910248036
8187,6.0547100628893595
8188,8.366619872254777
8189,6.913784722521867
8190,8.65718851072494
8191,7.857053010123289
8192,8.82689754789697
8193,4.577416998253525
8194,7.26608503116814
8195,7.100591200346493
8196,4.269223663513253
8197,3.5377845095879787
8198,7.112892784725503
8199,0.6215869416163864
8200,5.239891481158127
8201,7.28629992528355
8202,4.171296291674176
8203,4.357349560490585
8204,5.698639947078138
8205,8.996422440412081
8206,4.740787708465698
8207,8.180998151402122
8208,4.47085302291538
8209,4.906435723254563
8210,5.307887410010515
8211,6.745032849806464
8212,4.538003018368427
8213,5.472980727913132
8214,6.230537210765672
8215,6.216972806221416
8216,2.7841865840556843
8217,5.803926943926562
8218,2.5881315680035177
8219,7.019234049045366
8220,9.09140061666385
8221,4.250473956117745
8222,4.363926787220225
8223,7.9599133832887965
8224,3.854362064304052
8225,7.222444402802378
8226,6.99650389098294
8227,5.136449255784053
8228,4.975807298608541
8229,3.787853785830245
8230,8.882502346628677
8231,7.484114197719987
8232,2.2457696918282632
8233,5.256706237728653
8234,8.34096299964575
8235,5.254542401934482
8236,9.157308339325178
8237,6.745069630539006
8238,4.20588485268898
8239,9.779960348206359
8240,6.375955604772806
8241,4.906509986444583
8242,3.5189024360876315
8243,6.902349138895573
8244,3.4159153280638144
8245,5.545876987446557
8246,3.4106946526481394
8247,7.473373332702948
8248,3.53691135648405
8249,4.64554175489743
8250,6.955679837226101
8251,6.266021243698286
8252,6.130536191943754
8253,6.9715953341918375
8254,5.119920388465769
8255,5.734733921024764
8256,5.160184821967354
8257,1.9616733213460256
8258,4.501862739420949
8259,4.0495149497503995
8260,4.3985780984842275
8261,3.5840571604561693
8262,7.124714618739435
8263,3.376237188181751
8264,7.728131493232443
8265,4.729260467269983
8266,6.437055904160445
8267,7.703667710116083
8268,6.260893783879785
8269,3.3493819994049305
8270,4.612706814300246
8271,6.524197116117416
8272,3.9758542182330823
8273,7.945828100597539
8274,7.223725449529671
8275,9.861414125919335
8276,4.8977724273550605
8277,5.53423817630285
8278,4.196692492436821
8279,3.9227071546848173
8280,7.4112764635611015
8281,8.1590278340487
8282,6.931426392396566
8283,4.5898977052507846
8284,3.820587144901871
8285,8.470552403405375
8286,7.857086637238095
8287,4.725377602522056
8288,7.987411513654706
8289,4.9778673195850685
8290,6.2841528684416685
8291,5.034524669507377
8292,8.803774480710473
8293,7.108643649072308
8294,6.142863518150455
8295,5.473773887383256
8296,2.7042523662135505
8297,7.487414122097356
8298,4.086698627081351
8299,9.53545898142419
8300,1.2977102847538253
8301,8.228499845668082
8302,4.184932989981565
8303,2.7728858114054944
8304,5.608380312593024
8305,4.627345605920377
8306,2.303052679930498
8307,7.66437251306906
8308,6.912960522998474
8309,5.931574320745424
8310,6.355265610814708
8311,7.503204645649882
8312,7.67277898083749
8313,5.379514459762527
8314,6.701397498998694
8315,2.591838937851324
8316,6.962635753147414
8317,6.777446576261601
8318,8.679716154771633
8319,4.180001635883322
8320,4.826936719028452
8321,5.375015147289532
8322,7.512210324940123
8323,6.101589632034583
8324,4.167646596331073
8325,4.633687395044971
8326,5.15614532525243
8327,7.940687244060293
8328,7.399554653813206
8329,7.839170305992912
8330,7.733606691206112
8331,5.792782244228305
8332,3.0701289600202055
8333,6.282454387370344
8334,4.417337741827066
8335,5.974239889781713
8336,7.041825804734696
8337,4.387963437807639
8338,2.3262554567449634
8339,7.971313886014461
8340,5.060269814380822
8341,8.829026194718406
8342,1.7967984955352945
8343,8.622367464951783
8344,6.550045660439129
8345,7.489974424188925
8346,7.083873413869292
8347,7.157996219664018
8348,7.877009901895624
8349,5.13892803366947
8350,5.453602285177154
8351,6.641140205475063
8352,8.326304167486569
8353,0.9860870250144149
8354,9.63150415518086
8355,5.71963602884456
8356,6.89849081856953
8357,1.6870970514706771
8358,7.168094196427048
8359,9.220474556648657
8360,4.606425730721749
8361,6.358944862490123
8362,9.70335646612512
8363,6.90207979504202
8364,4.631307704596447
8365,7.937567227213656
8366,9.053092148479248
8367,3.3996257568194492
8368,6.959020267389608
8369,5.618821956335869
8370,3.0461868592954446
8371,5.5118020155529255
8372,6.110318633634576
8373,5.1191961103289225
8374,2.507208394597569
8375,7.377412675612476
8376,7.867481245644042
8377,8.328448927168417
8378,4.140867431331293
8379,6.546451972591228
8380,2.353133674767087
8381,1.9058932390514416
8382,5.452576148986136
8383,7.337041247418943
8384,8.065414060694868
8385,3.8137612923397786
8386,8.105657731123106
8387,5.089873676949665
8388,7.902101156510676
8389,7.401529774768691
8390,9.223527776082303
8391,9.491320518748058
8392,6.553040211475528
8393,3.8765496945592264
8394,7.706624214571995
8395,5.618998594230933
8396,6.1511488539485075
8397,6.102361469336561
8398,6.649740380541465
8399,6.123763972419218
8400,6.632204311371684
8401,8.840486277836487
8402,6.129675053813533
8403,7.24873387972667
8404,6.750040859840947
8405,3.6316297170826184
8406,4.891323834343415
8407,5.935371506996737
8408,7.736799644844982
8409,7.650138905645095
8410,5.4429135211233906
8411,6.401702465013121
8412,6.8718962875696885
8413,6.188130323946914
8414,4.238426086748332
8415,8.592636844509492
8416,7.669651799892689
8417,3.957863032868803
8418,5.494075915584878
8419,6.380612814258225
8420,2.805794142512865
8421,1.2919755371502673
8422,6.093725673159704
8423,6.179563510013668
8424,4.804220401142553
8425,4.346743005076073
8426,6.862987147923016
8427,5.395242737139615
8428,8.701812541384104
8429,1.6836490296683513
8430,6.217852044080838
8431,3.948294502870037
8432,6.520796409186229
8433,7.875329914800481
8434,8.036552162021234
8435,5.472709375168895
8436,5.116622024739105
8437,3.9002660210890157
8438,8.166923114710624
8439,7.223890680809142
8440,3.1849620991356105
8441,3.27658419999259
8442,8.58590215977612
8443,9.893710346017135
8444,8.165456766081977
8445,8.43730866960021
8446,7.965613451152196
8447,7.339589040270647
8448,2.6725131865795846
8449,3.650112255530631
8450,3.2620239867914944
8451,6.438761760832502
8452,6.64784734988614
8453,2.4227986368339867
8454,2.9806158688086284
8455,8.389000570953183
8456,6.1440584892694625
8457,8.774247051877643
8458,2.514132751857921
8459,7.585807396883874
8460,8.700012471733286
8461,5.866478129211226
8462,5.956288304818137
8463,7.785944096478161
8464,2.53310072287747
8465,7.274226128870297
8466,3.9838392106999727
8467,3.092251666251865
8468,7.67081302183086
8469,5.9893684776701495
8470,4.4396349265495285
8471,8.27853681724287
8472,4.147814370117505
8473,4.981948460285858
8474,4.421449105782007
8475,6.165784268285141
8476,6.5972778973350925
8477,7.9193520317797494
8478,7.056161683949085
8479,5.765913031407225
8480,4.47623770974244
8481,6.780687692042103
8482,6.535208761168285
8483,6.048583267230023
8484,6.033236072805065
8485,6.214163297407552
8486,9.213593168950206
8487,4.217356061820615
8488,4.131853035214457
8489,6.498575634793173
8490,5.000967506715945
8491,4.621828822785096
8492,6.2097239447214125
8493,6.417259509996546
8494,7.019363344083079
8495,6.49520100808551
8496,3.3199244980089757
8497,6.902120404572292
8498,7.234362833253773
8499,6.349556533955975
8500,6.263718371379272
8501,1.75815493702751
8502,4.740351184367023
8503,2.589888727317531
8504,7.21293381779946
8505,6.784859722126959
8506,5.746383733409607
8507,7.0362044972009485
8508,7.0690571014164085
8509,9.13522671352753
8510,8.571289072859663
8511,6.985566528364251
8512,4.81249479296595
8513,6.920157498453071
8514,7.395034200266911
8515,7.175008898690494
8516,7.00645346684521
8517,6.593141508169147
8518,4.823680392000749
8519,6.095482611759687
8520,3.3666546425615222
8521,9.646757445192506
8522,3.744447867659905
8523,7.824781987397255
8524,4.5782262040729895
8525,7.793795828851282
8526,7.7311518131639865
8527,7.4917414446770465
8528,5.890427844502549
8529,5.2810401474543625
8530,5.787319116735326
8531,3.5950244019355297
8532,7.562415194631761
8533,8.692475706181776
8534,4.05630545629276
8535,6.109125219816106
8536,2.7804268118235527
8537,8.043665822944089
8538,9.590431134471064
8539,6.0529654200580145
8540,6.828761012035259
8541,5.46469712348242
8542,1.8051073590752775
8543,3.461393280555862
8544,8.41922543307879
8545,7.348310048953468
8546,4.126307966349399
8547,7.277088879209409
8548,5.540173699565772
8549,7.632981792344039
8550,6.8655319019314
8551,7.688631207441482
8552,7.413667699236579
8553,5.833994110014595
8554,2.4870222950192917
8555,8.098708567947238
8556,7.054903766048238
8557,6.052493899459594
8558,5.089661388938296
8559,6.237909805399697
8560,4.040058835252287
8561,6.018090038252382
8562,7.534537316675717
8563,8.964130745308902
8564,7.291221461791493
8565,4.8451627019644095
8566,6.9339608971722635
8567,7.7313041904149244
8568,7.117877662917774
8569,8.282471945339818
8570,9.801900745142234
8571,3.326026217847268
8572,5.214047911941246
8573,7.297025109674363
8574,5.068739344069393
8575,1.845144874554979
8576,6.130026935718175
8577,7.340381379466272
8578,8.302141640688827
8579,6.159058293161371
8580,5.33213992758883
8581,5.21879295349838
8582,6.701201713488614
8583,6.164361800533276
8584,5.568177546110244
8585,7.821796329826727
8586,3.155442440439603
8587,8.018126594060153
8588,6.258565189175376
8589,5.0145998732226165
8590,9.330489377591974
8591,6.990541906001768
8592,3.1409018892419382
8593,7.180181052726326
8594,7.786762014055478
8595,3.772535774496438
8596,8.055359690884798
8597,7.191619126582107
8598,6.02327875093952
8599,3.225398369453112
8600,2.367443933084446
8601,7.579997449885154
8602,2.563574224735005
8603,1.5660196355797922
8604,4.966352373782099
8605,6.25800575790314
8606,6.972724385170844
8607,3.19768212404496
8608,7.839154735218665
8609,5.967496834601252
8610,6.335253858928345
8611,7.991305855132056
8612,4.3923114773291445
8613,4.839738557111263
8614,4.628252583217567
8615,7.693285273805256
8616,4.938189224047106
8617,8.366735423453653
8618,5.380856093375362
8619,7.349956371909281
8620,7.882552250760432
8621,8.655193032578097
8622,7.73813212055028
8623,6.158579532064538
8624,6.503934573833973
8625,7.218082762710912
8626,5.004035793593817
8627,5.638591802124379
8628,6.684823932275724
8629,2.223714826461569
8630,6.232261155975935
8631,6.880858020267615
8632,6.5664053713616575
8633,6.6559169886799605
8634,5.6868659924848375
8635,7.6653033940127155
8636,6.454674332332063
8637,6.398819760813405
8638,8.730193867968932
8639,4.437354671374619
8640,9.3214456512679
8641,5.297318242254867
8642,1.1587982441483033
8643,3.8553134122987953
8644,6.619023370938853
8645,7.835998796073143
8646,6.541595383258758
8647,7.338529404346511
8648,5.182902202489458
8649,8.735677374401062
8650,6.7523079186296675
8651,5.5979265425559035
8652,4.652007033721848
8653,8.065786858274622
8654,4.426023344706708
8655,7.586215414292785
8656,5.477597146268492
8657,3.839572161127975
8658,7.36126888230712
8659,4.956514944946351
8660,2.825068566278947
8661,4.894537564703167
8662,6.934270343599543
8663,4.724953010524517
8664,5.8432324567233165
8665,5.882222371364531
8666,4.2584575091160595
8667,6.917033236680997
8668,4.9246839514320335
8669,6.036150076423145
8670,7.093816414101978
8671,9.012828246492216
8672,4.812365513618204
8673,5.735925641329391
8674,7.095204155815735
8675,4.340047252763753
8676,6.933230558565293
8677,6.317749831847796
8678,6.598394694704702
8679,7.380630091298817
8680,8.25842337041001
8681,8.133709901903542
8682,4.2253189026274
8683,3.700002434243871
8684,9.962867212567424
8685,4.194954432962324
8686,6.130813234994653
8687,6.811634537287341
8688,8.036252609787951
8689,7.133303890205493
8690,5.659839938233283
8691,4.380366550852077
8692,8.337699662376686
8693,10.0
8694,3.6496970962942963
8695,6.181092024399948
8696,6.434762770531185
8697,3.0625757604632438
8698,6.131007187252117
8699,4.616289854230451
8700,8.760110905100648
8701,3.4705337780833805
8702,6.710158273368503
8703,9.98891776853363
8704,7.650995241840849
8705,6.030661014342518
8706,4.969547474775256
8707,7.62135575015634
8708,3.2554210993937582
8709,5.218506988411304
8710,3.7293706342453006
8711,7.164051572202015
8712,3.146014245076029
8713,4.8722217340209495
8714,9.425652038037374
8715,3.60443079589083
8716,4.1848880947448
8717,6.073933526243258
8718,6.7876760087596235
8719,6.107550051048603
8720,5.724159932175455
8721,3.734219876786849
8722,4.240558327254791
8723,2.4501911790421094
8724,4.8083480196428035
8725,3.3747566212262656
8726,3.737894347019059
8727,8.126798799865327
8728,9.058837068957839
8729,3.742377661242131
8730,4.742240317236116
8731,7.693594244016909
8732,9.735498423659315
8733,8.488083382659443
8734,5.630598186105569
8735,7.306557830747467
8736,8.150316460834365
8737,7.94547495608193
8738,8.27186978203191
8739,8.096079033142717
8740,3.2159269358275555
8741,5.4895811650574435
8742,5.862914115225616
8743,5.322737955766842
8744,8.695636989860448
8745,6.605260186693499
8746,7.013453585415359
8747,9.274711450235742
8748,3.155097383400343
8749,4.137051935330298
8750,3.4218298117313624
8751,5.091484115544373
8752,5.398782509956454
8753,7.7756597611815526
8754,5.244913934753974
8755,6.604428300268783
8756,6.876172035984608
8757,0.24276924563911084
8758,4.722591224931456
8759,3.391137393785893
8760,5.095648613569629
8761,5.844996641646057
8762,6.308377516195752
8763,7.718127866867723
8764,3.1863490778913737
8765,9.15618172431776
8766,6.955312597963877
8767,9.156244858141218
8768,3.966185068582
8769,7.465271885379337
8770,8.8503107369215
8771,7.771574165147204
8772,8.331668100860677
8773,5.339051378113586
8774,5.675204241574566
8775,4.910205692144534
8776,6.642130708310642
8777,6.764289435645866
8778,6.761643201289334
8779,6.11405389324909
8780,6.82582510102206
8781,5.032151103408182
8782,6.260958864668462
8783,7.014225137314513
8784,8.0496438258352
8785,3.2503418636383357
8786,3.5379556327217716
8787,2.59928596714367
8788,5.505028468643797
8789,6.559525111153547
8790,8.566581773332134
8791,6.892808203536069
8792,8.337230898451416
8793,5.401818584060646
8794,5.054870106545305
8795,5.294825869807281
8796,3.161732789619643
8797,4.043926003793668
8798,7.365271318961998
8799,5.292142191855228
8800,5.015783297728522
8801,2.98091695886554
8802,5.059367563458504
8803,6.677564794498234
8804,7.824659907186461
8805,7.364453535247252
8806,7.226468699662899
8807,4.3056109302533905
8808,7.234735048176919
8809,5.826758990636721
8810,4.8555009194818215
8811,4.9443005094185
8812,5.947205828041629
8813,6.46224537042513
8814,6.947101341029028
8815,9.357680607122791
8816,6.7227292475767895
8817,6.615349578252317
8818,5.775545655789039
8819,4.835870943326975
8820,2.956471717656329
8821,9.318928276682499
8822,5.512795169026405
8823,8.10260982488677
8824,5.883560675878286
8825,8.255224564372842
8826,9.404321572623942
8827,5.597258455330725
8828,6.411679742300248
8829,6.256984045675861
8830,4.952477748281936
8831,6.873652484382521
8832,8.99460797547584
8833,5.707435836327457
8834,3.121911044657494
8835,7.813019696030341
8836,7.532930130622609
8837,8.168581581343417
8838,5.689246618470754
8839,6.584403877606301
8840,5.8745755195714
8841,5.605741285077794
8842,4.757183666526981
8843,5.838906854517996
8844,8.486283573958172
8845,3.9691997008836695
8846,6.307706482054038
8847,5.110158281033019
8848,6.400820101453066
8849,7.712049870472914
8850,7.118672286870684
8851,5.832546804543163
8852,4.513487664465554
8853,4.185531443197116
8854,6.567789352660174
8855,9.215497622622959
8856,5.095669108276707
8857,4.453501187556024
8858,8.737048794034342
8859,6.036632211521043
8860,3.7392275216344997
8861,5.7955241827014214
8862,4.165341210997349
8863,6.6521325056207505
8864,6.410824416842869
8865,6.370099717192905
8866,6.6346707850895195
8867,5.220680476868404
8868,6.706387722731851
8869,6.795104558100224
8870,6.48703611320497
8871,8.292867109482536
8872,6.787003913732036
8873,3.5292640855032356
8874,3.2546025721992997
8875,7.124390391251344
8876,2.2274780295659555
8877,9.207321040385958
8878,2.7181754765976103
8879,7.476418427965966
8880,9.045422731844189
8881,7.868652919558117
8882,4.736317002908394
8883,7.390249353079679
8884,3.981016374857973
8885,5.1449159306565795
8886,5.053129334975064
8887,5.129506607073179
8888,4.9413029339039225
8889,5.562355405270335
8890,7.803318164347372
8891,3.6795116790500675
8892,6.303788839403317
8893,5.989073196268241
8894,7.708117267282471
8895,2.50480017084553
8896,8.231523255463044
8897,5.261847931591809
8898,7.684455850741816
8899,5.14375608341481
8900,3.830009376307685
8901,7.652947307431491
8902,4.414970735316476
8903,6.013094775167736
8904,2.7880578347151097
8905,7.227205068577918
8906,6.704170180197192
8907,6.131761022490632
8908,6.735611306243661
8909,4.140535659901374
8910,7.879853170585852
8911,5.7000117274096755
8912,5.210207228264665
8913,5.313070272807156
8914,5.546025591106831
8915,6.3834033858786405
8916,3.2464981012951606
8917,4.881132126128806
8918,3.7175875182876243
8919,6.828036780067202
8920,5.162129523456674
8921,6.695518764292152
8922,6.696133262433579
8923,6.332049282011624
8924,5.854708214042825
8925,6.0585749882356
8926,3.4445721053393745
8927,6.604674910359399
8928,5.32817025996329
8929,5.548243415039505
8930,6.6586857713329035
8931,7.154594365446351
8932,7.773293853308353
8933,7.799723816494005
8934,6.20400687745643
8935,8.648315487047487
8936,7.508423260053945
8937,7.938506728432676
8938,5.508481686806586
8939,3.5597016925616445
8940,6.950344469317043
8941,5.76243744451324
8942,2.3143693599182225
8943,6.991044256237639
8944,8.6926033776695
8945,4.882041547375413
8946,5.951916066518899
8947,6.530454565235632
8948,7.963149035856226
8949,6.2918620322021415
8950,6.310731796814824
8951,4.580415629261997
8952,3.5110424342339313
8953,5.954916721976537
8954,7.460962081284071
8955,4.269720378391142
8956,5.319597781640294
8957,4.8357288851274625
8958,5.473374436657771
8959,7.080010098990193
8960,9.097338821374096
8961,5.776209527480282
8962,3.7182784275998704
8963,6.790174819934763
8964,6.064910821632177
8965,5.074324550914789
8966,5.3881328436758995
8967,9.32591122492974
8968,5.041726934475315
8969,7.644041398309774
8970,5.876286247346197
8971,4.271085571830074
8972,8.288528735228981
8973,7.862420938797078
8974,6.354979350345961
8975,5.266638237361733
8976,8.385213077915122
8977,5.932050892753597
8978,9.182418060985675
8979,6.603797655239551
8980,4.631623199345621
8981,6.658477554078343
8982,7.662356821474738
8983,8.699029907020808
8984,5.864169264527687
8985,4.024362172918895
8986,3.790270685970903
8987,5.1836678309292346
8988,3.8971957224715865
8989,3.8454253721245077
8990,6.936459907648703
8991,4.868320352417976
8992,4.2967118202899455
8993,5.8586058418088385
8994,4.107848134464206
8995,8.39379193413819
8996,5.340226888216128
8997,6.986503554901378
8998,7.0143254159474075
8999,8.064432167797188
9000,7.128827433573339
9001,7.290831601032949
9002,8.165671711019904
9003,6.234338468178773
9004,7.6645871839139135
9005,3.0533050524721106
9006,6.676105723659428
9007,8.803979897960447
9008,5.848826191764642
9009,6.263058556396277
9010,7.922878372029897
9011,5.074351264694151
9012,2.668791579615269
9013,7.196347245303146
9014,7.568007093042318
9015,3.6519142971205456
9016,4.730418193739108
9017,6.351238671272545
9018,5.890744236771545
9019,3.461478218177537
9020,6.490018931043877
9021,4.735117086823179
9022,7.79452488521157
9023,6.288836638453916
9024,7.25615567702525
9025,6.3008377789380035
9026,5.683549585282032
9027,6.75165754966116
9028,5.349701755176374
9029,4.4590163118002515
9030,5.075028938510946
9031,6.072083281844873
9032,5.291142875702665
9033,4.69806489925881
9034,7.5324991871073115
9035,6.325008668928309
9036,1.7259169943584007
9037,5.736921055663364
9038,6.499583370678644
9039,5.4385457722951775
9040,6.88773908124224
9041,4.526299515112862
9042,4.2121179718723045
9043,5.815142290433965
9044,4.57361562237183
9045,2.0385654830778854
9046,6.357633444134142
9047,9.522490481295131
9048,8.131837258831528
9049,9.843915531933746
9050,4.1331183706732375
9051,4.518050514874934
9052,7.04097406368074
9053,3.4201022891348973
9054,3.9350928005409713
9055,8.001519009008819
9056,7.928221473849106
9057,8.576952483846423
9058,9.291185134073105
9059,5.745161902503121
9060,7.490238098855939
9061,2.5060195572993758
9062,5.3349917062948835
9063,5.002875765864986
9064,6.507153403400032
9065,6.61277780017746
9066,5.193109202983828
9067,3.5850068974253544
9068,6.5654346784718465
9069,6.550853379311507
9070,6.763826731231295
9071,5.809680005997642
9072,8.726504510516403
9073,4.360204761847163
9074,2.7936089640087998
9075,5.884204904998381
9076,4.699919194741863
9077,4.860383528207092
9078,6.102548165635342
9079,5.31439014836034
9080,3.603393552155766
9081,4.066465450311169
9082,7.0914212675465755
9083,10.0
9084,7.303521605337242
9085,8.31151646188874
9086,4.487939671297141
9087,8.12317000648993
9088,4.396128284219393
9089,6.999352585397567
9090,6.533587678471959
9091,1.6620023379096471
9092,4.275424611335487
9093,7.882548816968125
9094,4.195443815511485
9095,7.3627758493797675
9096,9.319998944840577
9097,7.227011581665986
9098,4.478389071942311
9099,5.2240110467246055
9100,9.346615522127356
9101,7.548226337338864
9102,5.199362964174753
9103,6.302122315837193
9104,4.737919512534926
9105,7.8095893150466305
9106,3.9110787648442433
9107,5.000458583320895
9108,3.760153329108389
9109,6.7206204828615475
9110,7.6216982242145725
9111,5.468961720434253
9112,2.290839275380434
9113,6.1435558877708045
9114,4.633450014522197
9115,5.914178728482234
9116,3.5849996136464872
9117,6.325877024345762
9118,7.786736414054103
9119,6.633344443016312
9120,5.422194928749009
9121,9.525140741626199
9122,4.488969445838684
9123,7.754355157408943
9124,9.83112837445617
9125,6.10969641703865
9126,4.896632455991552
9127,3.9437690650604065
9128,5.775209239054398
9129,4.3355861591490905
9130,5.972464428005492
9131,5.36285108572912
9132,6.918368641130519
9133,2.351957168174577
9134,4.7817460447348425
9135,4.654548294331542
9136,6.773289950606401
9137,7.6077380420601095
9138,5.04437849218161
9139,5.420861186236254
9140,6.088933733654589
9141,5.452584602652263
9142,8.11402870119372
9143,5.6442131644605436
9144,2.0035644128101717
9145,4.031114552279634
9146,6.033130012629176
9147,6.5407884845349065
9148,7.04493769943475
9149,5.573169078841801
9150,5.841574694506617
9151,5.418070388162896
9152,6.894452297643429
9153,4.782382112331868
9154,5.444067876387332
9155,5.553549302990515
9156,9.21322134184599
9157,5.365488552606539
9158,5.250635459901085
9159,5.498230542398026
9160,4.742252839782049
9161,7.843810325109706
9162,6.686117781882247
9163,4.8239672657037005
9164,6.76338819425228
9165,8.273918445581765
9166,6.155317300333256
9167,4.055934445838277
9168,6.462361196116072
9169,7.52561086933528
9170,5.776878948969827
9171,5.0402245373864805
9172,8.267807447917578
9173,6.427483913701284
9174,5.5687353188316475
9175,5.248624069980286
9176,4.135219024937295
9177,5.07479583601296
9178,4.355850499915788
9179,4.4483667733925305
9180,7.320267515624728
9181,3.810327441627394
9182,6.582840403598452
9183,9.933574372840546
9184,6.967622649559374
9185,5.6360917492923
9186,3.651910574348663
9187,8.32732238849398
9188,4.799396039077784
9189,4.591968106436776
9190,5.549658047141586
9191,9.626319377011647
9192,6.033239833763486
9193,5.112134221912969
9194,7.4819748226418605
9195,8.483861469134958
9196,8.931192610806931
9197,5.398302615709782
9198,4.037350046101139
9199,7.6182195337888015
9200,4.974634519336326
9201,6.753045315054631
9202,4.3393157927583825
9203,3.7068672263106857
9204,2.038646989340392
9205,7.9484503934989075
9206,7.2290886258435005
9207,4.36894960523185
9208,3.535805829550429
9209,4.552142517852127
9210,8.838191957945646
9211,5.74532583344215
9212,5.29023375601978
9213,3.9465131009182066
9214,5.850312121903161
9215,6.645735938342123
9216,4.142587776466222
9217,6.685305460987281
9218,6.00267022810158
9219,4.15872537492414
9220,6.384363013040815
9221,5.273228409652971
9222,2.266579542531982
9223,4.649826009587107
9224,5.8642500432206575
9225,3.2743837444108377
9226,5.167042922716336
9227,5.941838679136604
9228,4.992992261843136
9229,9.47409160386787
9230,8.91144892158033
9231,0.9600762748914873
9232,8.757524647076641
9233,5.740886275706395
9234,3.7922727555978186
9235,2.99627101469958
9236,4.466435696272871
9237,3.9441935087516637
9238,6.65796833096336
9239,3.9817797805278663
9240,3.019323876898238
9241,6.733688632150916
9242,2.848035029713998
9243,6.004424473527765
9244,5.888372791120269
9245,9.181527330242297
9246,8.201580524123122
9247,4.438412754226001
9248,5.587669520213641
9249,3.631369666052564
9250,6.380966186924797
9251,5.717075171532665
9252,5.055342457887459
9253,6.088235093266364
9254,6.294303577082294
9255,2.7491385974939675
9256,2.7478573310165197
9257,4.38185678170704
9258,7.352121866963737
9259,4.051095677746099
9260,6.79640226368501
9261,5.06568399569018
9262,5.558760343801949
9263,8.404838527802202
9264,2.6558890527422445
9265,5.326684772269097
9266,6.375490062836249
9267,7.491270911731209
9268,8.706565715772243
9269,7.224031762882567
9270,6.183185384933135
9271,5.746987106076739
9272,7.020588111799173
9273,8.427452578828479
9274,9.393707059943969
9275,4.780172514494471
9276,9.439559172358766
9277,4.1581210352884295
9278,6.491090698966315
9279,8.566326309510144
9280,6.052430656727321
9281,5.470015623071001
9282,3.6050594317722746
9283,4.032436638880998
9284,7.238012478935472
9285,4.400440020630882
9286,5.864290471608967
9287,2.0155309353230075
9288,2.1952394149248593
9289,7.271923981817783
9290,8.560129280435792
9291,1.9989826915504696
9292,7.560333953648084
9293,5.664218738698557
9294,2.534633234610985
9295,5.063175211076759
9296,5.691390949342877
9297,7.538133282836998
9298,4.884825894162154
9299,6.154273093896202
9300,7.3304869422188235
9301,3.9281723699966813
9302,4.988672961597813
9303,2.39565235689363
9304,2.8989514812711628
9305,5.662362829604588
9306,3.240226907420244
9307,1.9858312436805132
9308,5.316474015579084
9309,6.324350542348518
9310,7.952020090517687
9311,9.123600707961884
9312,2.467843124820714
9313,7.207645209013593
9314,9.351383889011501
9315,6.939680043365703
9316,4.358903234426538
9317,2.1179531758895775
9318,5.651962901211836
9319,6.609940174152907
9320,6.8904391914192455
9321,8.256698770923691
9322,7.880978486855254
9323,1.7000782455766066
9324,2.575866779760224
9325,6.187488802121089
9326,7.614040694325782
9327,6.879959423559813
9328,3.9075601028875173
9329,3.647475659529367
9330,1.8535620837932623
9331,4.742573138287838
9332,2.905316808177929
9333,4.500651249418036
9334,7.440792453575273
9335,6.7680667773033765
9336,4.571561031285185
9337,8.897939751132224
9338,7.187032342169962
9339,9.086376657832982
9340,7.277305281892455
9341,5.70829330098377
9342,6.157664824670762
9343,6.564069337048821
9344,7.346704871870422
9345,5.419359478316386
9346,4.994145361526557
9347,9.39297052197793
9348,4.959962416445195
9349,6.460413264741984
9350,4.917996378085429
9351,5.391814404449048
9352,7.111068184153317
9353,4.854353168467442
9354,4.6979227797527425
9355,8.514588249055258
9356,5.478139039146161
9357,5.511117726771204
9358,4.31254045989157
9359,7.9284005947370355
9360,6.069183421488569
9361,4.610681218268984
9362,6.285669190264859
9363,4.79387543657738
9364,6.950825402139355
9365,3.459766352256261
9366,6.924226214866382
9367,8.70215959383031
9368,7.884247002976371
9369,7.7887981976991885
9370,9.577896573570552
9371,6.304737398595467
9372,6.403351396667518
9373,4.711117874805409
9374,4.067708052037633
9375,4.495002351304596
9376,7.009078162228786
9377,7.596632978880981
9378,3.2993666594273234
9379,6.273404948673095
9380,3.84540574314439
9381,6.63321026088783
9382,3.0983611200717722
9383,4.839632399568255
9384,8.377843128226932
9385,5.717932125130118
9386,4.393684607907659
9387,4.887888384407953
9388,4.748665476837246
9389,7.865741284748831
9390,6.272078618091962
9391,7.290362785976937
9392,6.326882080741553
9393,6.800127707536409
9394,5.325223935350565
9395,7.114054841252591
9396,5.170080229525495
9397,5.147159867205574
9398,5.064118512606486
9399,2.6512594311777407
9400,3.629921575343519
9401,4.97920455771429
9402,0.8687532538288814
9403,8.221930501357495
9404,6.369943363007082
9405,5.661128379522306
9406,4.874529333969974
9407,7.219136482161049
9408,5.404612658341403
9409,6.463832149881157
9410,4.945996555947108
9411,3.4009173365910144
9412,5.5472303853607325
9413,7.1687530433794135
9414,6.298656143867806
9415,2.7110286237966514
9416,9.624849903349604
9417,5.369893459723877
9418,7.935434803901373
9419,5.046581077215989
9420,2.9645881806483683
9421,3.8162002091716856
9422,5.7374306221444815
9423,3.9988580707302535
9424,8.29069368550735
9425,5.737952520921464
9426,6.95556538365136
9427,8.86543359066647
9428,2.0453454679860568
9429,9.033001322821814
9430,5.018164551460895
9431,6.658570786288893
9432,2.768357825095923
9433,7.65927642768615
9434,4.620669749096183
9435,8.461037845100128
9436,5.685549021940036
9437,7.618574787218454
9438,7.030350876204023
9439,5.94754485022647
9440,0.6358744318554024
9441,0.972343863963065
9442,4.085741402702582
9443,4.039437005251216
9444,5.01851438379959
9445,8.331206388060057
9446,8.21460145881263
9447,7.563030268186424
9448,7.719791265423443
9449,5.677009827659916
9450,4.840423493521155
9451,7.513329127404093
9452,8.697989078405397
9453,3.155765461778714
9454,8.849480910072362
9455,7.373205817235726
9456,7.569546229106431
9457,5.6311540157838245
9458,8.098791966464471
9459,4.407828275122438
9460,6.88966727189712
9461,6.469048400067362
9462,7.904944629709439
9463,5.183517271199634
9464,3.0686368626099263
9465,4.143621165420754
9466,8.012632274069432
9467,3.7322138100872984
9468,6.283955342936422
9469,2.8958304128820487
9470,5.970733600889496
9471,6.829863747960621
9472,6.239017745755439
9473,4.866800454818027
9474,1.0850497481047823
9475,6.591911881950849
9476,3.6846588583325013
9477,5.805424907094881
9478,6.9748247742022516
9479,7.465521278019813
9480,6.57217593789051
9481,6.0979047363878465
9482,4.584149601072324
9483,6.817765462643032
9484,2.8621536018059404
9485,8.61176900161901
9486,6.032934531081515
9487,7.737196911806629
9488,7.882553831241335
9489,5.5940794960957145
9490,1.962675387898071
9491,6.386451667908155
9492,6.656636769608168
9493,6.409705633697607
9494,6.912418556776309
9495,3.4933772002955132
9496,2.863078536210155
9497,7.104083074065603
9498,6.013630760716787
9499,6.0798826447645755
9500,6.2090451104229905
9501,3.597659725490421
9502,9.124860640780255
9503,2.4686425215416268
9504,9.006228321642393
9505,4.630784549836833
9506,6.833183697674892
9507,9.359168699404867
9508,7.691034037989448
9509,3.249393008957111
9510,8.366747968682613
9511,4.6999277113692965
9512,4.702808594184079
9513,4.035429248191603
9514,5.336137898760333
9515,8.953074940997217
9516,6.328437373363202
9517,6.636383656837109
9518,4.824692582466785
9519,5.446722772257142
9520,8.334363073628236
9521,5.637888726792949
9522,2.684288409355702
9523,5.2540403424240045
9524,5.99390720973958
9525,7.155880082142538
9526,9.150876636478714
9527,7.675369087818266
9528,5.693105575808092
9529,3.4328837586602194
9530,4.894834823453852
9531,4.533957922819473
9532,6.821349710956826
9533,5.167360186660008
9534,5.249234581235763
9535,5.349757056701753
9536,5.203465941543653
9537,6.506348295446118
9538,6.191927698305826
9539,5.8752936529846025
9540,4.146469224636036
9541,2.803072716802909
9542,5.368157219592364
9543,4.86354083512992
9544,4.290953556966511
9545,5.818238762125254
9546,3.1242945328875877
9547,7.547481214863253
9548,4.695754636977625
9549,8.834452745991626
9550,2.1972305779694246
9551,6.4768749087169635
9552,5.42845529156691
9553,2.2103137045330974
9554,6.182352689487776
9555,5.2664579086918915
9556,5.717329768935568
9557,6.667942544656566
9558,5.364860471986241
9559,4.521676211220317
9560,4.207084187120027
9561,7.145101856607174
9562,8.594134290923272
9563,2.230075353714101
9564,5.65756327959116
9565,7.838511766380659
9566,6.092159646915681
9567,3.6693845359668193
9568,5.678841709040405
9569,4.397463185581564
9570,3.4331019287022957
9571,4.505418541562463
9572,4.368769815856309
9573,6.934574513039534
9574,7.814992610688753
9575,6.848796444891251
9576,8.004354157464494
9577,5.354699742523888
9578,6.019542470549126
9579,6.099522505163534
9580,6.36717636469286
9581,7.86843712542225
9582,4.736899741869721
9583,8.678244614387621
9584,2.834418962993968
9585,6.5405307326773485
9586,5.486435642265181
9587,7.617078309089187
9588,3.907775233646169
9589,6.2769659616857485
9590,5.973623802785287
9591,5.86641289064951
9592,8.020884025921541
9593,5.141973370189901
9594,5.697419718140977
9595,6.163807726109464
9596,8.992849292372899
9597,6.471376672326378
9598,5.5453426072545255
9599,6.46866890064486
9600,6.256528142655305
9601,4.425428928708101
9602,5.9218276288166285
9603,6.45332175339024
9604,8.95023116002234
9605,5.293358253215217
9606,6.820550032752004
9607,5.045586826291766
9608,6.346518804512255
9609,2.774337546121915
9610,5.941644587217515
9611,8.387374389800804
9612,4.177924591512916
9613,7.241415021535264
9614,3.876848581234737
9615,7.754327306210266
9616,6.878631481432299
9617,6.130631563215987
9618,7.099425550207996
9619,6.065884134416283
9620,4.5139214166621775
9621,5.1182735537671755
9622,5.312505427592569
9623,7.647532360476692
9624,6.052373750079259
9625,6.055672964703561
9626,7.193998754844465
9627,4.970941814794278
9628,7.518323705691242
9629,4.38323642455685
9630,7.625124765120588
9631,3.205325964855237
9632,2.160177553936815
9633,4.002591195209053
9634,7.072023766155979
9635,4.310540729722325
9636,3.5588980183005594
9637,4.090721065480361
9638,8.216258446273443
9639,5.659095379077844
9640,7.235412760696175
9641,3.7496248386010667
9642,3.769925470561155
9643,4.434708921917424
9644,6.310564181746352
9645,5.91383219821803
9646,8.170437726159236
9647,8.07383020540828
9648,2.641990347602161
9649,8.618854142072196
9650,5.551412195887487
9651,7.940697900270416
9652,9.227326587086331
9653,5.813840258906403
9654,8.381342007402923
9655,4.116055587197364
9656,10.0
9657,7.904283771582371
9658,3.5519810698233485
9659,6.929207516717514
9660,4.890744789349439
9661,7.753211431445292
9662,1.685457335304597
9663,1.895242989794756
9664,3.30225872264793
9665,7.785117637922829
9666,7.8120396188556
9667,7.894916030251423
9668,2.9553241423254697
9669,6.76731527670128
9670,4.058683864831467
9671,2.3543764149327746
9672,5.717851316432802
9673,7.845427536793275
9674,4.494585763175188
9675,6.191458294857475
9676,6.416403278729562
9677,8.45296053593301
9678,4.9626393885833435
9679,5.343878214430143
9680,4.9445171174588545
9681,7.603619747704275
9682,4.373522373587205
9683,6.0019088226934105
9684,5.864997816765323
9685,6.1422438660119925
9686,5.7259978332261845
9687,8.433623794715594
9688,5.955024439718358
9689,9.216269417585185
9690,5.990172319941598
9691,6.989893109065981
9692,7.153965226059414
9693,5.647339922071467
9694,3.5819952251024185
9695,5.912263178733839
9696,8.785019618319911
9697,7.70186192381097
9698,6.602772579759762
9699,3.887880185317941
9700,6.190128325131486
9701,5.716245975936418
9702,5.2402460011487015
9703,4.8950499506753715
9704,10.0
9705,8.51185280465453
9706,7.1367546033858815
9707,6.31104464701719
9708,7.2343880463936205
9709,5.621947698363401
9710,2.5298562874390846
9711,5.536430364685569
9712,9.075403129361657
9713,8.07288571902263
9714,6.924813728337247
9715,6.7640805243723205
9716,4.544205222569819
9717,0.9649692444662934
9718,6.956750680610396
9719,4.665520940917585
9720,8.504438077286052
9721,2.954914263656834
9722,6.039350148891385
9723,4.4361039637140145
9724,6.86310784408704
9725,8.572659533156735
9726,7.14821579708914
9727,6.308082537565798
9728,6.842331862366701
9729,5.420909036752116
9730,4.609595217445646
9731,3.1992012707541755
9732,6.700912472822636
9733,8.5867071308631
9734,6.946611297809541
9735,7.505638278806591
9736,3.3018508517229344
9737,8.323372937706235
9738,3.36605609197988
9739,7.815463506020929
9740,5.831326852787845
9741,6.748033502403803
9742,3.342799846576813
9743,6.810778179122733
9744,5.162877206115354
9745,6.303395305894928
9746,6.699961384325035
9747,4.49176856596886
9748,6.228422382790061
9749,5.335021190053399
9750,1.5336124372060596
9751,5.810269641580269
9752,3.978931458604884
9753,9.164867799104991
9754,8.68241738239331
9755,6.676484494232449
9756,6.523028722033694
9757,6.811777432147059
9758,6.888901342470966
9759,5.926239100767493
9760,6.745415199474342
9761,6.721216819006566
9762,7.0571581050845476
9763,3.330059521281969
9764,9.135158468673417
9765,5.8439104020229005
9766,5.492481103679198
9767,5.862106994859956
9768,2.4544757903546817
9769,3.8110463351647694
9770,3.375119205599314
9771,5.593953280797282
9772,5.1089410904357
9773,5.666876960752385
9774,9.57018913253556
9775,3.3195355248016045
9776,4.72402831051256
9777,6.529413065040727
9778,7.846186609860861
9779,8.338994067185592
9780,5.432360398297199
9781,8.867949565067855
9782,6.860085454547865
9783,7.5070000067308875
9784,5.478272907334054
9785,6.072626392415372
9786,8.741446659328343
9787,3.2362881391298437
9788,4.142291456407942
9789,8.226250313206723
9790,4.675379193339636
9791,2.4384877418410236
9792,3.6161621072814576
9793,9.686910764019158
9794,6.470580046721449
9795,7.363744668182317
9796,4.055253896907636
9797,5.934596802876381
9798,6.9676552292903935
9799,4.511114696062499
9800,6.302733080406568
9801,6.91250351818231
9802,8.667446693318341
9803,3.9054452931587686
9804,3.574771761716332
9805,4.741355064147353
9806,5.690693868478905
9807,5.392148364093703
9808,6.450348885701024
9809,7.282271916120401
9810,2.401684662054149
9811,8.013647311030113
9812,3.298406796671963
9813,4.318469017672619
9814,5.527673916244727
9815,5.057142419062272
9816,2.2855432815001233
9817,4.9382760219021415
9818,8.090089922099441
9819,3.2043304787600215
9820,6.943117634953988
9821,4.935531528304914
9822,5.08426711422049
9823,6.653708021274131
9824,6.565622339742897
9825,8.428847088704897
9826,7.731000395310846
9827,5.323773122946342
9828,6.441406340819107
9829,6.987044027537898
9830,4.2188487875561
9831,7.128141294091982
9832,6.388305626741318
9833,4.738409631554708
9834,7.986686468929291
9835,5.508204916709017
9836,5.765341541081012
9837,4.678478483384934
9838,4.624183873765038
9839,5.174260641145841
9840,7.52630619449293
9841,8.938268800810222
9842,4.903343446905538
9843,6.371264510873346
9844,9.693661461144664
9845,5.359424571243528
9846,8.41135719793774
9847,4.301795278472505
9848,8.554012820770108
9849,3.238924197378091
9850,6.629383593825022
9851,5.729557899841478
9852,7.95941956559758
9853,6.337235307787944
9854,6.5964490708396495
9855,5.876929019379851
9856,5.727782866561911
9857,3.5684305622018924
9858,7.50789389108649
9859,8.043435885752292
9860,6.338490945740652
9861,5.76987759558292
9862,7.080980716469582
9863,5.847522459533251
9864,4.555662401378461
9865,5.017386454526074
9866,5.9497149199551895
9867,8.526068235507804
9868,8.65091270380983
9869,2.4129546041839594
9870,6.384589087786706
9871,3.014878360018653
9872,9.465771601565384
9873,5.831288512578788
9874,6.604209351992239
9875,5.423438413130599
9876,5.229569191374328
9877,7.74928194192104
9878,5.098816227239119
9879,4.185711926410681
9880,5.806498502621406
9881,4.785989625745044
9882,4.911768769405068
9883,7.32286365548635
9884,5.498340515481728
9885,6.648927344047687
9886,3.8892711823271813
9887,3.6439626786149977
9888,3.5391633449272213
9889,7.619983992142995
9890,3.5394363008919667
9891,8.032031937770284
9892,7.6804165700926905
9893,7.465614699625905
9894,5.419797223201405
9895,6.90537303181475
9896,4.371633333175154
9897,6.978847265133723
9898,8.33444619073751
9899,6.759663566546989
9900,6.804461181966909
9901,6.76252277349369
9902,2.7356447182594374
9903,6.826115714926567
9904,7.235797717909468
9905,2.342159867129355
9906,7.8776885617177665
9907,5.13462809777604
9908,4.678936027087435
9909,3.7908393386072223
9910,8.46710107853159
9911,8.256460564546618
9912,7.7375560069230165
9913,4.3443573974880465
9914,9.276404101444452
9915,4.074788299135098
9916,5.2786721752796435
9917,7.125876273173061
9918,4.913368896956873
9919,5.085975642843254
9920,5.852624465904437
9921,8.442480188168908
9922,5.207076278046593
9923,7.369693027426752
9924,6.711540225580112
9925,6.90235752614128
9926,3.2035997401941607
9927,3.6711926805226622
9928,6.4990012512734605
9929,2.6263030460924544
9930,6.334020143802769
9931,7.064935080553573
9932,2.824631926096198
9933,7.719411963408952
9934,7.175141922139358
9935,6.754905536806322
9936,6.230319552092823
9937,3.447669491939822
9938,5.729261958590671
9939,7.285734778657027
9940,5.30822256962031
9941,9.28555420438419
9942,5.235106485425639
9943,2.7031442172954483
9944,7.189379536578778
9945,4.76121932039103
9946,2.139912053844073
9947,6.643338132527996
9948,5.491256219667271
9949,6.240714199860765
9950,6.598022363578419
9951,8.10302312048801
9952,7.151715541466226
9953,4.918148308758585
9954,4.695272913415302
9955,6.180742424335625
9956,4.190978056243862
9957,5.7207390485491185
9958,4.971033738469008
9959,3.9536708140142665
9960,5.164167697269308
9961,5.574871739998665
9962,5.547905719393907
9963,5.827786065136048
9964,4.272358218400838
9965,7.583568619925526
9966,4.115533789675166
9967,4.318750191881772
9968,7.7472410001531955
9969,6.986362746173372
9970,4.713460640207026
9971,0.506534260235167
9972,10.0
9973,4.188163819166544
9974,6.178003085814403
9975,5.165500500445877
9976,3.942858577633653
9977,6.283126558372876
9978,2.0504825701517757
9979,7.169549900470516
9980,3.8264533040884348
9981,5.645038719567585
9982,8.531742394536638
9983,4.853145865037698
9984,8.025215325339284
9985,6.94304172958775
9986,8.662277358833077
9987,6.7088940516705575
9988,8.273807572967254
9989,3.09984018571758
9990,6.358174258695089
9991,6.138573120668271
9992,3.1212902559906404
9993,2.7539062050924974
9994,4.2614340054941815
9995,5.855836797007504
9996,6.933470132658858
9997,7.578819365980254
9998,5.673682503784819
9999,2.9298432547616495
10000,6.720924716791491
10001,5.213802822531251
10002,3.7046857081289506
10003,6.663307252393485
10004,5.388031526522769
10005,1.6092858730147057
10006,8.28674018713805
10007,8.873740666260534
10008,8.274018769610175
10009,4.7404121680887
10010,2.7872375778986243
10011,6.124264351459981
10012,4.607095768831545
10013,5.869022220692435
10014,8.174549462245526
10015,7.311286365285114
10016,6.511567538421161
10017,8.237276892564967
10018,4.239258179843382
10019,5.1856603655775855
10020,9.367299729941234
10021,4.563647720257589
10022,5.506935726228869
10023,5.314818481716963
10024,3.2660574702128025
10025,4.053733089942694
10026,5.9465945917190295
10027,6.170478818532155
10028,6.773740510566944
10029,4.572047456529632
10030,5.664538827610698
10031,7.231607104809145
10032,7.849145788074299
10033,6.027505723909269
10034,6.006082298030007
10035,2.9730814812783057
10036,3.7953677202611256
10037,6.38610846200123
10038,5.473020133436421
10039,3.8545924269498224
10040,7.072041348917885
10041,1.180703693556569
10042,6.7640080269822676
10043,1.88621254866964
10044,5.040136694858111
10045,7.305103739420648
10046,5.786791376990127
10047,3.5690818617090927
10048,5.214324164503281
10049,8.301965680993085
10050,5.98035796983905
10051,4.794379283776669
10052,5.7086935234096154
10053,4.933098397119127
10054,3.672118043840886
10055,5.189737763617292
10056,9.321396906287548
10057,6.394430266179544
10058,5.240486648318809
10059,5.799337529846391
10060,8.398805457494287
10061,7.563177891682736
10062,3.549566702533632
10063,4.925703297097205
10064,5.892045556704116
10065,3.221354104557146
10066,8.613404871744414
10067,5.456369350321113
10068,9.34387134846806
10069,5.877032882995192
10070,4.774261930407571
10071,6.73705791267661
10072,3.713236348592373
10073,4.2019442159347795
10074,8.530329618435632
10075,8.176061997427993
10076,4.462928022316603
10077,9.169091516962345
10078,4.289377652367879
10079,4.816235810431863
10080,7.920907483820806
10081,3.983917298286686
10082,3.7730239965045183
10083,7.555255605158005
10084,5.393021054836576
10085,3.470594362521862
10086,8.137508782072983
10087,2.6137950721935743
10088,5.282338713172253
10089,3.7877054912649406
10090,6.957389479546476
10091,1.5632263508739666
10092,5.456800894398231
10093,7.790165273620802
10094,6.656300404806453
10095,7.9619043817472726
10096,2.4709894700317716
10097,6.829153433654536
10098,4.900302143610589
10099,7.583062617122493
10100,5.138507793441858
10101,7.222095759739779
10102,3.7202146806592986
10103,5.17083737580644
10104,7.729836574643579
10105,6.784248740786518
10106,7.198822637616772
10107,6.712882247532822
10108,7.9855175112538275
10109,3.176860660229565
10110,2.602867198139062
10111,8.263791836455894
10112,7.067733499009533
10113,8.428348022109267
10114,7.024432172871901
10115,6.617704862966287
10116,6.679937687871686
10117,6.824427555516575
10118,5.5185805248289865
10119,6.93554800901542
10120,5.765332583690022
10121,7.10516618008502
10122,5.46113861967903
10123,7.1837476395603606
10124,7.823775707654562
10125,5.782527445892111
10126,4.878316297964859
10127,8.941496793490224
10128,6.826916917131946
10129,7.7922503418679785
10130,4.899263417060325
10131,7.992949592248623
10132,5.650456474440711
10133,3.9599493853798085
10134,3.4818694328249444
10135,5.702050283945013
10136,3.344198009170425
10137,4.219335485497845
10138,4.207959072290208
10139,6.590985577045935
10140,7.757969885497758
10141,7.973660569384102
10142,3.63782711071668
10143,6.471037450851859
10144,8.911664218109188
10145,9.827758613237618
10146,2.3257438078314783
10147,3.9077816532603378
10148,7.711989363312963
10149,9.253373823442956
10150,7.209144822204527
10151,2.45239270327311
10152,7.621676120702834
10153,2.648853649993737
10154,6.328816608710591
10155,6.131517109973959
10156,4.878237871682322
10157,7.913978824990057
10158,5.380552408368651
10159,6.792914279114135
10160,5.82778469915075
10161,2.273796259962891
10162,7.742631686734065
10163,7.1609788972119555
10164,8.290264150911428
10165,6.9387505808132985
10166,3.692198049739393
10167,8.480419454079417
10168,5.213722026735135
10169,8.83400630938073
10170,6.443254821038136
10171,6.299734601306989
10172,6.656627010626669
10173,1.949458555044731
10174,6.662137667725716
10175,7.526886997777291
10176,5.22785675547565
10177,4.666271718481941
10178,2.764498612634171
10179,7.480006436590006
10180,6.54461363277883
10181,3.6575127500325415
10182,6.235828107131924
10183,3.2166971265442017
10184,6.32619370843308
10185,6.477141855643213
10186,4.622097790619506
10187,4.478172755503818
10188,2.136767676079244
10189,8.692357847081283
10190,5.30048326499179
10191,9.696416286274175
10192,5.239520622497658
10193,7.476912850742891
10194,6.7562690442915585
10195,5.485907652641879
10196,7.163279539461856
10197,4.97567579156696
10198,5.842495914865095
10199,4.982752359664776
10200,7.1354589522945995
10201,4.0945360264551045
10202,1.5934346851150707
10203,8.249625143659504
10204,7.924315628978393
10205,7.550541757130114
10206,5.951375775129721
10207,8.233182556348492
10208,5.367340938311102
10209,3.379432470063233
10210,7.5062932549639
10211,6.704296279916189
10212,5.216855386302878
10213,5.6442885476065126
10214,4.654088059363708
10215,5.154232635476336
10216,7.2050017100295465
10217,8.397037701462738
10218,6.4709196522328405
10219,7.1498017131339235
10220,6.919183766934774
10221,4.885138187158606
10222,7.399445082831492
10223,2.5402830112336554
10224,4.567828937266417
10225,8.073582415241004
10226,5.8003333513588
10227,1.9512471011520414
10228,3.195652889428347
10229,4.057634276284463
10230,6.884503715255894
10231,6.0114392776629115
10232,4.923904538791881
10233,3.865252706405183
10234,8.176408444676598
10235,5.88507615370241
10236,5.74591074460323
10237,5.9929695028189585
10238,4.236768156019283
10239,3.758967199896333
10240,6.200837792937854
10241,5.625801280458103
10242,3.19442585311712
10243,5.272631328444564
10244,3.4586053027753745
10245,4.339677951453259
10246,3.054871461310527
10247,7.469000176697646
10248,3.575340638351596
10249,7.711748560088812
10250,7.933776708044295
10251,8.652801843813387
10252,5.926523667540792
10253,3.9167310932383046
10254,4.921880352050831
10255,4.31889675767255
10256,6.974426546282647
10257,4.750267300930698
10258,3.79658008562802
10259,6.3512317235395415
10260,6.165797282805963
10261,6.3345623893236365
10262,5.535495866210762
10263,7.726043328908167
10264,6.051364041226815
10265,2.917977834191113
10266,6.245753439092018
10267,4.395033128039206
10268,7.275442937046114
10269,7.7659865844962725
10270,7.409446580496763
10271,4.155518397666029
10272,5.0126364621973005
10273,8.425497623641201
10274,5.610861515698955
10275,6.049274389425353
10276,5.1046529693121565
10277,5.830721446297772
10278,7.619013862171158
10279,5.121829247856327
10280,8.630710139010194
10281,6.907919006566402
10282,5.836563689279872
10283,4.417392933885142
10284,8.688740435870468
10285,5.597420029743601
10286,9.176140531537763
10287,6.723730566307616
10288,7.189292673553082
10289,5.534334985205692
10290,4.481663020515951
10291,8.054594635168542
10292,8.024835300218736
10293,3.709275370274008
10294,6.138437464175958
10295,5.802366360036907
10296,9.099848001917227
10297,2.9882347198701567
10298,8.77737636179991
10299,6.455959316904103
10300,7.258724499086305
10301,9.41041566941198
10302,6.979340976776889
10303,7.20635197272662
10304,7.863184077860909
10305,4.241269925520147
10306,4.234472145029285
10307,7.237944497904758
10308,5.129369365025073
10309,5.725470473500007
10310,6.552264518964103
10311,2.8578084230407423
10312,4.567830321047183
10313,5.389970742265684
10314,5.7721654755143845
10315,5.251417353794704
10316,9.310184854754567
10317,3.3538816367245685
10318,3.280609208357356
10319,3.8609962309786368
10320,5.636939541284993
10321,4.2771450739598045
10322,6.743565763221945
10323,7.780211318755085
10324,2.3219109072080872
10325,6.288390553780145
10326,3.9548574687215767
10327,7.247375299683476
10328,4.405602962700319
10329,0.9903073956153063
10330,8.778707469181208
10331,2.95041028683896
10332,9.052524030932023
10333,4.192278597974738
10334,5.535058175035407
10335,8.3133801158265
10336,7.666593923307423
10337,9.344760325581138
10338,3.784255597182546
10339,4.149882894722598
10340,7.974828952319058
10341,9.7714321742727
10342,5.922465081710962
10343,5.153587038210184
10344,8.73564660594349
10345,5.649079004057213
10346,6.2303328823842685
10347,1.7822824572693063
10348,7.112844718785924
10349,6.1274259545245675
10350,4.392020977534171
10351,3.3202279692611474
10352,8.427105567194157
10353,3.908733368125461
10354,5.776819048755254
10355,6.182177409227404
10356,4.8516972640657725
10357,7.250948970501901
10358,3.942390908004585
10359,4.9835874261062925
10360,6.441773458104529
10361,8.49170421198044
10362,3.504865199563609
10363,6.366734070623095
10364,3.5876493587548697
10365,4.487260312602975
10366,3.4177038954380294
10367,2.828317717448681
10368,6.99659176800439
10369,5.4115889488914055
10370,9.242417516980893
10371,7.106304697357414
10372,7.588800355711729
10373,3.758083912745635
10374,4.800780830066938
10375,3.48955194443675
10376,4.232239681774696
10377,5.026776756577819
10378,3.8802825951089943
10379,5.2382407304089815
10380,7.727519503350556
10381,4.435883840165323
10382,7.770539072004066
10383,8.227627336443282
10384,4.099706587236042
10385,2.4700653633328873
10386,5.379362976526845
10387,4.189232356044099
10388,6.260789595273964
10389,8.315041928909089
10390,8.541283930551717
10391,9.429531809300045
10392,6.181097175417606
10393,4.8169767542190804
10394,5.062617307506031
10395,3.6730041551748553
10396,2.0400845448634186
10397,4.075183552931883
10398,6.89247816134935
10399,2.969058227559742
10400,1.9997187156091751
10401,5.842880663145956
10402,8.205301953548222
10403,3.1858549059675694
10404,5.8911793406179624
10405,7.429771536013892
10406,2.117859922653701
10407,9.14661470626316
10408,3.3367481088575617
10409,2.1076601590801696
10410,3.168307591909421
10411,9.944029050965728
10412,4.154278420816963
10413,7.98471505233638
10414,9.17479241023185
10415,6.418892054778656
10416,3.223042032415032
10417,4.151292811479853
10418,8.578131055924711
10419,2.75413189986819
10420,6.437624860785462
10421,7.158677638997968
10422,8.87569344086521
10423,6.533255936365203
10424,6.172082234447014
10425,7.138728412064468
10426,6.500804103192278
10427,8.70800494506188
10428,6.30102011518721
10429,8.129234971580372
10430,6.795566370013608
10431,8.470023056430822
10432,7.950947008621944
10433,6.794980572848903
10434,6.220465047577965
10435,6.7581711631468515
10436,4.806412474941241
10437,7.878749763104619
10438,5.069010152545114
10439,7.074063136918069
10440,4.545565977394464
10441,8.075642127519725
10442,7.396915773505215
10443,5.501161269245736
10444,6.647548355546917
10445,3.453763080787836
10446,5.839506224348065
10447,4.596397778718389
10448,4.774424233557809
10449,3.3663593478718186
10450,7.178650476134793
10451,3.5370390997874877
10452,8.21709267620628
10453,7.220092448277532
10454,8.111433249946689
10455,5.252187767414771
10456,6.046733788231717
10457,6.3639545708524885
10458,7.170503615283813
10459,6.76995750179297
10460,6.244666056371877
10461,5.945787227518858
10462,4.168858083030559
10463,1.2258523889671329
10464,5.812842929393328
10465,1.9081017267028466
10466,9.217102104447958
10467,5.208169735800832
10468,8.818742161867013
10469,7.462789429496221
10470,4.036250542093146
10471,5.231538648416853
10472,7.152360112811346
10473,4.345742495887562
10474,8.616051653662167
10475,7.858412403344805
10476,8.154790265306564
10477,4.971696818568626
10478,9.357512847271863
10479,5.401589692545455
10480,6.500264351002093
10481,6.078797770137074
10482,3.955067132291374
10483,4.817599134829842
10484,4.682405783807992
10485,4.129672728075607
10486,6.830992125946744
10487,2.5387530546352766
10488,6.223734759934823
10489,2.524636614235014
10490,4.036085459923182
10491,7.731297381456093
10492,5.945027175254856
10493,8.170345887439698
10494,3.1032478564764805
10495,9.525048501001766
10496,8.699316454869633
10497,7.056688471921026
10498,4.391835603245347
10499,5.950697623168694
10500,6.08458371800822
10501,7.887797889883081
10502,3.980506287892584
10503,3.3330474475604315
10504,8.111880182952987
10505,7.502006978195142
10506,5.588997643862655
10507,9.429600071640056
10508,3.945504554969598
10509,3.0364639915436076
10510,2.0518687176728063
10511,5.249024536199847
10512,4.3424032773014964
10513,1.4843468249311824
10514,5.937422444611426
10515,7.397079725056709
10516,6.634610667931241
10517,6.350866887770271
10518,4.9899199182773835
10519,3.816976598154956
10520,2.209669670931688
10521,8.076351790122711
10522,10.0
10523,8.202244372085374
10524,8.786738155299117
10525,4.491774957442257
10526,6.90035587022711
10527,6.555061768433666
10528,10.0
10529,8.634012618060641
10530,3.5471295595836216
10531,4.654666322312542
10532,7.080186927936355
10533,7.268534884971523
10534,9.074085808991136
10535,4.676886406810721
10536,6.817216491384474
10537,5.711047410778547
10538,7.265373119929926
10539,8.075748096803117
10540,8.226739545384978
10541,5.571734922267864
10542,3.1533371759087565
10543,3.636183629317945
10544,4.709303178892185
10545,6.788674034406319
10546,6.220181897111959
10547,7.894349003608259
10548,7.651006845948449
10549,6.790246005880139
10550,4.130951649045091
10551,4.686279102962036
10552,6.814408309277506
10553,4.729610628777163
10554,6.341414534154024
10555,2.362860546449351
10556,7.857935508759391
10557,5.201972424826886
10558,5.970885620603838
10559,5.970639271112042
10560,7.422826302304719
10561,1.530958103235652
10562,7.839112117846733
10563,4.81220311423774
10564,3.849729542868985
10565,6.133859655114939
10566,9.686013686921152
10567,5.570800785888836
10568,9.61846554979904
10569,1.6880843134619496
10570,5.521615734854267
10571,8.402636802094367
10572,5.466443389802978
10573,3.9854484698950103
10574,5.254761666916805
10575,5.97944223849524
10576,3.5810874711992238
10577,6.908681547092152
10578,5.729113030762948
10579,4.5824208088985285
10580,7.727356499657098
10581,6.028211787425415
10582,9.485238705737904
10583,7.459545123764941
10584,4.081221685509245
10585,2.2671052464338306
10586,4.836174756604706
10587,5.71783687676552
10588,5.533761751481408
10589,3.69342321536608
10590,7.17283079330217
10591,6.438502381248818
10592,3.265687620455642
10593,8.647737217241438
10594,6.9845301952377215
10595,2.673107306418256
10596,5.937061207061087
10597,7.782929127751028
10598,5.1881127720151445
10599,6.198577596813274
10600,3.2071588040522547
10601,4.584079918767665
10602,7.9708190783050625
10603,7.530804315171897
10604,4.506390066117705
10605,8.611446726109342
10606,4.031125140220524
10607,8.001645513510674
10608,4.380231113143939
10609,4.350986762811976
10610,5.505947528323569
10611,7.10509577085163
10612,3.5095188721636528
10613,6.5665005332146835
10614,5.744189832062385
10615,6.760457144345764
10616,3.1133327249473286
10617,5.557511553123263
10618,5.544375155027678
10619,7.41888135872806
10620,4.526742562287348
10621,7.746220759493761
10622,3.8743914397069568
10623,6.869354640887446
10624,6.861002133841251
10625,5.820275780012187
10626,7.883622130693958
10627,7.525065414727128
10628,5.120504067831084
10629,6.5101436315271854
10630,6.192171712634199
10631,5.572350274853356
10632,8.675946103505428
10633,6.035676961912857
10634,5.676764533012352
10635,6.762454520943416
10636,8.215738391125603
10637,5.7102312876817045
10638,4.954262782950448
10639,3.8437989598898343
10640,5.8834701837129355
10641,1.8336394049713425
10642,8.695397493246228
10643,7.568289428348438
10644,8.881396630849567
10645,5.417369916778414
10646,3.468334644281545
10647,3.6932057960034683
10648,4.222400591033595
10649,3.1822653819538447
10650,7.646191066059176
10651,7.551146356580805
10652,0.9719646811713405
10653,6.860096662917428
10654,8.44165556742296
10655,1.9047708959788752
10656,7.821713788312562
10657,4.650927166670968
10658,7.210959297752423
10659,9.729119143721302
10660,5.3928052177612456
10661,4.427239759029488
10662,3.9241239367994254
10663,2.2103076639702217
10664,6.083953434487053
10665,8.19807976686944
10666,9.525457729659312
10667,6.442425305429753
10668,5.519236944271914
10669,5.558693314108651
10670,6.891249816018966
10671,8.538273241210053
10672,3.7478847132289683
10673,6.4011242008093046
10674,4.249325531667434
10675,8.944643216903811
10676,5.48276716873224
10677,5.787202015054599
10678,6.763768019067614
10679,2.55130480792083
10680,6.9421431540888126
10681,4.9277071421721175
10682,7.345021482064112
10683,9.158002837775268
10684,7.941808287856652
10685,5.655461015943876
10686,4.800852599518921
10687,4.462987723161121
10688,5.898329485768828
10689,4.150997684183742
10690,5.805943304722099
10691,4.2755046189871395
10692,8.750013789365754
10693,6.168200588390075
10694,2.180930657374957
10695,8.388071875911432
10696,4.492287234776674
10697,6.539690016279449
10698,8.992333528322746
10699,6.90906423231312
10700,7.331182421482053
10701,8.938042553927776
10702,5.769545868934299
10703,8.288709493890483
10704,5.117857766845649
10705,6.3852932390644135
10706,8.987806366512906
10707,6.609982830121924
10708,6.49588019716594
10709,3.829580539198986
10710,4.7518610451468515
10711,8.198355127927776
10712,4.225570309887766
10713,3.916966875728614
10714,6.2679203012824125
10715,3.1784498408544097
10716,4.970316601345501
10717,7.416646968392358
10718,4.295247768053207
10719,5.75699251283274
10720,6.593762212728462
10721,6.76744197170065
10722,6.0975772549382175
10723,4.654684958346876
10724,3.7047412306967327
10725,4.980875546216516
10726,4.9145182343699325
10727,7.020565362796347
10728,5.524195737213878
10729,8.256787534483976
10730,6.574038577599905
10731,6.303278780887711
10732,5.47241805356626
10733,8.14127431870022
10734,7.970492486156435
10735,4.013165006258694
10736,6.615262402334178
10737,2.809821718847945
10738,4.899199440761347
10739,3.728481176781644
10740,7.253094230752254
10741,6.6910076659146664
10742,6.118581283409178
10743,3.721478409918915
10744,7.626185234442049
10745,7.9278291871960835
10746,7.459966104721545
10747,7.296472786717243
10748,7.803456211816035
10749,2.8902947403716737
10750,4.771131903934253
10751,1.0353061208458954
10752,9.048967865043542
10753,6.5701429479148095
10754,4.431766679216291
10755,4.381795982485858
10756,5.780551901986838
10757,8.518375124514328
10758,4.563250651332509
10759,4.745087489578316
10760,3.440014479064603
10761,7.3784435799272305
10762,4.875119476238549
10763,2.746660514711672
10764,0.7420690772995737
10765,3.161672069639161
10766,6.561661120890122
10767,7.765426796947741
10768,7.575092302464923
10769,1.4907638249000383
10770,5.035133286988157
10771,7.510902278425533
10772,3.9707315252839503
10773,6.627516862644328
10774,2.2873554130666776
10775,4.406289285894756
10776,6.46903093873535
10777,4.854213109986656
10778,4.617671062751164
10779,4.912441208586538
10780,3.3590874638711186
10781,3.787515335115895
10782,7.632744221275832
10783,4.35887183948321
10784,7.764522631417373
10785,3.708920748040809
10786,5.838796872203871
10787,5.2670415773613115
10788,6.616536410501368
10789,8.132449933143308
10790,3.5061530736562436
10791,4.379986195726254
10792,8.405469422414505
10793,7.820094690961392
10794,6.347501837112166
10795,6.903441546370739
10796,4.721000394820557
10797,6.169352839043526
10798,3.0182757081665423
10799,8.040531621166279
10800,4.745952612107525
10801,7.698528935298093
10802,5.232807632244609
10803,8.53153460964014
10804,7.219274481995805
10805,3.783818777430615
10806,5.087279946094464
10807,7.3749892721481025
10808,8.636731942752146
10809,8.055868328950655
10810,6.176385545823844
10811,7.116724562807082
10812,5.981161035354734
10813,6.459753427159959
10814,6.48993665021011
10815,7.573776166668197
10816,8.397376542352987
10817,7.715504899887948
10818,8.372514612845901
10819,2.746187006710815
10820,8.129848092467473
10821,6.184337022883171
10822,6.790400424446784
10823,1.373996734340106
10824,4.098960516507541
10825,6.092469571193062
10826,9.29557254022051
10827,4.845373020559807
10828,4.78725298310964
10829,6.646427644308233
10830,4.742934636970682
10831,7.98469059718167
10832,5.65059892872049
10833,7.711624975236898
10834,4.819285698303486
10835,6.180278586069486
10836,7.8687678408598405
10837,4.154446679901686
10838,6.8393309046457755
10839,5.104970552315042
10840,3.244566815005223
10841,8.144115542615936
10842,2.303546017499246
10843,7.249128536312336
10844,7.554301992857338
10845,5.2678990554754925
10846,7.299095153283474
10847,5.595329717834587
10848,7.442339377606659
10849,5.720381287957802
10850,4.745058837687456
10851,4.327044941915606
10852,5.641764746459345
10853,3.6085550277318115
10854,4.505738463502938
10855,6.107605639162544
10856,5.47502793500564
10857,4.904039064411332
10858,0.8937122289970887
10859,8.037546806051667
10860,7.458643633826284
10861,5.985310769564864
10862,5.855393493927098
10863,6.520414068073306
10864,4.868918676739239
10865,4.058731196191024
10866,5.886701339043437
10867,5.9095437627889
10868,5.776081988769057
10869,7.000223986520281
10870,4.549962365459946
10871,6.70324977904526
10872,2.3953825231871884
10873,5.166104399067355
10874,7.194860641017244
10875,8.766951433257567
10876,7.012075748815892
10877,4.586015387211586
10878,5.765336749162504
10879,6.600828388190086
10880,3.2432512967752993
10881,6.932796661968549
10882,6.118115539123507
10883,5.26347014855052
10884,4.176072669703611
10885,6.453621674783187
10886,4.331237840229912
10887,7.16154603198053
10888,6.158553797420205
10889,5.446728388946717
10890,5.85235941869949
10891,4.019869675223959
10892,7.377758401554695
10893,7.171044104592078
10894,5.218742968966058
10895,7.412262548840333
10896,4.811332175195851
10897,7.2572304434508075
10898,5.4653489881128134
10899,2.3307951843195607
10900,7.91142489318743
10901,6.142298052959868
10902,6.608413558167691
10903,4.3985810931114635
10904,4.295556646125598
10905,1.9872069007278528
10906,4.547691741634523
10907,2.966709126358359
10908,6.1013326608721234
10909,7.363859008985784
10910,4.855512926952576
10911,7.955347861909945
10912,8.19598719616263
10913,5.795941037022348
10914,5.855416596867687
10915,7.323904603407481
10916,1.8436664106804654
10917,4.2014590738012405
10918,3.9411286954851223
10919,5.791219400784663
10920,6.1304159067454975
10921,7.212964045793122
10922,4.972633182567641
10923,5.018270127648113
10924,7.74800921945331
10925,9.263144130702813
10926,7.651157840331514
10927,6.028439452610687
10928,2.379628838024547
10929,8.103241037654351
10930,2.9030325653763915
10931,7.389874135047917
10932,3.242788779020171
10933,6.570867456479501
10934,8.065901713898478
10935,5.658339893083032
10936,2.156252513273273
10937,5.84663608021107
10938,5.942075730576469
10939,2.483466589291588
10940,2.7678173273770765
10941,3.0030400895050477
10942,6.5611051106561105
10943,5.675406391690984
10944,4.44561635964629
10945,8.704473912604321
10946,5.414291065443314
10947,5.569862907542176
10948,7.401730383019816
10949,6.883340520058919
10950,6.238911973067689
10951,8.897134268688383
10952,6.696516153839445
10953,6.9074529513387946
10954,5.738206761275509
10955,6.993292999061774
10956,6.46703831917306
10957,6.691699229190287
10958,9.833131230388885
10959,6.372879414529139
10960,3.8947910020127923
10961,6.436368479731012
10962,2.532309399671348
10963,4.627231601368681
10964,9.119934741567466
10965,6.550826635745295
10966,4.649904110454777
10967,5.4689819744187735
10968,7.695336931079446
10969,4.3922036575859895
10970,5.3824158184543585
10971,7.382817989527135
10972,8.996279823661672
10973,5.707409499109135
10974,3.648891727616247
10975,2.861525459825392
10976,4.628690265735427
10977,7.703557453529052
10978,4.887197116522543
10979,2.8748159358185337
10980,9.085718033320623
10981,6.767566299778463
10982,7.231253058171266
10983,8.680083240579256
10984,6.604761289461126
10985,8.717147369877143
10986,8.514250413684298
10987,4.182075610608367
10988,6.643280224810863
10989,5.4199170515422255
10990,2.6852409503931565
10991,4.890420874674742
10992,6.097920846344313
10993,6.2700712166676285
10994,6.607364548686432
10995,6.743558785556835
10996,4.944584614734107
10997,5.93814810565823
10998,5.1355846904217906
10999,2.9568277455067586
11000,5.825809146746475
11001,9.101368424245537
11002,6.679033482996062
11003,7.429638598242487
11004,8.471278698412362
11005,8.209806890779431
11006,5.812041727159907
11007,7.365819091992142
11008,1.8316850681804917
11009,6.485554977354937
11010,5.642040945684008
11011,8.347147491250478
11012,6.167439788919166
11013,3.194908126043911
11014,8.051810469688633
11015,6.746672897295552
11016,6.381383395436231
11017,7.500611225752676
11018,4.206933187638903
11019,7.059355480701088
11020,6.337392167005948
11021,7.680857107280266
11022,4.525962123645156
11023,2.009433504175237
11024,8.167031338281602
11025,1.7196212634919439
11026,3.0775021064278985
11027,8.131083490946441
11028,4.042074873154618
11029,8.383076257500313
11030,4.348129045494415
11031,9.419576214528696
11032,4.270746698266291
11033,5.27635290415127
11034,6.030143168216269
11035,4.976924179233077
11036,6.283977495553205
11037,7.448139473050668
11038,1.5314787530805338
11039,6.918233384614823
11040,4.4691607415577845
11041,9.734229261780932
11042,1.6576731603851416
11043,6.483471910190126
11044,7.447948991194568
11045,6.863092258191175
11046,6.405874246172103
11047,6.660424565570168
11048,5.913823622826069
11049,3.135745244994218
11050,2.7679664226225356
11051,7.977655086448726
11052,8.099547067987999
11053,9.582423606085072
11054,8.072879838733273
11055,1.4598478761447709
11056,5.247254186880932
11057,6.1625615776389076
11058,5.939063100085403
11059,6.283133156508053
11060,5.830075386438568
11061,6.2924907780895944
11062,6.083136072536872
11063,8.668784840208923
11064,6.9906255866589
11065,6.734897309232861
11066,6.176475496592104
11067,6.924881089078967
11068,4.6776679066360645
11069,7.378293661916066
11070,3.6993749596574257
11071,7.850001171550534
11072,5.00003556105091
11073,4.540667522048151
11074,9.961498705451426
11075,6.418639708659399
11076,5.7252764267202965
11077,4.963696237848926
11078,7.142740941658794
11079,3.2627342860637505
11080,7.118380579190114
11081,7.628881581427892
11082,5.419016244646494
11083,3.9727786640111944
11084,3.6690997349654126
11085,5.733590216846744
11086,3.7799134231381366
11087,3.7544367752377044
11088,6.9211770345416355
11089,6.412847713267106
11090,6.972517866684915
11091,3.0108819101463604
11092,4.321897289760581
11093,6.529235437410723
11094,4.661714948049111
11095,4.205354670322899
11096,6.725053665842896
11097,4.456303831975818
11098,5.144417374733464
11099,6.233873063999158
11100,4.3827409835746005
11101,1.8002173705576565
11102,6.194588089186679
11103,7.915032410090088
11104,7.428124295640565
11105,3.0810095304031107
11106,7.132103373483025
11107,6.337701239359808
11108,5.583368175194004
11109,7.438285755363823
11110,4.1902725320271665
11111,4.695747854859748
11112,7.581222227401
11113,3.339861176172205
11114,5.857313931126305
11115,9.777983511604903
11116,7.572472553504246
11117,6.721461164154411
11118,4.873307625325198
11119,6.829603080036185
11120,6.560218941979916
11121,6.673409165323228
11122,6.354846267164981
11123,7.383665698947034
11124,6.070087982551219
11125,5.712580172637159
11126,6.676368554534849
11127,5.970852795539748
11128,8.591661138679365
11129,3.1639795029985165
11130,9.772356478093162
11131,7.65482923034952
11132,4.189847390008792
11133,2.6275009262496845
11134,6.501227356708008
11135,6.222121154904437
11136,5.742097152474901
11137,7.423177465585285
11138,6.56305130786251
11139,6.262742232534276
11140,5.114393326751202
11141,5.264181626878512
11142,4.827893724307613
11143,7.725459942794583
11144,4.6378166892053825
11145,5.378268511370679
11146,6.956141548693413
11147,7.011804234421541
11148,7.660163090296967
11149,7.524760656275529
11150,6.185635318483013
11151,9.34685826687408
11152,7.277392990117873
11153,6.837742566722656
11154,5.907405826957174
11155,5.15061778367112
11156,6.755048214393067
11157,5.918144960401096
11158,6.539919970794374
11159,6.661739597524567
11160,2.488080798723238
11161,6.290613271906475
11162,7.057289300172855
11163,6.1693182486907485
11164,7.577474841124964
11165,7.253927426966132
11166,7.213729957310425
11167,1.4522198364477088
11168,8.303115712457945
11169,5.466883172681094
11170,7.237634991024796
11171,7.977954400379254
11172,4.05003427713002
11173,8.212293669168172
11174,3.3339240094819482
11175,3.2002968623495214
11176,4.642435282987298
11177,9.023281919153568
11178,5.578826065269881
11179,3.2109824046272335
11180,6.999719741104689
11181,8.730096192892631
11182,6.254390393005307
11183,4.3155926026107725
11184,8.870706204040664
11185,8.658916855366563
11186,4.89182573228248
11187,6.040868248633401
11188,4.068737067874093
11189,3.4783315115923163
11190,2.483213436051214
11191,4.854298498439246
11192,4.015334549363099
11193,7.316845755443844
11194,6.127876877715713
11195,3.576506974277463
11196,6.550328194781519
11197,2.4965631899905314
11198,7.758720726563255
11199,5.989152308796458
11200,7.850690034712517
11201,7.500439757946031
11202,5.346548756803022
11203,4.711816023227575
11204,5.9907824480291865
11205,9.145031637604816
11206,7.219460747064145
11207,4.893734711588037
11208,6.029377847855416
11209,2.18294356732608
11210,8.414456833996985
11211,7.034302323192535
11212,4.094902324015491
11213,4.337777763652722
11214,6.285262618733384
11215,5.501628923734973
11216,6.901669279260112
11217,8.602766978529766
11218,7.8671062096461375
11219,6.884793484865307
11220,5.4176242532635115
11221,5.53285770508966
11222,1.0395962600212858
11223,5.239748359721942
11224,8.616821982619943
11225,6.77800834665973
11226,4.2730473161199445
11227,4.686755037030293
11228,7.6935829821920105
11229,4.912924878824697
11230,3.733263262740579
11231,3.3583955301060002
11232,5.463461733684233
11233,6.256575277571801
11234,2.407570727930487
11235,5.0904616262375
11236,6.2826439042109214
11237,7.852296918059444
11238,8.959521744303492
11239,8.981420971893554
11240,2.872835830631831
11241,7.56423899033495
11242,7.9678717657797025
11243,3.943699554857215
11244,3.61127215201825
11245,7.163058759531858
11246,6.518479455500647
11247,4.351166920829086
11248,5.073165735986091
11249,7.310789151356359
11250,8.04091897174418
11251,5.910819607770136
11252,6.048415097793956
11253,1.790529578961272
11254,7.651815620943284
11255,4.965243716494698
11256,5.080591884150234
11257,6.852076251630065
11258,7.432551943114117
11259,7.893892075558222
11260,6.432559468714637
11261,4.222170418041627
11262,8.25028944485155
11263,2.224552925533896
11264,6.879092789718444
11265,4.333371232257877
11266,6.949802282226502
11267,7.2246348575626484
11268,6.706444561727008
11269,7.6239081826330075
11270,5.660930551724419
11271,7.786296208540815
11272,5.293571507405335
11273,4.964320539584818
11274,6.630027528576563
11275,6.771260626696382
11276,6.499009251108641
11277,5.198036207117015
11278,6.838152414141607
11279,4.616253713217736
11280,5.59455713804303
11281,9.703221732920348
11282,3.6943276511170944
11283,7.189454302511823
11284,6.675503772919818
11285,4.907470832564839
11286,7.216607114597639
11287,7.184558789894291
11288,6.6253699536953565
11289,4.067873741139784
11290,7.631438884546233
11291,7.046319916860684
11292,5.81836414709161
11293,3.5669739646745584
11294,1.5163595137040673
11295,6.838481922488163
11296,3.7882697490112784
11297,7.598850362925707
11298,8.47076117857317
11299,4.871221179398615
11300,9.149814042643131
11301,8.45900330305363
11302,7.382525692114398
11303,6.978794624323013
11304,5.191129299804615
11305,6.8987108440978595
11306,8.016027523488964
11307,5.950724255879858
11308,5.55489323988677
11309,7.2997485456639755
11310,5.692152434665272
11311,2.990679738210318
11312,6.601126246246233
11313,6.489386249255366
11314,8.973887380168193
11315,4.901229271266772
11316,4.5610219356459485
11317,8.154285851868677
11318,5.853059496259967
11319,8.887101422867353
11320,5.54194613350518
11321,4.884259629686263
11322,2.2239972451641434
11323,5.17698222889073
11324,6.2250638235315305
11325,4.295888643363954
11326,6.778449180782484
11327,7.33699747734813
11328,4.157182748374102
11329,6.8407278782215375
11330,3.369776122110209
11331,6.144961040423308
11332,9.00544487457987
11333,2.4617034590535956
11334,4.2892368030854
11335,6.342684413948568
11336,7.498550142731439
11337,8.117495169678312
11338,6.42472077776121
11339,6.639002704702706
11340,4.549823927393802
11341,3.7234581423801068
11342,7.0605221241441125
11343,5.453234011176735
11344,5.179065177783763
11345,7.319711853752316
11346,6.513141727237116
11347,4.904170208210011
11348,3.4934777696317667
11349,6.314146116497873
11350,3.4518671398464544
11351,5.605715309894555
11352,9.233565824357388
11353,9.229206790687076
11354,9.198353633469214
11355,5.697300385421782
11356,7.899130555726947
11357,8.439929232486953
11358,4.786944452428753
11359,3.8986747758938436
11360,6.437603883043956
11361,9.206666767057122
11362,5.981817135439619
11363,3.1637811331670673
11364,8.751903350281163
11365,9.051605633706941
11366,3.397087523793041
11367,5.804720531821558
11368,6.360973729748738
11369,5.047902319110013
11370,7.212474809144089
11371,4.930332012510889
11372,9.35359159721521
11373,8.274030504899194
11374,9.082505059895574
11375,7.060211911755697
11376,5.942079953458274
11377,6.069279969273946
11378,7.340448855134182
11379,8.129361978909976
11380,4.058213582935267
11381,4.109165855140333
11382,3.1516130073023456
11383,6.5483131736951865
11384,7.219545241853541
11385,8.2359476568882
11386,1.6794278830477252
11387,5.256437534749326
11388,5.326113635521693
11389,5.848228681894065
11390,7.408171338163688
11391,6.814421068122223
11392,4.566289989573832
11393,5.143401448325303
11394,5.745163742133098
11395,3.8005444767067162
11396,5.766899910850325
11397,6.563581410454892
11398,7.924048810954645
11399,2.3972475486206486
11400,5.0883973867853385
11401,7.129523380751342
11402,7.682404155991696
11403,4.8173078203191855
11404,5.43764139542475
11405,7.411648548797459
11406,7.328829028621035
11407,4.3459881840335175
11408,4.396677395735054
11409,3.800302004444312
11410,7.692680550250197
11411,9.048452768221878
11412,3.3951729912190176
11413,5.5268203673499565
11414,6.225355022335615
11415,5.133990290213647
11416,6.679246645886849
11417,6.287476493066171
11418,8.432949651747712
11419,7.3086056758434275
11420,5.261536810053571
11421,3.922176785917653
11422,6.079051159479499
11423,3.511223005453491
11424,7.741071258391117
11425,1.0460131440198897
11426,2.196002538588383
11427,7.430390912142705
11428,8.751185355453433
11429,8.062478835840698
11430,4.036479156012741
11431,2.4892466975997665
11432,4.327847301122464
11433,5.9794629056232145
11434,6.09317747276923
11435,3.360243447041498
11436,7.35113646255118
11437,6.261334726113675
11438,7.774923013676747
11439,7.742014111235536
11440,3.597026150045273
11441,4.718166117421682
11442,4.079802729454907
11443,4.9285314248763665
11444,4.427096118771959
11445,8.822908763979832
11446,8.025344176478779
11447,2.250401256547601
11448,6.088272563033382
11449,6.888402392121583
11450,6.336803150565158
11451,6.544676840210766
11452,3.159959882694941
11453,7.981168900716817
11454,4.372210921504792
11455,5.81867300057664
11456,6.651202060972963
11457,6.579342926824312
11458,7.896131934283562
11459,8.779311102495187
11460,6.66192969713277
11461,6.003676743021779
11462,5.163212262364601
11463,4.846588403173657
11464,5.90404609224564
11465,6.27125892148743
11466,7.9370861385900415
11467,6.896149940746541
11468,4.96050306946869
11469,5.923490291839704
11470,4.897514596299054
11471,8.234807392084887
11472,6.570377034392505
11473,3.9795570376040583
11474,5.273366001142346
11475,7.001854627443615
11476,4.9641021059625485
11477,4.323535926388539
11478,5.984888299506486
11479,6.21874025054648
11480,7.569902389540416
11481,5.912042684356399
11482,7.057247687256211
11483,8.335570636664599
11484,7.362885999222691
11485,7.6533015190279645
11486,6.704843553570768
11487,2.3802755516544565
11488,5.81714864428931
11489,7.529414419441726
11490,6.491339279422373
11491,3.0273058212071007
11492,7.280319859680848
11493,4.562908656353645
11494,4.802440291883657
11495,4.706044180057545
11496,6.24792526511941
11497,5.726548361259072
11498,5.335479790468141
11499,5.934365493873835
11500,2.0744317169580184
11501,4.546268866770225
11502,5.350883354775489
11503,3.5449269364239906
11504,4.648411995134533
11505,3.0432147459629926
11506,8.470558225924032
11507,1.0590931245330504
11508,6.162163983230037
11509,7.1178630873404005
11510,7.885582596305705
11511,6.271960647463193
11512,7.833342063008714
11513,9.77433600246902
11514,4.8504934616506965
11515,6.075185675687512
11516,3.971304797118366
11517,2.5549305459149503
11518,6.277598025644592
11519,6.1107880738105145
11520,8.512443364684545
11521,8.963634913984045
11522,4.722675194960779
11523,4.470704836689656
11524,6.83822935109148
11525,5.349308087920704
11526,6.422615715864633
11527,4.378469327974769
11528,6.482245218735943
11529,2.301874867430447
11530,7.077655068841741
11531,5.637012900290028
11532,7.041432980968842
11533,2.6881705270825007
11534,3.5892510852137955
11535,5.4956045285691095
11536,4.531170451022845
11537,6.076456853143618
11538,7.53302580804392
11539,7.309330340935981
11540,6.452918526718584
11541,4.9960152078132
11542,7.945497792828681
11543,5.6504171623123005
11544,4.882457695214795
11545,1.8599027334722669
11546,6.711518487724546
11547,6.172983107680615
11548,7.4908480970870865
11549,5.315480414782008
11550,5.568521676050694
11551,6.317840164856838
11552,8.112141603333175
11553,6.435171178266536
11554,4.379664290552931
11555,3.9708619874582296
11556,5.25838535853282
11557,6.219695251043172
11558,6.392893822780463
11559,6.673334894886189
11560,6.37522732989186
11561,2.465832170933587
11562,2.886484947014876
11563,2.295139917229098
11564,5.588096097139271
11565,5.599039163018843
11566,8.505754658764248
11567,5.326310829785267
11568,7.434564540915735
11569,3.7481169355154247
11570,7.243432456001545
11571,7.988741317393766
11572,6.315111119831743
11573,6.425699505721993
11574,5.419010342055253
11575,7.716711154859986
11576,7.705524671314045
11577,6.1641359524287225
11578,7.282019600554513
11579,6.0520815220642845
11580,3.057018703407484
11581,6.057746316107219
11582,6.131479515264966
11583,6.728919328555393
11584,6.610152571214595
11585,2.9561192257146875
11586,4.911459282233224
11587,4.27058879458357
11588,7.870379278801933
11589,8.794178351049922
11590,5.422233617765227
11591,6.790043335536486
11592,2.4189418040410295
11593,2.074902766510138
11594,6.0517358053454045
11595,7.367359834709429
11596,3.828085668013032
11597,5.040089989620144
11598,7.049578777281365
11599,5.243333314904001
11600,2.7024193146935356
11601,5.379625512373017
11602,4.025700959265681
11603,6.205639930531018
11604,6.826029274939054
11605,7.439670318862092
11606,8.642132446897165
11607,4.526474531774736
11608,4.050358934007195
11609,6.47289608113401
11610,6.639142367706384
11611,4.455944555801092
11612,7.528582566390223
11613,8.800817850644838
11614,5.453216928392719
11615,7.667320882106681
11616,8.029115442072317
11617,5.3812881595843685
11618,7.268367914586781
11619,4.451264643611168
11620,5.4975256447223195
11621,7.791474952720997
11622,6.80662844955122
11623,5.243184123834671
11624,7.522612209563767
11625,6.447241615341496
11626,6.997484518954978
11627,1.272075557778062
11628,5.759716972802463
11629,7.636706533915986
11630,7.073749897130893
11631,6.7512375335433985
11632,1.7170733807401568
11633,3.029852882283758
11634,8.665327553481118
11635,5.678788014972541
11636,4.6673233594999175
11637,6.028775066091359
11638,5.869322620783283
11639,8.06983281420993
11640,6.110296898578704
11641,4.329452909501491
11642,9.981844303391147
11643,6.603276797295828
11644,5.75472170884128
11645,4.806448805841793
11646,3.720783639290459
11647,4.787686829099722
11648,2.805098418636928
11649,7.691908799875574
11650,5.96932492749217
11651,4.576565786578289
11652,5.400188744821847
11653,4.349653645650076
11654,6.659741932911835
11655,9.110914605164892
11656,6.825127812688448
11657,4.841773948131623
11658,7.424912493137176
11659,6.783044257150632
11660,7.534826422162629
11661,7.037543406056388
11662,6.017627337906091
11663,7.934967763363251
11664,7.370779926746433
11665,8.233554044561911
11666,6.668942505381598
11667,7.770771270365122
11668,6.393742048409215
11669,8.08524218045581
11670,3.684368519789432
11671,5.051835898786855
11672,4.047364744113381
11673,8.557119678323053
11674,6.687794819876135
11675,4.80973732452348
11676,7.979412768946494
11677,3.720191027041759
11678,3.178064080849956
11679,2.1842637384221155
11680,4.029463623605432
11681,5.433651904343728
11682,6.168669436697035
11683,8.972356226420384
11684,3.6226690983857774
11685,4.005089302425279
11686,3.845895899084968
11687,4.270203514506248
11688,9.783289233023712
11689,8.017665071990287
11690,3.150423761426107
11691,5.560242824449251
11692,3.252853645638966
11693,9.36518490615316
11694,8.023803770856743
11695,4.692726333656226
11696,1.8152973186850696
11697,6.092953451949943
11698,9.464393005127118
11699,2.8897787234276775
11700,7.029656442410029
11701,1.2246300491964748
11702,2.4376914444860995
11703,7.33554162978391
11704,8.197875703974814
11705,3.3071846626243344
11706,5.402141387466335
11707,7.413322251121161
11708,6.827158513474558
11709,6.381850147987319
11710,6.813683547562972
11711,4.063809727474907
11712,7.713416452280168
11713,1.8393142044377653
11714,8.158425270169305
11715,5.909504231663919
11716,5.620446012656918
11717,9.394166804414294
11718,2.889518676154763
11719,8.722909768451295
11720,7.640059545176054
11721,6.767455126009877
11722,1.3419068490675423
11723,7.296583918526301
11724,9.187393446263938
11725,5.58101093988171
11726,2.4782199269941767
11727,8.29291580672805
11728,6.6777726175450525
11729,6.365791061168284
11730,4.118054094666393
11731,5.846055463127594
11732,5.149524506900081
11733,7.477497878241419
11734,5.63556923120473
11735,4.90322268633847
11736,2.2711764597246384
11737,7.224713482642876
11738,7.705029626650155
11739,6.006108081052307
11740,4.447477630596504
11741,3.5216404159088097
11742,5.132443998608641
11743,3.070711882107009
11744,6.725241128156751
11745,6.501574029505829
11746,2.262787768070394
11747,7.986096209230085
11748,1.6776981816469396
11749,5.013483087928501
11750,8.520927908897335
11751,5.818512740914995
11752,7.44149563806007
11753,5.054533668480425
11754,7.816334990323126
11755,8.5618001354302
11756,2.3482782307532366
11757,5.507156895069206
11758,6.5184071296040855
11759,5.945977367710038
11760,4.6007903121149605
11761,7.646313842889572
11762,3.886981082438238
11763,6.49924562146012
11764,9.692955855210492
11765,5.2927646375303
11766,6.133105197343426
11767,7.0295705823555075
11768,4.839214975016539
11769,7.361687954899249
11770,6.8183875874363595
11771,1.8008764031394513
11772,6.429818540183636
11773,6.35365336291225
11774,5.673672224055122
11775,5.3909785883823655
11776,6.586577610628107
11777,3.2775116655326255
11778,7.245336617634981
11779,7.7127104808988864
11780,6.30620010801246
11781,8.119417950281944
11782,4.2430746394299454
11783,6.66406353242374
11784,6.4662470670516266
11785,8.484581578675598
11786,8.72508444843672
11787,4.843635036819181
11788,7.011306400212398
11789,4.912406756318726
11790,6.435464938966953
11791,4.0857088129991155
11792,9.51870657136189
11793,5.777056669838929
11794,8.100077988119903
11795,8.475604119762592
11796,5.202743895236025
11797,8.631280304049863
11798,6.846497818097193
11799,3.378132874724571
11800,3.8144329814840523
11801,7.18551394278912
11802,3.372666746393277
11803,7.9064918444021846
11804,5.557625295731692
11805,6.681854144607579
11806,5.071741002504208
11807,7.897298726601389
11808,7.485157120999043
11809,4.295664210006262
11810,8.351957430646305
11811,5.6887194065213675
11812,4.8536146100764315
11813,5.83820795443851
11814,6.468197673512069
11815,5.803938199690459
11816,6.369070392227396
11817,4.187915514548919
11818,3.7680307472070016
11819,5.178549110269984
11820,6.9431268088082945
11821,3.0057701389747242
11822,4.492742300906812
11823,4.836671583869497
11824,7.953344241197938
11825,9.906629301174021
11826,7.076021530409105
11827,6.302382924481979
11828,3.5793977655558593
11829,5.577591848185416
11830,2.946882222597928
11831,3.1773514650302084
11832,3.7171155774881726
11833,5.103794432924927
11834,2.913196114621357
11835,7.396740353828736
11836,5.292505795789115
11837,4.500658807951657
11838,5.484851770054609
11839,5.428457490006886
11840,6.646813475332503
11841,4.477915228103241
11842,2.9687935314939953
11843,6.4009875227092285
11844,6.799947395962173
11845,4.497323069361625
11846,9.20214879266905
11847,8.053200242511323
11848,8.136403796155694
11849,3.379556457655086
11850,3.9621028023080767
11851,9.103876070313987
11852,6.955646524941246
11853,8.182152138310942
11854,5.486447319830295
11855,6.330133223983759
11856,7.352626279553086
11857,8.067357805861963
11858,7.2514154599293
11859,6.114893630275689
11860,7.640495388743527
11861,3.55705315941831
11862,6.970953191652088
11863,5.806623916070047
11864,6.263866156077269
11865,5.426921933269393
11866,2.99145615492565
11867,5.573858257536106
11868,5.608548085431758
11869,2.391858661480347
11870,3.118740402664397
11871,7.0518308034715735
11872,8.88404095385172
11873,5.283639538740745
11874,6.810355751531218
11875,4.697017611515275
11876,9.483545868911254
11877,4.522423999488819
11878,10.0
11879,8.54864858939593
11880,2.864653598961573
11881,4.615888517440154
11882,3.3905509919581003
11883,3.1328887469298303
11884,5.532239473605344
11885,3.982432494124908
11886,6.065656676264774
11887,4.946241273508444
11888,1.9279326022212624
11889,7.317702495329866
11890,4.880186124096838
11891,8.312802232806774
11892,1.5753157528027435
11893,6.025692023600845
11894,3.734930889836223
11895,7.39897787239758
11896,6.592495368568646
11897,5.887696593173368
11898,3.905171416799896
11899,6.9074051351191805
11900,7.702451825353228
11901,7.082623767830095
11902,9.325093440136959
11903,5.085881322280289
11904,6.973556133933119
11905,6.627864706410257
11906,5.8681872755367825
11907,4.888049109090188
11908,9.212375851302067
11909,7.228967000252604
11910,8.475877758997866
11911,4.942497806531682
11912,5.94677718084297
11913,3.1417498114162763
11914,5.080050155300476
11915,6.9851425040777055
11916,6.103519857301916
11917,5.603668705121002
11918,7.076462965549102
11919,5.338044347154049
11920,8.640368914225718
11921,8.31678766388658
11922,5.870607456661211
11923,6.067061190714043
11924,4.183522495702727
11925,4.42006058696164
11926,7.939694991577845
11927,3.8084458741585907
11928,6.609994314804034
11929,6.734870491091657
11930,6.1592709680260755
11931,7.768868126828945
11932,6.8567867884635625
11933,9.921299527033257
11934,4.635864210495512
11935,3.272363589345815
11936,4.194405727197082
11937,7.420666798118813
11938,6.152137388669685
11939,7.263287113235472
11940,2.4970397668796815
11941,5.528896041062603
11942,6.030684298102268
11943,5.45991513081883
11944,2.0239865056800848
11945,9.410519707880955
11946,7.858822569618184
11947,3.243524555488208
11948,6.068749697232673
11949,3.6915909449937545
11950,4.099090598110408
11951,6.6275194056452325
11952,7.491599603498638
11953,6.201895562820521
11954,7.671350326335407
11955,9.958578544772184
11956,4.549915874641343
11957,5.441706700371569
11958,5.106608370219295
11959,7.153816011699889
11960,4.104707002500984
11961,7.160319035439722
11962,6.871693203688841
11963,9.860294609987735
11964,7.015663786426017
11965,5.399529405925828
11966,8.502655114625455
11967,5.862934520090034
11968,8.200070296576119
11969,6.457565372314247
11970,4.756148032434072
11971,3.5522995171240845
11972,4.381343745425271
11973,7.458773956564073
11974,6.621426310184377
11975,4.037189171749963
11976,7.690402417963167
11977,4.373118930047419
11978,2.2202918243312952
11979,5.78149075270801
11980,3.768881602626575
11981,9.414070480104852
11982,7.427443656806199
11983,5.560337242846708
11984,6.715114813994581
11985,9.263930240594167
11986,4.986842278463715
11987,6.883239997921305
11988,5.310949667606643
11989,6.321480307901518
11990,7.69154451566172
11991,6.404483585313576
11992,4.768131126540573
11993,4.002724525530429
11994,9.32298453772662
11995,6.939657262315707
11996,3.712923377308948
11997,6.481964943128905
11998,4.620998024645523
11999,5.443310803047703
12000,8.677323735419568
12001,7.810286227803843
12002,5.336063588995963
12003,1.4594366228527242
12004,6.554181808874687
12005,4.194883120456735
12006,5.221104415014723
12007,8.975365434957222
12008,8.289546780826537
12009,6.298736566091055
12010,4.367756456361737
12011,4.185624032818518
12012,3.484331312179774
12013,4.852310868460089
12014,6.760730466011805
12015,3.9657777432814902
12016,8.093516024822634
12017,3.8528513511772977
12018,4.349491271461968
12019,5.052833820622947
12020,5.179931678872519
12021,2.780320659689009
12022,5.148350803560727
12023,4.056834873857155
12024,5.382082348127366
12025,5.297473542169947
12026,4.113189565380401
12027,4.876493251257757
12028,6.314083180827235
12029,4.121363633965131
12030,9.299564408638826
12031,4.878326826010895
12032,5.279011109879612
12033,8.236956336293664
12034,7.83166976420441
12035,9.790870611138201
12036,6.725982647081622
12037,7.521158739472656
12038,9.426351022420421
12039,2.9724921824644
12040,7.619415847885903
12041,6.814057249936594
12042,7.400885193655226
12043,2.7982723339321742
12044,5.107863445675447
12045,6.409104108042213
12046,6.725600004769217
12047,4.384188975571524
12048,6.015845308422107
12049,8.24226365127462
12050,6.850007608370342
12051,7.822451578664293
12052,8.778792314576222
12053,6.9355326069484855
12054,6.312543478114476
12055,7.614739327151665
12056,8.818403086418702
12057,8.849293752581906
12058,7.044114599730099
12059,3.8577409912230194
12060,9.536733289066078
12061,7.947204865754652
12062,5.609880961703219
12063,6.614176066423071
12064,7.729343536414083
12065,7.7295858121093275
12066,5.192272336824933
12067,9.672946643634749
12068,5.21183117603698
12069,5.96560176083433
12070,8.407807297775651
12071,7.225105315451474
12072,6.536824241890171
12073,3.552416530558194
12074,5.931052007548195
12075,8.5523655262549
12076,6.363836184001706
12077,3.0627714551132987
12078,3.920026028177722
12079,5.578926054640572
12080,6.455933800160764
12081,4.4828566888142465
12082,2.1653667457890466
12083,4.969273583383813
12084,6.840467841325134
12085,6.435988402079637
12086,6.634937693521541
12087,7.984956296464636
12088,6.999999235006825
12089,6.375657890011966
12090,5.3669061877518045
12091,3.334697974274712
12092,6.314970824781503
12093,5.755308132850688
12094,4.8597453020120955
12095,1.8746390575404366
12096,6.481460704039909
12097,3.6333076074654884
12098,6.1589441522118396
12099,5.93278987794746
12100,4.478839655427379
12101,7.926859259384996
12102,8.775034948704155
12103,6.098185920550921
12104,6.041763464225351
12105,8.500824118728328
12106,5.375050873643148
12107,8.230730623790544
12108,5.696182381164191
12109,6.791244466150285
12110,6.789723538447843
12111,6.165944720278429
12112,6.220726120338751
12113,6.130804925145543
12114,7.618075140382665
12115,7.0966935560252224
12116,6.926508621491768
12117,6.085346856470621
12118,5.230227611502793
12119,7.0167958157758
12120,5.759953936967119
12121,4.089646289018618
12122,4.938201322546612
12123,10.0
12124,5.698044888586995
12125,8.105856112994834
12126,9.034466350775773
12127,7.3260548377282015
12128,7.750643403548952
12129,6.8450304812419365
12130,5.623488267033478
12131,7.799635805428863
12132,4.775354529884504
12133,5.967066244921473
12134,6.270906580138754
12135,4.635580178831717
12136,4.29284671883954
12137,1.208583837064145
12138,2.671548788046919
12139,3.3224198954073434
12140,3.6056547789472306
12141,9.282163713267614
12142,8.751784292778495
12143,7.518495926060098
12144,4.561161098234237
12145,8.490753696161661
12146,8.995661844598269
12147,7.478695365998653
12148,8.066236866671373
12149,5.902773179405941
12150,2.636501858779291
12151,8.008772992232487
12152,7.905541464445958
12153,8.782175323951645
12154,6.807618912234652
12155,6.3323851218572536
12156,9.256528997389886
12157,4.1646403671185865
12158,7.354392019308755
12159,8.623078637473135
12160,9.298219684190176
12161,2.2711934191313343
12162,2.776468917309167
12163,7.736780257771296
12164,6.28569519494054
12165,8.002663024944887
12166,7.935919106633079
12167,6.249079037116645
12168,7.216231495963467
12169,3.58075164771875
12170,6.735031897457383
12171,5.95814882635898
12172,5.702745540686038
12173,1.4720427487984757
12174,2.6550951173961295
12175,5.914251525410863
12176,7.469465830377704
12177,9.746606724864687
12178,4.815501520365318
12179,7.336155752267002
12180,9.253274523139467
12181,3.4416135540184176
12182,6.724905584302577
12183,2.7639435825032237
12184,7.679229715203627
12185,6.483792368377557
12186,4.195091706143849
12187,7.642574435845403
12188,4.463714400675919
12189,4.779177133266517
12190,1.9054813516865572
12191,7.236229326700224
12192,7.936669744952679
12193,8.424188284145064
12194,6.548770707737238
12195,8.11107106829064
12196,6.235109179463517
12197,6.897208928845896
12198,8.451351090107256
12199,2.660894953546252
12200,5.334268184773445
12201,4.626903968895084
12202,2.2358635619881806
12203,2.6827356071754203
12204,6.146026630815823
12205,4.415227248387804
12206,4.907174524743007
12207,6.10519632012603
12208,2.9410993945319053
12209,5.3965509254622335
12210,5.148588722319376
12211,5.1522394218400756
12212,8.197115009872109
12213,5.950531889289073
12214,4.315699916851793
12215,4.1479603269953875
12216,7.567989645291007
12217,5.047186363466605
12218,6.060402233888843
12219,5.313414878749046
12220,8.529111423654877
12221,5.470422944749896
12222,3.2530939061685804
12223,8.238599245969056
12224,4.512276520762685
12225,6.3818266476479755
12226,7.752788904077301
12227,8.5027661857747
12228,4.344598366389581
12229,8.200446364302122
12230,7.383354662036886
12231,7.972952025378396
12232,4.556516707501954
12233,8.185662482799124
12234,5.541835224106276
12235,5.895438235923866
12236,8.732894304691385
12237,6.7023161263499995
12238,9.163753379025728
12239,4.0143856271560034
12240,8.512169159235365
12241,3.1047309991110863
12242,7.566456841531143
12243,6.181624947545265
12244,6.300218405386524
12245,3.512140302267962
12246,3.3925530119168927
12247,6.50147821383965
12248,3.548171240394932
12249,7.410164100746363
12250,5.7249396145397276
12251,9.18430067543963
12252,4.264123711194301
12253,8.86351701989463
12254,6.630512449881868
12255,7.806191711069478
12256,3.564485531934615
12257,6.004477341003202
12258,5.139203988905425
12259,3.48429794737745
12260,2.518898638698308
12261,4.079192030386793
12262,8.22854212389317
12263,6.125730024940648
12264,5.318903857931955
12265,6.460980780268043
12266,4.949419562663922
12267,5.721648077961924
12268,4.76540338703099
12269,6.919200102888045
12270,6.600211904904203
12271,3.180365109026054
12272,3.904815266595903
12273,5.383512320379614
12274,5.378373516549676
12275,8.60102448513728
12276,6.072779472463365
12277,7.126602448114063
12278,4.104211883288606
12279,6.8091966159553134
12280,6.2653244823779906
12281,6.355606008926375
12282,9.048908544763524
12283,4.374128735953751
12284,5.641960148539172
12285,7.5969297262937765
12286,8.029408860006537
12287,4.736014277785163
12288,7.744006002989457
12289,4.083108104208446
12290,4.241175969088237
12291,5.036952297564202
12292,5.299988481694318
12293,7.365527277691022
12294,5.887709463432959
12295,3.183000449464528
12296,4.194514985394182
12297,3.760924482347544
12298,8.28533151413841
12299,4.079938281212409
12300,3.884565518238052
12301,6.883773499445679
12302,2.4785281130414165
12303,2.097803137043814
12304,4.093899950653388
12305,3.812966640476719
12306,6.322711685018721
12307,9.066092482310452
12308,4.592164192968019
12309,5.169063623891845
12310,7.2158096516940144
12311,5.489201264256296
12312,4.915485134538396
12313,8.060448298531039
12314,6.57965351830827
12315,3.8778044717672895
12316,7.849384139475445
12317,5.5768429099110985
12318,4.092345371918309
12319,5.299817270886296
12320,6.051907260689412
12321,6.5613139724487075
12322,5.647921862430554
12323,7.562045699664935
12324,4.467575711423606
12325,8.064340641677328
12326,4.108129332420896
12327,9.086333082157848
12328,4.857268359322781
12329,6.786174174395693
12330,8.341591873831764
12331,3.9604533211848407
12332,5.914188576369444
12333,6.890000778550942
12334,7.962815428598583
12335,6.395963042320749
12336,5.998110682578944
12337,3.033969572413851
12338,5.957648495662286
12339,6.708648331943431
12340,6.456290002714373
12341,7.168604649694569
12342,7.17109837481687
12343,10.0
12344,2.935082597385493
12345,2.065684827568295
12346,4.87191989167151
12347,4.055129943779912
12348,7.597891387381189
12349,7.013104757687116
12350,8.933212738001885
12351,8.834842281604319
12352,6.529285601300322
12353,5.3103178661539525
12354,6.866934536242981
12355,6.672162357115535
12356,8.773786480811271
12357,3.8102945989610193
12358,6.396493248510953
12359,4.629999092197707
12360,4.5144191682537675
12361,5.890848721265122
12362,4.58424372629487
12363,6.738528145097783
12364,4.176865160856321
12365,7.976620247360157
12366,8.459734956668266
12367,3.747038449627488
12368,4.369856801328966
12369,8.977220526595438
12370,4.936678076109315
12371,5.356440094229022
12372,5.724744730503128
12373,5.827390818166584
12374,6.7622987512830335
12375,7.578557609179882
12376,8.8621252485031
12377,9.354821373298336
12378,8.815923821875876
12379,6.43883238178303
12380,8.427510210760474
12381,4.391986442767189
12382,4.843986266727548
12383,5.792172731295457
12384,0.9756766334511235
12385,4.234415663224088
12386,5.12015915509427
12387,3.8425197594286002
12388,2.996119862402959
12389,6.828908536397031
12390,4.4268536901402005
12391,4.968759159913213
12392,7.332845328438859
12393,5.377837410186445
12394,2.8835042962243893
12395,6.200344511846088
12396,8.733177783102066
12397,7.05390506855556
12398,6.611156466452434
12399,4.691027505016166
12400,8.412806865176421
12401,3.6569614990704062
12402,6.9338754195948304
12403,6.055812196711423
12404,5.837506469769668
12405,3.6289286932262033
12406,6.132854059159423
12407,4.81690256871762
12408,3.7293387590492504
12409,6.366366830359831
12410,4.481797940673741
12411,5.380956681047601
12412,8.98327440508358
12413,8.563148414483843
12414,5.932692548594318
12415,6.11723269048662
12416,4.126866288398524
12417,1.0799898221598916
12418,6.160849160154598
12419,8.813442338631074
12420,4.891517133265275
12421,7.26749746538043
12422,4.916201056562672
12423,8.333278254230658
12424,3.128933346347483
12425,6.553231437749451
12426,3.295795416270253
12427,8.06613071592712
12428,7.574295832930026
12429,4.862257277661009
12430,7.85906224767617
12431,4.043258967686468
12432,5.969821666135383
12433,6.472220532131141
12434,8.898158481265874
12435,8.080063234831584
12436,5.138157079642342
12437,10.0
12438,5.592995586415064
12439,6.206295254897997
12440,9.402254634229
12441,6.969052056526922
12442,4.414787820792499
12443,8.305462071623154
12444,6.258242943422255
12445,6.492752645895075
12446,5.320509320149735
12447,6.726274812557478
12448,5.968644346473461
12449,6.5909429291695725
12450,8.564787679213461
12451,9.181386879847476
12452,5.7981539078905175
12453,7.506747109838146
12454,6.853904935597987
12455,5.070638802505967
12456,4.675904858038079
12457,8.306349535707975
12458,5.845784424769994
12459,0.19997884082511597
12460,6.160106846671159
12461,9.472390650069475
12462,6.0425765680522145
12463,4.4939481448429435
12464,7.193195444598592
12465,7.142269372897446
12466,5.238644327751052
12467,7.750894434379377
12468,7.671768543979914
12469,8.157653144164236
12470,6.289237975685851
12471,5.428743733820299
12472,5.283533384431623
12473,5.5498977154779325
12474,7.699417881228385
12475,3.3104817428564175
12476,1.6462282686626244
12477,8.578221741992426
12478,9.084216685915543
12479,5.5880583818283585
12480,7.809757505099566
12481,4.721517441102021
12482,9.672539405821254
12483,6.700735737036328
12484,4.990313590382384
12485,5.03617332064672
12486,6.208397455045639
12487,6.710567812835916
12488,6.32521532194366
12489,5.164616600138462
12490,6.658169413779581
12491,4.8486761310076885
12492,6.217910937203089
12493,5.5781020782008115
12494,7.459850488841247
12495,6.141418196933873
12496,8.370918559166508
12497,7.519248321099385
12498,8.517119791236318
12499,1.8768087969303062
12500,3.1224665320064693
12501,3.926468497115904
12502,6.549540442837127
12503,5.5273273090501664
12504,3.8378822753615363
12505,4.924232209310405
12506,0.961360541694015
12507,7.215405818484422
12508,8.236357427000396
12509,5.151648472541205
12510,7.053544636705584
12511,5.468655944534051
12512,9.33096360615193
12513,6.253490920349363
12514,5.814352335122184
12515,5.696093241512445
12516,4.157799361569322
12517,4.282558474506492
12518,5.626018016981119
12519,5.986014394632355
12520,7.959904363376232
12521,4.887384292933579
12522,6.443604246217995
12523,4.067626651525579
12524,6.226623643594785
12525,2.135692981161484
12526,3.841412840090291
12527,7.11283033850262
12528,6.632455342004352
12529,5.650529111523694
12530,8.661893533214016
12531,6.375771732527221
12532,4.558901961042313
12533,6.28307803432468
12534,3.711939027212492
12535,6.90267143885352
12536,4.28336706550563
12537,4.845750052582694
12538,3.410752212802951
12539,5.274409937293312
12540,8.301596553379351
12541,6.904594339851597
12542,8.603334199512215
12543,5.626957744419956
12544,9.39499231981516
12545,6.210010860335328
12546,6.3872402519343
12547,7.1568728913470485
12548,8.12560243998869
12549,5.885064077781076
12550,5.4387275146885425
12551,1.6057472518650666
12552,5.069715942041703
12553,7.293336501798512
12554,1.9288109868381835
12555,9.862622354965382
12556,8.360861376598223
12557,8.452993634339947
12558,3.5790954391312098
12559,5.617486658186418
12560,5.266663109632651
12561,8.713592176330724
12562,6.536496275017383
12563,3.3659335492783073
12564,7.864392668655407
12565,6.854514860752611
12566,6.4356798167238525
12567,3.6858078397629814
12568,6.066373858445406
12569,6.139903524828887
12570,6.316895601835366
12571,8.528727319185238
12572,5.118151055418979
12573,2.9692465008244477
12574,6.834509264794378
12575,5.864906339653768
12576,2.548330009057624
12577,5.505698271845938
12578,5.852481208938064
12579,6.515002631597136
12580,6.24452439578979
12581,5.602700345046643
12582,4.245123461437634
12583,5.780044661420454
12584,7.657671186559304
12585,3.9294809332883935
12586,7.345352007099005
12587,7.953233912655267
12588,2.21485625322876
12589,3.2581862371113135
12590,8.828883652158773
12591,7.339300152645498
12592,6.352311187561695
12593,6.806160126378698
12594,2.7021232245919222
12595,6.900259634834961
12596,7.855516852017605
12597,7.207631183874673
12598,4.7375665182270374
12599,6.28654213645716
12600,4.331374600562616
12601,5.97826657391861
12602,5.377334252151176
12603,8.639821959068533
12604,9.432202995324754
12605,9.52887026170197
12606,6.159872873868147
12607,4.336903956447992
12608,7.176480069193326
12609,4.436595522883156
12610,4.801233574558211
12611,4.45730847837807
12612,5.740723819582591
12613,8.547455954509289
12614,6.552005146614265
12615,4.870241267667517
12616,8.227505521156367
12617,2.1686029009237693
12618,5.179154179929691
12619,6.650873976817445
12620,8.367824296092753
12621,7.894401553356877
12622,5.70441916776674
12623,6.535595253698383
12624,6.6649888260581305
12625,7.360014810058363
12626,6.165469383177791
12627,5.46780542571521
12628,7.804931045811725
12629,8.152535849793752
12630,7.540784387661642
12631,5.920723386865167
12632,3.879477665111599
12633,6.841038105350771
12634,4.719108638606009
12635,4.9317250189531014
12636,8.190824518321573
12637,7.515400997465745
12638,4.209542054330336
12639,7.375272696432543
12640,4.389574317940182
12641,6.093655653899754
12642,5.655893791980569
12643,7.423656708257112
12644,3.060073573193314
12645,6.030221986660195
12646,8.33420882068102
12647,7.013713116204782
12648,7.692952353555997
12649,4.470865804864724
12650,4.230312385767661
12651,4.901709214382964
12652,6.637751349383985
12653,6.001043754260938
12654,3.700996161357142
12655,4.985083884061909
12656,4.713355490806052
12657,7.286617656320575
12658,8.143922748219204
12659,6.07366862877847
12660,5.970462274240458
12661,3.326789621485174
12662,6.182031487555162
12663,5.774018923677226
12664,4.092386100272867
12665,8.665004056502458
12666,4.806080123171774
12667,8.447081803157161
12668,5.2072484761938105
12669,6.548901697590783
12670,5.42583997063205
12671,7.8876833189511775
12672,6.825667467431464
12673,2.848777901732638
12674,8.727910913931952
12675,4.51129862897807
12676,8.008187994455332
12677,9.97671105082107
12678,9.02481385253368
12679,5.952493913194941
12680,6.789267978902916
12681,6.786360837009097
12682,7.573031673491911
12683,6.596455046756417
12684,6.919614188711648
12685,7.370233886960521
12686,7.425065230758769
12687,8.480253160996423
12688,6.168780352544135
12689,4.369668879827812
12690,8.887563569870332
12691,6.034892966397946
12692,8.078042603665297
12693,7.9804759146399915
12694,5.50648811253989
12695,4.581954690004668
12696,4.556362677225366
12697,4.1328580548326315
12698,8.134953043091631
12699,6.242915686368741
12700,8.224710552909317
12701,5.38781692764207
12702,5.359561308302586
12703,5.987301187848158
12704,1.472727991447477
12705,3.227102153077093
12706,6.767556450497278
12707,2.538058004093944
12708,5.837597291500621
12709,7.983196709223078
12710,6.427462855768848
12711,2.051439404736591
12712,5.219568809846761
12713,5.743739133032536
12714,4.035720698094975
12715,4.924558446440862
12716,7.643078111538449
12717,5.957565189580297
12718,5.206508117528669
12719,4.793656096729275
12720,6.2684833608956225
12721,8.774613512915982
12722,4.608098548288946
12723,6.499994217609219
12724,8.21928159905132
12725,6.360964054225405
12726,7.1736125349899424
12727,4.893899803630682
12728,8.245960533767937
12729,3.832650993405055
12730,7.4024529769197756
12731,9.19770510306544
12732,5.497861482975731
12733,4.600588956509437
12734,6.67688412794685
12735,7.559909267934167
12736,5.918230318719161
12737,8.321303534013696
12738,8.085013757071646
12739,8.547753583344633
12740,5.095158974985728
12741,2.0652111737424237
12742,5.808951612883916
12743,8.610685475222558
12744,6.336665103817361
12745,8.669209046088032
12746,4.036660640498457
12747,5.689729118265896
12748,6.121035227261602
12749,4.21512092066878
12750,4.668785509775837
12751,3.939740170259154
12752,7.139094193431925
12753,7.820954977754113
12754,3.0315407403995644
12755,8.724443129801022
12756,7.1116341104846175
12757,8.652737640212658
12758,5.293495867322253
12759,6.617950920046923
12760,8.36087770676551
12761,3.70425889425545
12762,8.73184846657086
12763,2.0153309752158552
12764,4.591814560034272
12765,6.98000672405034
12766,8.140870346933585
12767,5.26939865934443
12768,5.615257047350463
12769,3.8681268170307828
12770,6.707209408887093
12771,6.5902162799439346
12772,2.5989364453376482
12773,1.538126490460594
12774,7.7669224812991615
12775,4.893449919904766
12776,5.324997368402851
12777,6.921028292748921
12778,8.165880158593165
12779,7.900910888388331
12780,7.302519617039448
12781,3.7173025973258467
12782,4.558642363972942
12783,6.941088412499626
12784,6.456304550335941
12785,4.6082944312008856
12786,6.797758032232785
12787,7.786409166722347
12788,4.0942598807604345
12789,4.463729600943105
12790,8.760822949855903
12791,6.21795254114758
12792,8.559970647617059
12793,7.2197808712918405
12794,6.785944274979733
12795,7.102701271275123
12796,8.25901730466077
12797,4.633049321833058
12798,7.528213161794644
12799,6.228867373963577
12800,3.183972023943216
12801,5.957199019599147
12802,8.819346531763133
12803,3.757736784247502
12804,5.382230244085697
12805,2.6840107542030074
12806,8.535780538504596
12807,4.472976171993949
12808,4.5149163212367505
12809,4.845816368056321
12810,5.9139838879245605
12811,7.606064275302124
12812,8.562390544850366
12813,7.788538251895997
12814,7.841008116296461
12815,7.365243195388865
12816,6.348881159225624
12817,5.168433884611057
12818,9.029442877945556
12819,4.843933829854409
12820,8.542523104446015
12821,3.2436245932998
12822,5.734711338221713
12823,5.062193082129607
12824,9.71773835280423
12825,9.454149667945778
12826,8.557104071425744
12827,6.247755654955565
12828,6.374975201595118
12829,6.124445075546983
12830,9.017186129395169
12831,6.140026026249396
12832,5.413979979049361
12833,7.797887176322783
12834,7.3479996257689315
12835,6.4547146497669186
12836,8.682826891668288
12837,5.040019339227232
12838,6.675026486462487
12839,4.381805738392696
12840,8.550246221259258
12841,5.126538841587762
12842,4.05176359856592
12843,6.919551565513192
12844,5.416808368669864
12845,2.0993067433830124
12846,7.844290798458182
12847,4.101606120022916
12848,4.951855868413659
12849,7.41858395944903
12850,6.898688623738117
12851,4.752330892340219
12852,5.6526850391054335
12853,5.89985727319997
12854,2.9164680504763405
12855,5.833674962887175
12856,4.280821447647492
12857,4.488623611684373
12858,5.1850243200821335
12859,4.825659360185024
12860,8.513184771591405
12861,7.140641808682211
12862,6.402004457975974
12863,8.911098298754201
12864,4.952072664143639
12865,6.11509198559186
12866,7.3224963524408455
12867,4.227154057575692
12868,6.073599043175351
12869,8.803032323180322
12870,4.926844345981693
12871,7.096797267570479
12872,4.409062884604474
12873,7.943650854318937
12874,5.078358818246267
12875,1.8160880983563885
12876,8.109358916068135
12877,4.744033716947396
12878,5.016251363010219
12879,8.84194105923442
12880,7.288812441972004
12881,9.397235532472697
12882,6.281536760237286
12883,7.907212082275365
12884,3.8155109237223788
12885,7.900207311918233
12886,8.413506592932878
12887,6.7157450986218095
12888,5.16973850130007
12889,8.44509816913413
12890,4.356260171852794
12891,8.45600832151294
12892,4.581772290018186
12893,6.792867318174359
12894,3.5066641304505395
12895,5.471009596746666
12896,5.800556280382869
12897,3.5929713812139807
12898,6.6369693490907675
12899,8.255163745588344
12900,1.75530516013034
12901,7.5933550194563715
12902,6.5811064876810175
12903,7.518266483146327
12904,4.746528024594944
12905,9.433479825786907
12906,6.792673729867294
12907,2.1376399165377293
12908,6.562383158811851
12909,3.59695329271589
12910,8.907534872140591
12911,5.736736283458243
12912,3.176795131552627
12913,6.71581876974199
12914,4.735677745375773
12915,5.1909772831461
12916,6.947308689760977
12917,7.761107347312844
12918,3.316810657096905
12919,7.055055798790057
12920,6.215571387512145
12921,4.462647974242109
12922,6.759606546402514
12923,5.769702497190061
12924,6.841959161171874
12925,2.3731395325224973
12926,5.3857020669721996
12927,6.217581753996696
12928,6.66323081960799
12929,8.369302935207635
12930,4.030018056784336
12931,5.177849373688989
12932,8.41284806515886
12933,8.22725222216167
12934,4.567588229162984
12935,7.575050809217974
12936,4.719353224944211
12937,8.064872859318523
12938,8.30682355763764
12939,7.081285611500852
12940,9.665496821018928
12941,4.084987548927657
12942,3.8865813506666145
12943,8.89982182802869
12944,6.580767976676337
12945,6.219767504385755
12946,6.981264676875414
12947,5.465089704774027
12948,4.961176321496083
12949,8.944869352004318
12950,6.562103670206385
12951,2.348113671197861
12952,5.817802412248702
12953,6.199210207924068
12954,8.927868095045891
12955,2.1711145502419513
12956,5.256253936458073
12957,6.05810848973719
12958,8.749644392379022
12959,3.673519523801798
12960,2.2312206891540765
12961,7.215208203342527
12962,5.328250606865314
12963,4.783052115760727
12964,7.72752788841181
12965,4.460038598724662
12966,2.978869623031918
12967,5.505213703535744
12968,4.930798871487511
12969,4.576229735130894
12970,6.2163703486282
12971,4.405407153528847
12972,5.46574493123589
12973,6.944138088939562
12974,2.837863808102372
12975,5.694237701283957
12976,7.514037677789862
12977,3.0221368998390155
12978,8.440135774245142
12979,8.12907433237432
12980,4.833401261396595
12981,2.9853520861588994
12982,9.73926112310127
12983,6.45025927428537
12984,5.091791232936129
12985,2.9439577722133405
12986,7.8751851213103565
12987,8.156595718776838
12988,7.575170666286893
12989,4.235134941948436
12990,5.910765684227441
12991,4.445949976881703
12992,5.370522044050285
12993,3.9248518777087136
12994,6.882028567765234
12995,6.588241719300307
12996,4.535671035007818
12997,7.146520520522278
12998,6.5334876024012605
12999,6.100303534845407
13000,4.562188621790873
13001,7.738078936495489
13002,9.423639408789308
13003,4.760476837886234
13004,8.945599092514001
13005,1.3593878383027436
13006,3.731184298823023
13007,5.186133463377047
13008,4.45356954387581
13009,8.61751928941834
13010,4.9709998611419834
13011,7.39074248276472
13012,7.9813271556697
13013,5.109666839673894
13014,5.403625409243542
13015,6.173086621648656
13016,6.798664988781755
13017,5.813355554741265
13018,2.6312828489487163
13019,4.653487814380721
13020,4.860297558066444
13021,7.129502096382462
13022,9.095563480949512
13023,5.827232235315274
13024,5.426757174266808
13025,5.631107032923388
13026,5.291835398022377
13027,7.54436538910271
13028,7.757147257533317
13029,4.74090007670866
13030,4.907403826687895
13031,4.725922563510049
13032,3.2830675595057506
13033,6.743117213361833
13034,4.264587916600259
13035,7.630477871989743
13036,7.172725675505472
13037,5.360841293457911
13038,7.207765065813808
13039,6.398386090926564
13040,5.036275047123244
13041,3.2235491718221603
13042,3.6141946976274295
13043,1.460484712263323
13044,5.625296722075628
13045,4.690085857822016
13046,5.066854471324367
13047,8.63180572790012
13048,7.58284534072152
13049,7.007921618696584
13050,8.29370040841614
13051,4.230669960748668
13052,6.642486046332478
13053,6.9894411361206545
13054,8.984220907723603
13055,5.220657094184571
13056,3.42432843448457
13057,2.012214608961827
13058,6.5445028771241205
13059,6.018868590809905
13060,5.7384489123544755
13061,4.502938258452965
13062,7.278942590559286
13063,9.259408444530962
13064,1.689351456869451
13065,4.495782971595359
13066,7.027990186304946
13067,9.084481897946056
13068,7.554515657583064
13069,7.401802574460712
13070,4.620308731648791
13071,5.055756593830413
13072,6.026856341826119
13073,6.469144397658184
13074,3.898087936925471
13075,3.5951092358120302
13076,4.711375813280084
13077,5.825967720609383
13078,6.370844639860956
13079,4.035821485137976
13080,7.467441530868413
13081,6.054681850548888
13082,4.298586114168176
13083,3.3314981387279605
13084,5.1455241595926715
13085,4.489535002763409
13086,5.906627879587739
13087,3.1058746472930583
13088,3.2152366329657163
13089,9.192577729928047
13090,7.751661972099919
13091,8.083629322730225
13092,7.614061832625069
13093,6.009133150723866
13094,3.162429197168716
13095,5.427019095169214
13096,6.0220381860693575
13097,3.965328988042284
13098,6.4200872035919865
13099,8.544171173335045
13100,4.253631085101887
13101,5.6305238104729085
13102,1.293982633631499
13103,7.191957717976499
13104,6.757655217320705
13105,6.778032676456301
13106,6.198640888113663
13107,3.7145999427127694
13108,8.64247858169745
13109,5.572694731516558
13110,4.565953212168894
13111,5.538398408769464
13112,7.454895795169886
13113,5.850931897083894
13114,8.634225137862092
13115,6.572907545196214
13116,8.209763330696822
13117,1.6876231222682474
13118,9.747094460733923
13119,6.463624242244761
13120,2.9013840610623762
13121,5.499871953463498
13122,6.826782957299935
13123,5.845392016119813
13124,4.057726771144077
13125,5.314597948278539
13126,4.419668458028736
13127,2.0830666913560867
13128,7.809436926911248
13129,4.582786283654299
13130,7.32519827443244
13131,2.140246347321776
13132,5.985688450342898
13133,5.0671650669054875
13134,7.16753335836159
13135,5.020815335525373
13136,2.3744653597299075
13137,7.075124565702289
13138,6.86595867932753
13139,4.761332239729895
13140,8.806722754555928
13141,6.673647770582776
13142,4.511057722840299
13143,8.20526493594091
13144,7.694729639679746
13145,6.131954667101266
13146,7.114441712256072
13147,6.460984085928093
13148,6.575083622896725
13149,7.485633717016746
13150,3.7630746468802867
13151,2.869292494870506
13152,7.102526618833734
13153,3.6009879742082553
13154,4.382376367975443
13155,7.317039858887267
13156,4.762820851342703
13157,4.53067290249205
13158,5.056409582760526
13159,6.806237769892196
13160,5.628706174615835
13161,9.802917013752445
13162,8.098388454778977
13163,4.339165016297289
13164,7.5004076437126574
13165,3.770438744573072
13166,2.8292024993859237
13167,6.25589326239268
13168,3.9862010924346247
13169,5.582214584472045
13170,7.637731557394087
13171,7.11557150227961
13172,6.27504143384417
13173,9.467903826762813
13174,6.499057087938483
13175,4.313225730885301
13176,5.7132543187559
13177,7.829233869471511
13178,3.5776634332786847
13179,8.59953738085056
13180,4.581115606767029
13181,3.5612778105946234
13182,8.226951309425154
13183,5.695283125919843
13184,6.856131157357925
13185,7.378230041204892
13186,7.837985112493526
13187,7.334973746667435
13188,4.392896826823616
13189,4.483602361825506
13190,5.810421085372583
13191,3.1856511112731405
13192,8.53085811109095
13193,7.747918763927077
13194,8.30905528647624
13195,6.082061864138857
13196,5.511724517289682
13197,6.244708718421817
13198,7.580114543176936
13199,6.37048957145824
13200,9.059829047003719
13201,2.743256293342349
13202,5.268265929765274
13203,7.011576639071412
13204,4.5531419336509185
13205,6.249811196530136
13206,4.143723219546675
13207,3.388549082942412
13208,4.370639067396515
13209,2.5117740287691404
13210,2.85555378240712
13211,2.567923262651922
13212,6.854479385795154
13213,6.832006368322409
13214,4.958998211674448
13215,2.7446671608422903
13216,6.176057872178823
13217,6.2448437856910095
13218,8.011411832930408
13219,5.785005325954346
13220,6.481640533944031
13221,6.27363659897971
13222,9.52715739875946
13223,4.963599833613535
13224,4.265061983348462
13225,7.690397715605315
13226,5.91410203311022
13227,5.308865743167813
13228,8.598876193781738
13229,9.125094344393919
13230,6.261932478141665
13231,4.271640142046769
13232,7.727029821585401
13233,0.3680108874197492
13234,5.399612102535448
13235,6.770947332272546
13236,6.537816230561383
13237,7.147388734932671
13238,5.604181035759136
13239,5.222324380543393
13240,3.5068430950075116
13241,7.871075213006019
13242,4.962874540409572
13243,6.899171736428994
13244,6.067605885124604
13245,5.030415084312523
13246,7.121729342794051
13247,8.304209370250206
13248,4.9081749391243035
13249,4.720923868405812
13250,7.944993553212243
13251,5.309288844648782
13252,7.676288290007914
13253,5.593472661236035
13254,3.161172596078801
13255,5.648487912504631
13256,6.7038610412138295
13257,7.268904597892519
13258,8.13732123660721
13259,5.254331485042837
13260,8.420797464411677
13261,9.465278328960338
13262,4.567088637773917
13263,6.445717116147362
13264,3.351505685410774
13265,5.525941891647982
13266,6.457465169812817
13267,3.9516775853731234
13268,2.81514731084422
13269,7.035197387208793
13270,7.637629011465383
13271,5.1465092805513715
13272,8.349196720429616
13273,7.897354492071695
13274,8.222840842524425
13275,8.117663689173007
13276,6.318311948820971
13277,6.945516148235351
13278,1.2302044718392455
13279,3.4601592880741663
13280,5.0920309828614405
13281,6.457587672490059
13282,5.647999628357008
13283,5.292539195296877
13284,4.848458224306468
13285,7.221775705137354
13286,6.556658963357912
13287,6.8631585005709725
13288,4.95292057105604
13289,6.916161668574326
13290,8.633067278474417
13291,2.726145847498479
13292,4.711923606374736
13293,3.9696166016959924
13294,6.912451411099899
13295,7.691609136243773
13296,5.790370114766909
13297,6.251456623251568
13298,8.365701064816749
13299,5.7763903552393865
13300,6.241971097986863
13301,6.307688082985566
13302,4.637461985434245
13303,7.2180079460884
13304,6.1729123351758535
13305,4.393023157341663
13306,5.916466422944457
13307,6.930338160547525
13308,4.380163998035342
13309,2.9494739854466547
13310,3.051811927797885
13311,5.524772375841374
13312,1.0553103980577632
13313,5.375247226657876
13314,7.643072540278654
13315,9.203379554746135
13316,4.544358868142765
13317,3.124662430039967
13318,5.281082362057094
13319,5.770979585879967
13320,4.63791191526901
13321,5.824147461903172
13322,7.310543055551197
13323,7.783047924902989
13324,6.897760448623455
13325,3.2007591385827663
13326,7.975218950528129
13327,7.196137457708463
13328,6.555118415645683
13329,7.35255591030497
13330,6.890852581055768
13331,6.0422535270593
13332,2.0606791446239505
13333,5.190089808118151
13334,2.692952086246958
13335,9.93501802151294
13336,1.795151933937337
13337,7.022297091937421
13338,8.475582441582876
13339,8.635393893671083
13340,7.760095865179903
13341,9.109149293732296
13342,5.543933765256068
13343,6.180186383428715
13344,2.7146049624602577
13345,3.4339496828733984
13346,3.4961888241791232
13347,8.86748265407736
13348,3.946873697910733
13349,2.8333831832436167
13350,3.251188347242381
13351,2.624277831068853
13352,5.529433877632384
13353,8.112520865863768
13354,8.160523892190444
13355,2.958140124811769
13356,7.241198103147615
13357,3.9890147290602176
13358,8.125719783891398
13359,5.4408819943721705
13360,8.21520992980606
13361,6.731249462509125
13362,4.156724016202508
13363,6.886660565264095
13364,5.118938099885622
13365,8.430327968848967
13366,8.356185860357627
13367,4.986748540468112
13368,5.45203611784564
13369,6.7007501407748205
13370,4.261719829273714
13371,3.2464042717445656
13372,3.939747484467404
13373,8.063865803941871
13374,6.719443411897792
13375,4.178919789243579
13376,4.908487245480877
13377,6.5572127324615295
13378,8.749068052335737
13379,5.334727376075768
13380,2.4419384156073654
13381,8.817338350225743
13382,3.83037016124721
13383,7.38594785887359
13384,3.629038238481594
13385,7.711351401335413
13386,3.0352766456349722
13387,2.6244335108360954
13388,6.278429990052853
13389,6.336861123092309
13390,8.69076586704053
13391,6.59941663704745
13392,8.268900350411664
13393,5.127283361280717
13394,4.639670705964201
13395,9.045984878119615
13396,8.871626083184992
13397,8.143073831546047
13398,4.7484001557286595
13399,6.997021458911839
13400,7.790048613991798
13401,6.183747770070335
13402,3.9752895102646337
13403,8.536433059257263
13404,5.880109748670533
13405,10.0
13406,4.076875759856399
13407,2.982970556963505
13408,3.625404572819622
13409,7.526167174972384
13410,9.214305110009544
13411,5.321880767104832
13412,6.156373360018311
13413,8.646338191497328
13414,5.417206080973996
13415,7.144384038484713
13416,8.471388569362217
13417,6.025608012699556
13418,6.51613530496714
13419,7.046156767714018
13420,7.0058842552313365
13421,4.913295745706346
13422,4.779609134954735
13423,6.5244506048186945
13424,8.566779894906968
13425,6.633938016219261
13426,5.711583903092039
13427,6.553589728727108
13428,5.3012758213814415
13429,4.09597990272948
13430,3.8334942983669826
13431,7.844094558706899
13432,7.473754585012539
13433,5.166426751048876
13434,5.799954244161787
13435,6.288323202645545
13436,8.690480399730301
13437,1.7872029763470376
13438,2.988421791861764
13439,10.0
13440,8.14282642348514
13441,4.3613276493507485
13442,6.751446849428169
13443,5.694296476774983
13444,5.9875187791412685
13445,6.686694367384882
13446,9.141751835647806
13447,2.2118042368766364
13448,2.683064755300906
13449,5.5891315797540635
13450,7.58551033538719
13451,5.6936833529870094
13452,7.676203432851222
13453,4.992213240115411
13454,8.348646399856488
13455,5.004334419517445
13456,2.6125999656814702
13457,8.106884330980458
13458,8.177171484505235
13459,7.121972000078822
13460,6.3141877449778505
13461,4.339851684170087
13462,4.61177907548671
13463,3.0125322055186263
13464,4.153385867357451
13465,1.3062837924179735
13466,8.029075140769477
13467,4.1844012019219115
13468,7.223263768559827
13469,5.072353045964429
13470,6.2174042120073825
13471,5.2492330300727135
13472,3.669284499215131
13473,7.4484531094624895
13474,4.765267655582955
13475,7.439096381751064
13476,6.694056801155922
13477,3.8890615021898047
13478,3.2635079014256507
13479,5.1759971965992895
13480,6.528355598898267
13481,4.719815134434206
13482,7.412161466648001
13483,7.595047436115589
13484,6.047995832884432
13485,7.119409934676182
13486,5.698663711610471
13487,5.001524587650565
13488,3.2350432835406644
13489,2.512518755221314
13490,4.239163731904247
13491,6.059373332671696
13492,6.384039282989417
13493,7.653395950516739
13494,3.9814416951635416
13495,4.645013100060467
13496,4.886476261456357
13497,5.996385740861746
13498,6.337513239597405
13499,7.6192823310320925
13500,4.650685737705785
13501,6.780348054188688
13502,4.842561931275171
13503,7.061682602292144
13504,8.386608618291191
13505,4.536418864164447
13506,9.056441818597493
13507,3.4873654779336607
13508,3.383664327464741
13509,8.317932768452101
13510,8.001606840181555
13511,3.927355374089616
13512,6.964320180941597
13513,2.52031746581068
13514,8.340423787228758
13515,7.72407838813953
13516,4.3343047359806235
13517,5.814102840138639
13518,8.82949365536334
13519,8.466070560678254
13520,5.909450572072339
13521,5.552531704922725
13522,4.378128878239873
13523,3.902283554607264
13524,6.2467582732170985
13525,5.930376975905553
13526,3.2478404898898487
13527,4.155911432382947
13528,9.248598252670504
13529,7.261981142013449
13530,2.416922432476278
13531,6.495899853168433
13532,6.9224542317404625
13533,2.703368460884308
13534,6.1947705983614
13535,2.9100698298109604
13536,4.813761776164568
13537,4.821878489646115
13538,6.342496060175253
13539,3.931164069844887
13540,4.615091497350365
13541,8.68326284605123
13542,3.3326021373222314
13543,5.277265643150776
13544,5.314696229043964
13545,7.646982695989157
13546,7.629642349427981
13547,8.321212321166323
13548,4.170532217149256
13549,2.7285164802944553
13550,4.904591089752079
13551,7.548364470544557
13552,6.677498433882581
13553,6.794688652042493
13554,4.438373115639745
13555,6.856350165549222
13556,6.336295757030279
13557,9.832828707442939
13558,6.927490801121242
13559,9.07683495385124
13560,5.718508646640382
13561,4.301954806331672
13562,5.158597099466941
13563,6.851507472924571
13564,6.641334387647077
13565,6.294336409907507
13566,4.475792816471082
13567,5.518668091384828
13568,5.454440239483854
13569,2.569180858059971
13570,5.02297078015682
13571,6.469376215607761
13572,7.213187847395414
13573,7.434377480012512
13574,9.18224825042928
13575,7.801012304400421
13576,5.951811756457558
13577,8.913609201319053
13578,2.4028235886468057
13579,4.3590662463208565
13580,3.7157302536844163
13581,5.9551609490972295
13582,4.615363921529403
13583,7.676600376744769
13584,7.080266596198021
13585,8.456725243102394
13586,3.1781098121223468
13587,8.139437397798227
13588,1.377215655522579
13589,8.500940561541086
13590,5.451901821999494
13591,6.040423519194228
13592,8.841810047736093
13593,6.127981083576189
13594,5.712582988813165
13595,5.402213510080715
13596,8.603659990958686
13597,5.160423021412814
13598,6.542336913819462
13599,1.6220137024316577
13600,8.68033460603371
13601,4.717908735742833
13602,9.247151740934392
13603,3.4821920002139
13604,7.699251184248597
13605,8.220788911788283
13606,5.849504514949871
13607,4.532280336021032
13608,1.343887247230466
13609,3.4517831600509536
13610,6.207100400356078
13611,5.482710596669107
13612,9.580201400596994
13613,2.058905087915335
13614,4.936393371853467
13615,4.560769704902941
13616,4.2463955556454795
13617,7.128530786437758
13618,7.987005091454203
13619,5.885961542803778
13620,3.394243366223284
13621,1.7278320472534654
13622,6.101250761918913
13623,6.327299277941217
13624,10.0
13625,5.292368423898004
13626,6.423019769350779
13627,9.481801926931057
13628,5.075336103995957
13629,3.61667511864567
13630,3.95477092051594
13631,8.377802841320616
13632,5.192930751827747
13633,4.68361535430301
13634,6.888725559490434
13635,3.961911698217423
13636,6.291476568987609
13637,7.3393814357531815
13638,4.657016763157023
13639,5.078963468837431
13640,5.697101854265588
13641,7.618328305393901
13642,7.31623463638067
13643,7.105543017170275
13644,3.430244810443613
13645,4.062928805014378
13646,9.309732351547684
13647,3.930504120488993
13648,8.993884520395357
13649,4.916331321311723
13650,5.316571450908951
13651,7.5321050608690125
13652,6.6670186901899715
13653,6.661823501559921
13654,5.644362262506927
13655,6.488188112089831
13656,4.472217315452091
13657,4.178616010959743
13658,2.918652063734232
13659,4.836258894673221
13660,7.757255998395559
13661,7.604104712074067
13662,4.7545350857332425
13663,4.973074471969754
13664,7.200727054147649
13665,7.2000121119723515
13666,6.799968443134492
13667,6.882487267739111
13668,7.050667577591016
13669,2.7300678319820646
13670,8.244941183049242
13671,6.538608727907765
13672,8.52807258457005
13673,7.035919368659195
13674,5.2974030321341115
13675,6.1068101753245205
13676,7.394911042400614
13677,8.807695623394915
13678,6.591119776279051
13679,3.508732476558525
13680,5.144639352850817
13681,5.453611598469124
13682,5.138149343229298
13683,7.647916062665396
13684,5.585805260752349
13685,6.67069686493036
13686,5.772309150163495
13687,7.299619647583754
13688,6.846716954934027
13689,7.348793595098815
13690,7.421505622599917
13691,8.827427448223546
13692,4.388586393420375
13693,7.178867794502898
13694,4.946923356549297
13695,6.212113897170066
13696,7.766794666102319
13697,8.155276190018617
13698,5.286530436148317
13699,6.227534624819183
13700,5.228282558465632
13701,3.6691034908017284
13702,4.504249172087895
13703,5.888379896372338
13704,3.3104481097608427
13705,4.421423613619712
13706,8.341779420153522
13707,5.781075519736946
13708,7.685117669045178
13709,8.514067789298103
13710,5.370950228861476
13711,6.578500565437704
13712,4.988414728949274
13713,6.452595411754442
13714,5.002249970656845
13715,6.573863904827424
13716,6.0721924779454195
13717,2.2677331326747225
13718,4.261422832464448
13719,7.010022723005533
13720,7.968792733249412
13721,9.076205080650439
13722,4.989115757485992
13723,3.376230827123978
13724,6.88305088345373
13725,6.354593322584277
13726,1.789297636999474
13727,6.560644582601279
13728,4.27200024103989
13729,6.887797266292482
13730,8.144609522474198
13731,6.78644898195286
13732,4.206919719706708
13733,8.713246597731128
13734,2.46007776778027
13735,5.135768082252881
13736,8.259858578527588
13737,3.3860041459482297
13738,5.337212184447643
13739,4.752861278030812
13740,9.558618446383992
13741,5.401248431564581
13742,6.8567567609029805
13743,7.793602581854234
13744,5.80670371979154
13745,8.323547012668886
13746,7.03442003397541
13747,9.11860624691435
13748,5.7730743804990805
13749,5.250395884259375
13750,6.21574220904178
13751,7.696061607034679
13752,5.441731189308095
13753,8.642111279268246
13754,5.320988259056104
13755,5.8258524464925
13756,5.269099627791794
13757,6.979925388816885
13758,5.254150333688137
13759,7.154596592833102
13760,8.513527102961932
13761,9.29729228987379
13762,4.772980496002617
13763,6.746896513766543
13764,5.919714909796174
13765,4.100238338270582
13766,7.78751833068992
13767,4.116433692605069
13768,5.279839893742787
13769,4.269144650685443
13770,6.419787400361051
13771,1.2477039820644915
13772,7.168135779391439
13773,8.255126547410132
13774,9.294740386570151
13775,4.641656799654738
13776,3.3264636934422787
13777,6.888410127477568
13778,7.687883384813503
13779,7.521965244180164
13780,7.4345765887596675
13781,5.880684679991043
13782,7.603739355130145
13783,6.532023894859533
13784,9.265079343389015
13785,3.564502785008692
13786,7.205083412618675
13787,6.828706216630802
13788,5.88912753872692
13789,6.183934510547713
13790,4.99123324230874
13791,4.7999308628826665
13792,6.994429628273348
13793,5.495839723692954
13794,4.961876734224624
13795,4.93215297917018
13796,5.222188848130003
13797,4.60372597605649
13798,6.23094096002227
13799,7.305159852412851
13800,4.791048157886927
13801,3.6488657818577273
13802,5.70002417901789
13803,2.334806150840289
13804,4.259210491887931
13805,2.9927162504904965
13806,8.204971671100754
13807,4.071975362845533
13808,5.5419795189160315
13809,4.2877652926070935
13810,6.813281675521296
13811,5.645396266293967
13812,7.150752308723675
13813,8.059891677455393
13814,8.356245924033779
13815,4.3283221044024405
13816,8.309535690868389
13817,3.6957727934837896
13818,6.440024677514884
13819,4.866110842282177
13820,8.386682434359066
13821,9.014958503552055
13822,7.015578845960844
13823,6.643993775223377
13824,6.275162553987545
13825,6.6698712810354275
13826,5.280010853997677
13827,4.878182047893464
13828,5.979690060192523
13829,7.751267978038574
13830,3.656882833540724
13831,7.563185299026067
13832,7.778831000710321
13833,8.225886984982612
13834,6.275741684368384
13835,2.519297797835545
13836,4.715802147972627
13837,5.622901264875139
13838,8.509087646875958
13839,5.859660090117842
13840,5.439843765251053
13841,7.897356194709442
13842,8.242309730832556
13843,8.49977282052913
13844,8.948948668196287
13845,9.65791990076857
13846,2.1536884477532876
13847,6.6840782418321725
13848,6.5762183734474196
13849,4.880795995697991
13850,4.583237806153898
13851,2.2375861008571274
13852,4.920285552728601
13853,9.7245608478581
13854,5.2088185960612385
13855,7.177375699045919
13856,3.545364958263975
13857,7.3517861224587975
13858,5.563806826487972
13859,7.669018167167671
13860,8.999322881778632
13861,5.58888554237869
13862,4.799870052084901
13863,8.971805898328766
13864,7.027458693683034
13865,5.732160667777236
13866,6.745904974699573
13867,4.125106965596318
13868,5.165499256666064
13869,8.07311431200615
13870,8.602740369518214
13871,9.020341947360622
13872,5.915342399580056
13873,9.45695398262151
13874,7.469265217769037
13875,9.132520760094641
13876,6.961271739896755
13877,6.2881666196546115
13878,6.218770154708197
13879,5.641714705301976
13880,7.940603160393293
13881,5.945231429561653
13882,5.52762035618466
13883,7.867895088126159
13884,5.957083037047865
13885,3.4546004793382976
13886,6.154003425133629
13887,7.3848985091301875
13888,8.265847416814589
13889,8.179576995435546
13890,3.119898103589584
13891,7.269438605103986
13892,6.058324886097189
13893,9.309837981240696
13894,7.132748017232164
13895,6.531870068637784
13896,5.833406095084268
13897,6.83275750838156
13898,5.063541791714352
13899,7.49267370018369
13900,7.1751931616216185
13901,6.587709883394984
13902,2.372558326641716
13903,7.114231117122998
13904,3.1280902893886138
13905,5.685197040773682
13906,5.879470728514295
13907,5.510867050218401
13908,7.291235356855506
13909,7.742730078706467
13910,6.569659852846301
13911,8.071604595860972
13912,2.7034842625899023
13913,7.256368363265163
13914,0.8176542244954783
13915,5.83665029712334
13916,7.403647200869861
13917,8.096294076412374
13918,8.016207542318876
13919,7.3987076485690935
13920,6.551995022897868
13921,2.566652555288828
13922,5.053665609697015
13923,8.468989656716747
13924,7.195885761092665
13925,5.492724281529349
13926,7.660645713159752
13927,8.327892366053085
13928,6.879505747131578
13929,6.469145502250242
13930,6.344757942615107
13931,6.978490056936113
13932,6.860239405608088
13933,6.310708678757941
13934,7.361118951150028
13935,3.079597031981892
13936,7.358649409929911
13937,4.215619862723555
13938,2.576232995218851
13939,7.156913623435604
13940,6.739890894165207
13941,4.498176325159079
13942,3.804400154739007
13943,5.367420995796336
13944,6.675143931192988
13945,6.526320368559146
13946,6.446364013645059
13947,4.512640966295461
13948,8.335363932314687
13949,1.7991817989090393
13950,7.61700975391898
13951,6.961138976791079
13952,4.550768637650419
13953,4.98586770278389
13954,8.03493044531568
13955,4.203547848286112
13956,1.9836047432752428
13957,1.7990259205003651
13958,8.173809733441086
13959,6.121747369391612
13960,5.339062139968622
13961,7.165904031044198
13962,5.76975045526103
13963,8.268256845382545
13964,5.289428593294878
13965,4.688869822875586
13966,5.295063524268063
13967,4.536580432905899
13968,6.085315791414897
13969,5.571605430343711
13970,9.248746828313875
13971,6.093854152831258
13972,8.914593596961158
13973,5.762453512116002
13974,1.6343376512742145
13975,6.545406913698741
13976,7.516738575249725
13977,6.389116680477379
13978,7.32973630371411
13979,6.657943318217596
13980,8.545254510478948
13981,6.733075355152337
13982,4.927915448099807
13983,4.86021670414765
13984,3.1840327011469745
13985,7.53159517484283
13986,7.773298226954697
13987,7.47567360539825
13988,5.824345927218759
13989,6.602914712946927
13990,2.0147913672222333
13991,5.317324204973168
13992,6.9670979838266405
13993,6.7586124491636825
13994,3.1946395875288527
13995,8.176530075149067
13996,5.945114676495096
13997,6.778661989519219
13998,7.2187984213572465
13999,4.394643166115589
14000,7.616569411924406
14001,9.023187000109056
14002,5.267641248849529
14003,8.897791629145697
14004,7.641949884498958
14005,6.898765046189515
14006,2.8659050730947526
14007,7.88923024772293
14008,6.742160477754808
14009,3.4166626010300103
14010,8.462849419093297
14011,3.340852327582116
14012,3.3129389273206007
14013,6.716390635671374
14014,4.146147949005995
14015,3.14303148663244
14016,5.44416337932053
14017,6.196452509879769
14018,5.8935472118741545
14019,8.68059988904759
14020,8.996221807012043
14021,8.360123894905527
14022,7.064614982470687
14023,7.12764066785013
14024,4.836195208627336
14025,1.3181682348694208
14026,5.992050807411588
14027,8.509348561742133
14028,6.0174073951602525
14029,5.9361159065216045
14030,4.74174418074565
14031,2.0627030962814707
14032,4.640458910295607
14033,5.42416324792125
14034,8.144029586111625
14035,4.179772280014454
14036,8.472264283821712
14037,7.798556145933695
14038,5.7675534871089225
14039,7.6274967992990295
14040,8.360084483605645
14041,5.127196100850313
14042,5.299962949888588
14043,6.141266282415411
14044,2.853726227091327
14045,4.022552179975201
14046,5.135338534908401
14047,4.372279785437792
14048,8.36918624786867
14049,6.532344636664159
14050,4.901145158505037
14051,7.547616755855316
14052,6.063042226533133
14053,3.308884275922412
14054,9.16928924944829
14055,7.289499266794872
14056,6.918029065679309
14057,5.18818637639203
14058,4.944197141812397
14059,4.394164477200673
14060,1.2170467337739739
14061,4.100665337359327
14062,4.733427579075784
14063,4.366309472914381
14064,2.3909907588071784
14065,1.2548757521692053
14066,9.212177010485703
14067,2.0371066390070958
14068,4.524683150133151
14069,6.291272053636372
14070,6.847568039424958
14071,4.783326747416531
14072,4.960444215377266
14073,8.343196559291608
14074,5.524306190669626
14075,4.910814109382495
14076,7.024570356761836
14077,3.6797303809501694
14078,7.258641024082348
14079,6.282195183006702
14080,3.9913934518931278
14081,7.590053760165208
14082,5.982369173815028
14083,5.127765818356497
14084,2.6105236602979716
14085,5.764983068460292
14086,5.660866133144523
14087,8.35592370504542
14088,6.254388215338174
14089,6.277023706068789
14090,2.067195234200977
14091,7.103593445555936
14092,5.719203565811778
14093,2.740102532048142
14094,4.237580540615145
14095,7.258254799426513
14096,7.652029486737595
14097,6.092614019180064
14098,7.258130831458217
14099,7.616615656096505
14100,7.415479892171508
14101,4.636946391886117
14102,4.404925969885564
14103,7.639039319836499
14104,6.426123126880913
14105,5.237275144851602
14106,5.634919796359029
14107,5.772854164322351
14108,5.176281004177788
14109,7.422159036817245
14110,4.43901644873022
14111,2.2652059388103147
14112,5.728824774242732
14113,4.958505938868433
14114,9.956104698833347
14115,6.296607123055575
14116,6.38402660119367
14117,8.367082678248181
14118,6.905061875350555
14119,6.302589034357768
14120,6.31042032832671
14121,3.61237319590231
14122,3.8748565438159646
14123,4.783012460596649
14124,5.315977670363776
14125,7.921783749501317
14126,7.11588009103976
14127,8.241484715730557
14128,5.00021844360768
14129,3.4107765014561267
14130,3.8969752960688915
14131,5.822922152741533
14132,7.536648751064204
14133,9.936257749237463
14134,6.582549876132908
14135,6.283913233268284
14136,6.577957286440036
14137,6.450860273449739
14138,4.22823379740111
14139,7.690278094930054
14140,8.814786545988753
14141,7.380808339939172
14142,6.475647054300814
14143,6.162235334085768
14144,6.294622433379667
14145,7.9458276473514555
14146,4.331998769670372
14147,4.853759324368971
14148,7.759893020965874
14149,9.576669649665954
14150,3.1637974673515243
14151,5.424050796669116
14152,2.9781232410684795
14153,9.692427909144136
14154,6.442273569364797
14155,7.332117326883463
14156,7.79225775408471
14157,5.974323247907795
14158,7.213727902255158
14159,5.477571140403798
14160,3.763777630488929
14161,7.0008000841987625
14162,4.359534859786948
14163,5.170241626168201
14164,7.772790262750673
14165,6.1241845926955625
14166,6.918991966338444
14167,8.836407684140704
14168,7.039366025313353
14169,9.256184453384606
14170,6.290947360885745
14171,2.175424533355234
14172,4.293697195869902
14173,6.532963566743378
14174,6.541377854777523
14175,5.137141925494164
14176,7.7021395810288125
14177,8.446856108308038
14178,8.08285378142199
14179,7.139889127736952
14180,4.761468677317902
14181,8.811238598452036
14182,5.434036496804045
14183,7.573096718971775
14184,8.487246130462893
14185,5.662498080543974
14186,6.481741575680456
14187,6.288721050072643
14188,7.012894652549277
14189,7.103970329818533
14190,6.184732388234975
14191,8.267530278833933
14192,7.345237764214405
14193,7.286938772043728
14194,7.000987709139974
14195,4.8780933472923245
14196,6.823345924003856
14197,5.915470906228192
14198,5.433204334479743
14199,5.384371145407645
14200,7.6336221283398755
14201,4.034217942011856
14202,4.318771327726807
14203,5.9487726648224655
14204,2.8371842396976827
14205,8.462644404640054
14206,4.825439757041743
14207,4.273400864464594
14208,6.220258919916331
14209,8.890689669560928
14210,9.169652087236546
14211,6.344661961817437
14212,6.851686090239332
14213,8.361464065379835
14214,7.649464485350839
14215,2.372129594554599
14216,6.745627341615645
14217,8.985222966459961
14218,9.206360628789236
14219,5.3578206968105375
14220,8.480626968876823
14221,2.7582514049066287
14222,4.781879449133589
14223,5.250144959727741
14224,5.962551346051167
14225,7.418426605011483
14226,2.2479868985316314
14227,6.173815900075261
14228,6.643583209946552
14229,6.069085074962547
14230,3.8224698306371123
14231,5.170826031685154
14232,7.291545872204522
14233,5.1323766639279995
14234,5.839090541481713
14235,3.805512845301857
14236,3.640367216142197
14237,3.977421426547766
14238,7.188228310520969
14239,9.03909163066014
14240,4.566877533738832
14241,8.346128297521497
14242,5.183074316418781
14243,3.69904369310799
14244,5.345901978645052
14245,5.632775814235194
14246,7.391415060825455
14247,5.034857786797122
14248,6.558457656272839
14249,5.2769293388092455
14250,9.069594207964169
14251,3.2715383268869447
14252,3.5080583604066513
14253,9.930518506510536
14254,6.896974239686246
14255,8.161308721832658
14256,5.415775755324512
14257,4.481757328288088
14258,7.830533143799027
14259,6.132703611504125
14260,1.7312653130544868
14261,7.559748847298832
14262,5.302087147745984
14263,2.0359346411383243
14264,9.596513752289614
14265,5.567727106747381
14266,5.6223489492361916
14267,5.3908895371946555
14268,4.48262916339129
14269,7.333026923884745
14270,2.6604292413750317
14271,1.722560867470471
14272,7.470557205146809
14273,7.193154674733692
14274,6.629557364710761
14275,1.9530050716243892
14276,7.716284875008414
14277,8.264952620395121
14278,7.805759216957477
14279,7.237302420997747
14280,6.195441142168936
14281,4.863982930548292
14282,1.9591782209702258
14283,4.731465316567753
14284,6.6857806466013425
14285,3.8008492507967904
14286,4.673564171934414
14287,8.968311449247976
14288,5.10404416689154
14289,7.839899850123745
14290,6.802538344469112
14291,5.860531373112146
14292,5.886139347514293
14293,7.711220036502162
14294,6.427971177999506
14295,6.482880248066488
14296,5.968217092101681
14297,5.17544181092977
14298,4.6173809703106405
14299,6.278144880396896
14300,8.315038957977961
14301,5.136589164695888
14302,6.384044345931411
14303,6.7807833140113125
14304,2.1102667062722853
14305,7.0556059329169285
14306,3.177039631455378
14307,8.267467025421283
14308,3.375967729021714
14309,6.191653763159216
14310,3.7027948760097704
14311,7.852602601419691
14312,4.334235375102237
14313,7.556298493618595
14314,3.3394089183971714
14315,4.40736273720886
14316,2.8315702335554036
14317,7.637085079910614
14318,6.520621225234102
14319,5.8503109307794094
14320,6.399182436551636
14321,6.919774635413011
14322,6.075252234025213
14323,4.498668847061559
14324,3.795459625485675
14325,5.461347823038506
14326,9.476074196772378
14327,5.1229123264781204
14328,5.503151142021118
14329,4.453141255067456
14330,6.8653409693828005
14331,7.888154227979294
14332,8.526198823596815
14333,9.155460066489997
14334,9.639479222521205
14335,6.310181871915295
14336,5.598899281601507
14337,4.307517010242053
14338,6.682908879210151
14339,7.791027322647152
14340,8.858450608290722
14341,7.287134373007005
14342,9.263363025362267
14343,7.243808659366287
14344,6.115185379963453
14345,9.603389579991847
14346,5.630290348402626
14347,5.325484107634203
14348,6.588627588292205
14349,4.155910521969448
14350,7.049546086419131
14351,4.353247116612619
14352,8.269873788830596
14353,4.639441410984315
14354,8.464934248009175
14355,6.525292780775405
14356,7.53664772593583
14357,8.310603353406409
14358,2.7699248411261364
14359,7.0189998724787355
14360,7.702330855672505
14361,8.372270252949768
14362,6.36332381312785
14363,4.804012926194287
14364,8.557776686563187
14365,2.8722748584520468
14366,5.727664194500612
14367,6.664177764323943
14368,5.125988587435176
14369,5.006917827650596
14370,7.522092076396829
14371,4.227242699185501
14372,7.465659113011036
14373,7.546755497861632
14374,6.732402631143067
14375,5.792846037167982
14376,2.198182052714317
14377,6.044728789785116
14378,7.189943354814975
14379,3.8601584654196275
14380,6.776593284096198
14381,8.729020375578408
14382,9.237333973884468
14383,7.436047563349063
14384,7.1546396145237106
14385,9.497637758289049
14386,8.796570703252225
14387,7.137569494095934
14388,6.879439102843856
14389,3.6190165943124444
14390,6.181005257640708
14391,7.421693816967295
14392,7.375270719209258
14393,2.4824453302700253
14394,7.909536204856863
14395,8.653104114330816
14396,5.37621832887754
14397,6.8950060085754625
14398,5.134759055820554
14399,5.505778454273341
14400,1.042289896035114
14401,5.493111367886935
14402,6.035676842271599
14403,7.947086080016274
14404,5.676703392629707
14405,9.136982273122445
14406,6.469509456465837
14407,8.119773431996894
14408,7.6890262366786635
14409,6.4026471603010116
14410,8.051657825495752
14411,7.690229755482573
14412,6.379154136663455
14413,2.9814256862371726
14414,7.455643108721598
14415,6.912568696021161
14416,5.82560597784052
14417,5.833616337513441
14418,3.412122862636312
14419,6.208125124151144
14420,5.053647680342923
14421,8.163288565550088
14422,0.9287550140831087
14423,4.591890541170978
14424,3.143996835266578
14425,7.1321896006604995
14426,8.284058416463239
14427,5.49526265233296
14428,6.619442792247913
14429,5.650876575142727
14430,7.468620026797106
14431,3.514175368238154
14432,3.1284680188187615
14433,7.044365632718609
14434,5.335862648908674
14435,8.716363504506116
14436,7.99559127964269
14437,7.371955601468837
14438,6.846256029668541
14439,4.975587933147769
14440,5.960005137271494
14441,3.7432279135236284
14442,2.83681692529972
14443,7.804304265544007
14444,5.658293681416079
14445,3.5365652965681287
14446,1.4377742307675065
14447,7.981670722241555
14448,8.189958387195912
14449,3.2954369429050083
14450,2.7419837672369445
14451,6.418327412046006
14452,3.071999356862861
14453,5.150940340238021
14454,8.316753144136527
14455,3.898663952375694
14456,7.5828425883967405
14457,6.885681857117441
14458,7.071035983046361
14459,3.705139673341443
14460,3.9281171261506294
14461,8.862286449308906
14462,4.140720073277619
14463,9.714887260827103
14464,5.23056438729536
14465,6.9597886339058705
14466,2.2409164301234643
14467,3.748922021018891
14468,5.475773736971668
14469,6.731791362067786
14470,8.791568395417563
14471,4.943251459284635
14472,8.790045251142482
14473,4.598186005909592
14474,5.1675737565081175
14475,9.024294128310672
14476,3.9999940976146533
14477,4.45462966750536
14478,6.033688503345393
14479,8.083437421656786
14480,4.80663288119757
14481,4.676854686568281
14482,0.7511497897460515
14483,3.694431824970205
14484,5.008612233314162
14485,9.0525796471191
14486,4.974768954293218
14487,9.24902466720674
14488,7.444171228623778
14489,3.933131747258578
14490,3.1428743823998353
14491,5.579517440680425
14492,5.867608289830338
14493,6.360393606680349
14494,3.32926838970499
14495,1.8542857859063178
14496,1.9925588770608664
14497,3.925346806581095
14498,3.741172449067415
14499,9.459202201557787
14500,8.103238624436104
14501,6.3481127599158595
14502,6.162554518564856
14503,1.666226770696162
14504,4.739115851775734
14505,7.334983470466427
14506,5.094853224575794
14507,7.47510134553203
14508,6.648599101030402
14509,7.8191942129451775
14510,4.5978093906872015
14511,4.773768921894295
14512,6.002133040854005
14513,9.41984917591203
14514,5.947579424862277
14515,4.345698195619219
14516,6.867535752012914
14517,4.246621552486052
14518,3.320982472487934
14519,6.083318121063217
14520,6.34863615324766
14521,8.187035512446732
14522,7.321626053178733
14523,2.517280055259331
14524,2.264323679286775
14525,3.215408942182164
14526,4.327217953326415
14527,6.838121310653629
14528,3.473581128286101
14529,5.5503424457770425
14530,6.920721786958159
14531,9.250343316989147
14532,6.394734355386799
14533,8.337447992112038
14534,8.800301510879935
14535,3.3737675648223697
14536,5.15139868478389
14537,8.298696831277512
14538,8.221008640981102
14539,7.079781114693746
14540,3.859703855408677
14541,8.187774464666347
14542,7.579960572933777
14543,7.440124460451282
14544,8.231560663479097
14545,6.456065396911469
14546,3.838616147558018
14547,4.389665916840758
14548,4.892545035189817
14549,7.403725615238878
14550,5.287617444022268
14551,6.0945295760369715
14552,2.198429352848658
14553,7.332631412889011
14554,8.135848580182502
14555,7.366741929512084
14556,6.972265342728605
14557,3.5895077454881155
14558,6.034920705326606
14559,5.913493080484937
14560,8.282094634111148
14561,6.714394862582394
14562,1.9247455883684772
14563,8.764329719578528
14564,6.189743588745829
14565,5.520411154770192
14566,6.707689151287788
14567,3.329989295066879
14568,3.2484480227776067
14569,6.166762759083821
14570,7.522322274920294
14571,4.14036522924494
14572,6.013591556495178
14573,8.210726021199529
14574,8.95508303801848
14575,5.525421474669373
14576,1.9015661872176102
14577,4.383958054074699
14578,6.0955891838359815
14579,4.377758377352155
14580,7.415150106957769
14581,0.8788346340840585
14582,3.3612805176675815
14583,4.841097272804273
14584,4.74306459453596
14585,6.779515089171535
14586,5.164305225786649
14587,7.352942538876021
14588,4.019310416133996
14589,5.793109054671994
14590,8.789687401319364
14591,4.408320695691177
14592,5.210290255190029
14593,3.8562524569809797
14594,8.704269499220427
14595,2.214250191951892
14596,2.5346578116262823
14597,8.101021059099217
14598,3.3106758400948344
14599,8.779628361981548
14600,4.503673444016722
14601,5.797032024121676
14602,7.047625583740501
14603,6.788824302227342
14604,6.072202019073509
14605,6.3549702987001355
14606,8.709345950810363
14607,8.347873618396958
14608,5.701144152992971
14609,7.667948884960969
14610,4.474849242646387
14611,8.239334725049838
14612,7.622098668605194
14613,6.453191271784066
14614,4.380988687538066
14615,7.522586333905599
14616,4.052619180225587
14617,6.3269639316175645
14618,6.5937848632097715
14619,4.485099116805774
14620,4.56318947726872
14621,4.835224371086503
14622,7.534311068362195
14623,9.469521104027724
14624,6.148961082885701
14625,8.42322254130716
14626,1.9966253428729406
14627,7.629133879041366
14628,7.5668557689687415
14629,6.405771568434474
14630,5.65301786158886
14631,7.948489654507216
14632,3.4855546959581405
14633,4.592041963384444
14634,4.780002027819981
14635,5.564716848465848
14636,5.817123730930392
14637,3.1580140109579036
14638,6.018744307166069
14639,6.685276330492327
14640,5.039661117513963
14641,5.653731255359069
14642,4.700046824180188
14643,5.446734788051526
14644,7.705623443739599
14645,1.1625053749424543
14646,5.651565914921987
14647,3.748540454288395
14648,7.74267388780517
14649,1.713239857942205
14650,7.617155766804257
14651,6.1198035766211785
14652,5.9439518743684845
14653,2.5409747887175396
14654,4.293015489244039
14655,4.604456857901474
14656,6.3241856828488645
14657,6.164268219202253
14658,5.495852429131684
14659,8.330071532628565
14660,9.374902768706052
14661,4.461508391081863
14662,3.381505399561238
14663,6.620975737448743
14664,8.89528455476353
14665,7.6436768220227425
14666,7.917699001869986
14667,2.6357420088902526
14668,8.484234199066837
14669,7.9424011971671575
14670,4.714080851387954
14671,8.450180731335251
14672,8.944571458845061
14673,6.87277365583568
14674,5.941944212862311
14675,6.909865237505699
14676,4.266502029923268
14677,7.346156518328724
14678,1.3133327237855887
14679,6.938538653395123
14680,6.643851088531592
14681,6.092614049428294
14682,4.858250454896244
14683,5.236115027183835
14684,3.7025408850849706
14685,6.2710988765327995
14686,5.368607852789837
14687,8.29968644470135
14688,9.719901904887122
14689,4.7824898747088564
14690,4.551045051531999
14691,4.244690866618877
14692,6.151329858081556
14693,5.20376513782005
14694,4.681858958715165
14695,8.36762305778435
14696,4.035356558069806
14697,3.0013619040203574
14698,8.680438165455616
14699,4.067198611989564
14700,5.088829182519681
14701,5.815516298568208
14702,7.049130165029358
14703,3.686180643559612
14704,4.64450287457849
14705,2.376164185529033
14706,3.1649317615855357
14707,2.3706352720200545
14708,5.958323118649846
14709,3.670628418796031
14710,4.471595739481044
14711,8.10724967635467
14712,5.143744116662107
14713,5.753859381797628
14714,6.3067087659148795
14715,4.854868299700806
14716,7.151953629106295
14717,4.512794495578598
14718,3.3247733367918046
14719,5.795942466037173
14720,7.08796428333122
14721,6.2253229354598405
14722,7.749222814514505
14723,4.4109404485342285
14724,9.240817957649213
14725,6.080680114339854
14726,7.88470202596111
14727,8.453572726684515
14728,6.818380623726669
14729,2.553445940475779
14730,4.790557403528128
14731,5.682804179618645
14732,3.3230343227937027
14733,5.136556172193621
14734,3.4596262782418035
14735,1.9592255535578587
14736,7.353810880262654
14737,7.887371935800725
14738,4.089394851332731
14739,6.340215291351826
14740,3.165726067392438
14741,6.720936847163055
14742,8.360644987200873
14743,0.6465862302038259
14744,6.023580597658482
14745,7.033867880577171
14746,5.270549271372725
14747,9.113080279666761
14748,7.047187257680994
14749,5.885032476180598
14750,8.643786201045614
14751,4.179506551288587
14752,8.61117262038363
14753,4.6905454454663955
14754,6.9067314910865765
14755,5.071442573727109
14756,4.768114831064459
14757,5.41532124865177
14758,8.091867364487664
14759,4.4843759221411865
14760,7.125271252085806
14761,7.029158555006703
14762,3.177759397500798
14763,7.9207073094259295
14764,7.410656548016833
14765,2.9218505034212576
14766,1.593266994966819
14767,5.182663839667358
14768,5.565294097638416
14769,3.5902476568632586
14770,7.567779729487809
14771,3.2990523709184902
14772,5.089464511773484
14773,5.880686000182307
14774,5.01164139263478
14775,6.012232192551607
14776,9.241349145936912
14777,5.954426308052401
14778,4.584660361326081
14779,7.561609255933826
14780,4.7807533458872635
14781,6.602483671284185
14782,7.467568396453444
14783,6.7994241216506754
14784,6.330951017875128
14785,7.7101127020898055
14786,8.012011304085195
14787,6.410755225539856
14788,4.033877570237484
14789,6.1247752509574465
14790,7.255416071904971
14791,7.347510645915923
14792,6.1406110112586285
14793,1.9148288745128803
14794,2.3119839578801393
14795,8.593209536602142
14796,8.134856932959778
14797,7.576973110638303
14798,5.334680051211412
14799,4.8269445331828
14800,8.38982779610398
14801,3.142021984247174
14802,2.0026176562032227
14803,8.616918519117087
14804,5.191396625933051
14805,8.413750832998677
14806,7.106152780368395
14807,3.9992038687997415
14808,8.48873385234224
14809,5.916328529650544
14810,6.829755853682122
14811,7.241078591123759
14812,7.886737350193641
14813,2.1412263961127627
14814,4.682742295022372
14815,6.487230646275424
14816,5.104533056896389
14817,2.486323598423196
14818,4.4132484567131325
14819,4.909387083810688
14820,7.746761828008761
14821,4.498685372969619
14822,8.015759182682524
14823,5.469114528692309
14824,4.9634060733620835
14825,5.02663113930455
14826,4.3918514983893315
14827,5.789404951379406
14828,5.125148729464295
14829,7.630323833371689
14830,4.616169848827306
14831,7.83554144386732
14832,5.63467790457141
14833,8.162836360987095
14834,4.059175814646986
14835,7.535754306737892
14836,5.93949089654624
14837,6.01034733284089
14838,5.11610617245112
14839,4.580220238122901
14840,4.466582925934835
14841,4.194746354011173
14842,7.922437118639955
14843,6.400962311248515
14844,2.3012056073664278
14845,7.057824791440192
14846,8.41474427989237
14847,5.854953687399203
14848,5.6310836440144545
14849,5.558405063348599
14850,6.1001586862272115
14851,8.84237477063205
14852,2.1724915747580766
14853,7.12768307721153
14854,8.11291295137954
14855,2.8487888055315977
14856,5.737146942736091
14857,4.169876571968821
14858,4.771813965660897
14859,3.6583558080331073
14860,2.2855779061295305
14861,6.680630951587267
14862,1.2076528191329592
14863,7.62715434192918
14864,6.425852479025874
14865,7.3084617850894205
14866,7.114511874926826
14867,4.253145588167045
14868,5.9788231952552735
14869,3.2327609123759538
14870,3.8403031962747614
14871,6.913852194496016
14872,5.2901916404586995
14873,6.780402586752245
14874,6.823942100498385
14875,2.530005907172307
14876,3.665946506195439
14877,5.988522242080152
14878,6.859759801118064
14879,8.839634389270987
14880,2.0871758902799433
14881,6.706806698336913
14882,5.171433082957729
14883,7.158419743170719
14884,4.30333845129371
14885,4.743664410439497
14886,6.394348623274989
14887,4.958324534236078
14888,7.491623038236704
14889,7.99702989287513
14890,2.7360957648024806
14891,7.339543513288769
14892,4.762257899152423
14893,5.265171930094623
14894,4.969638850441987
14895,8.002011024473319
14896,3.2883011361757237
14897,5.593354589287847
14898,4.556513772498097
14899,4.339351677725247
14900,4.124571006165135
14901,9.599648474634355
14902,7.037232885831318
14903,6.70980104183556
14904,6.86601991281383
14905,5.0033667049492525
14906,8.46174485767418
14907,4.711720052434895
14908,6.091798724112053
14909,6.596211758732705
14910,5.301668914372939
14911,7.20637478541533
14912,4.779508492561492
14913,8.624935407528255
14914,5.892618270714615
14915,7.608205141502171
14916,5.670680218789236
14917,6.84320629021198
14918,1.962085885800712
14919,4.828018119741047
14920,4.824318278343366
14921,1.4075396548890042
14922,6.145189025990719
14923,6.078201731111735
14924,6.329529368519933
14925,6.90341135950214
14926,3.1320170320359586
14927,4.268635091885981
14928,6.459093306370681
14929,7.522595522955205
14930,4.383681163720638
14931,7.48455677710465
14932,5.535181328838865
14933,9.536897682279164
14934,8.611583404999264
14935,4.708233691414456
14936,7.898508807051588
14937,5.687361495720839
14938,4.8686015450307245
14939,8.472491740980887
14940,8.191117837487292
14941,7.3307481132475125
14942,7.719662215143008
14943,8.4770312944694
14944,2.9604664485681313
14945,9.308779543908903
14946,8.245299480618879
14947,5.618591706897174
14948,5.437314337637246
14949,4.957349581696783
14950,9.446419412296416
14951,6.5226039261212865
14952,7.205034995615109
14953,6.091265150359346
14954,4.06145563723611
14955,4.23696974297266
14956,7.182055311340876
14957,7.589070556461047
14958,7.546807916847312
14959,5.8829991496951335
14960,3.323672318523153
14961,6.258481990033507
14962,5.080965699627172
14963,6.859908090861421
14964,6.364422201541894
14965,2.9796029965775004
14966,5.64776104126542
14967,6.140333412767136
14968,3.7054483223464767
14969,8.592959724637613
14970,5.7571502672773045
14971,9.521843055234434
14972,7.4498198692492235
14973,4.667272783148684
14974,5.9426831140406
14975,9.470248138534123
14976,5.390073964654403
14977,6.1427168041976845
14978,5.772209490462033
14979,7.934644850437676
14980,3.8502907752687268
14981,3.993764902420981
14982,6.648572875288033
14983,6.973599296403114
14984,7.027752987777708
14985,5.422034874840397
14986,4.785770260861559
14987,6.733572712188206
14988,2.231539208438207
14989,9.25827272271351
14990,4.167353964960893
14991,8.485714943732416
14992,4.4070002933097445
14993,5.246743147848099
14994,3.818176438827651
14995,7.754136348150819
14996,9.170108350743329
14997,6.419822425703557
14998,7.347176993323505
14999,6.168659841126543
15000,5.116892707205938
15001,4.5859493350443366
15002,6.856787524163803
15003,4.707174436640278
15004,8.933739205440968
15005,7.884278110256028
15006,7.493682334744317
15007,3.251051510134619
15008,5.917387906596168
15009,5.108072821438836
15010,0.2094957157455406
15011,7.072055856416601
15012,5.936384124257438
15013,5.152868761815127
15014,8.604867002482546
15015,8.198471014731393
15016,6.448391556525988
15017,2.4155590775476536
15018,6.822017621602716
15019,3.4669301086998603
15020,3.5167313202829917
15021,8.721896228338998
15022,7.29869614231588
15023,4.364654693972907
15024,7.672949899013127
15025,6.79335994148061
15026,5.983733723612206
15027,7.679237142800254
15028,8.004030848446943
15029,5.385189818116132
15030,8.85424721738601
15031,7.063536198044965
15032,7.321104848404238
15033,4.860015698820781
15034,5.688551726321355
15035,5.30866022284799
15036,5.824639496300276
15037,4.458526834309794
15038,8.901387598300772
15039,5.388832227286989
15040,7.2552188519804135
15041,5.642927565771486
15042,7.384483614855484
15043,8.373767206768502
15044,5.060573946212749
15045,6.8969298371165095
15046,5.152306923570629
15047,5.6857020047985225
15048,2.796511110585002
15049,1.127142640696503
15050,8.696940114634348
15051,4.8572881071266165
15052,6.3556650307128635
15053,5.395149435314038
15054,9.352251564822195
15055,9.131776595033251
15056,5.907265512158539
15057,5.291727068716298
15058,6.8341414684322475
15059,5.672730598301295
15060,8.042479896046341
15061,3.9700390650340855
15062,6.473209298005706
15063,8.263208160514717
15064,5.626472903167206
15065,7.698257354004413
15066,5.751159390298026
15067,8.553930692555701
15068,6.576902115167644
15069,6.359149143829844
15070,7.593747730276044
15071,6.176785429728041
15072,6.944660815818745
15073,6.9628793638793605
15074,4.7655510388908375
15075,6.2344914043057
15076,7.784853772617943
15077,7.330676449348088
15078,7.256680584894826
15079,7.668953115713897
15080,5.922720960461151
15081,6.749966455319519
15082,7.497271852588554
15083,6.179008088694537
15084,2.2102708938144358
15085,4.095687618398613
15086,5.573624185754084
15087,4.958648210721536
15088,8.02187207949989
15089,6.947910995168576
15090,7.430191034736529
15091,3.2655067510772655
15092,6.574014462357852
15093,3.0219979632969785
15094,3.885801349221613
15095,5.460070359235804
15096,7.4489802882014935
15097,5.992386061466417
15098,7.043561927242878
15099,5.904030677620112
15100,6.062776361322748
15101,7.118388117018972
15102,8.149560024261518
15103,6.281555418839687
15104,4.968656595680503
15105,2.3629930542359645
15106,4.003604579425935
15107,6.614420536302246
15108,7.552468870257572
15109,4.585224386024844
15110,4.593664900551964
15111,6.691668103014944
15112,3.3146650952861965
15113,5.500526828617728
15114,6.25265190980615
15115,3.985970774146043
15116,5.0105272146018205
15117,6.16372656844502
15118,4.360110687920203
15119,8.767054064473882
15120,7.726424686922629
15121,5.676935397746311
15122,9.016213386997446
15123,4.344436947445158
15124,6.366887421322846
15125,9.678972750118334
15126,8.384237359933465
15127,6.891876203651363
15128,6.994176048800338
15129,8.154881025202085
15130,7.447969428475853
15131,9.884338908556897
15132,4.827452659438528
15133,4.17245318229068
15134,7.343291466336356
15135,6.6052565211281085
15136,6.011984334685383
15137,6.948734453790001
15138,6.377526684904524
15139,4.671308934116625
15140,1.28361785377093
15141,8.761080535663934
15142,6.345750608929545
15143,4.918359890079218
15144,7.088601241236628
15145,3.3665294077576933
15146,3.488849353945525
15147,7.533329715769919
15148,8.034436896420349
15149,4.441835129878921
15150,4.068114199520897
15151,6.3971373961405735
15152,6.3795243536298765
15153,3.883668152493268
15154,6.320732519603764
15155,7.991308057346539
15156,5.389699297966676
15157,5.010154268563508
15158,6.325760702307239
15159,5.960807373506713
15160,3.9263655465317187
15161,3.1657428507386003
15162,8.289010310997892
15163,2.076211851578302
15164,3.26050155918254
15165,5.296002098498056
15166,4.062244420746502
15167,4.535106101707525
15168,8.260588073773615
15169,4.820140763651473
15170,3.772366914381595
15171,5.725027904007504
15172,8.99497143603289
15173,5.776028521043094
15174,8.440381075571668
15175,6.856423306531943
15176,4.896651482749144
15177,4.9025638785223435
15178,8.58860951920503
15179,3.8579521892292474
15180,8.596171244022752
15181,6.179141012599187
15182,4.366780185618758
15183,8.992457667536872
15184,2.7918737731860963
15185,7.329800806556101
15186,4.424813465896396
15187,5.502734208924695
15188,5.240319999178165
15189,5.96626684552438
15190,7.851312256422711
15191,8.76569612764916
15192,3.3167545207972773
15193,4.98415656147503
15194,5.462914756680883
15195,7.116420368941405
15196,2.502134080941082
15197,6.977835153274714
15198,5.49875526954036
15199,6.739863089274591
15200,9.469802036144273
15201,6.0003280146012905
15202,2.28624711854029
15203,3.7816037189709304
15204,4.840393993824122
15205,5.908591565090437
15206,4.715066273904574
15207,7.458232388612743
15208,2.6669479797412303
15209,6.703906299575078
15210,3.945155974286514
15211,4.377448323419657
15212,7.1015430295303865
15213,7.135618508305258
15214,8.442227070405846
15215,7.768475927494217
15216,4.062166393425804
15217,3.749791229029211
15218,4.615588350924822
15219,3.6099218403059643
15220,5.916186308367876
15221,8.668544262061458
15222,6.867477379609006
15223,5.197317975457604
15224,6.092823812949117
15225,3.6542886080401797
15226,4.3930230861755115
15227,7.608287886665103
15228,4.888666792772533
15229,9.115818561095258
15230,2.809886985461504
15231,9.16758906919786
15232,3.5332873319128515
15233,2.1680009956713686
15234,5.569023818748365
15235,7.013359622466649
15236,7.103216071977802
15237,7.130233055206791
15238,3.695783782188407
15239,7.178164058786933
15240,8.36780814338568
15241,3.155757763046644
15242,3.8089265871459332
15243,3.473989132416042
15244,4.870577143734843
15245,7.273301949576464
15246,7.9996326572956535
15247,5.359334131588177
15248,4.968275997234632
15249,5.85354157782446
15250,8.849620587033614
15251,8.763589271398525
15252,6.220769235471943
15253,8.781962486688588
15254,6.164755729516341
15255,3.360989186695713
15256,3.144842549657864
15257,3.164348677766606
15258,5.293841726231445
15259,6.566260113243117
15260,6.520798168052117
15261,5.927861384424672
15262,6.053148511163519
15263,6.110639357486944
15264,7.024520731535798
15265,2.7212845067768727
15266,5.510585489649971
15267,3.0880631337509543
15268,5.891500736332575
15269,7.3101134205165765
15270,6.988586107775685
15271,2.896875249885679
15272,7.64118440839479
15273,5.6934928494803145
15274,2.059411923455039
15275,9.139680285099903
15276,3.870721460989528
15277,6.748779343279001
15278,6.246195075045686
15279,4.078446501488194
15280,6.898914777964299
15281,8.166224023215277
15282,8.108963657118146
15283,5.311280092159645
15284,7.27471926833079
15285,6.627456559720997
15286,4.414800799162016
15287,5.283907660775375
15288,8.04061533023758
15289,6.520334349466203
15290,5.306351336057766
15291,3.984725821583485
15292,3.8462602001025896
15293,1.7473679573700727
15294,6.826430930580975
15295,6.6088424435850595
15296,4.99309067284585
15297,8.117029525344226
15298,2.1891081524887164
15299,6.855985884114295
15300,6.274755287463952
15301,9.587658719047251
15302,5.783762757297085
15303,7.535698144367334
15304,6.601700895474802
15305,7.635385635024675
15306,7.086997034674089
15307,9.530662237487856
15308,5.888716518243507
15309,3.0630765644047444
15310,6.806628848929595
15311,4.917216851314217
15312,7.2207103448261485
15313,7.984428794658804
15314,6.958654800986912
15315,5.030567552150944
15316,7.197135519834447
15317,4.9587230065482695
15318,3.6534442935883553
15319,5.467535462068926
15320,6.036731947784488
15321,7.443659530136839
15322,4.860581471667996
15323,7.1852807204110425
15324,9.0583080688986
15325,1.2703378621787262
15326,7.62105066577252
15327,6.645381977101502
15328,6.175043481396483
15329,8.420394931375494
15330,4.4051838189773305
15331,8.907161687039894
15332,5.076331384761197
15333,5.092154733004886
15334,4.691396189184971
15335,6.398282078367737
15336,6.589356245838074
15337,6.422569201785069
15338,5.927346401813683
15339,5.981699238935183
15340,3.3664287439242395
15341,5.432927295306318
15342,4.994421010589173
15343,4.144223665538311
15344,5.320626378265303
15345,5.371465578382943
15346,6.544341943181289
15347,5.082021298157327
15348,5.1085367350290305
15349,7.022793710515729
15350,7.23088671408903
15351,6.734954095085712
15352,3.4341915334316395
15353,5.134258372587176
15354,2.211055603876068
15355,8.50229226905515
15356,5.140859242027599
15357,6.084649873381164
15358,8.12253940219421
15359,7.226008242921503
15360,6.4530792147944664
15361,5.8067506664721895
15362,4.68564415436999
15363,1.151358362904304
15364,5.693910788023699
15365,6.298341613677909
15366,4.6512909990720726
15367,7.9649317808845925
15368,5.237884249963905
15369,4.9682317577007264
15370,2.2689176945685534
15371,4.452010952093168
15372,4.12553108888335
15373,3.169912909344438
15374,1.7959540095485664
15375,8.283147394256927
15376,8.111109375326409
15377,5.5108416739780415
15378,4.707629250179358
15379,5.7454646682519535
15380,7.729681334448119
15381,7.134184706038443
15382,7.345929084488513
15383,3.938907103488347
15384,3.6477255582727506
15385,5.78725243282516
15386,8.731891203847933
15387,0.5298358974743893
15388,6.699528636529143
15389,9.266952824732464
15390,4.37294069856312
15391,6.282106336915199
15392,2.9115632746145996
15393,4.6792659501089915
15394,5.2062215572898145
15395,6.601771786960272
15396,5.029514550929877
15397,6.765923018295897
15398,2.65038013348118
15399,3.1349486990171274
15400,6.34864650195886
15401,2.907846776884862
15402,6.466503202539873
15403,7.1564725252329024
15404,7.921458660083618
15405,9.393983658945672
15406,6.35266974197441
15407,6.14199139468862
15408,3.6894619979475514
15409,4.7248302371374225
15410,5.419448921067207
15411,7.465391244507286
15412,6.19663845235107
15413,7.724377100478918
15414,3.5287618422117197
15415,4.065251132563331
15416,5.751562242976641
15417,8.868917859167748
15418,5.614627728403297
15419,6.436095602094006
15420,5.1432414067531065
15421,9.698731248825915
15422,2.2234795458661116
15423,3.9651103656164874
15424,8.1449604221894
15425,1.1103164748990988
15426,7.0947880276186455
15427,7.48779328120365
15428,7.545797688725486
15429,7.544384931245015
15430,6.276324561789736
15431,3.7046387699038172
15432,6.728081207355861
15433,5.254026388271892
15434,5.884746149559815
15435,3.6469028268242525
15436,5.607989489899103
15437,4.6693371914819215
15438,7.670161106967527
15439,7.615831882687931
15440,4.855187971585446
15441,7.8409895674683
15442,6.9267126903435186
15443,7.037065231125996
15444,7.109281868054719
15445,5.871294285993729
15446,3.5997459437765262
15447,5.449556444949882
15448,3.4838916846309766
15449,7.913698804394195
15450,4.469718707490324
15451,1.4816014977758547
15452,5.17094905115438
15453,6.023464810835604
15454,4.19038835137278
15455,7.5973176163088905
15456,6.241822607949149
15457,9.258132932928612
15458,4.644344340090023
15459,6.612111126980636
15460,5.301854371284013
15461,8.980841816000488
15462,1.3593922495391668
15463,7.331199139533064
15464,6.086008615274062
15465,8.383448847778556
15466,6.158579454081029
15467,9.153095191377975
15468,5.631843701238299
15469,5.491798655565906
15470,3.9816342628762715
15471,3.5585850512395942
15472,8.416973422896127
15473,6.704806654108075
15474,8.010046431233391
15475,3.8996760060584883
15476,5.855246855964116
15477,4.408511482592674
15478,6.598644144418687
15479,4.920071826338327
15480,7.936621680524722
15481,7.648210194317651
15482,6.466713191213525
15483,1.6651232590265375
15484,9.710932350242963
15485,5.897143881609287
15486,6.579359641586472
15487,5.183183193125
15488,9.457257383611488
15489,8.372295630583846
15490,2.5888749966963664
15491,4.344213034584902
15492,4.420536507497396
15493,4.330924825988335
15494,4.111665765238447
15495,5.04661245905099
15496,8.739215490770203
15497,4.183634372878787
15498,3.8773153449374482
15499,6.669346691296256
15500,7.091892066360379
15501,5.100134051902678
15502,7.987957410003673
15503,6.886939231149182
15504,6.959506852896282
15505,5.173556466072445
15506,8.289996540621434
15507,4.061497701236334
15508,7.718969655355355
15509,4.352452565379796
15510,6.1239885598849995
15511,5.745973109248487
15512,3.2138190859670717
15513,5.114680051771584
15514,7.054205253369725
15515,8.291833879256842
15516,4.3055018715237345
15517,5.525509881372276
15518,7.039277483077251
15519,8.147408075595678
15520,2.737338472012517
15521,3.7086684946949675
15522,4.122357548680926
15523,2.4534456840832677
15524,4.002717187920762
15525,8.040707777296742
15526,4.446219753989771
15527,7.03831855947341
15528,2.0557840093013833
15529,5.967916578204365
15530,3.1907339713305527
15531,4.617700419408305
15532,2.6121275249572404
15533,8.009595421792643
15534,8.336889670880588
15535,6.549791434144782
15536,4.841633972175378
15537,5.968181859558405
15538,6.196305596454512
15539,4.848440613746108
15540,8.633555870410017
15541,6.910580943685124
15542,5.463668849406517
15543,6.938287518030053
15544,3.3888935736730965
15545,4.39636800351287
15546,4.0692836154924015
15547,5.121273559758861
15548,7.431021712029917
15549,3.98497760597048
15550,7.361355731056783
15551,8.129127301937213
15552,5.308426605169498
15553,4.3136014408272985
15554,8.261401881908013
15555,5.925263899816134
15556,4.306173046491097
15557,3.8791595725801464
15558,2.08632733893315
15559,6.300952634178894
15560,9.445276501848737
15561,8.048250997454009
15562,7.457046178184052
15563,6.022597415748315
15564,7.848566307974053
15565,5.275119150695846
15566,6.323250475658006
15567,9.179647855598773
15568,6.082773282641729
15569,3.932601386356632
15570,8.851047911959999
15571,5.666838550722076
15572,3.833683502599612
15573,6.559487258123627
15574,5.973766993374896
15575,3.076131391190505
15576,3.3548945510957404
15577,8.76831493062706
15578,6.131210244890952
15579,5.93132261342281
15580,3.2029451206932396
15581,5.543351918369975
15582,3.518722217075098
15583,3.612951030340491
15584,2.7209146209188866
15585,2.084900400080458
15586,6.783682113108214
15587,4.079481017234406
15588,8.10740204656058
15589,7.025206293456231
15590,7.192597675929172
15591,2.1489709615895713
15592,6.007837928169305
15593,3.550440331208069
15594,7.784450361872819
15595,7.621340713824592
15596,7.446954788706838
15597,7.928236611417132
15598,8.576230721134454
15599,7.500284387812702
15600,5.809581055375319
15601,5.831209550195842
15602,4.875137460716392
15603,7.394668299950216
15604,7.38673313386915
15605,3.624174053606949
15606,7.603635307929726
15607,0.8305199392381981
15608,8.331512542120144
15609,8.483928726262725
15610,5.503700029381126
15611,3.082164876340477
15612,5.659432294777468
15613,4.962320566865317
15614,4.938570178011147
15615,7.720403883839735
15616,5.639225521261572
15617,3.8993059397668963
15618,5.040529353516836
15619,4.309291198494216
15620,5.312030267332374
15621,4.652598830901756
15622,8.280301629195204
15623,2.5847060108134876
15624,5.247710069079219
15625,6.345693959635459
15626,2.4730899970669182
15627,4.53851907284321
15628,8.789132408411
15629,5.580040024394506
15630,4.49201194190964
15631,4.270522885565866
15632,2.953880203068338
15633,2.7976960071946095
15634,7.6038107101385295
15635,4.219447282632682
15636,4.418587794053618
15637,1.4392687279271241
15638,5.449783819630799
15639,6.645786393935409
15640,6.6570399907121285
15641,7.63896378447439
15642,6.479140294292262
15643,5.602210195062662
15644,7.057115631668916
15645,5.577798326014731
15646,3.0116586019753395
15647,4.691466621699538
15648,4.1556765397921005
15649,4.833737900131766
15650,7.801854485076479
15651,5.625312796568714
15652,4.650780886802244
15653,8.068896118679831
15654,2.973165840284413
15655,7.585726522502888
15656,4.23984736301338
15657,6.220832072615245
15658,4.158199222968513
15659,7.1299218619739095
15660,6.1920798317751355
15661,7.886378302276945
15662,4.099833534820803
15663,5.265340980177251
15664,8.702470113370133
15665,8.535684595926105
15666,2.724974547045847
15667,6.650673762446529
15668,6.350927620064317
15669,7.28078400744375
15670,1.8492329139281152
15671,6.489137135008644
15672,6.4995179257616496
15673,6.716326683424439
15674,5.906957798615484
15675,8.388934384545063
15676,8.592166677549319
15677,4.565733732258293
15678,7.713986997298717
15679,4.988110096310222
15680,6.498584071185535
15681,6.051772031390621
15682,4.216381446854816
15683,8.923745918199877
15684,4.522127680219706
15685,3.1489569273473728
15686,8.108249643360217
15687,1.5207515440502872
15688,9.558807278967116
15689,6.728917240497188
15690,6.013513437043768
15691,5.91502381907245
15692,7.558950225615023
15693,6.941986978335875
15694,4.860092042612402
15695,4.505581750705577
15696,4.112156446998696
15697,8.530638817752068
15698,3.620731898067275
15699,6.652472844738241
15700,4.084407498195485
15701,6.065572797872658
15702,9.158349619560775
15703,5.883583606798964
15704,3.9698200789089073
15705,4.161905654427782
15706,4.423497748546854
15707,5.871439705369347
15708,1.9497219137024517
15709,6.006347251949092
15710,6.009857488456974
15711,6.652684024728631
15712,5.417021847324301
15713,6.541017101722032
15714,4.045591134016497
15715,2.398885925098683
15716,6.295159158523672
15717,8.813624116205538
15718,4.200718953287595
15719,4.781632962192226
15720,6.625167011652018
15721,6.36904750519254
15722,6.894295310701596
15723,8.699567591275667
15724,2.766835557386285
15725,4.9800963860893575
15726,6.139341731038134
15727,4.5962107930163985
15728,6.282399681132594
15729,9.69016846249729
15730,6.82416134587611
15731,5.99209471570376
15732,4.433798247229829
15733,5.195868154530527
15734,2.006075441578198
15735,2.907156585282597
15736,5.4753790833090275
15737,4.984218503979152
15738,4.333125100521891
15739,5.344119966733865
15740,3.2331456996471637
15741,1.3819862549544668
15742,8.356322986413078
15743,4.538160898868309
15744,6.39434359191398
15745,5.364340205827484
15746,2.2934046489968276
15747,6.952336238537413
15748,4.995799298750855
15749,7.0346751780571335
15750,6.680024123685307
15751,3.6444483062878774
15752,6.107992243353014
15753,7.804196602777303
15754,5.031029257055864
15755,4.779708181176074
15756,3.2319030571448106
15757,4.221540583078511
15758,4.8265502531145446
15759,8.350078171198101
15760,4.055284894313765
15761,7.077091291989127
15762,3.3866402425096345
15763,2.863449264205865
15764,3.843291043242913
15765,4.602273899861232
15766,5.261931658144219
15767,3.668572279236087
15768,9.277110955746195
15769,4.671516025029469
15770,5.156300966550922
15771,4.8441630814732335
15772,5.3236507089260785
15773,8.392472300240478
15774,3.3786270941420615
15775,3.945935683245948
15776,7.792869848598239
15777,6.065998996008003
15778,6.589343769091807
15779,3.4265761968598727
15780,6.41681241345056
15781,8.766772875215217
15782,3.76461622401958
15783,7.255575172869811
15784,4.161037700992031
15785,8.463865874295813
15786,4.27776470983203
15787,5.743456034194401
15788,7.170698597512405
15789,8.1400661592332
15790,3.899084481643486
15791,5.2589668228129405
15792,4.2810299714841396
15793,6.547377323897422
15794,6.418688745938196
15795,5.90723833028908
15796,5.698380270427122
15797,9.755695008515048
15798,7.062611780792338
15799,6.153676374977696
15800,6.995752622795178
15801,5.039984741598687
15802,6.952395156295188
15803,2.836330809409236
15804,7.489087172799396
15805,3.4801655346713884
15806,5.1031235999616404
15807,7.511767950846663
15808,5.929221439215047
15809,8.448692467084669
15810,1.5131100662684416
15811,2.628379870490658
15812,6.060346499819433
15813,7.873100225954282
15814,4.803608147026013
15815,4.841930529185519
15816,4.329419064133171
15817,6.44267717327466
15818,5.503112769990565
15819,5.103274058860729
15820,8.999674944773112
15821,5.449740996286562
15822,5.809894081716241
15823,4.881789667065247
15824,6.574650835339392
15825,7.784052578103092
15826,5.98620003601516
15827,5.347269676608867
15828,5.339062683032643
15829,7.25916611965064
15830,5.773568250256496
15831,8.779472017782204
15832,3.571982088505967
15833,5.660699225369916
15834,8.007685956058339
15835,6.51829455679028
15836,6.910898440695836
15837,5.370181371595805
15838,4.386066607753891
15839,7.010106133741028
15840,7.2560857761654916
15841,4.246571894041301
15842,5.533372101790225
15843,3.813340062633028
15844,6.212517694157434
15845,6.60914819205836
15846,1.2155468098130209
15847,1.6453249422093252
15848,2.3317204373192957
15849,7.754849913506927
15850,9.550294452456852
15851,4.479307795224075
15852,6.597066572977809
15853,6.583090122242133
15854,6.477768213173698
15855,6.536026708170403
15856,7.775344033275957
15857,8.456392419900483
15858,8.864972577127052
15859,3.438384317765374
15860,4.66887844914077
15861,6.176417697279241
15862,8.406204949364149
15863,8.54717055409182
15864,8.769359131006514
15865,7.46696681609191
15866,7.9402865011580905
15867,7.182558216556617
15868,5.70760387144861
15869,4.4888723331939575
15870,4.0062679438316025
15871,8.486824212863178
15872,4.682469432850228
15873,4.668972881758159
15874,1.2109948290077837
15875,7.426044857690305
15876,9.540835191283069
15877,3.199202689275249
15878,6.542712468919629
15879,6.871206698600449
15880,7.106637808024544
15881,6.5775144202079066
15882,7.044731445478508
15883,7.684929062798419
15884,6.931100993468458
15885,5.417142504039854
15886,5.926515056204985
15887,9.382957559658188
15888,5.25214281570165
15889,3.4070776350416163
15890,5.773792102706815
15891,5.470921090131123
15892,7.632353654381691
15893,5.894493453924143
15894,3.635588843185471
15895,9.460285961449014
15896,4.685692524892154
15897,3.5225508722343744
15898,5.637443557505264
15899,8.578077139942323
15900,2.9884003384663984
15901,7.237178725906539
15902,6.428254871153238
15903,7.276032836188117
15904,4.900634944036617
15905,5.051469793286707
15906,9.379873633277914
15907,7.704300763829722
15908,6.133860178589437
15909,9.109636359854196
15910,4.419707914998588
15911,7.338786280476217
15912,5.623345250338297
15913,2.9977253193837403
15914,5.155258657121842
15915,5.581902031654373
15916,8.182223029597775
15917,7.615502880162573
15918,6.849176211811497
15919,7.50976599924171
15920,5.993140747540893
15921,6.571950363067821
15922,6.425385227219332
15923,3.4193185543081364
15924,2.6791449820373767
15925,7.448224725726702
15926,4.251035490754073
15927,7.545275235344564
15928,3.4961532205555192
15929,3.466257748720326
15930,7.017084426213428
15931,8.3393513059445
15932,3.5695527799494418
15933,6.9430214719647125
15934,5.343711398461548
15935,5.587301496273082
15936,5.188995310630187
15937,6.052611755899702
15938,5.245239250115599
15939,8.787191324121777
15940,6.362273233757791
15941,7.418114107753452
15942,5.332907244388016
15943,4.235182964640337
15944,3.3066155487979216
15945,8.658061911675759
15946,3.5873933832692098
15947,4.894572163069358
15948,7.345552977120953
15949,5.731898368096303
15950,6.631315670882195
15951,6.130679777846833
15952,3.517611279278799
15953,8.925092126083396
15954,7.429977282443556
15955,2.091418983546453
15956,4.2920415732457355
15957,7.817030155399327
15958,4.227255410017939
15959,2.6744943914150294
15960,8.096145566437958
15961,6.541761071099609
15962,6.157863252037866
15963,5.376285710503848
15964,6.246059631814056
15965,3.6850380344013685
15966,2.1249581849733854
15967,3.1034533044954005
15968,6.396080750751823
15969,4.064964681480861
15970,8.439218074960575
15971,5.047829893078535
15972,8.933164884813875
15973,4.435999672007155
15974,9.255509511072113
15975,4.565088645973841
15976,3.3352695849627754
15977,8.269850249729238
15978,4.954882222296998
15979,4.844168419412003
15980,6.24277129031188
15981,0.6047553470189699
15982,6.310953672508715
15983,4.08977908121607
15984,8.283773979475644
15985,5.846391926795908
15986,6.981384039988774
15987,4.865800666490206
15988,8.58372104694698
15989,5.579981045586018
15990,3.6071733159774224
15991,8.621003702550219
15992,6.148392232074768
15993,5.16656857229916
15994,7.019985987854115
15995,3.487973732968389
15996,7.375628115005769
15997,2.6839232331088674
15998,2.9884068866542743
15999,8.468332172360435
16000,5.617902692625948
16001,6.271231961777193
16002,5.109485057864939
16003,5.347009856477019
16004,6.258949109038778
16005,7.82209716341237
16006,5.591315857150213
16007,3.191468632174327
16008,3.58294883514144
16009,6.591492742353312
16010,7.447019083195238
16011,4.493132991697793
16012,7.180635483644721
16013,8.733423073430991
16014,2.782649884364657
16015,8.014342539013812
16016,6.635439139566734
16017,8.0646597933013
16018,5.550600581311542
16019,6.029258938959607
16020,4.81431336546864
16021,6.199741857240255
16022,3.835425242666364
16023,5.987222771112631
16024,1.3616203021044715
16025,6.660609181901739
16026,5.633154630425616
16027,3.173122465752689
16028,8.48068236605208
16029,6.464293668937248
16030,8.756580942357068
16031,4.062922874387892
16032,9.476569631868806
16033,7.644981118725492
16034,6.888858734070718
16035,5.0460834369194645
16036,7.219985020072414
16037,6.098087036485743
16038,5.643191660743468
16039,6.640976174405347
16040,3.7013120478755757
16041,5.741477471592357
16042,1.6353876200336126
16043,5.332504762669672
16044,2.8777245311380484
16045,5.638353128367763
16046,6.931601449486399
16047,7.904046236953652
16048,6.675947951448496
16049,7.5138669293827265
16050,3.9764487344756967
16051,8.09532587276111
16052,5.584528486679912
16053,7.500172371593902
16054,7.76398943350555
16055,6.629161057781547
16056,9.378412115893303
16057,4.503711861476622
16058,4.677448369468824
16059,5.633452566323332
16060,2.151197742786234
16061,5.915250326725667
16062,5.843958080506058
16063,5.152418297828461
16064,5.112509569880915
16065,7.24125037099223
16066,6.497280205843838
16067,6.401932811741869
16068,4.611197256330104
16069,8.005353400398114
16070,4.771104244097322
16071,5.329641332636935
16072,5.701113796642783
16073,1.7848337799777756
16074,7.280475258402104
16075,5.9319262830218
16076,8.797792702385227
16077,5.151461645946472
16078,4.268815348885733
16079,8.40436299785543
16080,4.66453649292726
16081,2.6327872192088697
16082,7.059183916558137
16083,5.304912785109181
16084,8.115397879457007
16085,5.576640544324346
16086,6.522955500592153
16087,7.486676216045993
16088,6.867115182646822
16089,6.969979827671988
16090,7.904980735633951
16091,6.228611703048437
16092,6.171968386506591
16093,2.1334032229377176
16094,3.5959327828700314
16095,6.711843927256707
16096,5.894755726181003
16097,7.42745263118222
16098,7.557630784384164
16099,6.124667233903529
16100,7.316188064791589
16101,4.584647395025501
16102,6.540022657987295
16103,3.471449366073706
16104,5.005485472461326
16105,6.294898881442355
16106,4.968115833495789
16107,5.751467358753308
16108,4.771787403849596
16109,6.3386515935745305
16110,6.059138432981647
16111,4.511957089962207
16112,3.389452394139068
16113,5.687559705696142
16114,3.7325918644006797
16115,9.677136839681022
16116,5.045009157533787
16117,7.718589142081672
16118,5.388695146159717
16119,4.718771736626831
16120,5.2798028387772415
16121,3.3672613462837404
16122,8.759676174587135
16123,7.07636395065871
16124,6.461608096051373
16125,5.500882982035898
16126,4.311331234588792
16127,5.6083803886636225
16128,7.8705543035053775
16129,6.456602729247123
16130,5.880010826817671
16131,4.513038701517681
16132,6.242551821149314
16133,5.632429981837096
16134,6.7613077144281695
16135,7.921797798261574
16136,9.450986751786246
16137,7.208573962319486
16138,4.2034371870242175
16139,5.221897148122301
16140,2.8472764228059457
16141,7.6979505296255475
16142,6.741033070053434
16143,7.47004566844651
16144,5.653641293541866
16145,5.549584818490693
16146,8.059320833986845
16147,5.799690252061784
16148,3.7289874706673305
16149,6.551916081742576
16150,6.191299113634142
16151,5.342208120935691
16152,3.1378490758257565
16153,5.09812747573259
16154,6.832073675239214
16155,3.5927180808853443
16156,4.429592576696853
16157,6.571394893116144
16158,4.580774540084244
16159,9.476413126974377
16160,8.608264080710295
16161,3.1633274573186196
16162,7.352352345158346
16163,4.434868360888771
16164,7.762949968674703
16165,2.0762899619757045
16166,7.595238833616761
16167,8.188205808845304
16168,6.293084726113269
16169,5.955145506695838
16170,5.198409823931072
16171,7.472293017152852
16172,8.845269274004865
16173,2.764257215003371
16174,8.776035835044295
16175,5.006100692365007
16176,8.104116933750278
16177,4.132259979695772
16178,7.8103935156511834
16179,6.134880504313187
16180,6.894905128254463
16181,5.019353719255373
16182,1.809524779244354
16183,8.544782652813995
16184,6.0902124816669625
16185,2.822839213506617
16186,4.189634629052739
16187,7.173593611580785
16188,4.047655070849402
16189,5.138463738682541
16190,3.802278373881149
16191,4.49760891724101
16192,9.005036525891093
16193,5.521909814888999
16194,6.722215997417801
16195,9.31537708183117
16196,4.448536329451214
16197,4.316778186853914
16198,7.360662046973518
16199,2.8194843404586347
16200,7.550222714456634
16201,6.6901056994975345
16202,8.927184243360092
16203,7.497668027765664
16204,7.913255046423034
16205,5.162689893935671
16206,9.408293206540339
16207,4.199612978795933
16208,7.042155507122814
16209,3.476427963203005
16210,6.271555469199526
16211,5.615350220483478
16212,4.274443356504332
16213,4.5144270243895654
16214,6.839297590581479
16215,6.867275726964464
16216,8.035264368067445
16217,2.3638605091339566
16218,5.4469967736761475
16219,5.841705678342063
16220,7.047780349837456
16221,7.881236720718652
16222,4.214373829271816
16223,8.718292471344661
16224,5.071990806078013
16225,9.03569164392173
16226,6.534207717839412
16227,3.725487491696368
16228,8.483454817975508
16229,7.671739524471141
16230,5.971204470518913
16231,6.101568043024422
16232,5.155712678647682
16233,5.648344858017961
16234,5.591577985415954
16235,2.708017146720519
16236,6.486366655141114
16237,7.620531790727582
16238,2.4140660698693908
16239,6.60180129018142
16240,8.480656039788695
16241,9.223514805109094
16242,4.764652999969703
16243,7.306793638956334
16244,5.1026599678244535
16245,7.588206260864918
16246,5.867618506741411
16247,3.7698398697432207
16248,8.164716683119877
16249,7.84128245107469
16250,7.570797710514309
16251,6.40046424056934
16252,6.062075512643742
16253,6.969971990710565
16254,3.361277871160743
16255,9.609636521420718
16256,4.948468809050055
16257,5.028744398368626
16258,2.47009960632085
16259,4.895011651162906
16260,5.68472521867883
16261,4.7599607740825824
16262,6.371088821129318
16263,6.143601512927605
16264,5.163030484939081
16265,7.312249051869298
16266,4.137732106958086
16267,6.900353971940258
16268,6.464989668945896
16269,6.359027730883833
16270,9.289407769334954
16271,4.253583857020949
16272,6.808930239968982
16273,5.580548096677312
16274,2.305397512875932
16275,6.206307169176228
16276,7.507141573931583
16277,8.916540920454995
16278,5.478596666505944
16279,7.473542297361987
16280,7.860156682668376
16281,8.648580086533313
16282,2.3538324455473925
16283,7.496375920664625
16284,6.5951475301961064
16285,6.463728879027863
16286,6.666348029135559
16287,4.996428744371717
16288,4.799705862599394
16289,2.814513864490184
16290,6.301873506981276
16291,3.0751134420817072
16292,6.496802946802613
16293,7.444602275310986
16294,7.565125729947887
16295,6.96198810328938
16296,3.7718825771555866
16297,4.538937006155569
16298,4.910326647708751
16299,4.306643305312284
16300,5.830887631906908
16301,5.159983152082747
16302,5.8559575892257305
16303,6.862076571374516
16304,5.839287209466805
16305,5.509639594327353
16306,9.303176234622617
16307,4.2599594317808425
16308,6.596418848141311
16309,5.811212331260515
16310,5.257494703136078
16311,4.607797788206652
16312,7.540964530209281
16313,4.8179136780274
16314,2.8102682268491046
16315,1.0400442515854929
16316,6.246280978458965
16317,5.017105728720645
16318,7.50344843010286
16319,9.454547290553828
16320,7.678283913762882
16321,6.166765328718171
16322,0.7778548218492176
16323,7.8499351614685455
16324,9.429666815375152
16325,7.192972091397321
16326,6.826272394942938
16327,8.413932611004462
16328,4.64693937562036
16329,7.715702774447885
16330,5.945889844320326
16331,5.288645195492857
16332,7.902762421183495
16333,8.267207207579895
16334,6.044842569628012
16335,3.4095313712946163
16336,3.0868761173606996
16337,4.589750196731567
16338,6.8767420595900575
16339,8.203985082266238
16340,4.031060398213807
16341,6.660012445143211
16342,7.823409925017748
16343,8.046218399330135
16344,7.242644456834057
16345,7.3470078444534
16346,4.337834484076587
16347,6.64049688315745
16348,6.123135774047367
16349,4.357606804758521
16350,7.6225235799606645
16351,5.330481367239068
16352,5.110679395354811
16353,3.6200419444339476
16354,0.5077612262797357
16355,6.690465123723486
16356,6.554799266666949
16357,8.491059501261562
16358,7.759471706024465
16359,5.352191214623089
16360,3.9294870671431585
16361,5.201891348453109
16362,7.26298384928279
16363,4.96222266713901
16364,8.379510007937267
16365,6.844667735496691
16366,4.180072258775818
16367,4.693677515154983
16368,4.1154981585673625
16369,6.260113355009554
16370,7.551063243600125
16371,6.984393845081682
16372,1.8221761246550159
16373,7.4226260987371875
16374,6.326224556441593
16375,1.8059518023722996
16376,4.223146344435239
16377,4.842127092413034
16378,4.47986869729519
16379,7.701583015633526
16380,4.694024043950957
16381,6.76268995793925
16382,4.614796232183289
16383,2.3559147321978045
16384,5.909891034516367
16385,8.196228188596177
16386,3.290191480897113
16387,8.205961262485106
16388,4.970974336539902
16389,1.8242420560185382
16390,6.221498301890783
16391,5.337280921056666
16392,8.426794573668287
16393,2.733249243590488
16394,4.388496316106292
16395,4.596428039270186
16396,6.677737558297525
16397,6.590791188503959
16398,6.926731012710831
16399,7.805673840699409
16400,8.122122164466239
16401,8.220709378876254
16402,8.622400475414825
16403,5.342777006956863
16404,8.150119372361196
16405,4.125904063639146
16406,5.826440409429875
16407,2.948894572018705
16408,0.6330678805847132
16409,3.6541085715886625
16410,3.8235508925458896
16411,2.679451361528933
16412,6.098272993258642
16413,8.997043787832222
16414,4.383659399788294
16415,4.584078260054987
16416,4.554706327823748
16417,7.336571849974392
16418,6.638136573627924
16419,8.27339448874439
16420,6.645554677369548
16421,7.675595400831759
16422,1.9294553651023785
16423,3.4682010644854766
16424,7.419324304823546
16425,6.690957839456648
16426,6.000636657816001
16427,7.282779767824625
16428,5.452813136563509
16429,6.870677657889928
16430,6.290855963219274
16431,4.617814856456466
16432,8.177165334505952
16433,4.440592332929942
16434,6.830668485519384
16435,5.335589264642985
16436,6.636028738278574
16437,9.37766902770517
16438,7.572499784804723
16439,5.4348063191093985
16440,7.110838439720861
16441,5.965568622723327
16442,7.619589675835388
16443,2.2403543865604316
16444,7.954528344646246
16445,3.1543635745427117
16446,2.667855500894941
16447,6.228620140631325
16448,6.272741027903403
16449,7.903184349735632
16450,8.182773476877877
16451,4.6891749060722905
16452,8.569876284216596
16453,8.767468290773694
16454,5.27160026559526
16455,5.302663319626314
16456,2.3432405588871656
16457,10.0
16458,1.947341441179661
16459,7.311731487548542
16460,1.8242438744186735
16461,2.8569181376225745
16462,2.655375652820215
16463,5.810067807811788
16464,8.677300631876648
16465,3.7506042888324007
16466,8.531674016680217
16467,2.589342170517127
16468,6.769631334042853
16469,7.569410754793715
16470,7.151489236136966
16471,4.464550055946063
16472,3.30742649012808
16473,4.819025635454539
16474,7.245135692451488
16475,3.748975864633805
16476,4.585151765384916
16477,5.862802362206311
16478,4.782609773851351
16479,5.378960109077652
16480,3.0434851735808204
16481,2.628942909779528
16482,5.02042919517214
16483,3.228321489955253
16484,6.0400562183949145
16485,6.895004768642047
16486,7.982453464270412
16487,6.423045784614803
16488,3.165638014151007
16489,7.792427041963728
16490,5.09590751542971
16491,7.532552948547995
16492,9.122999635472436
16493,4.154213649953167
16494,7.49846189204392
16495,4.396512162428275
16496,6.978319726671234
16497,8.545041636961065
16498,3.916743405470646
16499,8.497515551094262
16500,9.71280118003154
16501,6.035986913694087
16502,9.163304025028028
16503,8.87332313233808
16504,7.479716393647687
16505,3.042058759436354
16506,5.9711202116459585
16507,5.534365275732636
16508,7.743999406912414
16509,9.137915028901109
16510,9.544276776012715
16511,5.631125529441366
16512,4.821776814549681
16513,9.119565849905836
16514,6.679607549410748
16515,5.6802467856843855
16516,8.252063556791194
16517,9.280288790958855
16518,5.340280233957719
16519,4.34376099026538
16520,5.776911030820958
16521,7.488121076807739
16522,5.023829418489518
16523,3.0970265597945046
16524,5.070553800952256
16525,7.535485494577616
16526,6.391863721219485
16527,3.836665959662286
16528,9.00347504309167
16529,5.153511928743449
16530,4.881512995901656
16531,8.613744948966556
16532,5.398638490143043
16533,4.238395832766312
16534,6.786652127656668
16535,4.418693025897566
16536,6.134596717804455
16537,7.888012473564459
16538,6.8644202345233225
16539,8.989430731893359
16540,5.837998871299475
16541,4.3111773487984575
16542,3.6636699588389314
16543,8.924878354120018
16544,5.511263197637119
16545,4.065840882248624
16546,6.72807172380664
16547,6.790165612446405
16548,6.040649903573719
16549,6.318035834434616
16550,6.2839592903843835
16551,4.102951214778004
16552,5.876329705207015
16553,3.7846283240170715
16554,7.198042656743903
16555,7.50389696084496
16556,5.614914710404838
16557,4.736590083482747
16558,8.554959395758969
16559,6.785140669277746
16560,9.200482688961948
16561,3.4855288593891904
16562,8.91672355371622
16563,7.445024151441054
16564,1.78516874337965
16565,6.463149637744541
16566,5.300537661851323
16567,7.917989093112814
16568,4.459956088214216
16569,8.102293303868048
16570,3.7937785548602196
16571,6.3497404992752955
16572,7.503670694020604
16573,7.377103212581016
16574,9.102393197014647
16575,4.195878715250869
16576,8.467913085902765
16577,7.376396740055205
16578,7.738247084684616
16579,7.595176801196538
16580,5.6803317566049385
16581,7.165047315671107
16582,7.238210449414048
16583,5.8844696754503225
16584,7.200109053721407
16585,2.704452021472752
16586,7.070750451008259
16587,6.697967991666365
16588,5.0694917832767015
16589,8.334090166156223
16590,7.990426183890553
16591,7.841550255455385
16592,8.251001856803839
16593,8.456874098169575
16594,6.829053521452144
16595,6.917096456299327
16596,7.338137199925168
16597,4.8204772899694355
16598,3.427659380387385
16599,3.6690500477073344
16600,6.2512910275591524
16601,8.10197219793568
16602,6.173978344850674
16603,1.7475552294901595
16604,6.584008563447514
16605,2.0944192252566465
16606,6.00923890926917
16607,4.95309878258212
16608,4.895397465623627
16609,5.430503218675433
16610,9.460777940343718
16611,6.095499391462168
16612,5.058682643980144
16613,5.297159683529257
16614,3.5373701492369034
16615,7.772083116687066
16616,6.477777898751651
16617,9.196926892632906
16618,6.611807599061385
16619,5.453524449648754
16620,3.8662101908430238
16621,6.718219748223595
16622,6.6669130862061285
16623,2.6461446041140357
16624,5.308781102866363
16625,7.3991923802474115
16626,4.662542850041155
16627,3.7367758069629082
16628,8.973984735494838
16629,6.669553053084484
16630,5.802094196904183
16631,5.088336769535667
16632,4.036018670681932
16633,8.13354201497578
16634,8.382824427185643
16635,6.451723454196095
16636,5.887495485112531
16637,5.793947014783601
16638,4.058106256016973
16639,5.69791019663517
16640,8.264786886958216
16641,5.461592284089835
16642,6.6281132943910945
16643,6.051414546002303
16644,4.767329180690945
16645,7.5950446233741555
16646,7.578658630077259
16647,7.7101675000240375
16648,8.616113675840147
16649,7.785675376565797
16650,8.908830846278285
16651,8.134970537707655
16652,2.455748090419309
16653,6.794370297754568
16654,7.506873381112456
16655,5.160166246295359
16656,6.467767942251614
16657,4.641881732131408
16658,6.862838552976977
16659,3.9569512943763607
16660,6.946116049342473
16661,9.828052419750987
16662,7.634317865307318
16663,7.093063136809245
16664,6.003202301288001
16665,2.2194998595506927
16666,6.190994983618822
16667,6.113959832243943
16668,6.3232101554935705
16669,6.901537665554081
16670,8.039140917402884
16671,8.470470892559682
16672,3.065287680422297
16673,6.279664129886761
16674,6.571172387748169
16675,7.669991675018185
16676,9.667912161049486
16677,9.296179178163673
16678,4.898941073957927
16679,5.696069266035715
16680,9.200471262365813
16681,3.656299402263769
16682,6.942423601567578
16683,6.818476576398722
16684,5.776598330414968
16685,8.286698069787619
16686,6.722046088379386
16687,6.171733700945591
16688,4.74526207812645
16689,5.831134970539304
16690,6.534961766091889
16691,6.5222199266195515
16692,6.4959476051118825
16693,5.2607896878019345
16694,7.008986400619046
16695,7.203450263765836
16696,5.777453222979099
16697,2.8563127741419545
16698,5.263347364385432
16699,6.802790637195278
16700,4.857324370836046
16701,3.674231354259828
16702,6.777586490311434
16703,7.061925671624936
16704,6.261148396185053
16705,7.22284586805097
16706,6.935454192511253
16707,6.344459409215939
16708,7.196751413587785
16709,2.844349402643293
16710,5.643648296879358
16711,6.747516732850801
16712,6.5125664670639924
16713,8.793483286058056
16714,7.398456827672649
16715,5.208594008941914
16716,7.642832894380058
16717,7.576961683914165
16718,6.277720738763771
16719,8.621297689668097
16720,4.538209964077089
16721,1.8386006242046928
16722,8.090770653914452
16723,2.813783832162075
16724,4.413163025295202
16725,4.636514927341807
16726,4.445745235217035
16727,8.07510295628411
16728,1.98612295288929
16729,5.864250549356371
16730,5.113049518808622
16731,7.527238050766387
16732,8.354548590527159
16733,6.380656115271233
16734,5.006217209689094
16735,2.202861013544636
16736,7.637857417499636
16737,3.829446802421909
16738,5.4672171587216285
16739,8.029668895825612
16740,7.856661517805597
16741,8.254907181796359
16742,7.497055735402304
16743,4.171642425435023
16744,6.741000932480807
16745,7.942396298785187
16746,8.60547672589665
16747,4.218426582282964
16748,6.192588665020072
16749,6.829899406044037
16750,6.146072044479793
16751,6.47986499548902
16752,5.7249349938013525
16753,7.4400584200094615
16754,7.330551500283741
16755,7.312715147147518
16756,7.085557031066102
16757,5.541746728811463
16758,5.530151028939937
16759,6.6457159822694
16760,3.327392805513327
16761,6.583770847971012
16762,4.88490864813461
16763,4.406299788295636
16764,1.809796972609587
16765,6.37189632360059
16766,3.792651399000341
16767,9.496729073012684
16768,4.59923919280768
16769,7.420864737885594
16770,2.826578232895299
16771,8.434670787916783
16772,4.1863631681906694
16773,3.5036113410933107
16774,2.806435221613733
16775,5.609566146958924
16776,7.093291845177992
16777,3.642955641278997
16778,7.204786574579005
16779,6.133149061096018
16780,5.935222889709736
16781,3.998136373311604
16782,8.391938870010454
16783,5.169157315185208
16784,7.741722304917976
16785,6.812206397411995
16786,7.790426365677096
16787,4.949432323309561
16788,5.43695493680605
16789,8.349841973208658
16790,8.455622586659146
16791,7.729787161261935
16792,8.819444319446578
16793,5.7643110229924295
16794,3.206946588522503
16795,4.249146073976149
16796,2.43003547794469
16797,6.301894308140212
16798,5.0489359563671
16799,8.492767882454698
16800,8.651427414948254
16801,3.3868305509655148
16802,6.201092983749289
16803,1.624196223378866
16804,7.123841417620529
16805,7.21408350021101
16806,7.2935938489207155
16807,7.495336148965564
16808,3.1657455392965366
16809,5.550370857012628
16810,5.826800886761629
16811,7.163118655540283
16812,5.797352100954544
16813,8.25684085420992
16814,7.063504109010286
16815,8.227649805659508
16816,8.43346584963794
16817,4.584653874136265
16818,4.057580051764609
16819,5.533227330037406
16820,5.021622313910768
16821,5.138872852562207
16822,5.507400765979229
16823,5.844836184406845
16824,6.21435322626785
16825,7.5205422596727995
16826,4.48540717090761
16827,6.7798204028033355
16828,5.903368217365355
16829,2.4521127913799363
16830,3.7397881823469885
16831,6.384950743233486
16832,7.065164897679953
16833,6.710769173863939
16834,2.985807857483942
16835,8.170555031000461
16836,5.845245879644854
16837,5.173541229658938
16838,2.892102058022818
16839,8.652206481650476
16840,5.442440339553906
16841,2.074383632413663
16842,5.865671314245971
16843,4.575023498860113
16844,7.254699132569263
16845,4.862438213200777
16846,7.894165887340446
16847,7.10253893180599
16848,6.074271120542002
16849,8.513892602206385
16850,5.645564184193493
16851,4.038367791936604
16852,5.467254003832293
16853,3.826184061102133
16854,9.373139564720757
16855,7.403927258589657
16856,8.040340674720216
16857,10.0
16858,4.943868115428383
16859,7.056660589088563
16860,9.441218949709288
16861,8.999296937059919
16862,5.260621781531842
16863,4.789743851102361
16864,6.302569019323791
16865,9.633069635733928
16866,2.7628054232458217
16867,8.490404479169175
16868,6.052423514494578
16869,7.133962174516907
16870,6.5706964593895245
16871,6.243930058317221
16872,5.246797803781093
16873,8.129570994117294
16874,4.90007675324867
16875,5.323269426873616
16876,1.3293251680815876
16877,4.358731806267734
16878,5.852470503794132
16879,4.938762816806523
16880,6.668350480023504
16881,7.806580542781843
16882,9.141532054267103
16883,9.435500734723014
16884,6.34122768098424
16885,7.628272123562162
16886,1.8870841420014122
16887,5.479479498505031
16888,1.6874497738157155
16889,6.3580320118173965
16890,7.2262570265024255
16891,3.7060958084188425
16892,7.280435246377152
16893,8.758399592192822
16894,4.188940243986483
16895,4.298136894577845
16896,7.1210708113584325
16897,6.643480415895579
16898,4.821974973231374
16899,9.19907709637518
16900,6.902857132821566
16901,6.504660652300286
16902,5.4159992434287725
16903,8.514482100491529
16904,8.264376183878912
16905,7.744023559017528
16906,3.5406482457938155
16907,9.245795484407203
16908,7.211114703017267
16909,3.414678719634301
16910,5.90194076526616
16911,6.4917746728363195
16912,3.014170610678084
16913,2.201204677550043
16914,8.849565392960566
16915,8.118050402874568
16916,4.169458482179757
16917,7.271309255993074
16918,6.615549166448929
16919,4.0045085455457174
16920,7.105048917485814
16921,3.296680672210928
16922,7.803625423826776
16923,7.067438313720461
16924,7.45650537698628
16925,9.249646382649036
16926,4.3064828319485455
16927,1.8004341618198794
16928,3.971540081384391
16929,5.417350985370064
16930,6.348167606130908
16931,2.8450086486180712
16932,4.009999739777175
16933,4.329908742773478
16934,9.18309946729145
16935,2.9657739851656557
16936,6.540904975245746
16937,6.495181104301067
16938,8.023447159220716
16939,3.585140351976527
16940,4.105199887611725
16941,7.257287961929692
16942,5.014995317392988
16943,5.071433465706568
16944,6.711838430403837
16945,6.830548133964231
16946,5.380214612763147
16947,3.93840947793993
16948,5.619736872242547
16949,3.517512482591881
16950,7.613760706781313
16951,7.023249606143052
16952,7.880736756869393
16953,5.578962035717293
16954,7.583906006126501
16955,4.794581485108183
16956,6.757931201584555
16957,4.793486433586178
16958,0.8223068048997888
16959,3.488892828555538
16960,4.1624499182858195
16961,8.080349731241327
16962,4.089112648487724
16963,5.9646309813595595
16964,8.263604914088171
16965,2.778537528947977
16966,2.965554521084437
16967,5.784128190597289
16968,6.822751256940225
16969,9.951989784455517
16970,3.4065102331113986
16971,7.471251358236307
16972,2.4280235432853488
16973,1.1731365808739973
16974,4.238672842028837
16975,9.436162988892946
16976,8.484762916991889
16977,8.668986042342503
16978,7.0051893839920485
16979,5.067426773230242
16980,7.161527957188244
16981,3.336999484625979
16982,5.618126554555319
16983,6.977317653784843
16984,7.1444838469549286
16985,5.051059925058788
16986,7.352457136484168
16987,3.537785595559546
16988,6.552635770150603
16989,3.9749926545731977
16990,5.611818477425766
16991,7.538570298964139
16992,7.071877039189736
16993,4.947718374558353
16994,7.055583188640443
16995,4.637413170950716
16996,8.891670206812417
16997,3.8919552751236504
16998,5.280589276011797
16999,3.4975116529562897
17000,7.480441578448376
17001,4.338926709623056
17002,6.755874749220667
17003,8.340255367285454
17004,8.829805069212478
17005,8.830395204120268
17006,4.240992952873891
17007,3.644441245554531
17008,5.24418166606802
17009,5.360894940820814
17010,4.066514361164769
17011,6.6382379642485665
17012,6.1555051854511085
17013,7.308753085317436
17014,5.264100405182418
17015,3.153528969485091
17016,6.932151473030363
17017,7.187678252516459
17018,5.155664484932934
17019,7.7669052788913415
17020,7.325732122013956
17021,5.233602973531149
17022,6.16871212870233
17023,6.732012076187131
17024,3.438737023301982
17025,5.741082683908211
17026,5.127132381743576
17027,9.286343622689412
17028,1.489759834858357
17029,4.271793486477893
17030,6.446555561751471
17031,9.211043576740291
17032,3.5639263568651014
17033,6.2337570962357685
17034,3.6142819384631184
17035,6.771970902503133
17036,9.015974044796607
17037,3.0962030620920693
17038,3.4243693194788056
17039,8.775209832875856
17040,6.540969580185325
17041,7.076129510076207
17042,4.078279194605018
17043,5.382942092384681
17044,5.786989488541155
17045,7.044352225052306
17046,5.4433484886051575
17047,9.06444621774489
17048,4.519600366124939
17049,10.0
17050,6.804335896220323
17051,8.065489488715441
17052,6.403372989127916
17053,6.558237030889818
17054,3.8262585263450735
17055,7.771333353156624
17056,3.659407678239534
17057,5.556721460069202
17058,6.7007930026244935
17059,7.302236359297618
17060,6.11753031083017
17061,5.661612505162117
17062,3.1190156179756503
17063,7.280088182230303
17064,7.045124092710179
17065,6.844200764646702
17066,4.16357826113574
17067,4.861272883114641
17068,7.3827835005600315
17069,8.40378682817913
17070,6.464142616989022
17071,6.103549119707552
17072,5.80836171001158
17073,6.444169111717458
17074,4.023937152875172
17075,4.721288761565295
17076,6.2339775960868735
17077,8.264550407918101
17078,5.139578203426781
17079,6.402639305516704
17080,4.14309054786473
17081,6.172155924133113
17082,8.1796578298726
17083,5.086404253611821
17084,8.0231593191679
17085,3.7842998210855407
17086,0.8985671404409832
17087,2.3340478271906857
17088,6.860553015859263
17089,7.868266579577673
17090,6.525759626867853
17091,8.151612012167485
17092,6.707158461674187
17093,8.18342490516577
17094,2.1552003787518252
17095,4.91455390899457
17096,1.6552304888517257
17097,2.6052445992591835
17098,6.191080329815357
17099,2.1976408247819315
17100,8.06559701878184
17101,6.189682817990039
17102,7.754885791536314
17103,4.55229463143441
17104,6.789935889106158
17105,7.348696203295282
17106,5.866753079209058
17107,1.5925469714613039
17108,4.189927447218395
17109,8.470896339712635
17110,5.633801971398825
17111,4.727870415423632
17112,4.744723647421665
17113,6.490504407477752
17114,7.237793252421012
17115,6.75401367535158
17116,5.008098831902682
17117,4.708574089523806
17118,8.463493302447604
17119,3.5236725093587893
17120,5.624297074210077
17121,5.557286546231004
17122,8.582963511435025
17123,5.162611525400012
17124,7.649152225954312
17125,5.713052331891001
17126,5.075883023296104
17127,5.699730111215922
17128,8.025158518476385
17129,1.8704955823051774
17130,9.79607772977509
17131,8.655813045057139
17132,5.659406737418539
17133,5.968968571263757
17134,5.184225229290573
17135,6.263960728830585
17136,3.6967156264379595
17137,7.854546865584666
17138,6.695853487689548
17139,9.883436536371185
17140,4.9533136588265325
17141,6.085637936482362
17142,4.1884468646785225
17143,4.353912909644491
17144,5.097254552827147
17145,2.4991521441712186
17146,2.7134227416680656
17147,7.6922522131323845
17148,4.088926470924044
17149,6.636429942189173
17150,1.4140538107563598
17151,6.100271469412205
17152,3.0884927576446524
17153,3.8798035185090587
17154,3.4508512270200087
17155,3.292392376203212
17156,4.44480525672528
17157,7.382402135217854
17158,7.284394375096972
17159,8.150458742035173
17160,4.219281252031353
17161,6.581026283358255
17162,5.81271265338437
17163,8.215303045694501
17164,8.218803218856854
17165,6.112326557395915
17166,9.040199741113302
17167,6.18501466800577
17168,6.988936961886177
17169,6.271231699942467
17170,6.892838894659456
17171,4.947880915691596
17172,6.918716922390608
17173,8.589847347958136
17174,4.7854361036361865
17175,7.150418146631159
17176,6.296368700098034
17177,9.284461260071469
17178,6.51255430174477
17179,5.5138653333440315
17180,8.103028231352983
17181,6.834226347239765
17182,4.085498882370948
17183,6.647864351384573
17184,2.9469843259826627
17185,8.213599803089009
17186,5.134420541322718
17187,3.285951432695658
17188,6.362165150615167
17189,3.059941163293897
17190,4.527242372423796
17191,6.18870599180322
17192,4.107016113846228
17193,8.05415523900724
17194,2.833040149929705
17195,4.100431504497821
17196,8.615922144274247
17197,7.731280308940152
17198,7.762747245441028
17199,6.946319751509929
17200,4.8755809272593575
17201,6.327001585099877
17202,6.769702817324721
17203,4.668014868923516
17204,7.160446947688682
17205,6.018691653311449
17206,3.6919932157170976
17207,4.156574924538301
17208,7.991264213430272
17209,8.619790333488481
17210,7.329154082365985
17211,7.931069117934245
17212,3.1344137886005674
17213,7.027763734942713
17214,9.25740526824734
17215,6.088992875381375
17216,9.752226475426228
17217,5.300307227007378
17218,7.2002539395881655
17219,8.499917265965827
17220,2.7088590025677672
17221,6.032864526826357
17222,2.0893576054128067
17223,7.29795750680715
17224,5.6306586019476645
17225,2.2223506204912478
17226,7.2634889823030075
17227,5.833875911918412
17228,8.151617094724816
17229,5.504120385861786
17230,5.198846686698145
17231,4.274946259934383
17232,4.685275111915622
17233,4.674514611513245
17234,8.56093302797077
17235,8.509625063922329
17236,5.420235281558117
17237,7.37363115084006
17238,4.019998411861291
17239,3.9666376873120885
17240,4.1082388221507316
17241,5.146594074694878
17242,4.060817159661304
17243,1.663658962356437
17244,7.748308550726999
17245,5.655577441958179
17246,3.661198192613732
17247,8.784601123527207
17248,4.882722968884609
17249,5.6112263776507065
17250,4.010920274407611
17251,6.210226995937779
17252,7.226951998264835
17253,8.712793840987652
17254,3.4364295972068786
17255,4.574240334162112
17256,3.67740143496048
17257,7.844148570279038
17258,8.548885187077229
17259,6.591653563245906
17260,1.9592448173880084
17261,8.471198494503362
17262,2.960726712604867
17263,6.816653082124786
17264,4.804158256273802
17265,7.5092980970363765
17266,5.4194811687143405
17267,8.312655857495313
17268,3.083688969411535
17269,4.777064305165274
17270,7.008855888272629
17271,2.111148929243125
17272,7.207911626624313
17273,3.6433869389995
17274,8.417705592418267
17275,6.954302891059762
17276,3.0370329009037693
17277,4.213365505138182
17278,4.3204544222483054
17279,8.849397927313849
17280,6.269176737591414
17281,5.573324822330223
17282,7.303498588046917
17283,7.277740706191206
17284,3.3055586553096967
17285,6.387124000463084
17286,7.182543688645145
17287,8.389271216861582
17288,1.6050809145017437
17289,4.71786278096185
17290,5.211734252866181
17291,4.274350618648153
17292,8.47013232971304
17293,3.8973877588771457
17294,5.4468515887213815
17295,2.898172598276135
17296,6.716852323803252
17297,5.053469237243919
17298,6.948817810331617
17299,6.635389541229511
17300,5.495166859894823
17301,3.9234916717377213
17302,8.597113120578943
17303,6.2996359393187
17304,5.343939453311681
17305,5.991152296531865
17306,3.2089583935707404
17307,7.5817719223053555
17308,7.251564065676408
17309,2.1598863099793086
17310,5.848272285029782
17311,7.143028279917026
17312,5.802823262823792
17313,7.994215688092077
17314,8.487256803750972
17315,7.704383147982169
17316,9.150848863254168
17317,6.93986724019913
17318,8.071243846695786
17319,3.018259451635167
17320,7.126836226654348
17321,4.559572307849657
17322,3.6186019073831424
17323,8.014859812784318
17324,4.7376857338948515
17325,6.307808359852302
17326,6.47043833738967
17327,6.014579812726113
17328,4.8270963593145755
17329,6.625769808114194
17330,4.695700502550849
17331,8.363902585307958
17332,5.711857904553822
17333,8.871337722798092
17334,4.7392096686136895
17335,7.373427378176598
17336,4.632409366780312
17337,3.3382135925981418
17338,9.183137397544137
17339,2.2154254836304723
17340,7.0248225712325425
17341,5.427794217138303
17342,3.701089409057647
17343,5.7792421604223225
17344,5.682989973223022
17345,8.598193622520286
17346,4.656148578170294
17347,6.448176528091848
17348,3.0495473137740454
17349,4.561619543348125
17350,6.565729752416422
17351,6.823024080161366
17352,6.3302944746842815
17353,5.9385165576944905
17354,6.924512698683507
17355,5.73313966158539
17356,6.909749983137758
17357,4.25714727391646
17358,6.439332623424825
17359,2.5656521508509487
17360,2.2591784287668384
17361,5.691919120165987
17362,8.560339041378581
17363,5.504648630419174
17364,7.646014304703883
17365,4.707720047191745
17366,6.975910233978252
17367,8.378509521442766
17368,8.375914691905194
17369,4.981156646000157
17370,5.418521635990427
17371,8.136768027263122
17372,7.063083881462864
17373,7.380861057267972
17374,4.460102873878046
17375,6.162470707798859
17376,8.177831919683868
17377,8.071951192753207
17378,7.457673429302609
17379,5.7571836666793805
17380,8.64271101185361
17381,3.9334317587657797
17382,7.0876704564072845
17383,4.002067909002708
17384,8.321416882462572
17385,6.640405635897223
17386,8.640649918516143
17387,8.97315042115115
17388,7.730630276303421
17389,7.622247505039487
17390,3.0120439325396076
17391,3.9197251911035376
17392,5.398356696905651
17393,5.452499508662642
17394,7.367281120676044
17395,5.402255981717191
17396,7.022234006446151
17397,7.378827931097589
17398,3.5880177728599003
17399,7.4836244719040845
17400,6.244878547935194
17401,1.4577518440260082
17402,4.2133629175356235
17403,6.991157425403346
17404,6.078483915580928
17405,4.32069953543461
17406,4.073043680193724
17407,4.183478120165702
17408,6.200127438392038
17409,5.3325687606177805
17410,8.372057455461299
17411,5.227117741482393
17412,2.3651977421996166
17413,3.721383658691047
17414,5.589102185172161
17415,5.9889328133895425
17416,6.712379301067754
17417,5.413232304838532
17418,4.641657349300311
17419,6.416131956339165
17420,5.074529177323373
17421,7.571451881581822
17422,5.790349225983166
17423,6.343410846539447
17424,5.424227429706495
17425,6.867458745769365
17426,7.394054076847269
17427,4.579909832373496
17428,6.661066188739028
17429,6.313254839063411
17430,7.827167048955344
17431,3.9880599627329856
17432,6.739364793261862
17433,7.932689989147482
17434,4.978064562765812
17435,5.266669435035473
17436,7.091278334018357
17437,5.724808475803367
17438,6.716094623284837
17439,7.446403234189667
17440,6.296956763161633
17441,3.5704862120737944
17442,7.922306909483584
17443,4.831470187569396
17444,9.072953828092023
17445,5.502935321680834
17446,6.572982711835069
17447,5.507534245814853
17448,5.801598494834025
17449,4.188398812598985
17450,8.903401631167359
17451,7.4735831113577404
17452,8.592161508287077
17453,6.247857466631167
17454,6.8812410394030605
17455,3.3056495976114997
17456,1.7385685217884435
17457,8.291094318825875
17458,5.263718100016282
17459,4.506131434948987
17460,6.9879640697327075
17461,4.1264660189692375
17462,5.354123509483297
17463,7.513634435641799
17464,1.5183090438458517
17465,9.524167574699748
17466,3.1822370720658357
17467,5.975802279425675
17468,6.787062343357247
17469,3.7603407475737844
17470,4.114930629166431
17471,9.799476068583445
17472,7.982669342692466
17473,4.363238966967096
17474,4.049730639650525
17475,6.671182960134333
17476,6.937125637694248
17477,8.477596342758675
17478,7.230012892584711
17479,6.897086316117088
17480,4.617883536342931
17481,4.90616299176547
17482,1.7350211099821262
17483,5.599962382141534
17484,6.0785114281838135
17485,4.912574274250649
17486,5.168885429535278
17487,9.189788608300681
17488,6.657382076805627
17489,5.412342840129245
17490,3.623388764291631
17491,6.886040661757363
17492,5.80972261326056
17493,7.973259460710404
17494,6.135430890655571
17495,2.5375099729568733
17496,8.377000659540617
17497,2.693146093072018
17498,6.940997935096953
17499,8.578888195501627
17500,7.715196526912534
17501,3.522285261162056
17502,5.775246859744998
17503,7.16846305198842
17504,2.847783704761145
17505,2.3375045308792597
17506,7.550658860764734
17507,6.0778649214825045
17508,7.313497651236835
17509,3.75445674044271
17510,5.612153977564458
17511,6.802931552864775
17512,3.1020993558154046
17513,4.86840923643755
17514,1.995548634901572
17515,6.353285734971495
17516,5.427581276443668
17517,9.212752176249062
17518,2.1733100839720114
17519,5.893536207843615
17520,7.6296744647591535
17521,3.8592591465273918
17522,5.04986162000668
17523,7.5697778655186525
17524,8.740703660003954
17525,4.868750951476118
17526,8.836412864623554
17527,5.367836334916131
17528,4.231188333845508
17529,4.934529911833302
17530,2.4474573675438243
17531,3.7476151649367124
17532,6.485265370608961
17533,8.002016361892755
17534,3.068393245543918
17535,8.4517917394171
17536,3.8429276073195338
17537,5.403148694361878
17538,6.521817048770799
17539,1.2609248109215523
17540,7.41816343985715
17541,9.36174461147132
17542,4.6390167682583066
17543,6.4375309731871875
17544,5.201677134315084
17545,3.6298006807832754
17546,1.3823467805748804
17547,7.474865347516799
17548,5.142535847436212
17549,6.490974977922465
17550,7.692996308842111
17551,5.973196411315119
17552,8.1664349943188
17553,6.596776475375778
17554,3.7945602274829042
17555,7.36441354557739
17556,4.342773654033305
17557,6.268574513088762
17558,2.986837766729747
17559,5.7922222825243725
17560,6.100824715468005
17561,7.741845363138209
17562,8.412952993433443
17563,8.709217803509762
17564,5.997498686555145
17565,3.330575604849115
17566,6.273879275589799
17567,6.541235162563584
17568,7.319605006750663
17569,6.6559939477967465
17570,7.8931834838063555
17571,8.46342195202769
17572,5.515298407353666
17573,2.769786689729254
17574,5.518241695592764
17575,5.516285352503645
17576,4.954030773948281
17577,5.974675040676271
17578,5.445675784571661
17579,7.537403893964976
17580,8.351143604796711
17581,2.04267256425379
17582,6.562213029405594
17583,6.75498343230457
17584,5.707300994032898
17585,9.041886266010078
17586,5.533016996365924
17587,4.122153086451593
17588,5.466488173612844
17589,5.230917560253233
17590,4.422543321988363
17591,5.745024274969808
17592,4.305220855508949
17593,6.619847895331632
17594,7.404773761563888
17595,7.465840328696274
17596,9.755301643420523
17597,5.115102515297819
17598,6.800047877020955
17599,3.97991001797451
17600,9.455203678306495
17601,9.003335851035013
17602,5.15420234971725
17603,7.2859225569017925
17604,2.848474784064628
17605,3.774235532488794
17606,8.315401623198337
17607,4.885111259543478
17608,6.958299683196459
17609,5.676084058555198
17610,3.8456922499006874
17611,2.240233332184727
17612,7.466845871041091
17613,3.5159732911646673
17614,8.65002754303425
17615,7.626327008919038
17616,7.9288587859279165
17617,6.802843356284963
17618,6.821121102610909
17619,6.172346856261606
17620,8.657403367487136
17621,6.0938392061319435
17622,4.1403204850192274
17623,7.979481558284264
17624,6.975270550652325
17625,3.8496716448919406
17626,5.115873266014969
17627,6.700041057141643
17628,3.3944453593083996
17629,4.827735903838715
17630,7.3331589656752305
17631,4.922062906870991
17632,5.897982118849749
17633,6.118667638190245
17634,3.62920117236225
17635,6.2144916212910015
17636,7.47899647275965
17637,3.550652857421518
17638,6.351975043423523
17639,6.486306431819306
17640,8.349412878237695
17641,8.046835122393919
17642,4.698298448989534
17643,6.0441211967957145
17644,7.912244608906475
17645,5.27276078515374
17646,6.523850472672122
17647,6.044767821166339
17648,5.921219596490338
17649,4.319626155906411
17650,5.724196984464917
17651,7.0123414412292515
17652,6.277579087620512
17653,4.718669241359791
17654,1.4818236390291633
17655,8.113427679579102
17656,4.155689971097191
17657,6.489879389199716
17658,3.6311665553501693
17659,5.5619549364148355
17660,5.839405196761916
17661,3.2409790679457133
17662,2.2520853369985216
17663,7.349111837391712
17664,6.598134548386513
17665,9.70351166542529
17666,4.454857337331549
17667,5.910908221601929
17668,8.707893260203187
17669,7.777717006967096
17670,2.6166090231456325
17671,6.116562024068832
17672,7.255897466345696
17673,9.141392448418557
17674,2.2973153566437374
17675,3.08713479773719
17676,2.866297733329457
17677,7.3106499789224
17678,5.146701515563851
17679,4.643218278786684
17680,8.96683953664714
17681,4.742032195558253
17682,6.9108248730179636
17683,5.471645721555091
17684,7.764607614073746
17685,3.771692596607868
17686,5.933326017105028
17687,6.7192698158399535
17688,4.198583958782702
17689,6.302005095007516
17690,9.655493092873833
17691,6.4457322766073375
17692,5.814295821668356
17693,7.157699119151367
17694,4.9706683984873266
17695,5.347647223751739
17696,7.711000272198298
17697,7.750498268448743
17698,7.947846485992865
17699,1.637307681178549
17700,6.54986375444709
17701,6.5252196847480946
17702,7.403371283263118
17703,8.110933875483436
17704,4.192712226727968
17705,7.024513471831742
17706,5.416545299956948
17707,4.305302697704336
17708,4.3956209501705485
17709,8.878294212315112
17710,3.739908700007183
17711,7.824888638493604
17712,7.574841056706503
17713,4.113244689794486
17714,6.62681724045205
17715,8.95204781207546
17716,6.071259919199576
17717,4.095302945860347
17718,5.791051289507984
17719,4.832491750980918
17720,6.567457925311972
17721,6.259947745735723
17722,6.261923581173422
17723,6.027555181007239
17724,9.251654825352547
17725,6.324430635458705
17726,5.92969176383671
17727,7.9116310033801955
17728,2.163418553237304
17729,3.8975630116142197
17730,8.592909672777658
17731,9.787019433514716
17732,6.643926857710763
17733,7.525322669551861
17734,7.991245916097162
17735,8.018603958985432
17736,4.51891916446422
17737,9.101760529485484
17738,5.604988268852042
17739,4.076932843560619
17740,8.057416317909095
17741,7.3040896150952985
17742,9.331812802405723
17743,5.940067483937807
17744,7.350812032897898
17745,8.517249258699042
17746,8.379225536618064
17747,4.537815341550529
17748,8.021894559853717
17749,6.25473287442619
17750,4.862056733397629
17751,4.146188934719097
17752,5.712798618985249
17753,6.955105644934113
17754,10.0
17755,4.941768400568614
17756,4.2658402142375875
17757,5.70982915836246
17758,4.533100505304718
17759,0.0
17760,6.3989875243796135
17761,5.999929948216576
17762,7.071208558211308
17763,8.720223383886658
17764,7.3442805521835455
17765,3.5801328229200755
17766,7.292289048797314
17767,4.683531392813415
17768,7.072409096265202
17769,7.161810562530595
17770,7.50018379044622
17771,2.7486916284816463
17772,6.010360761964193
17773,7.922790043979032
17774,7.943922683387237
17775,6.055293637962267
17776,6.2905512822361125
17777,4.843287023461414
17778,9.41592921081358
17779,9.099537645960067
17780,5.1768427984289485
17781,4.441427341492691
17782,4.710769301483511
17783,4.0154874441757915
17784,3.515498996808179
17785,9.489498489031002
17786,8.198126137780278
17787,6.211943764769765
17788,7.71561101035209
17789,5.547850218846507
17790,7.927109402890476
17791,5.574111915514454
17792,3.892491813036325
17793,6.282375805768134
17794,5.583916048774173
17795,4.686129631050198
17796,3.821140791856241
17797,7.2211954409705665
17798,5.701433089244703
17799,6.315262926966197
17800,5.139338700599803
17801,6.226165962577879
17802,8.348713892249682
17803,5.694801126183423
17804,1.302018223428333
17805,7.519099890764985
17806,7.211832030831215
17807,7.133971443775065
17808,5.943672056159149
17809,7.298700120679392
17810,4.982120672544379
17811,3.6369780697483685
17812,5.078099859666205
17813,7.837625893027482
17814,5.4208428064929155
17815,1.9258500404333962
17816,6.374292525645271
17817,5.0083040872167235
17818,5.510929255335261
17819,7.076552255479498
17820,6.970662168779322
17821,3.869889689569442
17822,7.537282019842294
17823,8.522504494144837
17824,5.84371718419697
17825,3.2895452975071473
17826,6.726126358334659
17827,4.602452191222628
17828,4.64068203740322
17829,5.988774860868875
17830,3.5517027001425783
17831,4.224865468640186
17832,8.13068829553471
17833,7.7148540979262155
17834,6.220431967634548
17835,6.127227471300594
17836,6.679355045725955
17837,6.952484610214188
17838,5.261172211275169
17839,6.410712016257723
17840,8.297627700693724
17841,3.9051800108460166
17842,5.316528200159141
17843,7.777816355794856
17844,6.418854846207551
17845,7.535910947435314
17846,4.5889386939709285
17847,5.187767339323816
17848,1.4198743011927997
17849,6.236013216036929
17850,5.297184708524315
17851,5.219820635413559
17852,5.168072996379808
17853,2.895157090797689
17854,3.8251344784452033
17855,8.911006471964923
17856,6.489018320677518
17857,8.272028569275351
17858,6.221164188326473
17859,8.465088972331834
17860,6.910257033891739
17861,4.5116427961070995
17862,3.4472312307616537
17863,6.901897166368835
17864,4.9932788255941825
17865,6.748487537119955
17866,6.0733987626129196
17867,8.39982401863794
17868,9.0275813337761
17869,4.809492257297452
17870,7.255711275764078
17871,7.678963527453764
17872,8.444998099235182
17873,4.01771437385395
17874,9.450480961088761
17875,4.956853353712608
17876,7.481437822019776
17877,7.967236802351682
17878,6.332541981218961
17879,5.258038046670079
17880,6.299432277337595
17881,5.545533360646555
17882,8.146467375858734
17883,6.096228757174222
17884,1.4758389850689886
17885,2.770770060764181
17886,6.174212859035195
17887,1.6964376511104522
17888,2.51925977567524
17889,8.135601252952252
17890,8.859064328789652
17891,7.147677555958047
17892,2.922369942647156
17893,7.3303732186243655
17894,5.107468880950622
17895,5.604344765156209
17896,3.9812336127923533
17897,3.6147859895761174
17898,5.887280581112738
17899,5.218147957063848
17900,5.636504845830128
17901,6.061470095165621
17902,7.8884170741543125
17903,5.85508863227201
17904,4.651269120911761
17905,6.668528941648519
17906,5.720281106089766
17907,8.644426022182103
17908,4.944179995749892
17909,7.583264760678453
17910,7.435356960921675
17911,5.519477659246456
17912,7.089582840102466
17913,7.898009576921491
17914,7.255923428003874
17915,5.961393128587469
17916,5.760612078921182
17917,7.69169753720459
17918,4.984339832581009
17919,3.659926019411898
17920,7.001671963581804
17921,3.991899771098322
17922,9.04605014432599
17923,6.434505682791146
17924,2.586319192795744
17925,4.494180432066301
17926,4.785664605247346
17927,4.0991712480817775
17928,8.734080129655672
17929,8.617130565647646
17930,5.712061810894204
17931,4.3144689954918185
17932,1.3736707744820071
17933,7.149318835924519
17934,6.306771678856793
17935,6.674900357241532
17936,6.833123852266217
17937,6.371271943153972
17938,4.5667194471654025
17939,9.400663256470477
17940,8.75471502675855
17941,4.676900015609631
17942,5.032552367546611
17943,7.172164378506732
17944,5.385288244016338
17945,9.212476381433794
17946,6.575249767613365
17947,9.219489407343023
17948,2.4659118654934478
17949,4.1175739676173
17950,5.491299230179779
17951,7.881327218318736
17952,7.039839778214522
17953,8.70045291778652
17954,4.030150698781508
17955,9.810330841749618
17956,9.537413729476814
17957,7.59986718513965
17958,7.556127214353722
17959,7.155973461488013
17960,4.095903388489221
17961,5.93335915042825
17962,6.237893246028567
17963,6.3364425128154584
17964,5.0333573215477845
17965,7.874420035144611
17966,9.08228319855599
17967,6.369555893251733
17968,7.61034847181401
17969,5.914858845914643
17970,7.319037457892314
17971,3.8292333835112196
17972,7.52910373819981
17973,5.3630225849643
17974,8.00292846242641
17975,6.241703730255368
17976,7.855164420504481
17977,3.6545214134065116
17978,3.9772934624318346
17979,5.373122586325653
17980,6.471842354394017
17981,4.465953196137565
17982,7.291932914149661
17983,5.939742254970418
17984,4.153181400964668
17985,9.448760855218449
17986,8.57493575455981
17987,7.960062630012784
17988,5.651040158744832
17989,5.899290619293523
17990,4.622804675276088
17991,5.84462012009682
17992,8.57617591314975
17993,5.443560334767343
17994,4.2142747261832465
17995,1.8652072322461546
17996,6.63968175109129
17997,7.055561873669806
17998,4.956187626367792
17999,5.003031841523288
18000,3.8710905011286436
18001,4.736202834696069
18002,5.308856381742513
18003,7.007800036527671
18004,4.5617477941205395
18005,3.572382721891274
18006,5.005640560168773
18007,4.075841006064187
18008,7.653257105817209
18009,1.8049160175374581
18010,5.822901838315845
18011,6.965612436184097
18012,3.9288396750183314
18013,9.222403741990306
18014,5.385726593143139
18015,8.806339532520463
18016,8.89623232159973
18017,6.941114005299957
18018,7.667366710571957
18019,5.94300780600395
18020,7.5906138913136605
18021,8.283328966922312
18022,5.470072592306484
18023,2.8334626752396286
18024,4.204195036773843
18025,9.01631538597098
18026,5.399842432569246
18027,4.98706968950055
18028,5.279401741240462
18029,8.432505787928616
18030,7.729479405998886
18031,7.281023131494575
18032,7.992814527997291
18033,7.976492755799862
18034,4.690055307950161
18035,6.354628143763276
18036,4.364655550223153
18037,7.608306283863591
18038,6.6224445429026
18039,7.365191483359197
18040,7.13787618090711
18041,2.379590442848446
18042,5.963499621705158
18043,6.614073768327794
18044,4.003027770625651
18045,6.490451502778311
18046,3.646584908751672
18047,3.38264802336183
18048,6.291515118687989
18049,7.107474181064906
18050,8.776326476888812
18051,5.495609787779559
18052,5.342499646621887
18053,8.485184808797065
18054,6.138619929157365
18055,6.338345202135734
18056,5.8707198839308985
18057,7.139100367304083
18058,6.867144089369239
18059,5.500168998053191
18060,5.504002166087336
18061,7.539908217863543
18062,7.523005143560923
18063,2.331939522946267
18064,6.345455081791726
18065,7.648749553196865
18066,4.950676128623522
18067,9.066121352027297
18068,7.317094950914003
18069,7.362421609886067
18070,5.576686067205625
18071,7.094901129460024
18072,8.227123530671806
18073,6.59674266482164
18074,4.341736018372629
18075,5.299672002247388
18076,7.002883503655746
18077,7.164376116234286
18078,5.927674473823069
18079,9.109898188703061
18080,2.0702813650041083
18081,8.563438011736142
18082,9.149299764031593
18083,7.5095563766486695
18084,7.313487076642685
18085,1.2560874939634674
18086,5.682664417855882
18087,4.941528775372573
18088,5.640516995398009
18089,6.79166129682839
18090,7.209188078187758
18091,6.0557827852584625
18092,3.394471914736251
18093,8.154808608492655
18094,6.03935712756984
18095,7.8055023528738605
18096,6.240766015808307
18097,7.537203488722556
18098,4.640468893153223
18099,5.86512805693723
18100,7.021353808250759
18101,4.066122441790405
18102,9.061741171781893
18103,4.37049931952205
18104,2.8880082772516626
18105,5.887366769327575
18106,5.563859041073775
18107,3.8360862795343618
18108,7.261455305439331
18109,4.8811644079273995
18110,6.773294237286336
18111,5.017925567426674
18112,9.114414165735479
18113,8.806683726400966
18114,6.751123201457634
18115,3.1454576835273094
18116,2.9685691227756426
18117,4.65828417119796
18118,7.589956219533933
18119,4.910626746559982
18120,3.1433845044314426
18121,4.933188778496508
18122,5.018996928053852
18123,3.6794696834880867
18124,4.9261230488621175
18125,9.09582026098619
18126,2.7245765445164745
18127,3.9065336136936577
18128,7.295654437766514
18129,1.9890195970913966
18130,2.3490177370885315
18131,2.6588532770489284
18132,6.712009524985035
18133,7.077424679636737
18134,7.54069086402906
18135,6.365544374306325
18136,8.740554473018713
18137,4.669953249874252
18138,6.441193979615869
18139,7.035559687732331
18140,4.863256836240619
18141,3.4605839955615867
18142,9.193425207124006
18143,5.512837599267735
18144,5.222166287334869
18145,6.1343657181447355
18146,5.099016777869022
18147,6.720666493369253
18148,7.967203202812556
18149,8.31436752472155
18150,9.014669961457965
18151,7.579523507693391
18152,5.831229521257775
18153,4.921365874037311
18154,7.620113657228215
18155,7.27747085034339
18156,4.945095313807968
18157,9.707492146865723
18158,6.481988374880258
18159,2.6270694302088966
18160,9.10210779328451
18161,4.210695528819652
18162,5.105098456349921
18163,4.637611811805293
18164,8.836240696051533
18165,3.319582858513758
18166,8.56736267215875
18167,3.1927704242930046
18168,9.100602450452909
18169,8.199527384052736
18170,4.99705589461439
18171,6.5136129996810155
18172,4.978886937636319
18173,6.087071165734265
18174,5.236189907871299
18175,7.963612801435913
18176,6.717910038033044
18177,7.719905652284258
18178,0.9926566532549979
18179,6.5512206990269375
18180,5.52291373752885
18181,9.350769013701552
18182,4.1258699990729975
18183,5.489145971400402
18184,6.6996699410407725
18185,6.712633646680952
18186,6.729690502811677
18187,4.077363384318984
18188,7.1542817082983445
18189,8.178108702722362
18190,8.616774413514168
18191,5.494585312750569
18192,5.84639050677636
18193,5.057412785990587
18194,3.7052663401868458
18195,6.545889176205568
18196,6.623695492323663
18197,8.201664438477742
18198,8.634183643717353
18199,4.4821770521135615
18200,8.101105746061982
18201,5.897001130630876
18202,5.674137196600682
18203,8.982312404340385
18204,6.893639840649469
18205,6.9770747194113465
18206,5.880897667467322
18207,9.515041128367635
18208,7.152447279997556
18209,2.7871173857675338
18210,8.391521687088499
18211,8.550657938585898
18212,4.337545979585353
18213,8.754163159397052
18214,5.516166425099454
18215,6.914907102579981
18216,4.455244890888892
18217,5.32061508082454
18218,4.295783040835289
18219,5.0266268520271
18220,7.859843025874951
18221,1.6348568545910602
18222,4.4650586374696895
18223,4.760750551854083
18224,4.659950050690696
18225,5.502423414679732
18226,6.767024601391346
18227,4.762430551413266
18228,4.905208966871617
18229,6.580135423841664
18230,1.180686711653956
18231,5.950176215285156
18232,3.5041134627103454
18233,7.396624707580895
18234,7.204459229831955
18235,9.69592132329113
18236,5.573634726454219
18237,8.897659563161074
18238,5.411737039322808
18239,6.328439002879696
18240,7.9839719957539135
18241,8.554244138135141
18242,6.745137583532722
18243,6.807520875240803
18244,5.689452716121257
18245,7.6285210220306165
18246,3.089019562599435
18247,5.087199303543384
18248,4.245063313879346
18249,6.880190858932993
18250,7.293852360191167
18251,6.19028742310481
18252,3.514615957339152
18253,8.054098598305421
18254,0.7275232479394855
18255,7.515209286582964
18256,4.06781410870509
18257,8.290116887877996
18258,5.36279939633159
18259,6.598001114964638
18260,8.990884791156493
18261,3.579902883331996
18262,7.362540928565087
18263,4.885960563365107
18264,7.614385368442585
18265,4.012897952723261
18266,8.006921439254963
18267,4.9593441358929535
18268,5.837309811127513
18269,8.838754352485639
18270,6.647823468632297
18271,5.8418234723014795
18272,5.753982980543297
18273,5.731941845671091
18274,3.064830051834419
18275,2.3613385805552145
18276,4.307160497613085
18277,5.728340779383458
18278,3.5975885892010906
18279,8.2140376009719
18280,6.075152587207978
18281,7.51984633718078
18282,6.136007965385689
18283,2.7694699277812624
18284,3.3424566241268554
18285,4.901104294397957
18286,4.1352695398436765
18287,6.390586991977226
18288,7.199759942532118
18289,5.090521561103686
18290,6.0876128938989815
18291,8.983721447018814
18292,4.508079198773863
18293,7.831043082873009
18294,6.385865034560211
18295,6.739610783021535
18296,7.998176249760798
18297,8.98271446534152
18298,0.49598642282385175
18299,1.9416723258584132
18300,6.178442576384389
18301,5.351458446196134
18302,6.028102217975829
18303,4.9886960134042635
18304,6.912418604984733
18305,4.784570742351395
18306,6.67177994138541
18307,4.170208953150231
18308,5.850308044237392
18309,4.6674373417705945
18310,7.27104275871878
18311,4.529108505714656
18312,7.480876734609119
18313,5.09403331230728
18314,6.372187445538226
18315,4.56373437117045
18316,10.0
18317,5.636098133712854
18318,5.637028574075908
18319,4.017106094550479
18320,4.408332223678758
18321,2.9178443157539578
18322,3.5320396441498856
18323,4.4751270124436315
18324,4.967149476379684
18325,7.130422064839758
18326,4.327536141967723
18327,5.364420783334953
18328,4.153905884915844
18329,2.8564291279627163
18330,5.667329369783627
18331,6.874191121515147
18332,6.014939066806194
18333,4.675276301090376
18334,6.277181963451152
18335,6.7174063689508685
18336,4.846605589710421
18337,5.891649215545082
18338,7.63578377144864
18339,7.53389654598576
18340,3.7261348657803124
18341,9.479978844385347
18342,3.542133289599553
18343,3.657969299249845
18344,5.427967989142067
18345,5.350585624403398
18346,3.809388371653134
18347,4.224187795358745
18348,7.009319052260348
18349,5.21559422267926
18350,5.7642163864083376
18351,4.7985764712932575
18352,2.1749148641206912
18353,5.82391789172416
18354,4.01158443873543
18355,3.9635157825184257
18356,4.6657667132007425
18357,3.7329551201916793
18358,8.450390927131732
18359,5.097191705767444
18360,8.599704214875093
18361,7.504458369134873
18362,7.93106124120133
18363,5.3392804871088115
18364,8.206739707395212
18365,6.912655333396884
18366,7.217831041743003
18367,6.842145233841777
18368,8.11566670847743
18369,4.279435160922636
18370,3.1429666662111764
18371,8.278769598384347
18372,7.153200571168465
18373,7.141513519054123
18374,5.898526667450471
18375,7.754972790511723
18376,3.9501144743494594
18377,3.309678113271203
18378,6.074932682062673
18379,5.588698986729501
18380,5.768010044305764
18381,4.007890931757938
18382,7.094823454287785
18383,3.756386023426826
18384,6.997620027194059
18385,6.078784562867653
18386,5.908587484382148
18387,6.038937845271995
18388,7.726291415659565
18389,2.9677292435608114
18390,7.835577421539076
18391,2.8878118642030395
18392,3.9697985892437013
18393,8.162887612117053
18394,8.107750806386711
18395,7.008569662981932
18396,6.615064939733331
18397,2.228201477563286
18398,7.0340740035136164
18399,7.865278779319473
18400,6.72937553092845
18401,6.473535846108265
18402,4.45314056329232
18403,4.25852378339458
18404,3.7673882342546117
18405,6.830923749942906
18406,8.079660842103738
18407,6.053088759959803
18408,5.835325425354138
18409,4.754615202788712
18410,9.535445791966902
18411,4.378390138324367
18412,4.912679323892083
18413,5.876871079169427
18414,3.3915824391050022
18415,5.353714454468569
18416,6.917455059107942
18417,6.235059222758443
18418,6.522556521075955
18419,6.304389032247958
18420,4.833492701562137
18421,7.9431936937559975
18422,5.160487580379837
18423,5.1066205983163595
18424,8.329845409906115
18425,3.9775559724868135
18426,6.437432826665759
18427,7.621659825459318
18428,5.4942567761850984
18429,7.695180861637896
18430,7.5360310538945905
18431,2.319609302747907
18432,4.621858152569537
18433,6.6174572729678
18434,6.355048886049295
18435,4.96069623916501
18436,3.9981043405838266
18437,4.967578144995179
18438,4.436514616043141
18439,9.033652651801955
18440,6.974518383923824
18441,7.308829382677899
18442,0.6384611919095757
18443,4.894086081581891
18444,4.781756602207508
18445,5.205671346056399
18446,8.012821155482861
18447,5.306452293494262
18448,5.721373611298757
18449,1.8791697978445354
18450,4.281264820757619
18451,4.763077200312463
18452,7.081607192892384
18453,2.5312734703191095
18454,7.906708922042019
18455,8.126974297745784
18456,4.91982904784449
18457,5.937591841638962
18458,6.836562588160535
18459,3.108440160245398
18460,5.128552755895852
18461,3.9199468040635663
18462,7.458585522029282
18463,4.404082094819804
18464,6.192888548275313
18465,7.56319090082912
18466,6.150113883975408
18467,4.0059938532554575
18468,7.741714868287614
18469,5.248563467925432
18470,6.521080205728891
18471,7.788946763892508
18472,8.083519570679888
18473,4.372972913214788
18474,2.0519393094810168
18475,4.719681969074589
18476,6.418338057210586
18477,7.0759316967778005
18478,8.009431749101333
18479,5.12693035881092
18480,7.048061092910128
18481,2.1816998394142675
18482,5.12689069049474
18483,6.3816211595897725
18484,9.278815946247247
18485,4.450737242757318
18486,5.336758586073553
18487,5.387168055128824
18488,5.816260089047339
18489,2.186844749408413
18490,5.443420610776622
18491,4.8189085292639
18492,4.232008656464754
18493,3.7763370780005747
18494,3.690197673283729
18495,5.646598843657619
18496,7.494825492924032
18497,6.430370706301054
18498,7.647965186454119
18499,5.334974978882829
18500,4.289296642781293
18501,2.107289929769056
18502,4.788201235717213
18503,8.240061283170169
18504,2.706947896037697
18505,5.514928250272026
18506,3.1447859374391554
18507,5.03194100720648
18508,2.029433842999837
18509,5.244027383382193
18510,6.5316326368559015
18511,5.178201468956698
18512,6.700773359271743
18513,5.706626497978717
18514,3.7663440619077204
18515,4.638366822964818
18516,7.819587134325079
18517,6.061767248106597
18518,5.129183207578717
18519,6.548034821575041
18520,7.207402601121304
18521,8.508753997165678
18522,6.536270156063695
18523,6.809046611057815
18524,0.08225357129235533
18525,5.4714759700150575
18526,5.593868632427428
18527,4.985449084035753
18528,8.696734714775223
18529,8.442155282700943
18530,4.707889098435972
18531,2.866661723634364
18532,5.793623842837023
18533,5.011564512135613
18534,7.982615564781063
18535,8.08760501912244
18536,8.190797061531029
18537,3.5278695684802974
18538,6.233066169301158
18539,4.549256546492781
18540,8.275620428432852
18541,4.0330889558208405
18542,5.356184123959058
18543,9.240551810258241
18544,5.894054644597676
18545,3.640028868753757
18546,4.548813032187506
18547,7.8670191081831184
18548,3.6396521436740708
18549,5.729157007183191
18550,1.2977990643352246
18551,7.951751129268132
18552,3.5609846376191188
18553,6.391606630603279
18554,4.141834176960971
18555,8.37363402854222
18556,4.709217387254046
18557,7.451674620635381
18558,5.307314469939024
18559,2.0238665369623003
18560,4.855326556223974
18561,5.006525580887425
18562,6.860087932057818
18563,7.345925591802413
18564,6.916465891689908
18565,3.4253907055452353
18566,9.278648953047721
18567,6.766827422263448
18568,2.2751828795597646
18569,9.52296282331389
18570,3.0937409980608654
18571,7.735945941376819
18572,5.8465486654374725
18573,5.270925753905082
18574,8.538427550271043
18575,5.886329273665141
18576,7.164316067779312
18577,6.556733285035955
18578,6.564760596089267
18579,7.836693966397693
18580,4.349114547494162
18581,6.564738747017763
18582,6.206586788708376
18583,6.628167263216018
18584,5.845471523302739
18585,8.161051498392968
18586,7.991248623214471
18587,4.397375196139689
18588,7.899869951406394
18589,7.407228035336342
18590,7.729982531593494
18591,3.561522152331794
18592,7.423373200904221
18593,8.040589710513606
18594,7.843370559748987
18595,3.545499977286756
18596,5.569675448738381
18597,3.4337228638370423
18598,4.673329155077571
18599,4.073537881764629
18600,7.266862046205053
18601,8.442919401225529
18602,4.904506103055356
18603,4.898680703910173
18604,5.016381873424044
18605,6.0074616428511955
18606,2.5847938762171134
18607,5.306287055845512
18608,8.745519976933972
18609,4.738850425587105
18610,8.084430951268855
18611,6.7363791680653025
18612,4.859511355678202
18613,7.275929419080646
18614,4.320835845404826
18615,6.4903886806890645
18616,2.4610536676598924
18617,2.9824838285619206
18618,7.465683751426807
18619,7.207989925621473
18620,5.939873624658325
18621,4.0119533382186425
18622,6.365888994566872
18623,4.52226263727224
18624,6.8471116598188955
18625,7.517660115303376
18626,3.763755917529313
18627,8.367918413146205
18628,7.802699399318361
18629,6.6744734697203985
18630,5.269547962019921
18631,7.001935808769914
18632,3.0935426911993753
18633,9.362247786400491
18634,2.4710289211459737
18635,5.523135244556359
18636,6.712955527917292
18637,5.855719357408099
18638,8.863912089343
18639,6.074359263265027
18640,7.861316459969732
18641,0.9458697411603358
18642,3.5289906594173033
18643,4.832856530237125
18644,6.847221300395558
18645,7.206620921531748
18646,3.2996564324296256
18647,4.1074518279545345
18648,5.973094261105987
18649,3.5003803914782887
18650,5.720562002667376
18651,6.112580337674871
18652,4.64703166004146
18653,3.7424872974576275
18654,5.219110495728578
18655,3.1025962855120377
18656,9.397824127713031
18657,4.763755536043644
18658,5.294217244535584
18659,5.06616004526369
18660,8.074923906636277
18661,7.366024759370463
18662,4.701452418547951
18663,8.09187856380948
18664,4.51191803685155
18665,8.978464689311014
18666,5.4057438364552
18667,8.850976006166606
18668,6.364853010552093
18669,7.065401641359513
18670,6.891134727262005
18671,6.732444406079717
18672,5.565094428404931
18673,7.343562464571213
18674,4.822489117174353
18675,5.078779173266771
18676,6.147973184506627
18677,4.916550602361238
18678,7.837139201937452
18679,6.568941812189246
18680,5.050859335793148
18681,6.529134795042772
18682,7.333330376348293
18683,6.752089348498279
18684,3.251633210038911
18685,4.311448914171536
18686,4.688566911735974
18687,6.3373242466833
18688,9.071026854689643
18689,7.398125376941308
18690,2.503619209967768
18691,6.280794103766621
18692,8.925321772671328
18693,7.9686135356864085
18694,7.114964761532238
18695,3.3520194314489813
18696,8.881079513557921
18697,2.967337389961137
18698,3.7902984552724623
18699,4.4283728841063015
18700,7.5899441994778485
18701,7.525244667282715
18702,7.791216499698497
18703,6.715133024107261
18704,3.750376842566478
18705,3.936862866609807
18706,4.790240441862506
18707,8.345155774838469
18708,8.984135732821445
18709,5.566447338717598
18710,5.409449479945163
18711,7.7501613811401215
18712,6.91838320559682
18713,5.466083204677678
18714,7.68289942640856
18715,4.743337740308048
18716,6.787994397891994
18717,5.270661381415585
18718,4.219192973621427
18719,5.482804839000928
18720,4.0585267999991474
18721,4.892242741519392
18722,6.240248256448371
18723,9.244775018136457
18724,7.523079885826277
18725,5.632287513851848
18726,9.145536501705687
18727,6.832304449559373
18728,5.8788041636889625
18729,8.395837220898594
18730,3.726293749484134
18731,6.783016690716012
18732,8.030297034685017
18733,4.518817278333292
18734,7.25427867028918
18735,6.039433688223945
18736,6.034272507077299
18737,7.692883496042903
18738,2.6301591715505337
18739,4.084517154190968
18740,6.44149562560595
18741,6.186974995439532
18742,7.283153072998064
18743,5.224576636225768
18744,4.215806328036166
18745,7.741353832815643
18746,4.010500877219881
18747,7.7016457681988495
18748,8.536301834873557
18749,2.4709550085110075
18750,5.210999260728588
18751,8.323160283400844
18752,5.9124099415883
18753,8.24717164265996
18754,4.307875327140412
18755,4.934011887462319
18756,4.614999694889653
18757,7.3335762201450825
18758,5.2713304158748775
18759,3.976497411663675
18760,6.548992335915147
18761,6.654928260105908
18762,7.615208777005984
18763,5.079432565638135
18764,5.211860579501609
18765,8.269508800343953
18766,7.261726084806961
18767,4.744821977105978
18768,6.267500219459088
18769,1.0182492477145315
18770,5.126978816036196
18771,1.6975561392556004
18772,4.409565876432664
18773,8.368958872629726
18774,7.912635985540156
18775,7.298086052932028
18776,7.701456187871014
18777,2.152678227072114
18778,5.6806901594635075
18779,8.418054329429586
18780,5.714887350752113
18781,8.886559001476407
18782,2.0232909173545375
18783,8.207989358457889
18784,6.918335159025059
18785,5.881738656852446
18786,8.560614629971528
18787,7.0456771999106715
18788,7.5100471908285265
18789,6.285346239817353
18790,10.0
18791,5.6646702628780385
18792,8.895005458900393
18793,7.123845005581268
18794,3.951201887048815
18795,8.473564773093551
18796,6.547699345600253
18797,6.252798098123157
18798,5.858655133697705
18799,5.365772393665887
18800,6.035400710919461
18801,5.763667752342193
18802,7.004256106617686
18803,6.65664742908132
18804,6.827050906990734
18805,8.736833552047926
18806,5.300963336103971
18807,4.630014501491851
18808,5.189768640966699
18809,7.539388927161239
18810,5.877842458935407
18811,5.13710632915266
18812,7.306931639944743
18813,7.820964121403456
18814,5.598878675507558
18815,5.736411405983166
18816,4.170339534440139
18817,6.333523943187785
18818,4.796157950266116
18819,5.357178295850088
18820,7.273637411733107
18821,5.25599172802252
18822,1.4399028840119525
18823,5.929721299138789
18824,4.49121445719314
18825,2.73870157218386
18826,5.711706277409942
18827,3.5851392473449915
18828,3.367994255684529
18829,7.483288549615838
18830,4.390509966510903
18831,9.335792563498828
18832,5.655745908766484
18833,8.309852859045002
18834,8.07481270696654
18835,7.313532186317202
18836,8.124028079987909
18837,5.130354938084702
18838,5.141572460138191
18839,8.079497110882702
18840,6.658584040274839
18841,6.401865769033471
18842,8.52573609810554
18843,8.704931953913828
18844,6.479071816969218
18845,6.682702981547065
18846,6.031470685076753
18847,7.936703894390511
18848,4.832904985478733
18849,2.8863607664263187
18850,8.742005794996913
18851,6.004782027071392
18852,6.644853853280486
18853,4.9261619373580645
18854,4.812351753933825
18855,8.892538080193978
18856,5.6196408640962
18857,6.106903145980203
18858,8.631474553865093
18859,4.755363624146631
18860,5.514301791590983
18861,2.7200249572465482
18862,7.020001469406542
18863,6.511560778652169
18864,7.984782756789688
18865,8.947675850205748
18866,8.117268180808399
18867,6.882241345666703
18868,9.122633246661405
18869,8.47915979724041
18870,4.761309228074911
18871,8.09484771965635
18872,6.128983867564151
18873,4.045290587058513
18874,5.618149459927455
18875,4.504284626140205
18876,1.74787693564293
18877,5.879907276547401
18878,4.442491639785944
18879,7.023878772953455
18880,3.322974979434049
18881,7.259374194216301
18882,7.820824353123351
18883,9.317692204279897
18884,4.606570472197683
18885,6.343654733555855
18886,7.892299453461637
18887,5.968922881696328
18888,4.494186989700714
18889,5.265234742065164
18890,3.552379424948196
18891,9.038027150082835
18892,4.547311193570666
18893,9.666665563096434
18894,6.272073867715522
18895,7.909808497360863
18896,8.06022623586017
18897,5.8336964401010825
18898,7.512280233198991
18899,5.150937834349935
18900,9.49729234814781
18901,4.343155847046271
18902,6.603685060095504
18903,6.25040614042504
18904,3.28425327278959
18905,4.267382591916446
18906,6.5266482118724305
18907,4.9304435404343785
18908,7.368459357828924
18909,4.697124498414529
18910,5.186026765072032
18911,6.006770739479936
18912,5.949737088448466
18913,6.701577831713067
18914,3.6730024124767016
18915,4.1682082865078005
18916,8.564923809408924
18917,5.479722873050412
18918,6.904685635333514
18919,5.942239434184704
18920,6.798719096328501
18921,6.40879477329244
18922,7.384070254596561
18923,6.20113998422791
18924,3.907483206690462
18925,3.9619975795463165
18926,4.614523190868037
18927,6.466040264593347
18928,6.692428846256284
18929,6.464071676303137
18930,2.348402753377269
18931,7.141827644020819
18932,7.149860491732348
18933,3.235049143333777
18934,7.685657458412429
18935,1.5071689963441406
18936,8.251787776085635
18937,7.6976291169812185
18938,7.098094280846409
18939,10.0
18940,4.062580805472567
18941,8.062397381175199
18942,8.460604383940385
18943,8.466741881330229
18944,3.45360596988625
18945,6.220493934330824
18946,7.449078455752521
18947,1.9608881095576
18948,6.6966457567120665
18949,6.3887891241564825
18950,5.389277544635577
18951,7.995880747261301
18952,8.634531382202907
18953,7.613892160185004
18954,6.459992257597778
18955,5.00823986782362
18956,6.207093840350198
18957,5.176150337830118
18958,7.439755619769106
18959,4.132483840045864
18960,8.09410434811947
18961,9.334487907920375
18962,6.870494482908973
18963,7.308223102005192
18964,4.591411300861187
18965,8.423719605727594
18966,4.835650698138346
18967,8.995085716264166
18968,6.326662234052964
18969,3.275249030332076
18970,3.96413130058267
18971,6.095012751984913
18972,6.388512064883718
18973,5.180522465784812
18974,5.702005577859401
18975,4.969104952413485
18976,9.749045733628375
18977,7.118116397764396
18978,6.4141753468376645
18979,4.905899927395067
18980,6.357441468236124
18981,2.4726649022421388
18982,5.488595577327136
18983,6.642217248157635
18984,2.7464510211954956
18985,6.036794993747935
18986,2.3704855424397335
18987,4.0966769391434426
18988,5.5170447430088
18989,6.7630957237708635
18990,5.913255510109699
18991,6.618310857887661
18992,6.586799933294246
18993,8.983527730494615
18994,6.790516402785145
18995,3.7295333842071425
18996,7.812470779422185
18997,3.1983147478688734
18998,6.2368377405758
18999,3.604870936790344
19000,6.6192095110151286
19001,3.140125326646501
19002,5.033418517466675
19003,3.9706292222657638
19004,2.8213498901890306
19005,5.466848335723496
19006,2.570824998934258
19007,3.815362438298689
19008,2.700853666410562
19009,4.4092785780942645
19010,7.3589990730694215
19011,5.433210341042586
19012,9.672902015506818
19013,6.46709893415308
19014,8.535262598283758
19015,2.743794788374406
19016,2.0850209815935514
19017,4.068886585494468
19018,7.52138326207176
19019,7.524292590244334
19020,6.970115798292286
19021,5.984026716942361
19022,5.846540317383642
19023,3.485504848984881
19024,8.0464945753208
19025,6.96397255214479
19026,6.4014885107281065
19027,5.674032089174622
19028,8.628654521268512
19029,2.18275697596817
19030,6.114868727638853
19031,5.26606352023412
19032,3.9699185575575635
19033,6.179898372013384
19034,6.5863917945952934
19035,6.769516977619911
19036,7.513868635141578
19037,3.6994604005641762
19038,6.84739106231201
19039,6.41356436501478
19040,4.656141124692149
19041,4.433880604473836
19042,6.951887148869741
19043,5.718208837659442
19044,4.9373206264441425
19045,4.872870411905821
19046,5.468318134763348
19047,6.742783670232273
19048,7.337249130848321
19049,6.900189956336085
19050,4.540542887161946
19051,4.902571088037059
19052,5.888991236925947
19053,5.6127464034435945
19054,6.681643570574547
19055,7.149086453931989
19056,8.29470335441464
19057,4.987708798380147
19058,5.850024565194496
19059,7.585576220886918
19060,2.7736769072782903
19061,7.204442728942204
19062,6.74584183218347
19063,7.218035307477135
19064,9.957266126983496
19065,1.1379044146857966
19066,3.7958108311457393
19067,7.9869342272114086
19068,7.754816382617483
19069,6.834776580783296
19070,5.9277727999755285
19071,5.5123291508284575
19072,9.654737798550283
19073,7.042120754033135
19074,7.574152437402374
19075,5.067131826560213
19076,5.6021876249204094
19077,5.617136117879608
19078,5.827211180194044
19079,6.536759144714293
19080,6.059391666799333
19081,4.140449487059689
19082,4.5654836212509045
19083,7.331898016188544
19084,5.9467173941300855
19085,3.6021545431455464
19086,8.605074289704802
19087,6.463363808887093
19088,2.3869862131531856
19089,1.9551814906754643
19090,7.6257061699616315
19091,8.269695749454502
19092,7.326748597774117
19093,2.2044930490597965
19094,1.9324982681202045
19095,7.302840311372482
19096,3.8378344204551404
19097,5.478943966940054
19098,7.503201288245456
19099,2.8535554491684616
19100,3.2747557602013777
19101,6.802346845591105
19102,5.534624608709637
19103,5.895828426338677
19104,9.006525300128988
19105,5.892795560316456
19106,3.992067588051613
19107,7.003014879498912
19108,6.63843578545986
19109,5.491949481733432
19110,1.897630236926978
19111,7.440411853422592
19112,5.126643389620157
19113,2.8072570053123664
19114,6.919238163919507
19115,7.395650785478432
19116,7.168477212133833
19117,8.132229747313259
19118,4.681060737358283
19119,9.053332802918696
19120,7.661894970634171
19121,9.109140541307855
19122,7.00463700836183
19123,5.147811098626605
19124,8.6953967879225
19125,4.888255231318418
19126,5.358279058605768
19127,6.715392738989165
19128,3.2546466001726633
19129,5.334709850019868
19130,7.301183797403102
19131,7.050158618416046
19132,6.001603317284395
19133,7.678992129536036
19134,3.1703589640085736
19135,9.24452768185022
19136,3.8294977008588056
19137,7.804480375622106
19138,8.016319213795462
19139,6.127801833839197
19140,5.837552099164176
19141,9.450213142785445
19142,5.15061683845411
19143,8.771454249879614
19144,2.895791453286653
19145,4.71219570379623
19146,2.7657330416841646
19147,7.036255482095983
19148,8.02310474369062
19149,4.609419504435449
19150,6.773504329117756
19151,8.867021680551527
19152,6.822589452477223
19153,4.71878933406321
19154,7.537984435161643
19155,3.7703952258862734
19156,5.315439339106635
19157,8.13948969898669
19158,6.884159536931666
19159,3.5887657735816254
19160,8.678090745384786
19161,3.7249852477255283
19162,9.379984016569562
19163,4.670338771538826
19164,5.29523935071108
19165,6.696035465232197
19166,3.768005564658514
19167,6.378376276298642
19168,8.449163061299604
19169,8.040177868858118
19170,6.604107020460172
19171,6.45626787845435
19172,8.415252019509023
19173,3.8752431908840372
19174,7.776454023947013
19175,9.267331629139463
19176,6.561705914388051
19177,5.547641268447361
19178,4.805135944105702
19179,6.290612586235099
19180,7.16454372279452
19181,4.979702344680559
19182,9.018049898831904
19183,8.830718861230988
19184,4.780293641002969
19185,1.9379901328779692
19186,7.909873358734327
19187,7.6541536731355215
19188,3.8468622080985018
19189,3.2483951781526867
19190,7.940339384180186
19191,6.110170038067785
19192,7.0932793311500975
19193,7.865699748284209
19194,1.7813230368841726
19195,3.880568483121152
19196,5.327079487776295
19197,6.463881753521379
19198,9.028131378817179
19199,4.6618074942332495
19200,4.19785532123919
19201,6.522447629329076
19202,3.2776315344118903
19203,5.073274789414678
19204,8.689908997625885
19205,6.906636798923564
19206,6.305891564085557
19207,6.8460675624157545
19208,3.726193699902061
19209,6.25191128943358
19210,6.836842622100397
19211,6.033327800838974
19212,4.7930147997633625
19213,7.82759314824181
19214,6.36545971625408
19215,3.793999077536981
19216,6.291993541746893
19217,7.989979179752836
19218,4.434773273340271
19219,9.462610787229103
19220,6.9081327145851965
19221,2.7149048363985235
19222,8.191538984644229
19223,5.426250938363804
19224,5.0722558178742005
19225,7.080311069323513
19226,2.745508517237454
19227,5.459723935564154
19228,2.918537747173189
19229,3.900716870235879
19230,4.127161691586339
19231,7.26433813036906
19232,6.914543626634384
19233,6.905859671111953
19234,9.126320439529543
19235,7.306732724822494
19236,4.639703123676933
19237,3.113961184942178
19238,4.983219714692397
19239,3.9128981101730154
19240,6.467894187704978
19241,5.3081182058327485
19242,2.7367285171962203
19243,7.647439606056718
19244,7.94422024265195
19245,5.778631008938649
19246,6.499398519905054
19247,6.625985075994454
19248,7.190128090591479
19249,8.69365200363577
19250,5.683161781621972
19251,6.732733707476603
19252,3.610318306577967
19253,6.177875478784469
19254,6.9732410333531245
19255,6.319192097256235
19256,6.16048602626607
19257,7.749435106218752
19258,3.160267923587957
19259,4.779608917628852
19260,6.644148724073332
19261,2.200101825074289
19262,7.435216577774513
19263,8.39679716404731
19264,2.7995817569950727
19265,2.1214458210874136
19266,7.482704668690878
19267,8.10845884071681
19268,6.111566243252726
19269,4.460930322431343
19270,4.4743017296537815
19271,2.8681058675592697
19272,5.541930255835334
19273,8.171356964268645
19274,2.637428233755832
19275,6.088840788555102
19276,6.596926877114818
19277,7.581875094836659
19278,5.693813857872125
19279,5.643089288404936
19280,4.037620503493549
19281,2.3402843448140773
19282,7.200461948171059
19283,5.459347714736501
19284,2.2492995200845076
19285,3.6968127406703553
19286,3.8626943583463165
19287,5.635667769174171
19288,6.737137913451793
19289,2.215759458769864
19290,5.4540751763222515
19291,7.302733353766306
19292,5.834357417339634
19293,5.394467616097376
19294,8.549338019432765
19295,5.0538670142801
19296,5.043729681556943
19297,4.735387118652925
19298,6.510230141189831
19299,6.249114731208338
19300,6.107025741326426
19301,7.17786140835286
19302,5.06209411426572
19303,6.9501783232585455
19304,3.019161252771906
19305,4.818437251688158
19306,2.156146276179932
19307,4.859942448377102
19308,7.948703049992018
19309,1.6377468298626985
19310,6.693336931693773
19311,5.848792741260458
19312,3.7891584189521987
19313,7.1672357206743715
19314,7.116667178033158
19315,3.211285214492844
19316,5.919931296710104
19317,6.276408716840827
19318,2.616775905074702
19319,4.162378655706594
19320,4.420992914980856
19321,7.800790871475295
19322,3.1848480488854642
19323,5.355760640214805
19324,6.439938174244831
19325,6.4754544402179475
19326,5.567863295305835
19327,8.116990875133757
19328,4.932659842724063
19329,4.833393159053147
19330,7.254455017513938
19331,4.412988255004011
19332,7.4219755533042795
19333,7.7532329592283995
19334,7.758249338846342
19335,7.027157386302772
19336,7.526304781011442
19337,6.7194375052823005
19338,5.134933918607647
19339,8.151989117184959
19340,6.151453436939297
19341,4.110352205737081
19342,3.47128587309942
19343,5.998425262954895
19344,6.267153088252064
19345,2.847860434550547
19346,5.724478374404651
19347,4.606105182196691
19348,2.7612047782469142
19349,6.746462752273157
19350,5.515554721242349
19351,3.2032361089104655
19352,8.868139361880955
19353,2.184445495000022
19354,6.411465397196632
19355,6.489086877323775
19356,8.021608247147055
19357,7.600450019793287
19358,6.613527870338427
19359,6.783636031990149
19360,7.843172391887567
19361,6.68721184051839
19362,3.626028586094406
19363,6.201439271895648
19364,6.159695088569806
19365,7.368494726590892
19366,4.6675622725084285
19367,7.496456861737794
19368,7.960066978183291
19369,8.754342539013532
19370,5.081745872869661
19371,6.345159324869914
19372,5.953032008016577
19373,7.157189949275942
19374,8.025541533105809
19375,6.287121336591181
19376,5.026367505771035
19377,4.136359603499586
19378,6.978653170666489
19379,5.519921838148534
19380,6.468321715808934
19381,8.598277029979306
19382,7.65050802805146
19383,7.034457409140922
19384,5.935337102652852
19385,2.5386074662315004
19386,5.8910943978930685
19387,9.28408951340784
19388,5.938684829873832
19389,8.545572755601604
19390,5.212151677548473
19391,6.849586876728658
19392,3.6797410947544904
19393,4.123259298978022
19394,6.607639876195557
19395,4.634507068515164
19396,1.04533038648513
19397,4.059245425140793
19398,7.852630648011184
19399,4.525560120868072
19400,5.4047268366569075
19401,5.9085786440433665
19402,8.594428184787358
19403,5.12426415040491
19404,8.238759333412112
19405,4.290642266962773
19406,4.496720887370454
19407,6.4739429076441635
19408,2.4604395366553
19409,7.055383571073734
19410,5.81318776031684
19411,7.400365242312191
19412,6.346489104483274
19413,7.642593873757347
19414,3.5100332537501178
19415,7.59708545863421
19416,6.265372679752079
19417,5.115463577663594
19418,1.6995636722273275
19419,7.70752062602893
19420,6.184521836671706
19421,5.65079417800447
19422,4.648180479628051
19423,7.538105766939692
19424,8.324534006061965
19425,6.839321222552169
19426,7.029981613438084
19427,6.0718801804876
19428,6.480752522273319
19429,6.700282211757505
19430,5.552198536833853
19431,5.9053537133266
19432,5.924406560056238
19433,4.586419521276123
19434,8.73144846564572
19435,5.154578239848469
19436,7.987235614252273
19437,5.313674926852093
19438,3.0551748705050663
19439,4.424734765643949
19440,5.695695248846351
19441,6.2359228271359886
19442,8.206386968810797
19443,5.816468967850996
19444,6.969140548404572
19445,5.654981451994931
19446,8.660449050000484
19447,8.496512453663426
19448,6.525665785754171
19449,9.24183123448946
19450,7.703379511848379
19451,8.005385987322832
19452,5.5796985244056225
19453,6.200324339240812
19454,3.9231695218660776
19455,5.274485377769569
19456,4.719780406094225
19457,3.989000673010991
19458,4.0917160137070026
19459,6.11822683339366
19460,5.954914344533193
19461,4.592804204089456
19462,5.754498168375045
19463,0.8165511093996249
19464,6.624618775392045
19465,7.06649464166497
19466,6.64836098249448
19467,4.026807641105043
19468,5.420412879496654
19469,2.217794975235557
19470,4.93470120979771
19471,8.98308097304408
19472,3.8310357790233986
19473,7.082671613283634
19474,8.722767895821743
19475,4.2911110660486065
19476,5.9640115278842885
19477,8.22685157473466
19478,3.5549575291017668
19479,6.681191130713232
19480,5.905957453651756
19481,5.787588152417134
19482,6.588769935276353
19483,0.20073261187027658
19484,7.47842456585075
19485,8.202458613414816
19486,6.438963959323985
19487,5.663884313240454
19488,8.034072065922654
19489,5.947245745375433
19490,2.0558462271729416
19491,8.263037160240673
19492,7.813004112509429
19493,7.736792268699581
19494,6.790954985853065
19495,8.797750651354079
19496,7.020420768749025
19497,5.283512438296136
19498,7.870044965663459
19499,6.008009242862899
19500,3.602274922404015
19501,6.076286001979902
19502,8.830369542626968
19503,6.971967331497641
19504,5.575345169553551
19505,7.253363186574548
19506,5.984461951577322
19507,6.817332130350822
19508,6.209655857014266
19509,4.11127759351719
19510,8.618234581645346
19511,3.6255939785054863
19512,7.761917228639209
19513,8.42550966857807
19514,8.621576784956027
19515,5.895352040387063
19516,3.1298894909587434
19517,8.55851172321488
19518,2.5561081848869023
19519,6.887684227670125
19520,6.613114580087376
19521,3.7764870249394513
19522,7.7992038462537545
19523,4.0256298693704355
19524,6.39884564098315
19525,5.64629316922494
19526,7.743796567195297
19527,8.564903058412245
19528,8.44259855287413
19529,6.209300067744786
19530,3.2890510366125887
19531,5.176652527906169
19532,7.0162734454486575
19533,7.054588514365393
19534,9.123101423590013
19535,7.397735435953403
19536,5.795080044668798
19537,8.256362863657115
19538,7.855496046930435
19539,7.169058259369129
19540,4.739871273810066
19541,7.126656518586584
19542,5.030034423156157
19543,2.049419561922846
19544,10.0
19545,8.900794878893318
19546,3.7456908650966154
19547,6.878967240438398
19548,5.528797270478891
19549,4.924453188253047
19550,8.43869252978216
19551,6.6470014265609185
19552,6.240265151509273
19553,6.056544809200668
19554,6.277153995327662
19555,6.1569107587224785
19556,5.180341023318411
19557,3.6683031127125836
19558,5.177193940968132
19559,9.457767391738777
19560,8.389624276272638
19561,8.301906906031839
19562,8.269481576717805
19563,8.084948788121636
19564,4.172738021959073
19565,7.76781287065616
19566,8.381975386258183
19567,8.118114138860589
19568,7.953827133134693
19569,3.4813996324479586
19570,5.77400402543353
19571,6.132411046775028
19572,6.808633929988012
19573,7.161699373232162
19574,7.8254499464086225
19575,4.877563580933201
19576,7.028701861500448
19577,3.6445683008897065
19578,7.870508689515532
19579,8.17910816997244
19580,7.85067895354333
19581,6.531314932358198
19582,3.47317756805504
19583,5.1900693401789955
19584,3.2639235500185664
19585,8.754466647624543
19586,4.126488043867594
19587,9.518341560392336
19588,9.57483829229961
19589,1.7395007161068978
19590,1.7348004888710475
19591,6.3896731244639255
19592,3.8084028993775254
19593,4.322586184900937
19594,6.206940925967634
19595,7.998060340568825
19596,5.275366225690433
19597,4.466322033410234
19598,8.255969007604545
19599,6.375652265878101
19600,4.7800075721967765
19601,5.646807766520556
19602,3.6772159588035227
19603,1.8304534693513963
19604,7.3114596738576125
19605,8.43677120283373
19606,10.0
19607,9.010601719655439
19608,7.728984687642587
19609,3.558717853377098
19610,7.345784169960509
19611,6.171983835775422
19612,6.886177256730573
19613,4.333244371236886
19614,3.59203000086932
19615,6.385695382734615
19616,5.588214484166827
19617,4.5972230582915286
19618,5.828091027113149
19619,4.128354175087745
19620,6.854150717492839
19621,6.132855894544472
19622,4.3570664067869265
19623,8.077467559713039
19624,5.1718363764386925
19625,5.96155566765431
19626,4.550581071738683
19627,4.640625768543188
19628,6.736416840371394
19629,4.997473316021158
19630,6.161578488255525
19631,6.1635723233935735
19632,5.537445912557032
19633,3.605046346308608
19634,6.408158077011945
19635,3.9894216175453687
19636,6.319408898566115
19637,5.314473929635647
19638,4.860561769562216
19639,5.949316328340016
19640,9.346741611617782
19641,5.523375820245666
19642,6.974149806778987
19643,4.330386780575756
19644,1.6382304899023907
19645,5.586380366816282
19646,7.331319991327187
19647,3.2340245417465816
19648,6.299571316636756
19649,5.55812714291217
19650,7.121985700116963
19651,4.297712027225742
19652,4.391202688192835
19653,5.581138956858441
19654,5.850796137179739
19655,5.029255283724516
19656,8.818948462768136
19657,8.634780185750706
19658,4.204198240527826
19659,7.004284840343743
19660,3.075848050690961
19661,5.085062712557416
19662,6.5239739450777545
19663,4.838591008169865
19664,8.075268337138246
19665,6.786448163772345
19666,6.629940193849232
19667,5.482654735037634
19668,7.802501940151776
19669,3.7940082547148615
19670,3.8412261925320292
19671,6.795358091879382
19672,6.435335872198605
19673,4.703524704820639
19674,7.841447916043425
19675,8.864438667775946
19676,7.96193563321528
19677,9.244350703879622
19678,4.62415418707436
19679,6.962157167769677
19680,7.331552638864461
19681,9.361861541345698
19682,5.318915609244787
19683,2.64941218712726
19684,4.463513181972459
19685,6.788802972755744
19686,5.421369851470429
19687,7.146962388894052
19688,7.224087148798207
19689,8.724285656121591
19690,2.279750487294073
19691,4.817220731506438
19692,9.31328697986731
19693,8.511702184035148
19694,6.638493211083264
19695,1.5490463345973362
19696,6.751106888002945
19697,5.546197921825959
19698,5.505836775854094
19699,3.051687788596703
19700,7.560244915203368
19701,8.721563600085311
19702,5.52313013675132
19703,8.564356818501823
19704,7.886777541422042
19705,6.73685422394715
19706,6.799055394548054
19707,4.595727593645564
19708,4.508632211578762
19709,4.393997380541032
19710,9.56249733787119
19711,5.197306651205534
19712,9.087853570132843
19713,7.4703818102842705
19714,4.602124719576568
19715,6.972798378303544
19716,8.258954073622203
19717,6.916645423082837
19718,3.9813984783156577
19719,3.649364306486805
19720,4.75278370721834
19721,5.445134027959882
19722,7.955001834702563
19723,7.577282331103369
19724,5.079883079563966
19725,8.203860204250187
19726,4.547959901591758
19727,4.325042918898393
19728,0.7578244249968593
19729,5.6020499122127285
19730,7.963116440474763
19731,5.414590990961034
19732,5.194973814682375
19733,4.4654317357500215
19734,7.302014620464776
19735,7.939477050194634
19736,3.6111932987333097
19737,4.735097290663321
19738,3.2529136901895996
19739,5.0927558718768555
19740,7.102546829555832
19741,5.644605388527903
19742,4.668506956729722
19743,5.930105131011733
19744,5.953045817671083
19745,1.0351133888628663
19746,3.200201297892873
19747,8.37738476980277
19748,2.0642118344610187
19749,4.8137375476242195
19750,2.0148079425554384
19751,8.139822179123996
19752,4.2313898633666
19753,7.426529116899077
19754,5.71157303061105
19755,5.917342636541856
19756,7.440572256216868
19757,3.671006273584257
19758,4.0810613717622815
19759,6.2758511933185135
19760,7.0856838870322285
19761,6.303441387760332
19762,6.208221831173329
19763,5.784342505367409
19764,4.8375127558379525
19765,7.075900908306336
19766,6.982460273228568
19767,7.659569626896191
19768,6.316421548103735
19769,7.20582132461754
19770,5.831676037152981
19771,4.183018242835589
19772,3.3819745388072606
19773,5.424897678641734
19774,4.252361589747658
19775,3.236945483181447
19776,8.978388189409047
19777,4.826840539739565
19778,5.72476886835724
19779,7.500921575400373
19780,3.74315961543755
19781,5.553057856568159
19782,7.213898896872948
19783,4.213453325546762
19784,7.881162565967939
19785,4.638372451833563
19786,5.433506679028744
19787,6.544919603268497
19788,6.657392269682378
19789,6.769159448738827
19790,7.252832239545686
19791,7.9648663791449374
19792,5.849975676041462
19793,3.686158393633928
19794,7.498245721119882
19795,7.294263604861794
19796,2.741229063312654
19797,4.888368788172907
19798,7.3651242416784655
19799,3.34811792473288
19800,4.492444412764208
19801,5.484535487045866
19802,7.9051190767579325
19803,7.354682534436323
19804,5.606504285243491
19805,7.146860436795629
19806,9.469247189680296
19807,8.622590214442107
19808,7.9550185008623995
19809,6.072109187855498
19810,3.6051089261060203
19811,4.559826727087806
19812,5.0773359926309185
19813,6.476083610489645
19814,4.200065938026254
19815,7.762316486631475
19816,3.252994437549471
19817,7.41790200057272
19818,8.478159051419095
19819,6.178566702434868
19820,5.20318281340182
19821,5.56056107188184
19822,6.427503483123823
19823,7.4458159647452185
19824,9.1760190159281
19825,8.3947227629064
19826,8.485303460278413
19827,4.06546212379581
19828,8.381576362480128
19829,2.5362528653967416
19830,2.827625513238363
19831,5.625729759615933
19832,3.945159771204021
19833,5.655900581669106
19834,3.947474538667716
19835,8.489939741999056
19836,7.082937888300252
19837,3.199727087673657
19838,4.048957191559438
19839,9.051569456102332
19840,6.8784724395174415
19841,4.160066297861059
19842,7.770371586188282
19843,6.132296257384025
19844,5.7623929887787115
19845,6.949033295073487
19846,8.336572143079309
19847,9.098736703772396
19848,7.711083517740063
19849,6.2093296557679185
19850,4.264536419365179
19851,6.245533772515949
19852,5.059363647709334
19853,8.216051641580437
19854,6.005285781929518
19855,8.27256197516067
19856,8.867083566385363
19857,3.060689519856648
19858,5.443508347263785
19859,3.507991895309847
19860,7.810677952638427
19861,2.6527528376007528
19862,5.6858705904989995
19863,7.175665806193516
19864,6.329070601208239
19865,9.510912361142598
19866,7.786646658640189
19867,3.5038048505235526
19868,4.345633615119966
19869,6.372775281522332
19870,7.81822101356775
19871,5.814832537809292
19872,5.870096203880258
19873,4.316988583754274
19874,3.364856454172698
19875,5.068890427855704
19876,4.87768440680962
19877,8.295897519429936
19878,8.632185361739811
19879,4.9852789259920955
19880,7.1246436453143005
19881,7.439770050341752
19882,7.213311833824439
19883,6.232674619554739
19884,6.441449260684925
19885,5.926284694255374
19886,6.117295157409274
19887,6.056874070810909
19888,6.405832637441315
19889,4.1183873346615165
19890,5.822159609467829
19891,4.011099199951673
19892,2.24195548232616
19893,5.508950577690878
19894,7.833051889020321
19895,7.437697290833615
19896,5.207710745435542
19897,3.5496938071784854
19898,5.260250369318425
19899,4.937771741209997
19900,6.523907537086384
19901,6.21088579612161
19902,7.820423942030256
19903,8.34445473249897
19904,4.414768110045341
19905,10.0
19906,7.345634983194741
19907,9.087473931505516
19908,5.295348718446126
19909,6.23270382251573
19910,5.989549931110087
19911,5.898603079023381
19912,6.314045065133815
19913,8.05980055569969
19914,4.4062664568404335
19915,6.675411386665436
19916,6.623051800172579
19917,5.522657925334173
19918,4.419349025949573
19919,8.270003191682083
19920,7.868757391000931
19921,7.749137758111345
19922,6.710723674422983
19923,7.331011709891597
19924,7.273162174494059
19925,6.587315906717484
19926,4.1037423596034674
19927,7.050494202771956
19928,7.059084175654925
19929,5.33468276563568
19930,7.935529792202986
19931,4.622611537351753
19932,6.670991411656793
19933,8.30379751355023
19934,7.775373473306589
19935,4.885938919142975
19936,8.317025884965537
19937,8.09776636289314
19938,2.9757934723539687
19939,8.087730182589727
19940,7.753861426402531
19941,8.946369864253812
19942,4.961667815325939
19943,6.889832829021803
19944,5.8131311155184475
19945,3.679318563225311
19946,4.139995669978885
19947,1.4648259478455463
19948,3.269204985271798
19949,5.45316827362282
19950,8.692327052704435
19951,3.888032255114083
19952,4.46754657726142
19953,5.520631461280393
19954,2.070915859881886
19955,6.014427659124818
19956,6.791303372481197
19957,8.526930502958653
19958,8.039574088013033
19959,8.593414838004911
19960,5.949654957410442
19961,4.135193853436986
19962,4.764828874506432
19963,6.304835092783443
19964,3.4960083730559446
19965,5.42546413514226
19966,2.321167124936993
19967,8.798183920871196
19968,4.7144459923125765
19969,6.999518342988729
19970,7.513362680380589
19971,5.295119791490253
19972,6.364890552624453
19973,5.358024781242453
19974,5.432186511497999
19975,2.1696154682705906
19976,5.9782545621632766
19977,3.12493281263332
19978,3.7151723317867473
19979,6.961336431612837
19980,2.9568257523725383
19981,5.61769915106556
19982,7.219739309133246
19983,6.565092962015073
19984,4.016604744281281
19985,4.983211970039256
19986,7.71756137693807
19987,8.6173588161303
19988,4.909263372880494
19989,5.12842775951692
19990,8.606523484044631
19991,4.269912655088185
19992,6.638178102923892
19993,5.968472013907016
19994,6.081390263663609
19995,8.508313135717884
19996,6.47505359317758
19997,3.4182892396665334
19998,3.9259831026808274
19999,5.4427609031526805
20000,6.964604693764043
20001,8.716438386805223
20002,6.1780655717833115
20003,3.4174678925233692
20004,3.403801171985077
20005,6.064948956005546
20006,4.436697961327889
20007,5.292450002453664
20008,8.44044152106915
20009,5.541186742797348
20010,6.575139144771616
20011,5.748805630087336
20012,2.8622472865112387
20013,7.0204693807534895
20014,1.8003388286567317
20015,7.76356377463957
20016,4.239492213253222
20017,3.6292438431087786
20018,10.0
20019,3.7872687415487953
20020,5.283745127088848
20021,5.129903988029342
20022,5.757731137388825
20023,3.2608935710146016
20024,6.456509434291002
20025,3.1431737278074383
20026,4.033523059985553
20027,8.3421687938142
20028,8.4836037627434
20029,7.0006569465147
20030,2.796898608703388
20031,7.064557051073537
20032,5.339633398463939
20033,8.645083900117344
20034,7.980118981687081
20035,4.691880103850144
20036,8.11108889922014
20037,6.198726519117343
20038,6.15816941930113
20039,7.82715002159566
20040,7.279200667771464
20041,9.479463078382812
20042,8.364833144540288
20043,4.884558161504207
20044,6.956362345059873
20045,2.6821888559501197
20046,5.928036110084401
20047,4.463359734512782
20048,7.398858641189724
20049,2.9576907415869766
20050,3.6064512948145144
20051,5.660429500622608
20052,6.559092549092003
20053,7.316467094614732
20054,5.197846250718014
20055,4.173722785763493
20056,6.460277769675653
20057,5.217423400940571
20058,5.691596605225294
20059,6.77462026819179
20060,6.3136415747795
20061,4.787167206661504
20062,5.416902208936263
20063,5.937732242850376
20064,2.07244575457643
20065,5.353045661725645
20066,5.283916623482102
20067,8.795394093839402
20068,5.545587649885836
20069,4.973633433635302
20070,3.593165859799602
20071,6.942096246576593
20072,6.253095498509243
20073,7.589884845753172
20074,7.823854357725594
20075,6.781208372333178
20076,3.140475524049175
20077,3.7718028337178056
20078,9.456452048780863
20079,6.25559843431061
20080,7.41624834879314
20081,8.611303550965472
20082,6.3196974031873365
20083,4.2385521735949645
20084,5.4751137884867225
20085,7.322860666874206
20086,6.965848040824143
20087,6.702524134256089
20088,5.999326935885189
20089,3.6755910007754586
20090,2.91497271750696
20091,6.376512477657121
20092,8.031984058224259
20093,7.2619538630553135
20094,9.518808117378923
20095,7.763380140609822
20096,8.203702652711442
20097,4.815479175638289
20098,7.780534891118016
20099,4.081124666220772
20100,4.946651085781944
20101,4.839738994551487
20102,3.952331252360776
20103,4.145880217388716
20104,5.748396795263461
20105,7.653626718220469
20106,3.726764111246865
20107,5.108176415876632
20108,5.733799472233099
20109,4.167944422144286
20110,3.6256082956945344
20111,8.44554537149913
20112,3.6749010499380015
20113,9.697325586634982
20114,4.156827808295419
20115,4.87612601504473
20116,5.4238107900476304
20117,4.732659282062492
20118,2.8538294891020626
20119,5.484034255975589
20120,6.903613943819557
20121,6.565949130234409
20122,6.993875774585484
20123,3.461625441568774
20124,2.7688624056452795
20125,6.915566659946769
20126,7.214974465467882
20127,3.4040717747088074
20128,6.771940396756616
20129,7.877340075565046
20130,3.89689415284972
20131,5.829184072937714
20132,6.722066189274389
20133,6.328449682669908
20134,5.685776449038022
20135,8.932668679102829
20136,5.6221768681361075
20137,5.257517073545963
20138,3.630833461988057
20139,9.359952847975377
20140,2.204172491633992
20141,4.149665696274033
20142,5.955326913127182
20143,9.410602936728235
20144,5.677523863826654
20145,8.168740464051059
20146,8.552257093079572
20147,5.00882911565982
20148,4.925690564285113
20149,6.159940259644602
20150,6.262532723726923
20151,1.7062165716643358
20152,6.165145131463908
20153,5.212430892230657
20154,7.025567499648364
20155,7.141097351814194
20156,3.2265866546428335
20157,2.724059912723172
20158,6.052238113807207
20159,6.199201553049257
20160,2.546927289319827
20161,4.7010257081444715
20162,6.354612451445301
20163,4.604329655805367
20164,8.483182767292453
20165,9.495916944072915
20166,2.1921221920137732
20167,3.7910670066141683
20168,7.029433626964277
20169,7.830421461974329
20170,5.59018497270198
20171,4.632260379015343
20172,4.28836764205287
20173,4.81022690717672
20174,3.4645137922533507
20175,4.954263478695255
20176,7.886637269789037
20177,8.742749529783405
20178,1.9247127748533623
20179,8.044885096738536
20180,5.999691554239049
20181,8.624791742511354
20182,5.7434511332125275
20183,8.792328591401663
20184,7.057389561719519
20185,6.380783418542867
20186,6.585745757714375
20187,6.416597225483612
20188,5.881519819089081
20189,2.9435111366066344
20190,4.161827203771653
20191,5.686988880945924
20192,8.637117396114686
20193,7.396311202277372
20194,6.588143908874918
20195,6.999796477071401
20196,5.4767379363118485
20197,6.538245808474174
20198,7.5682108595314155
20199,9.035155703279775
20200,4.7676295018971775
20201,8.451309755716284
20202,3.0281578910319595
20203,6.877144190137026
20204,4.625679178428928
20205,7.282384636907942
20206,5.28074654625145
20207,5.88889676721597
20208,3.197996177935032
20209,7.312117866676675
20210,8.460087734290113
20211,5.862325077790725
20212,4.071601148282991
20213,9.022561765468655
20214,4.477682506103111
20215,2.7613439279747904
20216,7.311636449118217
20217,6.705867913644725
20218,7.115798351539277
20219,6.188263683587589
20220,4.4105869783572516
20221,5.791380663084026
20222,7.0158749699641065
20223,6.1684987992949365
20224,5.810717680898588
20225,5.380803158740532
20226,5.2583933768351905
20227,6.412955228120557
20228,7.972173761101782
20229,7.747070993144229
20230,6.154102884333318
20231,8.003480874502653
20232,7.15179763714624
20233,7.250026960852846
20234,8.756528185353567
20235,5.282254661728954
20236,6.870112651005865
20237,3.7453538744037935
20238,6.77165765274716
20239,4.840060267923487
20240,5.06639172635479
20241,2.0708991614445367
20242,7.282574135074735
20243,3.7167600251093025
20244,8.187879730347403
20245,6.5131769107186575
20246,6.916822233474921
20247,6.20771564786715
20248,6.070804207789783
20249,2.541528022090902
20250,5.968506105191019
20251,5.05482579450501
20252,6.792006527120112
20253,6.796048624775647
20254,3.128569457128202
20255,2.3829291141157185
20256,5.925894446992051
20257,2.575665263009668
20258,1.8480426601996962
20259,5.267953185623128
20260,7.99262163712792
20261,2.9642122570081293
20262,6.031485811777477
20263,6.493957668631385
20264,6.574122497081543
20265,9.202922046761351
20266,3.3648730726250538
20267,7.441301454592646
20268,2.6730419053808365
20269,5.018373297588233
20270,5.984063970245654
20271,6.536346572781219
20272,5.5586082646282255
20273,3.7679941238895753
20274,1.512539783305419
20275,10.0
20276,6.867690445543736
20277,5.887111332925509
20278,4.365781804286392
20279,9.664990301003279
20280,5.397974897007529
20281,6.91423958285457
20282,6.790245325906433
20283,7.567678617448231
20284,4.035907017990231
20285,7.763283401616752
20286,5.9559793624548805
20287,6.256376321915854
20288,3.8647321707132205
20289,5.400579565618463
20290,6.19622325865136
20291,5.230579632608724
20292,6.311541495273049
20293,7.6597729336756135
20294,4.3608375847992225
20295,6.865147700330809
20296,7.248997112262439
20297,3.1043740394627335
20298,6.429325776308698
20299,4.577838412475186
20300,6.080824707887493
20301,5.098906471589446
20302,6.590584782215046
20303,2.267548458465125
20304,5.620890926365384
20305,8.6853510767268
20306,4.732826965654816
20307,8.632738911057004
20308,4.434052820880623
20309,6.233617557211123
20310,5.779360078821246
20311,4.661004494736415
20312,7.273699680476668
20313,8.245594124251566
20314,6.10006700525582
20315,6.838900417839003
20316,3.9748641919579324
20317,7.474702230037469
20318,4.923647650651307
20319,6.956193751922911
20320,5.8231807914550435
20321,6.152419232201232
20322,7.985886112332267
20323,7.843638025471148
20324,5.001195819729462
20325,4.944706852535612
20326,4.652733423571745
20327,7.541539839435437
20328,4.23034532741457
20329,6.829152159822805
20330,4.342515710331361
20331,6.0086024282803
20332,7.2686658000744675
20333,9.67302175841709
20334,6.9001235906068565
20335,6.298311744295292
20336,7.409851010423806
20337,4.0002020012037764
20338,3.4087498170771404
20339,4.8695106871386455
20340,4.657465834348086
20341,7.2681368028204965
20342,5.951399959296238
20343,8.121167112748703
20344,5.930393237820527
20345,7.4784377028550075
20346,7.363550071635903
20347,4.487183336364763
20348,2.164913657447176
20349,6.022943287181485
20350,7.122833524406867
20351,6.922233505645342
20352,8.198419972927992
20353,6.5001681744787145
20354,5.635066681340109
20355,8.223606436633396
20356,6.56080348703761
20357,4.33828799769111
20358,6.502430237029874
20359,8.450831374763645
20360,6.507129621632723
20361,4.591745083878838
20362,3.3713540921410976
20363,2.7555221261012504
20364,5.872260112525935
20365,7.598047422061259
20366,8.279205596267014
20367,5.677116257141192
20368,5.302628926351739
20369,9.176238870132288
20370,4.407959050260786
20371,5.79133509281278
20372,7.285247881314574
20373,7.088048865628755
20374,1.5245501769712622
20375,5.292354341728765
20376,3.5536149523934557
20377,4.610145127980742
20378,7.789824479074509
20379,4.372733176024162
20380,1.4577161295720664
20381,6.655603455516034
20382,7.419650390017469
20383,8.902774639317597
20384,7.891676630123682
20385,5.305715695261011
20386,3.7679317267766628
20387,4.75863478650256
20388,4.106901796100809
20389,4.286288905126071
20390,4.736566392484535
20391,5.645501378234268
20392,6.8892412846789
20393,8.76957603383234
20394,7.991430065307183
20395,6.849018613510203
20396,8.258471715053847
20397,3.532206341098972
20398,3.561764160915716
20399,7.900823299165186
20400,5.366398530835605
20401,7.442726622416744
20402,7.672146867435901
20403,6.537228529071515
20404,8.887012825505169
20405,3.4334900734995584
20406,6.666129960242073
20407,7.064582145596452
20408,5.963221689818087
20409,6.062102836558376
20410,4.832961744819327
20411,5.443067561621602
20412,6.739635676572672
20413,4.307858911696783
20414,5.492611454758055
20415,6.610467606080967
20416,7.813532920167332
20417,7.02547803450172
20418,4.1770418868766175
20419,6.464538900297412
20420,5.899273786001249
20421,3.668691777464045
20422,8.107668639954877
20423,8.198530876036388
20424,7.34544290396077
20425,7.703664913473926
20426,5.27510031864862
20427,5.32696115064557
20428,8.724605855876348
20429,3.8737534985150357
20430,4.58256617720345
20431,6.22612392015428
20432,6.449614029922233
20433,7.196457140446409
20434,4.6037955460210975
20435,4.989496142187675
20436,5.165815546249702
20437,4.783918843821686
20438,8.326402541655074
20439,9.345927881302488
20440,5.333169524385508
20441,6.91239784351001
20442,3.869534958077763
20443,7.955144161157445
20444,6.156343620433576
20445,7.034326544907916
20446,7.462952109470817
20447,4.5422027841866655
20448,3.3614254077573014
20449,6.548576549143431
20450,4.66198429354443
20451,6.364131789189024
20452,7.518929982118852
20453,2.9727696095538363
20454,8.75474066792107
20455,4.437514953735206
20456,5.740260072764284
20457,3.127914200430152
20458,9.163045668107205
20459,8.999766101011419
20460,4.660186362183424
20461,1.447994520253511
20462,7.138748994939398
20463,6.545691430935504
20464,2.9981460857989783
20465,2.7201463216049118
20466,9.367372236653031
20467,6.046588399771364
20468,5.3244379029434095
20469,6.3384023838016645
20470,3.7819266839531185
20471,1.0518440914982143
20472,5.43618647594052
20473,4.87392650087756
20474,6.902390756722791
20475,3.683553574325625
20476,6.265390595477285
20477,6.121412123513137
20478,2.3916319629259783
20479,3.524557330382895
20480,3.9934951763016944
20481,9.182251145244857
20482,6.62830746600469
20483,4.974666490378835
20484,2.1831998517390216
20485,7.555845625569808
20486,7.414882634797634
20487,4.793655732058362
20488,3.187241813701439
20489,6.830816189301874
20490,4.1773496304902755
20491,3.8426678685906004
20492,3.7111029822072354
20493,9.734518239310567
20494,7.780963621617104
20495,3.034720922974342
20496,4.013009673791559
20497,7.96801519058484
20498,2.2276480614384866
20499,8.53021635711342
20500,6.189555518732904
20501,8.324051209207514
20502,3.916290648603846
20503,5.925606728305181
20504,5.7355240991031655
20505,5.524294814697874
20506,3.7365161690373645
20507,7.812413741053327
20508,8.311914848223987
20509,6.393965576519682
20510,7.732456968074841
20511,7.439185494628279
20512,3.081614379904136
20513,9.384475756630005
20514,1.6408008245178562
20515,4.174014880841284
20516,2.0037212143315735
20517,5.095868719211841
20518,3.7898979299713025
20519,5.707621913243345
20520,3.2579976259734487
20521,6.841408018094166
20522,5.647156660740213
20523,4.094344594908099
20524,7.616175895691948
20525,6.172347486531392
20526,5.231146472995936
20527,5.519741417248857
20528,7.894492430466267
20529,5.249003804471156
20530,7.493081622315278
20531,6.248275780953076
20532,3.2223224869614766
20533,5.945948284004317
20534,9.326968799165394
20535,7.563856206246465
20536,5.771411593386383
20537,9.2528905899794
20538,7.222478595260473
20539,5.32400169317726
20540,5.161263846628925
20541,6.214465266276099
20542,7.998953857097386
20543,6.414325815498801
20544,7.099550284533595
20545,4.889327058484265
20546,5.669569986224784
20547,4.315854587608552
20548,6.096616512516439
20549,7.025676586984012
20550,2.550554893967086
20551,8.416258196379792
20552,8.323163705969664
20553,4.91313205874861
20554,7.5220781024224666
20555,9.377968226853845
20556,8.265780829135895
20557,7.364374817246938
20558,8.595329262944148
20559,7.490820260347779
20560,10.0
20561,2.679728884574058
20562,8.31130421506221
20563,8.644249852465773
20564,4.4419310850779326
20565,9.138053241548274
20566,8.20171729086771
20567,5.393971118168344
20568,5.310645905846105
20569,8.98517506179617
20570,2.617446786599589
20571,5.939832322335872
20572,7.21150080178565
20573,8.04853220156452
20574,3.9927698189531364
20575,6.671073101944816
20576,8.994534347450832
20577,9.230796626431497
20578,6.125645057256142
20579,6.852673347995283
20580,4.818886622882783
20581,6.298208232368689
20582,9.417724492281732
20583,6.735697989024711
20584,6.987591831862281
20585,7.954792685948767
20586,4.02077476869518
20587,5.3542562413667945
20588,7.559080429194598
20589,4.3130788421271475
20590,4.207553132092399
20591,4.719594704430429
20592,8.65627709323234
20593,6.0238404803034085
20594,6.355150300380358
20595,7.764042235830197
20596,5.164220015372045
20597,1.7342569057292865
20598,5.754116987899156
20599,6.52791831755384
20600,2.153759823983031
20601,4.166304384775983
20602,2.4831953833136864
20603,5.3176581169550605
20604,5.607980909207317
20605,6.878172893041804
20606,5.5330697475641575
20607,4.3358997447615355
20608,3.99836740242318
20609,9.043100939157616
20610,6.603527511611782
20611,9.722816247873935
20612,5.7309116128622914
20613,2.837501957081053
20614,8.849069475578752
20615,6.479712869802463
20616,2.064790641478649
20617,5.469688285113629
20618,9.64164834850029
20619,9.29022939019794
20620,6.576972746532124
20621,6.391707802221085
20622,3.5869125502740857
20623,7.266157497174598
20624,7.37594352795455
20625,4.652765757743521
20626,7.131877349958613
20627,9.268112468734351
20628,7.497610119805989
20629,9.525284953999329
20630,8.176172950539188
20631,4.730576532895929
20632,4.492957284505272
20633,7.221862966979548
20634,6.618894890593669
20635,5.985791711747228
20636,5.665936194183092
20637,6.805274686083082
20638,5.299023641105681
20639,3.6055225383928513
20640,6.245952319383862
20641,6.619799919972683
20642,7.652275859506712
20643,3.93026982789776
20644,5.03880041641885
20645,4.347125132558629
20646,6.5560832497172745
20647,2.6583679993788
20648,3.783041372785106
20649,5.137627278083666
20650,6.130125426206407
20651,6.726251418921115
20652,7.556657276040575
20653,3.394355751683063
20654,2.563405135586533
20655,5.9567936544483535
20656,7.470033320695301
20657,9.373590533946736
20658,8.36525907036494
20659,3.6718236345920765
20660,8.13356697906362
20661,8.222218791898836
20662,2.14334051144441
20663,8.928258367572177
20664,5.625387905977551
20665,5.777140325373805
20666,5.198108328371997
20667,3.150912824245262
20668,6.907788003489976
20669,6.6267289495641535
20670,8.029597188061896
20671,5.0548017712628734
20672,6.885734009693335
20673,6.1271840038042
20674,8.047005051053993
20675,4.457527123231672
20676,7.499910621775775
20677,8.029272159786634
20678,7.687489269330998
20679,2.5838704129996453
20680,8.46382191250109
20681,3.5593988090140476
20682,5.626615531066529
20683,6.992409022202899
20684,4.399052226785981
20685,7.060316397892684
20686,7.534819109668214
20687,5.923085225523827
20688,7.50619107678486
20689,2.0680309014225813
20690,7.459406597482398
20691,6.670569667824849
20692,7.231455680386846
20693,6.728116845109954
20694,6.8154588307182555
20695,6.160690459481713
20696,4.787547492902331
20697,5.413691848561217
20698,5.28136804217672
20699,9.514154208127483
20700,2.5459674995431163
20701,6.805605559638176
20702,7.851778175928559
20703,8.038051013425182
20704,7.160292018219115
20705,7.831747280472838
20706,6.323481348506149
20707,1.4340804469580917
20708,3.674044189744172
20709,6.759436077053005
20710,8.322321141987445
20711,5.0993864221031915
20712,5.256875024353505
20713,8.923238959858992
20714,8.478281442410074
20715,7.465718458133582
20716,5.987629670614119
20717,3.714333676372006
20718,8.61272643628275
20719,5.598676420509297
20720,7.300966627734328
20721,9.043425023683218
20722,3.0745002170522038
20723,8.741846358829086
20724,5.44929643783375
20725,3.0194716899873306
20726,5.6503566991547896
20727,3.2745458239695218
20728,5.767808968295873
20729,5.32815414561878
20730,5.469069222893756
20731,2.4575233486619044
20732,3.5927699081482882
20733,8.27331244239801
20734,8.742248728106645
20735,5.151550441896884
20736,4.185737398038961
20737,6.425679423766913
20738,5.20496157478952
20739,4.418696040331399
20740,4.5519923383678895
20741,6.793648771029774
20742,6.261726118589146
20743,8.40890009986056
20744,5.392395796634308
20745,7.334533029507184
20746,4.058524616374964
20747,4.490356592470786
20748,7.82893022455203
20749,2.128787113508582
20750,7.208189580378191
20751,3.874823069311775
20752,4.632719167332096
20753,8.630499260349954
20754,2.5775651204182735
20755,3.196437112676298
20756,6.478840031419332
20757,8.239283995579001
20758,6.713080528055361
20759,6.642726700257612
20760,5.951742180900834
20761,6.2726893758645765
20762,4.0664262469343
20763,6.253937110405431
20764,4.86273709048802
20765,9.683103747478764
20766,5.118654857135066
20767,6.0572369195850255
20768,2.945109337734471
20769,8.537284017684083
20770,4.397471860401996
20771,5.628828792716356
20772,5.351219080704115
20773,7.981828362059362
20774,7.713819019213301
20775,5.224442721427025
20776,8.793518937287217
20777,4.443930050160713
20778,9.35816474825839
20779,5.101202753930446
20780,7.322373336085334
20781,8.223020644396236
20782,6.820795869913094
20783,5.620352104823593
20784,7.449798120631489
20785,5.970079318572065
20786,5.103126739521337
20787,2.6376697958966506
20788,6.780879415788387
20789,1.655173973564919
20790,6.017448251594859
20791,6.617143963420249
20792,7.516125426947275
20793,8.107173487791334
20794,7.594043392702583
20795,4.994834200389122
20796,7.252147414955475
20797,5.665215713021889
20798,4.40227384029968
20799,7.254030419603284
20800,5.314583763978517
20801,6.383615820962508
20802,6.316031650745339
20803,4.092467169058594
20804,5.673745319341207
20805,5.499450281238007
20806,5.906283047474347
20807,5.245271237130097
20808,9.441978506781652
20809,5.41692685458984
20810,6.828444375668398
20811,7.475649496603
20812,9.064415674454665
20813,3.156976450565412
20814,8.490268950145467
20815,7.1711349918376825
20816,7.288062696402775
20817,5.831788990297749
20818,7.457125961142651
20819,7.425224946902953
20820,6.564779373873378
20821,8.000292924746208
20822,5.901875448246491
20823,3.6565449226360935
20824,6.638652366542022
20825,6.783364959962348
20826,7.948497544480232
20827,8.583097793850078
20828,4.593005078569401
20829,7.786570994724215
20830,6.494941921968073
20831,4.422926353993251
20832,3.1488676454962343
20833,3.38679570835166
20834,8.260860135902995
20835,7.333198861352859
20836,8.377164824981673
20837,6.422216199940209
20838,4.722101140524242
20839,4.680836407798826
20840,8.582094071306528
20841,5.796115217750034
20842,8.652518110253897
20843,5.341814736712188
20844,2.4508860545538607
20845,5.43763565222932
20846,7.226115289961268
20847,6.500702249112457
20848,6.677309903138006
20849,4.972754933728594
20850,6.693498899915579
20851,4.980083127448568
20852,8.09553106341263
20853,6.116713178874449
20854,5.906329408295123
20855,1.8662457100994265
20856,6.173892082573431
20857,5.829776064944085
20858,4.861050244293256
20859,1.9315293752855474
20860,3.0691599130032916
20861,6.968447047727771
20862,6.034398299799074
20863,5.91552038043758
20864,4.6684835583125714
20865,7.482572801404292
20866,8.24902333516275
20867,8.306287940637809
20868,6.368879239432147
20869,6.797343382785578
20870,6.782201059431996
20871,6.1901534237644285
20872,9.10156713747935
20873,6.883831689305796
20874,6.482704824569854
20875,4.3597364595930514
20876,5.057071230774899
20877,8.220574943576526
20878,6.419543806925629
20879,5.862919901103153
20880,10.0
20881,6.506286205832026
20882,5.6870339868613495
20883,1.5939156259919534
20884,5.625823224256972
20885,4.285834702321692
20886,6.545946595067829
20887,5.559735540065369
20888,3.807758494852984
20889,7.820641049964022
20890,5.138705257918125
20891,7.687615015825349
20892,4.683523474162177
20893,2.8745472096762676
20894,8.242342384974172
20895,7.957453122589313
20896,5.71846456592822
20897,4.7149673869048865
20898,5.2001479706400975
20899,2.8817659064854606
20900,5.477351893148568
20901,6.670544112851861
20902,9.372881175895042
20903,8.064778061306509
20904,5.363513613306177
20905,6.100981593352055
20906,8.644514222590434
20907,3.1094160247635716
20908,9.051770423355912
20909,5.165207210328434
20910,5.521466229720527
20911,3.982284469437771
20912,6.456994387197095
20913,2.825921984752555
20914,5.704138585465396
20915,9.109183456034886
20916,3.104897454092292
20917,2.5857918121198384
20918,6.488277333196998
20919,3.4043302208056647
20920,6.888768762986414
20921,7.035128024461504
20922,3.4996241076777403
20923,3.843378321858059
20924,7.878876746445633
20925,5.664361360583983
20926,4.7503250391412015
20927,4.1859312924704675
20928,6.057969398932895
20929,4.369301030460743
20930,7.030413937723165
20931,6.829178307608623
20932,4.840445247392149
20933,6.130851901778501
20934,3.9434881644828232
20935,3.318581323171454
20936,6.951825345841508
20937,8.17964568267862
20938,9.946291580087573
20939,9.180249703040714
20940,10.0
20941,8.457202000040319
20942,5.7055173749724615
20943,7.187125044621046
20944,1.648980977357101
20945,6.77150384326055
20946,7.6752225042910505
20947,4.418063705439815
20948,8.149676670968336
20949,7.177078511439511
20950,3.4186632692140626
20951,5.301028475991195
20952,8.584647877066889
20953,8.44671861810842
20954,1.1756757068101598
20955,3.6512777770548714
20956,5.080507230816202
20957,6.294372930449022
20958,7.626951802419423
20959,5.614630196423269
20960,5.137126388705905
20961,4.183546515638684
20962,6.371486059209732
20963,7.860736509611803
20964,7.43121616461295
20965,2.6306487326415273
20966,5.163103637764722
20967,3.516197539468077
20968,2.494790155412371
20969,5.252123452869243
20970,7.071730886288442
20971,4.119945204006232
20972,6.9753434776774474
20973,6.539729150698021
20974,7.727140582390356
20975,7.803460330998755
20976,6.297663332034252
20977,4.121396876372197
20978,4.67220513288731
20979,5.537788666345024
20980,5.791444093627852
20981,5.341713078129439
20982,5.744421715660588
20983,7.9497981104309146
20984,5.953159123832794
20985,6.9128140942790335
20986,7.604128896941349
20987,6.20152997691245
20988,7.23031927826237
20989,9.553584370003698
20990,8.896544724466942
20991,7.198399583046684
20992,5.2828116371321885
20993,3.2166237852633017
20994,4.940477922672633
20995,4.874038375174377
20996,7.027898441935875
20997,6.796739968386304
20998,7.611871868090634
20999,4.483004240018839
21000,3.8567751947236646
21001,7.070406333347237
21002,1.9375797277535671
21003,6.976611012243888
21004,5.541347095516953
21005,8.491893249782226
21006,5.247688665303735
21007,6.576715615338043
21008,4.462967807272485
21009,5.997676679185505
21010,6.375337285569649
21011,8.085881717086622
21012,6.629727515960255
21013,6.631426864295425
21014,7.785321839339899
21015,5.635815640422558
21016,6.890729237940267
21017,5.170707063071641
21018,5.704605197373167
21019,6.09540756414006
21020,5.935896916086476
21021,2.5348186633486005
21022,6.936064849423559
21023,3.931880043807573
21024,7.60716958560694
21025,4.918185025178714
21026,4.758671579470925
21027,5.355653253089128
21028,6.436829257701945
21029,4.054010260597927
21030,2.4351505464802785
21031,3.7414431525409486
21032,8.168874535503997
21033,6.509622889056104
21034,3.7478973150337627
21035,3.352093308356686
21036,7.247983361458793
21037,4.543770850528212
21038,6.067349678140595
21039,7.600964371508169
21040,8.903007020694552
21041,6.748534358512173
21042,4.939837992609168
21043,4.808180300449151
21044,6.543166100413625
21045,5.70034866997271
21046,7.874390616360062
21047,4.69786572252791
21048,4.316747776740036
21049,3.7656931649834515
21050,6.802169194293861
21051,4.896659263472117
21052,5.356742367012574
21053,6.840261577076041
21054,4.907007138110629
21055,8.016881917406772
21056,4.8135946205327755
21057,4.286329865553634
21058,5.7660833968112994
21059,4.911390169092044
21060,3.8567114629386046
21061,9.158581580289116
21062,3.1239578035799376
21063,3.0233753597273685
21064,3.2638434287452607
21065,6.234885165696079
21066,6.119119727114996
21067,8.939852092540505
21068,3.018631589404515
21069,7.01877394142246
21070,2.3109563203964543
21071,2.3347787622678933
21072,4.131786672639034
21073,2.251893334332869
21074,9.40666633113198
21075,6.754690666280968
21076,9.43390702956005
21077,5.860498374066504
21078,2.1903906321156277
21079,9.151109078689851
21080,2.601921111970844
21081,5.876172902420416
21082,7.996716308381065
21083,6.677561088194305
21084,7.379374071759256
21085,8.62709233239397
21086,8.551703459821479
21087,5.48359301033888
21088,4.088643981308669
21089,1.8967477000072526
21090,3.147393364809056
21091,5.563653352924453
21092,4.90902285240408
21093,6.183772144089716
21094,7.5755624680764635
21095,7.922190998944487
21096,3.9665463066573885
21097,4.194282736964144
21098,4.716156070263401
21099,5.235820258041431
21100,5.413392655611846
21101,5.83937930157087
21102,4.908212650500253
21103,4.607911909359818
21104,4.66815292493414
21105,2.2638603986503663
21106,4.368781378563295
21107,5.68049684808386
21108,4.5812519954485404
21109,4.576241367515142
21110,7.98187518043121
21111,5.074543850685374
21112,8.269982252705717
21113,7.248906549779698
21114,4.9224879587514785
21115,5.5591186074223184
21116,3.1188523511120128
21117,9.177872938681585
21118,6.655152329815953
21119,6.3360610824786185
21120,3.250143768857696
21121,4.150499961091048
21122,5.833057042526533
21123,5.087447124413176
21124,7.516826998301678
21125,5.773362487984023
21126,2.808730161279174
21127,6.834537457602355
21128,8.020826286252504
21129,8.171831914566404
21130,7.84636998625732
21131,7.421369601653774
21132,6.009439396502114
21133,6.516451456064039
21134,6.21454536586756
21135,3.418210509194419
21136,8.131018926749121
21137,7.8291566580612475
21138,7.272091545458284
21139,4.5691643529656405
21140,8.327294116525497
21141,7.040049614635739
21142,3.016225111176206
21143,3.542781273195631
21144,8.502146624949942
21145,5.678811752250941
21146,7.742069223209692
21147,4.9981412740923
21148,4.979258464478467
21149,6.688890069134006
21150,6.096677884762943
21151,6.251825143527157
21152,5.3280904367210615
21153,7.519147811702015
21154,8.33684516802981
21155,2.8861053761141733
21156,9.158354423831927
21157,6.420377037619712
21158,8.114791371143458
21159,7.938456533953083
21160,6.647120682895597
21161,5.846540791843848
21162,4.177303983067851
21163,5.066558574854594
21164,7.584196454698266
21165,3.3382171193337946
21166,7.173944390704649
21167,7.589619514314679
21168,5.5058565233235415
21169,7.069506739296222
21170,5.172462779869754
21171,8.158511356380648
21172,3.6328801803067994
21173,5.8111575660768935
21174,4.862386276118769
21175,8.224482958125554
21176,5.557258417949348
21177,7.007548455035337
21178,6.151805318316221
21179,6.594169791715261
21180,6.181477949273382
21181,5.893397394629145
21182,4.146128518646732
21183,6.584112992578799
21184,5.010341670066501
21185,5.795745191084619
21186,6.019794792807372
21187,3.528899714710606
21188,7.9173307352157725
21189,2.756221453503196
21190,7.766516891640902
21191,7.9812534908620325
21192,5.835895807055592
21193,7.7151084648886865
21194,5.678843316454433
21195,7.257124030226269
21196,7.284812688553698
21197,6.949157301906164
21198,8.613761428671467
21199,2.0287426981814836
21200,6.2598787845824795
21201,6.651280811969142
21202,9.048870102286259
21203,7.726674237900653
21204,7.635231293658436
21205,7.4411360069962855
21206,7.264177879928901
21207,9.25775305885793
21208,6.071869129524044
21209,7.14284016337475
21210,1.1904828084948855
21211,6.417789428505854
21212,8.928709216846546
21213,4.18115841191802
21214,2.8761123600628506
21215,7.065504187225045
21216,4.471027140111882
21217,7.053012773416103
21218,5.752266103954788
21219,7.162348332946355
21220,7.745004211757996
21221,9.178465560294937
21222,5.827246434133435
21223,5.82084189000048
21224,3.275412277709914
21225,8.003934858546266
21226,7.142781505978291
21227,9.168555993572205
21228,8.923953069193425
21229,6.34600887609809
21230,6.198819437307388
21231,6.081830396565092
21232,4.180682411204363
21233,6.401448761487913
21234,4.922245223252144
21235,7.9559981029695255
21236,7.265131589007758
21237,3.476519365211779
21238,5.86844553068906
21239,5.8593889591575925
21240,5.024614566264791
21241,4.1098641040209705
21242,9.691759214101896
21243,6.074624248137229
21244,2.891819329796377
21245,6.107673057474086
21246,4.628077429914073
21247,5.954502257598875
21248,6.161846964015869
21249,4.38585166872476
21250,3.917903982151176
21251,6.860994724449262
21252,5.717711969522755
21253,6.144723636137908
21254,7.8587588902191445
21255,5.66282309162824
21256,8.265669171424777
21257,6.757824270326292
21258,6.263660552803086
21259,7.903270639007975
21260,4.714222403978515
21261,1.9111722757651863
21262,4.907511572876938
21263,7.077346809226431
21264,7.8036005380729465
21265,5.352834174625155
21266,5.716809431852024
21267,3.051366268018693
21268,5.221101518594318
21269,8.203828149776157
21270,5.792546620453498
21271,4.133065462314519
21272,4.204094064716121
21273,7.520613483619257
21274,8.263523361194142
21275,6.108060748063545
21276,5.252405741968122
21277,4.819637765785936
21278,1.5503233145928785
21279,8.60865224930085
21280,5.8632317341658045
21281,8.020504121837998
21282,4.266365117889558
21283,8.068812171418372
21284,4.669329577331954
21285,6.091346628475263
21286,8.54221666390733
21287,4.142288924478927
21288,5.980329908620107
21289,6.936577954509142
21290,8.968359044996191
21291,5.014125892072113
21292,4.819185489319009
21293,4.546707144064293
21294,7.198228846939131
21295,8.072851428743368
21296,8.039486348448726
21297,6.814640432117447
21298,1.2543841351461635
21299,4.83931934998129
21300,3.612330893208513
21301,5.071724016863492
21302,6.127820238563314
21303,6.274438175455326
21304,3.5473740216157506
21305,8.28429628831119
21306,6.107194710820614
21307,3.974028653077304
21308,7.243617056769841
21309,6.560974836547255
21310,6.507280169562492
21311,5.756610256503995
21312,6.391197532366628
21313,7.225439100249955
21314,6.113214708958472
21315,4.63418070453088
21316,8.524127474742471
21317,3.5366433226684357
21318,3.1430045951224717
21319,6.416679321451182
21320,4.140946278996811
21321,6.300918283322358
21322,4.310774802153624
21323,2.598157941144903
21324,7.266605203182457
21325,7.580267864558573
21326,7.929200711402815
21327,6.086726904854924
21328,8.190908238054252
21329,7.399413625406096
21330,6.626942497764527
21331,7.866748640141534
21332,4.166312933965822
21333,3.9618927729147497
21334,9.210501669615457
21335,7.626173782503457
21336,7.089680426102951
21337,7.4989194653963605
21338,4.889788938914395
21339,2.8296423796091172
21340,2.4820729643603903
21341,7.439923589964447
21342,4.551654799554697
21343,2.657691688456307
21344,4.214216294813262
21345,4.570023347619466
21346,4.42168516305979
21347,4.041317084977917
21348,5.2450414798443825
21349,5.240268247253453
21350,6.754325163308361
21351,6.235768276698609
21352,7.947765948261921
21353,6.415963857319375
21354,5.616619517332695
21355,4.409473023858098
21356,6.651680135189098
21357,9.298155915548529
21358,6.747794423426764
21359,7.6936966625524
21360,8.627947045148922
21361,6.283044084293538
21362,3.0632955531466575
21363,6.1076281004113575
21364,0.8350462895700117
21365,7.047549517090447
21366,9.345976788611345
21367,6.550143933637803
21368,5.650076786394926
21369,7.00215219034641
21370,5.4128706414356795
21371,7.250849671222035
21372,4.883206556238498
21373,4.846035223696086
21374,3.4400051578828004
21375,4.298192255787068
21376,6.8682321162790245
21377,4.238199955194582
21378,7.024933432089328
21379,7.824977275736914
21380,6.117157666555733
21381,7.014787468331437
21382,5.449493666240655
21383,5.096961000585567
21384,5.289186711791607
21385,7.323685904259763
21386,2.5307786623907713
21387,3.073608739617932
21388,4.886892186722801
21389,6.596476961084168
21390,6.32606827227032
21391,7.006583022802131
21392,4.693036352830821
21393,3.60526447738718
21394,6.3256629822753245
21395,7.8273680395675225
21396,5.10996048323416
21397,7.896159048848022
21398,5.644669008177989
21399,6.820556234510463
21400,3.182016087340326
21401,7.20273057647189
21402,6.2367989174155465
21403,9.115982988680909
21404,2.827102936038509
21405,7.791100212967946
21406,5.699467000744255
21407,6.040612949223912
21408,4.6924029756596015
21409,2.0829300079205515
21410,5.91676327981899
21411,8.94983847566926
21412,6.351839717201714
21413,8.926646908191888
21414,6.688401702770198
21415,5.536810274428204
21416,2.837935205040538
21417,8.198288636486495
21418,7.609509728859123
21419,9.417238045915227
21420,4.2935825431075205
21421,4.491358462500465
21422,3.901434326056779
21423,3.4499243061518903
21424,6.884469645612727
21425,3.6098875001602346
21426,6.968707620545123
21427,5.4194053677728675
21428,5.8781741297402474
21429,3.7364563176027987
21430,7.493926648183761
21431,2.154060097641623
21432,8.225839747932511
21433,7.98064549938588
21434,8.810807000385532
21435,6.257224760771556
21436,8.37254398883925
21437,9.28261414335007
21438,6.493233776483156
21439,6.457921092018181
21440,8.107417669806658
21441,6.254095454642799
21442,3.9964028527933424
21443,4.0225611873226175
21444,6.470027018839699
21445,5.901722881777227
21446,6.150624882076355
21447,4.645751295101417
21448,7.286691734018793
21449,5.161381047447239
21450,5.062255505387486
21451,6.078000068436426
21452,8.52284899493091
21453,8.6177774039768
21454,5.281375358538554
21455,6.780547554540158
21456,5.029373063466389
21457,9.317593788842343
21458,5.7626976116388295
21459,3.536928683674054
21460,3.785518948049994
21461,7.148465680086249
21462,3.6249588904989873
21463,8.52849503503279
21464,6.749798149142331
21465,7.966199133673624
21466,4.868368936272644
21467,8.906435069427221
21468,5.562064906651832
21469,3.4360637665786813
21470,6.345563064381106
21471,4.455662306406845
21472,6.552930375567811
21473,5.97040960100228
21474,3.699572188658341
21475,3.296845349588369
21476,4.795725147762446
21477,4.234740777285499
21478,5.205521118162095
21479,6.4651385452870915
21480,7.160381485360091
21481,4.179827554934407
21482,7.810725123159652
21483,7.72792941180157
21484,7.007010604449436
21485,6.138927281047493
21486,4.012737864338945
21487,7.754714045584143
21488,2.6439102519323363
21489,5.926287093845734
21490,6.98914018830252
21491,8.285399621215266
21492,4.609593038604562
21493,5.920109170364812
21494,7.828665127437393
21495,6.7631788365815675
21496,4.6327714815262135
21497,5.468330251346596
21498,7.901862505698613
21499,5.391659403075508
21500,6.1178241419937045
21501,5.243760216137069
21502,5.895920425058248
21503,5.19678207307737
21504,6.985024692271881
21505,5.007580870689184
21506,5.897462718897328
21507,4.803108139874999
21508,8.722391795305766
21509,6.624513233612863
21510,7.634804020615389
21511,6.0992320754176745
21512,6.590868477316513
21513,6.14026495525026
21514,9.076554767435862
21515,4.4091970185525335
21516,6.95580321725868
21517,5.132431559384583
21518,9.139920545907195
21519,6.037232826803232
21520,5.145433816116828
21521,3.8406181877611267
21522,7.2386307251931665
21523,9.746489218663037
21524,6.989475183431433
21525,6.798469227322079
21526,4.322966286139447
21527,5.699841475273123
21528,7.888591990710798
21529,4.907278066578697
21530,6.436409018154616
21531,4.944769017529408
21532,9.704107596264938
21533,5.076166400594568
21534,4.27344583016638
21535,4.234073377533264
21536,6.318177318166741
21537,8.560291887985997
21538,1.854077731521742
21539,3.9847274401527266
21540,3.5650515233648887
21541,6.326344258694455
21542,6.227384245664673
21543,6.401612016697649
21544,8.493951335375442
21545,4.485770072309327
21546,1.848577883366814
21547,7.103905782996579
21548,7.653932020331993
21549,5.095660740445995
21550,8.965528838859347
21551,6.616612777603062
21552,2.1628130621554615
21553,6.53368666815509
21554,3.0527470729126343
21555,5.566283246854458
21556,7.1686764053163134
21557,6.983389145120516
21558,3.9935147686215053
21559,3.35709905066821
21560,8.91887604668323
21561,7.777692217279844
21562,8.395184318201322
21563,5.095325541308864
21564,3.317196387323009
21565,6.112793392357361
21566,2.802534820891527
21567,9.13058567986009
21568,8.224824481557182
21569,8.40597760631627
21570,6.259754909380894
21571,5.074720196755759
21572,8.516993889828864
21573,9.014834783142698
21574,4.145939543892334
21575,3.1554224663155157
21576,8.135839308759529
21577,9.17307499419276
21578,6.974422134663211
21579,7.1619545449845505
21580,5.849569585023058
21581,4.343849898223308
21582,4.917123819221758
21583,6.411000054515595
21584,6.0792021275575925
21585,6.187971263790434
21586,7.225806236426757
21587,5.589045246908133
21588,3.485702603472766
21589,6.209721909243954
21590,4.699651424247695
21591,5.592415484000682
21592,8.385056061457162
21593,8.429088685845347
21594,2.922924031078322
21595,7.332212610061677
21596,5.79928712567955
21597,5.203181331151991
21598,4.367430774757263
21599,3.944740303300998
21600,7.879439817417717
21601,1.7721083462839884
21602,2.696042395904474
21603,9.381960013319668
21604,5.287504623333045
21605,7.729727279525637
21606,3.4226996332226527
21607,4.84785017903144
21608,7.519956778402822
21609,4.019498582376557
21610,5.905258804320959
21611,5.383810180076248
21612,4.156063838677638
21613,8.308802865111188
21614,6.235464600858062
21615,4.570352629151737
21616,6.326544989191491
21617,5.4542825933181325
21618,9.086971985854035
21619,9.237863997892044
21620,3.71546443517511
21621,8.884070904600023
21622,5.657394385801362
21623,7.919175447494423
21624,9.09072211106247
21625,6.7045322524719095
21626,5.065170787418468
21627,6.303624414067324
21628,9.849592396030797
21629,7.416481076364809
21630,9.292208086722722
21631,3.741794781214524
21632,5.378678636894695
21633,5.994657611160131
21634,2.6312333622986523
21635,5.822931154191946
21636,5.327917911427907
21637,5.162595890493437
21638,6.506032988374558
21639,7.708878936859888
21640,9.595575212353062
21641,5.234421847170487
21642,7.908706240124238
21643,9.183312473602918
21644,4.870251281005257
21645,7.401364371783324
21646,4.450690098291902
21647,6.453329382612738
21648,5.7609854802775216
21649,8.093256906039992
21650,2.7066971137125293
21651,4.120094256062358
21652,3.802011107802312
21653,4.461826170341022
21654,2.8902990714727546
21655,5.322228488884771
21656,7.875805619395199
21657,7.6645567136927495
21658,7.58772877330307
21659,3.9790611120379236
21660,7.488090671058165
21661,2.4315780620791365
21662,4.369250273062483
21663,8.219887074170355
21664,3.316504100025346
21665,4.7986396620346135
21666,2.3488105739357774
21667,6.673798794696056
21668,5.996399107922405
21669,9.136243422333031
21670,1.5450262509847716
21671,6.812150596527632
21672,5.228906795446795
21673,5.575734027003624
21674,4.012136283432645
21675,4.952813325368688
21676,8.003301860441821
21677,3.823088793128908
21678,6.326411976304349
21679,6.487619463905546
21680,4.829528836075191
21681,1.5989817336083867
21682,7.3803901632126925
21683,6.427000615292695
21684,6.148340778443563
21685,7.971669531856039
21686,5.412414439546641
21687,5.818700015535527
21688,6.7246402557802725
21689,5.692984331940452
21690,8.783456418321027
21691,3.7381580968716746
21692,6.218091981854961
21693,3.976929969144021
21694,7.413195714241471
21695,5.643116608140251
21696,9.77278795458402
21697,5.0719365565877785
21698,2.2242788168883454
21699,8.35441024955216
21700,5.780150310696324
21701,7.915228897882037
21702,3.771495683616178
21703,6.186893701618564
21704,4.5435948417753735
21705,8.842204103127719
21706,3.3081630473304493
21707,8.658711725208644
21708,5.796023511880938
21709,5.271402225284259
21710,9.189579052017582
21711,5.284923165028021
21712,4.217042652789067
21713,5.676723500850398
21714,4.99294886366987
21715,4.796580155996072
21716,7.19410490513867
21717,6.752385525160839
21718,2.529559836137935
21719,7.708122587850786
21720,5.065119976771476
21721,7.295627057090116
21722,9.31818975646487
21723,6.398527879004579
21724,7.683662861753767
21725,5.759833989763187
21726,9.050445851095484
21727,7.008602002940078
21728,5.282880634745357
21729,5.7218208196132645
21730,6.331761227796325
21731,6.9104275192745765
21732,2.2897965347034126
21733,4.726966754010761
21734,3.742900750599883
21735,7.289186459772009
21736,6.0882967675738815
21737,7.460331734888555
21738,2.131232632847044
21739,8.276333121515883
21740,8.968300781351967
21741,6.988686067351553
21742,4.07934186343317
21743,5.881452059352192
21744,4.344101735215426
21745,5.41618162021946
21746,5.879060731999701
21747,2.8962202664399457
21748,9.778791937467536
21749,6.982009511383256
21750,6.475924284426066
21751,7.10091260795511
21752,7.4552674509172085
21753,8.627660952271121
21754,7.660175794974033
21755,6.877467223727239
21756,4.343116195336766
21757,4.5818290517084606
21758,6.449548083471255
21759,4.88830828421726
21760,7.848212335530901
21761,5.276056934361261
21762,6.373045482982114
21763,6.167833029008274
21764,6.038281072766438
21765,6.1996791903084985
21766,6.853983289277899
21767,2.8019900374165996
21768,6.818849184783439
21769,5.103490933919132
21770,4.317465331460453
21771,3.0433052435280485
21772,5.876209069963898
21773,1.737158946842695
21774,2.4139695030592625
21775,5.917961370346333
21776,4.874940835773778
21777,5.517726097153773
21778,5.997846119321973
21779,4.281424718949676
21780,8.26315438813843
21781,3.3254780073431007
21782,6.146940015925576
21783,3.645748037461479
21784,7.398672355255336
21785,6.697534227465203
21786,5.561116301835894
21787,4.68882454452149
21788,9.278798427290535
21789,3.347279601204871
21790,5.247960742883783
21791,5.584441389448929
21792,7.242412830586244
21793,6.4968397507841615
21794,6.861403135410055
21795,9.63419670276081
21796,6.273785789215265
21797,5.58488461459322
21798,0.8479544708598343
21799,5.08998410010818
21800,7.3071358040137255
21801,3.0200976946362768
21802,4.372926736383602
21803,1.9413422993669727
21804,8.201153444834695
21805,5.464601621270364
21806,6.342437909028129
21807,8.14349798604226
21808,2.860099275199694
21809,5.174488865365492
21810,3.297426152849546
21811,6.982775066786677
21812,8.179907886942352
21813,9.599849241330414
21814,7.413169005287351
21815,9.04501988605237
21816,6.507571957827358
21817,8.72001257484995
21818,6.347879431761414
21819,7.53684053141517
21820,5.672048879817508
21821,6.894372556607383
21822,8.253606884729734
21823,7.555336999524025
21824,8.031704297332553
21825,5.709217785525048
21826,6.471065025719382
21827,8.05985178182298
21828,6.295163120231309
21829,4.306060055530211
21830,4.173835830913456
21831,3.501123351011458
21832,2.4265111101593417
21833,5.237522806955002
21834,5.493590464724148
21835,6.189906165026138
21836,6.147739501333269
21837,5.452998166063959
21838,8.752693657988312
21839,2.9408083430856893
21840,8.163878104287491
21841,6.982651254516296
21842,1.2995820322343343
21843,9.523985391724626
21844,7.957942755273959
21845,7.313390002440832
21846,6.960466781477432
21847,6.014819186732807
21848,3.222653987490008
21849,5.3473616471823355
21850,3.4740573851551884
21851,3.874372870998522
21852,6.241278199985531
21853,7.142730742105164
21854,5.014057105571945
21855,6.343487826243633
21856,5.285990970257724
21857,8.101904772261483
21858,4.436973880647514
21859,7.730378936021319
21860,7.214796864604827
21861,1.8448722548276058
21862,7.996305555384211
21863,3.603989949462167
21864,8.94714846763312
21865,6.82667416712295
21866,9.837508211506309
21867,4.242239585384446
21868,5.816185526716248
21869,7.680333232798326
21870,5.468589316276911
21871,6.386081326932106
21872,5.186843744745353
21873,7.170974789779152
21874,6.835358469138268
21875,9.095470329624794
21876,5.493974483629325
21877,5.495810196629569
21878,5.314434619579122
21879,6.172454695917418
21880,7.8519822699829245
21881,4.99556033107104
21882,4.8035892777064415
21883,5.42520123646658
21884,6.835885924463801
21885,9.145537883129215
21886,3.738094747450491
21887,3.704924816244309
21888,7.999091041053182
21889,5.855005580059096
21890,6.445155584596322
21891,5.632590120171763
21892,5.559433308325643
21893,5.70845616467275
21894,6.283909795768388
21895,8.377568865389485
21896,6.431959684300608
21897,4.970361458073974
21898,6.458688749570659
21899,6.789627436565058
21900,3.6941538109414065
21901,4.649271336504426
21902,4.829617738187153
21903,8.029673859653427
21904,3.9664496070277298
21905,7.608443144184685
21906,6.2886859812943445
21907,4.814141826144648
21908,8.35823225442999
21909,5.550340346630427
21910,4.148635870058232
21911,4.321141554929383
21912,4.939911565452505
21913,8.149122532278131
21914,9.479580586565268
21915,5.685864768534953
21916,6.413382044863496
21917,5.042358883066178
21918,5.749407674981175
21919,8.662552557874125
21920,9.608129476900423
21921,7.93582150096751
21922,7.540987087555337
21923,6.681492201039015
21924,6.7552124090572745
21925,7.259619418597104
21926,6.178662355360693
21927,5.754029160037692
21928,7.303507435462429
21929,8.688978990561479
21930,5.902992407413183
21931,9.144102232721059
21932,5.188959437599888
21933,5.493791856070114
21934,2.9875619517998055
21935,5.960957045728226
21936,7.331528384381945
21937,7.4887752205895834
21938,8.782583954444071
21939,7.746341956790294
21940,4.491086797611023
21941,5.93325434085472
21942,9.045680236717219
21943,3.9163764174269557
21944,6.383673577186118
21945,5.784516197722972
21946,5.898066623470903
21947,8.673787019809527
21948,4.612468373414468
21949,8.659763082086254
21950,6.172475497933726
21951,8.186520518228924
21952,3.805693010634908
21953,6.291160773718989
21954,2.812296300509038
21955,7.97906420579769
21956,5.210929727778187
21957,9.133624912148207
21958,7.73842720475891
21959,5.474035347171882
21960,5.088618753042985
21961,5.042067617363852
21962,7.386544974044936
21963,8.721607352736395
21964,8.536684271064553
21965,9.676705051005992
21966,4.8544919179017185
21967,3.5911792547413586
21968,8.324103036103244
21969,9.056520674423385
21970,5.598910869616057
21971,3.4091406793346337
21972,4.8012302185166895
21973,5.801389932948638
21974,8.064261890093453
21975,3.0031262183207295
21976,7.230709487751519
21977,5.289017494532255
21978,8.667827946857026
21979,5.2961683874669525
21980,6.841963231971878
21981,5.207904855094508
21982,5.714909200519391
21983,3.0154188887125555
21984,5.5103833307623455
21985,7.056902219281811
21986,9.003990283442825
21987,4.046473366900856
21988,7.145483841804886
21989,8.68256090781168
21990,8.195866818190474
21991,6.536600298378866
21992,5.199529647008818
21993,5.958329810885049
21994,2.9397547065423675
21995,3.589096898701841
21996,5.793502606896295
21997,3.1339308265737533
21998,5.73661776445005
21999,4.961719036588541
22000,5.221118314137876
22001,5.013385223452535
22002,4.810134503558525
22003,1.7794069317149352
22004,5.65373499408798
22005,7.119780010748184
22006,4.79144417508539
22007,9.65430508563853
22008,5.71069991282051
22009,6.664338284713799
22010,2.773561194709207
22011,6.3170223131153005
22012,6.514643978424853
22013,4.83045710372518
22014,6.699521080216307
22015,5.969203342110818
22016,5.665918477357134
22017,5.1695265880547545
22018,3.7688774736334416
22019,3.4473902689618403
22020,4.210305878176005
22021,7.591912953067253
22022,7.311815154487283
22023,4.19659802222906
22024,3.737611264592312
22025,5.6122158386603695
22026,3.601953061640175
22027,8.626482836967458
22028,8.528461090564548
22029,7.490313187827743
22030,7.783420447483318
22031,7.583084063352741
22032,4.18013263934774
22033,8.217625862827294
22034,5.059963647471664
22035,8.576577682165407
22036,5.502626673991995
22037,4.608450042298399
22038,5.646899767969193
22039,4.576358913133249
22040,8.377853962750844
22041,6.085069715987877
22042,2.967124534216497
22043,6.780250095264494
22044,8.888538254537181
22045,5.158286085010396
22046,7.906147720874317
22047,5.285681626793356
22048,8.316144251501646
22049,3.3750396485698597
22050,5.286554256789163
22051,3.3641788250511877
22052,6.968372965509264
22053,8.911548808346335
22054,6.427212887583083
22055,8.533522588068422
22056,6.463310858503413
22057,8.07390433467236
22058,4.085945494499422
22059,5.49373688378536
22060,8.209875642450484
22061,6.36218214157213
22062,3.3754017910481835
22063,6.258008600350969
22064,7.45554772190553
22065,5.376377383679981
22066,4.077823246377098
22067,6.965768779754941
22068,6.3331556775754505
22069,6.989855562065987
22070,5.124637385366222
22071,6.167742038873409
22072,5.08227154749825
22073,8.212358574889214
22074,4.8096304263702905
22075,5.6919601103211415
22076,5.742535849422972
22077,9.349374457756385
22078,7.302509119612102
22079,8.597449788778137
22080,5.230578804480749
22081,8.60050927865853
22082,3.2612117669166136
22083,9.30934989593395
22084,1.925921238177934
22085,3.7255372977908725
22086,6.22939112599324
22087,2.2691302269156224
22088,6.012477645110445
22089,4.696572250265762
22090,5.792340412097034
22091,6.938129609609513
22092,8.917733602218652
22093,7.39011914149464
22094,6.779036438407849
22095,4.912405421711988
22096,7.435646825535002
22097,5.9063815864616975
22098,5.984600460398723
22099,8.2348115505254
22100,3.4715354503271882
22101,5.370311869197883
22102,8.158671993419397
22103,8.509799327258936
22104,1.7409437631348466
22105,5.400461065996192
22106,5.090519763721404
22107,7.138375655693123
22108,6.055269622558863
22109,3.6198879039696497
22110,5.512275893623036
22111,4.275333928754568
22112,6.074287978216992
22113,6.2905773423666265
22114,7.970377778867739
22115,6.289132542817262
22116,4.090600946397098
22117,4.6883429442807545
22118,7.640819634821717
22119,4.791657979922126
22120,4.5366860806970335
22121,7.5146415778866515
22122,5.967704828318614
22123,4.60284607841797
22124,7.3787237441399
22125,6.08132454259449
22126,6.341850222570574
22127,7.473001471025925
22128,4.127821894877355
22129,7.687463056203802
22130,7.01315856505733
22131,4.892277204777549
22132,4.983215584455483
22133,3.5609884850820017
22134,5.435052600773976
22135,6.645344810477338
22136,4.956647061124511
22137,4.489738498932826
22138,3.99667914991102
22139,6.092518989031786
22140,7.431014192540952
22141,8.061754308991059
22142,5.293590014068989
22143,7.276436694820989
22144,7.9101108656384
22145,4.8596478922484385
22146,3.062571394289208
22147,3.83852184119926
22148,1.3582860815177007
22149,6.31539807385244
22150,4.543793002041564
22151,2.5997033492554023
22152,7.631499429960446
22153,4.016247619258903
22154,4.246296486709244
22155,5.9406540734508635
22156,3.3970218629370046
22157,5.865228036462534
22158,8.53426373210143
22159,6.834510685529044
22160,9.306936284490522
22161,6.062410080537902
22162,5.53092164891088
22163,4.199277208222705
22164,4.345512717315527
22165,6.844216179821778
22166,5.325190886661288
22167,8.010259917054933
22168,7.979803876128735
22169,3.843770003911274
22170,4.159387580550332
22171,5.100347179250703
22172,3.5042035611789046
22173,4.818101153646214
22174,5.466960659006759
22175,5.606456806919982
22176,3.767092062528116
22177,2.0269368344905616
22178,8.406207545377871
22179,6.781218758945239
22180,8.51725653948945
22181,5.211079619366021
22182,4.46306700675348
22183,6.5057749350542995
22184,6.375136893144788
22185,6.618235680791635
22186,5.964007974406733
22187,7.895629521354278
22188,7.124869283578503
22189,2.6823139481700053
22190,5.880452260773741
22191,4.322095472374025
22192,5.8017262880775435
22193,7.010116615323543
22194,3.786773959121777
22195,4.6211206048619164
22196,4.818172902578667
22197,6.335864158863485
22198,6.823187790773863
22199,5.310895092757466
22200,5.1445170874629
22201,5.487987359383341
22202,3.9887741726473207
22203,8.937538537930452
22204,5.1979983399446965
22205,5.39696823070813
22206,7.96831346769144
22207,2.026956509704359
22208,3.292317604201848
22209,7.123670403119844
22210,8.075985687593256
22211,9.18434369501969
22212,4.273764550736754
22213,5.84629332189321
22214,5.2185478679667785
22215,7.396866767641276
22216,7.268392367668742
22217,5.071693248111991
22218,5.736849081418956
22219,7.9714674908567495
22220,1.322322164438214
22221,7.493188826554864
22222,4.2717740233279144
22223,6.848950057539728
22224,3.4894141260386933
22225,4.551599691487647
22226,5.1975046442938515
22227,3.197708193459352
22228,7.273618472104931
22229,5.374175486948025
22230,5.62215689834607
22231,7.7613255535630525
22232,6.337997718710883
22233,8.908678747879422
22234,5.053286527330601
22235,7.311099045392545
22236,1.1925424596250904
22237,2.051250477225928
22238,7.223302418218536
22239,4.002929226908181
22240,5.902091824014746
22241,7.4724038156162145
22242,5.651827049180621
22243,5.1952845644797225
22244,5.1576198784714835
22245,7.42029695754932
22246,8.130520614756836
22247,6.088754768769126
22248,8.792454829063647
22249,4.733573941233983
22250,6.174715660215162
22251,3.296103130368856
22252,4.3264296015030475
22253,8.775547705519436
22254,8.956119741398417
22255,7.033298109239556
22256,6.6002282173089295
22257,9.205479556095927
22258,6.934060464878902
22259,1.652197362456043
22260,2.304912506727866
22261,4.837357246091772
22262,4.332537026594887
22263,6.917410408898456
22264,4.432271150396982
22265,6.962102538299176
22266,4.928755448232993
22267,3.8869318917765354
22268,3.224631169932475
22269,3.977191099428762
22270,5.842035185677893
22271,3.903444057273667
22272,7.403692224086385
22273,2.5321992922224514
22274,5.407811063903765
22275,6.861612872459199
22276,7.2205009772904525
22277,8.763367317315543
22278,6.743411500773682
22279,2.379217600560704
22280,8.620782421648707
22281,4.612458441944085
22282,4.184538170403032
22283,5.644178349188949
22284,8.657166387257625
22285,6.357343886225488
22286,5.073056710082667
22287,6.2753490624664146
22288,7.539407003791102
22289,9.018446355182324
22290,3.9747497387790953
22291,4.468444045868412
22292,9.613968352659079
22293,6.106083019312567
22294,8.312702865526179
22295,10.0
22296,3.1813823277414928
22297,4.026203209857356
22298,5.518683493796788
22299,6.083966735747757
22300,3.2951908028328885
22301,8.75495369136417
22302,6.162932296422396
22303,5.80628519319427
22304,5.388670516260796
22305,6.785711535500094
22306,7.7335966165531325
22307,6.587020657159661
22308,9.322039043141649
22309,6.263789339916177
22310,9.49914406298255
22311,4.4136842927805855
22312,5.987026463705957
22313,3.1778446527191706
22314,6.452963995892254
22315,5.900128983122152
22316,4.506886728642083
22317,9.11777685814065
22318,2.8218960292245416
22319,5.0686684984139045
22320,6.109927722616698
22321,4.410540245618154
22322,5.388326741414543
22323,6.2028988278120725
22324,7.281179268184941
22325,2.6347902390422275
22326,3.266694251412555
22327,4.133056248022866
22328,5.791948169017111
22329,6.276921389905402
22330,7.312893315562317
22331,5.19899734193639
22332,4.022817661828011
22333,7.999777227877912
22334,9.361090988708519
22335,5.891096926358044
22336,6.227178748697679
22337,5.98924241196613
22338,4.78036176913903
22339,7.708421757807807
22340,9.335500353796963
22341,3.19748367410763
22342,4.5065174486706265
22343,6.781642099519973
22344,5.002553065219991
22345,7.6374739792185045
22346,3.6057727174572944
22347,7.8760003897230435
22348,5.532161241939822
22349,6.488397565547757
22350,5.8277111096428795
22351,3.1609130249649473
22352,6.465370790421656
22353,6.780582687111297
22354,5.688052400916674
22355,5.204337157496182
22356,7.157176244287535
22357,6.103059953801023
22358,5.566189478724694
22359,6.617943135760919
22360,6.131500649310015
22361,2.5081115266012057
22362,7.671552357482518
22363,3.851044164294627
22364,8.820457269460935
22365,7.860205855360984
22366,7.513578664291458
22367,4.927636764070103
22368,4.686977915648487
22369,8.738224307849286
22370,3.148867667034748
22371,7.268363216862203
22372,8.22750284532783
22373,3.3446114772481654
22374,7.412246234949135
22375,4.491394607431341
22376,9.030259271308726
22377,4.821956613702408
22378,3.7071758466400224
22379,8.095362298459651
22380,7.321964224020383
22381,3.36930920397497
22382,7.723941299725252
22383,8.963358501128052
22384,6.449868123626455
22385,4.686473783000727
22386,7.94431225298419
22387,4.167093337409781
22388,1.3253554507282201
22389,7.240920091209984
22390,3.2963728680383477
22391,4.778378767221238
22392,7.179511675335024
22393,6.757206653902966
22394,9.443756460100957
22395,6.383166354911141
22396,8.609731486411166
22397,8.31240948599832
22398,7.0119737645895235
22399,1.8320822130045675
22400,4.8512125309585965
22401,6.719656101478022
22402,9.057024713732433
22403,7.057736966391465
22404,6.782495755545849
22405,6.426893267049097
22406,8.496325564769746
22407,3.430754529556504
22408,7.976683111401001
22409,3.68696143547009
22410,4.94930751946605
22411,2.7671862709890593
22412,8.24274851529744
22413,8.01544305031182
22414,7.054208608029108
22415,2.669337825635174
22416,4.752408771027238
22417,8.883380060007882
22418,6.533590636148504
22419,8.389826211673034
22420,6.024370427546291
22421,5.878853916983944
22422,4.44374925655819
22423,4.97841451333449
22424,8.289743464163838
22425,3.734106776826792
22426,6.700733799126181
22427,8.271240112341955
22428,8.504335787826342
22429,4.06950631661075
22430,7.3185422818057315
22431,4.459022412994337
22432,4.645118531882783
22433,2.9098453938555195
22434,6.006453144593273
22435,4.872142632855751
22436,7.054163787986661
22437,8.864657525022071
22438,5.335450228685369
22439,1.6068333050711523
22440,5.967728585521449
22441,6.692969774859479
22442,8.964432148750639
22443,8.46929021615189
22444,7.1494088344886215
22445,6.235878766357152
22446,3.9717498565545695
22447,2.456397214863869
22448,8.526341060720267
22449,5.681195368182334
22450,4.576674688922116
22451,7.348677019977941
22452,7.225067977348091
22453,5.368387019951973
22454,4.1771248989252205
22455,2.9093965933991273
22456,6.631860597381899
22457,6.286020227799602
22458,4.761271759334454
22459,3.7568550494340465
22460,7.3452431856196
22461,7.237724976453523
22462,2.987740133596624
22463,6.698642683477115
22464,6.740913567010806
22465,5.019820598478275
22466,8.456763904525769
22467,4.529552934455959
22468,5.200410468658077
22469,7.76427179105586
22470,6.358328101136134
22471,8.017413530494693
22472,4.922244433550644
22473,4.955515519297436
22474,7.121445227887564
22475,2.1507159924515675
22476,8.810153632892504
22477,7.361276957312445
22478,7.77707706175581
22479,6.9030532129456414
22480,4.181826468071452
22481,8.596135899287077
22482,4.44074714453518
22483,6.5385856208368285
22484,5.682645242665367
22485,2.5180803725675425
22486,3.2793584269582214
22487,7.327479931260214
22488,3.6822935062749
22489,5.063737700863812
22490,6.338031132936132
22491,6.830187374361503
22492,8.228343649689162
22493,6.791349777905107
22494,5.662407482267705
22495,7.384720967137859
22496,4.005190266271393
22497,8.573828904007978
22498,5.9942452963004085
22499,8.589353521618358
22500,6.546558894487567
22501,4.398100571913904
22502,2.770788327399771
22503,8.663170395695618
22504,3.4453442279677526
22505,5.08066747637608
22506,8.211308384732966
22507,2.8287033641946238
22508,2.452858819162646
22509,5.810103185163482
22510,6.160402738339135
22511,2.5250379326750068
22512,7.058389835108491
22513,4.367132698076746
22514,5.834417335302674
22515,8.84897029328354
22516,6.027399886343743
22517,4.8293983142000165
22518,6.720569237482483
22519,7.876350074733137
22520,7.262370806639035
22521,4.740358739358269
22522,5.69882951089552
22523,9.621648069713643
22524,4.448449961881482
22525,3.4174774674127266
22526,7.936501883283572
22527,5.509252292836596
22528,2.055304344675102
22529,7.4520210791668795
22530,4.936124171107154
22531,7.415943709509682
22532,4.465891622504717
22533,5.137874366187951
22534,7.388365462748503
22535,4.322326402380789
22536,4.804481000342497
22537,2.2855593495552684
22538,2.6779812559286267
22539,4.926263741901029
22540,7.603921566891253
22541,8.233063535631647
22542,5.5988041202715975
22543,6.508593575788081
22544,6.9394776949617984
22545,6.735833341966496
22546,7.283692964920499
22547,5.877611002539469
22548,5.400012862329392
22549,6.068607503992183
22550,6.372754814648536
22551,6.940052133580539
22552,7.5027324094680115
22553,4.237823487827914
22554,7.261100909582228
22555,3.9289151427165177
22556,4.961746156751425
22557,6.238470653791085
22558,7.9621802700124285
22559,7.670891544567649
22560,6.187268544034283
22561,2.3773228893843275
22562,6.648798489842532
22563,3.9075133736806347
22564,7.556393192711542
22565,7.271749986743501
22566,4.388436531413278
22567,4.9228083129083995
22568,7.72922468871712
22569,8.9418035910929
22570,2.6806174117489006
22571,7.18772318215624
22572,4.1443495181404595
22573,4.637741626439177
22574,6.1704583172329555
22575,8.14484362643364
22576,5.360060673744599
22577,3.4848509597792687
22578,6.428315932578563
22579,5.669944036560307
22580,3.750782883601944
22581,6.111417701409812
22582,6.169253087887892
22583,2.6136596068091693
22584,2.7832685892177205
22585,4.6281173657198025
22586,3.7296928697351692
22587,3.609240713289506
22588,3.288155562691104
22589,5.308692886863803
22590,6.082446680453797
22591,9.306389130696655
22592,3.3473002457684116
22593,5.634398681421498
22594,8.189344699089672
22595,7.301647006650435
22596,6.414083139858135
22597,2.1671691766559253
22598,7.109406276155585
22599,8.075225313922452
22600,4.748296941674228
22601,2.651404523333667
22602,5.082022317071479
22603,6.879533738117912
22604,8.071076569987934
22605,6.282964296960316
22606,4.743306447090758
22607,6.894328198968776
22608,2.5011211474407062
22609,4.019473623907586
22610,6.3793760538886355
22611,9.18260045957399
22612,5.376977255395559
22613,4.447821511579089
22614,2.685144660912953
22615,4.486658252886922
22616,7.4415820094189735
22617,4.648406366514585
22618,5.647707800554458
22619,8.073939431039731
22620,4.624081204974488
22621,6.98040766273951
22622,7.875912837159399
22623,5.18226879325087
22624,4.628211841783532
22625,6.100906063782708
22626,7.135747674371649
22627,6.08444154703683
22628,8.334902563793928
22629,7.968472343462636
22630,7.095241957327044
22631,6.321859168737801
22632,3.0994637237876494
22633,8.557028576136346
22634,9.13801262881364
22635,8.037812667007735
22636,8.169669025007073
22637,8.740623968018491
22638,6.681242891741144
22639,6.484037759077925
22640,3.7564310990217153
22641,6.9630753766412905
22642,7.1743682369362896
22643,1.0006968914970447
22644,8.082567502461794
22645,5.04510672731066
22646,6.72582636184164
22647,2.8100325083956403
22648,5.239681051207021
22649,8.016046269703414
22650,8.147532669336151
22651,2.051463927046443
22652,6.835327646837784
22653,5.218153966770895
22654,3.947245639535241
22655,6.440672894745098
22656,7.757304194945699
22657,3.2492813546343657
22658,5.019897977711049
22659,5.073007568490375
22660,3.5595046791691254
22661,7.067605808285071
22662,6.109924267239478
22663,8.057344034812273
22664,8.3395144999486
22665,7.409934634062561
22666,5.4493221496580695
22667,4.787334075459019
22668,8.080990425070443
22669,4.944721055082998
22670,6.274010041464546
22671,7.415123278966339
22672,4.727543770899179
22673,6.232674137417186
22674,8.228088029282226
22675,4.263703677081731
22676,7.302008001416155
22677,4.13017134191713
22678,5.2271886530512175
22679,4.780422800438357
22680,7.0638661332781965
22681,2.9594903903677725
22682,4.731354875670229
22683,9.303596069023218
22684,7.569591264572579
22685,6.029725110459169
22686,3.4162540381149196
22687,4.9754709484626805
22688,4.183325188085108
22689,5.804324994237333
22690,7.185914397386242
22691,5.0709800931937865
22692,4.606968042221977
22693,4.866491245199916
22694,7.462231480874744
22695,3.0070046707702858
22696,5.140520795153675
22697,4.389451527676191
22698,2.2887498352957265
22699,4.4057784104628395
22700,7.936749024528695
22701,5.248273189489165
22702,6.145570533424432
22703,6.1151431689197535
22704,7.231085955674544
22705,4.604020970858626
22706,5.5738742649184285
22707,4.657001352490946
22708,4.646461615220852
22709,8.273216982441527
22710,7.917640118770935
22711,4.7520697876551266
22712,5.860531390079987
22713,7.107736226232529
22714,4.7116937694736505
22715,5.646529344049735
22716,7.969150940688662
22717,2.678756590942999
22718,7.834785893247307
22719,3.4514730431681047
22720,7.94650916412628
22721,6.012683998346567
22722,6.992481731221403
22723,4.756555611206582
22724,9.312109603851141
22725,7.074368975746317
22726,5.792860607909208
22727,6.573177351420099
22728,8.644731234654202
22729,1.3678094632739324
22730,6.166824300013975
22731,5.090206629264347
22732,3.7836043286931305
22733,8.51055791514105
22734,8.441865119069176
22735,8.9653563613401
22736,7.2623595184546925
22737,6.24257355608785
22738,7.1480906387153595
22739,3.9412333834692737
22740,4.9402996689856735
22741,5.686365530519541
22742,4.7153948279110836
22743,7.340553813439047
22744,3.7997429964020744
22745,6.8826084149130615
22746,2.319722902006179
22747,6.091994840981746
22748,8.91623408773319
22749,6.301656885654025
22750,2.9403342140806785
22751,6.238820215662313
22752,4.224198276090636
22753,4.802355154705524
22754,4.74523414174619
22755,5.653000838526115
22756,4.25247994174418
22757,6.294764610843827
22758,5.25575324243293
22759,3.9007735720014534
22760,8.059887381994859
22761,8.28596642512824
22762,8.292361379531435
22763,8.031091238761181
22764,8.176089081178734
22765,6.363339966778934
22766,5.846465384518388
22767,6.32482841650696
22768,6.103637873815992
22769,5.27995817547645
22770,6.689387629080878
22771,4.1309498285774815
22772,7.2004421006034764
22773,5.429036534203069
22774,5.084112680617011
22775,6.8760585474023825
22776,5.985114187744841
22777,5.328200895882115
22778,7.393120835841547
22779,9.36631233508504
22780,4.738086843503932
22781,5.508576838239567
22782,7.0853660634137805
22783,7.532140465984995
22784,4.355468642382572
22785,3.25783043266328
22786,7.141113631033281
22787,9.59361100060826
22788,4.569268782892983
22789,4.828699506997804
22790,7.124635277518211
22791,8.790887817168109
22792,4.459472291546146
22793,4.559414603027309
22794,6.171300263684352
22795,9.70640810503008
22796,7.2176811845671915
22797,3.9405060018827522
22798,5.712333119763316
22799,6.501320591607833
22800,6.16519637776897
22801,7.792421837361226
22802,6.515587611507459
22803,8.33661072719449
22804,6.004455398488747
22805,9.402368061760816
22806,5.912410381066852
22807,6.992332661889318
22808,4.974344879431719
22809,6.101816054423172
22810,4.947008950601825
22811,4.803357099719222
22812,5.332583746908702
22813,7.222738200985608
22814,7.173181684975477
22815,7.255679511738897
22816,8.43343649353304
22817,2.8789649763875875
22818,2.400948273138728
22819,4.505880270640132
22820,6.323960811956955
22821,7.2412403139564265
22822,5.678055484537089
22823,7.664840848394766
22824,7.433289629872085
22825,6.217476405313908
22826,8.772022476946077
22827,7.647605952370579
22828,3.267898919748189
22829,5.666421168900766
22830,4.3569990836712975
22831,4.147196061121521
22832,5.9290611642148
22833,4.32450926347761
22834,8.06811904903153
22835,6.393953211987528
22836,7.653400947565686
22837,5.161668436326023
22838,6.60009379740123
22839,6.376836511471521
22840,2.5409251771295636
22841,2.2856443615618574
22842,8.165459011801174
22843,8.530774910309493
22844,4.99203876427472
22845,7.407701990294652
22846,7.696073163811175
22847,7.198486344143813
22848,2.6195519741785502
22849,8.740471263532767
22850,3.2170400322837827
22851,7.071427968898095
22852,3.6603701008256477
22853,6.330925091829393
22854,4.772533595535878
22855,5.689005109989052
22856,6.131309761473973
22857,5.071413506628058
22858,5.263679204715577
22859,5.153609320234531
22860,9.528072271116871
22861,4.031147271224106
22862,6.347018181100821
22863,3.9778716913543315
22864,6.222129816316363
22865,8.522044659433476
22866,8.328418448916032
22867,5.393006470358119
22868,8.286076017404444
22869,4.011543009162263
22870,8.209007345162238
22871,5.679492494991747
22872,5.623472569367117
22873,6.962049763837461
22874,6.594606661538842
22875,4.802209409288773
22876,3.5280983817759317
22877,8.258646139816207
22878,4.203059038015707
22879,6.097837517843946
22880,3.9671031000616175
22881,4.172678364741097
22882,3.8499275749829707
22883,4.318527444735613
22884,5.252885734809249
22885,8.579031739997202
22886,8.949282108154023
22887,4.366376914760208
22888,4.655928171103534
22889,6.044593934947073
22890,6.998700178094133
22891,4.866470582159663
22892,3.853754166436297
22893,4.468869565424732
22894,5.917563728289021
22895,6.821997960592345
22896,9.018224416294984
22897,5.898154923290553
22898,3.8740577267022327
22899,2.671099638800242
22900,5.256092117505402
22901,2.6513867741037993
22902,8.317384611181563
22903,2.488575191959334
22904,4.053666275846707
22905,7.614545942345531
22906,8.70544027588086
22907,6.728472692361934
22908,7.432181414327294
22909,7.050883334134369
22910,8.744046313141206
22911,7.199583939719646
22912,9.613528155934052
22913,3.439928910294117
22914,2.096548004580827
22915,5.657433652269101
22916,3.4744353346719694
22917,6.06466209065176
22918,4.664392716881879
22919,2.8446248249327004
22920,8.835474661558063
22921,6.767249434304405
22922,3.3735843378361112
22923,6.846214238714227
22924,7.27798836165328
22925,5.514736070068936
22926,2.9781581508517805
22927,5.305171370861047
22928,8.121658752097346
22929,6.983283494117471
22930,7.294332686954928
22931,2.6016658632910534
22932,5.336903033120134
22933,7.165469604109381
22934,7.067175502042091
22935,8.32103562397226
22936,2.4583925630057593
22937,5.347477576868693
22938,5.308605337067029
22939,7.865373649216268
22940,5.337423865073735
22941,4.3887149167240365
22942,8.464909958483206
22943,3.273063796221988
22944,7.336037063105574
22945,4.939799810155161
22946,4.463200553802533
22947,6.144993638281932
22948,5.584523779527246
22949,5.124865860525622
22950,6.0361534061958615
22951,6.514869823157092
22952,4.4975472151326015
22953,5.394629024646012
22954,6.374791118352521
22955,5.118751318047158
22956,2.6514682663244304
22957,3.0530714422558476
22958,6.517244397947027
22959,6.092233100825972
22960,6.952413148535794
22961,6.239649374677824
22962,7.455839640485521
22963,3.395049954166338
22964,4.2232502849210665
22965,5.297961177624352
22966,4.225010152212613
22967,4.409912640072712
22968,4.114343563362571
22969,2.470405570173778
22970,3.0720289108827767
22971,9.719474594315761
22972,5.990632268350539
22973,4.721818151209882
22974,7.84533090026733
22975,5.165014412421925
22976,2.1413070966015804
22977,3.9790889339725037
22978,6.219879652558886
22979,4.512255861016078
22980,7.777208316006768
22981,7.060858739249527
22982,6.9347521906662575
22983,6.246270472737376
22984,6.888369943827656
22985,5.459018092871248
22986,6.332793767969526
22987,8.632299442599209
22988,9.585830729393772
22989,5.81106567158795
22990,5.453494908521153
22991,7.437506609365714
22992,3.5495152327397452
22993,8.137484692895372
22994,3.4038248298901177
22995,4.606301721976428
22996,3.4169810412855433
22997,7.518716823688792
22998,2.7852527871472494
22999,6.524965050759755
23000,1.9266812458764297
23001,7.05402380934664
23002,7.842304157323168
23003,6.134607829760924
23004,9.30529650300028
23005,6.432270750935374
23006,2.5090301879361014
23007,8.553220270537782
23008,5.199965153477624
23009,8.463609658769611
23010,5.600515131397631
23011,5.435308152149201
23012,5.165744201232728
23013,5.968949878379122
23014,7.856758411244739
23015,3.350773960788378
23016,6.8317199277535785
23017,4.810906489129717
23018,3.778023713575192
23019,8.57397291751509
23020,6.292945987963996
23021,5.5653176078327915
23022,4.848633946984361
23023,5.901104809002585
23024,4.9521950645337975
23025,3.551798036785332
23026,4.557114851627382
23027,4.227876029951334
23028,6.339366994243325
23029,5.362473209697507
23030,6.725282324037656
23031,5.798550443801019
23032,5.605213704670495
23033,4.066757326017725
23034,8.468799416472258
23035,5.307931461012266
23036,5.5442464664209
23037,5.383259272226549
23038,7.6287045125297075
23039,4.941774872940481
23040,5.818268077630001
23041,2.6063940723955383
23042,6.244885601751928
23043,5.610061568049744
23044,5.908441642399006
23045,2.650321545536825
23046,6.604284032298214
23047,7.98203866645536
23048,3.2653728525496497
23049,4.7508124984885765
23050,6.425936498244815
23051,9.779780051452166
23052,4.152107910221218
23053,4.951873499962817
23054,6.695002596187724
23055,5.970835298262327
23056,8.094040224071282
23057,5.765737605169029
23058,8.764329140220854
23059,7.371894558847159
23060,8.377180092747224
23061,5.506422415925833
23062,6.714186364232651
23063,4.201053126851708
23064,6.573304022213893
23065,6.706362883432466
23066,3.767514930945158
23067,6.261549384875006
23068,3.744264882076062
23069,7.061531301850759
23070,3.6493728500948537
23071,5.62728652400229
23072,8.47365393552266
23073,5.512697867804124
23074,7.501553017096754
23075,5.6698016470201695
23076,5.702158508504933
23077,7.897037718209899
23078,7.058777478027583
23079,3.285395108853193
23080,8.54628141268424
23081,7.5224685178306
23082,6.4169444501838235
23083,6.648675755465844
23084,7.354982078919486
23085,5.750584507538117
23086,5.5778473082143165
23087,8.736710070822653
23088,7.378603271425359
23089,7.335618947828475
23090,5.331002875488425
23091,6.295816992903858
23092,4.938023052143024
23093,6.541940861283269
23094,7.223847834296704
23095,6.013559332344579
23096,8.569664718291236
23097,5.242214194149236
23098,5.340776490647909
23099,8.443969478808178
23100,6.3061232432486625
23101,7.764887182046745
23102,1.2701184877068892
23103,8.119273156849388
23104,5.408317702752198
23105,5.378460630802634
23106,5.390303828155703
23107,4.780670832892195
23108,8.715035833709912
23109,5.340768690318931
23110,2.886790215535452
23111,3.8660983055024345
23112,7.246952917761867
23113,4.540481549156553
23114,7.228362772199641
23115,8.207869004468105
23116,0.8683996428978045
23117,6.8483399850221796
23118,6.7719281317608315
23119,7.732534139018829
23120,8.86978188162949
23121,6.886885825414968
23122,8.198432521774935
23123,7.785866332141797
23124,4.928724658550815
23125,7.170012019368311
23126,7.89266869755471
23127,5.1014917347135285
23128,7.83548902110312
23129,5.958710325913694
23130,3.387864040016283
23131,5.497598672616548
23132,7.590949048931748
23133,5.2038835101834815
23134,6.226507969328586
23135,5.4209787824023765
23136,8.05672503085248
23137,5.118266707841869
23138,4.0649907202605515
23139,8.600117104188106
23140,6.36228604923084
23141,5.648663818205514
23142,4.504049848121705
23143,4.129742643611959
23144,5.16203503615978
23145,5.275775197686424
23146,7.349328634791263
23147,6.742556734317233
23148,4.246576431854471
23149,7.1106565105393615
23150,7.033806906119261
23151,7.007461394086615
23152,5.627246985704432
23153,4.3136358236021195
23154,5.051097153243674
23155,3.5169338448713514
23156,0.7553810993174102
23157,5.961339167972513
23158,5.683769414767093
23159,4.262407303693278
23160,6.917337593081447
23161,6.225483258430129
23162,2.290382555307625
23163,7.654450976215156
23164,3.5927328400575824
23165,5.9290165256606375
23166,8.666921399308404
23167,8.640216314285713
23168,7.276348232691316
23169,7.066987254003727
23170,6.556414075320254
23171,2.8714656067851614
23172,8.11138582749192
23173,7.067515893101541
23174,0.9036176811415837
23175,5.624278268545196
23176,6.185016403976884
23177,7.6009335298074685
23178,8.895724865850834
23179,6.990784741624944
23180,9.395605402730137
23181,5.920478537916777
23182,4.387730428801041
23183,5.077919865379705
23184,8.381336165046655
23185,7.218654079367165
23186,6.833549983470569
23187,7.20187807978434
23188,3.4285529599149616
23189,5.418581754817978
23190,7.42099993858748
23191,7.872224009096579
23192,5.623769727521558
23193,8.606092089630494
23194,5.894547972169748
23195,6.27415429092418
23196,3.963205957169176
23197,3.901985685936439
23198,6.8304616022214715
23199,6.600922763976747
23200,5.581636764633302
23201,7.445000420617289
23202,4.4169767773979665
23203,5.96298403318734
23204,7.262948641859609
23205,5.919658461480409
23206,5.268324151270333
23207,5.935501345009771
23208,2.37903914552824
23209,5.197239340331178
23210,1.4847119825324215
23211,4.104330125979228
23212,6.712166478790157
23213,3.1629167236514197
23214,7.690361891885592
23215,5.410510298914993
23216,6.971795087934953
23217,3.0345773720871225
23218,6.727186637200495
23219,6.708932311345428
23220,4.489753956387592
23221,4.800883362017453
23222,3.9555629060786166
23223,4.0415685777505805
23224,5.186847255193399
23225,7.151530712878413
23226,7.558366915967467
23227,6.3833795978428824
23228,7.82333887715005
23229,6.889291036665552
23230,5.907629681711633
23231,6.513678854405839
23232,7.0005757336445935
23233,6.610731469825914
23234,4.630963560275035
23235,3.971837910154216
23236,6.660443697536735
23237,4.781209779719528
23238,6.82761377072017
23239,7.049740137934405
23240,2.338705872206481
23241,5.646913603759471
23242,4.911028864176855
23243,4.204569772808725
23244,5.798790133573991
23245,6.181280807681485
23246,6.010125307346455
23247,5.932230915372772
23248,6.928674474400358
23249,3.948502089770863
23250,4.5073681443147775
23251,6.490899949311444
23252,6.060086729010077
23253,5.259293030878098
23254,1.7367553476155217
23255,8.636205574815074
23256,8.070201680751419
23257,4.328296423231766
23258,3.2721073046943143
23259,9.096054592273788
23260,8.788616046090285
23261,6.051923143537826
23262,1.2068701185943453
23263,8.130566316871452
23264,7.465953249452143
23265,5.378135585664829
23266,6.971637408326764
23267,5.760443040767937
23268,5.955260256996251
23269,8.995396063871368
23270,6.944155928923301
23271,5.711224267894362
23272,6.027527740289173
23273,7.868632392646929
23274,6.957842609725109
23275,8.145940699167134
23276,7.6468118108855565
23277,3.4642672590192656
23278,3.660853897607022
23279,4.931753641106746
23280,6.156886560203063
23281,4.782162040222235
23282,6.406202966560008
23283,4.970511180394476
23284,4.607846471052271
23285,5.988545789128745
23286,5.028729227373094
23287,5.470940299121653
23288,4.2013317611689525
23289,7.053798039357769
23290,7.555927829646858
23291,6.887319873059455
23292,5.390956480115599
23293,5.727999657555964
23294,7.847421206986434
23295,6.452096058144267
23296,9.612262319744069
23297,7.0827828934898776
23298,7.879832548907304
23299,7.203320421491073
23300,5.43957069331908
23301,4.569706243248641
23302,7.575520575170648
23303,8.322948298927537
23304,5.6039555460733865
23305,4.66681511158899
23306,6.385653663294572
23307,8.368028338436055
23308,8.790972628727133
23309,5.301907733956193
23310,6.425997084358707
23311,5.35115748769772
23312,7.859876511701309
23313,4.036241766728912
23314,6.371446713864446
23315,5.49994061130281
23316,9.058043324212473
23317,4.853981726588995
23318,8.989070170770214
23319,6.766528439837748
23320,2.593506942431354
23321,4.124456306133165
23322,7.933329889745987
23323,6.707790828867026
23324,7.7077769290622555
23325,7.456109085344685
23326,6.882597514484289
23327,3.8197400008650257
23328,6.070330689610013
23329,5.080618782573303
23330,9.52858746886799
23331,5.661917250111224
23332,7.1656548563632025
23333,4.810121288080299
23334,5.35553932017042
23335,3.679533239044898
23336,3.223307919348416
23337,5.30450805274653
23338,5.909637171913407
23339,8.016991345274773
23340,7.4433653719881505
23341,8.798478041621518
23342,4.958364126538753
23343,6.055067718894709
23344,6.154031555001228
23345,7.873424728778099
23346,6.9869976441206205
23347,3.257717055294956
23348,3.9930484658935534
23349,2.103795332595039
23350,5.315380476549423
23351,5.931881807732176
23352,6.921005806168389
23353,4.582558967177882
23354,4.209836891150486
23355,8.645096970573906
23356,6.263173856061888
23357,7.0548679365953095
23358,9.58506911520693
23359,5.447427677157523
23360,5.462380516533958
23361,7.406658200322486
23362,7.74467979125126
23363,3.3147091724726945
23364,4.293127642715893
23365,4.241902709850799
23366,7.2191040517575935
23367,5.61579926187872
23368,6.4750398562826454
23369,4.864983420573797
23370,4.170649570841311
23371,3.5968664858283925
23372,6.151010528783608
23373,9.198878178927286
23374,4.212792664555387
23375,4.7233285037643045
23376,8.708742695096126
23377,4.420244684943986
23378,3.317489601765724
23379,6.6357953310584294
23380,4.114841060191429
23381,6.754042211105965
23382,4.653612818671208
23383,5.440656193357172
23384,7.455427870028004
23385,3.924108948956891
23386,3.5958454673991476
23387,4.123836727258813
23388,3.424207175246507
23389,2.306845642190352
23390,4.896717926654784
23391,7.340711937500367
23392,2.3209009401946092
23393,7.5800095088898765
23394,6.731401917865395
23395,4.143542442766213
23396,6.278771107675333
23397,5.893593538375283
23398,1.4562367184227822
23399,5.779976536721799
23400,9.091916572009577
23401,1.6256869064996922
23402,6.371413999192315
23403,5.212467611316408
23404,5.992172056510482
23405,4.629529232479644
23406,9.007674203336423
23407,8.881730079489142
23408,4.939699411330135
23409,2.693038044658941
23410,9.003124427412903
23411,6.146534514323837
23412,4.875245644316593
23413,8.175208603704156
23414,2.034825773074819
23415,7.432917585207374
23416,6.07611031352042
23417,5.983517137252983
23418,6.487355107360464
23419,3.754990033330211
23420,6.779063381534964
23421,3.805146886834378
23422,7.229955694467947
23423,7.502724645214883
23424,7.894929639685111
23425,6.727159186704745
23426,7.977087291536603
23427,9.254937374642957
23428,2.36461259789757
23429,2.7786968074829055
23430,7.475196276060858
23431,5.179167860435617
23432,7.649048033725018
23433,3.115777806838046
23434,5.3304381483515435
23435,6.253245129500619
23436,8.148371339803003
23437,8.615352474493303
23438,4.294846651995084
23439,2.710284802963965
23440,2.3994016732982324
23441,4.362103688244395
23442,4.016714139818848
23443,5.787473976744718
23444,5.002173819903861
23445,7.977580466065895
23446,7.51437217669408
23447,6.7589374738170465
23448,3.6948802969121064
23449,6.237822518109197
23450,7.34840546205003
23451,4.080221394408413
23452,7.242932392281791
23453,4.405916087788263
23454,8.199164695838764
23455,3.7429393084694524
23456,6.410645750872873
23457,6.669944057465516
23458,4.105984017535292
23459,2.112584453657759
23460,3.6470255772235705
23461,8.933365595106038
23462,7.747989899113296
23463,6.6036623384798965
23464,7.450204719821494
23465,6.018767557892764
23466,8.058472212864423
23467,9.275247534056719
23468,5.759518374294422
23469,4.694790341864334
23470,8.190879798421445
23471,5.218564170936508
23472,5.343053958582263
23473,8.396240932671251
23474,5.735623782466647
23475,4.246352087102399
23476,2.024064505348089
23477,6.718284102729416
23478,6.6393366248620636
23479,3.765241433272161
23480,6.328161064713701
23481,3.645030940040314
23482,9.316892799640563
23483,5.739332953182769
23484,7.8086309744339495
23485,7.654363852267805
23486,7.7295823289187915
23487,6.654990649012808
23488,8.975537374956156
23489,4.733678567541579
23490,4.02604566091348
23491,3.9999904568930638
23492,4.687394806763045
23493,8.288916699780946
23494,3.49575206996598
23495,5.084281884058399
23496,6.984334207207835
23497,3.7139301592381924
23498,3.8968450069784466
23499,5.424643774313453
23500,2.5163546571448605
23501,7.297439839234895
23502,10.0
23503,7.057440126020944
23504,6.619688049465882
23505,8.260181812811066
23506,6.788805850562377
23507,6.2497392741328195
23508,7.86072332870366
23509,9.938612487393517
23510,4.08294116639574
23511,6.7991114046496595
23512,4.555671699306856
23513,4.405192632531282
23514,6.516983569377503
23515,2.641405932231591
23516,8.444561380229484
23517,6.578548615467774
23518,4.978454099798871
23519,4.8104044210688475
23520,6.3371689950680725
23521,8.29278700878559
23522,7.227991338106852
23523,6.2712198859067065
23524,5.911753985091482
23525,3.7305308952345615
23526,8.004394688318474
23527,1.6112329755451666
23528,3.3232503068793626
23529,8.433778167458563
23530,9.183973145592791
23531,3.8845774328562643
23532,4.899682568663012
23533,6.755663087786844
23534,6.479843069383966
23535,5.755631366910168
23536,6.742873457601091
23537,1.9813003339349802
23538,7.282260086711348
23539,2.086464406767562
23540,4.74128471472943
23541,4.217411541210963
23542,2.8859585291431413
23543,4.9286084290707
23544,4.441672008223248
23545,6.323848296846057
23546,3.1160415338082923
23547,8.751670616550006
23548,6.453663792698999
23549,6.5091302112837734
23550,6.548119358141236
23551,5.414353864379349
23552,5.837303549011946
23553,5.476590500337798
23554,2.9783626990065373
23555,5.5687557251328
23556,7.091315241718412
23557,7.111385734326602
23558,4.242239837860281
23559,8.9828271694918
23560,6.964805918319438
23561,8.996950775934108
23562,5.634163603648194
23563,7.602322580645984
23564,4.599501461984223
23565,5.178863342175776
23566,5.825832099554233
23567,4.319307532264499
23568,5.4513477374279296
23569,2.9223578641309205
23570,7.283417223940861
23571,5.703275816441944
23572,4.810070305034766
23573,4.030490788378379
23574,4.538583141651652
23575,4.8008423272458245
23576,6.646101434462203
23577,6.800636393022433
23578,2.8467451723228008
23579,6.9747599063778125
23580,4.370804602800088
23581,4.531410818871475
23582,6.164043761932243
23583,5.760813970734042
23584,6.554471081614674
23585,4.589181000911754
23586,2.927073828527456
23587,5.383552694384243
23588,3.699704826743277
23589,4.659784339674701
23590,9.371139680027419
23591,6.167440072848219
23592,4.272448251880204
23593,4.69395023130945
23594,3.4294411375501332
23595,7.202417247706387
23596,3.1528922966001462
23597,2.1681060741069595
23598,7.6908431932100285
23599,3.125366523724285
23600,3.145347046362254
23601,7.48026021169362
23602,6.285785897217456
23603,5.902684081800248
23604,1.9229734257611923
23605,9.737315609924531
23606,4.146414874610707
23607,5.265974436290649
23608,7.34358614489433
23609,8.358693349861177
23610,1.8707537282822733
23611,2.5514765582974777
23612,3.508403797425225
23613,7.594872775362246
23614,6.496983777813507
23615,2.6490281871912247
23616,6.69568711122608
23617,6.751159316769807
23618,6.127778014464956
23619,2.416992263716255
23620,5.23521878830048
23621,5.198755066754355
23622,6.601553683334164
23623,7.192804715258085
23624,5.17844840879464
23625,9.172268301931048
23626,6.389194055331096
23627,7.133336528625994
23628,1.0213022554545246
23629,9.194570942071936
23630,5.866306869605971
23631,6.97251465954509
23632,4.571015413988219
23633,7.584384444398449
23634,6.294950584423457
23635,4.4028775487101015
23636,5.5005007527377625
23637,5.595927559461388
23638,7.529224423806495
23639,9.408536916301632
23640,4.57232069300142
23641,8.65277131390409
23642,4.739112134966808
23643,4.636334838319311
23644,7.858017058701033
23645,7.362538102921393
23646,2.002580784030327
23647,5.999020782892231
23648,6.236891209146528
23649,5.3250513092189316
23650,6.828107243470038
23651,7.411441686859613
23652,7.0737189775314775
23653,5.984852678050019
23654,4.755241295919756
23655,7.020398303214032
23656,6.731781160667765
23657,5.134754945184816
23658,6.336680267593177
23659,5.452399478913191
23660,6.553218264414415
23661,6.829174098954213
23662,6.700883940687195
23663,5.430107180900599
23664,3.1210043225993083
23665,7.300736364705773
23666,6.445624195038729
23667,8.490577490301222
23668,7.154482909583863
23669,6.816307812783602
23670,4.836484658962298
23671,6.07988334803245
23672,9.141937799683921
23673,6.9926610553442226
23674,6.612662252676762
23675,4.641113209141494
23676,6.410086914950975
23677,7.940225698484276
23678,6.226838144846967
23679,10.0
23680,3.863288474179886
23681,6.0647565249900515
23682,7.063660577380877
23683,5.816236789059099
23684,4.5793442208729935
23685,4.6172661476608585
23686,8.309674562936934
23687,4.361617353899177
23688,6.481678037943382
23689,7.086987524976932
23690,2.5231277808028647
23691,5.962361153489426
23692,4.156577216733439
23693,9.475329330334379
23694,5.952103503037514
23695,2.5160616577868056
23696,3.852674850831576
23697,8.280226051922114
23698,7.412267374413269
23699,3.6661977723152672
23700,6.697282885477459
23701,4.617405420821268
23702,4.8329024558743
23703,8.004915391919045
23704,6.626541984580159
23705,7.362868932604259
23706,5.663290777457578
23707,7.163710828220127
23708,6.242094418258261
23709,6.91966026824361
23710,5.449650940683938
23711,1.6617162030031754
23712,6.8175622317425
23713,5.696854709301437
23714,8.026561642752377
23715,2.8728746387937356
23716,3.4771859519100987
23717,8.536710958402985
23718,5.015770190567157
23719,7.66254987002327
23720,5.6397972304524195
23721,3.0253980961874483
23722,1.3650121906412087
23723,5.246959849490398
23724,4.7952520253335305
23725,4.718215340033057
23726,5.753681691845415
23727,5.367022244362537
23728,7.088154720962115
23729,9.00597299216847
23730,1.3256739481810866
23731,3.934001693023385
23732,6.151830839247647
23733,6.462248719063038
23734,8.788552350094541
23735,6.309410214657202
23736,3.1659609272473874
23737,7.5189102671280175
23738,4.868108908762007
23739,9.031362496818327
23740,8.991066966322656
23741,2.518046786685198
23742,3.9472964199580316
23743,4.861784572223712
23744,7.5322836307899514
23745,7.840074674988772
23746,2.030182690917478
23747,8.336591953710151
23748,7.697613377340761
23749,7.73933108022498
23750,4.993676358503486
23751,4.481481317170104
23752,5.966670846764752
23753,7.926350784558237
23754,6.560315409719791
23755,7.377430297493211
23756,3.5943270572147563
23757,4.0181631483981395
23758,4.781607649233434
23759,5.518421518193871
23760,7.817335092757872
23761,3.157447816292223
23762,5.11824125528847
23763,4.859558119990928
23764,7.935790505264102
23765,4.8745490397726865
23766,1.9524649416816993
23767,6.355135691492146
23768,4.3360307230708734
23769,4.861833856671954
23770,2.6582346113579503
23771,6.547741701297539
23772,4.220249993815798
23773,9.769945200791588
23774,7.746437841782392
23775,7.576186188126764
23776,5.6863403632106975
23777,8.230310563539003
23778,5.753232694034342
23779,3.506225316521143
23780,3.0341300470005157
23781,2.7549406242473236
23782,3.070797658908806
23783,6.79556523390158
23784,5.252295496793793
23785,6.855090429356843
23786,7.073216746755726
23787,7.838072728198608
23788,6.911580367632899
23789,6.7147433310832945
23790,3.526075249228673
23791,3.2056835849904024
23792,7.212082536172439
23793,6.30966348487202
23794,6.707043564090293
23795,3.502226636636051
23796,5.503178238118073
23797,7.191686868493258
23798,6.0074667984709285
23799,7.5760304181100535
23800,2.5961928460466193
23801,6.935835555116798
23802,6.361065992760614
23803,4.793706389346906
23804,4.944492892672776
23805,6.411669982937343
23806,6.035018475330602
23807,7.398222284185337
23808,3.043370711573357
23809,1.192284099265172
23810,3.740929332610138
23811,4.895875011228158
23812,2.8227538909077623
23813,2.122928911283257
23814,6.760330148068544
23815,5.742138418232822
23816,3.649493427586202
23817,4.022756568040116
23818,5.980689493610052
23819,8.723980038863612
23820,8.988406899558072
23821,7.964436747501036
23822,5.890272066897667
23823,6.969981954310107
23824,8.001034556799278
23825,6.39900638273774
23826,6.144584762081388
23827,4.072433449591108
23828,7.5139136502941195
23829,4.52404122848171
23830,6.583542596250739
23831,0.2919264882522752
23832,3.4280725411700628
23833,1.766535041220286
23834,8.253500934618733
23835,2.4555553330639164
23836,6.138722750618693
23837,5.561193782182682
23838,3.4003371349347296
23839,5.18882448979689
23840,2.5556071889561087
23841,5.1194339023105915
23842,6.309429066891179
23843,7.382573769874156
23844,2.3393795529495183
23845,4.132101864969714
23846,3.7703056429627226
23847,8.958867147412755
23848,3.7958354809417973
23849,7.669293016875941
23850,7.503862211943808
23851,5.144362741485164
23852,7.307094778324993
23853,8.810582605418425
23854,3.8416566390528804
23855,6.858346717735944
23856,7.455991587980304
23857,6.07828121591456
23858,3.1446269911159246
23859,9.239762407551412
23860,4.8060156591403285
23861,8.367914897477684
23862,7.762546205589577
23863,8.148921462592353
23864,2.2861771067351695
23865,7.356576162688668
23866,4.226331944696348
23867,4.121183466078056
23868,3.76245559603767
23869,5.643909506340815
23870,4.5831296942412445
23871,10.0
23872,6.18589087220311
23873,4.502693283765135
23874,3.909160976128533
23875,6.638018907763392
23876,9.385607624226825
23877,6.755173443656225
23878,7.4677520978830225
23879,5.24216505238857
23880,6.579938825825499
23881,1.1372080210846116
23882,7.781672966830619
23883,2.3383177103762414
23884,5.348500108513991
23885,3.867244273411636
23886,7.238513031712348
23887,6.20635054608583
23888,5.8100709534093085
23889,4.811050430987119
23890,8.640207327350964
23891,6.877032668713374
23892,5.952481808832031
23893,6.042727790923998
23894,3.2762243788885383
23895,4.1849386955986265
23896,3.290625887342754
23897,6.730813851876709
23898,7.484125198990022
23899,2.7820982294316305
23900,2.4289314621193743
23901,6.90154105956025
23902,5.386251477571454
23903,6.743249859895993
23904,6.480532722585616
23905,8.217898108796732
23906,7.729873352873442
23907,7.014552360345218
23908,3.570595321387213
23909,7.180391163696637
23910,7.331120498757651
23911,6.2104961677545045
23912,7.336530538790109
23913,6.18390495874127
23914,5.7764285214628925
23915,8.475832368758978
23916,5.325854114525846
23917,2.945737408508421
23918,4.881965961007457
23919,4.042094706318264
23920,8.757512966332751
23921,7.456728669659863
23922,1.2770259955806216
23923,5.242305431437928
23924,6.569718789212576
23925,3.8956781438109864
23926,6.958899516894887
23927,8.23092516956602
23928,1.1594602080662026
23929,5.036152636633779
23930,4.025565455196578
23931,3.1247713769475594
23932,5.054153429306073
23933,6.127091572398383
23934,5.859117937520972
23935,5.754584562942905
23936,3.619249812087824
23937,5.4299724340948465
23938,4.805419096538006
23939,2.5306204597541524
23940,5.809438176965836
23941,5.53107228013204
23942,3.8313721824087947
23943,8.44124310823544
23944,7.346294664934966
23945,5.853652388683381
23946,8.63138928846391
23947,5.0589720377637795
23948,4.163236548541564
23949,4.857739365347922
23950,6.710452224010976
23951,5.144191993627011
23952,6.887077740208345
23953,5.564323597926133
23954,7.992861385086128
23955,1.8973562418011394
23956,2.5640185584420534
23957,3.934474021923151
23958,8.05089981957525
23959,10.0
23960,5.019249477298585
23961,6.253442123652135
23962,4.898784308022798
23963,4.069005692676317
23964,5.881206658970396
23965,4.453583897767126
23966,1.711343802651724
23967,6.337269480386517
23968,6.732644659694967
23969,5.799473416696196
23970,4.948574221043245
23971,6.988242955665107
23972,2.9713085205165664
23973,7.5250182725278965
23974,7.365125200331456
23975,8.566012954384416
23976,5.328030694902485
23977,8.412474787354963
23978,7.325644016382563
23979,8.279263835205128
23980,3.6743749175664058
23981,8.493770227997825
23982,7.13651232105511
23983,5.170100572634544
23984,5.097152983229697
23985,8.062484865744354
23986,6.184048475871978
23987,7.150777305961775
23988,6.155072040462782
23989,5.010593221231369
23990,3.9673864438006223
23991,6.245102713703336
23992,4.173436826692776
23993,8.817317324363675
23994,5.33450967401105
23995,6.4046513447774815
23996,3.4457052698818744
23997,3.6725549082125926
23998,5.284012103132108
23999,5.262418221152618
24000,3.077054497207942
