id,bilissel_performans_skoru
1,6.00493223387125
2,6.70387555998914
3,3.0259523199356213
4,7.165925370793819
5,3.6476320330102516
6,5.485815675154231
7,3.3716978297022204
8,7.445395965501718
9,3.7954890390288063
10,3.7089505230346793
11,8.519991807086408
12,4.139544254768251
13,6.408274565105254
14,6.969836789138318
15,5.956541236654198
16,4.345900181797201
17,7.29465854122345
18,7.967353182104132
19,7.264252745571826
20,4.880110515500936
21,4.331959372461167
22,7.36542980962083
23,2.8802840518131796
24,5.216384075622071
25,7.3411189389005544
26,6.67675415330474
27,7.124042791719896
28,8.157827980792872
29,3.9976937716629286
30,7.589947627360032
31,6.829739301944495
32,6.656751816986491
33,5.431356391398047
34,5.215249765430279
35,4.254515042033494
36,5.401260858155077
37,4.833644366778836
38,5.8585795914200265
39,7.443366062019342
40,7.98255860377324
41,6.4827138099060395
42,6.129975099426425
43,6.883834399227317
44,5.529622066392551
45,8.876709849750236
46,1.7738510650649444
47,5.201585475792123
48,6.553935140997904
49,4.728853669424117
50,7.8687766945679485
51,7.198232551510539
52,3.2025787957994583
53,6.86721989531894
54,7.3259149231709495
55,4.273094949151171
56,6.054965830810534
57,2.476126709621728
58,3.5803882675060454
59,4.599156176209273
60,4.123747397769027
61,8.853645998338486
62,8.555417273874562
63,7.368660902799106
64,5.575123638679427
65,4.587417319511852
66,6.236317796112904
67,4.847852102349541
68,5.541978779734319
69,7.59910338987607
70,3.1365639091797037
71,4.434901168849935
72,8.379742195841915
73,8.30184853924647
74,5.84953746974563
75,2.6766210740214675
76,7.357690604158549
77,4.425283465610883
78,3.742385877662091
79,8.83610206545855
80,5.895572581417047
81,4.0780315669693845
82,4.899864750597858
83,6.2525520199574025
84,7.309002809006475
85,5.58567329569359
86,7.136805978537669
87,7.341344718911818
88,7.837272088599306
89,3.192034818042736
90,8.369230246814471
91,4.000334529658859
92,2.87110319806075
93,5.967650373214217
94,7.7918742980944735
95,5.843804369744433
96,7.648358374912587
97,4.64688645253559
98,3.8832088927602637
99,6.015579869347595
100,8.900375493075174
101,5.152607787897484
102,6.100652088669814
103,5.186744422929956
104,3.635540841939561
105,6.07226595417783
106,5.661067672364662
107,8.035971940241653
108,8.763475357695036
109,7.903172348303665
110,7.956410992579351
111,3.9592330468274572
112,2.9736534071129554
113,6.777756776477296
114,5.727069229437001
115,7.131735787998279
116,8.300214812042682
117,7.671878405673435
118,7.525380228679845
119,8.520225637093144
120,3.4481505220532536
121,1.4547665953937272
122,6.2202490185357355
123,7.273368599063023
124,3.755629255833626
125,3.299234738220484
126,8.048481923777832
127,4.417735084715789
128,7.075357546841864
129,4.605974559551361
130,8.312288079464716
131,5.6869903836815245
132,5.679108616877357
133,4.671988872849558
134,6.753618988872178
135,7.3576722473049285
136,7.562594435337531
137,7.452431495126587
138,6.515024206132566
139,4.496498874962152
140,6.425052961408901
141,7.359552450013835
142,5.00708807984984
143,3.5286004695016535
144,4.521964880105234
145,6.04887330616735
146,8.320300836483122
147,6.094776884573402
148,8.063032915488703
149,3.3223784314757117
150,6.66527410855264
151,8.155479506392561
152,2.70885234348575
153,5.021176927917678
154,7.882500813350587
155,5.903210328210808
156,8.586146607058991
157,4.465455710207881
158,4.873673509679146
159,4.871520057521071
160,4.449166932795961
161,4.32185818539415
162,6.245241785456616
163,4.512884581126781
164,4.04788140678715
165,8.742429591608795
166,5.969564546516216
167,8.306067856846331
168,4.082714947751267
169,7.945592976045938
170,7.6900867732055875
171,6.419031689199369
172,7.676748928504769
173,3.368326121207634
174,4.727390808204282
175,7.9970219061881025
176,6.1444593826955565
177,6.208227815575188
178,5.815605737159335
179,1.441110516691369
180,6.213265228264249
181,3.972222807050455
182,3.3522540163108405
183,3.835183000825418
184,4.138248756958945
185,9.071363964888615
186,6.019615456140262
187,4.620323424046614
188,9.19038553224818
189,5.968769786113835
190,5.9024310877722455
191,4.092265722256224
192,2.8985973488544436
193,5.5194303521226535
194,4.1019126345070465
195,8.99094154038668
196,8.131135772835036
197,6.773837467860384
198,7.4142153793792644
199,6.8117350443024245
200,2.865952035937978
201,8.770696388058058
202,6.745044822439835
203,5.5827963546186705
204,4.419994261250556
205,8.813339122119544
206,6.118183100015171
207,6.468526747310906
208,3.7109847583348334
209,6.162915632001151
210,6.33488166625279
211,4.562510509862822
212,8.37400641535144
213,2.9568434299686914
214,5.286281001335186
215,6.4647327204220435
216,9.230053733275122
217,8.142586103416184
218,4.259042676570059
219,5.577306925283323
220,5.019273094990211
221,0.9642867751775059
222,5.4641932890369525
223,2.9440533445262567
224,8.08894838007699
225,5.864262804508503
226,8.179369759669308
227,7.63856574482613
228,5.377720774622376
229,3.5805815541465247
230,2.915078894469667
231,7.344734529666234
232,7.456370896919846
233,3.7771197594326167
234,1.4175312661527295
235,6.634413793802582
236,5.525969599381085
237,7.030794130400307
238,5.674732019750203
239,7.591926739513402
240,3.958170053625103
241,8.929918704095064
242,6.561526501121174
243,4.602070191622369
244,4.637937136372848
245,4.377125144915139
246,1.761620884368464
247,7.603556450205782
248,6.057909375128172
249,7.2164469507316635
250,8.55628624265001
251,6.28093886538154
252,6.9693556726875565
253,7.20307662964864
254,5.542532609031619
255,2.2717890888310133
256,8.791586896982734
257,4.607439510224004
258,4.715949417649255
259,6.448690922663061
260,6.348542230694117
261,2.07244953849337
262,5.4676772399561475
263,5.9398679293321
264,4.820108773087308
265,4.469977106540244
266,6.0881246286178765
267,4.308629298895975
268,9.025998481044082
269,7.350513896200378
270,2.1258412968529483
271,4.898181439842595
272,9.39435356585929
273,3.651041695998518
274,6.119873445601728
275,9.22788334806152
276,6.091192195100926
277,9.237796828767523
278,5.404629716434551
279,3.97757543278227
280,2.30681532918211
281,5.157842067434818
282,8.769009970562587
283,6.270537577336681
284,6.062466393679347
285,7.737218201487977
286,3.3179886106271246
287,3.178552946531992
288,8.223118688756815
289,3.5801077146556683
290,4.385264303467382
291,3.2246288308631845
292,3.87776491225505
293,5.445650788342874
294,8.815556450185904
295,7.314629042566476
296,4.764750501897486
297,6.171993037423877
298,7.445965913141644
299,4.704586768520925
300,4.513366932525427
301,8.667295616232336
302,3.3021846495149547
303,7.537636241858936
304,3.5533456493163094
305,8.751337330381986
306,8.1450127881137
307,6.880818797834235
308,4.851230450871557
309,5.118880519248258
310,4.393781855699488
311,5.505943943295512
312,5.207463843267654
313,9.439676222001916
314,6.9559637723770615
315,5.406495745072161
316,5.752599876380379
317,2.4743310949540267
318,5.3003377506707245
319,5.201556570228294
320,4.178756300674802
321,5.693845173593953
322,5.423480589727331
323,3.672284910481225
324,4.95319887827379
325,7.718651131509797
326,7.3993773506802825
327,6.56990643445669
328,6.928280515998072
329,3.720978758401189
330,8.926915143078366
331,9.136493746348783
332,6.847028264101553
333,4.5992923064728615
334,8.812165923058982
335,6.681188586979392
336,5.7222985620923295
337,5.395764257906493
338,7.62717970367103
339,5.187141242170151
340,6.9287033863722565
341,3.830493892956598
342,2.5083474985819945
343,7.01881791006813
344,4.534637712411856
345,5.788818692937444
346,5.982619611485157
347,5.780260038376405
348,6.045009540249988
349,4.429016450165885
350,4.205221546890153
351,6.491786419159346
352,4.668116588616986
353,7.339452272753626
354,6.263817238496486
355,3.484100145273171
356,5.523214210552423
357,6.739050448634302
358,5.654472754536786
359,3.339073398539302
360,8.325711413908069
361,6.779104619971801
362,5.2842889004282725
363,1.8027161657753823
364,3.1422217288196697
365,6.614960757772897
366,5.506992968944456
367,3.680021438552193
368,7.055936488409419
369,6.421924741421499
370,3.693317518173479
371,8.444892181541618
372,6.522066409576556
373,6.690573992085014
374,4.053710691228533
375,6.290830033678123
376,7.701354285136358
377,6.027301196588025
378,8.06329507674681
379,6.568465879664488
380,8.704067151654845
381,8.865467845639401
382,3.410273527029516
383,3.8234239783746204
384,6.777721284130793
385,7.78557818613478
386,6.545395089888804
387,9.225195603558593
388,7.665089144563002
389,9.751619574088746
390,6.287515072921267
391,5.31542728289994
392,3.7364429810523743
393,4.0050606428223565
394,8.735663059101366
395,5.2050752273232375
396,5.631761539218422
397,5.8417134103810495
398,0.6538269521703741
399,8.693016714540459
400,6.833216260033412
401,7.649940277054535
402,3.3217675164563953
403,4.234039756418593
404,6.951356055217296
405,7.953689831035326
406,4.0073729364811355
407,5.5529591926973305
408,5.751313025621816
409,6.167695272524151
410,5.264985095336551
411,4.761773602217085
412,6.806236053111253
413,5.647101845031528
414,6.355307813001807
415,4.9669064612352924
416,5.095653721977831
417,5.208202184103102
418,6.118359899274516
419,6.056699832547688
420,3.053519122279788
421,4.040418280052139
422,6.408343327887983
423,4.364514520962077
424,2.9042210571220552
425,6.264966591074104
426,5.037299256706034
427,3.369999956986766
428,4.160836254878616
429,6.089253492772504
430,6.045708009065235
431,7.7225893361136055
432,6.542519263183584
433,7.844665247955107
434,4.281722902317858
435,4.8787042066149064
436,4.304056983765465
437,6.493338445137827
438,7.403991148952754
439,3.813527777542295
440,7.8024657794826675
441,7.791503789721707
442,2.6815791752391513
443,6.266939849734621
444,5.050457647592268
445,2.1466600347100044
446,3.5225062856580283
447,8.018479885067274
448,2.181037267493293
449,8.765226388544626
450,5.9137486890668045
451,7.6685919839546495
452,6.979366854544153
453,8.523337842803748
454,5.496346275549788
455,4.546653884615027
456,7.679951563519657
457,5.099837251569852
458,4.822536305970043
459,6.4822617810947705
460,6.675908155856067
461,4.146289156089165
462,7.4179815817809756
463,8.861901610552968
464,4.893110768370821
465,5.5810817932448
466,8.246364639762014
467,6.507527087206696
468,5.476881262569701
469,5.110529230729668
470,6.376295444460663
471,5.8838865036293075
472,6.990694152384569
473,8.759932347629142
474,4.246068214748242
475,4.410747325292099
476,4.892763097369831
477,7.570295164203669
478,6.54356459422767
479,8.1014480399987
480,4.421851549934766
481,6.484628551072269
482,8.297342047649993
483,4.481773515973455
484,5.905979496399401
485,7.633299696356772
486,7.3683112890278615
487,2.2686326382509763
488,6.609255155725606
489,6.794057295839905
490,5.687508175375454
491,10.0
492,2.879547566326616
493,6.256114157626772
494,1.2403689002228253
495,6.3076363850365516
496,6.970453333226374
497,6.775206062819419
498,7.378786042478219
499,3.807762511788029
500,6.548266973855737
501,4.916752064308379
502,4.749937920395321
503,8.53959293812949
504,4.956335717542992
505,3.7586499937642954
506,5.013061990575748
507,7.508973590421882
508,6.552182698748011
509,8.424042114497679
510,2.4984756077921144
511,8.491201284816613
512,6.498742288063752
513,4.195392281405995
514,7.030803145373007
515,5.106070172868245
516,8.975755387107043
517,4.780727779897932
518,6.326108327660532
519,4.11412226376138
520,3.3648068130904285
521,7.886457871826357
522,5.649382808996534
523,1.5585228042548975
524,9.176051817094416
525,7.327948055799572
526,4.838676512147228
527,4.565335751508156
528,3.6269298733252113
529,7.756474442700296
530,7.642208099722681
531,6.211251395884846
532,1.9359724392433362
533,9.034913728373663
534,8.542676990287664
535,6.664407034747172
536,6.067739252146345
537,6.950578760282619
538,8.746812381575582
539,2.744223219879045
540,4.435129069731328
541,5.421437228913268
542,7.34850243741436
543,8.309091109811234
544,6.950175092292966
545,9.718754989888392
546,4.793943305865784
547,4.576740975776866
548,7.417861518506404
549,6.638502375978952
550,7.5665187012039254
551,4.708446607511366
552,7.371502218164806
553,8.936108031537028
554,6.649224381974898
555,6.502177264792608
556,8.077678514615211
557,5.617417042039193
558,5.6323290425054475
559,4.379103188964806
560,2.935720372090713
561,8.86821451369911
562,8.043239035691924
563,5.93850767600682
564,6.226834829808802
565,4.716788096114037
566,2.8354222950602326
567,7.433647195556441
568,6.2521310990909065
569,4.606002532295107
570,8.498963123404987
571,6.144349516569818
572,8.59340591219392
573,4.774325339449058
574,8.96905241371194
575,5.736089372632115
576,4.962910739765829
577,7.924647651782121
578,4.435897860560383
579,6.786635286804579
580,6.196204133331562
581,6.9509082005646645
582,4.338479670446116
583,4.983340266719615
584,4.598802708059454
585,6.466493842221024
586,5.94529200948259
587,4.491478257451749
588,5.0481685438031105
589,5.595055859018738
590,7.165115314547825
591,4.11851475881937
592,3.3172266154774386
593,7.339093453289648
594,6.105817260598829
595,6.234236330505386
596,9.793285844881277
597,5.431036365936204
598,3.0839173436816387
599,6.776287765617399
600,7.9440826911235325
601,7.687834592312354
602,4.1652236884838
603,5.351884841766548
604,2.2840616301150845
605,1.5987645345733912
606,8.397816835531822
607,6.378677056246462
608,5.408117782628533
609,5.624367921017775
610,5.863800306587925
611,5.22680890921016
612,4.8140102339373305
613,6.707721102015982
614,3.716557930018923
615,6.592021356498004
616,8.105084463097077
617,7.104410139144055
618,7.8771898309960795
619,1.4504260943289489
620,5.813751946455246
621,4.51982132516663
622,4.714735463486254
623,2.293510253912066
624,8.045972155024664
625,5.534761090464613
626,4.869236084890921
627,6.438446272154513
628,4.702326694040884
629,5.484075746790321
630,5.310177494195983
631,6.605148264424759
632,4.073448667631412
633,8.434195527493317
634,5.923914484726547
635,2.7212754251366116
636,4.778730287915687
637,7.7584400071169926
638,5.230070404572571
639,4.871351522885884
640,5.646989341162927
641,3.4237734999747502
642,8.970705444407157
643,3.747301226364101
644,6.0143412260834195
645,5.250182154675158
646,4.490372255885692
647,9.773618584997598
648,6.652426730931395
649,7.430527280233658
650,3.215760198384906
651,9.761127969738194
652,5.8599249749243505
653,4.445920592816933
654,5.133835378520513
655,6.896841770307419
656,5.525821526825204
657,7.290706081064777
658,7.97520871228148
659,6.931763685237708
660,3.635615654708657
661,3.419550788794655
662,7.1303823485093645
663,7.530672051603944
664,7.41833363026802
665,4.913244973411242
666,9.238209364779914
667,4.451777622822155
668,6.178826971919534
669,6.458768022897072
670,8.366661649217303
671,4.997106899367512
672,7.164260058213091
673,5.221194080418623
674,8.061674200617341
675,7.051717926381337
676,8.212283559166918
677,5.764445646331901
678,8.390551654341108
679,3.854714587178726
680,8.017403082631505
681,2.5140675572897715
682,5.639236456572143
683,3.46730145963353
684,8.623132550519431
685,3.4810004109290453
686,6.708435664975504
687,5.448795624728485
688,6.146054220130069
689,8.770930306010097
690,6.46690694981683
691,6.770187961416351
692,5.630093415428314
693,5.294828504156324
694,4.910206326818659
695,8.265472023119694
696,5.752487772920608
697,7.017876339510922
698,6.341038085488387
699,2.4113131902635407
700,3.8260512664787596
701,8.718890837151488
702,4.5387085199758905
703,4.190027389536334
704,2.5108164498694485
705,6.88777531190899
706,7.8054682588351305
707,3.439038266466839
708,7.018215022955024
709,7.724409294619106
710,3.58775018620703
711,8.078543164248066
712,7.99229886389186
713,9.25582418684808
714,6.683134133525272
715,3.873785628886725
716,2.4443177351790286
717,4.019284730343584
718,6.7202441598190115
719,4.782177510006065
720,6.0266226729952495
721,6.083610377932965
722,5.730638460826712
723,8.132615892035071
724,9.786304899071785
725,3.4556085446168336
726,6.053902419200635
727,6.843968876814288
728,6.250647464098807
729,6.252755193789856
730,4.681714806885415
731,8.28455075323645
732,9.399323917040874
733,3.9930363902974153
734,2.488054805079061
735,7.698102892832514
736,7.46432667291968
737,5.608277753315249
738,5.22099603798691
739,4.683320477721906
740,4.638374792997268
741,5.525701286479765
742,8.053835893202319
743,7.442573415785117
744,7.664996679024466
745,4.767517193312576
746,2.8667642658359873
747,8.768140543380389
748,5.446971010550612
749,8.025237624637475
750,6.337307851221477
751,3.790848358978305
752,7.732016440856196
753,7.499119516937926
754,4.670779542806905
755,6.605784735072521
756,8.147475132335773
757,3.955964466760361
758,3.136499133697308
759,4.198681017216508
760,8.29450254157291
761,5.530088003058485
762,6.349720691762348
763,5.637995975167074
764,6.8520390342604145
765,9.105939942521125
766,8.51580832084579
767,7.7833285301497845
768,3.219763442193969
769,1.067642759614256
770,7.24197305061238
771,6.449169409348354
772,4.999298776834057
773,6.557137178454804
774,7.098246218310532
775,5.0977762703027
776,7.050751894459474
777,5.524010700539035
778,4.444205322097408
779,5.685242393512377
780,4.302286677369756
781,7.300714908343506
782,7.869324109106207
783,8.669240027244221
784,4.530695620802348
785,7.409003664511389
786,6.286763044966687
787,5.03615670302384
788,6.92118778757366
789,4.202592820053908
790,7.263940361106293
791,5.851785205609223
792,6.074174550586859
793,7.959318678139903
794,8.450020737938098
795,5.933229893386249
796,5.024008345689901
797,5.15300473626362
798,2.8144941395252943
799,7.220352741918489
800,5.9449512595371
801,5.092823249366421
802,6.8310248216381995
803,6.5502741806140525
804,6.182724884177028
805,5.840604135739564
806,4.575493654220502
807,7.869760433483894
808,3.4248537060332787
809,6.440229400807129
810,5.570628478754758
811,8.76601677690128
812,8.891295306992287
813,5.791437608286745
814,7.183741841565184
815,3.4598258460772104
816,5.841381592749319
817,4.227342181002704
818,2.4089924393962776
819,5.318569909525523
820,4.945916156358275
821,7.138960630191393
822,5.895676482229609
823,5.759758156978663
824,5.60183888699629
825,2.857775046674421
826,5.592436304854041
827,4.743975736891345
828,7.2466920122387695
829,5.832783428574548
830,4.270085289693514
831,5.044935393911754
832,7.741340828041093
833,4.981803900508727
834,6.119724798395926
835,8.82535515270126
836,3.451895668182024
837,6.827257089286572
838,4.661003134381123
839,7.072754008491441
840,6.699924426323075
841,8.369253019413351
842,8.074477229265444
843,7.200671214238326
844,7.275088276406578
845,4.099607142345239
846,5.197763480878338
847,5.300391600656341
848,7.33219728551196
849,3.3101660842802993
850,3.2086806460407673
851,8.25005363038726
852,7.267453949926082
853,6.131051864363176
854,7.480118178653596
855,9.97346988613059
856,3.661607374918426
857,2.5375420341143515
858,3.2970575190616884
859,5.502518043137294
860,8.128074555929548
861,7.065567790760773
862,6.300335783577365
863,5.98422270551634
864,6.6019963195052895
865,5.13152082058249
866,8.993952709980006
867,4.2244438027626
868,4.0592720520591925
869,2.8863532162222745
870,6.200338832186548
871,6.797365305839168
872,6.613279386135856
873,7.500345421557324
874,4.114013849258767
875,9.481568959487557
876,3.896050170082387
877,7.364104004534067
878,4.632864413482262
879,7.803522738628583
880,7.197766170137984
881,6.5901970069955675
882,7.886225021333345
883,5.061735332269385
884,7.871506280898
885,3.558155381578451
886,2.4056764632488687
887,3.2792764223665274
888,3.869702818203132
889,5.269891213579696
890,7.777469615016249
891,6.271617712983219
892,6.976586101984835
893,5.582163112868453
894,6.696685006289376
895,6.532391765559639
896,3.8323678939060226
897,4.658577870775832
898,4.9810322290144615
899,8.490517834170369
900,8.931493388091539
901,6.904790556939182
902,4.4177533954339125
903,9.24148343435668
904,1.2236059028911401
905,4.964369576256329
906,7.829644348190179
907,7.577485735537311
908,3.883843362422511
909,3.9360108006446497
910,6.9684893230061205
911,2.6588000764682533
912,9.756752404193282
913,7.374059405727401
914,5.728150669028522
915,5.3978867416235055
916,3.4128169036634537
917,5.801695770108323
918,7.109341014031384
919,4.581434889341659
920,6.318781826537027
921,7.169617012895207
922,7.146066359347201
923,7.048969339621877
924,5.067936975617013
925,8.287614862542343
926,8.248560775398087
927,7.823334216711353
928,6.188177841124173
929,8.510001797756848
930,5.540206716430428
931,9.37658861025607
932,7.523377597992484
933,4.067264827974463
934,3.0805760459422116
935,3.063086553909934
936,2.930376395168853
937,7.932802115615067
938,6.888977873314293
939,7.316928824200616
940,3.567797125553159
941,6.898962861612785
942,2.173589426151808
943,9.44770967560286
944,5.880699256586073
945,7.868708728063867
946,7.496501830377562
947,7.8642325112730855
948,9.60230185605296
949,6.092187749107843
950,7.153794810558112
951,4.747666381198029
952,4.232564567138674
953,5.601702208859136
954,4.054504261571018
955,6.126759817149561
956,6.638613688281285
957,4.28626495920155
958,2.695888507164278
959,3.7773611687793927
960,4.3150529823372485
961,7.715484657864312
962,8.620643715461714
963,4.441443251655024
964,7.8755258264919465
965,3.167180509776855
966,6.253337937678438
967,3.853816705124127
968,5.063019444055285
969,5.592165756862761
970,4.362008162948431
971,5.595571449392576
972,6.369241964103291
973,7.0987199269710395
974,4.339815316564923
975,6.98793783195385
976,5.186233932650997
977,4.79208221492075
978,8.26375547092959
979,5.757193732794453
980,5.420701244306746
981,7.692024576899975
982,8.887961323625037
983,9.226314832164709
984,6.2096609428062175
985,1.841357089758784
986,8.083382256063626
987,8.410168404888088
988,1.600727179211106
989,4.175822308658281
990,5.075547206640568
991,5.655364563778403
992,4.476532943724227
993,6.737141265000054
994,4.376200644852873
995,6.958725809864217
996,4.491571986137799
997,7.884318754793538
998,4.005536253544095
999,4.625183062382522
1000,6.273714958283584
1001,4.983773152055128
1002,7.3879272629665556
1003,6.871264657074135
1004,7.867633969662051
1005,5.016292655252963
1006,4.3327299046310905
1007,5.653840831829564
1008,7.241688318808603
1009,4.963192378349483
1010,6.579948055542109
1011,5.535055487521384
1012,7.210651096926604
1013,6.002385678948934
1014,6.555453945366807
1015,7.567688742185024
1016,8.646962283228573
1017,8.254229132882125
1018,9.555856938552024
1019,6.1348094847539905
1020,4.908814368736477
1021,3.732687240274847
1022,4.267698647250091
1023,6.906350645192025
1024,5.154454296945477
1025,6.366242153987615
1026,7.549878139425808
1027,6.709414051673966
1028,5.523358160000432
1029,3.3891751441598075
1030,5.696196255386299
1031,8.129157149403015
1032,7.7729823409732095
1033,8.34605269608533
1034,7.940244197170584
1035,6.50756619273143
1036,5.094755210622083
1037,7.898936380798105
1038,5.357237786537914
1039,8.067490348593221
1040,7.775393431835726
1041,6.147772903056758
1042,5.880793343365124
1043,6.481855217274368
1044,8.575604854152608
1045,5.501840783475717
1046,5.04641737443073
1047,6.601963691541076
1048,3.485349574749049
1049,4.45440772812746
1050,7.035349037978443
1051,8.373935543483157
1052,6.297719621529815
1053,3.4457284628378733
1054,6.0434019035742
1055,3.3705838816613123
1056,4.401812507258767
1057,2.8143385472826425
1058,7.819861061411898
1059,6.500925694239521
1060,5.213270780306576
1061,9.254034035740647
1062,7.177127754952382
1063,5.075055834202135
1064,6.121952848231874
1065,4.737846251907058
1066,5.333772418962838
1067,8.46411633088879
1068,7.670786170766643
1069,8.703726490133269
1070,6.197717474663568
1071,9.528546693643431
1072,7.168447261195888
1073,5.9011258649828635
1074,9.162478059491777
1075,7.724618111147635
1076,4.488674970617616
1077,5.693678377547198
1078,7.588511283755004
1079,4.140825324003132
1080,4.464207667927515
1081,9.958006327640698
1082,6.606185614127252
1083,5.005393982290823
1084,3.2312349276240315
1085,5.015851577971165
1086,4.1914946667360695
1087,3.9804197342932044
1088,3.31376913724089
1089,2.618481533753724
1090,7.817457505472871
1091,3.74894129594759
1092,5.263974405039833
1093,6.487320475374053
1094,6.650441031743799
1095,5.9735151077482564
1096,9.066768494165363
1097,5.937729389610917
1098,5.169522833243152
1099,5.707926427190179
1100,5.340984160571309
1101,5.736545424468511
1102,7.274168080489987
1103,3.8273509237554
1104,5.7689715633354846
1105,6.127483290952616
1106,5.310655631774813
1107,8.432624305481987
1108,5.6304890252689805
1109,8.329988771335021
1110,4.474124380133992
1111,3.6251074223027873
1112,4.2569249922597265
1113,6.953052485598453
1114,2.964741365690793
1115,4.988250872860686
1116,2.176494601255686
1117,6.081475855050362
1118,5.80638922630283
1119,9.58021219187983
1120,8.469956789636832
1121,8.483581115039854
1122,6.6908340625559894
1123,6.741928711412126
1124,5.450284275429908
1125,3.349648150287264
1126,5.565922351161576
1127,2.7197508994745094
1128,8.172925376209312
1129,3.183618765344995
1130,5.829474975933389
1131,2.95401471150523
1132,6.585544751732907
1133,6.361258999576383
1134,3.225824532804733
1135,5.7082613298384
1136,7.435604598153567
1137,3.9277260512619314
1138,4.103378724182637
1139,6.963542611281576
1140,7.193124566846543
1141,5.08218552029192
1142,2.399469286698719
1143,7.724034752921784
1144,4.367546416242489
1145,2.348538687718427
1146,8.272027933940354
1147,1.4490115361836156
1148,3.384262692495818
1149,5.6633366570694825
1150,6.480945483369134
1151,7.872252249186774
1152,6.512138424719975
1153,5.183006106449251
1154,3.8737274136878375
1155,4.973806687240059
1156,4.985942606426054
1157,4.974055267869835
1158,3.6190641770585397
1159,3.18327531514723
1160,6.179236188237803
1161,6.691653427871574
1162,7.137463585590687
1163,7.180630364570117
1164,4.807014552083058
1165,7.499415861614276
1166,6.993880754172522
1167,6.871421098518262
1168,6.216812843070192
1169,5.771634731259978
1170,5.762190913074312
1171,5.379529836766278
1172,6.834465752121421
1173,3.834426941510361
1174,6.810200000331072
1175,3.9397167946208143
1176,4.055231167965473
1177,4.8155555590735615
1178,6.358352328241002
1179,7.003440270084034
1180,3.36438625859702
1181,5.719026012290244
1182,9.730633066432757
1183,3.352650783392822
1184,3.7781496332596873
1185,7.250035066307902
1186,5.101074838664789
1187,4.61537545890503
1188,7.548438767316011
1189,4.660222159376291
1190,6.956936203950549
1191,3.4336399989743316
1192,5.00952153171754
1193,3.914366678716978
1194,7.439587489002031
1195,4.055742101465446
1196,2.245814308149208
1197,7.839158343035578
1198,4.506258853774383
1199,6.539948904543122
1200,3.038388658750739
1201,6.087279701379018
1202,8.660322629514534
1203,5.29958766462355
1204,7.547389280551207
1205,4.970922827041493
1206,5.741294412037178
1207,4.084435596301039
1208,6.148928693912454
1209,7.977596163582358
1210,6.569152172608882
1211,7.8802364253469195
1212,6.037737234520143
1213,8.784258483839917
1214,7.32880786081928
1215,5.667415450312045
1216,4.342569676582861
1217,7.443382416260587
1218,3.4895754809592336
1219,4.589692201645509
1220,7.709929224868961
1221,5.759077579639415
1222,7.16912794917806
1223,5.223016607819238
1224,5.161286686403303
1225,7.426430930439835
1226,8.658670897995163
1227,7.187358899268146
1228,3.588826486118166
1229,6.841979472498575
1230,7.0245803239720805
1231,10.0
1232,6.239325073027979
1233,7.9832725208896465
1234,6.704607155479698
1235,6.739431416324443
1236,8.460930241228587
1237,3.6010782044104577
1238,7.8153863266037
1239,3.824100780178353
1240,7.559384433096138
1241,5.838077504206186
1242,5.902146839270295
1243,2.6367641951695733
1244,6.885563596429164
1245,4.702050264007527
1246,5.495507730181289
1247,5.267153880492963
1248,4.578028758993625
1249,6.484516057371761
1250,4.863356526180564
1251,8.45475705158192
1252,5.473303404433895
1253,8.925742330426043
1254,3.4522017838829377
1255,5.4006429224751376
1256,6.80398725887315
1257,5.568404880320004
1258,4.372409271501574
1259,6.469084263222461
1260,5.964303792848363
1261,8.785315952436553
1262,8.245611337827953
1263,5.771359512060819
1264,8.168128709347796
1265,6.686670293314118
1266,7.4988053939157275
1267,9.194975643533796
1268,8.19582231266621
1269,7.405297323193036
1270,9.642212054798337
1271,6.1851279206649705
1272,4.424159888963835
1273,5.314513949202271
1274,7.258480019641483
1275,7.754009634044145
1276,5.5002672272339925
1277,1.2312590922764377
1278,5.569530100314848
1279,3.8879186198480187
1280,5.824147164813245
1281,4.625443056524965
1282,6.089110859789385
1283,3.374787610614143
1284,6.215597864936112
1285,6.06670440421872
1286,2.5762888556276886
1287,4.858471920642091
1288,6.190260120028994
1289,7.725457608409379
1290,3.054849258378589
1291,8.162310790371105
1292,5.603400543282058
1293,4.781284038996872
1294,3.439434275821872
1295,7.311556071840299
1296,8.090194586825424
1297,4.521178866130699
1298,2.880112633450282
1299,2.748018537312844
1300,7.808212373828927
1301,7.2553627992889105
1302,5.988596660621099
1303,6.594625972723743
1304,3.9602577414015236
1305,7.002699864722898
1306,3.9611407591003434
1307,5.047711629487258
1308,6.143321020585872
1309,5.761650650187189
1310,5.065058191817152
1311,1.5461442730104398
1312,6.990128131140458
1313,5.339864439460431
1314,7.78665770331196
1315,2.57255083098236
1316,8.551407466151224
1317,2.0148154354185928
1318,2.6680972086544745
1319,2.018071128620203
1320,7.619904592922409
1321,3.8977094312760663
1322,5.048072937193487
1323,6.018028898210906
1324,5.649170287507713
1325,8.687610684174551
1326,8.808561039925628
1327,5.514366290989719
1328,2.4783653382715713
1329,6.872905736470599
1330,5.559060506817082
1331,7.279248892889695
1332,8.149633047741764
1333,7.592980357990309
1334,5.704719757570167
1335,4.765164547333975
1336,5.808977855910362
1337,3.302633231049916
1338,4.498881444667694
1339,6.353161095460206
1340,6.238235943548486
1341,6.197102858622297
1342,7.4312272076575585
1343,4.700020486998993
1344,6.31840680649218
1345,3.3899398064359256
1346,5.51284081410147
1347,6.8927757657401
1348,3.885584163539074
1349,7.048675133209516
1350,7.126349681632271
1351,4.014742910815483
1352,6.859087298545575
1353,4.828813824758778
1354,6.979940758839675
1355,7.11295320349469
1356,4.496889281935095
1357,5.6930333704477025
1358,7.670622151885058
1359,5.70487127039119
1360,4.871495579003833
1361,8.511102601247442
1362,8.643129816771141
1363,4.027119989327221
1364,7.083867643991192
1365,4.451865307050711
1366,5.024698224030942
1367,9.620108560441905
1368,5.874923639093896
1369,7.787911321330963
1370,4.970113026524397
1371,7.7370818125452585
1372,4.9211903375222095
1373,7.308589250269187
1374,4.660510964136022
1375,6.9337001891701435
1376,7.388700080760514
1377,5.512361946279823
1378,5.87662014666648
1379,5.943125034158742
1380,5.404984009208237
1381,1.9439207774290346
1382,9.258373007223636
1383,3.399794033268908
1384,7.396226766437091
1385,7.8218367826215145
1386,5.478930821727032
1387,5.362389981224398
1388,6.695925416588499
1389,6.451652859262187
1390,4.543361608325166
1391,4.579743177708979
1392,3.8979049046091196
1393,6.084159466718134
1394,5.017907365876556
1395,5.063170129959443
1396,7.14471188239428
1397,7.264057703927601
1398,7.494495995874984
1399,5.026900656414483
1400,3.723387871410246
1401,4.7460832281963095
1402,7.826676177349945
1403,7.694424794354064
1404,4.864718189549754
1405,6.413966451933184
1406,5.094084572724107
1407,3.0318339450600984
1408,5.053738848038953
1409,6.176534320532975
1410,5.969075288310833
1411,8.373299728760278
1412,5.107177907399513
1413,6.299878186567217
1414,8.6132526083932
1415,9.100066772453753
1416,4.4550826201617175
1417,1.5002768097544057
1418,6.341852588129621
1419,6.27894359656605
1420,2.686693540923744
1421,7.7625807146723265
1422,9.095105222273702
1423,7.070984115086572
1424,7.573619926728421
1425,9.047646005603672
1426,8.068817005582071
1427,1.5322510546498798
1428,3.0890212621571993
1429,5.349920773863151
1430,3.104441469841883
1431,7.079237146581425
1432,4.816576186113902
1433,7.928242141523354
1434,5.338657599859497
1435,7.720519389453215
1436,8.583058164249815
1437,7.518716185579618
1438,8.069055678967041
1439,7.190709372008832
1440,7.811474154119065
1441,4.722878860029292
1442,7.361032293160878
1443,7.166970467290186
1444,1.7641459303151485
1445,8.809373189460636
1446,6.399705436166052
1447,6.629812385061088
1448,9.025990977715539
1449,5.669989297376434
1450,8.193117857611366
1451,7.217138950651126
1452,7.00353710627153
1453,5.784758217641243
1454,7.202056467113035
1455,7.345666753984844
1456,7.598681693218989
1457,6.430790397657332
1458,4.618287943965484
1459,8.115727996331024
1460,2.332364619275284
1461,6.4019827484855725
1462,4.27580523339927
1463,3.365166776105953
1464,4.580646096800625
1465,3.662249189607314
1466,7.231079217760116
1467,6.5288947054128466
1468,6.9454867807162435
1469,9.09544605720127
1470,2.4931071164687375
1471,6.116279284554547
1472,3.97727698805798
1473,8.202327840164147
1474,5.1710817357343295
1475,4.445742855500021
1476,7.763140565769159
1477,6.386383085559118
1478,7.258585314002116
1479,3.829681317711514
1480,6.867846068955301
1481,7.136338119785339
1482,7.028607837184312
1483,4.817915439155365
1484,4.645972810604342
1485,8.383424256613157
1486,1.6908090963565543
1487,3.003934698293675
1488,2.389669637986864
1489,4.3544690940551165
1490,4.293129602470536
1491,6.816816974571424
1492,6.309070662156529
1493,8.8843879921517
1494,3.60368080316767
1495,7.884104325476101
1496,5.002195399620539
1497,5.246853548767937
1498,6.562836162938654
1499,4.62856609165757
1500,8.549278502889148
1501,6.212417225250719
1502,7.314468371324824
1503,5.88630959009591
1504,5.176243182168167
1505,4.4397495828795295
1506,7.258736895132305
1507,6.921806920196853
1508,6.194843780400313
1509,3.2056865053991004
1510,4.729115523274299
1511,8.09105792042531
1512,2.5044779463751667
1513,3.3215760368075005
1514,8.526668830548155
1515,5.8346919094108545
1516,5.410480516632017
1517,7.552083875779806
1518,8.202118818696555
1519,6.208995139165511
1520,5.1597814066506125
1521,4.8978707754443525
1522,7.980220532713591
1523,5.842934530027006
1524,3.110873525800679
1525,3.7632705453679955
1526,8.971100722894677
1527,4.0249542004509555
1528,5.8920004326769035
1529,6.940237866591318
1530,8.232479723074992
1531,4.821569169276821
1532,4.089271445312417
1533,6.322427956201084
1534,4.54794193968091
1535,5.064157005727124
1536,8.922927836271889
1537,5.110497433958393
1538,6.9966251375137265
1539,4.463350099361392
1540,6.768771013638297
1541,6.297860601966743
1542,6.79022390669115
1543,8.713422114491921
1544,6.646561307256886
1545,3.6228706096171246
1546,7.499453361768889
1547,4.860974588479954
1548,7.770707382466153
1549,6.060818164055345
1550,6.245098990095105
1551,3.2598864054724177
1552,5.645212765663479
1553,4.399264142615792
1554,5.8594610751768625
1555,5.678171364235499
1556,7.875458687466578
1557,7.4247015844311495
1558,4.398792026650696
1559,5.498355553506936
1560,8.003502196371667
1561,5.272576123427513
1562,7.940356897473309
1563,5.485772459525914
1564,4.602565072408823
1565,4.8755593370042005
1566,7.697453739873156
1567,6.354051369153102
1568,5.1056631599072775
1569,3.3910261579581658
1570,5.174107788188601
1571,5.262930855425455
1572,8.780278563517797
1573,2.753618276559301
1574,6.508718875918101
1575,3.9439149523859074
1576,7.219363153710787
1577,5.187956709758213
1578,7.645203949193806
1579,4.043546918285272
1580,7.592014065241096
1581,6.817216931535329
1582,2.551844144498851
1583,3.0991875542362797
1584,4.683244693380034
1585,6.897820375593301
1586,5.082872754878635
1587,6.877227688465875
1588,8.152989909660121
1589,5.5197265793241685
1590,5.037163397799165
1591,8.196612050635334
1592,7.545849851636859
1593,3.633232038443848
1594,4.341177364337482
1595,1.4337546720926495
1596,2.748175427547015
1597,5.479142842120335
1598,6.956098085607402
1599,6.351774709739799
1600,2.629542771361273
1601,6.315039217926058
1602,7.576176912241104
1603,5.524325566711875
1604,7.302637041512548
1605,5.97434429957866
1606,9.490930391153297
1607,9.306591522737216
1608,5.354022273592263
1609,5.427475637668162
1610,8.30212936711363
1611,7.773168385121369
1612,7.6754909882305
1613,6.835479728709369
1614,5.538841008299048
1615,3.1711518696197736
1616,5.544289015477308
1617,5.942075543152559
1618,5.591978779994331
1619,7.462911840485921
1620,5.885181085297235
1621,4.557576765166435
1622,5.320955194608078
1623,7.357045214853841
1624,6.430945023163072
1625,7.199495800027539
1626,7.781993536378464
1627,8.140193729417156
1628,5.462715061042871
1629,6.668423415136393
1630,4.034129972231489
1631,9.753186865539318
1632,8.152645569663113
1633,8.904289021962926
1634,7.252762024919081
1635,8.389982665402135
1636,6.069686149556624
1637,7.751690420034988
1638,7.822375363884563
1639,8.170050501792366
1640,5.215935786402547
1641,5.548778470938938
1642,4.817115146140864
1643,4.885721212365471
1644,7.135799469116606
1645,7.87311557065965
1646,5.898678971507155
1647,6.323159684812618
1648,8.9884748042203
1649,4.701360527364059
1650,4.824445632796736
1651,4.22791690532818
1652,8.1650294729296
1653,2.86602536221242
1654,5.769889737704846
1655,6.7918214391038845
1656,3.542663362203571
1657,7.616350910218509
1658,3.788360497555522
1659,6.390371987738823
1660,8.536799369532574
1661,7.854123394874322
1662,7.148293865330439
1663,4.412207377390392
1664,6.4801909115281
1665,6.295799364326633
1666,4.889473093803746
1667,4.151995738861122
1668,6.708018349477898
1669,6.897620740893172
1670,6.801160703771479
1671,3.6818549400308282
1672,3.9642611550747806
1673,9.77332702721761
1674,6.393776365106024
1675,2.5328801125666325
1676,7.869853304345843
1677,5.992246778699591
1678,3.00297733804484
1679,6.155215666248761
1680,3.4278759210891323
1681,5.79496828742715
1682,1.694694453361349
1683,7.427624391431941
1684,7.227857666884894
1685,7.642010725484679
1686,4.609921474893115
1687,2.130071421322215
1688,7.180350268818521
1689,7.130014728404327
1690,3.398288005467649
1691,7.295562332753002
1692,9.297104849891843
1693,6.973045799287753
1694,2.976097538200677
1695,3.1446867828380665
1696,6.1005127441008575
1697,6.086304320920152
1698,6.708571352379499
1699,4.940151529979948
1700,5.202825790381829
1701,4.558099980455848
1702,4.128535645802465
1703,7.45206994314021
1704,6.806414481067749
1705,5.753551903173308
1706,5.396289255023317
1707,5.0869045495879455
1708,7.5700772481851
1709,8.393848541360493
1710,6.360028613517127
1711,7.4173823399087375
1712,5.754073852737781
1713,5.488734774130923
1714,7.838672319354869
1715,8.6963857271808
1716,6.312990372295498
1717,3.415689321322562
1718,4.795449972018065
1719,6.89146156875535
1720,8.552184425630648
1721,6.4679397668774925
1722,2.327485066393866
1723,7.308331588443487
1724,3.2412136974500645
1725,7.862591001744694
1726,6.049367386107077
1727,3.6423813168854315
1728,6.495491107109767
1729,3.903441445374176
1730,4.480433250955434
1731,7.092953144117244
1732,7.987488474752162
1733,6.165342788328276
1734,5.147877368089856
1735,2.420678853498067
1736,8.462304249774746
1737,7.835455744959132
1738,8.694610961611598
1739,6.504699352831809
1740,7.280051205277864
1741,3.2575409937440223
1742,6.639773445818777
1743,6.916887925388719
1744,6.5870707174603105
1745,6.540591418996621
1746,6.882332170008982
1747,5.636526235307031
1748,7.590488856903152
1749,2.1347324332626925
1750,6.3738566962689225
1751,7.091159846172964
1752,8.104144911457498
1753,7.08383271923238
1754,6.774294610731767
1755,5.48560200900285
1756,6.574602392300289
1757,9.5562926714933
1758,4.938321603593756
1759,5.3870660555762955
1760,5.205676139425706
1761,3.2078088609033637
1762,4.9958760993056
1763,3.5891946256588776
1764,4.326380786902853
1765,5.410114619054063
1766,6.333594128598194
1767,4.071795214949884
1768,8.291830063698631
1769,6.220946388923639
1770,5.9730982806748
1771,4.567177634820474
1772,5.317338304553717
1773,4.224986302600426
1774,6.902404740514104
1775,6.815483558417024
1776,5.12009669322931
1777,8.556076851908827
1778,6.0915791370158985
1779,8.045080398770903
1780,8.244595229072445
1781,7.328108577829514
1782,6.959766391330683
1783,6.082979442544756
1784,7.020163774523195
1785,3.7407371372692686
1786,4.773057967996342
1787,2.7341207552784654
1788,5.878072450237473
1789,8.448745117116745
1790,9.110915516117606
1791,8.20115886411897
1792,5.842417438528246
1793,4.891638230078181
1794,6.4771236984351335
1795,5.373867710749678
1796,6.765685345076256
1797,7.741615020299783
1798,5.292038293972463
1799,3.650378719990817
1800,6.136923668048433
1801,3.41123938288992
1802,5.336709794606887
1803,9.140146441808442
1804,7.2132055320691
1805,8.661885237393365
1806,4.53556767435484
1807,1.536363598687623
1808,5.458227824198471
1809,6.161646621961034
1810,9.234066833516243
1811,5.070611170825865
1812,6.93812344527201
1813,5.955764390073786
1814,4.748460016420699
1815,6.623039546824703
1816,6.4538544600968075
1817,2.128672087142996
1818,6.844983108195149
1819,7.277391319729537
1820,7.0940054226259335
1821,8.172587850926936
1822,7.041300932349982
1823,4.697163465752413
1824,8.095479421079984
1825,5.907507840686947
1826,5.930890590602968
1827,9.429340127538252
1828,5.533673050716453
1829,3.516143812077409
1830,4.202038664038452
1831,5.7613701211230675
1832,5.4962717276476125
1833,5.747040806785978
1834,3.9376530623670534
1835,6.657440473763067
1836,6.9630701706441425
1837,3.1369408561378953
1838,5.103662266034446
1839,7.411865455965809
1840,7.302983072310064
1841,4.648660625830137
1842,6.157342239518097
1843,7.455322412711587
1844,3.313247048586632
1845,7.614736083416955
1846,6.389224820588694
1847,7.990034185418927
1848,8.313988402983021
1849,5.20668569544658
1850,5.364826545557439
1851,5.58206226627379
1852,2.1953869165043365
1853,4.759849505450701
1854,5.1576397610107225
1855,6.446696220994132
1856,3.295354998159448
1857,3.7849077269616114
1858,3.2644273584467114
1859,4.5193340562189315
1860,4.945670208767358
1861,4.044040833954793
1862,8.087164272876963
1863,5.337290428990778
1864,5.766222114412054
1865,6.1616806862362745
1866,8.73559999559121
1867,7.4342852059364635
1868,7.335501038765263
1869,6.598123130727269
1870,5.185365997468396
1871,3.8408761915803615
1872,5.774334931920289
1873,6.945529949890562
1874,1.1208727252059107
1875,5.958613567046734
1876,5.746130950818185
1877,6.93927289383107
1878,5.191608023265178
1879,3.0580624868341792
1880,5.564094606305557
1881,3.444658500054062
1882,7.611838064363101
1883,5.393455915981948
1884,9.57400886708109
1885,7.333370680322237
1886,3.931463064631481
1887,6.651408542912494
1888,4.2306106301833495
1889,8.392376764137781
1890,5.244136746241127
1891,6.44349593255601
1892,8.229497173896211
1893,7.848266541330034
1894,6.891639851246644
1895,7.268349923677128
1896,6.585564655723406
1897,6.541370382627284
1898,6.161734914732441
1899,8.899868488858063
1900,7.339883373384697
1901,6.632853257220985
1902,5.484740097969134
1903,4.143908698658224
1904,5.876056390860146
1905,3.6763570242501515
1906,4.773524915353437
1907,4.783922642110577
1908,7.499646320384107
1909,6.097382135537937
1910,5.865853133513292
1911,6.356297933476884
1912,6.968050846427188
1913,6.801936396355967
1914,7.235103668457808
1915,2.388338155432614
1916,3.6624660339841286
1917,4.001394453475049
1918,7.0655377035698095
1919,4.548849524627884
1920,7.383984604865548
1921,5.717653437214139
1922,6.095092086878652
1923,4.979784653299195
1924,7.873151999752751
1925,8.248307678821012
1926,6.812745621438875
1927,5.340275701274273
1928,6.665307688687905
1929,5.395220913882959
1930,7.751127711267298
1931,3.1000995864757934
1932,7.862064311277577
1933,3.7590796545154843
1934,6.476611552021724
1935,6.078897914655135
1936,2.7762051261561993
1937,7.631183901441792
1938,2.1744171333208206
1939,5.3577010033604475
1940,3.551492506326915
1941,4.800079317711471
1942,3.979063152938624
1943,8.462169596156802
1944,2.2331060044447115
1945,4.503260990451482
1946,8.023380859597541
1947,8.587662459107971
1948,8.319249544996682
1949,6.700306938479677
1950,1.6941270301682803
1951,6.956841109325079
1952,8.477419412955253
1953,4.4970515854622475
1954,3.8791423265213574
1955,4.901940097359228
1956,6.465131296830859
1957,3.609467542244889
1958,8.086755806575935
1959,2.330113083258947
1960,8.823414949027226
1961,5.85688524966633
1962,4.30471301351709
1963,8.172049837689514
1964,5.325543682116763
1965,5.146203903760894
1966,7.972684934961485
1967,3.9369298861735493
1968,6.682348438269522
1969,6.74910994837259
1970,5.463378829917316
1971,5.755461683302325
1972,8.404134335753893
1973,6.9871400331967015
1974,4.621002047190607
1975,6.358716380507445
1976,5.6197164028270254
1977,5.836979874824489
1978,7.911689952027605
1979,7.169918465348085
1980,5.689618765049683
1981,2.491379221828411
1982,6.197398110147152
1983,7.104057267497095
1984,8.98520584667031
1985,3.8851125391957044
1986,3.2500571798425244
1987,4.209195958628384
1988,7.375854573515251
1989,4.081900088992573
1990,7.840372575380931
1991,5.68527310289848
1992,9.024193963201492
1993,4.1670892357763565
1994,5.677600676822845
1995,6.1617585973961075
1996,6.389789786048309
1997,8.74168604230139
1998,4.70283341230383
1999,3.699807595771978
2000,8.637239584339179
2001,4.069506791000993
2002,8.501324248150421
2003,5.140003924672767
2004,6.205595914021968
2005,7.453236576664219
2006,6.985398811365048
2007,5.090059003406636
2008,3.7304141788530485
2009,3.129242672442443
2010,6.623015985373023
2011,5.8726766121919995
2012,6.469729682559644
2013,8.651275379943238
2014,5.551022821927538
2015,4.079612474996307
2016,4.10440372157672
2017,4.67080721151938
2018,6.5770673794461985
2019,7.283745759134436
2020,6.931358791639857
2021,3.5643562128343795
2022,6.835844412105524
2023,5.460957268980685
2024,6.404372528984077
2025,7.561275653291352
2026,7.980727416852608
2027,7.445838775761584
2028,2.944168291609101
2029,2.2050844184436924
2030,8.011553371977504
2031,3.76398457098005
2032,8.645174932344418
2033,6.669829379923483
2034,4.286911685112017
2035,4.72947291679059
2036,7.627894661464806
2037,5.633924616453547
2038,3.9324638028829444
2039,7.190509366503276
2040,7.597101240549534
2041,4.447015426697911
2042,4.897417575778088
2043,5.859477598055278
2044,5.801255409491776
2045,5.801923286811837
2046,6.705541431877202
2047,6.962914160453368
2048,2.8115297907680694
2049,5.636750206790491
2050,2.2271516919344787
2051,4.954595293755462
2052,0.9235335964882351
2053,5.093450057250273
2054,6.602243107005908
2055,6.754789782077418
2056,3.7191979722299333
2057,6.942668185986838
2058,5.3948143346645265
2059,7.247018626780276
2060,4.605291322516101
2061,2.8793701512920826
2062,4.650114503017853
2063,6.580960732498779
2064,4.769848430186701
2065,4.6199192467607135
2066,9.030460787009027
2067,9.758006630318752
2068,8.4492042803935
2069,5.187526321581184
2070,6.241488375948106
2071,6.5041535946688045
2072,4.317717219406781
2073,4.633267747058171
2074,4.143612805201448
2075,3.709122674680497
2076,3.6368875319417127
2077,5.572751680357183
2078,5.0299859886263345
2079,6.679514810132171
2080,7.548414847573348
2081,8.830212763812336
2082,6.1900290969571765
2083,6.284815248058235
2084,6.72427275690172
2085,8.334335967053601
2086,8.080215609601527
2087,4.336705796210917
2088,7.914354114472699
2089,8.913467357985605
2090,8.795772906474392
2091,5.6249001424578475
2092,2.665141697963864
2093,6.63337196499561
2094,5.308696555173518
2095,3.734589336167837
2096,4.233158576032718
2097,6.423794294853597
2098,7.231081082845654
2099,1.729791295956588
2100,7.213338224374226
2101,3.397215849621561
2102,7.254782353451104
2103,8.488189440858717
2104,6.005019020790818
2105,5.065125604921066
2106,7.651570632591249
2107,2.8357385439298324
2108,2.6652749225522174
2109,4.378779612150258
2110,6.612857754269797
2111,5.15888239238342
2112,3.9115963939258407
2113,6.254438327863925
2114,7.381822740953746
2115,3.39957497780851
2116,5.128632139651934
2117,8.594860394398937
2118,5.856945222221866
2119,6.535498143303159
2120,7.795774302641482
2121,4.951156712751384
2122,3.1565248832506385
2123,3.231140829108739
2124,6.610785262525683
2125,6.584848113767305
2126,5.1435356234004805
2127,6.325883113096341
2128,7.798148797289948
2129,4.200449319335491
2130,5.617191880968652
2131,5.448525678429084
2132,6.405294189709113
2133,5.457766804031595
2134,5.602964413320585
2135,3.0139255009910224
2136,2.5446968175406486
2137,6.920635644509988
2138,3.1738881045939946
2139,5.987218072439687
2140,3.450710685052354
2141,7.132882364088076
2142,2.83904892429429
2143,6.712042145820108
2144,6.522564105434788
2145,9.843072126688426
2146,7.395519903498424
2147,7.2766827248726
2148,5.67072760941369
2149,8.397816116705133
2150,6.437936634395823
2151,5.069870539913825
2152,4.99630220541394
2153,6.63348608728338
2154,6.701092467088125
2155,6.237352168715057
2156,7.130956667360447
2157,5.682966889900623
2158,7.924541978076082
2159,8.808611092700799
2160,4.830855817876114
2161,2.409106113690404
2162,8.119644176439826
2163,6.2124690781505
2164,5.255085977077296
2165,5.963076228877758
2166,6.712187048752475
2167,7.516856815517454
2168,6.276567394385528
2169,7.261216227866573
2170,7.09863368495784
2171,6.303910659782826
2172,8.408525859893457
2173,2.5051719432647914
2174,4.344427426267534
2175,5.369925548204945
2176,8.570849818913057
2177,6.356153115472123
2178,6.784581228260136
2179,4.580117720669254
2180,5.477797128493003
2181,2.706600000201829
2182,5.233284268845379
2183,5.425495921444517
2184,9.096363763377452
2185,8.404068557256364
2186,7.602850076591239
2187,3.7009929974119924
2188,5.044250936256268
2189,6.265273154134125
2190,3.7484854346272884
2191,5.9656215546723255
2192,8.754047135650563
2193,4.182274703201591
2194,6.248721160187102
2195,7.899861328247421
2196,9.087157553945259
2197,7.524838816788671
2198,4.014903747971774
2199,5.704377913444832
2200,7.514885112822966
2201,8.081429952475967
2202,7.6463370459971145
2203,4.630912369279107
2204,8.539749107208026
2205,8.935848071912188
2206,5.218926058878242
2207,7.718830252039882
2208,7.180092124002993
2209,8.26170869528767
2210,1.3840244828639012
2211,6.30378149897468
2212,9.044659048799147
2213,6.795196786065917
2214,7.6520470342143945
2215,8.28389301644273
2216,3.291923255057993
2217,7.671524057157895
2218,3.881886252406126
2219,3.0367122547652596
2220,8.195616170783937
2221,8.084897961113999
2222,6.892393697400345
2223,4.199118700223273
2224,5.524206663195223
2225,7.224768258776622
2226,6.712145658792794
2227,6.64775164462718
2228,5.029879825350542
2229,8.196173991229594
2230,7.460110285083963
2231,6.306690748571135
2232,6.508449805991306
2233,5.9434069244664185
2234,7.5861606774266255
2235,6.81082317584649
2236,4.620503611417699
2237,4.789970858925527
2238,4.616898106668378
2239,7.370016109600039
2240,5.8715985163580715
2241,4.8517964420973385
2242,5.087358518279402
2243,9.222331960797368
2244,6.700578575091737
2245,7.049020642060953
2246,7.499705710171007
2247,9.257787812400213
2248,7.741051644047724
2249,4.6693040772039165
2250,5.302741526647575
2251,7.008970811350322
2252,7.833885856718504
2253,5.533293361292575
2254,8.511751127469235
2255,3.4033235332461804
2256,6.627726000078466
2257,5.367925353989829
2258,6.420797479239544
2259,4.1269435931559215
2260,4.655572828005293
2261,8.046176265747421
2262,7.698670906628228
2263,3.5773136410897095
2264,8.676030918145784
2265,5.839366008220704
2266,6.687817192119425
2267,5.16474234705493
2268,1.88324302278607
2269,7.694428992300596
2270,7.368945928146098
2271,6.423359449141292
2272,3.080414339010324
2273,4.958480071444887
2274,5.357628464352444
2275,8.559261733684183
2276,9.751071742938935
2277,6.341254295887034
2278,5.2178485696443335
2279,9.480409286290074
2280,3.696592802191898
2281,5.635896470942618
2282,4.170845652837337
2283,5.652997331293023
2284,6.372662928042458
2285,4.305433681427392
2286,5.3966603509466555
2287,3.984086508809555
2288,3.9090369813529855
2289,5.326921612763841
2290,7.657542020706711
2291,8.395728082580787
2292,8.585240047249387
2293,8.063861548311401
2294,3.4023843487307333
2295,7.366884891891732
2296,8.052371753112089
2297,5.412449873483055
2298,8.242699760816437
2299,7.820502838809636
2300,4.5191544176078065
2301,5.6051363148744295
2302,7.86601987403487
2303,6.248374878875252
2304,5.502211430885947
2305,4.894052355139065
2306,6.467294959376543
2307,5.735897912062804
2308,7.747736338327553
2309,4.278322434509718
2310,3.4743834632296298
2311,6.6075298256219845
2312,5.211307511370187
2313,8.686192101406016
2314,6.882390189812791
2315,3.1815299186614525
2316,8.943799173305623
2317,6.814588446622297
2318,6.9306692897778674
2319,7.395121550674339
2320,6.16910204284789
2321,6.536782562395536
2322,3.124287943621238
2323,7.535496581513112
2324,6.893481151838277
2325,7.7385998432656695
2326,4.789384010243322
2327,6.018905090630089
2328,4.859754378187695
2329,4.97752484700159
2330,4.880902299533715
2331,3.4074213204753807
2332,5.489339762763622
2333,6.920110474831372
2334,6.0842933086024535
2335,7.234200882087658
2336,5.214970653361596
2337,4.259351448493977
2338,9.115861357013468
2339,4.703263237066485
2340,3.0483555629982293
2341,2.062610408347368
2342,3.9328592751827633
2343,4.591236246221806
2344,6.946837575275211
2345,5.799937708426389
2346,2.8966263602531166
2347,9.375702492968232
2348,7.441367904508015
2349,3.9709470980955444
2350,4.098326892947309
2351,5.523852346137018
2352,3.6070435440739304
2353,6.2402415071041695
2354,6.198427338121542
2355,8.285819402220817
2356,6.870447847189295
2357,5.33163159604001
2358,5.622677582726352
2359,7.533795076503777
2360,6.433469477030234
2361,4.635301740782853
2362,3.541090474318354
2363,8.765358637430975
2364,7.249944094900015
2365,4.472926031642791
2366,7.9943545381433525
2367,6.763133089929122
2368,6.181186715331623
2369,2.001226799143591
2370,3.034985033696745
2371,6.483015248949911
2372,6.236718138914322
2373,7.006689618604549
2374,3.123589472391993
2375,3.2300718713244225
2376,7.101317321880759
2377,6.395163292447278
2378,8.567741705783265
2379,4.417733785474177
2380,5.601028279775171
2381,9.057789197112406
2382,8.042702680001506
2383,3.2785760372369963
2384,7.696458462962588
2385,6.049071325666294
2386,5.449145308041462
2387,6.062040279466788
2388,4.3434639983076515
2389,5.871866047497949
2390,7.278928242503347
2391,8.779124637242402
2392,6.133205251183009
2393,7.64863784403693
2394,5.633444090092086
2395,3.2262536848524848
2396,8.32135628926317
2397,7.4276932682692856
2398,4.207161170956801
2399,8.542339495531381
2400,9.375749650166988
2401,4.830758939943162
2402,8.820885838981393
2403,2.3911920531069986
2404,6.919188804228446
2405,8.041736305127086
2406,7.433590847245138
2407,2.3815050332799848
2408,8.249003948576062
2409,5.438891702735711
2410,5.535719246971025
2411,8.282034777227203
2412,4.530654769829908
2413,6.004927139891468
2414,4.435542167601996
2415,6.0013431289400545
2416,6.505538760214689
2417,8.092152050234024
2418,6.484109886978698
2419,4.69156658759951
2420,6.149078874504129
2421,5.186556566367553
2422,8.079218544264723
2423,2.6555986904433313
2424,5.036572192937532
2425,0.5865689475685467
2426,8.44439022116987
2427,5.084333828411811
2428,1.3915558572313858
2429,7.182121387123697
2430,4.712382092360009
2431,4.208296446616205
2432,7.86971441839777
2433,4.619054331754489
2434,6.520287386650935
2435,6.286631659437747
2436,5.626744183429834
2437,6.531243307427763
2438,6.9912414189482845
2439,6.104897773746386
2440,8.091653268406747
2441,4.466172665739038
2442,4.778922996441511
2443,6.254413871851474
2444,8.661226447394908
2445,8.408398364587347
2446,6.550425425787499
2447,7.267909905168499
2448,9.484477104907505
2449,4.470491847755895
2450,5.0641534254268015
2451,6.397768943801148
2452,7.7031570300315995
2453,4.802961449882906
2454,6.104773770737181
2455,6.499709029598075
2456,3.4399553937883227
2457,8.635154879026366
2458,8.181967837942087
2459,6.905912735454536
2460,4.42362442629611
2461,6.209224605307716
2462,3.3552957285532936
2463,5.448125092137359
2464,7.438849615059896
2465,8.703163642228267
2466,5.4604451911343475
2467,7.505765877763026
2468,7.45867557079565
2469,8.580693917857246
2470,5.268164682002826
2471,4.2813408895187655
2472,5.167325450124474
2473,4.868051708089676
2474,5.837866642279276
2475,5.531093401123534
2476,5.618147795943824
2477,6.227387559887051
2478,8.134732825481485
2479,6.182946596269011
2480,8.422862211079904
2481,4.8759310699899725
2482,7.412162098473171
2483,3.313310708580373
2484,7.650638004683984
2485,3.2938265728889213
2486,6.723575045159682
2487,5.1267602711088385
2488,4.188149424868475
2489,3.773205065925724
2490,4.3623286777234105
2491,3.7721760994830973
2492,4.019914921881918
2493,7.2667914375873925
2494,8.48360490156366
2495,6.152582732959702
2496,5.901609173772941
2497,7.191925372962477
2498,5.144080458912251
2499,4.491983373389327
2500,4.513379038907568
2501,6.795367997374678
2502,6.628316978441401
2503,6.341657126834062
2504,3.8776741841781344
2505,7.182891473719119
2506,7.27217225932699
2507,3.8610240047400732
2508,4.954626274901569
2509,3.9356212879701817
2510,7.057273948385423
2511,9.568686160221057
2512,4.692467815960907
2513,4.422443226303772
2514,6.721731317851942
2515,5.725162230932288
2516,2.386549739338493
2517,7.316684125209822
2518,5.524572615147341
2519,5.1390987678723015
2520,3.150595958665138
2521,5.922218896756799
2522,9.578896188846073
2523,6.321108270160316
2524,3.8800013004464273
2525,9.582553162535197
2526,7.471672933182755
2527,8.202069421496779
2528,5.407802147572913
2529,2.3162386713386662
2530,8.963141504115786
2531,8.651582285924164
2532,8.806019499722856
2533,4.791912388874981
2534,6.93204449603867
2535,5.651632703853733
2536,6.494289734835369
2537,7.347113129767986
2538,6.956849871541517
2539,7.7725319183230335
2540,9.428989465555718
2541,5.56350664991944
2542,8.126280861890995
2543,9.227276468594683
2544,3.468630329842815
2545,5.794323298888091
2546,5.424428522688238
2547,5.353335887173566
2548,5.274665005166
2549,7.323905446942024
2550,8.156327489481802
2551,3.553358852851337
2552,5.244916447214262
2553,7.698228914090047
2554,5.033838528752351
2555,5.44049524592474
2556,3.22096337495467
2557,6.859945467173824
2558,8.005614451179726
2559,8.025256311202792
2560,6.712892210495253
2561,6.065692697426922
2562,4.021894237391161
2563,5.706587027159251
2564,5.612275367374653
2565,4.7138190465635175
2566,6.679719138798065
2567,8.504301454222185
2568,4.1786120817435455
2569,3.2283737061020634
2570,5.5828140731379525
2571,8.88539063225024
2572,5.719309973476939
2573,4.160393502744275
2574,8.964992166802425
2575,9.16018129060406
2576,6.686950152766547
2577,4.797205078458842
2578,5.1947701479473825
2579,3.5559770331224914
2580,5.3784840687707645
2581,10.0
2582,6.688357437567647
2583,7.605424032178389
2584,4.816287176954485
2585,6.205063156544534
2586,4.152239105246222
2587,2.8933626592286683
2588,7.346841192240471
2589,6.117540925258777
2590,8.080441940782732
2591,8.380794754185242
2592,7.883891150209465
2593,3.5097592370206714
2594,7.3974891505097515
2595,3.6139132246366117
2596,3.589395517215267
2597,8.392046353308695
2598,8.601832066969086
2599,3.1452371798025314
2600,4.240130935717472
2601,4.161273678377293
2602,7.709532170780836
2603,5.577342198583065
2604,4.790742955751388
2605,3.8676722011340994
2606,4.658982404252605
2607,7.1547701278062315
2608,7.775203831762319
2609,7.296269803780181
2610,5.5375422095428695
2611,6.5580725246902825
2612,4.941787343094386
2613,8.98472385322527
2614,1.7093955943252384
2615,3.253121678309884
2616,7.06368614028213
2617,5.173332609786586
2618,7.496300101173463
2619,8.973528364780252
2620,1.0879976532109126
2621,3.92004691195714
2622,8.340908471491353
2623,7.064683061261218
2624,8.215790558761748
2625,7.0917515801666875
2626,8.410434106334074
2627,5.745686862171146
2628,1.8398520072064048
2629,8.478207093762911
2630,5.831029426812429
2631,3.5809988234978842
2632,8.58924027786022
2633,7.583585249486144
2634,7.41519056167359
2635,2.934747355669636
2636,4.941276608269374
2637,7.057478204727332
2638,6.032175889455079
2639,6.241084986775399
2640,6.6447730204427575
2641,6.119519808149206
2642,5.469540341453926
2643,8.16813803711204
2644,7.098447564450582
2645,7.719704984843611
2646,4.888735392232349
2647,5.8461838838686475
2648,8.9513734077107
2649,7.949386458868052
2650,4.535807910974623
2651,7.403377819531713
2652,6.745256800130027
2653,5.477902234600337
2654,5.990412540114602
2655,6.993130893639554
2656,9.417152003512713
2657,6.303106383209429
2658,5.7201580765468165
2659,4.0481455957526356
2660,5.72498371950175
2661,6.7271319111481835
2662,5.1864703122585745
2663,6.669210656786123
2664,7.958402315835616
2665,5.754903145189307
2666,2.807570577538478
2667,8.028889724914857
2668,5.841436892179161
2669,4.941276111814762
2670,5.564495727378732
2671,7.191157476776045
2672,2.4126343843688316
2673,6.63290152767448
2674,5.749376729931603
2675,7.891450729928651
2676,7.925253362539738
2677,5.117060679561622
2678,7.580665575429531
2679,7.1011541340307005
2680,3.7760558138692164
2681,3.464595709286095
2682,8.07933848695884
2683,5.806851001932167
2684,5.231697077065843
2685,4.38097939403545
2686,4.312249304663768
2687,7.110759404754547
2688,2.8280607908905027
2689,7.509868175791402
2690,2.628734663148734
2691,5.781241619042391
2692,9.751967079218245
2693,3.4555618696445753
2694,4.687377451205953
2695,5.645468549557281
2696,2.2808916279718083
2697,4.152903362592107
2698,4.659650066165869
2699,8.623448326841801
2700,1.586856360979462
2701,4.73445428995091
2702,5.535642817127242
2703,7.665467486441157
2704,8.453900115133822
2705,5.353310516010444
2706,6.54827616520431
2707,5.590871034477624
2708,4.533732101926801
2709,1.380559955706153
2710,6.732833964970803
2711,6.652370195990407
2712,4.568103801974123
2713,9.38511382988695
2714,3.4224577632044655
2715,3.6474035383774215
2716,3.616571170276645
2717,2.2131131521323644
2718,4.620491355442546
2719,4.7488786305367245
2720,4.88850657386705
2721,5.954977403032017
2722,7.492601476335946
2723,6.6872464093677575
2724,3.5109712023160267
2725,7.390199448295969
2726,8.307914727895854
2727,7.920031893785204
2728,7.705762578370814
2729,2.652641655229195
2730,7.203902068760167
2731,6.9099771228419105
2732,6.041362899320565
2733,5.477210558304617
2734,8.190370642553557
2735,8.887634192135462
2736,5.015722418790667
2737,5.176346745154211
2738,5.247791587291491
2739,7.086954676486833
2740,5.2688460488941535
2741,5.561515434284871
2742,5.645665057624774
2743,3.21298182218224
2744,2.3603062625394635
2745,9.14136217427677
2746,6.593205581067655
2747,2.0735150857351625
2748,6.5850495906802875
2749,6.434097414182982
2750,6.381010748070388
2751,6.509349908348564
2752,7.478597865845867
2753,7.031423437351421
2754,6.333857482799309
2755,7.267672742880114
2756,4.313015411706952
2757,5.841823428354784
2758,6.245732891457501
2759,3.7965095172834964
2760,7.134274182227883
2761,6.964949589826825
2762,3.304766553162991
2763,5.959839879767731
2764,5.800598996751891
2765,6.815674384466132
2766,5.795054328893909
2767,8.515009265037829
2768,3.9082540187292416
2769,4.624750343008694
2770,2.4246362103588908
2771,4.879442405914445
2772,4.595667226803889
2773,7.852251090739443
2774,7.983584309089103
2775,8.644278494175165
2776,8.763128360767515
2777,6.852994146796508
2778,6.448404390172101
2779,7.533783339781436
2780,6.107542740948785
2781,4.1172331756360405
2782,9.185074325775298
2783,7.08043060627889
2784,7.74950670089472
2785,4.781098026388823
2786,5.25621449671187
2787,7.158493394093564
2788,6.4528783468336615
2789,6.112952659333105
2790,2.9362904096390885
2791,8.58353744083027
2792,2.5429109058118153
2793,1.9263232371688905
2794,2.6895932501639215
2795,2.8489957469337237
2796,7.9223114851101455
2797,7.189834358869528
2798,6.734804059552159
2799,3.6779704693714974
2800,3.4918744382769393
2801,3.6639601959931642
2802,8.541846843308528
2803,5.616539922590401
2804,3.9369721565367186
2805,6.936766755107359
2806,4.820808653137594
2807,8.028725849670362
2808,8.125833080526867
2809,6.704151638580571
2810,7.509524646871149
2811,2.7858400185277588
2812,7.134129062292123
2813,2.8334033368909135
2814,5.227338433322253
2815,9.024002143880681
2816,6.397614381493482
2817,6.170823566272635
2818,2.5281002172216134
2819,6.878709080345558
2820,7.765023208006254
2821,6.91628995191373
2822,3.3470540925648042
2823,4.63317543150142
2824,6.168123828935029
2825,4.1938769653169325
2826,9.571169840914278
2827,7.3287311570552855
2828,6.343206822819675
2829,7.686459773917145
2830,5.397845354417915
2831,6.058763626790838
2832,7.72381814453164
2833,1.8108102055923283
2834,5.563830346531602
2835,6.63616695989677
2836,4.188645356508262
2837,5.891257274350503
2838,8.619772056432195
2839,5.731087457956422
2840,6.069132283884232
2841,2.4793073193239126
2842,8.04563193698214
2843,6.3812227975314
2844,6.895409914903704
2845,4.375384116561556
2846,7.905096837540465
2847,6.632599165796406
2848,6.090507128863058
2849,5.532406540716053
2850,3.30883843031339
2851,1.8809770873089646
2852,7.221652731421997
2853,5.040423234757171
2854,5.371955442265563
2855,8.853059252594733
2856,3.4214463190945557
2857,9.337113807218547
2858,7.468053280277567
2859,6.507993925831965
2860,7.078686249655447
2861,7.403503957068359
2862,8.4296061738404
2863,7.310669532941033
2864,7.458667437530214
2865,4.889880648883891
2866,8.166555294435648
2867,6.79710581697603
2868,8.729469411185615
2869,9.619896394021092
2870,6.015414130047783
2871,6.72585292759833
2872,6.246166455765024
2873,7.604904632346284
2874,5.069781444202763
2875,6.92970478906269
2876,4.2163561743212705
2877,3.7335219107711377
2878,5.931876388176687
2879,5.575059020478316
2880,3.750604189429308
2881,9.78599211868754
2882,5.269035822232335
2883,5.683572489747455
2884,6.621177209285998
2885,6.485718395587244
2886,0.7607778598734303
2887,6.959787192892718
2888,8.497173484214539
2889,7.0948799356453245
2890,7.533912718195829
2891,7.933690620783571
2892,8.346492946938648
2893,5.356464854130599
2894,9.436570521675527
2895,2.9858573610335
2896,8.149094076434055
2897,4.9191674132245256
2898,3.3592475874976664
2899,3.28561062902501
2900,5.617841297765847
2901,3.4014147796961605
2902,9.081147558610851
2903,8.038563716004766
2904,4.437585741952265
2905,7.496319123635956
2906,7.844654846263934
2907,6.804757460663435
2908,5.963595155559861
2909,1.5625709068337132
2910,5.998888408629004
2911,8.911088570423399
2912,4.021658226396504
2913,6.819098599826326
2914,3.554607237443248
2915,5.455446703161386
2916,8.482918641233288
2917,3.422802981699837
2918,8.391784707071205
2919,4.21412205360541
2920,7.0844813674990865
2921,7.635791916427241
2922,3.507279231414915
2923,7.421835701057093
2924,7.433990414178158
2925,6.422708947064683
2926,7.359822276037214
2927,1.8354097182365556
2928,3.937152524127014
2929,7.680787314163788
2930,5.130616834913243
2931,4.043835050526068
2932,6.3005240910323375
2933,3.387141634304287
2934,2.5328984703598105
2935,6.466863674841286
2936,9.525729428718119
2937,4.598933001736412
2938,4.477393050108689
2939,5.85917626087055
2940,5.635298821989196
2941,9.17944915136725
2942,5.238720091002009
2943,5.964588076664223
2944,4.724079058998423
2945,7.248277234191411
2946,7.892939845433813
2947,6.604676624073433
2948,1.7809144320420383
2949,6.092847892588928
2950,7.395726877840033
2951,5.180649653747164
2952,5.465896282034622
2953,5.679386405060303
2954,6.2712341122351285
2955,3.5572551259720657
2956,5.010494239707189
2957,6.5565293792871975
2958,7.668608092390601
2959,5.844147208928872
2960,6.423178114497598
2961,3.7461012090389434
2962,8.217309726344832
2963,7.745462800193061
2964,2.51476180535611
2965,3.0909301096678945
2966,4.884987325190375
2967,6.158345429745262
2968,6.341783010295796
2969,5.294770649806388
2970,3.4889106543141692
2971,8.649753932787718
2972,10.0
2973,6.588695938146706
2974,5.071441125428606
2975,5.350364613761529
2976,6.928063425886478
2977,4.831540413292218
2978,7.863967741098371
2979,6.888365296903859
2980,3.811639000282424
2981,9.459059506163339
2982,4.761113340496888
2983,4.71382596323901
2984,8.286407737725213
2985,6.794209817520748
2986,6.302778757298495
2987,8.858775201020066
2988,6.802155257221469
2989,9.357395012405016
2990,6.589558969523021
2991,4.882588781842633
2992,6.532337561595858
2993,6.4130697997565544
2994,6.100622212423761
2995,6.262815446389908
2996,6.97679292785953
2997,9.75448482017953
2998,6.110611287718053
2999,4.931396609886114
3000,9.01023172083548
3001,8.261852437934348
3002,6.8423421360780425
3003,5.338009234323014
3004,7.542459271801456
3005,6.366119039325046
3006,6.539045663374691
3007,6.679718132938177
3008,9.017458625274914
3009,7.348843762382088
3010,4.586535674754463
3011,4.254483569038169
3012,8.083553085262414
3013,7.340422933305432
3014,5.055456726114151
3015,1.5538310802020345
3016,8.234789537809352
3017,5.575692349585744
3018,8.60558049020194
3019,4.240666006687743
3020,3.958376772507072
3021,6.233621887573855
3022,4.507012858335698
3023,6.097434222759502
3024,7.8372976160840375
3025,2.838032734954249
3026,3.6444283603682823
3027,6.0079095379804786
3028,7.665654420854482
3029,4.546080772962846
3030,6.998908648749125
3031,4.396615425711769
3032,7.083071781067635
3033,5.220201769987559
3034,7.213124084966259
3035,7.9894025628895795
3036,7.021297808507754
3037,6.299268101303585
3038,5.876606807971585
3039,8.728792175711515
3040,6.500849713650157
3041,6.661228363433168
3042,2.394187183184936
3043,4.722423588916485
3044,5.611176552013239
3045,7.76081413353672
3046,9.452173228315614
3047,6.421982234197856
3048,4.888510496743209
3049,8.031592263001107
3050,6.19228019389262
3051,8.433836728088378
3052,3.0883005978054645
3053,6.4070656411231095
3054,7.4087792324653625
3055,6.6288038908312785
3056,6.990238072502578
3057,7.388449934112588
3058,8.905194126927857
3059,8.119919584602286
3060,4.216185329592725
3061,5.5689520141609075
3062,3.8664755356638296
3063,4.569184042310881
3064,4.307411851350692
3065,4.374207467497533
3066,7.471639289041618
3067,7.441937050727297
3068,3.1280557990652804
3069,3.3606416838134705
3070,5.766549032720127
3071,7.254411410036484
3072,4.823749785942898
3073,6.962911287420298
3074,4.563247476632769
3075,7.177137508907871
3076,3.312126728246424
3077,6.751730540538617
3078,8.503388535158136
3079,8.209942335755636
3080,8.729391553654935
3081,6.0205258640989845
3082,7.759660190251659
3083,7.09780712429072
3084,6.508863709100802
3085,8.675211578294041
3086,5.956903095752297
3087,6.125320727393907
3088,3.680972130910285
3089,5.252999619321403
3090,9.272335468357413
3091,4.628812715977327
3092,2.8358812127244426
3093,4.048785159467037
3094,3.9063467923718815
3095,3.6608165842745195
3096,4.055116534198617
3097,5.688768989373913
3098,7.96357398902164
3099,3.52917216610605
3100,3.0088268445616855
3101,3.861442998507724
3102,8.116014021235243
3103,8.249486757969322
3104,5.012322005939329
3105,5.597011092876123
3106,7.105297358235582
3107,6.653608664137791
3108,6.769636638930199
3109,8.617609901204402
3110,6.784299210607101
3111,4.58614887013829
3112,7.03962797845944
3113,5.123343830102751
3114,5.28233876859058
3115,6.121445708787305
3116,6.067073043882055
3117,7.327326308985355
3118,4.098327435154211
3119,8.62650550506959
3120,6.040016243873505
3121,6.046713370544108
3122,6.790664005430284
3123,6.1033743714805295
3124,4.293176328474058
3125,6.132723666837604
3126,7.0345558086013025
3127,4.61157555933069
3128,2.650386771018115
3129,5.2775583102991765
3130,5.19522866985025
3131,4.714400986426978
3132,4.774590641691534
3133,6.4310001848044305
3134,7.158841863717806
3135,5.19243726846095
3136,3.672754653809861
3137,2.342346106355033
3138,3.800116013099782
3139,6.701379642575053
3140,9.793675422059556
3141,6.9936317769712675
3142,5.246171315162438
3143,6.2406899146958805
3144,6.214148876632543
3145,3.260883151161512
3146,5.529086846701742
3147,6.194125480495592
3148,2.982044290957102
3149,7.963654783223697
3150,6.7303013811854
3151,4.600685189953512
3152,5.574992735113838
3153,3.9283516717606877
3154,4.148626283638845
3155,2.868278711560951
3156,7.2170420572821286
3157,7.68495981320531
3158,6.4991024487130185
3159,6.179675042676329
3160,3.1571893155952333
3161,8.224423179384269
3162,6.589405994416678
3163,7.375620708527429
3164,8.13827782288655
3165,6.8585070868719855
3166,4.721579244652024
3167,3.5069530846077313
3168,8.996674959324105
3169,4.2825610155716785
3170,6.518331913515943
3171,5.334346065170148
3172,6.449501237735828
3173,3.5542952719372427
3174,6.934761080143012
3175,1.990702508562887
3176,5.427357525876483
3177,7.230178808222045
3178,4.935642485361071
3179,3.152812244645019
3180,7.060349341837982
3181,5.178653143526414
3182,5.721444955357506
3183,7.062089442550098
3184,8.040810542518415
3185,4.76746177459454
3186,4.746690134649187
3187,5.44945589106422
3188,5.368220975813437
3189,3.451156760867096
3190,2.1158737604497135
3191,8.077646576669968
3192,5.379139624941354
3193,5.737396579509751
3194,7.370822662001472
3195,2.8736888524500306
3196,8.20425090008512
3197,6.653363855269037
3198,7.428194493894394
3199,3.788830053774889
3200,5.589625049054924
3201,8.518486252527108
3202,7.1832317743277585
3203,6.105586712440676
3204,7.7864103336173995
3205,6.659284587121797
3206,5.518887230339009
3207,7.4110304030585334
3208,5.530794376875642
3209,3.398136005926447
3210,5.94984664274983
3211,3.554829878215332
3212,1.5036550128559287
3213,8.84610066819848
3214,5.305457303688354
3215,5.187985730203072
3216,5.5854907583978575
3217,4.756469856772126
3218,2.819842404750751
3219,6.211870977275207
3220,7.081269014510715
3221,7.584571650168469
3222,6.939955139115081
3223,7.378426637303533
3224,3.821894717014279
3225,3.9724608040688842
3226,4.814456962015656
3227,8.831479450550273
3228,4.330587067272731
3229,8.41707597857816
3230,8.568066057877909
3231,7.699843606307832
3232,5.803782137818173
3233,4.77195584151525
3234,4.595546024876428
3235,7.991439948766843
3236,5.807950306344372
3237,7.247661883959235
3238,3.6878844166967095
3239,6.735706969872903
3240,5.069250508498305
3241,8.062084038499918
3242,5.077526601742369
3243,3.948056756813816
3244,7.444740560421634
3245,6.2661454940049985
3246,2.1993253573210323
3247,6.7081523163238534
3248,9.027418070530677
3249,2.113587318911774
3250,5.365708487528595
3251,5.807185166025446
3252,6.121426773960705
3253,5.693029606774688
3254,4.573653789838423
3255,4.764987336199207
3256,7.731591574023162
3257,6.448632478289907
3258,8.508281821552483
3259,6.825417018754432
3260,6.837710269519237
3261,8.19350919159623
3262,8.173345812058608
3263,9.157554398579123
3264,5.493289510913247
3265,8.199932182004119
3266,7.086299342445515
3267,8.335307432294986
3268,7.322511790946321
3269,5.5695237227485945
3270,6.469858636880351
3271,5.2563956887068155
3272,6.66950088015407
3273,7.849881408943981
3274,1.8057231976326218
3275,6.896634751308208
3276,6.41466041420356
3277,1.9911667908433957
3278,4.428006219539139
3279,9.432422136627684
3280,6.616349556817043
3281,5.183973637710684
3282,6.960504200787719
3283,7.1840835490563615
3284,6.723593046545814
3285,7.173365181790761
3286,4.148302587127295
3287,9.228702628737421
3288,5.949946094724938
3289,6.448796319427421
3290,5.56974778890486
3291,4.697950153794714
3292,3.8562035096683
3293,5.6164228749362515
3294,6.432603759394166
3295,4.924158721864876
3296,7.061404860121637
3297,7.021135592164406
3298,6.551983781841254
3299,5.168700354045741
3300,5.482866896860122
3301,5.615264514443391
3302,5.646100692204333
3303,5.0210744564566125
3304,5.3572001833876275
3305,6.12049830581615
3306,5.841634349963092
3307,6.60103681316047
3308,2.3987815638344703
3309,7.336947436588321
3310,6.742617059502873
3311,8.272843661379554
3312,4.993275960845403
3313,6.222544738330051
3314,6.225280576311021
3315,4.462878570327364
3316,6.899849917774748
3317,7.706772728788115
3318,1.6190285303823915
3319,8.529128762935258
3320,7.053388755488805
3321,4.34418258066542
3322,2.0200698113462
3323,8.309555865064764
3324,6.633057833753705
3325,6.438589785824835
3326,9.988057122194036
3327,7.415708495694763
3328,6.4353140661395365
3329,4.643227621234023
3330,7.088061093440195
3331,7.009852966427799
3332,5.536200113620928
3333,5.341989952510584
3334,5.008905227759887
3335,6.342463857132597
3336,4.136859576140796
3337,2.6612002609628633
3338,6.55543558771321
3339,4.525947912938142
3340,7.832941169060566
3341,8.257186510750573
3342,7.069920641589851
3343,5.932453675823718
3344,4.767034342454806
3345,6.734179508997698
3346,6.743018342555097
3347,9.286876210070632
3348,8.557939184435725
3349,7.530094759864182
3350,8.308458876092892
3351,5.131780533987496
3352,5.206538123955971
3353,6.894612802285921
3354,7.240563881708446
3355,6.397242981552958
3356,6.992241763335893
3357,8.00563149751605
3358,8.535894876932494
3359,6.1243536965383045
3360,6.392364180739797
3361,8.041694831418003
3362,7.487037461679724
3363,6.192553794717187
3364,7.337299607487902
3365,2.328644805129786
3366,5.065528708185836
3367,5.471250063761611
3368,7.449210762154022
3369,5.919418102904526
3370,4.484325033796277
3371,6.560726801570057
3372,6.93480171417128
3373,7.523426681150228
3374,6.147089014803921
3375,5.472820143210304
3376,8.744759278453671
3377,4.26977974498977
3378,6.9568488030679605
3379,5.747267962028193
3380,6.746206649553133
3381,8.148817991681275
3382,3.3645554930472894
3383,6.259221329057684
3384,6.714338217891787
3385,7.994582537452929
3386,4.285510487670077
3387,8.12593940101692
3388,8.725107322497072
3389,7.586689512487816
3390,7.90136313025451
3391,7.889658181240421
3392,3.5198785255161784
3393,7.033666212823383
3394,6.192882983185758
3395,5.650728486855294
3396,4.340771189661765
3397,9.471791029203983
3398,9.891813334044453
3399,2.4784631152246748
3400,9.560399936828182
3401,6.04850888378135
3402,6.578193206000918
3403,5.4562635372318224
3404,6.019281456501933
3405,6.007314868655525
3406,7.740558142321827
3407,7.48516899477652
3408,6.253688798809536
3409,4.7761631385425884
3410,4.96672569827979
3411,4.903644316682772
3412,4.178517057585441
3413,6.517009895128359
3414,5.729966772602576
3415,6.4766251083421436
3416,5.671234327401508
3417,5.900109852878224
3418,4.689843819427958
3419,6.095732565099915
3420,4.835731549970155
3421,5.715138603124702
3422,7.340430065959069
3423,4.5862230103262345
3424,7.3697947275673314
3425,5.03443223834177
3426,9.242298234504734
3427,4.541166265783243
3428,5.671535840125637
3429,7.16675150847503
3430,6.262863604221726
3431,5.784098265666523
3432,2.213531687186491
3433,7.310153224376476
3434,6.462286948267866
3435,6.357434798828825
3436,4.848503739812993
3437,4.537614427814795
3438,8.71780287583835
3439,5.102176333228466
3440,5.836691175307463
3441,2.9802375984913154
3442,7.460097219188852
3443,2.7261128843471742
3444,5.636076049997234
3445,6.880625339202467
3446,8.97406313441807
3447,7.983719652032153
3448,5.235383810549681
3449,5.138800760159746
3450,5.320517564974144
3451,9.04212059391439
3452,9.498774009666896
3453,8.676428956987992
3454,2.164913227477636
3455,3.933809772394816
3456,4.745720638033074
3457,6.400369017745848
3458,4.410159269560768
3459,8.530673542388934
3460,1.6933674581363745
3461,5.786230673291166
3462,6.168850710593357
3463,4.209990227158668
3464,7.25865942133853
3465,5.673210648856031
3466,7.137915120778139
3467,4.74802448137486
3468,4.75342102825143
3469,4.2786744895961295
3470,5.5625659578844475
3471,4.819187277114593
3472,4.11585706208747
3473,5.299789242251484
3474,9.200817769647989
3475,4.520282733334788
3476,2.4837595621035082
3477,3.9973877412954435
3478,5.306910261969047
3479,7.259862042472778
3480,6.529416419204352
3481,3.6434826485768603
3482,6.602614959519137
3483,9.11755660215172
3484,5.259988696441376
3485,5.662588238928385
3486,6.167063072247606
3487,4.996043455964503
3488,5.8076348565231095
3489,4.1102896089195164
3490,3.9955880495491023
3491,8.002608689388024
3492,8.649864672443782
3493,7.390622192955189
3494,9.077999549686094
3495,6.188431903253062
3496,8.078509733390506
3497,2.0462360142145926
3498,5.919877397120604
3499,6.476704525487519
3500,8.376424400215713
3501,4.193682968563619
3502,2.491665658515592
3503,4.172785159012018
3504,3.852794640101167
3505,1.6051043981587632
3506,6.032718093568722
3507,7.741438525969641
3508,7.021513648173242
3509,7.200600895137177
3510,4.678293079458647
3511,6.505502690740397
3512,5.98640944390088
3513,6.258377000200414
3514,6.482803131252931
3515,5.408615602673645
3516,5.107803214800694
3517,9.218036482177666
3518,1.2351199354133502
3519,6.717412542348721
3520,5.5951434710611325
3521,6.360708143418839
3522,8.928020647223708
3523,5.117683695609184
3524,7.286858064567406
3525,8.985862391369912
3526,3.0254860116216755
3527,5.666808056131523
3528,7.77164577141948
3529,9.578222246822463
3530,8.269410178385666
3531,4.162362510299904
3532,6.205617857356463
3533,7.430179702433697
3534,6.884956628068947
3535,9.451707513025237
3536,6.478944577262978
3537,4.034949490447958
3538,7.365431199095219
3539,7.505196339832448
3540,5.559482066323743
3541,6.85008666203425
3542,7.282982865187439
3543,6.392017317847556
3544,8.225946209037735
3545,7.465872649430387
3546,7.733647143049467
3547,6.522512680428636
3548,5.974706098804931
3549,5.1623120720973334
3550,6.246823060670368
3551,8.268018879546712
3552,8.254805348080382
3553,8.008648924942745
3554,5.296724656121451
3555,7.66614043434013
3556,5.6938947165578995
3557,2.9565949854587896
3558,3.320069366832573
3559,5.358830090650154
3560,4.220068704505346
3561,6.255335996043971
3562,5.356184605868174
3563,7.738424694062949
3564,8.430930840088225
3565,5.73525040830413
3566,5.543245454678491
3567,4.597748712652332
3568,6.499439791633629
3569,7.015607591572288
3570,5.826216691958377
3571,6.037288049729988
3572,2.204097173911623
3573,8.452652929207831
3574,5.188877328904011
3575,4.960393790662409
3576,7.913143541566613
3577,4.265040630898925
3578,8.5799787605829
3579,5.292869332423595
3580,4.701512293087024
3581,1.933521011351696
3582,5.957731135587855
3583,5.558451044332858
3584,3.1206733569196534
3585,8.237073531059725
3586,6.422399158508724
3587,5.437812390785181
3588,4.72943875414631
3589,4.821213983523539
3590,2.6712580718743997
3591,7.481481040996445
3592,5.7653745350006655
3593,8.039003376505068
3594,6.564252643275534
3595,4.848675433699996
3596,7.774648085426952
3597,6.422720507153625
3598,5.789001518711856
3599,6.566112151697993
3600,4.908122819945595
3601,6.546849905728073
3602,3.4495399409347844
3603,8.648554585316104
3604,5.175229128712164
3605,5.692790666203582
3606,1.2059295095138958
3607,4.4925659123919255
3608,6.5260015151073185
3609,5.376913436433623
3610,5.5070227178040065
3611,8.921720500196592
3612,6.146413373908791
3613,4.934497248146805
3614,3.6617236857510744
3615,1.697908967222796
3616,7.77623776355485
3617,5.962749483756911
3618,7.449334906775725
3619,6.552463316149787
3620,5.351180846656349
3621,4.050837568631071
3622,6.293275353138939
3623,4.562310694781129
3624,8.723686085878683
3625,6.460720740803369
3626,8.955245567658046
3627,6.788860991526552
3628,6.6551845612458544
3629,3.9521591330820964
3630,6.089124449680297
3631,1.6188187904062183
3632,9.474050951988092
3633,6.078712318164538
3634,5.952446053558105
3635,5.948682904918497
3636,6.268544591953822
3637,2.3033471423597893
3638,5.633838678779264
3639,3.388903718000647
3640,4.113599240119093
3641,3.7647794310443383
3642,3.604206314145334
3643,7.6129412088171655
3644,7.0314235256668045
3645,7.221298602434334
3646,3.3584093837021087
3647,6.428567477761068
3648,7.4901090109793715
3649,9.596339421730033
3650,8.215035867470073
3651,7.707818272150911
3652,8.612039699814606
3653,6.4972239438051895
3654,5.649096467740025
3655,8.707594466162556
3656,3.1217228387104305
3657,8.730420646340368
3658,5.655110902189957
3659,4.385410200955484
3660,7.815543370099822
3661,7.103740889002222
3662,6.149077519042738
3663,5.488662199014777
3664,8.489359882285099
3665,4.264727833965659
3666,8.008111209420509
3667,6.814578295139162
3668,7.270054765324874
3669,4.7446978778064475
3670,3.4601857168928625
3671,6.915761371451571
3672,3.1703104422119424
3673,6.409219051561155
3674,2.6286930663999915
3675,2.2495783962932427
3676,5.665577651375714
3677,5.364614771183657
3678,5.528389651567282
3679,6.413786953858576
3680,10.0
3681,5.600349330541435
3682,8.970732143746693
3683,8.836623386491361
3684,1.4598366035345531
3685,5.334581169997806
3686,7.0967906628923965
3687,6.406894667629873
3688,3.124936366003888
3689,7.077288474995877
3690,5.873723126001289
3691,7.044366924885304
3692,8.044338452391893
3693,8.885620060811092
3694,6.318106632135755
3695,7.745357365418356
3696,6.477264415882755
3697,8.327492563039867
3698,5.168493383351861
3699,4.7369701943271645
3700,2.8520163052004572
3701,3.7596458477133443
3702,9.229316221711336
3703,3.678161855390048
3704,7.345956335411147
3705,7.09830966488151
3706,3.40685228244846
3707,4.32811099550941
3708,2.5813379382608503
3709,6.101272417411909
3710,6.087210313566641
3711,8.293530682502293
3712,5.675911064646205
3713,3.7961495595524166
3714,5.1176669456248725
3715,7.832957698507599
3716,5.439422641174836
3717,6.2854748740918485
3718,7.066316632676453
3719,6.730988235768891
3720,7.841006919236768
3721,7.940862423599854
3722,7.090002082499985
3723,4.003545630825098
3724,8.242892549509529
3725,6.0735254427977114
3726,2.7384241081465115
3727,6.443692575836284
3728,7.277561188412394
3729,6.645289186532662
3730,0.3746704569430094
3731,6.459037120560422
3732,5.008660397098112
3733,7.410493763614405
3734,6.76065044999623
3735,1.9296278340247748
3736,6.333808494662724
3737,7.437979289921286
3738,5.787111761819921
3739,8.52503535618719
3740,6.758894210185253
3741,3.7478250846624706
3742,8.82828567705514
3743,4.677734230411884
3744,5.706599188055565
3745,4.824023113242262
3746,9.580186685333576
3747,7.777250639880878
3748,6.6070589440488074
3749,7.334210354166257
3750,2.5364575433127383
3751,3.654906765865172
3752,6.199841890036255
3753,3.8261939556636673
3754,4.104334503415274
3755,6.275881498687856
3756,3.437816291374198
3757,7.79278298485663
3758,7.8540761461709305
3759,6.935711653761364
3760,8.91785088591791
3761,7.0406265503575085
3762,4.361998276907882
3763,8.331178696611568
3764,4.614034296799852
3765,9.011021312787628
3766,3.4097747043840463
3767,5.6929348401688475
3768,6.096819209698701
3769,6.204502542442592
3770,3.8065639579371746
3771,6.049060670716971
3772,3.268553811435515
3773,4.772305193942099
3774,6.0656130963230055
3775,6.555161885907757
3776,7.426196936245858
3777,0.9763453231468531
3778,6.0894392462364255
3779,3.4991563452850807
3780,2.9143253727688365
3781,4.327574312633285
3782,5.31426612155697
3783,3.8638964715204276
3784,4.083186046851755
3785,8.142116966896555
3786,1.9288308178152804
3787,8.244213326971417
3788,4.907796483569039
3789,7.418143717537247
3790,7.738842918918787
3791,5.107274037243187
3792,8.512993880782867
3793,4.38068623670723
3794,4.780059375023077
3795,4.523942293188707
3796,3.9416071729386055
3797,6.481138907773235
3798,3.677139289874974
3799,6.174443799905116
3800,5.058552440961499
3801,8.583308455402022
3802,3.9728860502325087
3803,1.5506092392217117
3804,9.108023627477458
3805,2.0614671145645684
3806,8.06386106752902
3807,3.1220592760487955
3808,4.096102713226627
3809,9.12048809592445
3810,4.8993268435216715
3811,7.28546406158873
3812,6.373760113689772
3813,6.731837429025008
3814,4.887075621986203
3815,6.887014905630632
3816,5.423336602994344
3817,6.354426904637453
3818,4.666901209127511
3819,5.876089564694584
3820,8.470680594988396
3821,4.26189337748476
3822,7.977221837816055
3823,7.167939170329932
3824,8.598150876874378
3825,7.821959356538731
3826,4.645612583332187
3827,9.396478202987964
3828,6.387346970909046
3829,5.897018632421524
3830,6.452615698413718
3831,9.154264043844455
3832,7.561709338955898
3833,5.207188992337068
3834,5.806268601730986
3835,8.626901522956022
3836,5.7442132497554255
3837,3.626417004493732
3838,6.720112055730497
3839,3.7498249478108576
3840,8.75239551669514
3841,7.2123867497494665
3842,5.7091475998853465
3843,5.461727192713433
3844,4.698458050126669
3845,8.791778264323561
3846,2.8535412035778283
3847,5.833679594449665
3848,6.574165943991954
3849,3.780689785912859
3850,9.176889172417871
3851,3.307441792315859
3852,4.75795753527291
3853,6.147817688492265
3854,3.303266462721895
3855,4.262887849788014
3856,5.304432512047998
3857,7.055610737486819
3858,9.517416068570064
3859,3.6193890389224324
3860,5.6476995949222815
3861,6.759676437927467
3862,2.4328817841289325
3863,4.7173600536830715
3864,8.029380527578327
3865,6.176786450645633
3866,5.6277292937265475
3867,6.395017732944889
3868,4.330491446017562
3869,6.301162721650535
3870,7.005302951707044
3871,6.248887270228421
3872,5.764654473924057
3873,5.64253888511829
3874,6.87369899717577
3875,6.124001871447836
3876,7.6760453773753365
3877,6.662459577834294
3878,6.936677255960695
3879,1.9187759913500437
3880,7.149670882664413
3881,5.211692984815689
3882,7.167805926385249
3883,8.279854331920141
3884,7.964421599677864
3885,4.1909335133471775
3886,2.2997454488124025
3887,2.3924910827428643
3888,7.764347681283938
3889,6.62752010454915
3890,9.228091385867655
3891,6.659504115475566
3892,3.128140553774813
3893,2.874795372157526
3894,7.387479139372895
3895,5.807600359329034
3896,5.412545698346487
3897,3.370413102800622
3898,6.394293934938881
3899,2.2357159036546235
3900,5.01405390849348
3901,7.196507979011845
3902,8.407649494070407
3903,8.708020054440494
3904,6.057379059735901
3905,7.28800806277765
3906,1.3410344169640005
3907,8.74305781845661
3908,3.785236791152761
3909,1.256460396274089
3910,7.410065346638014
3911,6.945286183929801
3912,4.070360175466949
3913,5.074780024522913
3914,5.259112508076452
3915,6.163592204662099
3916,9.215559279884953
3917,1.9699112601685784
3918,6.296723467132687
3919,6.385483199159648
3920,0.39537601575881715
3921,6.232562628330746
3922,3.265620896330564
3923,6.950563087200581
3924,5.7362838636191364
3925,7.889925416987278
3926,6.544065029284168
3927,3.0377161101628842
3928,6.736692853389211
3929,2.227405357876909
3930,6.224365524939956
3931,4.341415738994708
3932,3.4759248056675314
3933,5.699600238320213
3934,1.5533868798524155
3935,4.569762187392615
3936,7.399371829055201
3937,5.043161144007173
3938,4.37050326413269
3939,4.707491970852195
3940,7.329525465341555
3941,3.252675138699428
3942,3.4014378876369054
3943,6.331223433560376
3944,5.060609954138102
3945,4.3631064713916645
3946,5.796205278397048
3947,8.169620316917955
3948,8.480790159025725
3949,3.6150837680228336
3950,2.2794201197594033
3951,5.993453332771441
3952,3.5052656137885263
3953,6.68878383182046
3954,6.153898143554544
3955,7.27399233112158
3956,5.681266210722468
3957,5.527866528469433
3958,4.665632458975319
3959,8.19000877981452
3960,7.510125579404693
3961,3.831080449858235
3962,7.419033590517137
3963,4.265072319624427
3964,3.8261408502408183
3965,6.564994154465854
3966,5.511319609993136
3967,4.745175226464786
3968,6.887020727745483
3969,1.3905408909189227
3970,9.051139892079288
3971,8.603432997419166
3972,6.2425641559334695
3973,3.7475750440721787
3974,9.242392589316838
3975,4.809597631053878
3976,8.826699270445841
3977,6.394677774221282
3978,3.010133217413171
3979,7.075276016830036
3980,5.420108370269967
3981,7.931054201815031
3982,9.928512764156613
3983,6.7828889566531965
3984,3.3287209910494573
3985,9.574573937772882
3986,5.33169555590264
3987,5.297099200709134
3988,6.99327089386995
3989,7.354196315124977
3990,5.722890842869296
3991,2.1775404907856135
3992,5.742957132314395
3993,7.928479412048054
3994,4.18541974630497
3995,4.199266094369427
3996,8.578423786231406
3997,7.9198745400529775
3998,5.583427974987884
3999,5.32039626877599
4000,4.729321265985642
4001,5.695702996529723
4002,3.927605350932508
4003,4.28141697882891
4004,5.210553201727253
4005,5.268403557022072
4006,7.016674721767485
4007,4.975526414426677
4008,8.784153774892683
4009,7.299812535950838
4010,5.738482076721352
4011,6.8339856338737475
4012,2.4116205788814655
4013,3.0598237578618463
4014,3.3044881341710646
4015,5.097978744289185
4016,4.1661442913561055
4017,3.4217733037669595
4018,6.470379395832546
4019,5.62037600048577
4020,9.16032238184626
4021,2.266979085487623
4022,8.311351320421835
4023,5.677933014427384
4024,6.462756270003502
4025,2.1498074777674465
4026,7.439000176112379
4027,8.096968160849725
4028,5.391364639182644
4029,7.29551588764371
4030,6.145820557388988
4031,7.894281582579037
4032,5.093128186048962
4033,9.066338093069582
4034,6.542635638434223
4035,6.345162415476476
4036,9.75161974005034
4037,6.848532955136691
4038,5.513314968963197
4039,4.6857622576944005
4040,3.2207342801719383
4041,8.31135561826879
4042,7.221619627041368
4043,8.166523886929557
4044,6.3284022734709415
4045,7.886259309926902
4046,5.076848465337081
4047,3.2607973208778525
4048,7.179601221618172
4049,4.047742353055767
4050,4.988910222344562
4051,2.2126768541576793
4052,4.0513063308049455
4053,6.006821549018064
4054,7.922131892780974
4055,4.3747583667306555
4056,6.696335519422099
4057,7.673024860431772
4058,8.106269339642092
4059,6.728199644070505
4060,8.047271094825923
4061,6.68872066734861
4062,3.0189224531784142
4063,7.624414504632061
4064,6.1578929795314155
4065,2.584821511846908
4066,6.533711338878731
4067,5.5336172331119196
4068,4.960523164837654
4069,7.689941147877882
4070,7.2450272664679245
4071,3.120137506007196
4072,7.294496825092637
4073,7.951627337652817
4074,6.167363685738822
4075,6.507392511934718
4076,3.957411163037308
4077,5.689876743719457
4078,6.705343983978272
4079,6.576313257000327
4080,2.4598661130262904
4081,5.469846196469147
4082,5.340124928926874
4083,1.9916728899295286
4084,6.996635830211934
4085,6.367192558203819
4086,8.038796040487991
4087,5.545786471295523
4088,5.926675956350866
4089,4.775701179593975
4090,5.11967109406508
4091,7.867680661803987
4092,7.973211163755506
4093,4.519158234383937
4094,8.541630424626753
4095,7.278619383331769
4096,7.313845768994372
4097,4.576323866719264
4098,7.8747735345861845
4099,5.025032617073701
4100,1.1967993046496472
4101,7.285463219270941
4102,6.870900264165092
4103,5.318417335188969
4104,3.432335297651411
4105,5.797370862446806
4106,7.541643906623398
4107,4.954096205730812
4108,5.9450051413095
4109,5.487839479925108
4110,5.601015535198665
4111,5.015943787072312
4112,9.129423846554504
4113,4.276856998647517
4114,6.938960115793546
4115,5.895849284690468
4116,8.918363130710844
4117,6.38913130503237
4118,1.625464464374674
4119,6.349390923307501
4120,5.416807322722546
4121,4.698828235917672
4122,7.810178762983558
4123,5.537561799244932
4124,8.57489199446903
4125,5.0573546507565625
4126,5.185297029167156
4127,4.23128048234889
4128,3.8200448727989103
4129,4.305334488064484
4130,3.6222911617113343
4131,6.329643967961007
4132,7.570759939707991
4133,4.706941647629635
4134,2.6570629793387965
4135,6.049112753961555
4136,6.070876683642373
4137,5.0965552473654645
4138,1.9322273226115585
4139,7.07003861651814
4140,3.996064969272687
4141,7.848013880165214
4142,3.677577205900764
4143,7.787263993547332
4144,4.486423630513083
4145,5.376028226865085
4146,5.875632254042288
4147,4.6381672791327055
4148,5.861698568714006
4149,7.122619579718433
4150,3.356165483975665
4151,8.72511166384088
4152,2.5099812891123774
4153,7.420572154573801
4154,7.489755941464233
4155,8.198660249852924
4156,2.8699130691213903
4157,6.097859304063339
4158,4.417012104864079
4159,4.444709100466802
4160,5.889126135212302
4161,6.925006224074283
4162,5.100420531343129
4163,5.699772352565557
4164,6.341051777235031
4165,3.058860262457461
4166,1.2851952890547163
4167,6.503320735363424
4168,5.146090376765058
4169,5.107681357298445
4170,3.261243279645716
4171,2.8721702458066742
4172,5.240414306220568
4173,7.885471331433569
4174,6.570281239730837
4175,7.340347268932038
4176,5.134229832603255
4177,6.531054621478099
4178,3.3974165374588465
4179,7.400046152543476
4180,7.0154498891939685
4181,3.637638427454121
4182,7.554341102891466
4183,5.072389483841225
4184,5.434781309875443
4185,5.346279533505024
4186,6.52914142586685
4187,8.458165929831566
4188,6.875199268980517
4189,7.834792639014134
4190,4.401181181833452
4191,6.924486268464276
4192,6.912789984096003
4193,5.650695010937877
4194,3.0643981412367074
4195,8.37070582260312
4196,7.061121564236587
4197,3.13249728619461
4198,3.817421942433212
4199,9.441171741741508
4200,5.878038881020033
4201,8.658859772665998
4202,7.105710206549755
4203,5.894679680506356
4204,7.613100049815081
4205,3.5670440138852273
4206,5.569210415611886
4207,7.524429648029915
4208,2.7209540164112784
4209,5.819686430219481
4210,5.077502106834905
4211,4.561592746622824
4212,7.476478861668639
4213,4.546474135516358
4214,6.388868932932954
4215,5.601388318616715
4216,6.33179492298602
4217,6.743065986512091
4218,5.2994885769166
4219,5.682942441715242
4220,5.853898544822406
4221,6.564268154781424
4222,5.12107276277512
4223,7.531120867574512
4224,4.45776912115196
4225,4.590572748947164
4226,7.328051650404888
4227,4.194097804827125
4228,1.446468742637018
4229,3.367496037494467
4230,5.521963732237797
4231,4.870540000464717
4232,6.45390974991505
4233,3.5731854393432143
4234,7.065925654634865
4235,6.1541452443724864
4236,7.518696842230228
4237,6.912928065570773
4238,5.891963721569323
4239,7.862453989369086
4240,8.318325221668498
4241,7.350200150909221
4242,7.582692739895042
4243,6.474067048897948
4244,6.494975855083514
4245,6.781938052651273
4246,5.297227325448349
4247,7.861980350684906
4248,3.691934648971219
4249,7.94419965759641
4250,3.4106965899016424
4251,2.04362250856512
4252,7.767150372724652
4253,3.8543518160227004
4254,5.230337253589927
4255,4.455970151745297
4256,5.835655446935682
4257,5.0506605484885965
4258,8.322106529948352
4259,9.180916085734058
4260,7.0853338349982105
4261,1.9521699170513365
4262,5.0141396856454055
4263,5.649654929285723
4264,3.314773781117517
4265,4.606848159972519
4266,7.16222625740053
4267,4.4120085421168005
4268,7.109599789109916
4269,5.0134467666906515
4270,3.4852652803394575
4271,8.699760420605081
4272,6.977118963912497
4273,4.220498775097507
4274,3.8698927629621034
4275,6.208925064459908
4276,5.679112262158853
4277,6.939346040596453
4278,6.766628530704399
4279,2.7522201473770416
4280,8.309379377587398
4281,8.447793658470626
4282,5.376772047819669
4283,4.835136376327637
4284,6.965666333764228
4285,6.445372950035741
4286,5.202239739648114
4287,4.2751605676128825
4288,6.1137989249064235
4289,6.375396275682214
4290,9.221057613295656
4291,5.3700977175208635
4292,9.015781595257742
4293,5.458051896309115
4294,7.430505124938713
4295,4.659315884091859
4296,5.318145838797448
4297,2.787554634266151
4298,2.1081585028342595
4299,3.510356778780518
4300,7.288242701154545
4301,5.437592340551307
4302,8.125149835371031
4303,6.332412081356385
4304,4.577876692054253
4305,7.315991368928234
4306,8.216689312810797
4307,6.778194020550531
4308,6.557657140554031
4309,4.9587017061667105
4310,8.194759850732401
4311,6.768414370528062
4312,7.912585085173488
4313,6.315395626069003
4314,7.873675310970017
4315,4.679877442693392
4316,6.258658496083206
4317,7.07611480692096
4318,6.048608971970328
4319,4.544025394587552
4320,6.157471704686706
4321,3.5127453503956954
4322,8.190419641946727
4323,6.489131416340076
4324,4.032866021733827
4325,8.51356362358568
4326,4.713091441254444
4327,5.877081999084824
4328,6.533081601764929
4329,5.074717944596679
4330,4.66766158445099
4331,2.2653967805562516
4332,3.6351535238168147
4333,4.08442562765082
4334,7.02946505446001
4335,5.275099471818503
4336,5.204331546657177
4337,4.933371712055253
4338,6.836405333748279
4339,3.95643689350042
4340,6.354627948983311
4341,3.3760387959447
4342,2.8758557873245016
4343,3.2943640669217955
4344,5.1715445582628865
4345,3.4726898849625263
4346,4.056533691533917
4347,5.7242555035427545
4348,6.571594034515249
4349,6.799196245897657
4350,8.256351476239338
4351,8.545817436052914
4352,7.540361504035043
4353,5.7650251413533855
4354,4.488237182819897
4355,5.92384975673275
4356,5.5420772330754815
4357,6.404421363681931
4358,6.052134852618918
4359,6.428335959448161
4360,6.13377642090469
4361,6.437595829720202
4362,8.373127526711432
4363,3.1628773506108807
4364,7.587261383629137
4365,8.699517782472633
4366,8.2547257110775
4367,4.325124638619146
4368,9.595250396421905
4369,3.2248581549900726
4370,4.90416456112071
4371,3.456844403469167
4372,2.5928561721559986
4373,8.956782662048903
4374,5.164073874975907
4375,6.454543256767451
4376,3.1713515704976576
4377,7.077931069947997
4378,6.710843688740615
4379,6.266964710927873
4380,5.462927129351221
4381,6.255389216220423
4382,6.0354629826630415
4383,5.335833209805578
4384,7.88591851959847
4385,6.665691120056658
4386,9.555241356581586
4387,5.94474219434647
4388,7.079427189507605
4389,9.204885282062147
4390,4.1034855116446085
4391,5.482256884521584
4392,9.275467728827962
4393,5.577706465458337
4394,9.203962728470295
4395,7.112353330069452
4396,4.833157135947765
4397,2.3345985129849276
4398,9.47888349689757
4399,6.772440160192462
4400,5.484663935843905
4401,3.670717098336396
4402,7.153995890720526
4403,4.583177454000593
4404,9.437377961929684
4405,8.177813571993074
4406,2.3173587219624974
4407,7.846512893762378
4408,3.557443783233731
4409,7.259818573935902
4410,4.912636013773955
4411,3.219990966207481
4412,4.443832274147114
4413,1.4999752725151725
4414,5.203520348873589
4415,4.180883119127801
4416,5.231261543496014
4417,5.524777825787029
4418,5.097063733136703
4419,4.283758720024838
4420,4.61130179367372
4421,7.302908514737482
4422,6.3871999934318575
4423,7.076288680938062
4424,4.653616531576322
4425,5.497442834979732
4426,8.515606483852364
4427,4.198714970524185
4428,5.1573583748335805
4429,6.364238742993087
4430,5.288761041830915
4431,3.8643070675381943
4432,3.3893448963245207
4433,8.22410534512154
4434,4.658814202407205
4435,6.285226696340767
4436,5.73486089047472
4437,2.2644095031776614
4438,6.472966627775962
4439,6.235999664450336
4440,8.142941298995853
4441,9.265619087534155
4442,6.043136669412661
4443,8.94191882397306
4444,7.226118761176553
4445,4.03134527185303
4446,4.931581080781066
4447,5.844687010288696
4448,5.733674276119899
4449,5.028018909592759
4450,3.7161105804290284
4451,7.163320424321338
4452,5.559758334113748
4453,6.111485655550041
4454,4.193406064504177
4455,6.321838461591999
4456,8.37239819326608
4457,6.977895535107315
4458,4.6630845273466885
4459,9.304065382326607
4460,7.486972526683611
4461,7.206303787013315
4462,3.5735966316097394
4463,2.730831423459437
4464,5.750357484461154
4465,4.584098656023126
4466,8.131349407007885
4467,4.320711778083362
4468,6.827353906433779
4469,8.691081147433726
4470,6.14945446657489
4471,7.784395372956115
4472,3.7474137980601525
4473,1.603657472236525
4474,4.828554086489077
4475,4.852758349432462
4476,5.766261062216186
4477,4.071473623355524
4478,4.0398345283784005
4479,7.302758538494865
4480,4.559896352271018
4481,6.418465631822173
4482,5.6672704414298885
4483,5.36207794739804
4484,7.6325993253667
4485,6.865151134979415
4486,4.635410462908774
4487,9.723009150160552
4488,5.483864126084535
4489,6.408082038123467
4490,5.438961961051746
4491,5.618766969829117
4492,9.478434205774912
4493,5.061070892097994
4494,8.398422269403241
4495,2.4178498729034703
4496,4.559667945431045
4497,4.570984514366894
4498,3.214999596226567
4499,3.902554678179147
4500,6.058507485026379
4501,6.060247307430301
4502,2.1789044050444004
4503,1.8542640531130457
4504,4.488952951010883
4505,7.472725865132376
4506,3.429795679825361
4507,8.523015903907572
4508,9.078166543622064
4509,6.296391183552227
4510,4.482206059779305
4511,7.28665557471005
4512,7.358279877245229
4513,7.239402217712161
4514,8.870988532117188
4515,7.942437433528145
4516,4.34027343652797
4517,6.59935693150216
4518,6.667379082474066
4519,1.1029030593213998
4520,6.914636804912317
4521,5.1032880380871655
4522,4.764228997378079
4523,6.850327250396177
4524,4.540579150114234
4525,6.9298250249577364
4526,6.666847259527888
4527,7.989162730818448
4528,7.330084877945327
4529,6.921351318393784
4530,7.168366577244198
4531,5.146211393419226
4532,2.9833734440844673
4533,9.501762792229503
4534,9.476958945246537
4535,5.635341355348424
4536,7.556063958478945
4537,8.262636856594558
4538,5.727990846455169
4539,7.146742159265321
4540,3.1416691122316966
4541,4.523250098276284
4542,4.135324712569619
4543,4.012884487355079
4544,6.882930291425222
4545,6.136525697115034
4546,5.353294678622381
4547,5.264019982232428
4548,3.786085209868523
4549,8.940087191499346
4550,7.088056888178464
4551,5.108542829801407
4552,4.465109188373966
4553,7.897895642916559
4554,4.279589070875021
4555,9.838042119837901
4556,5.4840467483178355
4557,8.35748431980273
4558,3.29359656171455
4559,8.01960294115086
4560,6.716736585641874
4561,7.429361197631047
4562,3.543817982685334
4563,3.9335275503890026
4564,7.644591509567967
4565,1.8957378744100024
4566,7.903032116986889
4567,5.446575912034058
4568,5.229622814933672
4569,5.907505981661266
4570,5.818420773447186
4571,3.8925895413614153
4572,6.717023368263543
4573,7.04693115186638
4574,6.121955419871986
4575,4.041110690122775
4576,5.969457121266998
4577,4.527973789144465
4578,6.315216044368617
4579,7.338065998607537
4580,8.58705064735695
4581,8.620658579038873
4582,7.826865827104055
4583,8.743168169283706
4584,3.7259483495539616
4585,7.150720958215384
4586,7.649645598772908
4587,7.532992266057679
4588,8.133399738402206
4589,8.229233863949734
4590,6.060879049385476
4591,8.147479919933703
4592,7.123616441894002
4593,6.443571518288391
4594,6.141476677951236
4595,2.647172552912117
4596,4.006118480750523
4597,7.002254136167809
4598,7.419563147648041
4599,3.461275151809588
4600,7.013805839442625
4601,6.130256013020765
4602,5.43231008806308
4603,8.265432533819274
4604,5.37646633195218
4605,9.248214421318792
4606,6.342799997155682
4607,8.351037962414265
4608,6.924892586750636
4609,7.16766116010338
4610,4.206388699305016
4611,5.418279755074015
4612,3.422431202300581
4613,4.0435288403310965
4614,7.53936684767899
4615,6.853581972295965
4616,7.455373635826835
4617,7.769239799289604
4618,5.822378144716504
4619,6.530397420744856
4620,9.199396201636759
4621,6.897582685532855
4622,6.497506511413671
4623,3.7289987047387747
4624,6.070251464063775
4625,2.236015692712737
4626,6.979660459501459
4627,8.873587442732955
4628,4.568405542398665
4629,4.605152170200737
4630,6.1363495751845205
4631,5.19282291156715
4632,5.543367166494153
4633,8.423378121800088
4634,7.111362808626679
4635,5.493821566344825
4636,6.02239849332158
4637,6.131739444639463
4638,7.293376280452303
4639,5.301073269701359
4640,8.883952004535525
4641,6.459539929759875
4642,5.58861936227527
4643,7.2573809538662335
4644,4.807454420352275
4645,8.67916758331378
4646,6.491514046528065
4647,3.552630455538363
4648,5.941370130305454
4649,7.382434560368163
4650,5.616300222136913
4651,8.866975140003795
4652,5.755303689941472
4653,9.382848422511445
4654,6.67425325215171
4655,7.793435897112498
4656,6.917659686865821
4657,5.408789868753773
4658,3.612918255692075
4659,8.266066769665265
4660,6.839600567785546
4661,5.938777962800288
4662,1.6506731020115775
4663,8.458615716739684
4664,6.21981518701218
4665,4.033843622981969
4666,7.160239640157692
4667,4.6332880272799395
4668,8.2150508476083
4669,5.206667086021462
4670,4.799323493516532
4671,8.210944445900411
4672,4.337184219443283
4673,8.618268561589623
4674,8.743049714228853
4675,3.0528261993894095
4676,8.041069970280772
4677,3.20459986555579
4678,6.003574811886213
4679,6.155895294986958
4680,6.221821391261509
4681,6.9781812056345816
4682,2.0088525270909625
4683,8.092062392271462
4684,8.542658477594435
4685,5.76525675311568
4686,7.916650406241468
4687,4.049256998983037
4688,6.729441093620483
4689,9.809160892566295
4690,4.141955200115127
4691,7.324107748207644
4692,7.1651818716643385
4693,7.904958618528326
4694,5.502627951541441
4695,5.328374961922791
4696,7.410211613860463
4697,4.349383333113546
4698,7.86657000935927
4699,6.954681796262643
4700,3.938231917632457
4701,4.91907360990951
4702,7.114987341979774
4703,4.972108279158047
4704,4.946759901167495
4705,3.5517499140842315
4706,3.2691806851224645
4707,5.015869015550581
4708,6.190212030172228
4709,4.357592038638601
4710,7.431749163204993
4711,5.297732137742425
4712,6.551071590072047
4713,5.093043782412511
4714,5.300777691365859
4715,3.8628143718486285
4716,5.8406186199736965
4717,4.366191266160166
4718,5.66508182168868
4719,3.9941927286547676
4720,7.501109818989309
4721,2.014012778803331
4722,4.844382950815108
4723,7.6929905145909885
4724,5.756392065903621
4725,4.261031823097892
4726,5.358748411396389
4727,4.3124747294640144
4728,8.209665313246969
4729,2.4897006410424334
4730,6.745675271907233
4731,5.63620665899454
4732,5.786685013416806
4733,8.42513593510807
4734,7.285776518932996
4735,8.201787951523915
4736,6.642212664269532
4737,5.806103150336214
4738,9.081992718826784
4739,8.602138811629105
4740,5.640360726139534
4741,7.348613867634364
4742,5.781243258002437
4743,6.117996847004716
4744,6.1148971496857145
4745,5.789075288451252
4746,3.5109313685361827
4747,9.126435857486156
4748,5.05500116774658
4749,4.785717998472642
4750,7.7890585603582325
4751,6.430139196309234
4752,7.112652507063649
4753,0.9031239024512084
4754,7.2255262294613365
4755,6.697209585297051
4756,5.389597666043825
4757,8.087867843963673
4758,8.573644919174075
4759,4.774397293452472
4760,3.708608009482432
4761,5.754822838284287
4762,6.513814402327142
4763,6.477591836493355
4764,4.914213127072653
4765,7.113290574499557
4766,6.537560068444228
4767,5.72878171524658
4768,5.0386093675054635
4769,2.8713041354927453
4770,3.2255717960588424
4771,5.383524073675974
4772,6.811284824357186
4773,5.815045122296897
4774,4.587281162641136
4775,6.938753708885763
4776,6.447966468034329
4777,6.913683022689938
4778,6.0174317167907745
4779,9.234729086410638
4780,6.167724675336581
4781,4.620342067922774
4782,7.2036597814776755
4783,1.8921932684087548
4784,5.068576442058076
4785,5.295815201938219
4786,7.617858766001486
4787,6.364831664854609
4788,8.888075387675745
4789,6.194240027119584
4790,6.183698561964872
4791,7.802851295877611
4792,5.320076563430364
4793,6.494831878030185
4794,6.173514319945816
4795,6.489278659410395
4796,5.964735929235347
4797,2.8896587916190355
4798,3.4395391503853174
4799,6.07792588191475
4800,4.944980331828959
4801,9.437898020136952
4802,7.466657771592416
4803,4.86181332382901
4804,6.386796650250537
4805,6.21497843837909
4806,6.425457396933569
4807,4.693484258939833
4808,6.178690219620671
4809,6.0881973151161874
4810,7.145451737317308
4811,2.6611000433438265
4812,3.9027336594177413
4813,7.217695825938088
4814,2.7852862457105356
4815,6.470759040076008
4816,5.3856753094147845
4817,6.36258009048123
4818,5.8362860464742115
4819,5.145320674861788
4820,7.908591135111353
4821,5.633455460621761
4822,4.546314125887118
4823,6.598725781174076
4824,3.720206548110498
4825,7.924542819338083
4826,7.359335785040906
4827,4.949353990868722
4828,7.8517783364372855
4829,7.131797838107279
4830,4.824448152226518
4831,4.7447090274189785
4832,6.643477488467407
4833,5.999379983812023
4834,3.527800054679255
4835,4.596006199962401
4836,8.478327881645074
4837,5.3122871397187374
4838,5.62034266156339
4839,7.746552217293037
4840,5.851238216124307
4841,1.7081074494720807
4842,6.84826241517578
4843,7.7216804903348
4844,7.113857767855384
4845,7.7056751485245645
4846,6.642465613166468
4847,5.221059909206605
4848,5.746485698123955
4849,3.3590523852937184
4850,1.6607459156364202
4851,7.5946560031298
4852,5.8187619568421365
4853,4.125934000856597
4854,7.004462513904299
4855,5.3015003168988235
4856,2.9001867084391915
4857,6.431961180570356
4858,6.0482048985494705
4859,6.5644098080316375
4860,8.828652696208676
4861,5.813820169674115
4862,5.5782354376614185
4863,4.589468603612735
4864,6.5871906173868995
4865,7.100959121831186
4866,2.145315551930239
4867,3.437267807063307
4868,6.0759259326899855
4869,5.449498255361898
4870,7.4483420187988365
4871,6.911916150184332
4872,5.578118113435541
4873,4.5372579363402465
4874,5.294985000643191
4875,6.992214038423268
4876,9.050923064550878
4877,5.806091678974013
4878,4.668003957407635
4879,5.74581105719152
4880,7.057606818065757
4881,8.772389383692357
4882,2.3990156406238214
4883,5.000666812128058
4884,5.714995246988593
4885,7.041489523471436
4886,4.193898364706253
4887,9.614079446616005
4888,8.500940597861304
4889,3.6601335556473122
4890,3.672552224363052
4891,5.476345287731515
4892,5.552712881369761
4893,4.894672624349202
4894,4.97840276446333
4895,3.823284172462801
4896,5.643884433706156
4897,8.126310274422252
4898,7.5585384696469875
4899,7.174940544630615
4900,6.46953594728199
4901,5.247159522972006
4902,6.29594055456865
4903,5.291576131354409
4904,5.571522206628194
4905,5.751674519708366
4906,5.421462444919309
4907,8.418117385244042
4908,1.8728978618126286
4909,8.00842760115172
4910,8.2202190565691
4911,6.200416593502078
4912,5.737973755693762
4913,6.880884031079551
4914,7.443503157008537
4915,5.057633251936424
4916,3.751666170156886
4917,5.755045719614244
4918,4.150006093374545
4919,7.543606147087982
4920,5.928116942380986
4921,6.75723987938568
4922,5.165215542547677
4923,5.574152707934183
4924,7.920474237654942
4925,3.065688862906969
4926,3.2319430223148724
4927,6.223074160814076
4928,5.566278185505444
4929,4.62057959871679
4930,8.220791097392958
4931,5.399308895425327
4932,6.522532007368887
4933,8.246651222720507
4934,4.62459981168855
4935,7.815519964909879
4936,4.935175683267713
4937,6.751364173053854
4938,2.461542480410696
4939,2.494409345341411
4940,5.962252479176537
4941,5.2331856800661685
4942,4.352936620788963
4943,6.308428262705093
4944,8.937128866616353
4945,6.406756732570137
4946,5.583507245754182
4947,8.020091598847122
4948,1.2975035395219054
4949,5.565267746868355
4950,2.8390668408248936
4951,7.713213577458684
4952,5.3512070215152026
4953,6.234445815366637
4954,4.835556128040371
4955,5.32512513686902
4956,6.696964661854173
4957,7.571438589774032
4958,7.17932929569813
4959,3.404572536611879
4960,5.835080941686803
4961,2.9577303394844066
4962,7.876854376731611
4963,6.104433761867399
4964,4.567721889367697
4965,7.327914276538848
4966,7.41288340799908
4967,7.428166836846224
4968,2.56446111024139
4969,6.3242428716286
4970,7.14871257882365
4971,5.314945750947554
4972,4.890342679235383
4973,1.3431531214418524
4974,3.1463357089284387
4975,8.399112975617637
4976,3.2753982217638926
4977,8.021391510323914
4978,5.766618879836351
4979,3.115153014360875
4980,5.879620910602988
4981,6.132989413033156
4982,6.813102805269335
4983,3.8612705208261584
4984,8.038873415783616
4985,5.334256620753499
4986,7.427886120706353
4987,3.921742319524323
4988,3.2862787846055572
4989,7.164937002554556
4990,7.962957706235248
4991,6.202331083385135
4992,5.553000782764352
4993,8.242338141379589
4994,6.29247719537857
4995,6.960572546313325
4996,7.445440280599815
4997,4.658302360980784
4998,6.232728498270433
4999,7.364292148615166
5000,4.893213836811206
5001,3.637520765695469
5002,5.0920957325424245
5003,5.44326783926422
5004,5.9811252194657225
5005,6.783027558546249
5006,4.902001484287714
5007,8.077337787290622
5008,3.6732720751003134
5009,6.2612475879411145
5010,4.397931012840699
5011,6.932715365497852
5012,7.977832943367161
5013,3.5313731363903207
5014,4.538824752646273
5015,6.207240236432299
5016,6.682705572983039
5017,4.738301628086544
5018,6.344837145863686
5019,7.626969539450037
5020,7.65205506824442
5021,8.592401397137033
5022,5.635780086938696
5023,4.91054797001263
5024,6.88331592512803
5025,3.653128094515129
5026,7.5771081600603996
5027,6.170838784091422
5028,5.2530396698639965
5029,4.315682732231931
5030,3.8544405891367304
5031,7.380942150280173
5032,8.86220585937804
5033,6.28462463610108
5034,8.833274569178885
5035,3.4559000387128975
5036,5.648746188311857
5037,7.310732815025491
5038,10.0
5039,6.376800642132697
5040,6.182751466132886
5041,4.688335929503268
5042,7.733762536875817
5043,8.288453401320806
5044,5.419808753853059
5045,6.318945712704852
5046,3.980634258776854
5047,4.259411935280361
5048,4.589196595746441
5049,8.525527043366807
5050,4.091942850137523
5051,4.140380486517065
5052,4.889446206798276
5053,7.2776969808166125
5054,3.2235745406207568
5055,1.9965581223705127
5056,7.171350858072676
5057,5.931663209014532
5058,5.648713074219906
5059,4.778454576456441
5060,5.567942417643233
5061,6.422488172602559
5062,7.106690029767103
5063,2.2330380472615396
5064,8.890480334669611
5065,7.613468005217543
5066,5.7888371328384425
5067,6.21633170227521
5068,8.745160039000272
5069,4.619140829398057
5070,8.675672834097822
5071,7.538173013690138
5072,7.063647745795721
5073,7.684191594852076
5074,5.087099615955599
5075,4.636697649290379
5076,5.964471432129735
5077,4.2748204940077725
5078,6.138960359930493
5079,4.1156809287586755
5080,7.353248126021388
5081,7.508875573817434
5082,3.9293233333195667
5083,7.0209635783750475
5084,4.0009616029128665
5085,2.43304101994234
5086,5.665421133751882
5087,3.713885721440727
5088,7.6668489556775565
5089,5.531256054540829
5090,5.8401871658147995
5091,6.014078554756423
5092,3.8284855073597295
5093,8.303215935611709
5094,4.813551803172743
5095,4.905004102462816
5096,0.742183294192123
5097,4.509293361420924
5098,5.505150700359298
5099,8.49870096993883
5100,4.473786379280777
5101,6.268179218160496
5102,7.818490010905438
5103,5.767508016490106
5104,8.792224770955036
5105,2.519430042484785
5106,5.784784671124202
5107,5.753969927827462
5108,4.760337701546459
5109,5.345934215991313
5110,6.375560926855752
5111,4.707859745372018
5112,6.712738333599288
5113,6.318314145875462
5114,4.6851883767298395
5115,1.4513431779395563
5116,8.789241629638088
5117,6.284795015527452
5118,4.681831062606218
5119,4.082311971771397
5120,6.388426369625136
5121,5.754139635191494
5122,7.26348014008321
5123,8.229908655772409
5124,6.688969241056675
5125,4.343191467008465
5126,4.187003649849124
5127,5.425444722473585
5128,5.626638092180617
5129,7.621418534450024
5130,6.175346804883071
5131,8.86365892245699
5132,4.277034001264407
5133,7.795887235838211
5134,4.452396505691589
5135,2.9372701518682987
5136,7.542347171314406
5137,6.321616803818225
5138,9.216084105513854
5139,6.160021844447856
5140,5.0701440194652045
5141,0.0
5142,5.8075644341293975
5143,3.6742630412865775
5144,4.825082039028959
5145,6.964877496798091
5146,5.399343944768146
5147,5.214540344037498
5148,5.9586817584696865
5149,3.342482160925828
5150,5.324827245248622
5151,6.613611097976856
5152,8.59875941154354
5153,6.987008103879072
5154,5.977863066296019
5155,5.466651981429542
5156,5.00617714098312
5157,7.129453549650644
5158,4.194516649681394
5159,5.309900406428091
5160,4.098972690495911
5161,3.956305668746911
5162,7.561978022077409
5163,4.7101400985653665
5164,7.791881455140296
5165,8.05757184245767
5166,7.600721939235264
5167,3.3404949217749547
5168,9.674948306407936
5169,0.9021418004912782
5170,6.189896649045451
5171,4.73873428393516
5172,5.818265386997498
5173,5.736872666734608
5174,5.791496953696316
5175,4.834159316030092
5176,9.377300907674327
5177,8.91845314693463
5178,8.031475396015638
5179,1.1320238308815487
5180,5.719188038912075
5181,1.073835684588711
5182,6.431232153282652
5183,6.425064090015631
5184,7.368233450382842
5185,5.367808301195421
5186,5.11179759061257
5187,6.055198260414386
5188,5.083502059046185
5189,2.7547080006844626
5190,6.015639889495628
5191,5.69805570106056
5192,6.193617665494733
5193,7.5597101482515745
5194,5.349407088428767
5195,3.3713133618789137
5196,4.345675449858429
5197,4.330921965428912
5198,3.700442603564754
5199,5.425753512937798
5200,5.515614954247205
5201,6.115388627908997
5202,7.363209613298026
5203,3.011050761036341
5204,5.214071147242731
5205,8.954232061125913
5206,2.7543531059563184
5207,6.891947564372062
5208,4.316020639515429
5209,3.5778142087485607
5210,7.186262693999855
5211,4.733714936589956
5212,7.523211243930039
5213,4.41685195215766
5214,6.962769172248393
5215,9.23846570630247
5216,8.356490010288923
5217,3.274019641322635
5218,7.050197181501208
5219,6.3994826204986275
5220,5.925856283389178
5221,6.575935706883493
5222,2.9041386621505705
5223,6.267097328260533
5224,7.355546571837322
5225,6.829272872026741
5226,3.690420770198323
5227,4.989743130000692
5228,6.98748148521377
5229,6.345543617919453
5230,5.669890927783253
5231,6.13068143508765
5232,6.6313220791391325
5233,3.559089800754456
5234,3.6450850726532544
5235,7.765680380635224
5236,5.497113085381419
5237,7.236216457294151
5238,6.920860541431068
5239,6.680104638778006
5240,4.689788879500159
5241,7.493238249108173
5242,8.601808024650692
5243,3.582006302365746
5244,5.768201188826138
5245,5.132212641621492
5246,8.219779398157106
5247,7.856391775263138
5248,4.477759933385485
5249,8.53519866201104
5250,7.052682923730123
5251,6.580553597266883
5252,6.199816970991178
5253,6.9796799342558815
5254,3.3660451036053525
5255,5.543539180776363
5256,7.4131803876249585
5257,3.181584022869632
5258,7.281568942844807
5259,3.995617902071156
5260,4.233527987073269
5261,7.744160837283007
5262,3.7338070313381744
5263,6.373373313294639
5264,6.409809444476691
5265,7.465303811114531
5266,6.32460942162332
5267,6.768422387336003
5268,6.344236420680963
5269,6.070995220985887
5270,10.0
5271,6.219826393247979
5272,6.747159413223023
5273,4.796898056202384
5274,4.768681524212677
5275,2.949225769849123
5276,5.118520415364683
5277,6.109653222728375
5278,7.554596572156992
5279,7.570406606020145
5280,4.785540715954036
5281,5.943738728377836
5282,7.984098995198121
5283,2.425630215432145
5284,4.607416857694522
5285,6.124049377318593
5286,9.202147097424822
5287,8.609343443558409
5288,5.831056346496666
5289,5.705692551781136
5290,6.418067951722881
5291,5.432884021672742
5292,7.180969845351325
5293,5.515233122343485
5294,5.478984451952417
5295,5.334046343214492
5296,5.742417340831436
5297,5.753088819826229
5298,6.247600259082876
5299,9.23881884986542
5300,2.211572247130235
5301,7.532748574975485
5302,4.172204652421969
5303,3.241754595151713
5304,3.7415505900473356
5305,7.854803996767907
5306,4.455659888559552
5307,1.9616158048492862
5308,7.85500153069905
5309,6.078786991911923
5310,5.176893400448312
5311,6.374410281412419
5312,6.446329531365314
5313,2.3875801729477018
5314,7.186371533761991
5315,5.309916381287583
5316,5.741859217029136
5317,3.8912591416494564
5318,5.215546294622413
5319,4.016189657371357
5320,8.402482651314257
5321,3.183928081471386
5322,6.274041010772109
5323,4.873564535183174
5324,6.5140916860364655
5325,5.610822436230376
5326,6.380252480936794
5327,6.228530079535755
5328,5.555085891344576
5329,7.424403181346972
5330,1.7455445137506644
5331,7.9521575207715065
5332,1.960946269252419
5333,4.302440731848466
5334,4.814161684917986
5335,3.2349250534732
5336,5.798746842999005
5337,4.43067840165534
5338,6.684440977642813
5339,6.382369633840054
5340,7.5301652009895435
5341,7.679360352872561
5342,2.5647367279988487
5343,7.520796178805253
5344,5.478400045920477
5345,5.630101239291827
5346,5.180555823195614
5347,3.466819912628426
5348,6.483890333362222
5349,6.698608483174631
5350,3.723558760665276
5351,3.8477975839148013
5352,6.347149819800736
5353,6.838991301703987
5354,6.603064243607396
5355,6.039013455139187
5356,4.851310345387937
5357,2.6735643871691566
5358,9.152931904349728
5359,6.615824272996637
5360,7.058529254350325
5361,6.529324814752538
5362,7.153132692503007
5363,6.796466644617827
5364,8.77778055971114
5365,1.1774705552016895
5366,7.039728982976259
5367,6.10997581914233
5368,5.271252217702558
5369,1.7721162299927407
5370,7.682259995530994
5371,8.127894930127951
5372,8.432477532018746
5373,2.062683394373833
5374,4.900000389811535
5375,6.182744172643724
5376,8.127148686007516
5377,4.402495447797035
5378,6.289003439837703
5379,7.262346203288128
5380,4.835818972819498
5381,5.344176073661013
5382,5.5515990322457345
5383,6.6145118963262926
5384,4.676679144054642
5385,7.382556828322841
5386,4.321985475572868
5387,7.960485906038515
5388,3.6291314178256453
5389,7.29971868944034
5390,7.018601064654445
5391,7.626539120074454
5392,6.050356477336957
5393,8.871646904006385
5394,6.2362010658050675
5395,8.794553824961127
5396,3.446925787657992
5397,1.6131488352033976
5398,6.95730184956696
5399,4.07882845887273
5400,3.432973632234114
5401,6.4620915040885185
5402,8.304711008738874
5403,3.0679379984959914
5404,4.367711955931765
5405,7.748593856118405
5406,6.4812143388651835
5407,5.829518500721685
5408,5.303805267110029
5409,6.848896755215112
5410,3.8830529196981742
5411,9.965259183325442
5412,3.6968195961043055
5413,7.358494699592424
5414,8.280156102408831
5415,6.458311546101233
5416,6.638697189229082
5417,7.602974706398815
5418,4.340899586687503
5419,5.1628535693152635
5420,7.381340234759967
5421,6.09196797958616
5422,3.9172392053840674
5423,5.239300243148436
5424,5.146141550779511
5425,4.655338830639844
5426,5.599604013441118
5427,2.598769772234299
5428,5.991124857142933
5429,8.466886586074454
5430,2.547151025964212
5431,6.116324845199122
5432,8.95387368062917
5433,3.0822140536613154
5434,6.00997596427873
5435,6.648496857598779
5436,4.252925571539479
5437,4.713117008912437
5438,4.104584618356265
5439,5.900409540409119
5440,4.010863299172021
5441,9.288890842980253
5442,7.67913874669345
5443,7.206755989909766
5444,8.501670255340688
5445,6.160884477349565
5446,8.240529865377788
5447,3.9750315839816657
5448,7.490350316236485
5449,7.043100644131655
5450,3.379271604273898
5451,6.773286393089841
5452,9.843257042890869
5453,4.413580708271851
5454,4.928021131338771
5455,2.8577920791171008
5456,4.477802649107023
5457,5.31249958391695
5458,7.037289504613873
5459,5.5328814922189125
5460,4.076617249030921
5461,4.711832143807881
5462,7.242073536012897
5463,6.348474711178418
5464,6.752557049156523
5465,5.781248408941155
5466,5.07558320747146
5467,2.4799460850980592
5468,4.705661342104173
5469,6.524324153515446
5470,2.915489892130067
5471,8.841483138882303
5472,3.2987037117981277
5473,7.6153938872823055
5474,5.791802802483058
5475,5.022856267426039
5476,6.007628219369722
5477,7.803712082558274
5478,5.753983964439438
5479,3.6334284025679273
5480,5.195693412371844
5481,8.776719506669446
5482,6.2984448842328
5483,4.771422332036502
5484,7.283475916669309
5485,7.463859464615543
5486,5.933072743696286
5487,7.597570097415343
5488,4.42271590970453
5489,5.35598553516999
5490,2.3527258155308015
5491,8.789458654482422
5492,2.5305317454944225
5493,3.6713578542966028
5494,8.1052372040192
5495,4.29008808587653
5496,4.595499237457071
5497,8.324557335084371
5498,6.9517886434944645
5499,7.549301560764087
5500,4.850695496518093
5501,6.412402394482082
5502,3.9283155265156493
5503,7.613210413837652
5504,4.335688528212806
5505,7.251772924860636
5506,5.406454771847914
5507,6.33264481212979
5508,6.386642437066769
5509,4.2752538679421335
5510,9.132349909021295
5511,7.4091791691235995
5512,7.116517846768044
5513,8.770914387414905
5514,5.64589053806607
5515,8.133965133184432
5516,4.719861771265793
5517,6.695173454068443
5518,4.383663103622384
5519,8.590456279013964
5520,4.375232603746412
5521,7.587377262379753
5522,3.994853366414089
5523,6.922220505361629
5524,2.9663262885380703
5525,6.028399631284091
5526,6.825814477143575
5527,6.606090025281927
5528,6.378041458756178
5529,6.46313223753901
5530,3.88771998002305
5531,6.1188127196225945
5532,5.567722834256548
5533,6.702180758561834
5534,6.670562828017676
5535,7.335972752299594
5536,8.841174552394863
5537,6.4742211431040495
5538,3.5657532057534764
5539,4.070004742592723
5540,3.033766855688053
5541,5.144602532983144
5542,4.975251803936321
5543,7.087064340963013
5544,5.4895496878808885
5545,7.587058397991219
5546,4.0396712956744
5547,5.833424069705206
5548,5.729130631954772
5549,8.06546613807756
5550,5.576605169043219
5551,6.68395793645039
5552,8.516919362313855
5553,3.599742061990153
5554,5.934632150002791
5555,9.31548190117893
5556,5.793661911899346
5557,6.738625109671909
5558,3.541099088663533
5559,5.506537556500942
5560,3.8348038053648206
5561,4.29044080310311
5562,4.878673251766361
5563,6.632951317365749
5564,5.761905811040687
5565,4.581880388754673
5566,5.990219515216401
5567,3.826930484322058
5568,8.183753072698051
5569,7.514633386092643
5570,3.417579000054298
5571,4.003342791150295
5572,5.763830800711362
5573,5.884513200671528
5574,2.6212167683398793
5575,9.68647143504729
5576,6.9015998612208325
5577,1.6857142334306119
5578,6.1142600480943585
5579,9.471448116432875
5580,6.377514593969877
5581,5.884157774157334
5582,7.202143958916601
5583,8.76741864410392
5584,8.213889133679995
5585,5.853131871106029
5586,4.559492728818505
5587,2.5481923825493986
5588,10.0
5589,7.013243068113645
5590,6.768520881414491
5591,4.862884072711191
5592,3.6931692589528407
5593,5.833966750761156
5594,6.513471988103138
5595,5.609403561249737
5596,4.003322943336384
5597,7.662323712431457
5598,8.415378979178566
5599,5.2124354883275785
5600,4.8667269704564164
5601,5.001055964297246
5602,3.510003206339968
5603,5.257790718077723
5604,5.021024655673386
5605,7.222610573619443
5606,4.909980411445783
5607,3.538379890741036
5608,8.420844090320694
5609,4.413028065760832
5610,7.185222083288992
5611,5.092298724688278
5612,6.756417191380123
5613,6.0509743921072605
5614,3.3686632676402763
5615,5.688626798783315
5616,6.967771995878413
5617,3.951895790150774
5618,4.221773756797078
5619,7.206924928106874
5620,7.8466465594938475
5621,3.7951898765986094
5622,6.688389063357227
5623,2.753492594400158
5624,4.710875481852943
5625,5.4362166605398485
5626,6.41327920951467
5627,3.6349306636409655
5628,7.788546358997111
5629,7.602858500722728
5630,5.426833541694739
5631,2.928222943979263
5632,5.136703674522966
5633,5.764532023602858
5634,6.90682195098782
5635,5.681541777801765
5636,6.998017044539245
5637,9.35903218423703
5638,7.0020575937634195
5639,5.465674331353417
5640,3.448175061538826
5641,4.19661220075356
5642,7.692187635777119
5643,4.642106569914445
5644,6.148011799593342
5645,1.586463451229282
5646,3.7127853025399666
5647,4.842472560909817
5648,5.240027348607915
5649,2.767993895248806
5650,5.895353307044105
5651,3.228421942183012
5652,2.043143575082805
5653,6.766304148705503
5654,7.228059255767797
5655,6.177089283273811
5656,8.51691185459191
5657,1.2171754246191826
5658,1.848001725855789
5659,5.3848780093611435
5660,8.296235158045802
5661,3.7370563570923747
5662,7.960781770654924
5663,5.8978412631549375
5664,6.083065144911085
5665,6.730663403557717
5666,1.3018060470051103
5667,7.003940788596184
5668,2.176378339968744
5669,9.009911726465585
5670,4.284169212075288
5671,8.411297030005706
5672,5.033956916313221
5673,6.683432548670942
5674,3.587696291951193
5675,6.462636666897641
5676,7.323122134667558
5677,6.705411621946796
5678,7.115730806530906
5679,8.736842093930234
5680,6.957511723469027
5681,3.444675411374099
5682,2.1139196694156652
5683,8.435305100534372
5684,7.062621600647587
5685,5.572514353153807
5686,7.824471661819571
5687,4.354620552162453
5688,6.501575170406405
5689,6.2991470696337135
5690,6.713845715780021
5691,6.511300616012391
5692,8.203670773937866
5693,7.121464330092706
5694,6.503697090553723
5695,4.149659130153479
5696,7.056882876713611
5697,3.684799939320802
5698,7.111260879495999
5699,4.895827365878674
5700,6.894025843295262
5701,1.6071422589673943
5702,5.261221079619353
5703,4.64908736900315
5704,5.719429152870404
5705,6.223017865538703
5706,2.1279276226553248
5707,6.876813244477243
5708,8.091536354246488
5709,6.996289975230769
5710,7.29744181203043
5711,6.220797067390795
5712,8.382552670324383
5713,6.564713975051969
5714,6.455401031362265
5715,6.8805589864343855
5716,1.2405108049843503
5717,6.243559650649674
5718,2.8462198189499355
5719,6.396808243500858
5720,4.995403059255771
5721,3.979568145679979
5722,8.658220875851846
5723,5.128482165397512
5724,4.157314887684997
5725,8.247511635749516
5726,5.257969021628131
5727,7.5388377416083845
5728,5.250030499321313
5729,6.571009791530025
5730,2.584624568441504
5731,4.3908708587909455
5732,6.6466902852047
5733,6.562915156395008
5734,7.420313278981279
5735,4.763070859957812
5736,6.620180603847406
5737,5.510500725592768
5738,4.852794123603225
5739,4.208666008916708
5740,7.3913192201352915
5741,3.022983288905404
5742,9.680961440772041
5743,5.7293090832433835
5744,5.035461650571796
5745,6.979883763702074
5746,6.165732575080575
5747,3.3771747617096044
5748,6.157910095262102
5749,4.8070026768786756
5750,5.775571819799551
5751,5.447629575911079
5752,2.7944747753774126
5753,7.466796625811437
5754,5.988795258090435
5755,6.800956532580836
5756,1.4876868992729064
5757,4.651141924774259
5758,6.590927392492707
5759,9.484987920892342
5760,5.142009990388192
5761,6.222601122003183
5762,3.742016623172239
5763,3.7015808434127857
5764,6.698716578838058
5765,6.578802509112521
5766,4.108958241705323
5767,7.762530363424138
5768,3.322803529952994
5769,6.835996759195885
5770,0.12931811501380835
5771,4.918084482169313
5772,7.938336132438617
5773,4.742371970896339
5774,6.39552196494857
5775,5.476153295018489
5776,3.0201448345722626
5777,5.878807003443913
5778,4.695824036242745
5779,7.662277661969021
5780,5.575832986527516
5781,6.252390469457859
5782,2.3760149611299277
5783,2.746985273805888
5784,4.61223391754668
5785,3.1278596726000236
5786,7.8131429793731355
5787,7.617442521472784
5788,7.3889982483806484
5789,5.922721979518505
5790,8.493738412856414
5791,4.106478268419387
5792,5.468214018047548
5793,6.930157395346097
5794,3.6428816349531004
5795,8.895825194982828
5796,6.1357542070994695
5797,9.689924947528015
5798,8.785351764623808
5799,4.025325309722546
5800,6.583941093970617
5801,5.216571873941015
5802,6.039209201949545
5803,8.329871467797817
5804,4.371011505039007
5805,7.9067455753548685
5806,5.633705746980808
5807,9.47665015649922
5808,7.335651452476738
5809,5.751667866340469
5810,7.245260146194418
5811,5.236878627894884
5812,6.44077452576039
5813,8.881471013534563
5814,5.197783414366442
5815,4.937713290429589
5816,6.730498883579991
5817,7.1951468143728725
5818,5.471039918474328
5819,7.530323940743433
5820,8.210806497483826
5821,8.984103547711868
5822,5.894445691251564
5823,6.871717811691092
5824,6.919489105890973
5825,7.572210331942297
5826,9.3393507485248
5827,4.790406451790984
5828,8.738814497932896
5829,5.207795165613594
5830,3.052384029828318
5831,5.669493403708834
5832,4.25297374974094
5833,4.86794241533882
5834,6.097715154176379
5835,3.263764715443984
5836,4.665237467291959
5837,6.234009956726079
5838,6.437725325210429
5839,8.027926970293516
5840,4.97924083061511
5841,4.817238767578252
5842,7.770674248784594
5843,8.437925336080873
5844,8.474268258335243
5845,9.063801641030997
5846,3.239648442574448
5847,5.008728711914287
5848,7.4898832378715055
5849,5.759676743056995
5850,4.591800566503786
5851,5.670671503347402
5852,5.534459272538315
5853,6.934071975435671
5854,6.941060948738589
5855,4.555659091094662
5856,7.217959390004934
5857,6.516472407852836
5858,8.931937588756389
5859,8.338912378789896
5860,6.563357960676686
5861,5.428594673082608
5862,5.26494296110742
5863,5.297093846986308
5864,8.67284278604532
5865,6.422412344561043
5866,2.433466125213432
5867,3.4707196400707323
5868,3.5904891957499343
5869,6.500699985181962
5870,2.268857688890732
5871,5.746128045716569
5872,5.557682046036249
5873,6.826289921600487
5874,6.741735582181614
5875,6.426286221764835
5876,3.7369641627722947
5877,6.470674824451547
5878,5.650831445908429
5879,3.53906566923827
5880,6.334241906270405
5881,5.515675326607541
5882,2.526316668059877
5883,4.751071314127571
5884,7.086992066154526
5885,4.5701202553926095
5886,5.6515663607691256
5887,7.751044997484316
5888,9.22071331829081
5889,6.209524139767375
5890,7.070824538926776
5891,5.10182329187151
5892,6.524276488088576
5893,8.429629961746775
5894,5.575880967872852
5895,7.790698607154611
5896,6.027865427260545
5897,3.9670459237552707
5898,7.309875289098778
5899,5.744445050998532
5900,6.68249244134394
5901,5.806191068664964
5902,4.385403628307532
5903,6.7384706805474455
5904,8.768992481022034
5905,7.263040756254596
5906,1.3605590824826583
5907,5.585271044731326
5908,6.456107505451059
5909,4.280102620271861
5910,2.633450156566434
5911,6.2394862625016465
5912,5.614674013398793
5913,6.66336817330011
5914,4.155799613567532
5915,6.845587018489786
5916,7.477272345947242
5917,8.543830281058213
5918,6.757349159402101
5919,4.065813460374973
5920,7.390251938373149
5921,6.432701466241078
5922,5.858724166164722
5923,4.842345665863793
5924,9.804638191507564
5925,8.728426491272579
5926,6.327026764835632
5927,7.520932459211951
5928,4.052134572088229
5929,6.4280890382537
5930,6.575064628921657
5931,7.378004189228324
5932,8.015596646925928
5933,4.94736073828659
5934,7.9637026787030285
5935,3.883670985143195
5936,5.715234479898078
5937,7.151768294158497
5938,4.910397318872326
5939,6.420480746468308
5940,7.635073825351737
5941,7.43554336269004
5942,3.9120161644909417
5943,5.882894468870038
5944,7.3522259562400425
5945,8.679495195559669
5946,9.737853295889142
5947,4.804206580834625
5948,5.217289107197142
5949,4.59865054198526
5950,0.15646061512275206
5951,6.0232406649987364
5952,4.127856520782835
5953,4.874900359258421
5954,7.627099579400946
5955,7.414509106173117
5956,8.79546593243697
5957,7.939710756826048
5958,5.649393513579476
5959,5.831870681740093
5960,5.132102341041785
5961,7.970103162601913
5962,5.115637963786781
5963,3.8167247119593544
5964,4.33501361063276
5965,5.704621362198024
5966,6.434930107697125
5967,8.497956864686778
5968,3.1118556869193066
5969,4.98120876826691
5970,4.874254461038194
5971,5.427480866945446
5972,8.906875117839808
5973,6.289263109698512
5974,5.83300724386387
5975,8.072902691034109
5976,7.411877453044642
5977,8.870468478765428
5978,6.282649941237283
5979,9.336285834526748
5980,4.905881395944432
5981,7.109579425235478
5982,6.500245460110449
5983,7.299816638712571
5984,6.475371448270425
5985,7.55483895466203
5986,6.643949197485563
5987,4.9577931254087435
5988,5.54344839758543
5989,4.635646706234493
5990,6.340073882753819
5991,9.096400447804726
5992,5.680992831955309
5993,7.58264380242253
5994,4.213297147261193
5995,3.2410353684547317
5996,5.7162890533662996
5997,5.814196627587556
5998,6.221688185001809
5999,5.365685416976162
6000,6.206244619369325
6001,7.630560984139424
6002,6.39809134127051
6003,4.621747458056899
6004,5.062151678750233
6005,5.999626711222975
6006,8.977392213399206
6007,8.579921743809836
6008,9.421517960070059
6009,5.159898118209753
6010,7.223722696125323
6011,6.07934985876044
6012,1.177904560472076
6013,4.176192420935718
6014,5.724103500269528
6015,6.316257010754191
6016,8.303987613861665
6017,5.5568196449363105
6018,8.69257326374508
6019,8.17073349967162
6020,4.172606139296773
6021,8.980837455236424
6022,6.589810881007344
6023,3.9948702198549046
6024,4.608454496252446
6025,6.056554392942754
6026,8.29527876244663
6027,8.517822420509942
6028,3.825346578406883
6029,7.587780831270074
6030,6.959355912524397
6031,7.491797365429834
6032,9.881337849258621
6033,6.719048931426316
6034,4.931230706208584
6035,6.2282781980395825
6036,8.664679378912622
6037,7.917408228635051
6038,6.460936645419364
6039,8.43458597609141
6040,3.8459339762816733
6041,7.249854687173563
6042,7.311894176165817
6043,8.852568534484549
6044,8.285566113529448
6045,6.18584757763464
6046,6.54613745526964
6047,1.5930835646514754
6048,3.7719112526525356
6049,6.799421790155907
6050,8.387855347826207
6051,3.85904241604499
6052,4.877513748423194
6053,3.3497388677388087
6054,7.326776311111125
6055,5.099099005333023
6056,4.218509736336797
6057,5.105249330224134
6058,8.858455331321613
6059,4.543438107421481
6060,1.5504305429444996
6061,6.819899514969023
6062,7.536661885721134
6063,6.459078474151236
6064,5.405893924383488
6065,5.467654283936226
6066,7.088067627791686
6067,3.7574861909303148
6068,6.9592936632043285
6069,2.2969538027160343
6070,4.052592485133713
6071,6.313293860967061
6072,5.394843517259194
6073,4.317156687582777
6074,6.004548840424735
6075,3.238178641279286
6076,6.127433889640685
6077,4.5762803097979505
6078,6.42338391022476
6079,3.075394803837663
6080,3.5874090411083266
6081,8.537325603119164
6082,3.493771796002317
6083,6.4053213686360255
6084,6.407990481399146
6085,5.337826375591337
6086,8.007250238305621
6087,5.298930854994908
6088,4.755269810420004
6089,5.62066257264646
6090,5.460540120994024
6091,5.127016842716214
6092,6.463036079193359
6093,6.3442648211762585
6094,7.485695427177072
6095,6.65211455015552
6096,7.91457396839021
6097,3.8379213471428475
6098,7.6127335795275375
6099,8.145832001202859
6100,4.807353470468535
6101,6.347898025424911
6102,5.814826901604648
6103,3.589075893438603
6104,7.4330626325873315
6105,7.9381515966823
6106,6.647241812061384
6107,6.827771871501969
6108,5.669818394779477
6109,9.190115641235293
6110,2.9259059044854276
6111,5.998471768241403
6112,5.204298279785067
6113,6.078348491844353
6114,5.074187621152121
6115,7.276963064827044
6116,5.08362239084856
6117,8.269285275291717
6118,7.851616715632755
6119,4.837713395858032
6120,4.310470269645898
6121,8.606484521243758
6122,3.710493421075598
6123,3.050736149096773
6124,6.683443371336589
6125,9.680370302642775
6126,7.847156958612786
6127,8.665279096294265
6128,4.557875486827544
6129,3.4005501347250875
6130,4.9777000698159375
6131,6.516152145347557
6132,4.720222379306372
6133,6.351175793696914
6134,7.79170769089426
6135,3.006137590675494
6136,4.000795790698952
6137,4.586924539136726
6138,4.549355464837059
6139,4.934110973789891
6140,6.276330668966543
6141,4.849126388127127
6142,5.5640415259129625
6143,7.935189975101061
6144,5.857907363569014
6145,5.281187776522898
6146,6.990389691408825
6147,6.814657654890073
6148,7.435480461409226
6149,4.655458056142604
6150,8.046225221183233
6151,2.7768974595174996
6152,6.9209027913633445
6153,5.835667366586126
6154,6.07611958196874
6155,9.292678332472775
6156,2.9863806801946273
6157,6.466118679764725
6158,5.296174813168068
6159,6.184235237276013
6160,5.161714017763898
6161,5.2635544181640475
6162,7.390092973190159
6163,6.377984760889935
6164,5.269092534966288
6165,3.442165841116385
6166,6.5334050070981995
6167,6.872162576775352
6168,5.806493181054364
6169,3.759385386061673
6170,6.510974300645762
6171,4.201958667389871
6172,4.848478469408071
6173,5.56422675711842
6174,3.6552582718721642
6175,5.883498491689328
6176,7.737424696255616
6177,6.970110758047857
6178,7.752493942074303
6179,9.172154982418936
6180,7.530763354224654
6181,3.1602520701323793
6182,5.101656287748192
6183,1.972972126191639
6184,4.179130752775166
6185,3.9092017993664787
6186,7.533502599198374
6187,4.285217909423115
6188,4.434124196793589
6189,9.715835385937133
6190,7.033435093615901
6191,6.483932519658902
6192,6.238164796739954
6193,6.781998801408957
6194,7.305910193454301
6195,2.2276136269895055
6196,4.642612030952842
6197,4.836934990977185
6198,4.785253138030867
6199,7.582358481228692
6200,7.934345624290433
6201,5.397985835155169
6202,3.786973567526428
6203,4.413527034512072
6204,3.1993582890917454
6205,7.599419482972701
6206,7.208897032359733
6207,4.010463217233697
6208,7.775851977245453
6209,4.2448234632170205
6210,4.979767309657836
6211,4.4264883387869265
6212,6.080118394938191
6213,7.2322519378627375
6214,5.853552063647545
6215,4.43632289083277
6216,7.659445263979504
6217,8.759840691463454
6218,4.562006403326508
6219,6.396085541746908
6220,3.6188610121341234
6221,5.672121833661525
6222,4.422855157818379
6223,5.797832322091031
6224,4.54199646503621
6225,6.179497739042962
6226,7.381844730421085
6227,4.8601373227455165
6228,7.150388243156114
6229,5.466619807981112
6230,7.491638071717592
6231,5.6911885927291275
6232,6.043854080934429
6233,9.510438853427324
6234,8.070837234658653
6235,7.339366978088604
6236,5.13503507975043
6237,6.7092230307339475
6238,8.952889329116852
6239,5.057654628400173
6240,7.190154582295194
6241,5.100481204111621
6242,5.805502777076704
6243,4.426090533546013
6244,6.280936496273269
6245,5.106120245218675
6246,7.983600280051191
6247,6.040874477960642
6248,9.062998014110793
6249,5.104181801436545
6250,2.781584423244678
6251,10.0
6252,3.995485909519279
6253,6.567378203652416
6254,5.515054602542933
6255,6.9405322639262765
6256,5.593542042909129
6257,5.7039825183468
6258,4.243101320997688
6259,3.3115462180123325
6260,3.1357162389028317
6261,6.046551592073735
6262,8.63376535138486
6263,8.541890794293659
6264,5.9718156777299
6265,6.7802742461895145
6266,2.5830042499314008
6267,4.652742191696121
6268,5.017359271832607
6269,6.440811107950047
6270,5.802415452032395
6271,4.163036132267974
6272,1.6156573931860183
6273,7.581873174242168
6274,4.4034086238663575
6275,4.545912409508396
6276,5.374369441199723
6277,4.955687049784871
6278,7.198884590988485
6279,7.18718503185123
6280,6.6287581753555145
6281,2.6897362644008362
6282,4.762347241558396
6283,5.743550237715449
6284,7.237026454048617
6285,8.035546658089864
6286,4.273047053303005
6287,5.253380692040422
6288,9.123051129076394
6289,3.4207834091686404
6290,6.334322052463783
6291,3.72737402301699
6292,2.5849641373276495
6293,6.10308167023817
6294,5.999614994924103
6295,5.810392195572044
6296,7.75095021484631
6297,6.619172550481991
6298,6.710710922730063
6299,4.233538934165447
6300,5.15468274040636
6301,4.657537092169886
6302,5.875550595367797
6303,3.8680222514199265
6304,3.5317068154209883
6305,6.967124112240054
6306,6.195691358624586
6307,6.785372678998849
6308,4.915628547203331
6309,5.282133277515645
6310,5.170638072485913
6311,8.591948944294227
6312,7.134752978369204
6313,2.923606009544466
6314,7.194291525264904
6315,5.012657631777494
6316,7.949132534286448
6317,9.439251500522891
6318,3.539270053847201
6319,3.9069768497423025
6320,5.3176014589984035
6321,5.084790164453836
6322,7.880188937636903
6323,2.845598704034876
6324,3.880904183764939
6325,7.12531912943546
6326,6.3536076985436445
6327,4.452289452215485
6328,5.057465110638251
6329,9.159619351809921
6330,4.910729626711549
6331,7.02055839746323
6332,6.37934836720769
6333,8.052366609672546
6334,6.8290305751311
6335,6.01297616675169
6336,7.1243401704421325
6337,3.274956080416601
6338,7.573900629522545
6339,2.7566667166220475
6340,5.31511982960925
6341,4.668764287906245
6342,4.830679097527524
6343,6.986896815917366
6344,1.5871761094249708
6345,3.493360856499147
6346,6.930301019077075
6347,6.323388761049771
6348,5.441331000699572
6349,7.201050841566968
6350,6.842972121287603
6351,7.868051032853063
6352,2.382702538633066
6353,7.117419107702072
6354,9.294155940771395
6355,7.225066635812028
6356,5.493356945119522
6357,4.330256826781625
6358,6.203778888014126
6359,6.718024481320423
6360,7.510018212895915
6361,6.203948246093658
6362,9.375316593060376
6363,6.789213959339213
6364,5.51815599286947
6365,6.491105528539094
6366,7.9609134739378735
6367,6.535632754720225
6368,7.704268424121582
6369,7.777897560853976
6370,4.396242651520026
6371,8.214478145202365
6372,3.8792855274489444
6373,5.616850054265025
6374,9.028149044943227
6375,8.821908879602496
6376,4.667005916762656
6377,4.4356628176900355
6378,3.50235265836918
6379,8.986986683017294
6380,4.348205311956912
6381,1.687110210582025
6382,2.1676392635956088
6383,6.9759483722656075
6384,7.201158893337992
6385,8.085427898740045
6386,7.674201406771019
6387,5.427942817569754
6388,6.17347726142043
6389,6.0818051081696805
6390,8.801198638420015
6391,7.335140314473802
6392,4.330661879979294
6393,4.483939592118064
6394,3.309125464574073
6395,6.142133898372267
6396,4.323839948895648
6397,4.793953157945461
6398,5.626441977468649
6399,5.240268816156008
6400,7.367316198503248
6401,6.804691103747737
6402,7.690471270873112
6403,8.281963479808379
6404,0.9781452071535884
6405,8.537044077667948
6406,7.159965662860769
6407,5.269018054439367
6408,7.781545103455015
6409,6.386562202729977
6410,5.708879974168279
6411,9.283538207105968
6412,4.190647399632573
6413,4.352297848239732
6414,2.319434611223164
6415,4.173644586858476
6416,1.6753159277768046
6417,4.265415968014412
6418,6.321797662615062
6419,8.904823314671923
6420,5.939154398814239
6421,9.626158987671996
6422,7.796321284768763
6423,6.415554529744956
6424,9.632577392320684
6425,8.419840725470534
6426,4.860190204978461
6427,4.8788117502806685
6428,6.417672754124233
6429,3.5250607132372815
6430,6.4269765463814075
6431,3.467474954022487
6432,8.017966858388235
6433,2.9640657513555397
6434,7.556059005374684
6435,8.527769620199624
6436,4.558306055128197
6437,6.8422346240079355
6438,7.541747596510689
6439,6.112650522837454
6440,6.069397499837906
6441,6.365036283750092
6442,2.471373016306494
6443,4.135476802900029
6444,7.604966340378248
6445,8.061902980513091
6446,9.785468403733274
6447,5.864873865524417
6448,4.752887669399011
6449,4.526804622893959
6450,5.97468952808483
6451,9.056534630385539
6452,9.948328969888706
6453,3.9541261001181307
6454,6.809476885537944
6455,7.462441643964467
6456,5.701017252776607
6457,8.348306414976811
6458,4.503417583968805
6459,2.9741916353830837
6460,6.436105713539018
6461,8.197992051869052
6462,7.810162268279164
6463,6.626170393260418
6464,8.019633529741885
6465,8.617082235838302
6466,5.072990372483487
6467,7.0965411918312
6468,4.190356312937442
6469,7.113692259416415
6470,8.599997039310527
6471,7.152175014700548
6472,4.91947834213663
6473,3.845791944485591
6474,7.36882252214506
6475,5.2440363328634385
6476,5.048900009755181
6477,8.45879135205215
6478,7.190253639995791
6479,8.228632390290848
6480,7.9901558271219395
6481,6.376443642027046
6482,5.060070713660397
6483,5.848531128970708
6484,5.883341416277047
6485,7.629435646915207
6486,5.192719065491101
6487,4.084794310652515
6488,10.0
6489,5.4178917131614845
6490,2.7432756237438647
6491,4.725143686415778
6492,5.887581070529879
6493,3.130212065146603
6494,4.589677201134162
6495,5.321429764429575
6496,7.559528040127979
6497,6.020214137267038
6498,5.964892452160499
6499,5.852098113281992
6500,8.889503578849618
6501,2.7200056269323887
6502,2.4180785069631314
6503,7.90176962008996
6504,9.22599931514818
6505,4.658045081496124
6506,3.9106232702619916
6507,6.7116328294357555
6508,5.517817022875461
6509,6.298526372320256
6510,6.7857680708166175
6511,7.428426329464173
6512,6.617406906524253
6513,6.348644315631064
6514,4.331683776054074
6515,3.932544527550195
6516,9.443477329906683
6517,6.217822892631885
6518,4.800306687451486
6519,6.16276306203746
6520,7.71256168292543
6521,2.85883573359293
6522,3.8926160798344354
6523,3.2788189065081
6524,8.454196009757005
6525,7.938615460694816
6526,8.819403416378275
6527,4.409985918234398
6528,6.405753586225479
6529,4.224014871956531
6530,6.275444369033498
6531,7.491608788157638
6532,3.1816004598228593
6533,8.740599969784517
6534,5.445923338159583
6535,5.894220566150984
6536,6.66083123708541
6537,6.510733102172189
6538,5.007745558312175
6539,7.057094517873127
6540,5.96756129569278
6541,6.75690490097228
6542,4.363139633709386
6543,7.311732793765924
6544,7.021833591044312
6545,6.028067352869263
6546,8.254144048669183
6547,3.8697426743338936
6548,6.1952753385269395
6549,3.6560821330449844
6550,6.778895187045179
6551,3.2393343752714765
6552,5.2986256400442935
6553,6.7588720543058285
6554,5.606502841325595
6555,2.259107858318842
6556,7.5151675370326005
6557,2.5801029879636963
6558,7.239765186699785
6559,6.6316296126585215
6560,4.392903469620605
6561,6.343622266372954
6562,5.156496482751488
6563,5.741719806368431
6564,3.3852313129316665
6565,4.384839937692585
6566,9.192636043463835
6567,7.900169527901845
6568,7.434012927251722
6569,2.6912555570170147
6570,7.613908661633814
6571,7.491024379193278
6572,2.942033204826091
6573,3.98973727552534
6574,8.00183063856247
6575,5.932355081886691
6576,4.590816916776048
6577,6.7752854180583855
6578,7.776796760679116
6579,4.568552020570778
6580,3.767203553765805
6581,4.111007835145909
6582,8.631034351708852
6583,8.793230973554476
6584,8.378761310458042
6585,8.752155205460829
6586,8.336546441834624
6587,6.5923030368726785
6588,2.2397323876234507
6589,5.795605220251046
6590,5.9323204522899635
6591,9.379655925657524
6592,7.738383211620962
6593,6.407775101853832
6594,5.781223072597464
6595,6.806989071590792
6596,6.317151977431477
6597,6.095957174356674
6598,7.139677224577963
6599,5.476188303157266
6600,8.362031626382098
6601,7.720879687000505
6602,3.9588791941324106
6603,7.726869827801995
6604,6.7426301671907085
6605,6.535521343693597
6606,7.59672864229191
6607,5.098952256899351
6608,6.842058687689361
6609,2.489947932560819
6610,0.33939284968512046
6611,7.150322818268115
6612,6.155244649226844
6613,3.804089589309507
6614,2.657466651418122
6615,6.529329096099787
6616,4.6333502384104
6617,3.640786743267259
6618,7.5213777992566255
6619,2.8054032891387646
6620,2.1160634920330996
6621,5.183191197207686
6622,7.975530996338868
6623,6.618390068222325
6624,4.131972317092045
6625,6.9778409095884175
6626,3.5041600686186998
6627,7.908425510347781
6628,4.504910433674407
6629,7.641167865291719
6630,6.045925686428425
6631,6.743933736289676
6632,5.847175128836969
6633,7.960816032071102
6634,7.380032345383873
6635,7.539656402793178
6636,5.43909088396208
6637,2.0205428754686943
6638,4.278569659915225
6639,5.434263440299391
6640,5.6547382947196745
6641,6.673974870706638
6642,6.487563862780383
6643,4.225452358060114
6644,5.816172503616101
6645,7.5663598108680015
6646,9.098007334768182
6647,2.9331907008905134
6648,3.6256697946137106
6649,5.743816251800078
6650,4.615890838309252
6651,5.396292472817164
6652,8.722782955423217
6653,6.1888873957252795
6654,9.27835385941
6655,6.192102637672497
6656,7.207969512667552
6657,7.546161580746877
6658,8.106693236535303
6659,3.291707346482862
6660,3.692660069275605
6661,7.341398971114213
6662,9.423218418737953
6663,7.88308034187918
6664,6.6729359359781215
6665,6.09424196545671
6666,8.608420825328285
6667,5.865581005590902
6668,6.188260089549912
6669,9.479028885295191
6670,6.249065602792942
6671,5.907758415933646
6672,5.042130296394715
6673,5.9840990850715015
6674,7.362098944869385
6675,6.291219461582971
6676,7.308225255640711
6677,8.767536120434283
6678,7.261770241406692
6679,7.166256419341792
6680,6.88498807707701
6681,4.945500887074806
6682,6.735529740973528
6683,7.077745624639313
6684,5.744010472802672
6685,5.6022812751848114
6686,6.335939405788143
6687,7.278364837733952
6688,6.116798254531015
6689,7.113923648527592
6690,6.712249648740627
6691,6.327390772274702
6692,9.1714219228164
6693,4.067831297995755
6694,7.547591763647008
6695,6.866044164515111
6696,4.382992139165132
6697,5.661179325809978
6698,5.854208238216893
6699,4.523556257683707
6700,3.766438117604107
6701,4.129729922899584
6702,8.655915820863582
6703,7.742908011717995
6704,6.771759274697921
6705,7.33958907278774
6706,9.41814479994936
6707,3.9102515195105982
6708,7.9020759111495815
6709,3.360494697285011
6710,6.953960962683271
6711,8.136842715254344
6712,7.725866706728699
6713,5.099267923335082
6714,5.784315438483042
6715,4.527858647128266
6716,6.96347032797935
6717,5.4866184882572
6718,3.574250319625753
6719,6.617909397524075
6720,6.130588591138496
6721,3.74496260473528
6722,4.577057862810743
6723,8.66942816978687
6724,8.789415018732862
6725,6.0543764474949775
6726,1.9302973399936016
6727,7.466837701830377
6728,3.0474146211070026
6729,5.430657204683591
6730,9.171440833899226
6731,3.808595577347964
6732,4.503783296051319
6733,7.212108481992138
6734,7.875673318747159
6735,3.4567132073359885
6736,7.610174007704342
6737,4.90565072053014
6738,6.027347452299776
6739,6.315196545035735
6740,7.179340504208378
6741,7.270656402839465
6742,8.988088093415048
6743,5.608083753511588
6744,9.036625384267412
6745,1.361810300257868
6746,5.81016824933226
6747,7.96700099903325
6748,4.00658136141704
6749,8.752679671268275
6750,4.910394262679451
6751,5.407195547842923
6752,8.923197966246757
6753,7.046216262361296
6754,7.173632214629087
6755,7.347269597734087
6756,5.185081358498455
6757,5.0628991543520625
6758,5.294450018442939
6759,2.2244106997741797
6760,7.2527928149874406
6761,5.229696257763755
6762,5.757657563277223
6763,7.228453197012525
6764,3.822057035722849
6765,4.183572811282382
6766,2.7563574952949716
6767,8.140736820692517
6768,6.5803105330842335
6769,5.594048041625811
6770,5.746013287956867
6771,4.158544331797083
6772,7.971522303356595
6773,1.2914439790148962
6774,4.709192579083553
6775,6.9045202635099105
6776,2.9722732905874953
6777,6.7179487990722455
6778,7.110684239581168
6779,5.651779282653321
6780,6.57359922549451
6781,5.50212743374048
6782,6.902241740867598
6783,6.028421527898371
6784,4.81050024009952
6785,6.382740083415987
6786,6.165024632463149
6787,6.607710443496065
6788,5.786454685051843
6789,2.5669354452445723
6790,5.059281119977174
6791,3.934228878485962
6792,6.872056203017125
6793,6.152901974089093
6794,6.483747769000992
6795,4.689331336268679
6796,8.303389265995595
6797,5.6469872635580876
6798,4.237120839089078
6799,9.046545305278231
6800,8.25965837090857
6801,6.030683370766825
6802,6.1859806579714425
6803,8.416950617117497
6804,5.6787273938747544
6805,4.989990164439061
6806,2.9561002667737584
6807,3.207523045480642
6808,5.131364029882094
6809,7.179614936392636
6810,4.6314591629672925
6811,4.6045476203067075
6812,6.069818872647224
6813,8.9411178669284
6814,6.538214520745162
6815,2.780659748633883
6816,9.367505661111402
6817,3.7637372807795044
6818,7.190574763787742
6819,6.274117487775345
6820,6.325367719554589
6821,3.144568314084181
6822,1.6914628362266695
6823,6.98698601245684
6824,3.4614879077870673
6825,6.225176777185844
6826,7.430114347444322
6827,9.43776779625407
6828,5.508279207291462
6829,4.381970797521678
6830,6.112514677275153
6831,8.395744383191369
6832,2.4147268525886427
6833,7.569685048545856
6834,4.732645514777599
6835,7.19945843155803
6836,7.314065123668072
6837,9.933941887593798
6838,4.118411520168498
6839,7.781727375164928
6840,4.9006900407582155
6841,5.989946403046911
6842,7.601261235159397
6843,1.8050397557357671
6844,5.456952324674534
6845,7.814608661698653
6846,6.523418527722847
6847,4.969299890822321
6848,6.711989289470508
6849,4.327531096066427
6850,5.193830846580432
6851,3.2814942011680377
6852,5.521483299073674
6853,5.730731937530762
6854,8.893308764298395
6855,5.482408099529554
6856,2.4793760062238954
6857,8.832589184454955
6858,6.9361206098988095
6859,7.74709564342802
6860,4.292424731971479
6861,4.26944056417213
6862,7.7502261202281915
6863,4.527060212971968
6864,3.7414096854088794
6865,6.70106734769473
6866,3.302362122693597
6867,8.823977018206905
6868,4.796743484005418
6869,7.644113138531616
6870,5.193079116605997
6871,6.367522973250557
6872,5.21441806894275
6873,3.368761816414139
6874,8.6806849092273
6875,4.560531573016397
6876,6.727349770727116
6877,6.426823887296548
6878,4.546409292934548
6879,4.23927294838207
6880,7.564953549066908
6881,5.4125066369364685
6882,5.946050427434806
6883,5.917762820251807
6884,8.353731006370893
6885,7.99551274692103
6886,4.058701734438548
6887,5.281913403081758
6888,4.9987653429542105
6889,8.132364349305206
6890,3.6921566726806065
6891,6.512647729084141
6892,7.640799367023882
6893,5.507878994814685
6894,8.394791018105233
6895,7.7311703822681945
6896,5.44776826700931
6897,4.076111525586742
6898,8.394148598192121
6899,7.15268864144434
6900,4.369694976409039
6901,9.737761288964242
6902,8.467370644825182
6903,6.786351009068514
6904,5.135847412154341
6905,5.8394159614239545
6906,5.916729873945897
6907,4.35369078900485
6908,7.749506548016129
6909,8.240500643256135
6910,4.253157709302028
6911,4.735044978806822
6912,2.6570394148901797
6913,7.191023220744208
6914,6.66255915646403
6915,7.152494432771761
6916,5.5120282304634545
6917,5.885399918398155
6918,7.298502244394487
6919,5.991559928750795
6920,1.9650359741967154
6921,5.239105744822842
6922,8.630168220280442
6923,7.413450483347118
6924,7.478389066975416
6925,6.324032849438699
6926,2.654192763488401
6927,6.226274238872141
6928,7.738574740543938
6929,7.448454910798819
6930,9.090768494332847
6931,5.446883675187546
6932,7.227245565795732
6933,6.223118180035369
6934,6.339244771740233
6935,9.532811740770265
6936,3.079537113627743
6937,8.779892172672529
6938,7.975180961986842
6939,8.235253551886823
6940,2.6191443059973567
6941,6.471133339918666
6942,3.9864738080249027
6943,3.8543039863658346
6944,5.061272168552413
6945,4.403809555088211
6946,7.142203128560274
6947,4.710547531293985
6948,4.5539454339144525
6949,2.9789438759664977
6950,4.8829482623450815
6951,4.571767876240121
6952,6.209170752715767
6953,2.5107382405735055
6954,3.6570852531460694
6955,7.028656503560371
6956,6.879475138904707
6957,7.363153667094348
6958,5.846437223364246
6959,3.9896520088942284
6960,4.367708772468955
6961,5.701676515304211
6962,8.1124905678599
6963,7.443179710266556
6964,3.717994232273821
6965,10.0
6966,4.932724126343417
6967,5.500138173195673
6968,2.72429523471801
6969,5.7033414020961235
6970,7.274916451150686
6971,7.212418459230138
6972,4.1460508752284415
6973,3.3621260592587414
6974,4.306358468466166
6975,5.887665817175582
6976,5.93528815265992
6977,6.162657054419016
6978,7.65380955141804
6979,7.915112351103964
6980,4.13329758897718
6981,3.3103424840188356
6982,4.460109310765173
6983,5.304168483296018
6984,6.481129195384318
6985,7.898310449754156
6986,3.8501019853939917
6987,3.027334082712435
6988,9.044908158862729
6989,5.516824999434312
6990,3.6672530552525524
6991,3.2960058152557745
6992,6.858574352680686
6993,4.4771998723772315
6994,5.8826220008966965
6995,5.106495160943541
6996,3.1462667655783587
6997,3.6291851411840508
6998,6.853305026129261
6999,8.104852501619945
7000,4.362375641826389
7001,8.090493026643284
7002,6.864214679069847
7003,4.317758317879075
7004,7.866377345207706
7005,5.88555402101482
7006,7.434393598783165
7007,6.333989160944012
7008,8.307001001389306
7009,6.893382477252976
7010,6.397211642679586
7011,2.7737666247174655
7012,7.16193313081486
7013,9.444044600136412
7014,3.2891377547634684
7015,4.509797368931982
7016,6.421778914419845
7017,2.7499831820235965
7018,7.439377158164972
7019,5.6265555272241725
7020,9.192794903010789
7021,4.001530121114268
7022,3.049097445977353
7023,6.315944926709037
7024,4.97689229294686
7025,2.9395831848160134
7026,5.0938729060157355
7027,8.21709378919071
7028,4.329404308215169
7029,7.693410060717045
7030,7.865800198075763
7031,8.684486066790734
7032,4.019133603601823
7033,6.701438713703816
7034,7.0817601745609275
7035,6.026292564420325
7036,7.546306672829651
7037,7.52276019092973
7038,8.240571687982287
7039,5.924262032086363
7040,8.700447280809556
7041,8.778628458830969
7042,4.886677317799311
7043,2.819770280174587
7044,6.095471802824285
7045,4.681106687347574
7046,9.24818460506659
7047,3.2687560126942614
7048,5.061319350271101
7049,7.948843875353504
7050,8.862962906515197
7051,5.761457189430326
7052,7.151849132296997
7053,4.5592362162075935
7054,5.140292310818698
7055,6.486408342805906
7056,4.281770063884452
7057,5.102984072201952
7058,7.116300447845401
7059,8.046946972813528
7060,5.570638608761651
7061,3.5805586227109423
7062,6.028527898247152
7063,7.932920092855774
7064,4.3239853650151945
7065,7.165241917459297
7066,1.4550823558602546
7067,4.286917317730502
7068,7.328278615005265
7069,3.8608594041948128
7070,2.788994446850103
7071,8.315857763205052
7072,7.426585724211457
7073,5.023915692640701
7074,5.025179367124534
7075,8.574648049672376
7076,9.458009422910871
7077,8.327421770324866
7078,6.351475610207402
7079,8.400763896472858
7080,5.171310485083848
7081,6.469238258288722
7082,7.6403694715117165
7083,4.241236518555661
7084,7.013647369411336
7085,3.4388016027646406
7086,7.822149237759498
7087,6.478263899929363
7088,4.085925222056458
7089,6.851378215346551
7090,9.535957642997573
7091,6.256188381459474
7092,4.620126527172254
7093,4.970700380876398
7094,9.02738453107799
7095,4.296857276771477
7096,4.750221897651688
7097,8.076846149113704
7098,4.682777482929482
7099,7.742059544425601
7100,7.097307409448792
7101,6.081097796472856
7102,8.173099030906391
7103,6.876128230990421
7104,7.71546419563255
7105,6.087998303188039
7106,3.220427039531272
7107,4.689957061488475
7108,7.2591065719474805
7109,6.517171061350066
7110,4.175514218736687
7111,5.4932558519412815
7112,4.104071531517383
7113,6.5199257595365525
7114,5.93245468432413
7115,8.407731876416841
7116,8.845554312944122
7117,4.955387775339287
7118,6.233295240543541
7119,7.717101362459695
7120,4.8358102656571855
7121,5.322141467937817
7122,4.829392253247162
7123,4.713272322751706
7124,3.8183729208046415
7125,5.2347201722204195
7126,7.802406781415137
7127,5.343440434853541
7128,7.182119857520428
7129,6.659138815848024
7130,7.291992887574099
7131,7.138907962053298
7132,6.6639245879859805
7133,7.3761710603717985
7134,7.313660033260341
7135,6.400595536367449
7136,4.295984162781127
7137,6.099138486625052
7138,5.006384639690019
7139,4.536640404578559
7140,3.9841609072599535
7141,9.623987086973804
7142,5.384357781801854
7143,5.20564687567412
7144,3.2388262236303778
7145,5.3989790725500075
7146,4.696285767024942
7147,7.9412467919877665
7148,5.581909881239626
7149,7.295657595313048
7150,5.779586038178544
7151,7.802461757893662
7152,6.43861154090554
7153,1.7337674462746941
7154,9.11194015359641
7155,6.812846535522964
7156,2.069779237676824
7157,4.758392843695135
7158,4.186126986632942
7159,5.550984586110349
7160,5.22832495970739
7161,6.678592177434646
7162,5.996309989732771
7163,6.318076728762581
7164,8.468669870211006
7165,8.58119725172533
7166,3.3916744596620814
7167,6.428027439886991
7168,4.448005577747648
7169,5.539189441760824
7170,6.552364051814417
7171,4.46303714727071
7172,6.259400626518158
7173,7.836897651849221
7174,9.12532480417986
7175,4.2203321970426915
7176,7.397548400000093
7177,3.7096283096452742
7178,8.316297377893726
7179,6.473668095180369
7180,4.896284901299791
7181,6.533496944314377
7182,5.845806344329279
7183,7.709751357526916
7184,2.0725448483844042
7185,6.353474452427586
7186,7.298174359379833
7187,5.267851147262949
7188,2.5008142104792586
7189,5.941915499933363
7190,5.311515638765101
7191,2.989094220126498
7192,8.636903889527582
7193,8.32746883856471
7194,3.383765626351487
7195,7.605253563504234
7196,5.921818499583007
7197,6.807092982317984
7198,6.1066640945858
7199,7.8421390900048396
7200,7.346234749197853
7201,5.5506711508664655
7202,6.44598281771649
7203,6.288770225891716
7204,6.2074763440838145
7205,3.0486266561730098
7206,6.75044758981656
7207,5.827669975508784
7208,6.326253169911158
7209,5.999072282865113
7210,6.863220336215625
7211,5.658223938299099
7212,5.166817797412589
7213,5.669196915432952
7214,5.937634322021373
7215,5.178068177994112
7216,4.204805245937635
7217,7.29621018119972
7218,5.637065223575913
7219,7.922059620408489
7220,3.9326788690198606
7221,7.318359272994593
7222,4.589514794706378
7223,6.774614916460202
7224,5.994158484021136
7225,7.22359550361634
7226,6.7084196622673185
7227,5.903119812876934
7228,3.7388842128964708
7229,8.446197869985708
7230,6.2759473151061504
7231,3.0548235038439757
7232,7.473368086477767
7233,8.212979717388068
7234,2.810093019385337
7235,5.344472668620815
7236,8.132849242780196
7237,5.9552518651090125
7238,8.473122780663047
7239,6.059337103998603
7240,3.5932476720115227
7241,4.009121940609842
7242,8.345933010448366
7243,8.908651379004231
7244,3.113154049679515
7245,3.875053952652353
7246,3.4438769823874553
7247,4.095239605041893
7248,3.725092057883638
7249,5.732254523293586
7250,7.384834351180235
7251,6.204982262527289
7252,5.205468151625051
7253,7.597818083208591
7254,7.852088216964986
7255,4.0758119826487516
7256,6.89056939230525
7257,4.31088978352546
7258,3.0064327744326347
7259,5.783525160387575
7260,9.54632685397717
7261,5.733446285456131
7262,5.81041650170677
7263,4.660186595362231
7264,2.946500003822096
7265,7.979340273495084
7266,4.349229949812357
7267,2.9169087068911694
7268,6.330111903263315
7269,4.946843343330485
7270,7.054234392165541
7271,3.976634512456037
7272,7.240516555004699
7273,6.631657360427306
7274,5.131141458281387
7275,6.684994114563164
7276,6.018338644249473
7277,5.309760613439402
7278,5.931822104855601
7279,6.281040416057557
7280,6.5519094523426515
7281,8.828173318072814
7282,5.97181820422955
7283,5.43926384572813
7284,8.554421750002065
7285,7.529313459445276
7286,2.8904096464449704
7287,4.768851946340913
7288,5.865170230715962
7289,5.036359080367575
7290,6.673286180457282
7291,3.560091374590014
7292,5.567866448932442
7293,4.6163877976807015
7294,5.145626031612325
7295,9.62514922704488
7296,8.060751641046744
7297,6.825732373643203
7298,5.453253926904095
7299,7.3179619927869135
7300,4.468383311997667
7301,6.955076104924053
7302,5.362533808948733
7303,4.97379474154021
7304,8.388188526805772
7305,5.723459529381035
7306,5.166500404287605
7307,7.028953019549631
7308,4.829701209098248
7309,7.612418168595958
7310,1.8340149809213868
7311,7.175831458556789
7312,7.7336915481607535
7313,6.337367161216179
7314,5.70380317342338
7315,5.706952034095617
7316,4.450870837437687
7317,7.406920672742883
7318,2.5750432680147144
7319,7.20809963162551
7320,3.965283035162171
7321,4.51980026323732
7322,5.618018326978071
7323,6.038507821211279
7324,4.7354613801379974
7325,6.510209653534542
7326,5.970012974099171
7327,4.081527975107334
7328,7.133243353661899
7329,3.332354634757508
7330,8.013867487296762
7331,3.998178802725919
7332,7.446459911666764
7333,7.817388903991717
7334,5.746028147331523
7335,6.017117301882964
7336,6.119905701358909
7337,4.174610622610893
7338,4.560347767185912
7339,4.897912037053066
7340,5.567410588516405
7341,4.384472159356093
7342,4.760845300468269
7343,7.751506725667736
7344,6.034844458158499
7345,3.2476007818673085
7346,7.561469309794226
7347,8.043736271351637
7348,7.23601564584042
7349,6.351538612510538
7350,4.632695295738049
7351,5.386092194677272
7352,6.254595029745637
7353,5.315793711555377
7354,6.9960451545444355
7355,7.731554545102626
7356,5.377055823657905
7357,8.74467268852787
7358,6.6764059469763986
7359,5.945374469368909
7360,7.880822237015175
7361,9.248326891313264
7362,7.2636162934749
7363,3.5095826267434527
7364,6.5340540813063335
7365,6.388138849611819
7366,6.240504451527515
7367,6.037802755227111
7368,3.6566285551667796
7369,8.371333097026001
7370,6.2912517503730845
7371,8.774554200972615
7372,6.277417463814766
7373,8.600230087311326
7374,6.565909132321937
7375,4.011899029137897
7376,5.012004507441666
7377,5.7423742380059615
7378,2.9568605567755735
7379,9.29653372446668
7380,6.849653607404339
7381,6.089202520570031
7382,7.934914750498777
7383,3.2658969339570927
7384,8.133106362221362
7385,4.829248936507274
7386,5.961813047924202
7387,6.454451123534171
7388,5.691809544746958
7389,4.810329553298039
7390,6.397233343507456
7391,7.131509081071951
7392,5.9768502957880525
7393,9.437630596537906
7394,7.762224312177794
7395,3.270716539322233
7396,5.886412629734977
7397,7.952808486049771
7398,2.0943401487872486
7399,4.390344893978684
7400,7.969015828035782
7401,4.182309735833229
7402,3.190672849727637
7403,9.405693850115853
7404,6.287734776208925
7405,5.176598633695047
7406,7.643615250056012
7407,7.726419058015575
7408,7.575946983797701
7409,8.400855642923545
7410,7.39698537559172
7411,8.032615166593509
7412,3.428366847524121
7413,4.911450328994195
7414,4.726093811839336
7415,6.123487200512292
7416,5.549906533318512
7417,6.952552590002869
7418,4.047360841686188
7419,6.1323428801734705
7420,5.184245259467571
7421,3.460352422485308
7422,5.85951948772032
7423,8.508428554264391
7424,9.472699338223542
7425,3.023233488483909
7426,5.147918338488382
7427,5.592993984984393
7428,3.960756820908675
7429,3.5568832574616676
7430,2.1007056642209108
7431,6.044835977816047
7432,6.567577273933084
7433,5.182642490612389
7434,4.33994067269454
7435,4.899065118060653
7436,7.655160083750383
7437,8.892781868218961
7438,4.790336571931111
7439,6.083799754299426
7440,8.202554116221929
7441,6.394863895127211
7442,4.088370215618773
7443,8.626384720169535
7444,6.161170088314305
7445,7.760933547513305
7446,4.170452133582237
7447,8.21670280168593
7448,4.993791247684418
7449,5.409294391946898
7450,8.655712232978972
7451,6.313041406002869
7452,6.287383232871084
7453,4.187001309513337
7454,6.734148922952748
7455,3.9488557925122616
7456,6.842286602034328
7457,7.112941135594869
7458,5.511381403111456
7459,3.74573345388383
7460,7.649501608473528
7461,8.204955189428887
7462,3.1899585226371743
7463,7.939697612912829
7464,5.9843571277077
7465,8.684867280699223
7466,6.810955887292221
7467,8.882397199205817
7468,6.649089338030875
7469,4.1035211573093955
7470,6.416898072882412
7471,6.1993193442826495
7472,3.377676807193271
7473,5.93934392557363
7474,5.195088541018935
7475,3.1532434855283644
7476,4.812682031309727
7477,2.3307157208764964
7478,6.5643012569823025
7479,4.857492467670999
7480,8.952268730879446
7481,6.789833071375274
7482,4.693324269375809
7483,7.543490247294525
7484,8.059377568964644
7485,5.007136848215863
7486,8.894342823367307
7487,4.836993756153206
7488,5.309110566933098
7489,5.39450708441752
7490,5.429750391551123
7491,4.157555568953774
7492,4.528061521991575
7493,8.399026224646473
7494,6.1712395745843285
7495,6.990983185135952
7496,7.317749280988301
7497,6.4632811078274575
7498,6.4309785156915
7499,9.385751464841276
7500,5.581389005883045
7501,6.246902563147214
7502,8.200391517463581
7503,4.5251380655698785
7504,7.103021492240456
7505,6.166714523641112
7506,6.347732839038684
7507,8.680591350621166
7508,5.250812736819726
7509,0.9342553048966875
7510,8.833515292693887
7511,5.29953333529581
7512,5.410137491556075
7513,5.617132315236016
7514,8.071336192210605
7515,4.762700094130791
7516,7.445388651507561
7517,2.7286915126767326
7518,5.578178359735481
7519,2.822823448936964
7520,4.479748842956181
7521,9.216649925943214
7522,5.621324313955056
7523,3.3530631756373412
7524,8.122349379005911
7525,6.447436723545496
7526,7.522200285014693
7527,5.896539793289968
7528,3.486628663699651
7529,7.581239031583648
7530,5.683772338329344
7531,5.574033091973334
7532,9.436752842738368
7533,6.986145936559182
7534,6.826860122419489
7535,5.31950826891089
7536,7.769519629538088
7537,7.7804762242257555
7538,6.453871370071241
7539,5.933891485254395
7540,5.985938883969207
7541,3.936236255691279
7542,7.747186087953222
7543,5.512439464597418
7544,2.566084387320232
7545,5.040756598202577
7546,5.401416200271696
7547,4.258006966162129
7548,7.257999105038003
7549,7.990697800824747
7550,4.806003923293928
7551,7.974039715059736
7552,6.1751302588291335
7553,6.681392727124973
7554,9.031772943143762
7555,6.74347725219844
7556,6.170959638336697
7557,8.01266956138374
7558,4.313154731795587
7559,2.878468863222854
7560,2.4458716717819753
7561,6.120087453613419
7562,4.723879485693589
7563,7.5557795753281525
7564,6.546997919224934
7565,8.71574506083436
7566,5.504303968469879
7567,6.96559766962703
7568,7.499564210722596
7569,5.8710458273817245
7570,3.116724518913278
7571,6.545662803386564
7572,7.261065873944485
7573,9.780285081997818
7574,5.796702770596782
7575,7.606271044395357
7576,5.128351833709043
7577,7.030336387850956
7578,6.132565765594523
7579,7.842738714307791
7580,3.993706470786273
7581,6.973058087720917
7582,1.8845557544935414
7583,6.006097024225755
7584,4.2105280530189875
7585,6.324014828985063
7586,3.89805647546071
7587,6.275098192095841
7588,4.49979676323226
7589,8.179088297274193
7590,2.010673784783499
7591,3.4060343429895785
7592,6.168115696416096
7593,6.611346941464043
7594,3.793663414675661
7595,6.510151228129618
7596,3.3246227531483585
7597,6.504344471833835
7598,6.050358323699039
7599,4.054048313373886
7600,7.4166152312145
7601,8.884856292716345
7602,1.1946913393566971
7603,3.879729939467443
7604,3.591570880159083
7605,5.443554790454097
7606,6.192794426325636
7607,8.337321849495101
7608,8.557790953586208
7609,7.720714536946024
7610,4.894911095846504
7611,5.107597239644035
7612,6.669278340675728
7613,7.900440832196444
7614,7.0325105862035615
7615,8.067132025202012
7616,6.405553651964408
7617,7.087864887536588
7618,5.810255513188595
7619,3.5671570500576455
7620,3.92947074265049
7621,8.057347566519063
7622,3.7762131003645916
7623,7.5127249396011075
7624,6.720772864598311
7625,5.5172068597394635
7626,1.2675417934553945
7627,5.49165786629994
7628,5.686611418045931
7629,4.142426651664858
7630,2.9898657149536505
7631,6.3356644870623935
7632,8.342718540566644
7633,6.957502888730797
7634,1.5219224160404456
7635,4.852708673856451
7636,7.672672726636151
7637,2.3788087432634004
7638,6.758903073266165
7639,7.575480384535972
7640,8.322698317249664
7641,6.580327316351826
7642,9.021268223499948
7643,5.629652550245429
7644,5.697057686694858
7645,6.6473367338774105
7646,5.305679165288914
7647,4.625334779345962
7648,3.3468732114113973
7649,3.873627397027162
7650,6.701771250297846
7651,5.472901127400238
7652,5.913218304360267
7653,3.0536928637119116
7654,6.123442596178823
7655,7.468823005504746
7656,9.668646398600927
7657,7.285561755353539
7658,4.638176483849541
7659,1.3160782863802696
7660,3.8881483216129107
7661,4.139584499599793
7662,6.971955159419428
7663,2.650155102361499
7664,7.748382772620009
7665,6.437761274000379
7666,5.748172700042665
7667,5.125355231395527
7668,4.8639448168499095
7669,6.843835201369731
7670,8.68366092203429
7671,5.859790062407592
7672,6.0861467503127304
7673,4.849692704344335
7674,5.058537786096232
7675,8.982841259196888
7676,3.187589280881569
7677,5.228482035736693
7678,8.792562168462686
7679,7.935634552279862
7680,7.706515121037325
7681,5.5094462741185986
7682,4.000374266016216
7683,5.419838887213388
7684,4.92053106181109
7685,9.664107568482464
7686,6.412042600020006
7687,8.80701074426678
7688,4.069781832052736
7689,2.898787064885328
7690,6.572240456799271
7691,3.53401890138634
7692,8.5300264378889
7693,7.9034375373603805
7694,5.007260221334345
7695,4.690136167470953
7696,8.708054207838515
7697,3.538416809264471
7698,5.019059088113936
7699,6.889186513453409
7700,7.104432286491061
7701,5.0447136896181775
7702,3.4037496405965033
7703,5.413519900410943
7704,5.016046342393436
7705,4.189288215360878
7706,2.2063420605286166
7707,7.092236352736975
7708,6.334503502296319
7709,7.639386983845516
7710,7.033463105457444
7711,7.897722331325046
7712,8.095542663854111
7713,5.005581163430105
7714,9.436961158823223
7715,5.626522107593446
7716,6.905967029474467
7717,7.103640061353348
7718,8.072730988571452
7719,6.359311853040623
7720,8.762160059303374
7721,3.4665244034023193
7722,3.6069432797610275
7723,3.7203581114359507
7724,6.268464901546629
7725,5.550619623455035
7726,4.974626794911419
7727,7.059460974227986
7728,5.764377073745609
7729,2.860640620127657
7730,6.087036208732732
7731,3.5281535063297302
7732,7.566205112533901
7733,5.752987493878374
7734,5.782544706660179
7735,8.429805384836266
7736,6.790428966513776
7737,5.320916265327053
7738,6.458903763156777
7739,4.368759950054662
7740,6.61373760624777
7741,5.678567946894825
7742,4.857192395674771
7743,5.25042016345034
7744,3.3946653636980755
7745,9.403192355881368
7746,6.167037728424016
7747,6.104540400303939
7748,6.063466784391334
7749,6.526016460777045
7750,4.009585157718205
7751,6.6821929459020515
7752,8.129179015999869
7753,5.704271197074031
7754,4.937009557021871
7755,8.47226773007361
7756,8.240635013347687
7757,7.645904748255084
7758,6.482997435471766
7759,8.913509634780247
7760,7.008184337007609
7761,7.579681154038644
7762,5.133891498917559
7763,6.273368355650495
7764,7.27642837365386
7765,4.987443331853613
7766,6.7621810923811765
7767,4.653318299357282
7768,4.892814820355225
7769,3.5511434852315364
7770,8.91726063957361
7771,2.7078819047868015
7772,5.4304453176837635
7773,4.864668042261078
7774,5.1974779741373345
7775,7.619719554152333
7776,6.2679067655121194
7777,7.232974777430038
7778,8.10095252569026
7779,4.624114986420307
7780,6.535882456839629
7781,5.403111101489517
7782,2.613011437653773
7783,6.321563962697326
7784,8.56145812130863
7785,2.3828159335935575
7786,1.9687359773837352
7787,3.032566108098498
7788,8.651225326304752
7789,1.5528825393778252
7790,6.5095353899699955
7791,3.9097436545223334
7792,7.567290393919701
7793,8.040301258514171
7794,6.245590753270053
7795,6.917084913722105
7796,6.797455148341137
7797,6.0893141150544
7798,7.98471868061472
7799,4.942668336053102
7800,3.7685945209363214
7801,3.0459629989011936
7802,3.096779537793152
7803,4.718235457872336
7804,5.2674938740931925
7805,7.650581564020679
7806,7.393860631821331
7807,4.666669955848685
7808,6.2490479256888944
7809,7.829910267966195
7810,5.675454592140722
7811,4.688155939199958
7812,5.114890004095058
7813,6.465129832532281
7814,3.968694842690411
7815,4.257608096019582
7816,6.89375248608037
7817,3.4040322370359566
7818,3.424120198869885
7819,6.32832247727827
7820,5.576429891343791
7821,6.773882431592968
7822,6.63435453573388
7823,7.506034720585848
7824,6.619920570785595
7825,6.182516974409179
7826,5.724425169574161
7827,4.204930180477586
7828,7.887095267144032
7829,7.517652915567474
7830,6.963198948830484
7831,7.229894652957232
7832,2.8746648945404325
7833,7.725616876733557
7834,8.001518507694788
7835,3.9012859262201287
7836,7.518312190366262
7837,5.791276067505112
7838,5.211795148289604
7839,5.162024834226593
7840,8.63606889467626
7841,8.362557182915635
7842,7.857172924310022
7843,7.34795311473015
7844,4.989145812930433
7845,5.815950550309692
7846,5.686607659955258
7847,8.988892648450602
7848,4.404277590899222
7849,2.468665673004933
7850,4.084804154270166
7851,4.199904502696614
7852,7.879179906282184
7853,5.555936786518804
7854,4.3901896774413744
7855,8.283630958936607
7856,6.618282969008402
7857,9.64636163342953
7858,7.1461227033956805
7859,9.796482859197456
7860,6.792206658727635
7861,9.709611892652273
7862,5.12431936801506
7863,5.2740027750677445
7864,7.680536514032894
7865,9.200556787660622
7866,6.646529998719004
7867,9.719282301555847
7868,4.966612587797462
7869,7.546402041964107
7870,8.692271955772377
7871,2.0159014765176146
7872,6.3486357937530284
7873,8.322543480486242
7874,6.9771105409243015
7875,3.9026205158169684
7876,3.9871728944524656
7877,5.6985279225500935
7878,4.582224979653857
7879,2.128564847566101
7880,4.034838677493263
7881,5.8282459805302524
7882,7.754647786480598
7883,4.546871254130962
7884,3.9619189447467407
7885,6.956925690868828
7886,4.7394666096816955
7887,6.260394559461502
7888,7.388549516838562
7889,8.512296910745407
7890,4.056672359163937
7891,6.052217108742419
7892,6.401378222404327
7893,2.50919203605339
7894,7.296474061647084
7895,3.6452615762025937
7896,3.6860278521560836
7897,8.427948931463195
7898,3.2963275949704816
7899,7.606707554162881
7900,3.9887773054509035
7901,7.326828786919639
7902,4.154559111994883
7903,4.551326943799927
7904,6.295520982503768
7905,4.993095453419433
7906,8.017996923688226
7907,3.942796054449348
7908,7.608959370362805
7909,7.946374171646729
7910,7.217128875894739
7911,7.102710551529837
7912,6.107165614970603
7913,4.340531804219903
7914,3.8781909062967763
7915,5.343019249081382
7916,6.754505057067346
7917,6.849951061208064
7918,4.433474796951245
7919,7.432631327935116
7920,9.367604239384805
7921,6.253805268438882
7922,4.9237106256791145
7923,6.55548541784235
7924,8.271085128876773
7925,4.241055206066318
7926,6.266581590392071
7927,5.502682153827063
7928,4.70749533260925
7929,8.67875610101905
7930,8.05858562223578
7931,7.576903488980005
7932,5.465085849504571
7933,5.389086467613547
7934,7.952579299327311
7935,8.388500018369337
7936,5.504909339449783
7937,3.427014390229048
7938,6.01004377341737
7939,8.217629853826454
7940,3.5861110164383656
7941,3.804902206738485
7942,3.930330737539148
7943,6.290887299033267
7944,6.097979195937955
7945,5.558122797531723
7946,4.526013112660234
7947,5.230866333265298
7948,7.464633163364001
7949,5.830128800130572
7950,6.761818388980032
7951,6.7095298351116694
7952,7.581085846242171
7953,5.913313607049814
7954,3.690196556990987
7955,5.355697825314815
7956,6.713445571634532
7957,3.0001803045086657
7958,3.23655754327309
7959,4.817871992987946
7960,6.355625341545579
7961,5.706270707760891
7962,7.111184080993717
7963,7.11168715668207
7964,6.2430683300928935
7965,6.223510727052112
7966,7.353766199841784
7967,4.577626145393513
7968,6.296047069747207
7969,7.540999001020877
7970,7.477086011982085
7971,6.415688754276334
7972,5.639118857128507
7973,7.779644341763282
7974,5.984209716289952
7975,7.16250113681959
7976,6.430566700245579
7977,8.095703001418538
7978,0.8632788145095699
7979,5.729255400400242
7980,7.678513953216393
7981,6.41307645038801
7982,3.3808070815465676
7983,5.527470277144026
7984,5.738033961071177
7985,5.46328745892807
7986,7.025750011040445
7987,4.2453662001614605
7988,9.834870852631882
7989,7.376152931289839
7990,7.869058531958801
7991,0.7338608347845531
7992,2.801250399458834
7993,6.735469854511051
7994,4.1725891737495715
7995,2.9542976199656623
7996,5.957348931314692
7997,8.022937783146109
7998,2.1109513061284133
7999,6.636085839699527
8000,5.554969894041775
8001,6.9109929043870695
8002,3.417642476553766
8003,8.286559852455117
8004,4.739077652867614
8005,7.884574120183849
8006,6.3095765666925825
8007,8.73739636010257
8008,5.553172941199297
8009,5.5777819658043
8010,6.4931733919977
8011,4.749913866381427
8012,6.569632531644743
8013,2.433857969999211
8014,5.35024048684498
8015,5.1205080943711945
8016,6.29661255713039
8017,3.9677556242559895
8018,4.3292067090688295
8019,5.912285557389335
8020,4.430997905752735
8021,2.7700357963303834
8022,5.457661435077835
8023,2.5850243343446966
8024,5.771972038339734
8025,6.480427737918818
8026,8.57301301477988
8027,8.861757717160133
8028,5.606469491850928
8029,6.563663237729137
8030,3.201185607737593
8031,4.732380013207916
8032,4.401143840155429
8033,8.759486141133296
8034,4.258216980064827
8035,5.111939246366201
8036,2.161986058441702
8037,5.218448831386534
8038,6.976019172685365
8039,7.728091973634186
8040,6.278119539000724
8041,6.192859643903116
8042,8.08354802047731
8043,3.2594434705240833
8044,5.861208579073336
8045,5.949987198009812
8046,7.817814360954129
8047,3.5076589643177094
8048,7.303546776537665
8049,3.4049510610371967
8050,7.279701817767723
8051,6.850977109759703
8052,9.030666722927771
8053,10.0
8054,6.931840465834877
8055,7.845699164671557
8056,5.384295519640892
8057,6.954801790922116
8058,2.480256321612761
8059,7.9784774109509655
8060,5.286150526944348
8061,9.051087129140628
8062,4.727883440560435
8063,8.173442706359284
8064,9.065498028986394
8065,6.413088399442054
8066,6.030303479997638
8067,4.367121753267331
8068,2.9589804464768092
8069,4.733058389349156
8070,5.051663087808237
8071,7.963351016745585
8072,5.408862453900535
8073,9.396134605371838
8074,7.790008241092514
8075,7.043089404764064
8076,4.912820340508629
8077,3.8085184772203027
8078,5.3946475152281
8079,9.708435471002879
8080,8.607231749476837
8081,8.073490544088504
8082,2.6832367060628104
8083,6.401692746452244
8084,7.763922451565212
8085,8.622765571554249
8086,5.788334853501628
8087,4.958038196419784
8088,7.3437162445078785
8089,5.477277686458695
8090,5.161924045128842
8091,5.811926127178861
8092,4.611055067891859
8093,3.5941534386215803
8094,5.858456175530326
8095,6.843827402529968
8096,2.7548131743779782
8097,8.998953104987981
8098,6.136680108545943
8099,7.050268379618949
8100,5.6222429935572755
8101,7.97110230248251
8102,6.4291255913595355
8103,8.795378020759793
8104,4.379863501100208
8105,4.716837430395672
8106,1.30702692328601
8107,4.673898750958093
8108,5.330231736798333
8109,4.649784750525418
8110,5.076229420633453
8111,5.102682301022151
8112,8.489843608112157
8113,5.861098304466965
8114,2.848874678446655
8115,5.7974863242678625
8116,8.143230055309532
8117,6.52167306390746
8118,6.70747212861857
8119,5.652577923442585
8120,5.23155623311739
8121,2.4811302275054126
8122,5.80580717147875
8123,5.7391435956628465
8124,5.748893585150468
8125,7.168544442031432
8126,7.996197539027407
8127,3.381899167419395
8128,9.084419486337207
8129,9.230081383755532
8130,4.312046692513248
8131,7.4944592121349425
8132,8.870849506742962
8133,6.403838808717802
8134,7.29662093049308
8135,4.1805622259724675
8136,6.153870957817108
8137,4.802395031441403
8138,8.21962971783289
8139,7.590720393501262
8140,2.791418802224176
8141,2.6885828836291448
8142,8.620280265079636
8143,2.8398918094435985
8144,6.087806723704593
8145,7.039673836412242
8146,4.497130400266659
8147,9.333854936371397
8148,4.969181893965517
8149,5.025009615858959
8150,8.720707630487606
8151,4.465496714553327
8152,3.9868623981984914
8153,4.532724096911371
8154,4.654416245826771
8155,8.584797685811338
8156,4.664902117378694
8157,4.407937879541647
8158,4.8649293773864954
8159,8.698289608578856
8160,1.824905147170765
8161,6.51449061930675
8162,9.189813674389113
8163,6.281669127570866
8164,7.473860334377751
8165,4.964050576548736
8166,4.891120522857442
8167,5.996408230166807
8168,4.438216002912647
8169,3.284598326080898
8170,6.534759490919685
8171,6.151966016726353
8172,7.527035332023525
8173,4.537065911812142
8174,6.6165802588037534
8175,5.39213547328024
8176,6.921839667881514
8177,5.641682016059277
8178,1.867925680033046
8179,5.878828707783101
8180,5.111913339477519
8181,4.555740263445513
8182,6.889334124047702
8183,3.6758630319199774
8184,7.863714962585884
8185,6.827459839312887
8186,7.591259251063805
8187,6.094222511245776
8188,8.27410878541486
8189,6.907310528730617
8190,8.699199458604461
8191,7.86556765524363
8192,8.80124900734034
8193,4.521807080962153
8194,7.0450098184499295
8195,7.160124535566469
8196,4.197291857091011
8197,3.5021034363572285
8198,7.0779925188884
8199,0.50122413665043
8200,5.2347222310812525
8201,7.27458920184106
8202,4.15442865039327
8203,4.395724303133018
8204,5.702030793337925
8205,8.996038123558453
8206,4.657266575965471
8207,8.123712960898407
8208,4.37039018986891
8209,4.797168570482479
8210,5.315553672210324
8211,6.719820608343104
8212,4.5394032845664345
8213,5.472536098862689
8214,6.240252808442757
8215,6.21422168612613
8216,2.8300778052880884
8217,5.7718570998761765
8218,2.641316903577294
8219,6.987700751033056
8220,8.904243648021616
8221,4.290851464042721
8222,4.378279481740345
8223,7.922838293765419
8224,3.9199513040511165
8225,7.19412170274386
8226,7.025636672558192
8227,5.207704831034355
8228,5.208331642096367
8229,3.953246463378562
8230,8.960762749928083
8231,7.53330397464234
8232,2.1877602199178567
8233,5.225607986988675
8234,8.325140049618026
8235,5.234445380090723
8236,9.097495627594904
8237,6.741625479513201
8238,4.2861258236827355
8239,9.839943504809979
8240,6.325484487419733
8241,4.847867595865271
8242,3.396503367799594
8243,6.850177669310414
8244,3.4180151301247172
8245,5.554344608393879
8246,3.3787308704059464
8247,7.497263475692043
8248,3.50791392754042
8249,4.714025319457933
8250,6.9414027773903735
8251,6.264945323357559
8252,6.320333977649335
8253,6.918413915536603
8254,5.080261762710577
8255,5.781847451099811
8256,5.199824486220204
8257,1.9596861834758812
8258,4.495807845755502
8259,3.9430686956740586
8260,4.451374928142101
8261,3.6052381797933886
8262,7.100313353686665
8263,3.4862107163680562
8264,7.77244109482656
8265,4.795078815941865
8266,6.431833394770031
8267,7.647615421180689
8268,6.220447283625624
8269,3.253852599475933
8270,4.662123710806101
8271,6.557679939003306
8272,3.96562798848634
8273,7.928155592194112
8274,7.2739137632819295
8275,9.918066843104175
8276,4.9040044360434285
8277,5.458472146228401
8278,4.246862579835696
8279,3.991052126196509
8280,7.394380251551402
8281,8.235192725127682
8282,6.937861528496378
8283,4.622406782393117
8284,3.8437965057079473
8285,8.4357593245491
8286,7.826345898195951
8287,4.719018407311923
8288,7.951942351809343
8289,4.998844834499481
8290,6.322501893493598
8291,5.201420559718956
8292,8.8069110385577
8293,7.04527388968182
8294,6.066857803748485
8295,5.492004486787703
8296,2.8062638841564644
8297,7.473720922558013
8298,4.170715440463356
8299,9.52192626804217
8300,1.3697487729054691
8301,8.206479727108688
8302,4.1809195216135135
8303,2.8670954075632853
8304,5.617092903377219
8305,4.5845229704939605
8306,2.354826057649884
8307,7.66139599579719
8308,6.946625493831549
8309,5.9403878368527865
8310,6.268442465336284
8311,7.415144312365228
8312,7.643854093502559
8313,5.37592771545572
8314,6.622022010119347
8315,2.596258082986783
8316,6.980341575123521
8317,6.826820333939065
8318,8.658682524953758
8319,4.166788144380764
8320,4.885330343148839
8321,5.354110176086479
8322,7.473996697999836
8323,6.111596892120318
8324,4.15698835582802
8325,4.570426206587447
8326,5.153610029316106
8327,7.854957944521129
8328,7.36635828954618
8329,7.910952067234081
8330,7.779897698621188
8331,5.7758326990935815
8332,3.076579371232952
8333,6.256941299397013
8334,4.405440469556589
8335,5.889290313322357
8336,7.077350438256693
8337,4.41748623329408
8338,2.2788034846649814
8339,7.96232430011749
8340,5.067622102062938
8341,8.761450598742227
8342,1.8116639640941787
8343,8.664582913241212
8344,6.445247019786464
8345,7.385605682953471
8346,7.051095902964763
8347,7.154697572897257
8348,7.851286042921117
8349,5.180927743402808
8350,5.389822735341713
8351,6.597484158805282
8352,8.23812361759571
8353,0.9326859328794828
8354,9.670308796934565
8355,5.749264957540219
8356,6.944641290150341
8357,1.7434103556005094
8358,7.065698165044501
8359,9.215213592576104
8360,4.592480186412406
8361,6.372378130905824
8362,9.738716922591959
8363,6.888513796236019
8364,4.650478054988511
8365,7.9138720303737715
8366,8.959061156259464
8367,3.37170424609924
8368,6.95937861345574
8369,5.690257773050176
8370,3.101698040361935
8371,5.511710764641939
8372,6.088268289762898
8373,5.158362344272496
8374,2.5326073414515355
8375,7.364241131679431
8376,7.848600738116921
8377,8.288273797124118
8378,4.193059197778051
8379,6.496326582832509
8380,2.394617796000654
8381,1.9280862124109446
8382,5.516065528079487
8383,7.3655425735078115
8384,8.073696317386998
8385,3.8252117772159795
8386,8.08650458444086
8387,5.148257813295524
8388,7.863939759424853
8389,7.344213916535155
8390,9.219246074436098
8391,9.376227005851566
8392,6.514022186336193
8393,3.8277646356943684
8394,7.708415071936003
8395,5.708022924445969
8396,6.087150714649434
8397,6.104291428814797
8398,6.521895331459421
8399,6.105450832279229
8400,6.578743560690873
8401,8.812391817934511
8402,6.146007358640301
8403,7.250598842379339
8404,6.754361831714296
8405,3.722432275749658
8406,4.891730965510261
8407,5.815492611419135
8408,7.683060072772534
8409,7.613663559449483
8410,5.4019518372437
8411,6.448831238295868
8412,6.87553497535211
8413,6.148160809078338
8414,4.31233005333166
8415,8.534500420223342
8416,7.553195396510619
8417,4.006834162940684
8418,5.500934621690544
8419,6.42350874091951
8420,2.7634662417467326
8421,1.1993931449095463
8422,6.04686403407056
8423,6.184076234568444
8424,4.76221913582169
8425,4.470284732537801
8426,6.979916217956041
8427,5.373844303350078
8428,8.717081316785714
8429,1.7475474826574742
8430,6.268864266628467
8431,3.9173535739601677
8432,6.592893423240953
8433,7.804179375410951
8434,8.021247992545208
8435,5.414914124870333
8436,5.116859786848228
8437,3.868975552793784
8438,8.203777904189213
8439,7.23132864010084
8440,3.236993436908955
8441,3.3018256281697047
8442,8.556809397341684
8443,9.872163791759554
8444,8.160995111860082
8445,8.428787429091459
8446,7.961558211591576
8447,7.291433968754294
8448,2.6261519636266497
8449,3.681344694345211
8450,3.290770325421293
8451,6.429778394667628
8452,6.598792676987675
8453,2.47257838965862
8454,3.0047004253159133
8455,8.397289029483538
8456,6.231472137268422
8457,8.755731790952463
8458,2.497135101144601
8459,7.539480569002837
8460,8.671099289819296
8461,5.9205235182326295
8462,6.013418127628499
8463,7.758487547616589
8464,2.6005364784699974
8465,7.180297066346758
8466,4.042933410626481
8467,3.0492470426087115
8468,7.551182006104781
8469,5.929742361439237
8470,4.5182831434434645
8471,8.27526911328694
8472,4.097440158342662
8473,4.964421498527702
8474,4.436638608223648
8475,6.128978221093666
8476,6.491025689471451
8477,7.805855955899454
8478,7.0290199406359815
8479,5.7926051451305804
8480,4.401992534147425
8481,6.782730781074153
8482,6.556766335725238
8483,6.033958978278216
8484,6.019275366194542
8485,6.174624734528289
8486,9.18204107601026
8487,4.28730948927737
8488,4.006773345287185
8489,6.547179550195768
8490,4.997670211254393
8491,4.597823813860535
8492,6.1807711971212855
8493,6.428263134122207
8494,6.977127299770094
8495,6.5657975334670375
8496,3.2925906437940085
8497,6.926378887767187
8498,7.20645179265584
8499,6.307077175821002
8500,6.296118300565353
8501,1.6786722842057762
8502,4.689916649097673
8503,2.6435811276988517
8504,7.202979369133941
8505,6.747530682299363
8506,5.7769736292485545
8507,7.105280945732308
8508,7.017095584431252
8509,9.153554153573621
8510,8.469054120639056
8511,6.911241671707054
8512,4.854071705867122
8513,6.896658894956473
8514,7.403981880963039
8515,7.137333479469065
8516,7.035855096317269
8517,6.626122048978198
8518,4.918176236662994
8519,6.084030642049141
8520,3.400240827938094
8521,9.669516723033706
8522,3.819660871008806
8523,7.7732607044359545
8524,4.555972769295817
8525,7.766386092853959
8526,7.779431415494562
8527,7.440914194622838
8528,5.876986527625264
8529,5.236263289810002
8530,5.771239654747139
8531,3.5191333058096195
8532,7.540797501736911
8533,8.713963220447543
8534,4.015716906708469
8535,6.188691006531479
8536,2.7260994315757787
8537,7.990507676799021
8538,9.639400629748902
8539,6.15619106543293
8540,6.888580184053383
8541,5.5410824424293805
8542,1.6916852078876998
8543,3.448704092867954
8544,8.41146829183682
8545,7.276862246289005
8546,4.097812099169832
8547,7.274921408050941
8548,5.537814209739161
8549,7.5592546095288276
8550,6.867138598925205
8551,7.559037055864723
8552,7.391312329822243
8553,5.782279253935806
8554,2.5542364552799217
8555,8.054654123533641
8556,6.928335172150954
8557,6.083003390467933
8558,5.03777937888774
8559,6.218798867923997
8560,4.119955852395106
8561,6.047903383080147
8562,7.508382970742881
8563,8.913408928045879
8564,7.303871437030555
8565,4.841082264641199
8566,6.82383366290877
8567,7.6975025507387445
8568,7.202401917218871
8569,8.223708939041593
8570,9.780732198684332
8571,3.2621847654103973
8572,5.17293681861502
8573,7.329889962304777
8574,5.051024480647747
8575,1.9714599648384488
8576,6.116041404905953
8577,7.317184343757941
8578,8.259432576422824
8579,6.137188089876495
8580,5.3376150131145295
8581,5.302459450534248
8582,6.696241305843905
8583,6.164690981091122
8584,5.6206811385577335
8585,7.7213839131351305
8586,3.175539016213026
8587,7.971570884415679
8588,6.175900444889327
8589,4.882078676653876
8590,9.325573581094526
8591,7.051507542230133
8592,3.1501250819379054
8593,7.1849047824813335
8594,7.828150263461323
8595,3.81893598061634
8596,8.035602327685726
8597,7.2174092831662655
8598,6.096801663381507
8599,3.239851383791124
8600,2.5255559141088755
8601,7.495711885737251
8602,2.5523323540593443
8603,1.5734377996013422
8604,4.966747069711268
8605,6.177954068362616
8606,7.01867673875564
8607,3.2219874226327287
8608,7.805748676264681
8609,5.968834646652074
8610,6.221075393836412
8611,7.924180755366889
8612,4.462759095523739
8613,4.8947282323844625
8614,4.767682385486925
8615,7.694714312201667
8616,4.99103674326967
8617,8.42264158473914
8618,5.4104553641892625
8619,7.232198429147875
8620,7.8428621095656395
8621,8.681000041840022
8622,7.806798421966833
8623,6.19543707890557
8624,6.50171413850632
8625,7.242277018069602
8626,5.0062912086659495
8627,5.6406909520681365
8628,6.675030664003273
8629,2.284878931251687
8630,6.263217112614933
8631,6.883449312796278
8632,6.532689311704016
8633,6.539716756794474
8634,5.724099396442636
8635,7.706448823318247
8636,6.500601518107599
8637,6.41256818425944
8638,8.605304349546959
8639,4.488018996456996
8640,9.355861665151124
8641,5.3757825822062975
8642,1.2143683539379886
8643,3.8903049230499747
8644,6.604710592662924
8645,7.773931844859935
8646,6.554716624472036
8647,7.384673720407997
8648,5.202210009016537
8649,8.531927973869072
8650,6.7874109214909435
8651,5.628939418081386
8652,4.676113019801689
8653,7.997490604281204
8654,4.509197261916772
8655,7.654232534988767
8656,5.484667968939494
8657,3.8211943741856285
8658,7.233769242448235
8659,4.933259448431481
8660,2.8232113303009774
8661,4.965728230958026
8662,6.981975480122559
8663,4.723051096783459
8664,5.8547874632488055
8665,5.829902320737005
8666,4.265491770788514
8667,6.913716674700515
8668,4.910015437290369
8669,6.008279640650352
8670,7.058055484665927
8671,8.997594609205857
8672,4.845315211446664
8673,5.6359863816404365
8674,7.102030323717943
8675,4.318838692492495
8676,6.8925669903103675
8677,6.5621227054066935
8678,6.712344082433069
8679,7.350754831517783
8680,8.26258314829163
8681,8.155889643919249
8682,4.25680331705327
8683,3.6343099877109433
8684,9.955699981931305
8685,4.22346369254142
8686,6.162210496784068
8687,6.81227204390383
8688,7.981937003804539
8689,7.0828116921736655
8690,5.663247074671118
8691,4.365266606724097
8692,8.264908471009383
8693,10.0
8694,3.6212430284809067
8695,6.227809160442124
8696,6.406033117298151
8697,2.9974762122770624
8698,6.12620335931292
8699,4.68103490877752
8700,8.683303605115306
8701,3.6002000402643106
8702,6.691332482113109
8703,9.94639443791472
8704,7.599151947121281
8705,5.9447516942963965
8706,4.935805820560528
8707,7.671436060788085
8708,3.3085702892218647
8709,5.239981164355099
8710,3.754812273255251
8711,7.146116374663059
8712,3.1881635475314125
8713,4.887776613330923
8714,9.498611322363576
8715,3.638789054240663
8716,4.219697038050438
8717,6.105480511939667
8718,6.726656364996957
8719,6.166851710799383
8720,5.722120827673266
8721,3.7078765896581216
8722,4.309599942330068
8723,2.40014851979922
8724,4.827158106089061
8725,3.4445406866385175
8726,3.7154194738628408
8727,8.040273113551766
8728,8.941634187739407
8729,3.7695128231162425
8730,4.7858389383454485
8731,7.778396223589034
8732,9.697113134452264
8733,8.391250816840593
8734,5.614582898389644
8735,7.296818762691274
8736,7.98304232090401
8737,7.923601451587802
8738,8.32768391028038
8739,8.084287804361919
8740,3.2956740755865654
8741,5.4504044928041235
8742,5.864380312506209
8743,5.350575816913635
8744,8.632141906556203
8745,6.5099995308977014
8746,7.055918661732388
8747,9.32514839594974
8748,3.130883110183231
8749,4.323305704933624
8750,3.3419572065347496
8751,5.112771259641996
8752,5.4325797923399834
8753,7.786054286259554
8754,5.256872406452871
8755,6.611828141261806
8756,6.821535891579664
8757,0.27270378344362384
8758,4.747868501018705
8759,3.366660396703623
8760,5.1969743197802
8761,5.829804497578725
8762,6.256006157303702
8763,7.7011781038655265
8764,3.2566491581350605
8765,9.169691073042431
8766,6.990835637683321
8767,9.154964214341849
8768,3.9151736536840285
8769,7.383841024732346
8770,8.908169212712156
8771,7.705225628368241
8772,8.315913918701636
8773,5.328080405211307
8774,5.657192719503538
8775,5.011008504338489
8776,6.615692141152989
8777,6.784507376143884
8778,6.685817053735124
8779,5.9371104637503755
8780,6.802175781017462
8781,4.9987715769773695
8782,6.215056808965387
8783,7.002469293231126
8784,7.924862964038344
8785,3.235583639769645
8786,3.578093776027876
8787,2.5996467834806936
8788,5.547948501965084
8789,6.511707839743698
8790,8.591729136958554
8791,6.894698340747206
8792,8.299719765532393
8793,5.374862100573091
8794,5.0571144605363445
8795,5.2369355732037945
8796,3.1634962129108164
8797,4.179364471148001
8798,7.346882147106368
8799,5.362060936709615
8800,5.0136618295661135
8801,2.9453114551135045
8802,5.147380365966815
8803,6.7021965896346085
8804,7.851061800819276
8805,7.272963388736679
8806,7.199054870391543
8807,4.319889068494523
8808,7.2223705122678306
8809,5.7450773680629
8810,4.7588534161221725
8811,4.992489089522038
8812,5.9496793048405
8813,6.4985423375646105
8814,6.896560604463728
8815,9.37072684190394
8816,6.657805605454105
8817,6.589031510295522
8818,5.833884791784955
8819,4.871864763433304
8820,3.0000912122668497
8821,9.343198863821614
8822,5.405523462745006
8823,8.01445197184337
8824,5.896195148184845
8825,8.22929993401583
8826,9.401111758879699
8827,5.5940102009458395
8828,6.324381531352773
8829,6.118191036412966
8830,5.046763598552465
8831,6.928384730116892
8832,8.996007761853132
8833,5.738484540776514
8834,3.1650839785108693
8835,7.806639041730712
8836,7.4835002575744465
8837,8.091441114935696
8838,5.676640726997325
8839,6.591320466676103
8840,5.968202979940947
8841,5.618622880796765
8842,4.731428479763632
8843,5.873429430908544
8844,8.562610408638966
8845,3.940078042158862
8846,6.327087661399733
8847,5.117529454958102
8848,6.436040099077355
8849,7.699761043388363
8850,7.1589691173538
8851,5.844778283195459
8852,4.582661477244327
8853,4.188427006687615
8854,6.522928354594666
8855,9.189621250268049
8856,4.974767606272426
8857,4.463768126234744
8858,8.71524255333075
8859,6.055677511244213
8860,3.6673926088974707
8861,5.67661518902726
8862,4.372914486249352
8863,6.641062424781146
8864,6.499895228782876
8865,6.261619400922979
8866,6.582553914940875
8867,5.18005837893435
8868,6.7129199471915335
8869,6.803312168572643
8870,6.654918047489585
8871,8.336164034402348
8872,6.77281911051202
8873,3.539724887621429
8874,3.1717385784654972
8875,7.123664101566716
8876,2.284156157900292
8877,9.233705286157461
8878,2.7105846435748453
8879,7.447751114111178
8880,9.031289166778727
8881,7.864930648173923
8882,4.805712890840405
8883,7.302302178613803
8884,4.011380970524345
8885,5.112112196904174
8886,5.048512212494234
8887,5.220586875771733
8888,4.946565652545321
8889,5.630728971965417
8890,7.7716160408378645
8891,3.635580377837221
8892,6.255317592022755
8893,5.999672582599381
8894,7.648313441718435
8895,2.4573356519875653
8896,8.218753052594069
8897,5.198621192729296
8898,7.607763211124157
8899,5.181325779966756
8900,3.8043528929338497
8901,7.651317007304551
8902,4.455108342591613
8903,5.958677832877567
8904,2.7721941728528963
8905,7.2310058294412185
8906,6.626861510387398
8907,6.125638107137788
8908,6.65665484321066
8909,4.026132638233939
8910,7.890504199751057
8911,5.799451397676091
8912,5.233671217928156
8913,5.369016183747044
8914,5.575462273824024
8915,6.396588436614283
8916,3.305464617196244
8917,4.965832218964779
8918,3.7004266860060904
8919,6.77988050406701
8920,5.1879959956942905
8921,6.687766516251412
8922,6.633238691969776
8923,6.312022867315715
8924,5.993211208780341
8925,5.994799416438081
8926,3.4365967312531955
8927,6.583803399502128
8928,5.379463688275747
8929,5.657437142138136
8930,6.662538935229753
8931,7.1527215419313
8932,7.7874732354029605
8933,7.9041964997269245
8934,6.300757005561764
8935,8.635591940111768
8936,7.4940095991833084
8937,7.948977736583407
8938,5.520237656173234
8939,3.496292413267397
8940,6.638724268654069
8941,5.775904865705601
8942,2.3229651286563424
8943,6.931364221095298
8944,8.64868569331634
8945,4.931712860708977
8946,5.96724917665321
8947,6.566450923728636
8948,7.948993450556312
8949,6.185554944851462
8950,6.286696871103473
8951,4.601323813013166
8952,3.4338077281438433
8953,5.994992054230163
8954,7.460052373461263
8955,4.208514746684061
8956,5.216514052394124
8957,4.894896181412489
8958,5.357308178340859
8959,7.05855206271348
8960,9.097682174471245
8961,5.837636169824735
8962,3.7286105074938876
8963,6.6538729164927695
8964,6.1002549347045125
8965,5.098955499475994
8966,5.369999570094487
8967,9.346841497390104
8968,5.033710806552385
8969,7.567489937861993
8970,5.859228881445174
8971,4.319489248054308
8972,8.263880509482664
8973,7.826988102309504
8974,6.370142300333493
8975,5.233305973841087
8976,8.378695132899404
8977,5.980115147168917
8978,9.164892243489305
8979,6.600614742556254
8980,4.5970825406058315
8981,6.562931082113432
8982,7.662811922895832
8983,8.651356741096235
8984,5.795344720799755
8985,4.027977395523009
8986,3.8452724202439863
8987,5.188244185429804
8988,3.9067328569854762
8989,3.8992453782571337
8990,6.964169635716792
8991,4.91868922281863
8992,4.279288349811163
8993,5.898832157659291
8994,4.095276271519345
8995,8.338860554182197
8996,5.391883870917875
8997,6.903812036887404
8998,6.975254462377965
8999,8.054103413594211
9000,7.1479821627528475
9001,7.253348560664682
9002,8.153535437433355
9003,6.229310663266077
9004,7.659175054904611
9005,3.1318830093517063
9006,6.702853484795838
9007,8.738514222538177
9008,5.868296009996636
9009,6.245500574661198
9010,7.841352985057234
9011,5.058464819414782
9012,2.639079772856155
9013,7.084448037939617
9014,7.47203604849866
9015,3.6790978884753924
9016,4.7847034055664865
9017,6.506893814226216
9018,5.883709412598732
9019,3.5578257250023264
9020,6.480233893378109
9021,4.6794816123956275
9022,7.829312200192626
9023,6.224781637316038
9024,7.169820009324142
9025,6.252938555002283
9026,5.702072096855644
9027,6.74456510270926
9028,5.314603995238695
9029,4.521799679453577
9030,5.052251435413797
9031,6.100579014308519
9032,5.335090068051314
9033,4.754608368042885
9034,7.457119886750537
9035,6.384321516166179
9036,1.744938824554422
9037,5.7827836612264045
9038,6.574980052173056
9039,5.459952459520509
9040,6.823234101918737
9041,4.658613249180397
9042,4.13125388534015
9043,5.83051933153296
9044,4.535499214238835
9045,2.073532238157384
9046,6.375347069791023
9047,9.59242362914822
9048,8.119640376726771
9049,9.896251504559977
9050,4.1368049084805705
9051,4.49584475005365
9052,7.183888234273289
9053,3.460995146936191
9054,3.9487601421527114
9055,7.9088103036471
9056,7.940419802136365
9057,8.552481107607306
9058,9.294943644391804
9059,5.780617674417108
9060,7.4260504330787835
9061,2.509748239025775
9062,5.386732713647934
9063,5.003520951576836
9064,6.4782635964921775
9065,6.573317847677867
9066,5.187808838241256
9067,3.5620731633365983
9068,6.4168477203773335
9069,6.573631717524924
9070,6.718612526638166
9071,5.846107387941595
9072,8.72235060810066
9073,4.3703424950748175
9074,2.752171735767669
9075,5.836984335470921
9076,4.772087394590724
9077,4.930254570731395
9078,6.015705877743944
9079,5.34928638645352
9080,3.701862432036961
9081,4.018125596698532
9082,7.089642221457154
9083,10.0
9084,7.2178355992954675
9085,8.268867393239724
9086,4.631491965187036
9087,8.069826873855073
9088,4.385234234156974
9089,6.988274734282101
9090,6.448996101368747
9091,1.7737668431808862
9092,4.3337916143186455
9093,7.955161876860434
9094,4.204630755937378
9095,7.29956446837165
9096,9.311940253420612
9097,7.247325216384513
9098,4.413838046401714
9099,5.114729587315347
9100,9.363376990280853
9101,7.4987684924709805
9102,5.415951017102469
9103,6.219644451456007
9104,4.634874069294758
9105,7.796912395242628
9106,3.961182293987974
9107,4.963543865436049
9108,3.776716465969499
9109,6.722490215367561
9110,7.522487972833011
9111,5.46330369092432
9112,2.334098105868565
9113,6.180863596258364
9114,4.677896350375999
9115,6.046238486618178
9116,3.6015255788307035
9117,6.287185069764094
9118,7.7960117036794605
9119,6.6015904021605545
9120,5.454386186400119
9121,9.486475062412378
9122,4.419649818251441
9123,7.7211862637868
9124,9.793457925598036
9125,6.058942908776449
9126,4.968140136012215
9127,3.9090885496934935
9128,5.7878483169997
9129,4.411339217351627
9130,6.002290340591119
9131,5.317763429180485
9132,6.962269103223551
9133,2.4412991553984877
9134,4.815004724967991
9135,4.597127464810597
9136,6.696716589644327
9137,7.54736999146154
9138,5.026802671696297
9139,5.425907539720406
9140,6.084763904166184
9141,5.584448436825354
9142,8.129232956475647
9143,5.6629376346515325
9144,2.0506871294992974
9145,4.080685909428114
9146,6.090490391282171
9147,6.503962677573095
9148,7.070977355350255
9149,5.578868092767248
9150,5.830741991602318
9151,5.428441095258516
9152,6.937584985737664
9153,4.882468325654829
9154,5.585160435289914
9155,5.611418415724696
9156,9.232579027801554
9157,5.28898948425893
9158,5.304834195391795
9159,5.434922222238801
9160,4.631024024001208
9161,7.842661398053781
9162,6.616291833762063
9163,4.945685587001827
9164,6.683450806930964
9165,8.197169935128867
9166,6.401366508773033
9167,4.10208321632675
9168,6.430042684948257
9169,7.4285509648441
9170,5.818967543539386
9171,5.151294498540463
9172,8.244285932380336
9173,6.334919679234352
9174,5.423916210715802
9175,5.306665750433343
9176,4.080971702264869
9177,5.206744975011419
9178,4.435237404206615
9179,4.447948835958688
9180,7.245832110103182
9181,3.812995952162122
9182,6.532689104369877
9183,9.98631128178894
9184,6.868519880214222
9185,5.59106027588722
9186,3.7021025206284484
9187,8.31820821596957
9188,4.848983441932331
9189,4.557766403389462
9190,5.571664119798017
9191,9.508994144930625
9192,5.950111327069188
9193,5.313053602245803
9194,7.421170760471912
9195,8.373971655183798
9196,8.933767027341577
9197,5.378059419019145
9198,4.079019613793609
9199,7.601500900145615
9200,4.9206457783490185
9201,6.814102546092882
9202,4.318414363525964
9203,3.7297808379467425
9204,2.0693062620598086
9205,7.95202132564441
9206,7.179827758166883
9207,4.443548746196717
9208,3.4100928353003326
9209,4.580183039010834
9210,8.766207385699476
9211,5.679895632684139
9212,5.348960389810915
9213,3.993495199252651
9214,5.832478935066616
9215,6.654404141853238
9216,4.154906577802832
9217,6.726097846508176
9218,5.961491795796815
9219,4.21450427953918
9220,6.3660463023748735
9221,5.252600128325821
9222,2.272582512269608
9223,4.699402543899075
9224,5.904094745516439
9225,3.351816056758031
9226,5.14490587867469
9227,5.898196898365786
9228,5.003218441449153
9229,9.562839367660557
9230,8.819256500338998
9231,1.0010265620292695
9232,8.879786481975403
9233,5.712630492964203
9234,3.7639728648322803
9235,2.992308838294949
9236,4.52678226907026
9237,3.897845544621715
9238,6.6609464090901165
9239,4.044373359059319
9240,2.883258611155605
9241,6.660862816016413
9242,2.8568303752999076
9243,5.972713607820057
9244,5.900512878713147
9245,9.174307334817973
9246,8.16736140055247
9247,4.415597712112301
9248,5.630159236816902
9249,3.702973983333204
9250,6.291967399522103
9251,5.6734018846519945
9252,4.954651261634165
9253,6.065068184187095
9254,6.252327815736035
9255,2.766632691344726
9256,2.736862148140419
9257,4.394938709219485
9258,7.318756495913251
9259,4.09183250217203
9260,6.798685467331856
9261,5.057031218599742
9262,5.549199925488867
9263,8.398637841445616
9264,2.7090953643894458
9265,5.313505175096815
9266,6.4127278157771554
9267,7.506863453049435
9268,8.658313638726012
9269,7.144273013931707
9270,6.161032169020932
9271,5.718608723928707
9272,7.045884616007314
9273,8.289204258529685
9274,9.35077011604782
9275,4.729556413703074
9276,9.39845967757685
9277,4.2400226055973445
9278,6.475794494405345
9279,8.487515157602003
9280,6.101101334098681
9281,5.446800984034682
9282,3.5894652856469675
9283,4.060104548703756
9284,7.201416698641547
9285,4.3961296889848285
9286,5.8990717549619855
9287,1.8031147389242013
9288,2.22910653866887
9289,7.306403528040201
9290,8.53946557753409
9291,2.005085275358952
9292,7.522954100030472
9293,5.661367720641357
9294,2.384888672106852
9295,5.103527427282704
9296,5.531178239625264
9297,7.5233255677410815
9298,4.864313975797018
9299,6.168411129056264
9300,7.301303403854552
9301,3.9347285149831417
9302,5.00333747955291
9303,2.38959298169502
9304,2.9166038693151752
9305,5.520070983193388
9306,3.1739151507461085
9307,2.0303866217261572
9308,5.260202484673946
9309,6.22416778730368
9310,7.941038253748878
9311,9.056934778846243
9312,2.4171763313321852
9313,7.227113123989228
9314,9.226627813357439
9315,6.965682822397853
9316,4.325097786125045
9317,2.183550672348051
9318,5.8363391189232
9319,6.737754555016247
9320,6.947401590812476
9321,8.26483684925216
9322,7.947217247190571
9323,1.762346209572426
9324,2.611547319533368
9325,6.218397921126099
9326,7.573653809134537
9327,6.855751738668678
9328,3.913495925504564
9329,3.7658161635577807
9330,1.8520441828886616
9331,4.720039754506801
9332,2.9193169470092424
9333,4.488855312237185
9334,7.417718377926485
9335,6.785238301916377
9336,4.600922892152254
9337,8.917422313770222
9338,7.134365460460072
9339,9.014391984964583
9340,7.2474523715339965
9341,5.746150008241404
9342,6.197606509146824
9343,6.54281493355837
9344,7.476247751908883
9345,5.54577186660946
9346,4.961060307680213
9347,9.381290953461054
9348,4.853485015216643
9349,6.439287674687192
9350,4.853469621431807
9351,5.335397987421169
9352,7.038051968399645
9353,4.806349289925683
9354,4.68343237840664
9355,8.553799918908942
9356,5.414429248013001
9357,5.436293226182199
9358,4.486401782872125
9359,7.91959180953173
9360,6.046639443214328
9361,4.718197039513654
9362,6.1777890795679555
9363,4.717056110421953
9364,6.876888734219724
9365,3.398193262330116
9366,6.95835290945836
9367,8.69903883808566
9368,7.826491364343666
9369,7.859472996090987
9370,9.485124827912221
9371,6.292471032857821
9372,6.35028802587695
9373,4.691908282951973
9374,4.084957736089774
9375,4.51233360438911
9376,6.954572990045125
9377,7.6017078089970305
9378,3.2481112707069135
9379,6.212417961377499
9380,3.8927140540191703
9381,6.599369230749176
9382,3.12154635718674
9383,4.942221120303362
9384,8.346068585591983
9385,5.712500507017637
9386,4.329593018457268
9387,4.89563442580556
9388,4.686146118055338
9389,7.841617556098623
9390,6.239740708387891
9391,7.220660268463194
9392,6.255588204039495
9393,6.73991458612001
9394,5.231461064828108
9395,6.965278177161398
9396,5.160155316335283
9397,5.075220455577466
9398,5.032215777669324
9399,2.66527221852858
9400,3.692284145256942
9401,4.993328731571464
9402,0.9802775638955746
9403,8.13312104602076
9404,6.3175397931367785
9405,5.636908969935935
9406,4.971513589757612
9407,7.153574663808062
9408,5.350807720480356
9409,6.436121720220445
9410,4.977217033198532
9411,3.4592925755256227
9412,5.577089862762275
9413,7.130501105416509
9414,6.231738748692859
9415,2.7526322424828793
9416,9.565357903496663
9417,5.4338468290488615
9418,7.917049190683575
9419,5.042722712953851
9420,2.969406159385398
9421,4.043105542211554
9422,5.739036276393978
9423,4.010531331595264
9424,8.230215364895653
9425,5.6193657753830655
9426,7.012198205324268
9427,8.864705393674154
9428,1.9632781337691332
9429,9.038342800704358
9430,5.151561838530811
9431,6.662919698217828
9432,2.7285441929589256
9433,7.566098385504966
9434,4.624068125765929
9435,8.409178036493897
9436,5.668961542707062
9437,7.482676701006404
9438,7.049812919144456
9439,5.920785751928471
9440,0.7131128053548198
9441,1.0230892459587981
9442,4.049818364349263
9443,4.026476861047485
9444,5.0161552618311225
9445,8.34398570562572
9446,8.183280525287815
9447,7.556585255997866
9448,7.725548048035439
9449,5.496178618184501
9450,4.877194325957298
9451,7.56263901009286
9452,8.648336857258926
9453,3.212463483069026
9454,8.549245660874615
9455,7.2831952153271615
9456,7.54488422641398
9457,5.7507443459240015
9458,8.16066287388089
9459,4.473064614656833
9460,6.8617319019629495
9461,6.432588694887904
9462,7.953208489873986
9463,5.2414666443174225
9464,3.210173525924327
9465,4.086932789017021
9466,8.095372537876402
9467,3.789038680843287
9468,6.21936049496146
9469,2.968104169756725
9470,6.0222972634296585
9471,6.74849004517274
9472,6.209106783172393
9473,4.819434067417052
9474,0.9896350427173239
9475,6.52559933656633
9476,3.720938184281417
9477,5.780600447553079
9478,6.911101230001873
9479,7.4145945818967025
9480,6.526221037509922
9481,6.118921527530944
9482,4.545537126751682
9483,6.844613466580287
9484,2.914635333010718
9485,8.605690535299981
9486,6.031313787369624
9487,7.685370576473958
9488,7.782595110641577
9489,5.741684713783105
9490,1.9673617593610055
9491,6.271428402624631
9492,6.682199377557938
9493,6.4521864798398
9494,6.8514007843040226
9495,3.452445091264639
9496,2.916354204333596
9497,7.066575244855077
9498,6.000122423244184
9499,5.959328423406221
9500,6.227761908037679
9501,3.5605659927848725
9502,9.105333871467522
9503,2.4915805266661404
9504,8.928260684282805
9505,4.6245409707619345
9506,6.809906992881715
9507,9.279847766666979
9508,7.634878145756647
9509,3.236324651657403
9510,8.406204132716972
9511,4.685271335631689
9512,4.6899750850656625
9513,3.97547232764723
9514,5.351950585956983
9515,8.90157810713512
9516,6.37009234263752
9517,6.615493364633745
9518,4.833349098331247
9519,5.452718161415826
9520,8.360135347207597
9521,5.691707069058792
9522,2.6630571436898647
9523,5.244778822625636
9524,5.970110161621258
9525,7.118190206726754
9526,9.174252094308263
9527,7.6697591936086935
9528,5.6667790812096905
9529,3.405458199799097
9530,4.801625815802632
9531,4.501316250361386
9532,6.7530441479237
9533,5.21554278306047
9534,5.236091054428434
9535,5.357976011643087
9536,5.221778056424295
9537,6.396830724539794
9538,6.174038052256055
9539,5.840073286233518
9540,4.098018681981777
9541,2.743559471570016
9542,5.350751166410173
9543,4.839935993750066
9544,4.166947590060004
9545,5.840458158906255
9546,3.148800962996519
9547,7.417328124930726
9548,4.654366276613106
9549,8.872231304953633
9550,2.16145640924829
9551,6.461993040719494
9552,5.415714055061427
9553,2.236133405583929
9554,6.1492443094829365
9555,5.260275110274067
9556,5.677637201815614
9557,6.653057384050954
9558,5.368618646896801
9559,4.565701089891351
9560,4.275455459614094
9561,7.0985686652023645
9562,8.427140333743395
9563,2.2076825476390654
9564,5.723625563444605
9565,7.828435942203325
9566,6.06894561647696
9567,3.6092018779417225
9568,5.579315560640374
9569,4.504724089365401
9570,3.4061754616180715
9571,4.568757615472345
9572,4.3680708342973125
9573,6.956463080526122
9574,7.81562363847875
9575,6.893194505042259
9576,7.93592371926266
9577,5.374075255571641
9578,6.067340841044968
9579,6.137605590802344
9580,6.2935192153844834
9581,7.914733364237029
9582,4.6823799644883275
9583,8.76359804741406
9584,2.869086195531212
9585,6.5047030488791515
9586,5.439397355459521
9587,7.509239326100312
9588,3.986837813143076
9589,6.288248615395569
9590,5.9162691020500855
9591,5.827312294474146
9592,8.095637199912328
9593,5.271704942295583
9594,5.760754483781002
9595,6.196624752744771
9596,9.013298650515404
9597,6.484660071770681
9598,5.576157518279053
9599,6.471949943204837
9600,6.2663531913157815
9601,4.454791942427776
9602,5.923444092262397
9603,6.419057288431377
9604,8.916771917351092
9605,5.293255937195806
9606,6.7815592792942505
9607,4.924705718490944
9608,6.20530870688304
9609,2.810812540007399
9610,5.940699564215342
9611,8.314705567400901
9612,4.152295440298977
9613,7.1572649259655705
9614,3.7903109201420326
9615,7.722608377263473
9616,6.803498754009097
9617,6.053139316497983
9618,7.139673608041127
9619,6.091900589151872
9620,4.585759643358156
9621,5.148217150369552
9622,5.322801356292302
9623,7.691913081982141
9624,6.132010528668062
9625,6.208037613532045
9626,7.164332888636961
9627,5.035134186180727
9628,7.473170240283303
9629,4.3994331176080195
9630,7.544373852313274
9631,3.1386018902856976
9632,2.1236021369885227
9633,3.95224696621361
9634,7.1082493856875715
9635,4.342369488457396
9636,3.637905898763195
9637,4.079888326200874
9638,8.235900475148053
9639,5.63621722877074
9640,7.238855806974179
9641,3.803729163505693
9642,3.7639322140706066
9643,4.44305575684542
9644,6.356663571032823
9645,5.844021354039809
9646,8.19972805526833
9647,8.099789230928867
9648,2.597775357180009
9649,8.592778350331937
9650,5.6651431113204715
9651,7.961846694975899
9652,9.250006362394029
9653,5.870596262498649
9654,8.275172186949945
9655,4.1735018711803535
9656,10.0
9657,7.920001616305561
9658,3.4045582655615743
9659,6.900802660508622
9660,4.869082465921007
9661,7.816373932323303
9662,1.6995464177956598
9663,1.9827777081690034
9664,3.3316054588045483
9665,7.7637355037548135
9666,7.76553541164643
9667,7.933004665597658
9668,2.9811146804488686
9669,6.63747847517892
9670,4.173368124943663
9671,2.056396230476354
9672,5.558018490452548
9673,7.8470001928244555
9674,4.439513217741269
9675,6.161095162259284
9676,6.3837598588552655
9677,8.402154293062914
9678,5.02322652657489
9679,5.42341243361941
9680,4.973212887429485
9681,7.595103193246851
9682,4.357708436159165
9683,6.076938551860893
9684,5.853596460507131
9685,6.134210587784292
9686,5.699312233622102
9687,8.375479415318708
9688,5.981345972875451
9689,9.202840065002594
9690,5.931264631157086
9691,6.94220699611061
9692,7.138843709183619
9693,5.628188046547218
9694,3.5499531668199302
9695,5.945118614916119
9696,8.844732200601214
9697,7.690673503046212
9698,6.540861368961984
9699,3.979061358130043
9700,6.204398260417344
9701,5.778645689805633
9702,5.219066769065689
9703,4.917091108700279
9704,10.0
9705,8.538178244514455
9706,7.182392342841111
9707,6.228705172933001
9708,7.145817761899527
9709,5.614820193831856
9710,2.555755212473726
9711,5.537259944252636
9712,9.125047001718377
9713,8.043355749630798
9714,6.973606057366005
9715,6.7837323805737855
9716,4.496850466069507
9717,0.9569682083861906
9718,6.968115287328964
9719,4.74629601214278
9720,8.572155956435324
9721,3.0400606488228945
9722,6.060451186487595
9723,4.377152182134639
9724,6.865620045524718
9725,8.576922976475574
9726,7.096168350016
9727,6.361842923086626
9728,6.881730860304819
9729,5.383088716305682
9730,4.6327937850449805
9731,3.246432421927125
9732,6.606397688254294
9733,8.655183545269029
9734,6.934730860549083
9735,7.496774375994212
9736,3.3050440055206036
9737,8.293087393783788
9738,3.357115220891224
9739,7.7238612482617315
9740,5.836407465976057
9741,6.746174994961604
9742,3.2814080344725625
9743,6.869734363700258
9744,5.142791264932735
9745,6.164585601567352
9746,6.521194844552545
9747,4.609250115800813
9748,6.21753077512247
9749,5.301753095819792
9750,1.7572342019159153
9751,5.770648325891234
9752,3.976187094246285
9753,9.153663731712069
9754,8.68505328647045
9755,6.711445999881986
9756,6.556069533528138
9757,6.783648991618941
9758,7.092477885920249
9759,5.821606804564373
9760,6.772509478226018
9761,6.626823647817909
9762,6.943426839326554
9763,3.337782452977074
9764,9.153981307171376
9765,5.813591463390212
9766,5.473388654782978
9767,5.881899475830826
9768,2.5036436273543172
9769,3.8540805503312274
9770,3.437587209623368
9771,5.549881609032807
9772,5.0783604901547355
9773,5.680211496014874
9774,9.608450320438594
9775,3.3498607392696815
9776,4.797046199107753
9777,6.5808460563378395
9778,7.8652745677914
9779,8.282142532541153
9780,5.440278539644008
9781,8.887064786192436
9782,6.78472631192044
9783,7.496906322780925
9784,5.468392613955298
9785,6.020947610103203
9786,8.72516450846128
9787,3.3112049608762892
9788,4.09456763766395
9789,8.322153358833834
9790,4.749634089855037
9791,2.4888503969135263
9792,3.5960227688424147
9793,9.736825606611845
9794,6.505817705807384
9795,7.287678086329546
9796,4.193152914889372
9797,5.926734358848127
9798,6.940611074364896
9799,4.567002771413283
9800,6.277426823352831
9801,6.922454551864802
9802,8.598366528967912
9803,3.881789482028791
9804,3.492355631441263
9805,4.759535643715513
9806,5.698104565242435
9807,5.4226981268668775
9808,6.412153543567328
9809,7.318599581799865
9810,2.3002224307780126
9811,7.849171311794585
9812,3.3895311803634773
9813,4.364044894413097
9814,5.733833136728416
9815,5.120774700157441
9816,2.350252106278936
9817,4.900893533751546
9818,8.032524164049866
9819,3.2720445231839514
9820,6.873903904572814
9821,5.0019248208084495
9822,5.124833369779009
9823,6.6129089592289265
9824,6.43896124548227
9825,8.344178751480907
9826,7.847448782942971
9827,5.345252163086308
9828,6.512288732947909
9829,7.018379391630665
9830,4.212161763398439
9831,7.085667344812495
9832,6.561638575719435
9833,4.787694062978513
9834,7.956959868424287
9835,5.507928391135088
9836,5.740217429476853
9837,4.737860613020911
9838,4.50750700164602
9839,5.185215926211761
9840,7.480416820249626
9841,8.890248510039743
9842,5.004048695857759
9843,6.378684047908392
9844,9.785223705708455
9845,5.299322972266217
9846,8.388675855667874
9847,4.296304013244416
9848,8.601017374578
9849,3.25789525221482
9850,6.56102817821455
9851,5.707334090057843
9852,7.991876575928317
9853,6.429260312443625
9854,6.537374163288196
9855,5.913019522699463
9856,5.7452803004666775
9857,3.623445849515231
9858,7.413418913474181
9859,8.16102624088348
9860,6.362859668149123
9861,5.68009488715265
9862,7.083993065673178
9863,5.836407786970753
9864,4.5753564536696825
9865,5.1092814530355355
9866,5.933982933480779
9867,8.392287102731272
9868,8.75641425558785
9869,2.4423937053161904
9870,6.359125954801268
9871,2.9984673018592476
9872,9.433269123364257
9873,5.772072247550859
9874,6.793936458503209
9875,5.33649929798212
9876,5.215226465428268
9877,7.713322110728735
9878,5.049020730870694
9879,4.208343916997006
9880,5.775729826564784
9881,4.778319188442367
9882,4.878699849715705
9883,7.308358745310406
9884,5.562045099685942
9885,6.588324308292237
9886,3.8501284434181615
9887,3.74075360319318
9888,3.569362514981189
9889,7.562822856809858
9890,3.6360923518306456
9891,8.076512347395322
9892,7.562491141905595
9893,7.498010125340989
9894,5.432679369525888
9895,6.868787391410837
9896,4.532894243755455
9897,6.9198939764315615
9898,8.281419425136596
9899,6.70745191165109
9900,6.684867482683943
9901,6.721129566231138
9902,2.817581565856023
9903,6.895528210847751
9904,7.19132709858489
9905,2.3266020828014313
9906,7.916157741427805
9907,5.154052344799928
9908,4.69501445412159
9909,3.8647508457096547
9910,8.520730824008977
9911,8.204681336884246
9912,7.738133989442489
9913,4.273520657421462
9914,9.242848079000144
9915,4.038937469378073
9916,5.293525393371532
9917,7.09735434924976
9918,4.89573247473902
9919,5.066766592463881
9920,5.687511597114443
9921,8.361645844294253
9922,5.1668922118898974
9923,7.370719641184089
9924,6.714946340946583
9925,6.876678477586032
9926,3.199918722799258
9927,3.7224019101137236
9928,6.464967416149509
9929,2.6337244723964277
9930,6.341992819416465
9931,7.053730460149097
9932,2.9262218271835314
9933,7.6052495463873635
9934,7.182713594853923
9935,7.023959413397842
9936,6.204193109863244
9937,3.485016654372421
9938,5.637777940583934
9939,7.264774041679794
9940,5.210390550575596
9941,9.166163723828795
9942,5.201557261815235
9943,2.679366039953918
9944,7.183481953025098
9945,4.721182871345041
9946,2.184726235581722
9947,6.629587229014693
9948,5.552817328574264
9949,6.571414973289728
9950,6.579954770435122
9951,8.08263180792621
9952,7.174548285291479
9953,4.857791065511274
9954,4.700309754575826
9955,6.186748905991997
9956,4.2212503514714825
9957,5.726485232047406
9958,4.993961057002085
9959,4.149577679552948
9960,5.425633483634281
9961,5.629242857816761
9962,5.565960891883655
9963,5.827958669919502
9964,4.307636613818027
9965,7.44262097109947
9966,3.998464407543275
9967,4.380996336807017
9968,7.739121275607733
9969,6.966749364666705
9970,4.763623796947573
9971,0.5170915646913362
9972,10.0
9973,4.235690133666278
9974,6.147029291647318
9975,5.18227961568265
9976,3.9644369153230534
9977,6.284207635566124
9978,2.076747685774416
9979,7.196061593040156
9980,3.8377080434725186
9981,5.436965133542591
9982,8.418878844793054
9983,4.829887838797398
9984,8.052210351596294
9985,6.901094115185164
9986,8.63838804944534
9987,6.736998574416551
9988,8.25635434268111
9989,3.1196643598089344
9990,6.338485321424663
9991,6.0821376834825465
9992,3.0325739232416473
9993,2.707865146799022
9994,4.3691582416125945
9995,5.895498196108842
9996,6.952472198955779
9997,7.63067202628144
9998,5.749849061120574
9999,2.890715166407914
10000,6.778765620242939
10001,5.236874323808244
10002,3.6967806321436987
10003,6.6466675296072655
10004,5.393056411819883
10005,1.6762441857598558
10006,8.27301365458212
10007,8.869524648175524
10008,8.280768138731187
10009,4.701148199739116
10010,2.8427017757485316
10011,6.176538365966317
10012,4.600817216007349
10013,5.953393445885235
10014,8.18727828806548
10015,7.369122146238926
10016,6.512071451245955
10017,8.228513356403184
10018,4.327713128529897
10019,5.1706008569742155
10020,9.403424022143884
10021,4.563123370954755
10022,5.454580858838587
10023,5.307672911425588
10024,3.2575588834552143
10025,4.077232156020697
10026,5.962731327803248
10027,6.1624257109088045
10028,6.825076106273655
10029,4.557547747605211
10030,5.655336914137015
10031,7.206299427975307
10032,7.9196677987210045
10033,6.1191226367429445
10034,5.869631642104933
10035,3.067408526557669
10036,3.74563715256965
10037,6.3970372053754465
10038,5.438179261775873
10039,3.8624690599477853
10040,6.964025990357675
10041,1.154058286842996
10042,6.7906537346153595
10043,2.029618859681997
10044,5.076578895109865
10045,7.234778624793492
10046,5.765968989894428
10047,3.629289113427046
10048,5.141331436915059
10049,8.23394148873416
10050,5.94315321611042
10051,4.908938706989146
10052,5.753668007440729
10053,4.9216806615165964
10054,3.6075308309792216
10055,5.211755671362246
10056,9.36424642914787
10057,6.3988192605143315
10058,5.271809328502936
10059,5.8213733665097225
10060,8.325121112193886
10061,7.47355887681497
10062,3.553747308461121
10063,4.813456265121861
10064,5.7952571795051835
10065,3.1102261261175075
10066,8.66432226541269
10067,5.398982353813274
10068,9.385663569073296
10069,5.853155246499666
10070,4.865092397246733
10071,6.702819924870596
10072,3.6584507081305566
10073,4.2036604123646315
10074,8.505964263850036
10075,8.170796222112562
10076,4.438974257559943
10077,9.162517360293322
10078,4.317201416481545
10079,4.873563773993156
10080,7.865521874817724
10081,4.012135445277527
10082,3.7740015122722714
10083,7.474159224703649
10084,5.4058058984554895
10085,3.5577495552334337
10086,8.164919269314632
10087,2.630721357608724
10088,5.259813653497558
10089,3.7101313678000207
10090,6.800983699245796
10091,1.620810810306359
10092,5.448949259955695
10093,7.785088697562277
10094,6.701006539813701
10095,7.905096106940786
10096,2.448485628633729
10097,6.77857206939113
10098,4.92287336857542
10099,7.565800734616147
10100,5.117002866210856
10101,7.20456029574696
10102,3.6072918983583615
10103,5.281402058805796
10104,7.765164658128486
10105,6.7737640513490085
10106,7.183037682517555
10107,6.7735157359286555
10108,7.894232319775824
10109,3.328547117578475
10110,2.6473539385598475
10111,8.183437071241976
10112,7.0420630703254
10113,8.477779763502904
10114,7.0034781483164235
10115,6.794542202408457
10116,6.606326123063636
10117,6.790192668723715
10118,5.5401533457437795
10119,6.740469551417524
10120,5.778262161689025
10121,7.0454200532104085
10122,5.464991550507747
10123,7.18082509279173
10124,7.895993602088321
10125,5.825947033966899
10126,4.872306284049377
10127,9.007332472473792
10128,6.845022230238651
10129,7.787145952907579
10130,4.887377839331716
10131,8.004695941030512
10132,5.536764724872098
10133,4.066279653774218
10134,3.618747048027026
10135,5.744763248692553
10136,3.4092265788856326
10137,4.252107399166198
10138,4.271770872989723
10139,6.563088552637077
10140,7.729799487826057
10141,7.96484512132317
10142,3.6643110473985434
10143,6.421976280987066
10144,8.904538686060247
10145,9.894687349842382
10146,2.321681039252072
10147,3.977192553050125
10148,7.639713916375188
10149,9.294945707679274
10150,7.163902073925234
10151,2.407822410173681
10152,7.645087902223327
10153,2.6767794243534286
10154,6.429558481161669
10155,6.092617853184344
10156,4.9065601839038235
10157,7.833830269433162
10158,5.3617793626265895
10159,6.761500663831819
10160,5.868444671745136
10161,2.2800463462032328
10162,7.660493239977269
10163,7.148837900571155
10164,8.232986682639703
10165,6.95586322864339
10166,3.606996040717387
10167,8.428345385394383
10168,5.193928833223133
10169,8.766199665921
10170,6.407307780898567
10171,6.149261400134845
10172,6.553745081420978
10173,2.0188203642747307
10174,6.643032561057237
10175,7.505710533399634
10176,5.038888747694975
10177,4.712339503420916
10178,2.753165341699394
10179,7.34251448503064
10180,6.4922256308682975
10181,3.778185704013833
10182,6.308227357291811
10183,3.2492415101054664
10184,6.271067717563199
10185,6.51046022256511
10186,4.671978829378665
10187,4.450557823137655
10188,2.170981951826447
10189,8.62501181597688
10190,5.441542535828321
10191,9.699667101070125
10192,5.256574482518981
10193,7.329503606632797
10194,6.709352864781067
10195,5.5132079196961055
10196,7.086043322159234
10197,4.925201352237723
10198,5.839350067849849
10199,4.915095436014794
10200,7.132456249554446
10201,4.076618191937519
10202,1.5657871279613285
10203,8.270350239229307
10204,7.894395172672148
10205,7.66378722098576
10206,5.817155220379409
10207,8.141671729451618
10208,5.339973231664475
10209,3.4007472291163334
10210,7.401999266855484
10211,6.737265528999191
10212,5.10027717791923
10213,5.649656039586875
10214,4.689119624734938
10215,5.164743372104539
10216,7.174963591464598
10217,8.421515663893931
10218,6.439483927598376
10219,6.973422271906324
10220,6.896752094112973
10221,4.859086587356889
10222,7.346335356483107
10223,2.60539653293017
10224,4.579004644915297
10225,7.905521694296181
10226,5.7152619183746705
10227,1.9311684212452578
10228,3.1710248812042257
10229,4.092051286324598
10230,6.902193761544911
10231,6.129078528481977
10232,4.901973718380636
10233,3.875796849313713
10234,8.146382573351067
10235,5.952583420240579
10236,5.717982793687237
10237,5.941056981882415
10238,4.278467864019131
10239,3.7483418651406457
10240,6.233786952755468
10241,5.586625074103967
10242,3.2335330060379865
10243,5.286992308718371
10244,3.5093264071378063
10245,4.404155048544837
10246,3.0921123891264544
10247,7.431163622082627
10248,3.6004549448110805
10249,7.756056002086609
10250,7.989751367720869
10251,8.59690189727219
10252,5.928430776624699
10253,3.9182602561430064
10254,4.975708297437113
10255,4.352034323536519
10256,6.949241036616477
10257,4.717771494583913
10258,3.842472463080995
10259,6.351962079327728
10260,6.232067231958988
10261,6.227891582630739
10262,5.466223017518031
10263,7.744776887005547
10264,5.904220567739382
10265,3.062126114240348
10266,6.2489545488203735
10267,4.460599747854748
10268,7.204984133943412
10269,7.422126301243737
10270,7.241326935809319
10271,4.179940861381189
10272,5.2566739193299075
10273,8.498905473423958
10274,5.681964322612332
10275,6.023138602701815
10276,5.133113240584586
10277,5.822168213778482
10278,7.7406885575623114
10279,5.103326444587112
10280,8.630321625789534
10281,6.855311403305346
10282,5.878276316723178
10283,4.414474844356676
10284,8.643010017359018
10285,5.551451790765447
10286,9.14271585955891
10287,6.651344592961395
10288,7.1752748009513265
10289,5.534325135438935
10290,4.461148479176512
10291,8.101785718172506
10292,8.062295087774388
10293,3.6061620988660197
10294,6.1064785394986165
10295,5.827321921251846
10296,9.08150238666775
10297,3.1648825545313795
10298,8.762546214663935
10299,6.403146023983788
10300,7.225311826959019
10301,9.442610359875802
10302,6.841253085393646
10303,7.168706755686193
10304,7.804832651847373
10305,4.219039951463654
10306,4.217174431365953
10307,7.25096289043445
10308,5.144846260665987
10309,5.694247341166591
10310,6.606196275856633
10311,2.9242182576602955
10312,4.556853400562376
10313,5.357537898525458
10314,5.762280407232374
10315,5.184610778510343
10316,9.379490924372845
10317,3.309188988876316
10318,3.2447912684750926
10319,3.8866433424719493
10320,5.665651792511222
10321,4.271503058402146
10322,6.915458660896272
10323,7.657855463436217
10324,2.3936560110702443
10325,6.257842062864334
10326,4.08939634383417
10327,7.341539585727908
10328,4.432659817305275
10329,1.0750204438266717
10330,8.72371700488698
10331,2.977823969941767
10332,9.04900089624838
10333,4.223048641644544
10334,5.504254940183047
10335,8.308891186797231
10336,7.662495387950035
10337,9.33907996708812
10338,3.823756032557327
10339,4.130466358068189
10340,7.950724010332363
10341,9.777346700124161
10342,5.930490619490937
10343,5.141287952230781
10344,8.735759609215505
10345,5.648382133776996
10346,6.2158552119066774
10347,1.862793730823311
10348,7.005027471678877
10349,6.097808018747433
10350,4.279100840247643
10351,3.370551830520216
10352,8.403637239418423
10353,3.9535428159644974
10354,5.719735950755391
10355,6.199949326719494
10356,4.907845755741552
10357,7.216824142563616
10358,4.03882508491488
10359,4.798571946313577
10360,6.357376064205614
10361,8.499861727623186
10362,3.493656552156622
10363,6.3361350204140585
10364,3.554239218897113
10365,4.496265057326633
10366,3.457469554856946
10367,2.8214418314025114
10368,7.016993025903747
10369,5.460082005616325
10370,9.12862383364606
10371,7.116341361848655
10372,7.528300725930167
10373,3.772107631404717
10374,4.844316665594186
10375,3.555241340788377
10376,4.178580727447131
10377,5.052665118689089
10378,3.947768387696116
10379,5.253050797939574
10380,7.7313995302342775
10381,4.529785488719757
10382,7.729482890255225
10383,8.138306935091398
10384,4.140403478346248
10385,2.392875310437067
10386,5.378140697986849
10387,4.234656991115148
10388,6.34108709846549
10389,8.306841651456798
10390,8.593371598557926
10391,9.398048535824644
10392,6.173670725780436
10393,4.937071285159797
10394,5.04993836471451
10395,3.7782239339994916
10396,2.115155026723796
10397,4.0719352807391616
10398,6.839374662289927
10399,2.8935060485072874
10400,2.0381183100716993
10401,5.947486143616716
10402,8.226171232683413
10403,3.241318223837031
10404,5.907044541071866
10405,7.41942057816799
10406,2.1445590570542588
10407,9.043231775045424
10408,3.318602301949075
10409,2.2077938635618435
10410,3.2341776453846505
10411,9.90591437205395
10412,4.1228893401161315
10413,7.8980923270050445
10414,9.209555495613222
10415,6.450432665179124
10416,3.268702356828813
10417,4.154586386873691
10418,8.475477853926556
10419,2.8005359075570695
10420,6.469101451704163
10421,7.128750835734784
10422,8.903264095149598
10423,6.388948077874394
10424,6.161399906985428
10425,6.968854875062539
10426,6.488993077084455
10427,8.716250854390998
10428,6.340749046423992
10429,8.053766260068175
10430,6.831000157331846
10431,8.446417686146793
10432,7.937414481868613
10433,6.783990986568771
10434,6.27078105565407
10435,6.720800190602145
10436,4.854691766876285
10437,7.7590916728200225
10438,5.180121334096504
10439,7.078679904798239
10440,4.491439935674926
10441,8.021089193761306
10442,7.301583443302682
10443,5.5504210781157335
10444,6.514752326544921
10445,3.4617849483521907
10446,5.918717256024024
10447,4.598791656796488
10448,4.672906747513905
10449,3.352209935056799
10450,7.1575152065128105
10451,3.7344461113588245
10452,8.181835474053074
10453,7.179268148950809
10454,8.072371145616549
10455,5.279197819502401
10456,6.082888281015497
10457,6.358696921487853
10458,7.021012508847604
10459,6.767175612246199
10460,6.2258674443024615
10461,6.049806709634154
10462,4.22370941259261
10463,1.3168667196200743
10464,5.738388150731515
10465,1.8227363337124691
10466,9.255726461668798
10467,5.151204046564597
10468,8.815864540798696
10469,7.471236026211446
10470,4.08234249987853
10471,5.27029746263073
10472,7.187126130655582
10473,4.3627412787911934
10474,8.584075734724701
10475,7.964986881387903
10476,8.114070627288905
10477,4.9927105307366135
10478,9.429913734052908
10479,5.29232109530729
10480,6.476476822148242
10481,6.096767433713368
10482,3.9749410964313774
10483,4.813181568660056
10484,4.732485612211791
10485,4.12951746617339
10486,6.786668276140242
10487,2.5776350961127164
10488,6.182241962743559
10489,2.577598587352621
10490,4.016152765211486
10491,7.7222488191413445
10492,5.955515858242395
10493,8.126554513480292
10494,3.0947360156450547
10495,9.48874461418758
10496,8.786262529698792
10497,7.042239955406389
10498,4.368889304688542
10499,5.949368305031863
10500,6.134136897502179
10501,7.930409787936053
10502,3.9664299855980736
10503,3.3613597429519815
10504,8.084578918723725
10505,7.471115900091028
10506,5.64096764452355
10507,9.50531385790224
10508,3.918848842965434
10509,3.033103472140853
10510,2.1011699879727805
10511,5.206875678353397
10512,4.4106260901569145
10513,1.5572951071395624
10514,5.852686459703205
10515,7.357851216583364
10516,6.61910258951262
10517,6.325693365551313
10518,4.978315408864927
10519,3.8327463989897854
10520,2.239493490588944
10521,8.044178237014252
10522,10.0
10523,8.207011556524257
10524,8.660343255748234
10525,4.526356649502058
10526,6.883865694303194
10527,6.567313480229727
10528,10.0
10529,8.565622755023137
10530,3.549509879737073
10531,4.761537857787318
10532,7.130974400695418
10533,7.241013225586586
10534,8.993310557103415
10535,4.569631034402289
10536,6.821498922576814
10537,5.832749027873563
10538,7.3250518559366995
10539,8.090057553839753
10540,8.21640467640842
10541,5.510856611565849
10542,3.123731186893017
10543,3.682358977374569
10544,4.688837099928218
10545,6.80327587006226
10546,6.177453736308147
10547,7.818667248351564
10548,7.605094450019225
10549,6.862394750033662
10550,4.119988323145009
10551,4.641835543826155
10552,6.913707217322776
10553,4.734352345885821
10554,6.338351446012928
10555,2.225726753525203
10556,7.847534100762324
10557,5.21343295042859
10558,5.981661329282518
10559,5.971844453843383
10560,7.41471389395178
10561,1.522586500322159
10562,7.7398371532984855
10563,4.841175374636255
10564,3.8282402764430845
10565,6.074235223769314
10566,9.656532583876396
10567,5.530385396391705
10568,9.632370408421627
10569,1.734695364359919
10570,5.610273428724131
10571,8.400530012912643
10572,5.500097300941811
10573,3.9498931413342495
10574,5.253950774146052
10575,6.0299660600453935
10576,3.5218111635261673
10577,6.813178298631866
10578,5.697714030666327
10579,4.53100062599643
10580,7.67122561227716
10581,6.058423904409814
10582,9.414477908636297
10583,7.448605081526731
10584,4.022936474835867
10585,2.237689142466373
10586,4.763366450262379
10587,5.796918668024549
10588,5.544986677522104
10589,3.6923390447409807
10590,7.1351504108793575
10591,6.526034418067477
10592,3.321408336274038
10593,8.618765193873113
10594,6.9509728878592405
10595,2.6133422169992815
10596,5.926148175504334
10597,7.823351258022078
10598,5.1804924507703785
10599,6.187039075723696
10600,3.2358362353058188
10601,4.566134873149623
10602,7.954517584102794
10603,7.462617234347409
10604,4.563538608088193
10605,8.566243070438079
10606,3.980560241560092
10607,8.003437563135416
10608,4.418168564182713
10609,4.421908966915575
10610,5.617532964045484
10611,7.032817223672815
10612,3.486782008028623
10613,6.617904532215307
10614,5.76679795817046
10615,6.741979355211005
10616,3.222043018075459
10617,5.611857440517851
10618,5.530510164570544
10619,7.404033593578477
10620,4.460848595854621
10621,7.641827291819993
10622,3.885344415465758
10623,6.880964647145696
10624,6.802004922044176
10625,5.80671646684601
10626,7.86434494271148
10627,7.507337283654733
10628,5.148544708311841
10629,6.443287908724542
10630,6.240223270959789
10631,5.611101136919684
10632,8.69448677260621
10633,5.973355506725899
10634,5.691635548099197
10635,6.788157631008915
10636,8.117287518559039
10637,5.634132434040281
10638,4.895618392489206
10639,3.836849984562961
10640,5.802099811218878
10641,1.9651815459121706
10642,8.747124912931895
10643,7.605690185954467
10644,8.876304879898171
10645,5.508212734765579
10646,3.501478352168723
10647,3.7049222243602355
10648,4.1968070110871585
10649,3.021479055254463
10650,7.606926111844361
10651,7.515145365439493
10652,0.9664919213187251
10653,6.736582370860772
10654,8.527184255270743
10655,1.8155962024361325
10656,7.770319285629722
10657,4.6728639445883084
10658,7.185735833239735
10659,9.784079708341586
10660,5.408104218760476
10661,4.567633057971152
10662,3.9819497543298863
10663,2.410264989692772
10664,6.02159991558318
10665,8.16814744931163
10666,9.461419875332057
10667,6.4734040632428655
10668,5.53769541730809
10669,5.580314663199856
10670,6.750835021551077
10671,8.48247320760971
10672,3.7929304133013972
10673,6.3770583552356195
10674,4.402500210732282
10675,8.93642473850385
10676,5.478967635345437
10677,5.767882841541857
10678,6.74899572462211
10679,2.564968517046267
10680,6.966758079014995
10681,4.928210993571009
10682,7.255287895650828
10683,9.138381479238804
10684,7.864772523924398
10685,5.712932046929115
10686,4.8257334866177874
10687,4.474839602770653
10688,5.970730394386373
10689,4.0749011784344535
10690,5.878760024922115
10691,4.374679619645437
10692,8.708606178107507
10693,6.108313249808811
10694,2.2251202954462435
10695,8.433613158233838
10696,4.461838282953565
10697,6.473879498238676
10698,8.97112313893703
10699,6.868291256422139
10700,7.413885665154209
10701,8.879683373839159
10702,5.855400358979136
10703,8.269420777891112
10704,5.144254369586387
10705,6.414128114718335
10706,8.93212191348653
10707,6.649727350670627
10708,6.487172043993583
10709,3.8545130469174675
10710,4.739075241328546
10711,8.278976446184803
10712,4.238872510069496
10713,3.9808952373817332
10714,6.147356327070136
10715,3.242483763432455
10716,4.997640917025776
10717,7.379570740778776
10718,4.289220256602067
10719,5.863729872329327
10720,6.593304218414777
10721,6.785367711539202
10722,6.042699154940044
10723,4.660987683971074
10724,3.772400985358662
10725,5.053904862114478
10726,4.989382861490905
10727,6.6973543618582845
10728,5.558377536478252
10729,8.149851713653545
10730,6.614090581391311
10731,6.295544524482212
10732,5.4606576728166285
10733,8.123717277214215
10734,7.94513450660171
10735,4.02957794652791
10736,6.618019056572544
10737,2.7566946783051223
10738,4.882658612144043
10739,3.700729608429436
10740,7.206724206687458
10741,6.616834298259585
10742,5.926922640946048
10743,3.735604719202236
10744,7.6856405300798265
10745,7.998201052478221
10746,7.393595490993887
10747,7.306635819428596
10748,7.723670034333858
10749,2.870135238301919
10750,4.769947606575843
10751,1.0309076779250916
10752,9.1052044867593
10753,6.569645910002608
10754,4.3192509775620405
10755,4.383295261244784
10756,5.80029601493184
10757,8.452962073843686
10758,4.559291852519469
10759,4.748115691729256
10760,3.510145558799017
10761,7.32717359646717
10762,4.78960950490953
10763,2.7884458098898177
10764,0.7250579291052048
10765,3.166491803177024
10766,6.518526950663846
10767,7.764548504632241
10768,7.595712701999245
10769,1.5028330185688368
10770,5.076880552617842
10771,7.486444223599673
10772,3.95740200494834
10773,6.567650658541367
10774,2.2560371620058137
10775,4.425072318562998
10776,6.546058654493111
10777,4.879369492568724
10778,4.6721147594432075
10779,4.830595422058164
10780,3.3422669847020843
10781,3.8618458077414304
10782,7.5990036136137675
10783,4.432899770662046
10784,7.690123399893077
10785,3.5778257884197817
10786,5.872075501819167
10787,5.366199882709495
10788,6.55971254036897
10789,8.047629753157935
10790,3.5145707528295698
10791,4.383119587178278
10792,8.362629506699268
10793,7.721706021947205
10794,6.410987477728883
10795,6.927743961978517
10796,4.769601058182491
10797,6.091618164148289
10798,3.0440554184883206
10799,8.003632289856
10800,4.725044800989863
10801,7.684805772420311
10802,5.219655117485416
10803,8.51367020160838
10804,7.23304254149901
10805,3.8602233509300374
10806,5.166737367225903
10807,7.576238812761453
10808,8.618000060867816
10809,8.061419190237014
10810,6.132111297913421
10811,7.093113550439896
10812,5.972220569405873
10813,6.387112859753033
10814,6.36867442628415
10815,7.636615109715329
10816,8.376696482510619
10817,7.788354078011039
10818,8.026501441396459
10819,2.7888112578621196
10820,8.151223579594285
10821,6.215419955235977
10822,6.793271245677234
10823,1.4321628520995873
10824,4.128971162182622
10825,6.060156077502164
10826,9.29423757619056
10827,4.852014867900252
10828,4.82908990250674
10829,6.65574603941645
10830,4.788975700271037
10831,7.972731059602555
10832,5.627398905980346
10833,7.721183643631543
10834,4.8637106779396415
10835,6.174010472494816
10836,7.951257846029541
10837,4.084432865763989
10838,6.755510354539873
10839,5.0214178624265555
10840,3.311033705888424
10841,8.075742780163168
10842,2.3604281043152007
10843,7.222651925723129
10844,7.568848223084331
10845,5.283954867185734
10846,7.241795612940748
10847,5.597250122878671
10848,7.391874133962334
10849,5.707312981494885
10850,4.74255447756599
10851,4.351455735516449
10852,5.578584222958923
10853,3.6256803934095063
10854,4.592267502224882
10855,6.08869582242483
10856,5.504065505507562
10857,4.8845337719034845
10858,0.846713785261969
10859,7.987927233932353
10860,7.479152058361936
10861,6.067081728383386
10862,5.809164954816136
10863,6.479967920979118
10864,4.917588115728144
10865,4.050642937572915
10866,5.942393260665457
10867,5.951429931069528
10868,5.651672020124861
10869,7.081943810883606
10870,4.534529978464969
10871,6.703593721594696
10872,2.365113450422871
10873,5.1701620860314
10874,7.1847654686791556
10875,8.773239727812134
10876,7.055321634616792
10877,4.591908517851473
10878,5.726230554639093
10879,6.598391878006286
10880,3.249120804773837
10881,6.965916102990372
10882,6.138314953966564
10883,5.299047791837895
10884,4.280426476924919
10885,6.467901387739564
10886,4.314477794688754
10887,7.146904873883285
10888,6.154415560427664
10889,5.408006977308344
10890,5.893689626864607
10891,4.104325833361617
10892,7.361716988017241
10893,7.120874113952845
10894,5.197313447451143
10895,7.334641953575842
10896,4.849757551602125
10897,7.181302214116791
10898,5.431149426752261
10899,2.185361863145989
10900,7.892013387143462
10901,6.178820378761379
10902,6.59630254228732
10903,4.43413161267379
10904,4.358144440897928
10905,2.0181310057896544
10906,4.595992806073326
10907,2.9922231575060394
10908,6.0361792032771415
10909,7.308832863930492
10910,4.787848117073306
10911,7.846192441998465
10912,8.167994926877883
10913,5.784030464842751
10914,5.9414399405184675
10915,7.369152973743386
10916,1.8285415698160694
10917,4.2634772093715805
10918,3.9760313588837697
10919,5.771053623187527
10920,6.0982965885145175
10921,7.117250514713132
10922,4.987627775012296
10923,5.039092066672771
10924,7.711414623224398
10925,9.170178534215944
10926,7.5861799252791124
10927,6.047992650454115
10928,2.307712342029915
10929,8.081779955180318
10930,2.8962718680008686
10931,7.615400523634101
10932,3.1904953689600926
10933,6.6710935950967025
10934,8.065671664006278
10935,5.665224019064838
10936,2.228341544299215
10937,5.840464423279589
10938,5.891152066876959
10939,2.4433382249192848
10940,2.8197723338172063
10941,3.0179984650662774
10942,6.54253259092781
10943,5.625653244538859
10944,4.38859268529929
10945,8.697502702773043
10946,5.463800887927557
10947,5.568143986151945
10948,7.386167468828643
10949,6.8896994217229
10950,6.260593958631024
10951,8.939269346469182
10952,6.945995784241205
10953,6.63082566182842
10954,5.616147740410503
10955,7.013030357380859
10956,6.532569828084275
10957,6.670847601649482
10958,9.849681443010434
10959,6.393163287412504
10960,3.861906743400476
10961,6.246765136502862
10962,2.4593976140621083
10963,4.697835597807665
10964,9.05940236446062
10965,6.548744029524533
10966,4.688081581089103
10967,5.428374491383559
10968,7.740325561334202
10969,4.44515529480666
10970,5.303833301067639
10971,7.34155417571083
10972,9.036517254111175
10973,5.764145622241849
10974,3.650612243685728
10975,2.894841080878648
10976,4.772631798527606
10977,7.645402996303002
10978,4.867247678468677
10979,2.945129523348855
10980,8.992979354620175
10981,6.707195712716168
10982,7.2367055794075075
10983,8.716527767054153
10984,6.644983205103031
10985,8.702600230260991
10986,8.543772503786034
10987,4.203202714087623
10988,6.635648620962996
10989,5.380866988499501
10990,2.7698334005015868
10991,4.718054873478718
10992,6.0892316343754445
10993,6.325613652899146
10994,6.521369487631185
10995,6.740480178057395
10996,4.929185685259757
10997,5.852012176036325
10998,5.159498121349081
10999,3.0037748581744936
11000,5.818370303278068
11001,9.153490469571373
11002,6.664742414301735
11003,7.3153542064597055
11004,8.43377971163519
11005,8.160071272867379
11006,5.820918728729973
11007,7.342381317483906
11008,1.9792432284144552
11009,6.550347688790151
11010,5.657481233090279
11011,8.252236932629863
11012,6.118083632554579
11013,3.1431125239056743
11014,8.04217262840211
11015,6.728196098799519
11016,6.38083103932365
11017,7.424862587349023
11018,4.1742428739130135
11019,7.086868436616283
11020,6.279910523594849
11021,7.680691074884237
11022,4.510813076835068
11023,1.9778623826057873
11024,8.156519175686539
11025,1.6603118466456046
11026,3.021689732787409
11027,8.132694591455705
11028,4.044273136352388
11029,8.393310878317214
11030,4.356496327411399
11031,9.370484008929164
11032,4.221564363444338
11033,5.340770950758791
11034,5.907830594422099
11035,4.9830622988191
11036,6.32932097610517
11037,7.441428145898636
11038,1.515057372031325
11039,6.8395093043348965
11040,4.6003911697727995
11041,9.750205396380839
11042,1.7640218305426607
11043,6.503038607413136
11044,7.416187035018854
11045,6.862056092883514
11046,6.37082237121143
11047,6.613980680159022
11048,5.81129521848
11049,3.1658022348437393
11050,2.735445508894239
11051,7.9085200528950255
11052,7.612804876840773
11053,9.552076745756535
11054,8.008514526728005
11055,1.4641294957668498
11056,5.211189084114993
11057,6.021721956522814
11058,5.931966525292452
11059,6.392745991637185
11060,5.831770337903528
11061,6.220890101507904
11062,6.028862090166262
11063,8.666891748490814
11064,7.057573845715736
11065,6.778219294842382
11066,6.2029315602388735
11067,6.932584919631599
11068,4.6008203687891
11069,7.398026672453542
11070,3.698372549317616
11071,7.827725428613369
11072,4.994696639915969
11073,4.632852261981423
11074,9.959878340265297
11075,6.339510339332612
11076,5.7536476875537055
11077,4.947832131938375
11078,7.120634659908842
11079,3.2059062446339115
11080,7.145118067344664
11081,7.543707844451347
11082,5.432285597100706
11083,3.9597924140472855
11084,3.675466535883545
11085,5.734280625166124
11086,3.876244706034455
11087,3.7581262586913238
11088,6.96910631479178
11089,6.381481439303237
11090,6.964544717349194
11091,3.0399681369918365
11092,4.363799367981747
11093,6.608912719832931
11094,4.7171601036861786
11095,4.159586964342837
11096,6.630918093010915
11097,4.367698497152851
11098,5.119700453429623
11099,6.225114222389858
11100,4.512673234482369
11101,1.7731359216393505
11102,6.269017196231025
11103,7.970435309440737
11104,7.415848436391247
11105,3.017273571298032
11106,7.093147243390775
11107,6.334898419614562
11108,5.4746320981493435
11109,7.479873555270789
11110,4.249416714358807
11111,4.588375815814538
11112,7.520831064829208
11113,3.292748285895072
11114,5.864403747899697
11115,9.770487071262181
11116,7.581284802236341
11117,6.685867652166421
11118,4.893586106593706
11119,6.770040438109506
11120,6.526348532889006
11121,6.6686646956889355
11122,6.340803736260463
11123,7.352584855663771
11124,6.104335447456439
11125,5.725458866784935
11126,6.664172244121066
11127,6.0038511278156586
11128,8.553913341492718
11129,3.1885134616468878
11130,9.745117746393293
11131,7.571881059241346
11132,4.14635944341326
11133,2.726527556418522
11134,6.5038739850329454
11135,6.2987413958593645
11136,5.695637065656232
11137,7.423369314644329
11138,6.497502748587621
11139,6.321659377496724
11140,5.115194979445364
11141,5.29319381637153
11142,4.8453041697946855
11143,7.690521730075581
11144,4.646523684868673
11145,5.11273308493133
11146,6.888422030418548
11147,7.022431350473657
11148,7.6403425745202975
11149,7.539650783404341
11150,6.139935029120129
11151,9.39757176996864
11152,7.2126475702506205
11153,6.823866310945189
11154,5.947099703766695
11155,5.125315444196326
11156,6.834102168919308
11157,5.8256666268887
11158,6.503279797223156
11159,6.689309793526913
11160,2.5146126834028952
11161,6.271497984793958
11162,6.993204277754192
11163,6.177107706728046
11164,7.594420701669863
11165,7.129744891548731
11166,7.184322595447162
11167,1.4638825882727242
11168,8.128732598115365
11169,5.4936813998801775
11170,7.247355094017413
11171,7.949768838036944
11172,4.053854908406947
11173,8.228146501543291
11174,3.344359275305692
11175,3.1278131917519274
11176,4.634601740916275
11177,9.015586863647334
11178,5.581656205863865
11179,3.190989388731954
11180,6.788765288531553
11181,8.718421645265868
11182,6.212810073209117
11183,4.228832236569196
11184,8.868176769924514
11185,8.67276087514454
11186,4.8247603007392
11187,6.046286268228232
11188,4.090045102878485
11189,3.4813815214066413
11190,2.496506455710551
11191,4.866049435659185
11192,4.046270463078019
11193,7.262397012470875
11194,6.032416216656268
11195,3.643795752698855
11196,6.387669768858823
11197,2.510754792265851
11198,7.785096891136138
11199,5.9060403554386465
11200,7.779249296117257
11201,7.559486872699184
11202,5.385798263543954
11203,4.742475299347857
11204,6.021685091607883
11205,9.171439449735162
11206,7.2381852079436815
11207,4.9069568812333095
11208,6.051673793643044
11209,2.400381949874059
11210,8.521730613928867
11211,6.990343825456615
11212,4.106418272222022
11213,4.412448108381715
11214,6.282984344322763
11215,5.528101703781401
11216,6.9653580321696635
11217,8.658997726656537
11218,7.84999137373581
11219,6.847093922169898
11220,5.483592002805697
11221,5.550483699375777
11222,1.071797884582961
11223,5.294244733557776
11224,8.620503098719453
11225,6.855973832365837
11226,4.256749032680822
11227,4.67394719252514
11228,7.619140042279727
11229,4.8308204508704815
11230,3.780068210034491
11231,3.403011284855417
11232,5.511433349857774
11233,6.297701919942525
11234,2.4280445842961833
11235,5.226503314318881
11236,6.243816445876249
11237,7.867025493226214
11238,8.978985623571994
11239,8.926149334279737
11240,2.864355499941652
11241,7.526019210115012
11242,7.936639036095121
11243,3.9766174820422933
11244,3.5789478263229664
11245,7.241687753386415
11246,6.533494654474262
11247,4.314312172316818
11248,5.1390131856795405
11249,7.295947640724958
11250,7.994264565840992
11251,5.8962535804075
11252,6.072532340908598
11253,1.9165646767330504
11254,7.623179729125098
11255,4.99390303105429
11256,4.991180363539006
11257,6.849670461290449
11258,7.405916352588146
11259,7.827127605262088
11260,6.428200408091383
11261,4.247760372090558
11262,8.337100070478513
11263,2.2062634457533457
11264,6.905885362970666
11265,4.42558857357644
11266,6.9791443744406685
11267,7.1894220033874054
11268,6.612100058452062
11269,7.524611784191829
11270,5.6279323709117985
11271,7.774570100556962
11272,5.279143136175066
11273,4.976846883531317
11274,6.724618716444146
11275,6.719936255646391
11276,6.435462056129304
11277,5.154779639357855
11278,6.690508021565385
11279,4.671372893850947
11280,5.587564775440267
11281,9.66315231336388
11282,3.5994242322402883
11283,7.048473775941738
11284,6.647611585447997
11285,5.0090669091003415
11286,7.201004805507893
11287,7.137694966637499
11288,6.676027635266907
11289,4.15451540012291
11290,7.601657193355232
11291,7.061813834174391
11292,5.816682968298617
11293,3.63664367635675
11294,1.5477385036207782
11295,6.786568244822537
11296,3.8574214145839303
11297,7.648991952930632
11298,8.389554043278146
11299,4.861555801179303
11300,9.035936004369225
11301,8.42439830466515
11302,7.36620398217395
11303,6.95323552922873
11304,5.119371613952998
11305,6.882231801184502
11306,8.07034348838633
11307,6.0136226841155365
11308,5.5247453547729
11309,7.221331345999561
11310,5.689296330354065
11311,3.0205345464953672
11312,6.642174627347317
11313,6.529662370576596
11314,8.963032484908702
11315,4.965243005931604
11316,4.492147744533637
11317,8.149215050975421
11318,5.895947595271581
11319,8.893548440613836
11320,5.548301079482567
11321,4.896707988496338
11322,2.261150387898552
11323,5.042082403361115
11324,6.253906091596229
11325,4.30928498992122
11326,6.845114279888448
11327,7.346494987617339
11328,4.273449853727596
11329,6.87625820463589
11330,3.374448414317832
11331,6.113095989915328
11332,8.976040243871196
11333,2.466882853903844
11334,4.251484663662626
11335,6.350007955961526
11336,7.475210567863208
11337,8.116167574809808
11338,6.34279989940186
11339,6.579351201069785
11340,4.515553709678334
11341,3.679080828824933
11342,7.0758937986264945
11343,5.573194821354631
11344,5.165511995291998
11345,7.378186324655265
11346,6.430453257899426
11347,4.863326427022993
11348,3.4003926430544595
11349,6.289827454221326
11350,3.458264181063661
11351,5.495003170140291
11352,9.241522257251628
11353,9.213561950872942
11354,9.203392241322105
11355,5.748080910866588
11356,7.841734399459856
11357,8.446415064344487
11358,4.673840806283254
11359,3.902789719805003
11360,6.436959001439257
11361,9.221985239224919
11362,5.921688718195471
11363,3.1796514655907973
11364,8.740642497378369
11365,9.018910265076098
11366,3.346565363787718
11367,5.71537857572069
11368,6.487203732903447
11369,5.143946089505432
11370,7.097216602457097
11371,4.987861863797429
11372,9.276163905455224
11373,8.218568530975729
11374,9.109192769453582
11375,7.0714233638672415
11376,6.05500406431489
11377,6.263819934891907
11378,7.2411550560673135
11379,8.135352119961698
11380,4.056099144742625
11381,4.1101817895310475
11382,3.106787263626711
11383,6.51524182723314
11384,7.175697690165746
11385,8.145015383828017
11386,1.7343869029181442
11387,5.2909689451892685
11388,5.436598114366524
11389,5.676338873683401
11390,7.382235704595141
11391,6.701245160843858
11392,4.563637633908335
11393,5.152495715396074
11394,5.688691829192361
11395,3.78279474256257
11396,5.794802811650697
11397,6.506031113632276
11398,7.835940146569413
11399,2.209546484251075
11400,4.9657223332794915
11401,7.126724110973981
11402,7.606569424869762
11403,4.81837179949081
11404,5.4221092190126114
11405,7.342805738530143
11406,7.330454710101712
11407,4.270875556187901
11408,4.420504396580607
11409,3.7269944994312962
11410,7.723832977385959
11411,9.093582949548493
11412,3.4430834387059237
11413,5.545513535448231
11414,6.133424168621825
11415,5.090812308888623
11416,6.58330593642849
11417,6.274951374189611
11418,8.342814973412787
11419,7.2487473933366795
11420,5.421829292365563
11421,3.9536901295024
11422,6.081533907564751
11423,3.3956674819651917
11424,7.75024462601047
11425,1.0346087632517336
11426,2.2215665769225543
11427,7.446336260143744
11428,8.730719845019642
11429,7.9650697725890325
11430,3.96425424255309
11431,2.5157722893807892
11432,4.346681216271087
11433,6.036339028363244
11434,6.106585639808481
11435,3.3706690426247627
11436,7.259541328575837
11437,6.276161542329221
11438,7.71395037529835
11439,7.714261731322498
11440,3.602525348345788
11441,4.763775889279853
11442,4.069037270697209
11443,4.943890854132282
11444,4.436623860151351
11445,8.767167393691194
11446,8.038418206195777
11447,2.2089256781944875
11448,5.862462344750347
11449,6.78079223868208
11450,6.326368005373811
11451,6.582860697992358
11452,3.1583045658001927
11453,7.94004599573228
11454,4.400314854780853
11455,5.778352101022014
11456,6.631668186242538
11457,6.564988397155496
11458,7.835944900292532
11459,8.84285131958412
11460,6.562339711269145
11461,5.995434985738971
11462,5.110754808410889
11463,4.850550916211289
11464,5.899382635269628
11465,6.318429143986384
11466,8.023547732806668
11467,6.996437987537854
11468,4.993848501609192
11469,5.881421614593704
11470,5.02103312160509
11471,8.18321488375815
11472,6.593031177429352
11473,4.014169059213596
11474,5.235827458826374
11475,6.889594190710644
11476,4.978586957458857
11477,4.267672570381536
11478,6.026635418517037
11479,6.244487157587013
11480,7.514518891902907
11481,5.922290463012031
11482,7.022375055880804
11483,8.282733264905822
11484,7.332460383931897
11485,7.660154378255379
11486,6.427694690917334
11487,2.391377144185692
11488,5.838925391367602
11489,7.530975615422897
11490,6.428468206513994
11491,3.008405155524757
11492,7.296898285688041
11493,4.59394266117973
11494,4.816851202526432
11495,4.795211478838508
11496,6.263534414805937
11497,5.782118082995944
11498,5.239780310854748
11499,6.051515935685621
11500,2.01767037492443
11501,4.587694800838953
11502,5.460977949110363
11503,3.5472701089643417
11504,4.6308585692519255
11505,3.019237444246216
11506,8.501816521655062
11507,1.18633724894619
11508,6.21359320583999
11509,7.1749716334640325
11510,7.819684971214625
11511,6.300899670624012
11512,7.77962192008307
11513,9.83807078111818
11514,4.936889915769192
11515,6.087005795746839
11516,4.058370846197634
11517,2.4825281796704597
11518,6.2503085313526165
11519,6.168948204115712
11520,8.51282230459871
11521,8.862812843538922
11522,4.7334934122812715
11523,4.485260981851789
11524,6.855708892553381
11525,5.318969768114454
11526,6.364730857649565
11527,4.3925012986888845
11528,6.497931121885771
11529,2.280482181682202
11530,6.971543744549611
11531,5.682810475939382
11532,7.057149280408618
11533,2.764037613458697
11534,3.6408942288655672
11535,5.618841916228107
11536,4.405056555189773
11537,6.078793008157864
11538,7.473945257953634
11539,7.196909209199334
11540,6.44965825090303
11541,5.133716465183447
11542,7.969906634486713
11543,5.639799846897732
11544,4.947236637381457
11545,1.5764129344912794
11546,6.822927711015487
11547,6.145839070897413
11548,7.489151708851024
11549,5.265407357268674
11550,5.495165097489044
11551,6.3091305161751485
11552,8.121186511827018
11553,6.432994062567672
11554,4.310364097906737
11555,4.001765487360012
11556,5.183480752607424
11557,6.118630618755456
11558,6.385355150761822
11559,6.603343606604721
11560,6.352246167181934
11561,2.438423302308886
11562,2.885416185746826
11563,2.2843571853083566
11564,5.680640921641688
11565,5.627474239967463
11566,8.582201863435037
11567,5.340951513178551
11568,7.415935839002218
11569,3.80441505191999
11570,7.213326578239532
11571,7.931523077478545
11572,6.361769967181924
11573,6.458176983680409
11574,5.410088606880081
11575,7.744640550110202
11576,7.646101725423146
11577,6.190480238517139
11578,7.32285269380402
11579,6.180310516958727
11580,3.1186668183038972
11581,6.053089973558591
11582,6.104912656616304
11583,6.757780517645824
11584,6.614430328231587
11585,2.981264313863869
11586,4.920073119825055
11587,4.249972664728418
11588,7.898792024063846
11589,8.819434480815836
11590,5.4494678577853515
11591,6.736720139958172
11592,2.4292378785082542
11593,2.0772434744558987
11594,6.1264005738994465
11595,7.771495947252612
11596,3.8237650886729107
11597,5.061648713516596
11598,7.0592114679829105
11599,5.160867060207374
11600,2.7623985662330015
11601,5.356876998104697
11602,4.033644364717568
11603,6.214753047657981
11604,6.965425093162501
11605,7.394367726190664
11606,8.62893388408317
11607,4.5445401566304
11608,4.050762435188739
11609,6.5104980530124505
11610,6.5602230733015645
11611,4.416223964052611
11612,7.461388728726419
11613,8.70303944926618
11614,5.497203927592701
11615,7.723783041363688
11616,8.082323645272549
11617,5.463767933853885
11618,7.111138151017801
11619,4.501598623260233
11620,5.452496940175352
11621,7.634715959277103
11622,6.736596830749901
11623,5.248982449444115
11624,7.557074512968704
11625,6.447881064309508
11626,7.022154387786327
11627,1.2649660134633798
11628,5.870747000679576
11629,7.5696188774547295
11630,7.06992225791003
11631,6.767083396882115
11632,1.7225452115944508
11633,3.1102112465544
11634,8.636514796117554
11635,5.648641032176241
11636,4.7162176946470495
11637,5.991091386071235
11638,5.80372454902267
11639,8.059516810138147
11640,6.088848498953786
11641,4.294554557139671
11642,9.985863050874773
11643,6.532578272182747
11644,5.732122876938293
11645,4.806799347624683
11646,3.750402001199183
11647,4.760761347399642
11648,2.843093763061386
11649,7.69570976830463
11650,5.907973354818776
11651,4.566722883489922
11652,5.483700040923791
11653,4.427887861620571
11654,6.746752175760447
11655,9.190528094359172
11656,6.872601111856867
11657,4.93936636409351
11658,7.396053515845487
11659,6.75214922865243
11660,7.553649883519711
11661,7.0958010467991945
11662,5.962512778911969
11663,7.917770344769179
11664,7.341937328911348
11665,8.315552963662315
11666,6.738648493872981
11667,7.716328267272955
11668,6.321412321381156
11669,8.030198392607204
11670,3.7756799567468606
11671,5.003042213428053
11672,4.051561984821443
11673,8.423635830677496
11674,6.572207061869804
11675,4.840459486231096
11676,8.048499095526674
11677,3.6694257217147115
11678,3.1705785585049555
11679,2.239963996444235
11680,4.107779596079429
11681,5.520553745126493
11682,6.066469744208157
11683,8.944102638188772
11684,3.624831254928231
11685,4.0337965416299415
11686,3.870173281845044
11687,4.340478474812179
11688,9.782187725489994
11689,7.982508046283827
11690,3.2419727322566354
11691,5.493052784532579
11692,3.378234105442241
11693,9.324028442897138
11694,8.00234843447368
11695,4.667064235332953
11696,1.8686863058057894
11697,6.111076015406394
11698,9.46225439040212
11699,2.872862517199489
11700,6.968177846435832
11701,1.2711628243192132
11702,2.5620109448016946
11703,7.252008457318628
11704,8.123852635789277
11705,3.341728980214062
11706,5.462269103623263
11707,7.3898059514125745
11708,6.811011556545938
11709,6.392480726439158
11710,6.8241675104029555
11711,4.196141882415452
11712,7.734141456956954
11713,1.8094795656894247
11714,8.174325633538855
11715,5.974179129514911
11716,5.469564714556406
11717,9.395204355043322
11718,2.904941368912569
11719,8.695841673124232
11720,7.665493359369006
11721,6.763416448413288
11722,1.329216015117021
11723,7.323949200285573
11724,9.295958877789422
11725,5.616380501731866
11726,2.4491447759383047
11727,8.274825826419285
11728,6.767325966960038
11729,6.246406997133902
11730,4.095504753782544
11731,5.853492844370075
11732,5.1571077026149466
11733,7.456429867730528
11734,5.620136825543831
11735,4.888832597598822
11736,2.242958216548036
11737,7.192748684453211
11738,7.779223089903917
11739,5.9077979504702505
11740,4.532100694764173
11741,3.611967297587025
11742,5.165283153688462
11743,3.1771931834154437
11744,6.6975505602275875
11745,6.562867248395652
11746,2.2718442002610635
11747,8.04403372679098
11748,1.75859228992845
11749,5.123777099203402
11750,8.457200799799566
11751,5.811628808017753
11752,7.428029291271757
11753,5.1110009754392
11754,7.835478495374855
11755,8.512141149794683
11756,2.381579310399993
11757,5.532735175072775
11758,6.482017417498973
11759,5.908295866123237
11760,4.639305646877492
11761,7.533032971020918
11762,3.8111784460207403
11763,6.515401425172386
11764,9.732547375255466
11765,5.2357934478109565
11766,6.120604767363618
11767,7.0514650870295466
11768,4.871003920967365
11769,7.314388688587013
11770,6.815496245576882
11771,1.83328165165415
11772,6.4156951725773315
11773,6.289368057863787
11774,5.640211446182639
11775,5.454940238682366
11776,6.52486603998584
11777,3.2295347108077603
11778,7.258195353117062
11779,7.733252346812545
11780,6.303774698696669
11781,8.022085874070427
11782,4.285767105732998
11783,6.645060991182768
11784,6.454879056424574
11785,8.386611980448528
11786,8.700096330834137
11787,4.844909174076295
11788,6.929584496184765
11789,4.765702854513166
11790,6.404420443619397
11791,4.1621296285523
11792,9.58308883759136
11793,5.958933108520493
11794,8.084039658100126
11795,8.460381606671323
11796,5.18468750833634
11797,8.640140900617862
11798,6.818223454728864
11799,3.3973382062173645
11800,3.8270619379557917
11801,7.179710972871367
11802,3.3356491658126894
11803,7.964714791981093
11804,5.560877462864771
11805,6.650400230591811
11806,4.946119108925473
11807,7.899375278369405
11808,7.460564575919625
11809,4.466611318676919
11810,8.335168750723652
11811,5.76908278986196
11812,4.878916399306888
11813,5.821831946254364
11814,6.452746967458368
11815,5.8800277503482485
11816,6.356777247581293
11817,4.239204251817121
11818,3.7702453579537005
11819,5.1896969100854005
11820,6.836633345673416
11821,2.9436008297951273
11822,4.526029142438794
11823,4.856356235757771
11824,7.843673574211759
11825,9.8981790497567
11826,7.029583681657927
11827,6.314080949526404
11828,3.632025729778834
11829,5.348666080925373
11830,2.8766078806017936
11831,3.1891552869644926
11832,3.8640852228370535
11833,5.207857158501172
11834,2.8956009609213695
11835,7.3013685402312944
11836,5.308175846256041
11837,4.514033567842698
11838,5.548398943829122
11839,5.419815619986447
11840,6.387215561161622
11841,4.514155138138143
11842,2.9969852997332906
11843,6.433332392327384
11844,6.727182755667735
11845,4.46699532648523
11846,9.12243345862229
11847,8.094446845936233
11848,8.102567410448879
11849,3.3556792340196964
11850,3.8791177564117754
11851,9.124942181283851
11852,6.980722795345665
11853,8.195440218042922
11854,5.349168663829543
11855,6.374996738738211
11856,7.276390790784714
11857,7.981817860265283
11858,7.206543812848266
11859,6.192947070481878
11860,7.529470717436122
11861,3.597280638723249
11862,6.820481566571149
11863,5.749561378387416
11864,6.246613292843194
11865,5.4297893998111295
11866,2.9351449189650585
11867,5.590409623887296
11868,5.545880114717479
11869,2.5044744205204315
11870,3.1179492826154043
11871,7.0869080113612375
11872,8.871170771386428
11873,5.319030401222636
11874,6.823019094362018
11875,4.728714071835961
11876,9.492030598028235
11877,4.570830584022291
11878,10.0
11879,8.50171570968563
11880,2.8403097442823935
11881,4.6797239292108666
11882,3.3164707884593465
11883,3.158163333537877
11884,5.54419588705207
11885,3.920326459849468
11886,6.0437287006229266
11887,5.0014433707141634
11888,1.8847589376483957
11889,7.2961178455082365
11890,4.838781050796281
11891,8.197068635605257
11892,1.6352596057401225
11893,6.048746084552727
11894,3.78000103752657
11895,7.37710976615585
11896,6.626021657715304
11897,5.791829829617081
11898,3.811369987843412
11899,6.961988310148466
11900,7.724210758366292
11901,7.0814290699094435
11902,9.263692441046715
11903,5.074421270906281
11904,6.926636920295477
11905,6.634824316554415
11906,5.814480652225029
11907,4.903617153902092
11908,9.211033449122409
11909,7.245765561675552
11910,8.45952974677772
11911,4.924885824493152
11912,5.855877170021616
11913,3.2124369530412955
11914,5.057949361909639
11915,6.992396103059938
11916,6.111205600910098
11917,5.634616005940626
11918,7.0249591904761495
11919,5.384217483596358
11920,8.742937073035028
11921,8.199448685054305
11922,5.861006801877737
11923,6.092715784009852
11924,4.290754140086805
11925,4.44566579508097
11926,7.930813911924789
11927,3.7972468503235373
11928,6.734663617225046
11929,6.65055339501439
11930,6.130103428881809
11931,7.694765300874339
11932,6.856544997601145
11933,9.909254429836905
11934,4.765833053169654
11935,3.3510124531230483
11936,4.061127874493935
11937,7.438349182752564
11938,6.14074904191335
11939,7.141003815683989
11940,2.4974927530859725
11941,5.561298615195802
11942,6.122847209093523
11943,5.476965546587136
11944,2.1026824036931027
11945,9.385728559908083
11946,7.883210318835698
11947,3.2513131411529352
11948,6.038659848680352
11949,3.683312423170108
11950,4.083641831948705
11951,6.6142702550993215
11952,7.433803327796347
11953,6.185933076810539
11954,7.704660386219479
11955,10.0
11956,4.5975362054617115
11957,5.45520189729079
11958,5.142800582991014
11959,7.069331806403788
11960,4.128921675963608
11961,7.185460452234031
11962,6.855364328462469
11963,9.872179423920363
11964,7.008158215678952
11965,5.435436993566133
11966,8.370023351314758
11967,5.989940556776695
11968,8.251506719044096
11969,6.450011788562319
11970,4.801833385992493
11971,3.5993543991560024
11972,4.416537214735991
11973,7.355457430532105
11974,6.608182006178562
11975,3.9884038334261653
11976,7.612838129675127
11977,4.370356540030213
11978,2.206242906529346
11979,5.831310076438821
11980,3.8308513645899196
11981,9.409145829289459
11982,7.373560597754121
11983,5.526388333765493
11984,6.71451598320362
11985,9.270565264152804
11986,5.034788146220554
11987,6.906017458880535
11988,5.353065919060291
11989,6.311556720252085
11990,7.656303990160167
11991,6.315794212016294
11992,4.719747134969735
11993,3.9452487148311657
11994,9.339024899372124
11995,6.9077373877341355
11996,3.823359533037513
11997,6.423150454070137
11998,4.619413597793721
11999,5.39736846307584
12000,8.682575090792461
12001,7.852033645925714
12002,5.370497590391653
12003,1.5152082988600142
12004,6.591365598995167
12005,4.173232967419793
12006,5.18653352183941
12007,8.919827543141905
12008,8.220304002343056
12009,6.347442573731674
12010,4.371943553772492
12011,4.233768798144664
12012,3.4378269640305192
12013,4.980302636148691
12014,6.694163312589687
12015,3.9149038748418805
12016,8.094385342785676
12017,3.769797751466912
12018,4.329034964338544
12019,5.02503096675399
12020,5.228367891315585
12021,2.813763384635624
12022,4.971876640294665
12023,4.076243703983449
12024,5.363166446482988
12025,5.3273718184470695
12026,4.181489120456166
12027,4.844679216714235
12028,6.434509066763886
12029,4.19695494535975
12030,9.34311221084262
12031,5.0262284678434535
12032,5.306285955389797
12033,8.329338270936754
12034,7.788993914720033
12035,9.82562889142147
12036,6.710025743912366
12037,7.575534515335966
12038,9.375582025859524
12039,3.163515403582042
12040,7.643904550517924
12041,6.758446858322147
12042,7.389327620041531
12043,2.7162424620970866
12044,5.053997543198745
12045,6.401133484862928
12046,6.739989767728953
12047,4.306494497202363
12048,5.977832487970555
12049,8.234957715196584
12050,6.8185163006710665
12051,7.850256369978171
12052,8.721091622074445
12053,6.962700404599124
12054,6.303160671262727
12055,7.694580062242334
12056,8.810026014921647
12057,8.866986538947433
12058,7.022060200833624
12059,3.883432377189665
12060,9.48197174226229
12061,7.964181788641654
12062,5.642149318948665
12063,6.609955785352372
12064,7.699221111258494
12065,7.753491934033164
12066,5.239718981418456
12067,9.671811275154512
12068,5.137125837523482
12069,6.0154280306265075
12070,8.442638440866551
12071,7.078143843902884
12072,6.526573507345645
12073,3.5674088283629226
12074,5.9653836431049445
12075,8.53326724241752
12076,6.274942676847604
12077,3.061925483874868
12078,3.9744129076147474
12079,5.564679138292786
12080,6.481208363650398
12081,4.498553499017994
12082,2.1881771254107214
12083,4.979234891718258
12084,6.782434487529677
12085,6.4134681101840565
12086,6.593891191102002
12087,7.944923528876173
12088,7.0269721223478525
12089,6.364154444355807
12090,5.3318007589656995
12091,3.363714953225609
12092,6.3652646987568895
12093,5.746340532103133
12094,4.941000163094633
12095,1.966438381832661
12096,6.426201348750968
12097,3.625672698159091
12098,6.190177238714932
12099,5.946959197977845
12100,4.45284318867556
12101,7.875612761804812
12102,8.77677967993181
12103,6.0711178123097715
12104,5.99124416942509
12105,8.518723676498977
12106,5.3693276137932
12107,8.148330029760796
12108,5.705636061308361
12109,6.7365237567946625
12110,6.729479993608521
12111,6.210258782600292
12112,6.162334510032824
12113,5.910982232489307
12114,7.607884669933696
12115,7.1704175282592235
12116,6.9562814586343995
12117,6.036718029745697
12118,5.296108928872206
12119,6.980573655667749
12120,5.740480952972419
12121,4.065171922244906
12122,5.093808236732285
12123,9.991115793066228
12124,5.731606901527221
12125,8.092412367584776
12126,9.02232515821433
12127,7.348029099193603
12128,7.737579978815596
12129,6.823704961913099
12130,5.5831932025571325
12131,7.782999589515026
12132,4.83302800082985
12133,5.903152781707484
12134,6.249336237022069
12135,4.654779524969309
12136,4.348178725147613
12137,1.2562676044464698
12138,2.715549888160809
12139,3.2483673873226113
12140,3.7066335713760994
12141,9.21920531485329
12142,8.76922898351959
12143,7.52221187110744
12144,4.569165693790642
12145,8.464796874653599
12146,8.963678464639065
12147,7.489879151618696
12148,8.035303758213823
12149,5.912300534112919
12150,2.640882484238302
12151,7.982528935750292
12152,7.9515119441360085
12153,8.834665243172346
12154,6.761400481952436
12155,6.270457329574514
12156,9.272584104894744
12157,4.248758744484498
12158,7.3267077377161804
12159,8.590243039148435
12160,9.340072788161626
12161,2.3634028642114604
12162,2.7986290579543427
12163,7.686647662586741
12164,6.2545772293202795
12165,7.945447140015975
12166,7.9134093320061485
12167,6.238215765147541
12168,7.185023474630477
12169,3.501106464659658
12170,6.676826308932892
12171,5.925034094871942
12172,5.710619173260794
12173,1.4519565903346368
12174,2.710208124969763
12175,5.955161143475817
12176,7.560410891438619
12177,9.71131833217763
12178,4.73625537503131
12179,7.330794537460997
12180,9.270010388402376
12181,3.4923149398118514
12182,6.736485728748074
12183,2.7806789842717294
12184,7.706932521199929
12185,6.500225882838751
12186,4.2074031067183055
12187,7.533534937589988
12188,4.478493385523721
12189,4.813270503077196
12190,1.6156837357047928
12191,7.272013548268132
12192,7.903483597698595
12193,8.43910928565985
12194,6.682066124239384
12195,8.227894704558022
12196,6.302252319709029
12197,6.91765707487142
12198,8.399817637565366
12199,2.71748165190696
12200,5.317106759841573
12201,4.564400156996516
12202,2.1796880767957263
12203,2.6320520627284694
12204,6.213283388042921
12205,4.580465314406978
12206,4.926989791063618
12207,6.109888504228835
12208,2.9387710302067087
12209,5.3838233983493895
12210,5.172100335006721
12211,5.128680640581645
12212,8.270981360978281
12213,5.983004108014068
12214,4.375967048730442
12215,4.106949288371593
12216,7.49926882128797
12217,5.00138837307901
12218,6.001619829255782
12219,5.260730962946375
12220,8.544455430524486
12221,5.339160578678153
12222,3.29551289414856
12223,8.184010762974452
12224,4.584095446315847
12225,6.324588543656793
12226,7.648738148037984
12227,8.426264426418241
12228,4.1185496678162155
12229,8.259277026358943
12230,7.358912128718374
12231,7.840333496369194
12232,4.55777742087173
12233,8.1880639955748
12234,5.561128364439813
12235,5.841378216270418
12236,8.750026704598517
12237,6.7215661357868255
12238,9.078824559723492
12239,4.129761619889912
12240,8.475188307954317
12241,3.111305866823121
12242,7.485172167897612
12243,6.1387552361977775
12244,6.33968098430379
12245,3.5194388486779773
12246,3.412588631163796
12247,6.554400171399839
12248,3.5605860645603222
12249,7.359130919300275
12250,5.725643195682277
12251,9.14028855979512
12252,4.225310885765277
12253,8.857944980158557
12254,6.6399037309221125
12255,7.749272739685811
12256,3.558959096015895
12257,5.967319571471801
12258,5.077578314808231
12259,3.5388714492307622
12260,2.6057033658762734
12261,4.149660434748719
12262,8.117403947748905
12263,6.143889804991332
12264,5.313598522782897
12265,6.507773686524303
12266,4.977780019548455
12267,5.773837552161164
12268,4.806267385112337
12269,6.888791538179783
12270,6.603221049365831
12271,3.147747810021191
12272,3.929334233053099
12273,5.336054033794775
12274,5.3769991147391165
12275,8.611172960170551
12276,5.975633762263462
12277,7.116589227874134
12278,4.104658950975795
12279,6.722368615744379
12280,6.261799298689318
12281,6.3571375490889634
12282,9.159087924839818
12283,4.338933566715769
12284,5.623265888927486
12285,7.5823157862859345
12286,8.047698468044766
12287,4.698176485050086
12288,7.781973642803748
12289,3.9977246995632356
12290,4.33799081041512
12291,5.102769362636593
12292,5.242832322065938
12293,7.347568650165653
12294,5.859008999496788
12295,3.272368045312909
12296,4.22952841769236
12297,3.7873636125678694
12298,8.231714511865212
12299,4.0645484457355145
12300,3.8651636876634257
12301,6.845261221332251
12302,2.523255300332474
12303,2.1349325196111533
12304,4.093644419489377
12305,3.842878144618073
12306,6.276100010443417
12307,9.110241866603562
12308,4.57807720334907
12309,5.2038528859347215
12310,7.196180173072404
12311,5.487149273250593
12312,4.966188413775414
12313,8.043171955393074
12314,6.575802213981822
12315,3.9436951273961482
12316,7.803144710480794
12317,5.57324543359101
12318,4.126332154827321
12319,5.276449431201443
12320,5.996085984291341
12321,6.655206055223845
12322,5.6560998755460306
12323,7.522239371844375
12324,4.523451532594732
12325,8.0885760729596
12326,4.092540172809942
12327,9.125189401861814
12328,4.808638164271308
12329,6.750651686393439
12330,8.242064172229266
12331,4.058243182162984
12332,5.8395960061573255
12333,6.901052319136057
12334,7.94302948003775
12335,6.488322788992711
12336,5.923811220568261
12337,3.0793677757442466
12338,5.899794159312519
12339,6.725516992290631
12340,6.4472391497631065
12341,7.101849077435506
12342,7.143814685117053
12343,10.0
12344,3.0748889749483084
12345,2.0811534557395666
12346,4.737810149316739
12347,4.0753084021329915
12348,7.606176198351522
12349,7.038240459087581
12350,8.909711786563348
12351,8.851115873548911
12352,6.468850362925609
12353,5.407265319895187
12354,6.866930585097767
12355,6.620973852064905
12356,8.792925624348213
12357,3.744563535092226
12358,6.215586797541466
12359,4.578778889212135
12360,4.59259800025443
12361,5.881631648788006
12362,4.696290948466499
12363,6.79788710022003
12364,4.517579810345889
12365,7.962417820365241
12366,8.418890433385199
12367,3.7907128666819725
12368,4.465430294188351
12369,8.959098920578429
12370,5.074853123146148
12371,5.361258722396966
12372,5.701346861038294
12373,5.842860677716948
12374,6.797395621900894
12375,7.5796946466738016
12376,8.803279321932655
12377,9.36660185994622
12378,8.792813981735469
12379,6.489688451150018
12380,8.42081940034468
12381,4.431910772290398
12382,4.836189911161829
12383,5.825449551967322
12384,1.0612945165627852
12385,4.267325229939597
12386,5.138658061802774
12387,3.8253347109466382
12388,3.077300807314232
12389,6.848882756174303
12390,4.478942282254146
12391,4.961274444044903
12392,7.356669997571781
12393,5.288071415634385
12394,2.989695713189291
12395,6.132131307614914
12396,8.714659087031606
12397,7.05248543306825
12398,6.600071099531733
12399,4.648457138264792
12400,8.369950858438703
12401,3.6830524881708953
12402,6.953569557958528
12403,6.138368947207363
12404,5.787950485697216
12405,3.827891516425222
12406,6.055434428401226
12407,4.771754109880811
12408,3.722794181958773
12409,6.348473237139031
12410,4.567364682243589
12411,5.339058788639169
12412,8.92822042178554
12413,8.512731757759726
12414,5.895321554872739
12415,6.256204773194373
12416,4.162533066264821
12417,1.0336051372311992
12418,6.190469283616651
12419,8.8082979066768
12420,4.894093434338249
12421,7.249653740071043
12422,4.888336001100687
12423,8.29784683298907
12424,3.13140509240562
12425,6.437840170707661
12426,3.3351522195499688
12427,8.031143005679976
12428,7.578518852993643
12429,4.817394371656899
12430,7.7937592637174
12431,4.015980618357899
12432,6.004624212989194
12433,6.4293058377112775
12434,8.90836013381214
12435,7.98217136973763
12436,5.115686768960487
12437,10.0
12438,5.4783662848233
12439,6.22684774765142
12440,9.394201136931015
12441,6.851951947847986
12442,4.468215096661263
12443,8.256720392264183
12444,6.334514533789563
12445,6.4896711188289
12446,5.339997589496586
12447,6.611072713700078
12448,5.962133540927444
12449,6.499839012175494
12450,8.561697926573054
12451,9.058864038941243
12452,5.773484963472594
12453,7.475923315746723
12454,6.885014008521384
12455,5.078196248462674
12456,4.733037847332812
12457,8.144911851015253
12458,5.798670172286281
12459,0.2391467506859095
12460,6.101541923937191
12461,9.520461859222024
12462,6.050177483642308
12463,4.404609142733122
12464,7.094134762756126
12465,7.091254926061738
12466,5.349072264582543
12467,7.75435674367926
12468,7.624727699326502
12469,8.204150412060361
12470,6.294636150431408
12471,5.411204864351911
12472,5.325686258002549
12473,5.590160693951144
12474,7.656441458551398
12475,3.3667135938977952
12476,1.4981815275593302
12477,8.607551349511073
12478,9.150017438322793
12479,5.5384923688548815
12480,7.664058300320585
12481,4.765321988806961
12482,9.646507580307727
12483,6.4889967420087
12484,5.017288261689107
12485,5.103701539485701
12486,6.244494481118077
12487,6.6248067147942304
12488,6.370819997968158
12489,5.193829723330429
12490,6.826086370978437
12491,4.836938329377426
12492,6.231571035100525
12493,5.656499664931137
12494,7.475324038226443
12495,6.042075354203286
12496,8.285953160395998
12497,7.555258134952031
12498,8.527112885595349
12499,1.8681976570924852
12500,3.1625323773366443
12501,3.931542752045716
12502,6.559814064089494
12503,5.566927855277604
12504,3.924264659100346
12505,4.908850345486827
12506,0.9200433682000294
12507,7.236088799040958
12508,8.243217059000145
12509,5.111519552434537
12510,6.938563907409118
12511,5.457900555437831
12512,9.330626288307972
12513,6.241168108908328
12514,5.743625306962853
12515,5.665792109385829
12516,4.215545566412921
12517,4.319257927486729
12518,5.622386739586319
12519,5.918956153749972
12520,7.883330672864614
12521,4.992928020942411
12522,6.455087233826631
12523,4.048273639054799
12524,6.046201355879313
12525,2.172688310734163
12526,3.8778428624877406
12527,7.010121654859345
12528,6.701426000125171
12529,5.594831200632077
12530,8.66419791197966
12531,6.291324537659021
12532,4.612130034435582
12533,6.08887363334678
12534,3.9106152270354744
12535,6.867856289781096
12536,4.277135861912455
12537,4.701402202102414
12538,3.4747390709652124
12539,5.229546413875295
12540,8.32233294553308
12541,6.844793235489362
12542,8.615199551715252
12543,5.5375893436689365
12544,9.404056030263085
12545,6.248463200270016
12546,6.302005338064985
12547,7.171080625077695
12548,8.066741517601947
12549,5.832194621301337
12550,5.489739576142118
12551,1.6528350611649194
12552,5.063013157600133
12553,7.230912265564077
12554,1.9416281338687087
12555,9.872584015293338
12556,8.3729709622009
12557,8.415788748042138
12558,3.6027488228324422
12559,5.592791696741031
12560,5.277356381251468
12561,8.700183588076014
12562,6.483638015560362
12563,3.38575234115877
12564,7.799766101846655
12565,6.808560504166673
12566,6.3743048973145
12567,3.683227478952973
12568,6.048627480592959
12569,6.2023072623352515
12570,6.318859150266571
12571,8.583290239481354
12572,5.260258328176039
12573,2.9421078606784925
12574,6.843616729109242
12575,5.8727367326710365
12576,2.5778164934787746
12577,5.52231168878956
12578,5.928245226758094
12579,6.492582226444752
12580,6.2542723367889534
12581,5.63248236663183
12582,4.325041648634407
12583,5.830396003556593
12584,7.605926854949989
12585,3.9286919739649964
12586,7.331971362368683
12587,7.925582653093207
12588,2.2098901988676496
12589,3.319619830545101
12590,8.840119587764503
12591,7.263345392390342
12592,6.293946139966236
12593,6.746343493286662
12594,2.85021480170028
12595,6.927957804363187
12596,7.851969743168249
12597,7.139517686556042
12598,4.898136541502804
12599,6.218314010344619
12600,4.338792810547669
12601,5.894263055653741
12602,5.237938520138626
12603,8.641443872086521
12604,9.438907101522542
12605,9.562303733698544
12606,6.1630424751893855
12607,4.341955766618115
12608,7.145447791567775
12609,4.432709589380785
12610,4.802433131120419
12611,4.473649712338422
12612,5.703021303172589
12613,8.480288212230416
12614,6.409314486222966
12615,4.953218447529671
12616,8.164526900559018
12617,2.0468728519349852
12618,5.115076643043961
12619,6.634576685668494
12620,8.340008208801057
12621,7.871826898397429
12622,5.621384050314231
12623,6.544168053574233
12624,6.653349951848438
12625,7.3300874619421394
12626,6.097629038056999
12627,5.532619474298952
12628,7.798551093407759
12629,7.952118537946364
12630,7.583890768495824
12631,5.783953387367436
12632,3.955417418408443
12633,6.806658861143795
12634,4.753906786108465
12635,4.921958722387231
12636,8.225984404209376
12637,7.500247413021959
12638,4.283522874963201
12639,7.404586484297126
12640,4.439797912347751
12641,6.104483639937431
12642,5.636161116177126
12643,7.402920857846821
12644,3.0404358140706575
12645,6.110542811123681
12646,8.328213816566404
12647,6.95268606474999
12648,7.575052749465555
12649,4.539784934355738
12650,4.262374304573984
12651,4.921856515194304
12652,6.64210718208218
12653,5.954313122894093
12654,3.763945315298955
12655,4.931518844468512
12656,4.6736453612927935
12657,7.227398320795329
12658,8.104392028987697
12659,6.033560493341391
12660,6.073632679100288
12661,3.280728290166523
12662,6.138728752937991
12663,5.855169772652499
12664,4.14885060131911
12665,8.704885014830733
12666,4.85316512560748
12667,8.406557519927063
12668,5.383028265157954
12669,6.491956759090655
12670,5.360733762680776
12671,7.822499541517597
12672,6.823456348640326
12673,2.915466656977114
12674,8.623004166158024
12675,4.50738574621479
12676,7.9611205398308025
12677,9.972364154334699
12678,9.03583273197472
12679,5.942149685950089
12680,6.687719718019536
12681,6.726653242531818
12682,7.544826347917624
12683,6.536041799741202
12684,6.9010877792705285
12685,7.285673991579217
12686,7.471802558929283
12687,8.454945286932523
12688,6.17227077223925
12689,4.566260470472132
12690,8.895474920493696
12691,6.071766008154317
12692,8.113128789409036
12693,7.9102324421944505
12694,5.4734768936402824
12695,4.616559081420209
12696,4.59037820578798
12697,4.139554630996056
12698,8.19091341954242
12699,6.2513114247726715
12700,8.152457873408203
12701,5.4111323190922285
12702,5.41548566378471
12703,5.923576644887011
12704,1.4571066420770094
12705,3.120174024153842
12706,6.7171535616787335
12707,2.6939352350854864
12708,5.9064046103793935
12709,7.8509896557071635
12710,6.473451442579852
12711,2.027036510791764
12712,5.215009412543204
12713,5.673494274047764
12714,4.001492404802613
12715,4.898587428983189
12716,7.606671102223912
12717,6.019640413057743
12718,5.171557311837943
12719,4.847426202161128
12720,6.174429031903689
12721,8.774459719657717
12722,4.596787547942327
12723,6.479024770539563
12724,8.265201538997147
12725,6.4231758450946455
12726,7.201551349574329
12727,4.794741008679336
12728,8.190046013885864
12729,3.8335116183068405
12730,7.453901617924416
12731,9.196549198367952
12732,5.568015373050994
12733,4.493841359103629
12734,6.745902426892286
12735,7.5535594070859045
12736,5.944153368178196
12737,8.291140146248908
12738,8.148165554819876
12739,8.555159461798933
12740,5.055341760726844
12741,2.0694725792650064
12742,5.9473136254037655
12743,8.646336034414578
12744,6.365926817652379
12745,8.693126505406847
12746,3.965770830256342
12747,5.684144795305991
12748,6.1316359455298075
12749,4.256513116588876
12750,4.689130409372796
12751,3.9784875795373718
12752,7.111011305562941
12753,7.846967603153336
12754,3.036914447129802
12755,8.810033577298167
12756,7.075298306123997
12757,8.582549074364387
12758,5.269283664816447
12759,6.639444617424558
12760,8.432614384022054
12761,3.7445329844520017
12762,8.751288790097538
12763,2.083012043226958
12764,4.633201702583023
12765,6.952239673888358
12766,8.19753627438064
12767,5.26446020606565
12768,5.548041807595866
12769,3.8739280758057957
12770,6.546351347453645
12771,6.559817736198193
12772,2.6001193857060634
12773,1.5296327362547653
12774,7.766820445302549
12775,4.910537465116445
12776,5.172941580088947
12777,6.860372922370852
12778,8.159059537831887
12779,7.82418698200825
12780,7.272196707312866
12781,3.6708722407134147
12782,4.515396963247702
12783,6.977493769178331
12784,6.413694454184301
12785,4.509058913957357
12786,6.825932059124496
12787,7.700466795057129
12788,4.145647545224532
12789,4.4906645552145905
12790,8.682484636455788
12791,6.281843584075335
12792,8.486298907445882
12793,7.247812468223597
12794,6.7862547827677835
12795,7.036652924189439
12796,8.267854010832744
12797,4.6018154793979384
12798,7.521495236162974
12799,6.135168264066811
12800,3.2102521540385687
12801,5.954752436972202
12802,8.824562202719822
12803,3.7834558700694036
12804,5.342333441026504
12805,2.819266580412836
12806,8.506617814008596
12807,4.527969285195793
12808,4.5375964963041895
12809,4.849471038511501
12810,5.839254654260358
12811,7.600508170194225
12812,8.597392924919147
12813,7.7352255725661285
12814,7.77979959575029
12815,7.424726362368022
12816,6.350962529181369
12817,5.085834212584281
12818,9.089784778759089
12819,4.743459862633515
12820,8.491260269514443
12821,3.1686774947595895
12822,5.76145821985126
12823,5.07222761922432
12824,9.776716746763912
12825,9.390893984646768
12826,8.58048842217275
12827,6.199717658906954
12828,6.347139215505986
12829,5.867582584556561
12830,8.954437109738862
12831,6.133032919250937
12832,5.3298640742914465
12833,7.740403005583113
12834,7.368569869340492
12835,6.4139166155557055
12836,8.664407407433655
12837,5.047449633888551
12838,6.626010075166174
12839,4.338955969976444
12840,8.626396032203017
12841,5.222809615293259
12842,4.093838595243122
12843,7.003825928009408
12844,5.434063643414542
12845,2.0450738510299695
12846,7.7637037390305155
12847,4.131558144752849
12848,4.9594547130223114
12849,7.35799586488436
12850,6.8534068025937085
12851,4.7276692968357485
12852,5.716885510091109
12853,5.899969249360138
12854,2.90108992083618
12855,5.74903542561293
12856,4.289737040246676
12857,4.549224988130447
12858,5.162586817673104
12859,4.845811118802312
12860,8.481648309960326
12861,7.102775715032857
12862,6.396419970426421
12863,8.937662348530134
12864,5.151750822988213
12865,6.277146326893123
12866,7.340261672885064
12867,4.346156171637609
12868,6.139636406783734
12869,8.801410281565069
12870,4.886268968856921
12871,7.043176422187687
12872,4.38477129762567
12873,7.869922079130588
12874,5.107090846890446
12875,1.906360966308133
12876,8.112757470270807
12877,4.794444704289565
12878,5.048164870166465
12879,8.949696168727975
12880,7.267206852590805
12881,9.42917797618856
12882,6.241817386168669
12883,7.839434851869665
12884,3.806296020247174
12885,7.770127876783904
12886,8.289750497355735
12887,6.721784833990528
12888,5.218814603413496
12889,8.562774294983358
12890,4.371481797134081
12891,8.425038010982943
12892,4.720951801364561
12893,6.828485242440392
12894,3.488568876721227
12895,5.489174490998807
12896,5.753304108452794
12897,3.798321983514009
12898,6.627346281143154
12899,8.329451201557328
12900,1.8499363920558338
12901,7.530018798544504
12902,6.548193700689805
12903,7.503437337911499
12904,4.776877213073659
12905,9.34340005966805
12906,6.755067371813984
12907,2.159501789499397
12908,6.541889086796948
12909,3.6601693934717323
12910,8.928520132579306
12911,5.762483022153962
12912,3.154249967051444
12913,6.704708655195548
12914,4.692756487861485
12915,5.170120477273396
12916,6.907403446817653
12917,7.823725792233936
12918,3.295529100834696
12919,6.966658603442617
12920,6.196391563963365
12921,4.573493042747148
12922,6.780128177655953
12923,5.706072968406898
12924,6.846958391027273
12925,2.3641358286150407
12926,5.292534194243403
12927,6.149126114737496
12928,6.630384661386431
12929,8.34770138037869
12930,4.043216805137969
12931,5.087851310416883
12932,8.402589833030913
12933,8.170743422391205
12934,4.563233309404961
12935,7.655584416072538
12936,4.679520123325744
12937,8.07915571435266
12938,8.265719751281395
12939,7.113144634783859
12940,9.613959609612072
12941,3.998582084911671
12942,3.899043546444753
12943,8.869970712719054
12944,6.632730603306773
12945,6.228491442310394
12946,6.965627939781378
12947,5.500148802276782
12948,4.894341988904179
12949,8.995693005893886
12950,6.5294944916887925
12951,2.377969069761336
12952,5.760263818059317
12953,6.20731510513865
12954,8.888250005336456
12955,2.1869088811245696
12956,5.254162189540125
12957,6.052692153182362
12958,8.5464910529406
12959,3.6213146823799343
12960,2.273298230083613
12961,7.2667034762009175
12962,5.373752460561586
12963,4.879170994359363
12964,7.715674536214155
12965,4.581695349780216
12966,2.9276600195434828
12967,5.455698403329928
12968,5.033665537446486
12969,4.688516991478048
12970,6.245617543893227
12971,4.3737802275143505
12972,5.519211560279989
12973,6.941998025306413
12974,2.9019529140902334
12975,5.658229073578305
12976,7.443606406238645
12977,3.0053378773443997
12978,8.380853064066017
12979,8.07932140657885
12980,4.810096056519264
12981,2.944857899271063
12982,9.774805895140371
12983,6.4469945720979895
12984,5.225040324568498
12985,2.979221954117474
12986,7.806341119538313
12987,8.176084029683333
12988,7.52143649663712
12989,4.230648203906499
12990,5.88725991546186
12991,4.544768841745446
12992,5.364618361418754
12993,3.8978580019945355
12994,6.819939626772405
12995,6.5337551785211785
12996,4.552549234139387
12997,6.966737372680513
12998,6.541503578998403
12999,6.14636721756004
13000,4.407118138390006
13001,7.69847676993072
13002,9.385904102907688
13003,4.879646007227586
13004,8.917923032145742
13005,1.3617239917374633
13006,3.735322092590565
13007,5.284733135142726
13008,4.398535071194072
13009,8.631363209553022
13010,5.036155156153764
13011,7.345365619129128
13012,7.954654095238427
13013,5.133742382188742
13014,5.436967089393579
13015,6.167386044840696
13016,6.678778571175154
13017,5.9247156293418595
13018,2.6855372564972666
13019,4.487600723128385
13020,4.794369144198898
13021,7.102150888904829
13022,9.010658552947717
13023,5.86117656155823
13024,5.303261286072131
13025,5.747818121706188
13026,5.292562275213503
13027,7.484255101532092
13028,7.780488344073064
13029,4.69592913207271
13030,4.821076590062363
13031,4.701249008768138
13032,3.227550414173445
13033,6.744848008951096
13034,4.254912504790288
13035,7.556122593131142
13036,7.166018884954441
13037,5.358327947301404
13038,7.113072502190538
13039,6.426000524463077
13040,5.05162933714091
13041,3.202769852680192
13042,3.5927817595270066
13043,1.5032900057502248
13044,5.550861146883069
13045,4.842363839915735
13046,5.150647883488008
13047,8.626130531609066
13048,7.678368355881004
13049,6.93269245673772
13050,8.310647770966613
13051,4.318369576951811
13052,6.633157631620229
13053,6.958365219983828
13054,8.950153141701986
13055,5.201222460882345
13056,3.507243837021171
13057,2.064556452061044
13058,6.637213012459215
13059,6.036893403970478
13060,5.667601468236847
13061,4.4866271526629005
13062,7.243952421921523
13063,9.283427391142613
13064,1.7651988718796006
13065,4.503039552638175
13066,6.992659818702141
13067,9.01195960978308
13068,7.385126129908023
13069,7.413787522071836
13070,4.486118384528358
13071,4.76025787380063
13072,5.979986928568533
13073,6.414618952357439
13074,3.839319421194261
13075,3.6449909835485865
13076,4.7253432838180975
13077,5.834408151862612
13078,6.310240441039455
13079,4.084986654478844
13080,7.44471845322184
13081,5.951215490438307
13082,4.3127003744786565
13083,3.4683237602671526
13084,5.124792361477354
13085,4.50390331996156
13086,5.862806517689392
13087,3.1484181051449123
13088,3.27811840333755
13089,9.142846373762026
13090,7.802757886404631
13091,8.012249425952044
13092,7.545865952274136
13093,5.9945689478269575
13094,3.110238720394936
13095,5.380199585425368
13096,6.0487736330443465
13097,4.07498240154621
13098,6.461799045909382
13099,8.510260043034675
13100,4.311772632545032
13101,5.621633536236086
13102,1.345848651272494
13103,7.141490297479563
13104,6.665163947400826
13105,6.829986250039088
13106,6.1912879163889825
13107,3.70534894598593
13108,8.445414474089011
13109,5.61178147281493
13110,4.609217980021259
13111,5.549630388741189
13112,7.422354671545686
13113,5.894248667668134
13114,8.61396234935031
13115,6.564513293097075
13116,8.220101204001482
13117,1.8428213224364605
13118,9.772161701244112
13119,6.450066896089782
13120,2.942271981140855
13121,5.5274592400248235
13122,6.79936896581064
13123,5.822847243874379
13124,4.05285273226173
13125,5.256882106215207
13126,4.403673226212396
13127,2.107222455360085
13128,7.751168222431446
13129,4.6431478965660515
13130,7.329948658156253
13131,2.1772179023678535
13132,5.9667156827080765
13133,5.141980248832707
13134,7.296665803899943
13135,5.022440042901563
13136,2.3829675868146922
13137,7.056876340116753
13138,6.776600948715934
13139,4.8334846979492525
13140,8.78505268135283
13141,6.64487312349649
13142,4.493845561871845
13143,8.193504743009083
13144,7.749004501170971
13145,6.110123644531575
13146,7.186605945074856
13147,6.36974949606596
13148,6.56143295080429
13149,7.3927374031316475
13150,3.7541617238721146
13151,2.8223883519294555
13152,7.115981099014946
13153,3.6239079547835664
13154,4.442567802208462
13155,7.26267122453875
13156,4.75881032168389
13157,4.5816518672932185
13158,5.094867531200855
13159,6.78233490677351
13160,5.688400864164731
13161,9.810728097540883
13162,8.1241029409114
13163,4.380542364577964
13164,7.471385610467894
13165,3.749107871662912
13166,2.765607878924848
13167,6.1964241634202555
13168,3.940848449401754
13169,5.635874832176028
13170,7.489389041268081
13171,7.05874459364817
13172,6.2536899234473955
13173,9.427361123885103
13174,6.607382682237373
13175,4.388952590792292
13176,5.7509135544694
13177,7.786822865427717
13178,3.4878838870359945
13179,8.625508497311959
13180,4.609957038420415
13181,3.57472471418928
13182,8.192054221649752
13183,5.681509356156605
13184,6.815710481163328
13185,7.315188967791801
13186,7.729104374374944
13187,7.289503438206521
13188,4.375611462057853
13189,4.473899253201593
13190,5.801427275624849
13191,3.278656116006574
13192,8.523780976586878
13193,7.707856401762518
13194,8.339599578607489
13195,6.073037065187297
13196,5.440393566276626
13197,6.3198459939494755
13198,7.461567635063974
13199,6.240064423439641
13200,9.008141129504422
13201,2.6879039171881494
13202,5.183916748826535
13203,6.996999245571055
13204,4.485707315777726
13205,6.181144172151654
13206,4.158307921886169
13207,3.4113723705187518
13208,4.546915467339428
13209,2.439647895368262
13210,2.889893018422193
13211,2.5913557851414417
13212,6.906233887155145
13213,6.720828783010354
13214,4.952597302845963
13215,2.7835869038031373
13216,6.181641724095009
13217,6.326067067650119
13218,7.9283572543503675
13219,5.7663711663502735
13220,6.459727762353407
13221,6.344226782834373
13222,9.479337006285084
13223,4.887231323915506
13224,4.383581493192247
13225,7.6738944358867425
13226,5.916716944262993
13227,5.43237641030617
13228,8.488359782024848
13229,9.074883767360571
13230,6.300562815641685
13231,4.231338495518967
13232,7.71331118448986
13233,0.3571121466881207
13234,5.400210441373516
13235,6.725850764243884
13236,6.480526598939754
13237,7.309423678027842
13238,5.584334676999923
13239,5.160555143005171
13240,3.575937956242692
13241,7.776654609683248
13242,5.055661821342668
13243,6.852043031058999
13244,6.065519321561865
13245,5.066213477679898
13246,7.07005004447136
13247,8.242832385930807
13248,4.794714120684197
13249,4.6813175496403945
13250,7.893333606520094
13251,5.35482532527053
13252,7.7738083352321175
13253,5.602024348429131
13254,3.2500686035588044
13255,5.694442294453811
13256,6.640702947210314
13257,7.193191973881552
13258,8.054874216332111
13259,5.2017287818881774
13260,8.514939071540837
13261,9.456475932691694
13262,4.472590560614207
13263,6.46441872243108
13264,3.354195930511277
13265,5.50613788286906
13266,6.423751528018142
13267,4.0503701944727615
13268,2.8547260921018616
13269,7.076688218930139
13270,7.632762333836542
13271,5.121821459059795
13272,8.396321989340793
13273,7.8054096073598425
13274,8.264310448061558
13275,8.16920175141693
13276,6.304359961907311
13277,6.883140513806087
13278,1.173628469437224
13279,3.4801725478609025
13280,5.219707207075251
13281,6.346820331150553
13282,5.656815735237235
13283,5.2659286219986905
13284,4.890782918948608
13285,7.083387489574149
13286,6.643973671454573
13287,6.906318324298467
13288,5.179840907600437
13289,6.9262460688824365
13290,8.658898362437798
13291,2.6848597341021287
13292,4.73960513664096
13293,3.9253766814589217
13294,6.891412995593793
13295,7.663230944997677
13296,5.707201185772124
13297,6.250445274715545
13298,8.143326872001303
13299,5.783147507725972
13300,6.232712962085926
13301,6.29322862415272
13302,4.694879348808894
13303,7.1593474638127885
13304,6.10766650802152
13305,4.4395595889785024
13306,5.923694413082597
13307,6.909570483133459
13308,4.309504393541018
13309,2.8692014141530677
13310,3.1450161751606474
13311,5.518731694878585
13312,0.9664694430681505
13313,5.396773661413753
13314,7.509998001322435
13315,9.14964778139295
13316,4.655321495353372
13317,3.1687989347106558
13318,5.309105026906823
13319,5.724995627524589
13320,4.726249804095783
13321,5.920025648745243
13322,7.294673268221579
13323,7.702889068752642
13324,6.832516899528597
13325,3.258355329533821
13326,7.919433581455269
13327,7.146056410403735
13328,6.579228889656148
13329,7.3328318140857
13330,6.887452820208448
13331,6.030929660086728
13332,2.0186145554580244
13333,5.242382320254952
13334,2.66114904996262
13335,10.0
13336,1.8460363904214678
13337,6.978170873888793
13338,8.425391827859114
13339,8.67995515215077
13340,7.825968269379329
13341,9.1778468801272
13342,5.6013046230991845
13343,6.152561081886683
13344,2.68535554880222
13345,3.5016408179144616
13346,3.5101740617284363
13347,8.895179167997465
13348,4.057901286031985
13349,2.755402085846849
13350,3.2532379147296813
13351,2.6253624784475975
13352,5.516025470781674
13353,8.10580283084771
13354,8.108209439078138
13355,3.0051258946591988
13356,7.201840244831721
13357,4.026493936821317
13358,8.078118001397792
13359,5.473881235092354
13360,8.177964299484941
13361,6.686888757614878
13362,4.150036133499509
13363,6.861591534651335
13364,5.10419538123093
13365,8.485932789906167
13366,8.35680237433081
13367,5.004152332454942
13368,5.4443260781410165
13369,6.79217262487782
13370,4.3516126404718944
13371,3.3617925729377762
13372,3.8590754630186592
13373,8.015131714269621
13374,6.719062746404683
13375,4.19296215392907
13376,4.931405526655516
13377,6.531894122262147
13378,8.734460678815978
13379,5.215458076311719
13380,2.4395392307813966
13381,8.666640967789249
13382,3.968183646658556
13383,7.392049909122856
13384,3.6241323837030066
13385,7.706273506885829
13386,3.1433885806391726
13387,2.670258847822026
13388,6.235367153626171
13389,6.280039994475482
13390,8.592581140227338
13391,6.667526043663641
13392,8.258237770336674
13393,5.166722070918334
13394,4.679322677340909
13395,8.976689980695596
13396,8.870002399413066
13397,8.12979310339367
13398,4.738508145734734
13399,6.9237517469951175
13400,7.77674613312793
13401,6.2183559229813
13402,3.9773685292289263
13403,8.509510148694728
13404,5.9114752052087365
13405,10.0
13406,4.091008079256163
13407,3.0420576096889063
13408,3.567409642191677
13409,7.477762413543074
13410,9.205330114208532
13411,5.465518880144357
13412,6.0904947768067705
13413,8.607294938261095
13414,5.431840604136152
13415,7.093405440935732
13416,8.384222818801065
13417,5.993706517219142
13418,6.5623619731847675
13419,7.057385282831115
13420,6.931605582273173
13421,4.881445443885684
13422,4.934483674565286
13423,6.515179294386933
13424,8.485824769546399
13425,6.621908373399485
13426,5.7158574633294394
13427,6.403268243437883
13428,5.348298399523711
13429,4.033692049618057
13430,3.868603011392723
13431,7.757904168797109
13432,7.544427491941389
13433,5.475446888077296
13434,5.750959749185816
13435,6.2338790768079555
13436,8.719177145321886
13437,1.7659581660619994
13438,2.9478818842673844
13439,9.977046081762273
13440,8.097127688318109
13441,4.318888988105397
13442,6.686389547869309
13443,5.727076025327318
13444,5.988401447535279
13445,6.702929551710623
13446,9.14178022429855
13447,2.29856338970115
13448,2.744058963441287
13449,5.5906111792263165
13450,7.6196993936735815
13451,5.618472892473475
13452,7.795314465534864
13453,5.004453063598116
13454,8.361279353784164
13455,5.043533047479072
13456,2.686429639702908
13457,8.088488233614711
13458,8.123103783335026
13459,7.166697460250626
13460,6.321493869113514
13461,4.283332056480745
13462,4.667482714313065
13463,3.022835584482932
13464,4.244263204136804
13465,1.367345790248693
13466,7.930056945106185
13467,4.084741741535044
13468,7.351680818270079
13469,5.036329280096624
13470,6.345508733033059
13471,5.270553081290586
13472,3.6984430486842914
13473,7.419818553188936
13474,4.781711955706721
13475,7.430727864023084
13476,6.688167617922289
13477,3.902666880233919
13478,3.225410616865466
13479,5.145639425484254
13480,6.441186328558336
13481,4.697712938521245
13482,7.400597386447159
13483,7.533033534362595
13484,6.039041503839476
13485,7.047409710381676
13486,5.668063367737602
13487,4.911412416760847
13488,3.224063604958681
13489,2.481903134098466
13490,4.31224947062366
13491,6.054265677824537
13492,6.306189642409538
13493,7.560109498110069
13494,4.092115420249663
13495,4.65378121154441
13496,4.923763018984305
13497,5.918662227057478
13498,6.398507498917492
13499,7.564275287088887
13500,4.607282670607943
13501,6.748140363819312
13502,4.907220854380369
13503,7.059520004152499
13504,8.326967420811641
13505,4.492118635688229
13506,9.109453061287757
13507,3.488642085299619
13508,3.4360084348405415
13509,8.400162064651257
13510,7.945353925004277
13511,3.977905621829511
13512,7.002021668327506
13513,2.4774109337659618
13514,8.340873183211489
13515,7.644476024968334
13516,4.348995547390986
13517,6.0016735062054325
13518,8.794273779408933
13519,8.447770129920242
13520,5.964155912509916
13521,5.506923945115371
13522,4.398383225707103
13523,3.843838870330093
13524,6.2849278320402995
13525,5.987129218336011
13526,3.1855391275457254
13527,4.147220926848889
13528,9.238718214499707
13529,7.331901359414494
13530,2.3479169159318594
13531,6.4536273725871025
13532,6.886779961005029
13533,2.7268682337982506
13534,6.136335808342792
13535,3.027075220173514
13536,4.8641361237892875
13537,4.823215857423628
13538,6.358592988022004
13539,3.9836676754815676
13540,4.657269528202902
13541,8.692414787032911
13542,3.383469490425654
13543,5.302206630587531
13544,5.416446672871514
13545,7.617482851669382
13546,7.617163884969309
13547,8.320510442000847
13548,4.183420568478841
13549,2.697432647351106
13550,4.872480612909329
13551,7.562888563161728
13552,6.641430762460967
13553,6.762077145616111
13554,4.41294129687722
13555,6.833828758588314
13556,6.310449568358485
13557,9.835537657135689
13558,6.876981609346358
13559,9.074741666610764
13560,5.668338001592917
13561,4.35357020851468
13562,5.163585059756877
13563,6.7032111587417935
13564,6.6994897622504785
13565,6.279238836569058
13566,4.484841452193289
13567,5.493710990412914
13568,5.438342483636551
13569,2.56177487033251
13570,5.080979697129851
13571,6.461782803440255
13572,7.1505803216126544
13573,7.370968051161736
13574,9.16465148035223
13575,7.687752103279175
13576,6.041541175652142
13577,8.923997719862749
13578,2.4583825366621457
13579,4.467378755708995
13580,3.7406151306037656
13581,6.005737193798381
13582,4.604244307218065
13583,7.628300625895063
13584,7.135277419989275
13585,8.405498187346042
13586,3.2335722521503287
13587,8.105565526578424
13588,1.3272806466496623
13589,8.49177985683821
13590,5.439021910429198
13591,6.037251301801344
13592,8.88297566240768
13593,6.147939020012099
13594,5.550130630836449
13595,5.422676536474636
13596,8.512892824390873
13597,5.114294862000488
13598,6.487862789992199
13599,1.6216671055029737
13600,8.525156988351553
13601,4.72910662507533
13602,9.284691121936566
13603,3.5270857427767255
13604,7.716025257467277
13605,8.114068743014995
13606,5.864852488850487
13607,4.6642209486477
13608,1.3153875820985903
13609,3.5265508272306803
13610,6.283670454322835
13611,5.497034850654595
13612,9.539596132190244
13613,2.1290780428370613
13614,4.968592255048215
13615,4.602458605502258
13616,4.294614702145025
13617,7.094665478420413
13618,7.924050166736732
13619,5.867574761156409
13620,3.42395989546108
13621,1.7467138874306183
13622,6.13969388333059
13623,6.346275294324287
13624,10.0
13625,5.278771170088778
13626,6.212544707582967
13627,9.425650256213201
13628,5.102697775829334
13629,3.6644164190269164
13630,3.907101635287536
13631,8.428296885040798
13632,5.09607320404158
13633,4.718141310072287
13634,6.850162692371491
13635,3.9007206672831263
13636,6.302521367205039
13637,7.3521410330734165
13638,4.626136531037949
13639,5.108849729764782
13640,5.569483844960276
13641,7.51003821554033
13642,7.261337599285865
13643,7.0599467898408035
13644,3.404286963940752
13645,4.105300253285537
13646,9.360256637909417
13647,3.949397634505757
13648,9.06104935990056
13649,4.883437390918667
13650,5.359558221099768
13651,7.486464274553382
13652,6.606573329120268
13653,6.632949850084014
13654,5.688739195862863
13655,6.440721902706159
13656,4.388720387620099
13657,4.100864716253691
13658,3.010317878033379
13659,4.893204603746885
13660,7.686903438563594
13661,7.571580601400899
13662,4.798975280569441
13663,4.951906188477164
13664,7.152506161399804
13665,7.1764598644626005
13666,6.776925557381019
13667,6.965596056806961
13668,7.055813378052452
13669,2.7690928322177344
13670,8.192111632124453
13671,6.47799282409766
13672,8.522486197654445
13673,7.043503624691553
13674,5.3058957633582065
13675,5.920999358145799
13676,7.3416659643217965
13677,8.78814860779407
13678,6.674063115370503
13679,3.5408467804465147
13680,5.194113023853969
13681,5.453851400706164
13682,5.108685175225712
13683,7.630089874039894
13684,5.637602611949757
13685,6.686933684482218
13686,5.747251513608608
13687,7.223210400188878
13688,6.851004872205731
13689,7.288191278024749
13690,7.513988923713715
13691,8.761213760843965
13692,4.394080339710137
13693,7.226636040471337
13694,5.051335554458683
13695,6.285041471136083
13696,7.743726788654726
13697,8.109908361416595
13698,5.343742962397465
13699,6.233493568699319
13700,5.168099603276989
13701,3.6741233105911792
13702,4.607065241963851
13703,5.840159002142871
13704,3.360682733340917
13705,4.517143798195553
13706,8.346562966183527
13707,5.698866306008312
13708,7.570558994517158
13709,8.507929206172323
13710,5.461031666884703
13711,6.480190463314557
13712,4.961388511250124
13713,6.45001366176364
13714,5.0619122864842065
13715,6.565566319043866
13716,6.012683277904847
13717,2.340598627223126
13718,4.25633975564669
13719,6.973202900797652
13720,7.948352865579871
13721,9.002895619082114
13722,5.014949309093062
13723,3.4583046196677145
13724,6.851014858119727
13725,6.3078812232461265
13726,1.8128559163328137
13727,6.5530308491451805
13728,4.226336449646749
13729,6.976363899988451
13730,8.163876245935361
13731,6.694683072543653
13732,4.1936809453554185
13733,8.735807396044473
13734,2.391443219609274
13735,5.216311626781177
13736,8.251870820239795
13737,3.2716005366872953
13738,5.362023218502673
13739,4.77613605632113
13740,9.430820763407192
13741,5.630012382607016
13742,6.69489672519011
13743,7.7498298566292485
13744,5.7850716818792955
13745,8.309377243943834
13746,7.12275892935013
13747,9.216901107990793
13748,5.9195152666076645
13749,5.252993404413992
13750,6.2090534130439305
13751,7.6571127239675665
13752,5.412582706243167
13753,8.600975528736239
13754,5.348460254417554
13755,5.939829462356546
13756,5.259263753928303
13757,6.913451352795233
13758,5.237877125260917
13759,7.173920700283934
13760,8.563056374810554
13761,9.233509213401689
13762,4.751723953223097
13763,6.7807553087562455
13764,5.857425546003596
13765,4.093849958584868
13766,7.889923139538848
13767,4.171622697078546
13768,5.348001749173738
13769,4.261252476082727
13770,6.421576140823233
13771,1.2520201673109639
13772,7.118728267944142
13773,8.34379167714237
13774,9.192168912765798
13775,4.6985484796849075
13776,3.3471536536485664
13777,6.871905335315108
13778,7.645159309032165
13779,7.5072766603644405
13780,7.426557315442419
13781,5.854610852132282
13782,7.579205973208103
13783,6.485465880397042
13784,9.245233234011113
13785,3.5814148681599742
13786,7.142593930854891
13787,6.837594215522902
13788,5.866276936912947
13789,6.125251662809725
13790,5.210751672661423
13791,4.784322819534442
13792,7.014665217752318
13793,5.45162646483445
13794,4.929382737761082
13795,4.918981250490282
13796,5.197079387977641
13797,4.498247193516789
13798,6.301229584098294
13799,7.284705109107408
13800,4.764397382141151
13801,3.6775408228333295
13802,5.579418447753389
13803,2.306118203295708
13804,4.156919198263899
13805,3.0406131053446375
13806,8.188662940652794
13807,4.100230556374387
13808,5.438926852076452
13809,4.310278610952454
13810,6.758353048013232
13811,5.652932538881157
13812,7.137605549998478
13813,8.071755107636767
13814,8.462186537221697
13815,4.351194103256199
13816,8.352780829817048
13817,3.694175699643607
13818,6.4322411829490065
13819,4.855755994161264
13820,8.32046408317692
13821,9.024899971692067
13822,6.944976474355773
13823,6.5426261291740015
13824,6.233593913761942
13825,6.684033848189125
13826,5.322634280553595
13827,4.856113655145517
13828,6.0066650265002535
13829,7.729781968013225
13830,3.570907029669002
13831,7.592526511981577
13832,7.71940024851597
13833,8.197983640845452
13834,6.26486524140064
13835,2.550207183301231
13836,4.55751865184665
13837,5.636047610156862
13838,8.548830718144918
13839,5.812870509228096
13840,5.459695079173345
13841,7.923751494093915
13842,8.111228550976087
13843,8.48065116802059
13844,8.9245592217647
13845,9.609984196629092
13846,2.2052571049288363
13847,6.594612799772256
13848,6.531515805056165
13849,4.866737737745683
13850,4.713753570584731
13851,2.2906445356274356
13852,4.836995574241765
13853,9.664345077008113
13854,5.22283632271962
13855,7.114572162052553
13856,3.4586110686376825
13857,7.364260562743268
13858,5.5576938744176925
13859,7.622177292081128
13860,8.917828340453747
13861,5.568090406789747
13862,4.779376152267563
13863,8.932915884125677
13864,6.966162364706299
13865,5.759021382731422
13866,6.671259108558989
13867,4.139645576271528
13868,5.163212912173153
13869,8.099588688222205
13870,8.671858208913845
13871,8.982421063681528
13872,5.885242899630975
13873,9.483550478358824
13874,7.429052701245826
13875,9.106124349314507
13876,6.977502748135256
13877,6.308938744028604
13878,6.187667303416864
13879,5.782281534789361
13880,7.850984183762959
13881,5.92220673595025
13882,5.568984396619645
13883,7.782781039105141
13884,5.9085307547523245
13885,3.4371149721185974
13886,6.096045990546766
13887,7.318476398450188
13888,8.282337582072877
13889,8.093249659043188
13890,3.143992400980383
13891,7.228778859189299
13892,6.20479198842285
13893,9.356327524184252
13894,7.144956224698344
13895,6.469997439250641
13896,5.7960497336231045
13897,6.786457210330365
13898,5.0261132059126865
13899,7.390838762535712
13900,7.1291427548512205
13901,6.585670626246881
13902,2.335810980744314
13903,7.033563326143794
13904,3.1071150530870826
13905,5.72014582822912
13906,5.960638712144909
13907,5.533169770277907
13908,7.246634188055096
13909,7.683513758904058
13910,6.577841606937434
13911,8.063952394240085
13912,2.681323398056624
13913,7.3278504112754925
13914,0.8714668296224486
13915,5.872925230871177
13916,7.419032561208284
13917,8.027840245528159
13918,8.012019833093476
13919,7.316699031455276
13920,6.554618761050258
13921,2.700408938295349
13922,5.31092051862541
13923,8.507577746841369
13924,7.157187663618308
13925,5.426129788415734
13926,7.625945337324153
13927,8.338976912891262
13928,6.836027555921099
13929,6.489682127123065
13930,6.379973394370493
13931,6.98966801593058
13932,6.81359516087754
13933,6.343494804015051
13934,7.265453764035255
13935,3.137916746308594
13936,7.340833844728139
13937,4.210253339256933
13938,2.557057771905801
13939,7.112890958136605
13940,6.682500669686019
13941,4.464680549388638
13942,3.8057206799430285
13943,5.287996778697458
13944,6.85375064899019
13945,6.529967633618401
13946,6.402143856265232
13947,4.533330535635876
13948,8.357468895936593
13949,1.8108516075579448
13950,7.536354014074506
13951,7.0327113820960365
13952,4.569849401532436
13953,5.046010042460388
13954,8.125901640105702
13955,4.180442627645187
13956,1.9810326209315299
13957,1.839070246507149
13958,8.174753862731
13959,6.180267105803912
13960,5.398772919244433
13961,7.063110329916785
13962,5.7479801397967485
13963,8.23122892042349
13964,5.330476861306634
13965,4.666603043985982
13966,5.333540522448709
13967,4.562292331225002
13968,6.080666545992111
13969,5.549266809619913
13970,9.222031713726231
13971,6.101978829958867
13972,8.927357386963845
13973,5.743755628374259
13974,1.5621050368604639
13975,6.592600178943451
13976,7.558018516283361
13977,6.381891408458054
13978,7.248999156261343
13979,6.641609234973166
13980,8.529252570675212
13981,6.675367585708071
13982,5.02921391095721
13983,4.808716126791897
13984,3.1887302938553104
13985,7.471049034236311
13986,7.653573321706925
13987,7.469002395430137
13988,5.804051519837776
13989,6.519653680805724
13990,2.012176875715863
13991,5.248473566320388
13992,6.9104735131519
13993,6.64870788031398
13994,3.205816421793737
13995,8.201880730982602
13996,5.970519319437702
13997,6.771002287992258
13998,7.241175001749127
13999,4.401110407900809
14000,7.474108412564396
14001,8.89242445420493
14002,5.2431100490414195
14003,8.836332559289005
14004,7.699150071006196
14005,6.917139318070627
14006,2.893797754940389
14007,7.8502741230341835
14008,6.681630902867584
14009,3.4618391567797717
14010,8.402520193660914
14011,3.4156139584620617
14012,3.3395944618937587
14013,6.669321300687701
14014,4.2003046211386055
14015,3.146633793979495
14016,5.463572507685346
14017,6.181334875039777
14018,5.929384959916712
14019,8.594474136676222
14020,9.021683951715852
14021,8.36681733254575
14022,7.035355671764114
14023,7.127660931539663
14024,4.947400973985263
14025,1.3852143890774933
14026,5.911876254196461
14027,8.521507592496055
14028,6.075226232806521
14029,6.001533264611769
14030,4.734038946266419
14031,2.147058396483538
14032,4.6427308112567705
14033,5.395650498406407
14034,8.05635475761986
14035,4.20194296221701
14036,8.481387167348677
14037,7.721186204449144
14038,5.9506811641312
14039,7.668434815276728
14040,8.29580228673532
14041,5.070047486014821
14042,5.313176048989931
14043,6.188190271764655
14044,2.964468848783968
14045,4.124776119625239
14046,5.124583093854152
14047,4.392629235195746
14048,8.408596313171767
14049,6.424941268745661
14050,4.8866990628882405
14051,7.622728430901947
14052,5.980889024446916
14053,3.3771668496970286
14054,9.1237011615356
14055,7.2707071696049015
14056,6.891645264556097
14057,5.226265435297994
14058,4.936221870123111
14059,4.393273828466862
14060,1.2490038886283101
14061,4.070332855894079
14062,4.600394598970436
14063,4.383161692117281
14064,2.4163530977797736
14065,1.3361970822555906
14066,9.102490347521282
14067,1.983919852182176
14068,4.5424235296308675
14069,6.290188922858479
14070,6.824450868256407
14071,4.893276109667135
14072,4.817263323355146
14073,8.24130983741672
14074,5.4810646897245725
14075,4.963682342964955
14076,7.034175136334941
14077,3.696222978334543
14078,7.212432568278962
14079,6.274704870885089
14080,3.9783804512607026
14081,7.5188122854268435
14082,5.943857259162179
14083,5.1414908859732495
14084,2.5907876761152817
14085,5.774972815821903
14086,5.643826556651388
14087,8.212314429817523
14088,6.278219865609995
14089,6.239601121481255
14090,2.030435161733913
14091,7.117094238166187
14092,5.728641882674359
14093,2.7190169489046947
14094,4.275187233609442
14095,7.236630227977152
14096,7.588469191137139
14097,6.078534857856735
14098,7.272936494973535
14099,7.634761589420223
14100,7.354179541699413
14101,4.635788264326118
14102,4.365808742923733
14103,7.602006484715443
14104,6.420842916234506
14105,5.2707621853055775
14106,5.653981228299715
14107,5.756035155688452
14108,5.167304615320103
14109,7.398508692577912
14110,4.388558144706759
14111,2.291047714700094
14112,5.741494522828016
14113,5.039238790436466
14114,9.958129393537797
14115,6.204805176273558
14116,6.277299869555761
14117,8.404461932532861
14118,6.908268229233171
14119,6.254283380277365
14120,6.244773641938108
14121,3.633725094378539
14122,3.87540066690239
14123,4.793211578353935
14124,5.373170421816427
14125,7.94829274433568
14126,7.081338327981349
14127,8.238299873882049
14128,4.93570916439706
14129,3.258230080471286
14130,4.0779782312983315
14131,5.817097035652059
14132,7.405736788443971
14133,9.950947758962558
14134,6.584094041814121
14135,6.128256385513919
14136,6.569163964047191
14137,6.514670158424959
14138,4.232622408636493
14139,7.513109880068396
14140,8.77398239110885
14141,7.325947194796687
14142,6.391466177415865
14143,6.18741652332381
14144,6.311916436847652
14145,7.9753743511364075
14146,4.3875796354642045
14147,4.878711575711332
14148,7.843005639115477
14149,9.57995168519542
14150,3.011066791371999
14151,5.479783039636826
14152,3.0925811359266944
14153,9.702353040585457
14154,6.384991319596743
14155,7.359811495325457
14156,7.861416026190649
14157,5.950539878530438
14158,7.195922445175956
14159,5.330728572283513
14160,3.7909908228315694
14161,6.961086356703981
14162,4.478033642644864
14163,5.14961398368916
14164,7.734888452173379
14165,6.298874088518712
14166,6.789943585902895
14167,8.855811019474022
14168,7.051929018076341
14169,9.335558293238453
14170,6.3156874729055685
14171,2.2253033040237478
14172,4.281185897250472
14173,6.571913028646696
14174,6.490003778753677
14175,5.054517754383856
14176,7.592965279747334
14177,8.401026065569473
14178,8.112107139336356
14179,7.012064208885236
14180,4.8751941700413015
14181,8.827288248247255
14182,5.414051097529837
14183,7.48808796190736
14184,8.448376180996217
14185,5.613272360455141
14186,6.538385131578495
14187,6.1865883224134555
14188,6.984274723824429
14189,7.12743301426468
14190,6.11791008216564
14191,8.304922580700557
14192,7.297039185731702
14193,7.303561016687885
14194,6.948827987760732
14195,4.838188831840828
14196,6.914589657050874
14197,5.913897038743754
14198,5.4588142309393834
14199,5.182744567231722
14200,7.6377028108101195
14201,3.97773818791989
14202,4.312341347636256
14203,5.949254328353873
14204,2.875999394676462
14205,8.46603641640233
14206,4.8107101551398035
14207,4.17846362458057
14208,6.162563054285365
14209,8.92549343550194
14210,9.107152292217473
14211,6.358036562075717
14212,6.805053947700013
14213,8.391805656896942
14214,7.698281635626059
14215,2.386130495691072
14216,6.71456667394881
14217,9.024655349672146
14218,9.130165638608544
14219,5.367342508210903
14220,8.487233598228412
14221,2.7970170052161882
14222,4.669709967341161
14223,5.193191939574466
14224,5.785073560638355
14225,7.445574658522629
14226,2.216765317147627
14227,6.145746549380937
14228,6.657371058984933
14229,6.088820975570556
14230,3.864381340475023
14231,5.063555622124384
14232,7.2105403123195675
14233,5.1525474754621445
14234,5.861491509437231
14235,3.83334703695701
14236,3.6569507244518946
14237,3.9067121703083694
14238,7.152940811620851
14239,9.102304339706551
14240,4.495880864318327
14241,8.361815781071503
14242,5.196222097600251
14243,3.711068658689325
14244,5.377167265003775
14245,5.643813425791382
14246,7.32960242285411
14247,5.10526316912049
14248,6.546114645943806
14249,5.231171950317303
14250,8.952527121085437
14251,3.313377012582645
14252,3.454944713077507
14253,9.858635673032955
14254,6.890681300065938
14255,8.164870087634332
14256,5.362796604350543
14257,4.572676002163394
14258,7.88761103686544
14259,6.101729049799456
14260,1.7232886312956488
14261,7.416922926841193
14262,5.3874373112978775
14263,1.7959086393920862
14264,9.56793028919239
14265,5.493953394274226
14266,5.583710094403046
14267,5.488851883847476
14268,4.507410149548284
14269,7.2863440821223735
14270,2.6408833918278245
14271,1.7494948377895487
14272,7.4454613954222335
14273,7.115120901911847
14274,6.594857772931248
14275,2.005729848096721
14276,7.63694377798321
14277,8.25924832580737
14278,7.77020572634973
14279,7.213193045777094
14280,6.082693056125596
14281,4.884071713122391
14282,1.9259729017540819
14283,4.765783858453157
14284,6.698186348682191
14285,3.7961057092659045
14286,4.734237643716412
14287,9.002725894460678
14288,5.114338083857655
14289,7.842396344293589
14290,6.801632070780512
14291,5.874499505095625
14292,5.9225655585565
14293,7.6971096568408
14294,6.404770665968751
14295,6.398578838310589
14296,5.972059911888127
14297,5.1350044957808105
14298,4.6407992550023485
14299,6.327865300043713
14300,8.316870888666852
14301,5.218453960605388
14302,6.4419186891216125
14303,6.783107516034171
14304,2.1595078761564483
14305,7.086469938857184
14306,3.206077776370132
14307,8.271865436369449
14308,3.3798731529699784
14309,6.177768798526362
14310,3.7318083956148005
14311,7.777956019382058
14312,4.313920272600553
14313,7.573873795524304
14314,3.345936626268795
14315,4.394742411073618
14316,2.8151175812611178
14317,7.6610008487090715
14318,6.51540767016036
14319,5.895515933389915
14320,6.3760172009214555
14321,6.922322114009982
14322,6.0732025461377726
14323,4.53674042518895
14324,3.8130613153631057
14325,5.424950653176461
14326,9.534338213671765
14327,5.031672667384657
14328,5.460907740249745
14329,4.51826294426089
14330,6.8971428680231
14331,7.889600385090408
14332,8.541739231278031
14333,9.111928341099336
14334,9.610386807555825
14335,6.3214937921047145
14336,5.5871249227352635
14337,4.357419238693948
14338,6.543519362916501
14339,7.672245550602796
14340,8.777526015907126
14341,7.076141514916413
14342,9.305479455520038
14343,7.231937065103229
14344,6.052868400373849
14345,9.660028507471875
14346,5.699855584154758
14347,5.3200947057541645
14348,6.5898239354812835
14349,4.220738483671809
14350,6.872525997998563
14351,4.288617786966018
14352,8.239215278752503
14353,4.603223185850798
14354,8.397480030465726
14355,6.494962947542578
14356,7.447441777552653
14357,8.31525632464373
14358,2.7681386677368227
14359,7.015646728906908
14360,7.679759971418136
14361,8.35553606038871
14362,6.357085017470705
14363,4.797798626062531
14364,8.548841540522165
14365,2.913346667565157
14366,5.640337784906929
14367,6.610939575004841
14368,5.196204429443848
14369,5.009754176802354
14370,7.43026756918712
14371,4.22138289275784
14372,7.46480516802113
14373,7.539017251612022
14374,6.719930650604402
14375,5.791817919307314
14376,2.1932130257313145
14377,6.004710746643262
14378,7.235977303940445
14379,3.8698777599878156
14380,6.729374583369775
14381,8.671828845758855
14382,9.264112240700351
14383,7.339607327570304
14384,7.124210903464487
14385,9.541597680117713
14386,8.857013746112827
14387,7.0403258421191195
14388,6.956036163053278
14389,3.54070295374827
14390,6.194841605684185
14391,7.423703400312772
14392,7.328923061160209
14393,2.486336481521888
14394,7.840817124716325
14395,8.668681724831329
14396,5.3981105311982605
14397,6.963256419166475
14398,5.147825930510561
14399,5.515111933876155
14400,1.1029583277218435
14401,5.526742993742734
14402,5.979361004994013
14403,7.944305746864285
14404,5.671275577530857
14405,9.143128531198297
14406,6.447271643854462
14407,8.100465421311954
14408,7.670414784538422
14409,6.401586082741947
14410,7.928731417616459
14411,7.658546997811616
14412,6.144062994091988
14413,3.0469148340706877
14414,7.415271661128355
14415,6.896800013583493
14416,5.777400082871407
14417,5.827245022879234
14418,3.440570380761522
14419,6.2266417753432
14420,5.1258660878092535
14421,8.245753031876987
14422,1.1029626859136814
14423,4.54711723380507
14424,3.1416415573213903
14425,7.07063566970332
14426,8.220171847037943
14427,5.537394371964147
14428,6.605734040004261
14429,5.713182409634985
14430,7.465402261801395
14431,3.6070109628803335
14432,3.2153875575781687
14433,7.119723342663067
14434,5.327422003154766
14435,8.72599231559101
14436,7.841684391013778
14437,7.289334227571186
14438,6.81741595924365
14439,5.029639362620112
14440,5.97233110916668
14441,3.732463990901558
14442,2.8146993803827454
14443,7.862791541002712
14444,5.6148710916885
14445,3.5210593826523113
14446,1.4791933343339816
14447,8.051619422180735
14448,8.200908281547708
14449,3.2416781758899456
14450,2.690237852393898
14451,6.437619506633609
14452,3.102995994957422
14453,5.202456893035141
14454,8.253307272858248
14455,4.002790257748326
14456,7.580829540696167
14457,6.864497559101945
14458,7.091182299550042
14459,3.6634038719055315
14460,3.9489039488300723
14461,8.832356347040122
14462,4.125947126014368
14463,9.69115658840339
14464,5.242854348127188
14465,6.900390559687343
14466,2.2290085643154747
14467,3.6196012702705915
14468,5.393349356034894
14469,6.668190442574841
14470,8.69595271734243
14471,5.007043339417204
14472,8.754131375847123
14473,4.680473353398325
14474,5.203644101975415
14475,8.98292693724799
14476,4.125651884194932
14477,4.535402089300851
14478,6.052870464187678
14479,8.078934702906599
14480,4.813293713847149
14481,4.64097097719047
14482,0.7322552472363765
14483,3.775831206342889
14484,4.98999527425522
14485,9.149860582889362
14486,4.937003538638695
14487,9.226172424153983
14488,7.438320289038417
14489,3.910617877434019
14490,3.141611394897328
14491,5.606065246146006
14492,5.752490732584046
14493,6.390357244082075
14494,3.303515027810579
14495,1.8629437718522797
14496,1.9602206694161295
14497,3.8478942537476737
14498,3.870827873917382
14499,9.452508146759316
14500,8.154034129517012
14501,6.275133557251409
14502,6.1218822696969495
14503,1.6908172508539876
14504,4.710852079006026
14505,7.36889839214548
14506,5.040925624483466
14507,7.492636767545446
14508,6.60039120873997
14509,7.888442964975295
14510,4.629128086995687
14511,4.79874943330232
14512,6.0464312933531374
14513,9.447431529322952
14514,6.020481578167648
14515,4.3539845269407955
14516,6.823094915108227
14517,4.261740557632317
14518,3.3014513185454186
14519,6.097608157262169
14520,6.284378144735712
14521,8.186597365856167
14522,7.347645422908356
14523,2.42744203692393
14524,2.359132162143028
14525,3.2353441748750247
14526,4.382332636634929
14527,6.687070958815266
14528,3.5378582373225185
14529,5.544279909624614
14530,6.91634577250345
14531,9.231001260266739
14532,6.375643495240142
14533,8.30319001604442
14534,8.801515800229685
14535,3.3600878322823777
14536,5.121682805868857
14537,8.176655631778212
14538,8.185414555405767
14539,7.051018168516626
14540,3.816902489413046
14541,8.152542320529424
14542,7.617140991127437
14543,7.3229377905152555
14544,8.266126480651575
14545,6.4099932366305685
14546,3.8566341341429524
14547,4.179311447234787
14548,4.933517389759185
14549,7.353892984149607
14550,5.325331147170409
14551,6.021482857271981
14552,2.279309896284642
14553,7.261363208550213
14554,7.985152336471278
14555,7.362616913109932
14556,6.994483753886229
14557,3.6892969385164376
14558,5.987471986699449
14559,5.9384464681823195
14560,8.351145280698075
14561,6.69378584536577
14562,1.9947030889299373
14563,8.788136250515857
14564,6.061653288577674
14565,5.536882779536298
14566,6.733172230618847
14567,3.309661219915831
14568,3.2526946430619708
14569,6.121607036024035
14570,7.525827073608732
14571,4.136612502440697
14572,6.010573569385882
14573,8.258585120668101
14574,9.034872727647368
14575,5.4930451569540395
14576,1.624129783360375
14577,4.376520660557209
14578,6.019418219964167
14579,4.389009938845616
14580,7.444111020817382
14581,0.8902338572309818
14582,3.442961811197193
14583,4.8439395648831445
14584,4.772175018374637
14585,6.720866729718029
14586,5.18879585639689
14587,7.207858002244616
14588,4.018905291160025
14589,5.811063708096576
14590,8.768316268311063
14591,4.501234453352334
14592,5.495629493448809
14593,3.834475987490804
14594,8.612003700355967
14595,2.1781376443593365
14596,2.4846548490641025
14597,8.01819189528129
14598,3.3129081150944235
14599,8.698078588393878
14600,4.492523620819621
14601,5.774196847895471
14602,7.029536407507531
14603,6.820738426553152
14604,6.097146823528345
14605,6.394747266412634
14606,8.698392017921783
14607,8.247847700202712
14608,5.709382787825738
14609,7.5922311786839884
14610,4.472552504200062
14611,8.22240505287726
14612,7.6574745576695715
14613,6.501517001896206
14614,4.3973357155888655
14615,7.529233152032008
14616,4.001761208884187
14617,6.2599092240636
14618,6.594153352576627
14619,4.4150225472102465
14620,4.559879875587763
14621,4.786557476533018
14622,7.47853023471542
14623,9.484305988347774
14624,6.187852581949266
14625,8.377800290201467
14626,2.0029180697282354
14627,7.638832212975014
14628,7.439688936736988
14629,6.389490994825447
14630,5.654651012030578
14631,7.93601985012522
14632,3.473069742728821
14633,4.629713012258193
14634,4.774467176550002
14635,5.542365502323959
14636,5.78068800447335
14637,3.188992712731867
14638,6.013327987204002
14639,6.531783731275491
14640,5.0140021552274465
14641,5.652533255336994
14642,4.810436213909579
14643,5.578561854645477
14644,7.628529642798149
14645,1.083260470802421
14646,5.566196108511411
14647,3.8325275931384293
14648,7.58635758276898
14649,1.66887948994803
14650,7.578606893762519
14651,6.198361843413482
14652,5.870794543528513
14653,2.590406876078909
14654,4.280259264981897
14655,4.65656912770238
14656,6.3215782239551235
14657,6.192907390251521
14658,5.487327737224781
14659,8.41111340609446
14660,9.328843167927827
14661,4.435607114777433
14662,3.5051082895796903
14663,6.706804471313828
14664,8.887131178835865
14665,7.6353717814233315
14666,7.893189271647245
14667,2.6258935785982866
14668,8.486083665355357
14669,7.840413361227438
14670,4.7112989248646695
14671,8.411879814821823
14672,8.89740371445082
14673,6.786484117813682
14674,5.9677417173166045
14675,6.973550573929225
14676,4.314105636018507
14677,7.4303082928855915
14678,1.2923117776834419
14679,6.757738357298865
14680,6.612878447639871
14681,6.134822185487852
14682,4.874449614803325
14683,5.301121547709165
14684,3.7208732484063294
14685,6.161244980860634
14686,5.409434631635248
14687,8.315671992701299
14688,9.699667384673328
14689,4.744957627474864
14690,4.575573312791469
14691,4.248375555820129
14692,6.03705343028886
14693,5.303610132540958
14694,4.7269119850981065
14695,8.303082122925709
14696,4.025787374796654
14697,2.9261054797241206
14698,8.652055204248583
14699,4.052320976785419
14700,5.1481036875250545
14701,5.8328761223101075
14702,6.970562396935454
14703,3.7655666616747956
14704,4.783263061444995
14705,2.335660157773744
14706,3.185034967007305
14707,2.3520975182326715
14708,5.8895626750091
14709,3.77138946232389
14710,4.542488067889765
14711,8.02924239744652
14712,5.1874880665350505
14713,5.871383642481331
14714,6.183238291335883
14715,5.025716472320867
14716,7.251590362969098
14717,4.487366911884548
14718,3.280341489840401
14719,5.850203118199153
14720,7.057425626710321
14721,6.232016760995361
14722,7.8111289719251165
14723,4.336519198212553
14724,9.252616413560258
14725,6.016828644435716
14726,7.85286965438724
14727,8.492250306511174
14728,6.709209056209424
14729,2.5612443989146962
14730,4.768512734822101
14731,5.639450482327287
14732,3.361396329802977
14733,5.148252259153649
14734,3.493838310487127
14735,1.9760793544270714
14736,7.403656713781694
14737,7.940395121166641
14738,4.058262690963237
14739,6.204832124342789
14740,3.168514778449529
14741,6.738119627635429
14742,8.198754093426068
14743,0.6382563192765414
14744,6.0331568321347
14745,7.128555220768421
14746,5.348017253201689
14747,9.118166235260796
14748,7.018878105582235
14749,5.868141855861462
14750,8.685485098879628
14751,4.225443720922585
14752,8.576497786365929
14753,4.6642019354398
14754,6.951763732441764
14755,5.067845914918737
14756,4.826102824964838
14757,5.40832466396987
14758,8.070042584355924
14759,4.4268931381620815
14760,7.12460090682115
14761,6.9915182523053385
14762,3.181502546843878
14763,7.956487763237052
14764,7.415848548094388
14765,2.9595340075361856
14766,1.6504876114663967
14767,5.206693219943831
14768,5.571143837058786
14769,3.7035986736404207
14770,7.503729760537577
14771,3.374238092085515
14772,5.141375334033222
14773,5.807304441237538
14774,4.954061449823651
14775,6.0640071472442045
14776,8.988781705665938
14777,5.8399238633731425
14778,4.5865846607367615
14779,7.488317576635871
14780,4.730027944514213
14781,6.648927428199977
14782,7.427919098468616
14783,6.833041732123788
14784,6.2870077070549915
14785,7.68851764393803
14786,8.015148581132499
14787,6.313557383739693
14788,3.9348605047177423
14789,6.137333590824462
14790,7.232446057087757
14791,7.4163018469506286
14792,6.146483487741915
14793,1.9945181401732532
14794,2.3555146585542728
14795,8.487083470476431
14796,8.050389195271562
14797,7.613424632842676
14798,5.425871672904984
14799,4.834612711785434
14800,8.410655351944618
14801,3.141022141134867
14802,2.042478021353793
14803,8.628214070839986
14804,5.244626183329631
14805,8.358018612396702
14806,7.143427826360701
14807,3.9907947027165647
14808,8.49473622354417
14809,6.004608981289928
14810,6.87466285217918
14811,7.2203258943359145
14812,7.895366113654529
14813,2.229630496632366
14814,4.703547153020592
14815,6.42675420254765
14816,5.144822340880735
14817,2.2691836188810286
14818,4.406424824222022
14819,4.916085534995093
14820,7.791488452910173
14821,4.552625270453279
14822,8.028104348516205
14823,5.478324225292663
14824,4.993767001610981
14825,5.0495871269036545
14826,4.3848087071995145
14827,5.788623847596349
14828,5.18564485372511
14829,7.599476920203482
14830,4.681507314056369
14831,7.776265583045046
14832,5.681718719751707
14833,8.100405770087589
14834,4.023430582740572
14835,7.534832203683641
14836,6.040609114808176
14837,6.032091090945128
14838,5.09791146485818
14839,4.45077051997402
14840,4.540793759136224
14841,4.27895500424615
14842,7.966896192980556
14843,6.459232614672303
14844,2.2005216749174403
14845,6.993539354167223
14846,8.429587826546745
14847,5.8085634302489675
14848,5.6802869067905215
14849,5.441999747239609
14850,6.017837511925854
14851,8.689446563508374
14852,2.1697999564575676
14853,7.109807296453122
14854,8.133006774522148
14855,2.891038250249667
14856,5.74862305377904
14857,4.195730892650033
14858,4.829945802923268
14859,3.74355693164574
14860,2.363926442705503
14861,6.63396386384654
14862,1.293715136466929
14863,7.592035692182521
14864,6.432980261443502
14865,7.238249539328603
14866,6.968554715968166
14867,4.359797933603893
14868,6.024981122914909
14869,3.324283099847785
14870,3.8820117389288904
14871,6.853856703447129
14872,5.206355833328046
14873,6.728851391234723
14874,6.832062989759228
14875,2.5077919166262994
14876,3.702878091084952
14877,5.9828059232427755
14878,6.771108459424618
14879,8.79609363887703
14880,2.0570470790805357
14881,6.618895493127059
14882,5.163509015579094
14883,7.148510711482416
14884,4.114604995560779
14885,4.696487975200568
14886,6.3791109021565315
14887,5.0139550905165295
14888,7.481558508164289
14889,8.043026575321598
14890,2.9039388299816555
14891,7.207910488796917
14892,4.780379810717113
14893,5.219034869979512
14894,4.931453435304257
14895,7.921968098855746
14896,3.263874838603577
14897,5.63066067691271
14898,4.5680143010522976
14899,4.417279602156575
14900,4.118806049852876
14901,9.549980515105238
14902,7.074138615806609
14903,6.750599341567634
14904,6.781979274658094
14905,5.014380447784311
14906,8.456743579845773
14907,4.707147287336635
14908,6.086392677912305
14909,6.518558346007981
14910,5.2383818497867995
14911,7.213293370098938
14912,4.8097533646961175
14913,8.666659680262969
14914,5.923915101985014
14915,7.5079231705794065
14916,5.690148331554583
14917,6.825028121899936
14918,1.8932547668967388
14919,4.864464236149423
14920,4.834296982723817
14921,1.362184127952182
14922,6.153461130217223
14923,6.126213690104498
14924,6.316841519615555
14925,6.921836746490432
14926,3.1506322115161525
14927,4.261426308588618
14928,6.521959005758129
14929,7.421144696508399
14930,4.392185625089728
14931,7.344712854020569
14932,5.585882718829608
14933,9.530809690495119
14934,8.444673219007353
14935,4.693916854051257
14936,7.82971412806314
14937,5.713717769884605
14938,4.870616321144137
14939,8.422530145926189
14940,8.153542678159358
14941,7.3128539432198085
14942,7.659953612922471
14943,8.45594591832065
14944,2.897456712471658
14945,9.365849837880392
14946,8.161750944322485
14947,5.610800986048757
14948,5.475139872262015
14949,4.981220281158487
14950,9.460797886953376
14951,6.549961060582315
14952,7.20263081550144
14953,6.008979921144337
14954,4.332697617389668
14955,4.133507782984588
14956,7.158903005519046
14957,7.5295403450678196
14958,7.555199695894539
14959,5.8870016793630455
14960,3.3700235255258217
14961,6.250159819639729
14962,5.073094238680352
14963,6.933135916877527
14964,6.393199527173886
14965,2.8458625179533623
14966,5.687936233505453
14967,6.084201837439432
14968,3.6949106680450297
14969,8.615366948521704
14970,5.6782094136153045
14971,9.518229861370203
14972,7.337226009450215
14973,4.663285191574684
14974,5.9091796247178845
14975,9.440654258046429
14976,5.464606913010661
14977,6.1434321821534
14978,5.752597785788696
14979,7.9504818027664985
14980,3.93015701539844
14981,4.040073843431478
14982,6.618550783207589
14983,7.010878807496647
14984,6.974076148672288
14985,5.494502289953554
14986,4.732850358713866
14987,6.703304749688553
14988,2.2759490947137033
14989,9.309442659051692
14990,4.2547877318535425
14991,8.421265754645468
14992,4.4512145340057705
14993,5.243502780882019
14994,3.768801301777191
14995,7.770827981059471
14996,9.128616519496772
14997,6.491311627028566
14998,7.332985688567642
14999,6.152263062697535
15000,5.134857770394273
15001,4.604748463203313
15002,6.910906858304593
15003,4.623983849597988
15004,8.928737600409415
15005,7.880731383773407
15006,7.327881206980145
15007,3.3088370480566565
15008,6.040952490408483
15009,5.264583133537683
15010,0.23066632373059787
15011,7.020497858359328
15012,6.055100581842822
15013,5.176368301625276
15014,8.556233756899694
15015,8.194252145980013
15016,6.424256590225237
15017,2.4334838385584177
15018,6.798943298905405
15019,3.555631604301369
15020,3.564761673764903
15021,8.654068384583214
15022,7.268903443162723
15023,4.355292801021528
15024,7.614968026889836
15025,6.790152035947231
15026,5.88271237422816
15027,7.709628715467463
15028,8.062350020448358
15029,5.434516832925265
15030,8.903247632673065
15031,6.976620862965761
15032,7.355490278363267
15033,4.804132163001893
15034,5.619561333154609
15035,5.313789365853061
15036,5.979706001855607
15037,4.377283124973211
15038,8.880043186702313
15039,5.340379459724598
15040,7.205204976837728
15041,5.613768520321558
15042,7.371924973211605
15043,8.311560772231994
15044,5.161916473368702
15045,6.889076080601373
15046,5.0375561504407615
15047,5.6840740261979095
15048,2.8649899322988075
15049,1.0359809104921087
15050,8.615869989229823
15051,4.808696324467503
15052,6.347726458941494
15053,5.401743877946316
15054,9.324971131749512
15055,9.19581183881717
15056,5.780731709336259
15057,5.3505259222896955
15058,6.876326044675979
15059,5.745479163357503
15060,7.997329513529173
15061,4.02478543790685
15062,6.486061417963798
15063,8.38695757438688
15064,5.6053216125640155
15065,7.686183056164395
15066,5.800729758539343
15067,8.556727655644254
15068,6.593603166329
15069,6.388417185357818
15070,7.59450616456515
15071,6.13645687330143
15072,6.962475434728347
15073,6.831522898211974
15074,4.753460787317562
15075,6.185786181543004
15076,7.742718397570096
15077,7.25810028260506
15078,7.1385556907330905
15079,7.747787203978382
15080,5.887834266527569
15081,6.750360222503215
15082,7.481455458436131
15083,6.135221882588114
15084,2.2705407962280675
15085,4.099043721152265
15086,5.514400984457497
15087,5.008994116779931
15088,7.985673647274716
15089,6.837482556291403
15090,7.4304002717954685
15091,3.2573082782851994
15092,6.550770332455215
15093,3.0106676107642256
15094,3.9798481101306153
15095,5.484011668957636
15096,7.382818786736903
15097,5.930395613583584
15098,7.023940856244522
15099,5.875204926121412
15100,6.026907744509687
15101,7.043348033643003
15102,8.153010054839944
15103,6.348304729564203
15104,4.902476749225086
15105,2.387039862475362
15106,3.930489585966958
15107,6.618641457515663
15108,7.5863772938406955
15109,4.502701305414666
15110,4.6428677506937435
15111,6.560729118622238
15112,3.3788666572767365
15113,5.504145281690872
15114,6.211306592427727
15115,3.9290821312421844
15116,4.839919499506839
15117,6.162242078827169
15118,4.378223459121671
15119,8.783465803828184
15120,7.72653944206944
15121,5.631163463527696
15122,9.04386776483384
15123,4.295461742080727
15124,6.318396684305586
15125,9.628146330923695
15126,8.402226169044104
15127,6.862387090148645
15128,6.971634675714901
15129,8.111558492482898
15130,7.370696334008297
15131,9.856980819991778
15132,4.83490115845813
15133,4.185633399452627
15134,7.3147483932358615
15135,6.574946172244431
15136,5.988358599346803
15137,6.913078873751007
15138,6.424494900002009
15139,4.690250763540472
15140,1.323110567785005
15141,8.730605952668009
15142,6.378879113536993
15143,5.039056324061265
15144,7.056143746257623
15145,3.366028523872549
15146,3.2630756793135385
15147,7.542399969738847
15148,8.002211523093147
15149,4.4051173267796795
15150,4.062832202699574
15151,6.387764129049484
15152,6.501514206092921
15153,3.8930119155514094
15154,6.363163373135351
15155,7.976764061795334
15156,5.348727694986622
15157,4.934914429096932
15158,6.378389604684306
15159,5.932994933658068
15160,3.962821861392427
15161,3.196539244977493
15162,8.36203823709195
15163,2.1435370795286928
15164,3.17641863292596
15165,5.267298259193883
15166,4.075680269340859
15167,4.608711094328997
15168,8.301226649683466
15169,4.706889319470823
15170,3.7928245488323036
15171,5.760188471495855
15172,8.91376311437865
15173,5.693660712940492
15174,8.338553728528323
15175,6.957452862807868
15176,4.878498092285022
15177,4.987871305757193
15178,8.508465276746026
15179,3.8160098095377815
15180,8.56483595860249
15181,6.172173804782698
15182,4.368887671695595
15183,9.036126490811492
15184,2.7996881321320153
15185,7.239353258997555
15186,4.410801110439116
15187,5.44087129086442
15188,5.310193339218745
15189,6.025044356884443
15190,7.898248403359918
15191,8.831195605741106
15192,3.3368967911654233
15193,5.021269038513075
15194,5.487721504225767
15195,7.120592277323809
15196,2.537592990977193
15197,6.997943465141443
15198,5.49680355528052
15199,6.6235610840253285
15200,9.55207809683197
15201,6.035307011549004
15202,2.3550963058675873
15203,3.854837459995196
15204,4.806661634951223
15205,5.931639511467834
15206,4.714977289484089
15207,7.488387084310277
15208,2.691233318970169
15209,6.584893621700801
15210,3.947077740734502
15211,4.420518019984042
15212,7.026442526426544
15213,7.075552361137883
15214,8.465751399640528
15215,7.733472434370965
15216,3.9290682191427773
15217,3.824644780523064
15218,4.648311875436794
15219,3.6880806184441313
15220,5.927977574443025
15221,8.6523518312737
15222,6.90162715730785
15223,5.3012455364789925
15224,6.13768498572173
15225,3.609495298123188
15226,4.3345751201343745
15227,7.443325525811022
15228,4.931099116793173
15229,9.100057405721213
15230,2.89170809875765
15231,9.175151309404754
15232,3.593875389757791
15233,2.1612945903413685
15234,5.534086766129133
15235,6.950734123990785
15236,6.943916288423621
15237,7.175941389223832
15238,3.7530314413825123
15239,7.072632606645432
15240,8.37843815556954
15241,3.1434011551514764
15242,3.8269149377063267
15243,3.4430524128373934
15244,4.928450449357827
15245,7.23422924563577
15246,8.041444592190242
15247,5.342967239667046
15248,4.960629242386217
15249,5.756561894171789
15250,8.844572787754172
15251,8.716082308436958
15252,6.133354067823135
15253,8.792968361908565
15254,6.128575117497587
15255,3.4606939078938805
15256,3.0816030939405183
15257,3.1199404679178473
15258,5.311297654882354
15259,6.611996080755273
15260,6.490239979580037
15261,5.827708880515235
15262,6.081132301495932
15263,6.051511323660821
15264,6.940576534571332
15265,2.7365802519734186
15266,5.485682266139759
15267,3.0649013418676714
15268,5.8637615763164685
15269,7.2210968434045295
15270,6.964756101204966
15271,2.8733253108746313
15272,7.713049421376669
15273,5.644837697329977
15274,2.1335971078392455
15275,9.13062880828126
15276,3.9949687419034072
15277,6.746679388384369
15278,6.190993105360579
15279,3.9814564462700894
15280,6.652485949286694
15281,8.118358257833957
15282,8.119013828606779
15283,5.421620994939375
15284,7.316521462435047
15285,6.581051603191939
15286,4.455780979704307
15287,5.2971540439639915
15288,7.897291674448174
15289,6.392429775124583
15290,5.385753507842365
15291,4.031640801891655
15292,3.850211928021613
15293,1.7423311651648627
15294,6.781591371534392
15295,6.6258297776509965
15296,4.970098512396617
15297,8.08488812841265
15298,2.1714041077461936
15299,6.820421450273001
15300,6.25483878647747
15301,9.585719482663816
15302,5.817360146641296
15303,7.5229204335978155
15304,6.682126277450254
15305,7.6265435844931035
15306,7.089069307669865
15307,9.468316392529832
15308,5.865752673901229
15309,3.020781426995477
15310,6.756843741019207
15311,4.905772639938253
15312,7.205737623987485
15313,7.961776138697742
15314,6.961969455207432
15315,5.054979261131588
15316,7.186178090343237
15317,4.955160440192437
15318,3.811291714442366
15319,5.501041010234957
15320,6.093997492812508
15321,7.4284711198981555
15322,4.866304348342716
15323,7.192424520262222
15324,9.165824807788928
15325,1.2709487104716957
15326,7.621713760834727
15327,6.638863705724453
15328,6.1719366526978305
15329,8.407195863333742
15330,4.42278491684657
15331,8.984000311447366
15332,5.033645101507831
15333,5.106110962821025
15334,4.724570545226277
15335,6.297429743824557
15336,6.530779273393697
15337,6.434128131639354
15338,5.867796978815055
15339,5.958318564343815
15340,3.3125432178508087
15341,5.418860347121307
15342,4.895472712368844
15343,4.157267692958282
15344,5.309597298045892
15345,5.403994259659449
15346,6.599748894968651
15347,5.113528079586128
15348,5.259551570881969
15349,7.085633798108691
15350,7.145226576004191
15351,6.703350998318161
15352,3.4288595430695326
15353,5.207887678537014
15354,2.288913652411005
15355,8.499929739597581
15356,5.1444299162547615
15357,6.136320542250382
15358,8.053823832204507
15359,7.253239734858041
15360,6.431268281819377
15361,5.914264578581856
15362,4.757248969153344
15363,1.1855627414717513
15364,5.659173020341601
15365,6.209980501867932
15366,4.681420446009344
15367,7.893794449291352
15368,5.253456055972271
15369,5.002154478985307
15370,2.2856256034209537
15371,4.361487008649128
15372,4.167976945998936
15373,3.1731086127938593
15374,1.8719450368328
15375,8.276841884670267
15376,8.121835244477802
15377,5.515215818699795
15378,4.660126392981901
15379,5.643645831193185
15380,7.777893569162861
15381,7.091179317882919
15382,7.334284047765468
15383,3.976902132731963
15384,3.533228475328644
15385,5.753006680160948
15386,8.779479389742626
15387,0.4433386527405082
15388,6.617115641713654
15389,9.295217350080408
15390,4.418554465515631
15391,6.30325412300233
15392,2.9299739254392985
15393,4.680999912283432
15394,5.252505622754762
15395,6.596180866534945
15396,5.146138327026127
15397,6.745423419430181
15398,2.7247762989827433
15399,3.1135375162488685
15400,6.360574517718389
15401,3.0388422129804455
15402,6.368076690242259
15403,7.151306122072912
15404,7.865942709519564
15405,9.425309300728793
15406,6.4187808535662425
15407,6.128421762196987
15408,3.7502085556709552
15409,4.8548371185390815
15410,5.445446433198123
15411,7.571863911079768
15412,6.220196129005587
15413,7.693818962306758
15414,3.5075152344515006
15415,4.0088210613384785
15416,5.695604220109428
15417,8.928191495593664
15418,5.550716117575597
15419,6.433721396664929
15420,5.118735682313034
15421,9.68195109778312
15422,2.2579647333517103
15423,3.9848221132346424
15424,8.14765373890948
15425,1.2482162134583243
15426,7.1394477408173405
15427,7.485772677925231
15428,7.492564278701015
15429,7.56512366525252
15430,6.273154164530218
15431,3.66586517501849
15432,6.766845832565582
15433,5.316134784419896
15434,5.898290281641626
15435,3.5778953121292467
15436,5.638570777059373
15437,4.620683340322917
15438,7.647814900543204
15439,7.633109124118698
15440,4.847146603252083
15441,7.8139585312116315
15442,6.913710677036525
15443,7.0339364952933074
15444,7.073344976799165
15445,5.821492604029
15446,3.6717972401013776
15447,5.45856436002847
15448,3.5139465359909896
15449,7.880383436614558
15450,4.388883410594546
15451,1.4261926369839213
15452,5.232040845689378
15453,5.981078145933771
15454,4.145926684506777
15455,7.57005373904894
15456,6.284899448377748
15457,9.310394501856575
15458,4.570874055234788
15459,6.588282992118843
15460,5.251529673918069
15461,8.97786537690796
15462,1.2649409870132726
15463,7.354155267508576
15464,6.090711388075861
15465,8.309115986483725
15466,6.104510606987826
15467,9.176422924236201
15468,5.654383272542576
15469,5.480471041764986
15470,3.9987547145742277
15471,3.5926544869153325
15472,8.404257675215291
15473,6.736226377323089
15474,8.097851664911115
15475,3.9805524512231396
15476,5.929939190641926
15477,4.382615181644735
15478,6.616928856826092
15479,4.921112603706344
15480,7.898155176766699
15481,7.6327235479924145
15482,6.470742850751147
15483,1.6680588902779505
15484,9.722736939346916
15485,5.840877150917317
15486,6.680063252897721
15487,5.160269372571924
15488,9.347793768277759
15489,8.394214908730289
15490,2.611219453218731
15491,4.4298384719055
15492,4.418288177275912
15493,4.426298255179308
15494,4.129615681902209
15495,5.0090190033893585
15496,8.711062004222
15497,4.1895820614853525
15498,3.945763609899132
15499,6.679050531991299
15500,7.182525167528324
15501,5.061913809364531
15502,7.9380930388412985
15503,6.931292771246762
15504,6.936718349886895
15505,5.184917724335041
15506,8.24314449975662
15507,3.968758644417265
15508,7.689290713752107
15509,4.4027732441761165
15510,6.205526511405832
15511,5.7097060268282895
15512,3.1932832099803155
15513,5.132477511700147
15514,7.0373978715165535
15515,8.2842188577214
15516,4.234692961686592
15517,5.471250942609884
15518,6.972608055721151
15519,8.121786269899449
15520,2.768131708113421
15521,3.7859068038820602
15522,4.174709172549314
15523,2.465281049026208
15524,3.948839060040236
15525,8.078246132161519
15526,4.4707651152855465
15527,6.94396554182382
15528,1.963625394865096
15529,5.995027721712948
15530,3.255209224174354
15531,4.714250681494116
15532,2.604220282638115
15533,7.9402004882394195
15534,8.304337702196506
15535,6.46276807755567
15536,4.796613425856632
15537,5.965368109409618
15538,6.191676656430904
15539,4.984355477091593
15540,8.65132625954481
15541,6.868421718873978
15542,5.449951736992544
15543,6.912420858580024
15544,3.466759493551392
15545,4.303346331053121
15546,4.067601217263
15547,5.126500761209486
15548,7.460463959147315
15549,3.9726425184397858
15550,7.389947663166989
15551,8.073998346495573
15552,5.276025328340605
15553,4.276164113804816
15554,8.316280897959533
15555,5.883941660227369
15556,4.289722064277337
15557,3.838903246135791
15558,2.0587339588963665
15559,6.2158248271757826
15560,9.39860701530623
15561,8.121186740019033
15562,7.436333283839958
15563,6.049867951973637
15564,7.82656930551552
15565,5.222179613572142
15566,6.234495949265351
15567,9.136370561179529
15568,6.091288371042262
15569,4.062793886655405
15570,8.81407136370838
15571,5.690765015462942
15572,3.87196845571878
15573,6.539058473217788
15574,5.978245363901541
15575,3.06777449829298
15576,3.2918771678508327
15577,8.701430438933246
15578,6.301202637890426
15579,5.940990001998061
15580,3.2257376130439854
15581,5.482984928706513
15582,3.5326737187637387
15583,3.5823576276664353
15584,2.7313526252831384
15585,2.104733424109355
15586,6.716429299355703
15587,4.118650074862651
15588,8.042712345383995
15589,7.028964251426164
15590,7.251601249252792
15591,2.1632573331245935
15592,5.7352538352236175
15593,3.5171307807399703
15594,7.539485819056257
15595,7.5205460658083725
15596,7.384736273580711
15597,7.869599109924991
15598,8.562404757737937
15599,7.517070390730798
15600,5.8183007246412854
15601,5.794949715148989
15602,4.835891661491355
15603,7.339140445847098
15604,7.3572784788408
15605,3.694814307793046
15606,7.488074766925295
15607,0.9093067767043989
15608,8.388172763345649
15609,8.390211498928025
15610,5.487643262116717
15611,3.1410748530522388
15612,5.678498023833511
15613,5.0103215622716215
15614,4.959259138483775
15615,7.79777435341269
15616,5.7061805467391045
15617,3.900636056923458
15618,5.058983182511691
15619,4.397736931980099
15620,5.332847067800152
15621,4.605219617236468
15622,8.185332792322777
15623,2.526442708240309
15624,5.1697006864545925
15625,6.321412649685953
15626,2.4466172418582746
15627,4.596590097289479
15628,8.775845095309139
15629,5.621772943624439
15630,4.54659841916023
15631,4.259435810901449
15632,2.966692899148191
15633,2.8275498787500575
15634,7.585429461501005
15635,4.18736652587677
15636,4.4862441078073
15637,1.5148196282364335
15638,5.420427657019034
15639,6.568999062755854
15640,6.6127286764
15641,7.643323746515987
15642,6.558405948603739
15643,5.669377423900498
15644,6.970514386951099
15645,5.468721367728519
15646,3.0886783418793597
15647,4.747519413306956
15648,4.127864766904532
15649,4.905017882664057
15650,7.692556267058985
15651,5.767533354284653
15652,4.707627517882927
15653,8.04565264783441
15654,3.0032281901207614
15655,7.487580319440218
15656,4.251818174667996
15657,6.260564282840852
15658,4.155567673252936
15659,7.086269392654516
15660,6.198162530221379
15661,7.8908257099547425
15662,4.052784465831611
15663,5.2475565191330595
15664,8.697762204632495
15665,8.457254236810824
15666,2.7605672710529983
15667,6.6255224154905195
15668,6.373012754071567
15669,7.214759418967821
15670,1.8654956200378956
15671,6.484345074020818
15672,6.5141230643672206
15673,6.624371897410427
15674,5.862176397389555
15675,8.432714732372252
15676,8.556047898590423
15677,4.5545345845891765
15678,7.716994050857602
15679,4.867534453914225
15680,6.363265070350717
15681,6.272795923063221
15682,4.239486039312464
15683,8.902767361705203
15684,4.559058056380417
15685,3.142771295661757
15686,8.052096985149433
15687,1.4525523970750323
15688,9.374052714800893
15689,6.763133502723661
15690,6.056061442290767
15691,5.865804819176303
15692,7.433079105932665
15693,6.92714686831338
15694,4.879345263076464
15695,4.474194854727904
15696,4.162608150648249
15697,8.55618275713347
15698,3.594472948654243
15699,6.591628424852193
15700,4.230923819115698
15701,6.112776550240563
15702,9.166612307240765
15703,5.907842422758675
15704,4.053507779465636
15705,4.220017341771373
15706,4.496292551340269
15707,5.854647319876098
15708,1.9120156572703397
15709,5.98998878691892
15710,6.06778761924456
15711,6.658458405408758
15712,5.40953331522819
15713,6.571200661226678
15714,4.05195510028347
15715,2.4003521130217313
15716,6.301004176069525
15717,8.772535224855494
15718,4.1991191210306695
15719,4.811104741426804
15720,6.63848440084516
15721,6.41424688844884
15722,6.6445241612903345
15723,8.724871781456882
15724,2.7615866167288106
15725,4.957161319173747
15726,6.2077646794527634
15727,4.602490663470035
15728,6.355275566545272
15729,9.730507392643817
15730,6.728989791031203
15731,6.040493179115122
15732,4.403851738773325
15733,5.08282806085694
15734,2.139532557101449
15735,3.0003919968015498
15736,5.4142217060645095
15737,4.920535463418237
15738,4.372874712675229
15739,5.3778919754766425
15740,3.3689297063557033
15741,1.397084961857554
15742,8.382927753828326
15743,4.515185305378947
15744,6.428304106460947
15745,5.323948788507411
15746,2.3723864807960844
15747,6.918063990569708
15748,5.026501791431652
15749,6.982766861416582
15750,6.6180736253857635
15751,3.6382907639213795
15752,6.130802327240049
15753,7.760970594257327
15754,5.058612704416958
15755,4.7323435815604205
15756,3.286995025249793
15757,4.235684215063234
15758,4.715020948564928
15759,8.32402562708832
15760,4.094711626843323
15761,7.064207322669308
15762,3.367263434439806
15763,2.8388938263282246
15764,3.7115825114115863
15765,4.629999358644032
15766,5.126427977605527
15767,3.6580567442533733
15768,9.230786296463528
15769,4.595362231690198
15770,5.162177275582482
15771,4.823137840340001
15772,5.256007871015721
15773,8.371189269515435
15774,3.5139030630240597
15775,4.016130989420754
15776,7.769743814689645
15777,6.012262969221791
15778,6.754004223063624
15779,3.430619387270408
15780,6.539465435484618
15781,8.801417212641214
15782,3.8025240217813914
15783,7.389590016076939
15784,4.163583059378565
15785,8.439516360874203
15786,4.202567303553038
15787,5.738988452166119
15788,7.191549854191764
15789,8.15568884193909
15790,3.871461744103717
15791,5.118572343429583
15792,4.310136084930292
15793,6.596230751954629
15794,6.367190339530221
15795,5.888021396360834
15796,5.621899880537176
15797,9.819768700698717
15798,7.071893937639226
15799,6.083103184687787
15800,7.005295482015305
15801,5.036390739006923
15802,6.893534746018395
15803,2.837032710404824
15804,7.534324017012084
15805,3.566925383758474
15806,5.089695783663202
15807,7.419540665914505
15808,5.935406142288016
15809,8.377420180405144
15810,1.5114986936217363
15811,2.550162092166429
15812,6.000889519682864
15813,7.824509891993419
15814,4.762124374915679
15815,4.815229032126817
15816,4.229739542312662
15817,6.30040160488453
15818,5.671560025310231
15819,5.180534817757351
15820,8.942519351519291
15821,5.372491488070406
15822,5.788117037319972
15823,4.838314009225052
15824,6.647360440617452
15825,7.768620993606313
15826,5.8888538472522285
15827,5.291277935713024
15828,5.379145129737443
15829,7.166131498680029
15830,5.819178552745588
15831,8.79011386864239
15832,3.5368627821195804
15833,5.624038752393887
15834,8.042597777453624
15835,6.46376409025802
15836,6.888552579747011
15837,5.383370826040147
15838,4.342314494895888
15839,6.967735367946917
15840,7.128642527400109
15841,4.304899070528996
15842,5.538144009894089
15843,3.793843912811668
15844,6.180762951785903
15845,6.633471128825678
15846,1.328186001134084
15847,1.7619928300607528
15848,2.3369838822744033
15849,7.762880715089732
15850,9.579780128776443
15851,4.497497760690236
15852,6.560271019962775
15853,6.518486908277357
15854,6.4457893302804745
15855,6.534917041435533
15856,7.735908867472008
15857,8.468742643169742
15858,8.91004066198757
15859,3.251282357460871
15860,4.664884014539861
15861,6.259615775853677
15862,8.367721033845648
15863,8.462031007022752
15864,8.83527284778286
15865,7.519598797440456
15866,7.8744490173794075
15867,7.076617340225992
15868,5.682988673035133
15869,4.467069040933113
15870,3.950192177178981
15871,8.475109777246518
15872,4.709105643897913
15873,4.610505081310268
15874,1.2227250825699858
15875,7.364512699292146
15876,9.578240797405675
15877,3.1805696163363457
15878,6.5449912514523
15879,7.107703916877055
15880,7.035125036023194
15881,6.567013877867999
15882,7.028739432950017
15883,7.707877000086982
15884,6.714756339656169
15885,5.497203836174454
15886,5.963341705419094
15887,9.420842071211627
15888,5.21817968112212
15889,3.427790979777719
15890,5.830307436240149
15891,5.505433414509658
15892,7.575305737194054
15893,5.826781616778395
15894,3.624130802519789
15895,9.449992230285423
15896,4.647866156872654
15897,3.464746288446826
15898,5.7049594443798455
15899,8.532614208255001
15900,3.022329347186268
15901,7.257241107248497
15902,6.363886881759337
15903,7.206473519304057
15904,4.814924905674626
15905,5.05125142218915
15906,9.36089368322118
15907,7.676083940011578
15908,6.1630465755356445
15909,9.159017271406245
15910,4.517345909931009
15911,7.468877633024045
15912,5.6299924846600105
15913,2.996020050706029
15914,5.151599510422159
15915,5.521009189090434
15916,8.115613223066616
15917,7.6348693383023525
15918,6.775006084282206
15919,7.503902585638098
15920,5.9306870222262935
15921,6.532540839666643
15922,6.46879095352312
15923,3.4550354984935483
15924,2.6068560389330786
15925,7.171709771386513
15926,4.134041045436671
15927,7.253050535568286
15928,3.450848348336154
15929,3.510362687827346
15930,7.019051394825515
15931,8.29664498041307
15932,3.6027622910676156
15933,6.889808343916133
15934,5.338219063315156
15935,5.660083669531342
15936,5.172194421344551
15937,5.94813212987063
15938,5.207141852492602
15939,8.712881671086596
15940,6.305286488372687
15941,7.3989375644276425
15942,5.336533901938299
15943,4.351100511648804
15944,3.302259979811234
15945,8.738062834185111
15946,3.6530638716976407
15947,4.863717144313865
15948,7.304626245123025
15949,5.800042859204686
15950,6.648683929437703
15951,6.075312849987398
15952,3.46878829365735
15953,8.879945377095183
15954,7.525313632647227
15955,2.1188252895233552
15956,4.314602793438899
15957,7.750923214912239
15958,4.229213014275424
15959,2.695692588883833
15960,8.111130525457776
15961,6.559151435293307
15962,6.114234150732718
15963,5.42421337464791
15964,6.278908779579681
15965,3.6415722656749803
15966,1.9252496803683736
15967,3.1670106126424415
15968,6.433280839960806
15969,4.030548897523251
15970,8.353726607571149
15971,4.994374524223851
15972,8.97560991521684
15973,4.457074715430923
15974,9.209608668841746
15975,4.562700139412324
15976,3.372558273907477
15977,8.245711284719075
15978,4.929398808135197
15979,4.8506937292202785
15980,6.257713492808198
15981,0.6024968016248626
15982,6.305919745338983
15983,4.089931070147203
15984,8.169028753781937
15985,5.753673783206105
15986,7.057561497361253
15987,4.785197433997561
15988,8.48392141965295
15989,5.594362569472775
15990,3.5926599279554052
15991,8.6665894872666
15992,6.074877117637696
15993,5.181768531767387
15994,7.030167237842325
15995,3.501683826030995
15996,7.323908743763032
15997,2.7765926714751235
15998,2.9413850033508395
15999,8.447522589687226
16000,5.639221649991775
16001,6.269346580068989
16002,5.186098061751657
16003,5.3956187736718375
16004,6.25886711845437
16005,7.763285332959159
16006,5.65814603425171
16007,3.1410320402202365
16008,3.602396560943497
16009,6.540321473621992
16010,7.46809560881273
16011,4.518704824651564
16012,7.128744144588236
16013,8.726903946050795
16014,2.769290608998608
16015,8.053895024574551
16016,6.630879515978445
16017,8.005748483514855
16018,5.52363675719928
16019,5.9959501379786415
16020,4.753767900890067
16021,6.200007494081988
16022,3.7044369879461185
16023,6.049209428106101
16024,1.3592489025199144
16025,6.707212569202148
16026,5.664016450705271
16027,3.229935487334463
16028,8.516894623690565
16029,6.39541601735695
16030,8.72325835122359
16031,4.053556077245058
16032,9.394118694384108
16033,7.613689746847556
16034,6.886954321556536
16035,5.0563127148545925
16036,7.24892376339496
16037,6.0722063268780095
16038,5.744323790322992
16039,6.613920407245532
16040,3.8321065130622767
16041,5.74995610832096
16042,1.6417429774120507
16043,5.357843655105503
16044,2.9200641999728716
16045,5.68850861775566
16046,6.972331045273747
16047,7.828249182647684
16048,6.676909578276432
16049,7.460095257586692
16050,3.9987380401442545
16051,8.12600370389433
16052,5.554675126580446
16053,7.4327887191151945
16054,7.780282748928696
16055,6.65675661536921
16056,9.400683005045483
16057,4.523173052218106
16058,4.660147367683485
16059,5.672076544074697
16060,2.194884706634151
16061,5.8531847794536995
16062,5.743494278663002
16063,5.2331693349785215
16064,5.196692550072878
16065,7.267762698329163
16066,6.429370012377133
16067,6.384102591159226
16068,4.604453319171712
16069,7.9873957685323
16070,4.769140199037741
16071,5.346461228707838
16072,5.762218524544234
16073,1.8389488357987986
16074,7.309088641459422
16075,5.885520107608525
16076,8.765845321072808
16077,5.163749334283812
16078,4.278065191196567
16079,8.518063182380219
16080,4.7059175567722304
16081,2.6271627061200955
16082,7.032901751965004
16083,5.2772270672292185
16084,8.043146283493858
16085,5.594458106904124
16086,6.504216952341024
16087,7.467429761586704
16088,6.912095944890349
16089,6.910176697376433
16090,7.853531350500008
16091,6.225522942249878
16092,6.093446802388116
16093,2.031480833298514
16094,3.6104069556907494
16095,6.681881969587902
16096,5.898329266696321
16097,7.478853783357983
16098,7.500392275264789
16099,6.0559924059514705
16100,7.350630714135275
16101,4.625988347126755
16102,6.458989996199343
16103,3.4961322742902277
16104,5.0113306559807524
16105,6.208133041357517
16106,4.94698009712536
16107,5.733103981283166
16108,4.797001038643818
16109,6.391797246740155
16110,6.134936420886437
16111,4.546420759795147
16112,3.4368959058377966
16113,5.7046265917771635
16114,3.720247068620771
16115,9.727436990050075
16116,5.131719576558845
16117,7.666406476864275
16118,5.408084236950369
16119,4.702366249065608
16120,5.318763562593156
16121,3.4525850725289247
16122,8.791773721242711
16123,7.090879952164558
16124,6.454870228507644
16125,5.4565923803429035
16126,4.414667357179847
16127,5.660160993662531
16128,7.847511170776397
16129,6.369069756855073
16130,5.788712330442116
16131,4.47894878276378
16132,6.203067142051461
16133,5.6406077270913055
16134,6.78203018279778
16135,7.905822315807585
16136,9.472061973253552
16137,7.244314662331757
16138,4.325653505363015
16139,5.172560516716874
16140,2.9033253211585905
16141,7.632595520821481
16142,6.666162943417179
16143,7.473149709141585
16144,5.672639079619668
16145,5.554687555929847
16146,8.085648700765812
16147,5.890342080045911
16148,3.7310611619907403
16149,6.494032958044123
16150,6.2436473969105615
16151,5.407344301800315
16152,3.1035177142955903
16153,5.127949230022525
16154,6.859456491772148
16155,3.627680422121158
16156,4.455473733064313
16157,6.501999967720589
16158,4.590058566323893
16159,9.462209622489972
16160,8.63776081902293
16161,3.296110747505246
16162,7.233275724988987
16163,4.570681518435644
16164,7.893949055699248
16165,2.0940870608609683
16166,7.609782425589018
16167,8.265119790715215
16168,6.291883363136928
16169,5.937514161528299
16170,5.157984883444236
16171,7.4194889395116626
16172,8.882268944471358
16173,2.8805640589647377
16174,8.788634846898955
16175,5.087516541062217
16176,8.124000100963586
16177,4.134457880624957
16178,7.720793152932701
16179,6.119765164222101
16180,6.9339248626142895
16181,5.015346615384081
16182,1.9919532086244331
16183,8.63472726281085
16184,6.05135592263428
16185,2.8478298458467157
16186,4.073302657908674
16187,7.175008380920188
16188,3.9715177829341237
16189,5.096028566576202
16190,3.8567953023077273
16191,4.517595687857565
16192,8.955645433031659
16193,5.551149301766378
16194,6.770332000280371
16195,9.29655134757238
16196,4.396709495795289
16197,4.349910159214479
16198,7.433787540894745
16199,2.819736493001755
16200,7.558887454639789
16201,6.66466778163443
16202,8.996158586052172
16203,7.490852371142731
16204,8.013224060845056
16205,5.192448751185343
16206,9.401035493140215
16207,4.216821220690874
16208,6.998921686652149
16209,3.3512183402054414
16210,6.269185460288337
16211,5.544605567543992
16212,4.180748311415446
16213,4.532141356779262
16214,6.852185224863462
16215,6.804358914823655
16216,8.17198977781978
16217,2.343806034887082
16218,5.4836903247030335
16219,5.8219955894601565
16220,7.050539225136017
16221,7.829923774869689
16222,4.238468320861237
16223,8.701155419371725
16224,5.1642140642039385
16225,9.042707919889816
16226,6.5790316256583905
16227,3.6694719070757156
16228,8.504639960381441
16229,7.634345703548776
16230,5.897821214909052
16231,6.07685734952924
16232,5.185842080799357
16233,5.70434827414734
16234,5.742663027258418
16235,2.7920199077755603
16236,6.466831995917313
16237,7.655983474010075
16238,2.363316718324186
16239,6.647412553644565
16240,8.424917262740669
16241,9.334422991560398
16242,4.838666153781511
16243,7.245138367239719
16244,5.162388018102698
16245,7.760258206137472
16246,5.867946327155259
16247,3.8308869016634763
16248,8.22687198004865
16249,7.72290126663547
16250,7.527036417527446
16251,6.422816395204573
16252,6.0530685919421385
16253,6.814390480535664
16254,3.460002809929601
16255,9.615725854402815
16256,4.938282809965893
16257,5.1057469500979975
16258,2.4821772581626704
16259,4.882809749436002
16260,5.63255846271481
16261,4.744656016416225
16262,6.3599976998473196
16263,6.101297964574767
16264,5.222400276191575
16265,7.3096526180862345
16266,4.159496268461128
16267,6.9480051495842465
16268,6.333056247956515
16269,6.204348070710496
16270,9.28970798809226
16271,4.193827711891945
16272,6.742717093093136
16273,5.553764196244025
16274,2.3490825204150934
16275,6.138916923482767
16276,7.484821330112762
16277,8.960521835925555
16278,5.374095849549838
16279,7.439543787077669
16280,7.933189735419587
16281,8.701203133494776
16282,2.233086141732577
16283,7.3495025779510055
16284,6.582124915840505
16285,6.454808294083724
16286,6.741189253493877
16287,5.018455834062716
16288,4.853591094020014
16289,2.906771521956849
16290,6.327221509489844
16291,3.0734172381345775
16292,6.447429282880819
16293,7.460434460902612
16294,7.563631017274091
16295,6.900245157640146
16296,3.616756542139032
16297,4.650522249537017
16298,4.9385040425806785
16299,4.392283684201177
16300,5.772964644445614
16301,5.174138348137331
16302,5.777192064965572
16303,6.822101360141052
16304,5.8214198131282044
16305,5.540149352580147
16306,9.25599654878865
16307,4.354547057806454
16308,6.516319769632037
16309,5.933677929755943
16310,5.236458601176059
16311,4.671356038378344
16312,7.421705302904181
16313,4.905677523990182
16314,2.7686089791058297
16315,1.0280729552119592
16316,6.259591536026681
16317,4.993138646375155
16318,7.529814101471416
16319,9.494918114702834
16320,7.648900865796422
16321,6.214458230703809
16322,0.7157110897782861
16323,7.835310209160154
16324,9.381924976348087
16325,7.130754062533186
16326,6.78763654598041
16327,8.437479016345376
16328,4.719191618513725
16329,7.671473460378033
16330,5.9324225831625474
16331,5.367439000821104
16332,7.97886484730333
16333,8.278208551085033
16334,6.0616934504851105
16335,3.3909341357412477
16336,3.090566116732476
16337,4.5828964668634455
16338,6.8971594140590335
16339,8.181826387314032
16340,4.097315404026349
16341,6.5701037563388756
16342,7.8590234716821294
16343,8.001719634130993
16344,7.407349087448988
16345,7.360065307805452
16346,4.505381491027633
16347,6.607555224279141
16348,6.043938796364664
16349,4.3724279284143845
16350,7.608942158097476
16351,5.268560817726609
16352,5.1462461634578105
16353,3.6572584323019006
16354,0.6192025754820208
16355,6.676822144622638
16356,6.4960506064046415
16357,8.543428102748724
16358,7.659415883307966
16359,5.349592683003735
16360,3.971273168214703
16361,5.1305874567436875
16362,7.180902979762337
16363,4.986860113925576
16364,8.392665186322388
16365,6.904626756728995
16366,4.2863193622517155
16367,4.67881582123379
16368,4.08072332055878
16369,5.959262308930736
16370,7.492709921718171
16371,6.988976597087882
16372,1.9581572619533425
16373,7.410347309970299
16374,6.188328519178233
16375,1.9512134894877837
16376,4.247939902232792
16377,4.810529140654342
16378,4.51918973247905
16379,7.647224438730054
16380,4.646863719157938
16381,6.662250158530359
16382,4.613013850843013
16383,2.329632624776181
16384,5.986699596019918
16385,8.216643083069078
16386,3.277250214987824
16387,8.182973656566407
16388,4.971542084245039
16389,1.8532808796002114
16390,6.323495480858785
16391,5.340516512467712
16392,8.365610584971694
16393,2.7353355012352507
16394,4.419425673386474
16395,4.672631403501675
16396,6.67514052620867
16397,6.594884928990454
16398,6.8662805120033035
16399,7.7586264580706965
16400,8.100804694055409
16401,8.23660033027044
16402,8.625158880082084
16403,5.414354053276956
16404,8.172805342509578
16405,4.159066020371031
16406,5.787088830124209
16407,3.0029998004587357
16408,0.6912831392027807
16409,3.5974984587625207
16410,3.763130240665527
16411,2.7276788126274445
16412,6.096569738541243
16413,8.981631816662526
16414,4.469345005658265
16415,4.504922738502428
16416,4.479801554949022
16417,7.338384659813487
16418,6.599481136451984
16419,8.273514839406165
16420,6.676750167142053
16421,7.6298413453934435
16422,1.9675368593128262
16423,3.454371662689741
16424,7.392451342087857
16425,6.697074009904502
16426,6.011319163790216
16427,7.128597846745288
16428,5.35716217347132
16429,6.82334523023941
16430,6.251155005257081
16431,4.688960845212482
16432,8.056439777600668
16433,4.506847382002803
16434,6.890946831406638
16435,5.305214739421845
16436,6.652537949718385
16437,9.398218586719393
16438,7.561086704170547
16439,5.450455746192299
16440,7.176090509267505
16441,6.124678189653877
16442,7.636164090599271
16443,2.3290079306503277
16444,7.870326913297759
16445,3.3515370155196815
16446,2.722826063809705
16447,6.284399834197844
16448,6.2880872226455375
16449,7.8822874813110415
16450,8.090484903751872
16451,4.673796784665705
16452,8.552726157588813
16453,8.692723626117782
16454,5.370007193004224
16455,5.273768404639024
16456,2.355784596541646
16457,10.0
16458,1.9867323021885916
16459,7.396245922631006
16460,1.796642019477011
16461,2.944491395781035
16462,2.73796589485241
16463,5.827657331418803
16464,8.862696674951653
16465,3.734622496940516
16466,8.545567463877939
16467,2.629416745490137
16468,6.819602560709776
16469,7.654193335791568
16470,7.019592720108109
16471,4.549184901922825
16472,3.2977034755280306
16473,4.867964303353403
16474,7.2248861725297555
16475,3.774461526532216
16476,4.663963108072315
16477,5.854732218016542
16478,4.6667629323463355
16479,5.323735044057707
16480,2.9477514444623454
16481,2.6018408631205237
16482,5.018373646739159
16483,3.1871887625508823
16484,6.002935265410048
16485,6.9217514689864075
16486,7.9507184645445435
16487,6.350520240715742
16488,3.1159507119590617
16489,7.761714430295013
16490,5.080137724302147
16491,7.504399095005735
16492,9.11239657629552
16493,4.293274530427873
16494,7.46758755070233
16495,4.33798090325234
16496,6.982885109397672
16497,8.540929872590521
16498,3.9174009426166942
16499,8.548781443769274
16500,9.732854664375315
16501,5.996817130147834
16502,9.077380936967621
16503,8.89779438317129
16504,7.423491392225137
16505,3.0386814155660975
16506,5.979023573429513
16507,5.568236843428261
16508,7.776860737235606
16509,9.176412269246773
16510,9.56504543432497
16511,5.6234064209047885
16512,4.88573032360086
16513,9.145590501001356
16514,6.736382505630143
16515,5.6611480654429345
16516,8.185407546020148
16517,9.337888181879869
16518,5.357481463747713
16519,4.258717226580679
16520,5.69006402661818
16521,7.511933874083697
16522,5.105215565280246
16523,3.0887719090116423
16524,4.987819387519338
16525,7.440714101186374
16526,6.4059580458527785
16527,3.8716850668953042
16528,8.972340720745287
16529,5.23777679256074
16530,5.055524018933117
16531,8.583665086584716
16532,5.368666487066936
16533,4.214454313087182
16534,6.785254133489534
16535,4.437215955016913
16536,6.051903658812275
16537,7.910142724071803
16538,6.69543347082812
16539,9.07388184453455
16540,5.8631209333897845
16541,4.434062932828483
16542,3.592685536573072
16543,8.93934826768811
16544,5.486852117084961
16545,4.1875505288480515
16546,6.712431916854482
16547,6.759247800185221
16548,6.134772727103498
16549,6.256125662646769
16550,6.335596261454625
16551,4.0661140181312465
16552,5.901001774255934
16553,3.6950016668666605
16554,7.266302713779471
16555,7.488962644232783
16556,5.519375346995581
16557,4.686945907925981
16558,8.599011031964917
16559,6.810416896038454
16560,9.211569319428781
16561,3.5185789414970956
16562,8.91785836557884
16563,7.373236071243528
16564,1.750821248049395
16565,6.435900298489694
16566,5.340819500250252
16567,7.8698721834631105
16568,4.38453854245438
16569,8.086117543963017
16570,3.7764341181779595
16571,6.342582040332238
16572,7.405337509079659
16573,7.373803200354301
16574,9.084622358723594
16575,4.207069122352422
16576,8.470370853334597
16577,7.384028868028519
16578,7.72756028011214
16579,7.548445703946837
16580,5.693819870538306
16581,7.147906930924441
16582,7.152998083323355
16583,5.810922413720593
16584,7.05568805908948
16585,2.640109492985858
16586,7.0443271205197835
16587,6.671462246097837
16588,4.956228532048774
16589,8.275105614172059
16590,7.919110948112866
16591,7.912552993913584
16592,8.1557324061869
16593,8.387332280294546
16594,6.7663515003738555
16595,6.851057162822001
16596,7.287472056693324
16597,4.750545761331661
16598,3.4107575193519715
16599,3.543540679649964
16600,6.279415025664611
16601,8.03653314257243
16602,6.170652844195653
16603,1.79862497552501
16604,6.606791329886844
16605,2.144638228852954
16606,6.007545001167586
16607,5.018013403241656
16608,4.987236698904107
16609,5.4196740772422904
16610,9.437985612998059
16611,6.198543337197754
16612,5.11168731484734
16613,5.36712040978888
16614,3.552536582260914
16615,7.712629334834433
16616,6.467469042705125
16617,8.986555865811006
16618,6.600624868103014
16619,5.431119385233242
16620,3.898111763099299
16621,6.786393791217229
16622,6.686522481290096
16623,2.5933485166330783
16624,5.341579119563246
16625,7.342761020537044
16626,4.67324358392962
16627,3.8830426304180174
16628,8.968758122367523
16629,6.679970568131882
16630,5.779712982948097
16631,5.163770184003223
16632,4.087833715180198
16633,7.89378249904087
16634,8.499645889129372
16635,6.490810748824039
16636,5.919860918104665
16637,5.770129826494231
16638,4.054788844738757
16639,5.73438496898417
16640,8.250428447774663
16641,5.434600081894139
16642,6.5377041779267016
16643,6.039545948919484
16644,4.81496677947313
16645,7.543244383953142
16646,7.405290558078817
16647,7.685765683443675
16648,8.577993680243805
16649,7.840327639356926
16650,8.79960365049435
16651,8.00291661639413
16652,2.5247142566815883
16653,6.755007201558248
16654,7.508729384821534
16655,5.176813718626114
16656,6.378412433418283
16657,4.6438789372420475
16658,6.83350404752484
16659,3.9908772534707326
16660,6.894223594283137
16661,9.846112252415425
16662,7.50200162973955
16663,7.221973573919484
16664,6.00292627998023
16665,2.183376366534455
16666,6.1876299183776755
16667,6.170677977693115
16668,6.435576625671575
16669,6.923708617487709
16670,8.00933945363969
16671,8.465350159739964
16672,3.0762554024148026
16673,6.271399870037033
16674,6.643439804361982
16675,7.633451368250946
16676,9.685212260531669
16677,9.330128018851955
16678,4.92390693862984
16679,5.727380923747738
16680,9.211717123023355
16681,3.6454866852430583
16682,6.919018482043968
16683,6.869532835967727
16684,5.694352113511126
16685,8.353499702628806
16686,6.720374215650607
16687,6.161362464976117
16688,4.65431757491116
16689,5.7882043182944045
16690,6.532856214479048
16691,6.326517793803146
16692,6.427885205178057
16693,5.3218500989348465
16694,7.073709572147999
16695,7.192366511202387
16696,5.7641053245012674
16697,2.8728941083960446
16698,5.295143106325264
16699,6.733555878707743
16700,4.800539413528558
16701,3.6314181238691043
16702,6.801244889510554
16703,7.1018801112035685
16704,6.230677458144319
16705,7.253704380055751
16706,6.990172214594433
16707,6.351050605281686
16708,7.184568012587604
16709,2.8099686460439193
16710,5.632730705819708
16711,6.833828237109177
16712,6.509684761380953
16713,8.80783463763864
16714,7.455347166903637
16715,5.207469037801494
16716,7.581693542228874
16717,7.577163891968357
16718,6.320252844416152
16719,8.678101404246512
16720,4.592052810662454
16721,1.8562409665393744
16722,8.044332784243192
16723,3.0762251537227403
16724,4.567525442498861
16725,4.577627022328021
16726,4.496163157801817
16727,8.093014043804692
16728,1.9846371422896103
16729,5.858678690789955
16730,5.024673799816033
16731,7.417432460259708
16732,8.438269347244614
16733,6.280167641077034
16734,5.03490075537304
16735,2.115535965064206
16736,7.639436876421292
16737,3.878791010286967
16738,5.518135193244454
16739,8.023783776575446
16740,7.891590085605706
16741,8.30317949174885
16742,7.582839757209845
16743,4.325178413875272
16744,6.726390904966111
16745,7.924069013936682
16746,8.575952354676703
16747,4.245057798419372
16748,6.196362507328187
16749,6.8227111924200035
16750,6.118808537812083
16751,6.42008237164355
16752,5.7667277487204585
16753,7.474677215024885
16754,7.33243132757414
16755,7.307162788118848
16756,7.059845015871743
16757,5.542882545202542
16758,5.664949968121674
16759,6.643462117683952
16760,3.358333578514942
16761,6.607561946154735
16762,4.886026998496679
16763,4.4339860815412875
16764,1.835429195379111
16765,6.339893879066753
16766,3.8377586283742353
16767,9.464890579504818
16768,4.631814473858447
16769,7.472564669198621
16770,2.8436335600134037
16771,8.429161911082975
16772,4.212951476332714
16773,3.4637250228086196
16774,2.867758020023282
16775,5.667089295579158
16776,7.033677989388293
16777,3.6105279720309578
16778,7.173999658258863
16779,6.186423596751204
16780,5.941540279403975
16781,3.998338349012741
16782,8.45035773052457
16783,5.203982566701134
16784,7.710850322452648
16785,6.718651790097892
16786,7.75366100337696
16787,4.949800068597524
16788,5.434903725111991
16789,8.346183043340647
16790,8.409253561225974
16791,7.765429171392417
16792,8.807198849223944
16793,5.798189379765687
16794,3.2124509403867436
16795,4.253259720334856
16796,2.4675605930546456
16797,6.33298437179485
16798,5.097076906243107
16799,8.535059470070253
16800,8.683495291380662
16801,3.355038240627493
16802,6.063215660503948
16803,1.6508566829662092
16804,7.1094943132543085
16805,6.912954323896796
16806,7.264411158368842
16807,7.424227027666435
16808,3.1618059426879324
16809,5.545593837461374
16810,5.809539522827062
16811,7.09533380985532
16812,5.781357498112167
16813,8.23919145621605
16814,7.07615853857747
16815,8.217911250047973
16816,8.42476904026948
16817,4.559267742579793
16818,4.137680378931856
16819,5.615765381908278
16820,5.04888333445926
16821,4.94765216166121
16822,5.515558860613951
16823,5.846953842223926
16824,6.2051212386009915
16825,7.475507598775139
16826,4.451465346570362
16827,6.7465676310058615
16828,5.825888884159032
16829,2.510092566506411
16830,3.8562434306652347
16831,6.324772685793364
16832,7.073755276082399
16833,6.714715981688481
16834,3.099793999646913
16835,8.191647131967525
16836,5.835081850581171
16837,5.1270080115027925
16838,2.939269568133078
16839,8.631202905785077
16840,5.4665004628975264
16841,2.2039228462272877
16842,5.858998149252107
16843,4.708197289201157
16844,7.24034190403631
16845,4.831629607669103
16846,7.944555762160287
16847,7.071365134644018
16848,6.140813611093163
16849,8.464037006369276
16850,5.738473024112067
16851,4.076870720122803
16852,5.374510600377572
16853,3.7677571853511207
16854,9.377429543650507
16855,7.48984824408592
16856,8.030312126093504
16857,10.0
16858,4.906236270281396
16859,7.077838514719297
16860,9.472579990810592
16861,8.939153105605085
16862,5.222808006517742
16863,4.805190017318157
16864,6.326130471105319
16865,9.633188888229622
16866,2.6958545624798145
16867,8.517677706296752
16868,6.065998806753886
16869,7.088854876875199
16870,6.575373756314761
16871,6.0592856539959365
16872,5.228144234972618
16873,8.180509954370422
16874,4.801780890907237
16875,5.315313385717558
16876,1.3779814935465082
16877,4.3317855265364065
16878,5.758415058042559
16879,4.953820046128335
16880,6.650638375340302
16881,7.812368638824717
16882,9.199766351696134
16883,9.406322819784236
16884,6.4237197218279185
16885,7.566158263669651
16886,1.8605751602319773
16887,5.492200772348548
16888,1.7777659695998331
16889,6.353738604210669
16890,7.174066091515558
16891,3.6691613344637553
16892,7.310857763073969
16893,8.769125285791942
16894,4.215449665881668
16895,4.288192995962408
16896,7.028833717973988
16897,6.684713613294684
16898,4.829574144195033
16899,9.031501603831716
16900,6.929756394058439
16901,6.450088825114856
16902,5.3770664838209
16903,8.560766166727596
16904,8.31339282132946
16905,7.6519720260938415
16906,3.373026773002209
16907,9.267838116024498
16908,7.23997252428468
16909,3.421774392084526
16910,5.897562244114401
16911,6.478197387593816
16912,3.1024220304379444
16913,2.2416050750876235
16914,8.889795561001401
16915,8.16476439632208
16916,4.15761333458351
16917,7.268792603610786
16918,6.5692465110968445
16919,4.053877622570982
16920,7.011513222480874
16921,3.217455779525351
16922,7.759532082447362
16923,7.168462980484028
16924,7.472646999571654
16925,9.193927260181452
16926,4.285755438784013
16927,1.8818463409392847
16928,4.112759221889969
16929,5.659384028526309
16930,6.3245558987005
16931,2.8563197062642187
16932,4.193440050742882
16933,4.349999948954642
16934,9.048464640990224
16935,3.010075757281446
16936,6.530050854811115
16937,6.436727811651079
16938,8.058798439120661
16939,3.611833746425953
16940,4.075711132582417
16941,7.227841523596109
16942,4.9328114487343315
16943,5.170131387370391
16944,6.684757157179454
16945,6.756125958483804
16946,5.356370984247091
16947,4.016049111948021
16948,5.63507352655592
16949,3.5544774159590387
16950,7.577504096405427
16951,7.029855081594499
16952,7.849098205635006
16953,5.444916167623682
16954,7.586539113926757
16955,4.756113622800557
16956,6.731785796227398
16957,4.790673037980162
16958,0.7769223564449449
16959,3.506333936510655
16960,4.098899808949898
16961,8.004086468303957
16962,4.195736800752038
16963,5.875445153459326
16964,8.264298899559973
16965,2.846086571150153
16966,2.993244458453277
16967,5.8714055028217205
16968,6.970793543675009
16969,9.924513078718748
16970,3.4472095391985103
16971,7.553469951371075
16972,2.427440109506184
16973,1.1863398483584657
16974,4.283244041780115
16975,9.438040282384788
16976,8.392390477130467
16977,8.666431274051623
16978,6.974510659510863
16979,5.016362501129692
16980,7.123807487944569
16981,3.3663204340044612
16982,5.5461340061103845
16983,6.914891975755563
16984,7.1541915577206465
16985,5.1141918590238316
16986,7.30147847542261
16987,3.7134122108487406
16988,6.521424942452498
16989,3.9742844830077786
16990,5.618710235601785
16991,7.485907568768853
16992,7.030646306079159
16993,5.043636360855382
16994,7.021247440566916
16995,4.802259942698108
16996,8.806691004034121
16997,3.888814625204546
16998,5.256481318577238
16999,3.545896772090533
17000,7.439777357008718
17001,4.284632605519323
17002,6.766240975474236
17003,8.352778405435428
17004,8.929652384270224
17005,8.842832745880903
17006,4.3078345474177135
17007,3.6703042111416737
17008,5.193012725273856
17009,5.383133253212017
17010,4.118475226572821
17011,6.594935345944557
17012,6.159128320614813
17013,7.349017777335079
17014,5.341883882658778
17015,3.178039953221879
17016,6.957698553132267
17017,7.128469949592008
17018,5.326328489245321
17019,7.43937696750104
17020,7.35065672510533
17021,5.2376236811374435
17022,6.154775964581513
17023,6.761724464307774
17024,3.5038879637671743
17025,5.751705928591818
17026,5.196939284922724
17027,9.351184459140706
17028,1.4633896812490186
17029,4.2363241110519985
17030,6.48911266648928
17031,9.204823510145054
17032,3.6191705175100006
17033,6.2073712183398175
17034,3.6362488527141474
17035,6.765579914370673
17036,9.009271272726867
17037,3.0381278872391926
17038,3.4317959999438634
17039,8.690699125239663
17040,6.570394772787049
17041,7.037594161188901
17042,4.145011410757451
17043,5.359745924076571
17044,5.705031345449551
17045,6.9477388146354
17046,5.380176238291154
17047,9.020597792262867
17048,4.647388062747127
17049,10.0
17050,6.870999123640326
17051,8.003105964176575
17052,6.609284567295919
17053,6.556751385564216
17054,3.834822104764273
17055,7.766482952356242
17056,3.7210291839822176
17057,5.469711595836167
17058,6.729175024698593
17059,7.193315643174527
17060,6.155171282815934
17061,5.628132058886539
17062,3.138093759680348
17063,7.1453988929694505
17064,6.924505297519038
17065,6.846183647764837
17066,4.317213592368959
17067,4.828684204603027
17068,7.336726070423248
17069,8.362767423146726
17070,6.184506996129985
17071,6.0621730120681345
17072,5.729902329827128
17073,6.3744764684702355
17074,4.136885626260283
17075,4.693845696732376
17076,6.229628640657469
17077,8.262057793088026
17078,5.0349971902061395
17079,6.404653587572424
17080,4.140419201406922
17081,6.145576473016377
17082,8.244659492411893
17083,5.080360148913557
17084,7.967165455143305
17085,3.8188600060217786
17086,0.9973020562496494
17087,2.3712762504414515
17088,6.800312433564151
17089,7.7788021937201215
17090,6.4696714521170415
17091,8.116169154881957
17092,6.678053476326315
17093,8.133601119778465
17094,2.1215614779603995
17095,4.849257107334044
17096,1.6690526455374344
17097,2.6485556576391227
17098,6.189711479315448
17099,2.1486656547980374
17100,8.064785112657326
17101,6.231582020819763
17102,7.7263032168986845
17103,4.526796685223835
17104,6.803485365631207
17105,7.403464827509865
17106,5.8591208734313645
17107,1.6938566565892799
17108,4.10607490909555
17109,8.467235288246757
17110,5.6185354101236396
17111,4.804694046422441
17112,4.706627722193092
17113,6.464512495971573
17114,7.219560618519598
17115,6.770620592635121
17116,5.003788885936421
17117,4.582118463228681
17118,8.416656315892675
17119,3.5371432701533925
17120,5.611337527956378
17121,5.637149107643923
17122,8.542098101700887
17123,5.149418952303668
17124,7.650847768061858
17125,5.650944624593727
17126,5.093773067431371
17127,5.705934191197413
17128,7.939815465710913
17129,1.810838879697684
17130,9.728699908484634
17131,8.60941538013239
17132,5.6954861046246075
17133,5.9281078063940695
17134,5.167576520214629
17135,6.235737624756938
17136,3.7268119594371014
17137,7.848042929686318
17138,6.5990919942814035
17139,9.858458389713377
17140,4.9430317109636865
17141,6.042785093404701
17142,4.239517567435929
17143,4.437672609283035
17144,5.045361052980157
17145,2.6916860287882693
17146,2.7422394084473307
17147,7.610945982792532
17148,4.096108884882583
17149,6.590559433911237
17150,1.440443635178973
17151,6.061604941451478
17152,3.1211660720744434
17153,4.041518484539481
17154,3.4328263013385887
17155,3.3570234875781613
17156,4.454403466448536
17157,7.399740897978196
17158,7.252640315328427
17159,8.119111193045816
17160,4.274448329145406
17161,6.603494094443062
17162,5.77618884600428
17163,8.136410148318802
17164,8.226068242690186
17165,6.061534974208392
17166,8.930571338454381
17167,6.191878559624267
17168,6.791821395511043
17169,6.226547991839957
17170,6.888173791467011
17171,5.049299691596156
17172,6.9216872398772695
17173,8.516967248138265
17174,4.725339556818726
17175,7.15780558065654
17176,6.291297617412723
17177,9.245707099995608
17178,6.243858219066449
17179,5.507565262526803
17180,8.117031115380719
17181,6.9274415210990785
17182,4.102447934376302
17183,6.765054288135912
17184,2.9315125393628247
17185,8.281059542818475
17186,5.1246391894411785
17187,3.279240286197686
17188,6.4259399003029545
17189,3.0079215344464414
17190,4.537236851669743
17191,6.258209378092817
17192,4.058483608105358
17193,7.978289953851154
17194,2.847931353441754
17195,4.11458227868186
17196,8.618321954748023
17197,7.606750029963229
17198,7.711900081516541
17199,6.959475186661852
17200,4.925554543328335
17201,6.269525355388024
17202,6.793864947581039
17203,4.641265882779672
17204,7.121104161325581
17205,5.9335466585404895
17206,3.6717577237618064
17207,4.137697566661025
17208,7.932517456088533
17209,8.630170948417963
17210,7.258716266947487
17211,7.881644856205393
17212,3.131340402962981
17213,7.070225795971357
17214,9.242793366845234
17215,6.174117637612111
17216,9.718932890371583
17217,5.262539242777197
17218,7.184162978845025
17219,8.463754606167553
17220,2.8492420916846553
17221,6.003944359113967
17222,2.0296801168707903
17223,7.3241097652026665
17224,5.674917824547262
17225,2.301094855752211
17226,7.269320554487257
17227,5.8616682695995985
17228,8.13135873448072
17229,5.450049462742629
17230,5.197750147992696
17231,4.143863605025522
17232,4.655251738359034
17233,4.724683937996278
17234,8.617281705042377
17235,8.532958524583652
17236,5.408839251684369
17237,7.322184469918592
17238,4.017454701056854
17239,3.998096703595343
17240,4.0814747042281665
17241,5.177637643845908
17242,4.0632878645757025
17243,1.7773884635048538
17244,7.701688679723721
17245,5.6852565533236845
17246,3.6866128364102972
17247,8.783818018884741
17248,4.750697058596704
17249,5.606174062114421
17250,3.9983624307841947
17251,6.260385033337034
17252,7.228182091650373
17253,8.663986366604735
17254,3.4900577370405954
17255,4.631081094332209
17256,3.6797466302330797
17257,7.863867194527394
17258,8.60457560593048
17259,6.564776288480388
17260,1.997985614955096
17261,8.402258947462528
17262,3.0823334679380627
17263,6.923479364569324
17264,4.880879829383722
17265,7.500784859501166
17266,5.48898621744324
17267,8.26652255247063
17268,3.021988106148773
17269,4.75610632618432
17270,7.095980383571057
17271,1.983231040377178
17272,7.1379034885677495
17273,3.6575923247203908
17274,8.390204689618969
17275,7.085067594678024
17276,3.014457847138221
17277,4.347590117536702
17278,4.283128524760924
17279,8.827317400414861
17280,6.254182387262846
17281,5.62270953529014
17282,7.342781492216467
17283,7.220298668474526
17284,3.30796208522392
17285,6.430219670869626
17286,7.288549029493792
17287,8.317239664850117
17288,1.5667520214401311
17289,4.720337807957163
17290,5.267257670902407
17291,4.384613768511721
17292,8.556361958120464
17293,3.8660977216763626
17294,5.457856278920671
17295,2.9286352120939156
17296,6.6861889724835
17297,5.018895816766823
17298,6.957456063854628
17299,6.546775026436223
17300,5.500554356797955
17301,3.7973874240578716
17302,8.680031833692885
17303,6.28766925967716
17304,5.244875918995853
17305,5.974095097335096
17306,3.2852417034962262
17307,7.55974101865611
17308,7.340273818803364
17309,2.1883089820627553
17310,5.826843047932207
17311,7.102996813867793
17312,5.818582538981657
17313,7.9500885268878365
17314,8.436500246216154
17315,7.669383190079857
17316,9.177877582646127
17317,6.844188408610126
17318,8.06991266177331
17319,3.1060230748695528
17320,7.126018221983982
17321,4.611761410014326
17322,3.8332831629785478
17323,8.047094785427921
17324,4.734104941092387
17325,6.3559425219274335
17326,6.380800346947357
17327,6.009561329386589
17328,4.837207707301967
17329,6.52173117635188
17330,4.726181932451248
17331,8.229631890053366
17332,5.756077253275852
17333,8.760997004309784
17334,4.822402354842181
17335,7.351573863842037
17336,4.669442603863841
17337,3.433689768169271
17338,9.17369128157758
17339,2.344136800566209
17340,6.981233384726785
17341,5.482345130149867
17342,3.7459874687589485
17343,5.74172174810901
17344,5.59335761913742
17345,8.579485526425717
17346,4.473929534294723
17347,6.541301444058609
17348,3.0234061175473235
17349,4.524795879559247
17350,6.488769483936059
17351,6.76643532761946
17352,6.2657537255897156
17353,5.8971434197282475
17354,6.897765942814475
17355,5.749951734853445
17356,6.961326388467276
17357,4.2490433174473505
17358,6.465655728128004
17359,2.5787645500905074
17360,2.210062868720486
17361,5.627791110496335
17362,8.579818009891138
17363,5.5078053942778915
17364,7.6151883845960295
17365,4.719965394655037
17366,6.950830753829733
17367,8.4089188008098
17368,8.395522361128405
17369,4.992878884664051
17370,5.408599809915983
17371,8.126173152442838
17372,7.047350561427899
17373,7.393560064394827
17374,4.470986296545264
17375,6.135066208785882
17376,8.134627397756532
17377,8.094464921530701
17378,7.408467939453189
17379,5.667872360852361
17380,8.613829051295548
17381,4.023706018937243
17382,7.07900067985728
17383,4.006899314672823
17384,8.212827867830027
17385,6.628916043541894
17386,8.596420248762962
17387,8.96484065120913
17388,7.670195486804147
17389,7.501699692215377
17390,3.121134942503785
17391,3.8785862470488475
17392,5.282982641313207
17393,5.500007691769047
17394,7.404452664403345
17395,5.244527735164672
17396,6.9601746923778345
17397,7.301661057626492
17398,3.6197999366134703
17399,7.525960917807667
17400,6.276270954945415
17401,1.4934316989333423
17402,4.20496266291146
17403,7.072677845094826
17404,6.098050162545923
17405,4.310350181389871
17406,4.095002643002946
17407,4.287611254729283
17408,6.236476064704274
17409,5.352119984323007
17410,8.449662105758003
17411,5.317297508882876
17412,2.3553518640037834
17413,3.710655058580928
17414,5.541828735406211
17415,6.002493937195451
17416,6.710046331223078
17417,5.412044318617528
17418,4.561791937082429
17419,6.406760417862179
17420,5.065122596767292
17421,7.518684293609868
17422,5.7497566138853475
17423,6.4226571074995675
17424,5.411747600091734
17425,6.759864737808124
17426,7.382163090944836
17427,4.582662072068341
17428,6.682356031262056
17429,6.251763867923098
17430,7.794017446984054
17431,4.020134805554135
17432,6.740171221471713
17433,7.850813690735188
17434,4.913133956000362
17435,5.3093251945732165
17436,6.998231223687529
17437,5.677011362760202
17438,6.700652272349426
17439,7.391153188527096
17440,6.305826181465201
17441,3.6092342713019057
17442,7.912841713417603
17443,4.737577734520398
17444,9.050372574039741
17445,5.562756424684229
17446,6.528419468070589
17447,5.53434275999102
17448,5.837689902135074
17449,4.2085132080440415
17450,8.918345866978095
17451,7.601311984558522
17452,8.60034457800547
17453,6.25055276643928
17454,6.888300406758144
17455,3.357892838134045
17456,1.7884547519432072
17457,8.336491005368602
17458,5.2506644511884595
17459,4.523510711684085
17460,7.028528563517956
17461,4.075482103154716
17462,5.317940410267108
17463,7.498222409162421
17464,1.5288686911139946
17465,9.575247866247015
17466,3.34788482468367
17467,5.762764755279225
17468,6.753739902010013
17469,3.7601921569043815
17470,4.174020390372265
17471,9.811657972854588
17472,8.03300990053793
17473,4.348399318432681
17474,4.02857972118955
17475,6.64867222058793
17476,6.940153409464588
17477,8.461113259671412
17478,7.20223427452575
17479,6.872087827934337
17480,4.6532272104002335
17481,4.908942885881882
17482,1.7602991562410624
17483,5.583637678467563
17484,6.099842115573618
17485,4.930419682674429
17486,5.14287084607672
17487,9.10790922388462
17488,6.6090409859212365
17489,5.410511988170371
17490,3.673763578252631
17491,6.844985508676847
17492,5.841795294021448
17493,8.05573455731325
17494,6.112340912770422
17495,2.6326616848492614
17496,8.33209946723512
17497,2.6822243185755776
17498,6.900600376596298
17499,8.55791076985104
17500,7.692664387910802
17501,3.542707463121228
17502,5.753145284843582
17503,7.169222889573914
17504,2.8089443361391484
17505,2.351391282654979
17506,7.470592599870344
17507,6.118500228002959
17508,7.362677747724159
17509,3.8277247032395656
17510,5.5835107032147615
17511,6.747039960151768
17512,3.123445721988956
17513,4.852254111441211
17514,1.8101648676340953
17515,6.476571025594298
17516,5.518965492227703
17517,9.248063516021189
17518,2.206750059788972
17519,5.742002158409338
17520,7.602248098981946
17521,3.8942271739017937
17522,5.0454087417798945
17523,7.563907815888852
17524,8.697181822034999
17525,4.859246662209481
17526,8.661849072711744
17527,5.389552213578366
17528,4.206886871775186
17529,4.9190426074555464
17530,2.422988877655545
17531,3.658751159893362
17532,6.439888332956212
17533,7.93038402769658
17534,3.0608065794903205
17535,8.435210028860384
17536,3.8146466060058764
17537,5.4268456178970235
17538,6.4852629104759325
17539,1.2824975211063159
17540,7.470506902680413
17541,9.378525552256201
17542,4.676082284306297
17543,6.437004219176017
17544,5.225055542306321
17545,3.6071514869146584
17546,1.4572190883615614
17547,7.456229495405506
17548,5.1713560392799485
17549,6.490059522959563
17550,7.71118962128942
17551,5.984344965539413
17552,8.052542465855916
17553,6.575171232084536
17554,3.819222937097071
17555,7.324870958973766
17556,4.376020678483441
17557,6.234909313246085
17558,3.0298250353241927
17559,5.7745816957068525
17560,6.197191675630891
17561,7.677915987663926
17562,8.288576587538811
17563,8.666474196360179
17564,5.949205690909598
17565,3.3308872702383843
17566,6.243855423398621
17567,6.428535452479075
17568,7.283938479162857
17569,6.533035087032323
17570,7.854527497260335
17571,8.353573808441961
17572,5.414628652895486
17573,2.808038295870172
17574,5.504240019022978
17575,5.496235339644139
17576,4.905905403897242
17577,5.998805299573612
17578,5.428564500429645
17579,7.384689720204151
17580,8.359979133303101
17581,2.158872126224611
17582,6.628586674642552
17583,6.8421025489140535
17584,5.649927569045163
17585,9.030974581000375
17586,5.470728592085762
17587,4.086102573445145
17588,5.487597018186484
17589,5.273740059389215
17590,4.43298230065744
17591,5.587805497398776
17592,4.3242084256851685
17593,6.558557948527243
17594,7.414867728248156
17595,7.49540731147268
17596,9.788473095012495
17597,5.100337283652221
17598,6.780569472936253
17599,3.931776016492078
17600,9.496287520016002
17601,9.028512431782735
17602,5.115590273787562
17603,7.303544742771267
17604,2.861597112064374
17605,3.8288793653431554
17606,8.334289361389956
17607,4.89796326211912
17608,6.591152120042448
17609,5.6110149805938825
17610,3.909063123643288
17611,2.2076792149490028
17612,7.4954418324221805
17613,3.5503070376490387
17614,8.657868458571386
17615,7.626988339407474
17616,7.8723308557241705
17617,6.788011217336404
17618,6.756366654965965
17619,6.186939642685303
17620,8.651730529607402
17621,6.134742203008884
17622,4.252864874944571
17623,7.916009225005881
17624,6.965117431964083
17625,3.8547770307844718
17626,5.12996762979064
17627,6.807581865298893
17628,3.449636200432997
17629,4.85627993384919
17630,7.286533828667135
17631,4.956774192576846
17632,5.934356575365008
17633,6.158328500022808
17634,3.6919324257191555
17635,6.234025082628495
17636,7.46705003726712
17637,3.500339708560426
17638,6.283375982518277
17639,6.435142424214721
17640,8.372758663442335
17641,8.075563250195028
17642,4.766332991274529
17643,6.029276788859136
17644,7.862997453443178
17645,5.247369595450549
17646,6.4640428659890645
17647,5.994924419697239
17648,5.923330917372131
17649,4.336610665673499
17650,5.758804294982547
17651,7.030834888378353
17652,6.307407965134419
17653,4.729926832727431
17654,1.5911120019390845
17655,8.047697401967554
17656,4.176838513951834
17657,6.452438218952758
17658,3.675230067255185
17659,5.580281389262377
17660,5.945521544887656
17661,3.187061423300683
17662,2.312475704265511
17663,7.348870636939111
17664,6.541385876384884
17665,9.704062401371582
17666,4.424399179975568
17667,5.922231009356093
17668,8.566914700205958
17669,7.830040211061432
17670,2.63773569856495
17671,6.109939979354593
17672,7.2705181668283085
17673,9.044153767391679
17674,2.3878835824932527
17675,3.0573369153102563
17676,2.808054509238903
17677,7.3144275938579195
17678,5.170050743447947
17679,4.740998972266155
17680,8.932549038668483
17681,4.8289822720507996
17682,6.7202441101046615
17683,5.434736930235054
17684,7.747966758361854
17685,3.8296256077220225
17686,5.9058685785076035
17687,6.677735746352675
17688,4.191758008945866
17689,6.178569500203506
17690,9.590542955803052
17691,6.4469445309038615
17692,5.901093409924176
17693,7.20260868761736
17694,4.964671234730023
17695,5.362301032706163
17696,7.711640429537689
17697,7.831687995906937
17698,7.936179209995779
17699,1.6428451491621359
17700,6.480416454898401
17701,6.536128347221537
17702,7.413341235149995
17703,8.158543456942072
17704,4.152829093298241
17705,6.915488450112116
17706,5.365690408659991
17707,4.198906515124773
17708,4.396147073902275
17709,8.892440055410352
17710,3.785002763140259
17711,7.7481391431970845
17712,7.524887197727854
17713,4.131243600359653
17714,6.630784035676792
17715,8.896386036247446
17716,6.108087030180391
17717,4.101599835208182
17718,5.8239641994149665
17719,4.8259763980308135
17720,6.638399400826511
17721,6.230143644414694
17722,6.238195508412235
17723,6.021760685149597
17724,9.282392203665253
17725,6.226138830918928
17726,5.847157497661649
17727,7.919010630054348
17728,2.1662778842219588
17729,3.8905210520376237
17730,8.581815884896777
17731,9.771580096188131
17732,6.617077489855655
17733,7.460142366770554
17734,7.929067345310392
17735,8.054022215124254
17736,4.506098210477936
17737,9.103703125750785
17738,5.595370593078457
17739,4.078967179981557
17740,8.006701619742978
17741,7.234045798696894
17742,9.333334422485775
17743,6.127720674521957
17744,7.331786355375911
17745,8.485035020750871
17746,8.388808750213421
17747,4.532290125799985
17748,8.017655522023174
17749,6.272834073716284
17750,4.866892455721411
17751,4.2753044939546925
17752,5.649059665933436
17753,6.886710465604175
17754,9.923192878742597
17755,4.980429050738127
17756,4.332325008191823
17757,5.710824996528912
17758,4.617607776743346
17759,0.0
17760,6.4702823936042755
17761,6.098765331966339
17762,7.035439716402235
17763,8.646329243079286
17764,7.287660450572312
17765,3.5692649387600275
17766,7.215150683414576
17767,4.572109437032795
17768,7.1285922190281
17769,7.165865513900755
17770,7.48617659334625
17771,2.7521017038328024
17772,5.99645414772698
17773,7.967093180741367
17774,8.017487114202185
17775,6.052123267714875
17776,6.276816614207373
17777,4.885209296933796
17778,9.373889621094929
17779,9.134519320211824
17780,5.20687595578299
17781,4.49666486283478
17782,4.68740005430775
17783,3.996288168850917
17784,3.5236363115716616
17785,9.514582158943323
17786,8.159518374606648
17787,6.199507496589975
17788,7.712293978764216
17789,5.497194879141502
17790,7.850840246121683
17791,5.5422323847354376
17792,3.9801715048274424
17793,6.3023186433716845
17794,5.515215018327797
17795,4.6934651914084204
17796,3.771574426678481
17797,7.2429980062557915
17798,5.740804088260601
17799,6.325354724350768
17800,5.11872999149862
17801,6.203457807614181
17802,8.275146268377854
17803,5.668498208179421
17804,1.4865303214298957
17805,7.49619737092505
17806,7.015954486567471
17807,7.106793210411744
17808,5.899474834692464
17809,7.281072803000547
17810,4.937361094139515
17811,3.7336144056239386
17812,5.092302078581689
17813,7.907302446293327
17814,5.338625516770762
17815,1.9424771496266449
17816,6.347384687087393
17817,5.099791861821206
17818,5.497013902077799
17819,7.014383709909413
17820,6.969678431962389
17821,3.949461161788725
17822,7.467389722002426
17823,8.551981820007745
17824,5.76851600418875
17825,3.3181197606453914
17826,6.8417659418244
17827,4.720721588729065
17828,4.594192581548253
17829,5.924585865519484
17830,3.5383420721918353
17831,4.28838690762179
17832,8.03921079074391
17833,7.6455792022541855
17834,6.181207454280802
17835,6.038102863685965
17836,6.68132201420308
17837,6.955711910931772
17838,5.279107095034045
17839,6.314281632949107
17840,8.287624459011138
17841,3.9621829695229565
17842,5.320631916162441
17843,7.569627105982274
17844,6.388136131152643
17845,7.550697128852045
17846,4.526706752625406
17847,5.212289451902743
17848,1.4201685839716647
17849,6.252825657391161
17850,5.289955633378728
17851,5.237343637527081
17852,5.1673399755137535
17853,2.924462705856905
17854,3.8310125623174027
17855,8.934984257063748
17856,6.5052118221025195
17857,8.315226946455835
17858,6.202332152964135
17859,8.51667409392205
17860,6.90150498318946
17861,4.497514540874777
17862,3.4285672479052174
17863,6.808764630734162
17864,4.954832951775266
17865,6.792822896546369
17866,5.967150147447079
17867,8.420279689559852
17868,9.03846106005684
17869,4.733392508899705
17870,7.33400954610123
17871,7.660752857949042
17872,8.41262258625902
17873,3.9792842339435612
17874,9.421143028788862
17875,4.917519299061264
17876,7.441171131427358
17877,7.9435322394758305
17878,6.244958471644773
17879,5.252447087568014
17880,6.353619730453004
17881,5.577778869363251
17882,8.101188199137924
17883,6.139181462012925
17884,1.444413728771948
17885,2.796263740002029
17886,6.0798754060474245
17887,1.7006816026015328
17888,2.564684783925248
17889,8.182364571813055
17890,8.90554052673239
17891,7.078207528859416
17892,2.8467301852040316
17893,7.306351704084356
17894,5.1206863321442775
17895,5.510691393502013
17896,4.015791021417193
17897,3.5408009901517445
17898,5.885147457526624
17899,5.278618676105965
17900,5.726862747774713
17901,6.034059923462462
17902,7.797447863068201
17903,5.87091167767143
17904,4.738398850559801
17905,6.616614038808174
17906,5.76624326446883
17907,8.655785461511755
17908,4.8727990823457645
17909,7.581970753071364
17910,7.3291038604608305
17911,5.530550345681509
17912,7.028500252519785
17913,7.9262307050632375
17914,7.3581588839099945
17915,5.901627148980474
17916,5.738751991366106
17917,7.665027280619936
17918,4.940445821352829
17919,3.5698063629327277
17920,6.999100054335897
17921,3.942079138868552
17922,9.030377338399763
17923,6.474869938784443
17924,2.559699937392581
17925,4.554618718098828
17926,4.7750684684940214
17927,4.1968140977880495
17928,8.662029553788233
17929,8.634912341250336
17930,5.710518130480397
17931,4.220735865711889
17932,1.4024251318878407
17933,7.126435904572616
17934,6.313050622668397
17935,6.622849259521113
17936,6.811224136539611
17937,6.341662399728065
17938,4.7181564112586765
17939,9.363165938477065
17940,8.71590713076202
17941,4.697585069119007
17942,5.058897132937566
17943,7.187524568710052
17944,5.43831668747869
17945,9.179484329624772
17946,6.512001846662132
17947,9.181793314060155
17948,2.5122331819127957
17949,4.050871685296043
17950,5.401862225760803
17951,7.839608433289294
17952,7.116104496684486
17953,8.756832372431747
17954,4.0062473344268765
17955,9.824732486140173
17956,9.624121653802732
17957,7.561872824860479
17958,7.539662544122212
17959,7.157113856010951
17960,4.126629104317774
17961,5.886122748626458
17962,6.358638452275731
17963,6.347253333865704
17964,5.046110372463171
17965,7.918833688086684
17966,8.999502772406126
17967,6.28024393387087
17968,7.537294855616004
17969,5.8128704450575865
17970,7.216481642711544
17971,3.9884422496566265
17972,7.519713665444538
17973,5.312734196892388
17974,7.9386467893468655
17975,6.301354382533845
17976,7.754865123977335
17977,3.6093874816839553
17978,3.9972016800999004
17979,5.606053084485436
17980,6.413061752787342
17981,4.4647962218577355
17982,7.27670760763639
17983,5.8376147060906876
17984,4.073743041388059
17985,9.431939509752095
17986,8.550381901392255
17987,7.988083224743451
17988,5.7475909970447985
17989,5.740471017579888
17990,4.646416810826149
17991,5.948005070597502
17992,8.595211208146063
17993,5.489700164165902
17994,4.271345361855967
17995,1.9058869805921177
17996,6.597743938239357
17997,7.055817936771713
17998,4.967392512467293
17999,4.986342874628233
18000,3.8485155951233643
18001,4.645895144220063
18002,5.302918682907845
18003,7.008702504862945
18004,4.62090564339493
18005,3.668724517164866
18006,4.936767587110041
18007,4.109354584480833
18008,7.600819579647318
18009,1.7385429678896314
18010,5.87638298419112
18011,6.9075771390349034
18012,3.9803565771262845
18013,9.15412888505999
18014,5.442803960911344
18015,8.842157738652135
18016,8.852409366518016
18017,6.961021218176573
18018,7.614828345067388
18019,5.941286777474463
18020,7.510027171690945
18021,8.2874385337323
18022,5.509153280953009
18023,2.841283950482519
18024,4.160894652264018
18025,9.092383689555906
18026,5.4223585002029715
18027,5.024056173497988
18028,5.289396421879094
18029,8.541325047530151
18030,7.667453114441791
18031,7.251101286113416
18032,7.942660239562928
18033,8.060688890508457
18034,4.605816523791268
18035,6.31681572075409
18036,4.43467653405013
18037,7.54354779481232
18038,6.684684352819529
18039,7.352560698749102
18040,7.1426730361226
18041,2.52622093001754
18042,5.937426599347845
18043,6.542489463094072
18044,4.047091556279249
18045,6.482050635894375
18046,3.7689134620697735
18047,3.4095581026577015
18048,6.323795668930116
18049,7.013974410297192
18050,8.627165934750042
18051,5.391488567933115
18052,5.218806859568397
18053,8.467794190919014
18054,5.950221942281222
18055,6.310660294803186
18056,5.840071087897881
18057,7.152567173561443
18058,6.802404797086009
18059,5.420707246271862
18060,5.564376412308103
18061,7.5468808106763685
18062,7.562431513583487
18063,2.3461114964775804
18064,6.2911718412879996
18065,7.6416508973209005
18066,4.999656318813777
18067,9.115909154585092
18068,7.322450833075001
18069,7.367671539867276
18070,5.6373873352992865
18071,7.003889257409693
18072,8.20155241517198
18073,6.546208052936669
18074,4.329927935118872
18075,5.2200171066541925
18076,6.913459836287042
18077,7.1026628504014795
18078,5.847141140796562
18079,9.093446363646947
18080,2.1016797747771294
18081,8.531411456259702
18082,9.118437145190827
18083,7.471737333086418
18084,7.291500797952938
18085,1.1685553276210299
18086,5.685026320226727
18087,5.003192261878661
18088,5.636570586896444
18089,6.797313017978861
18090,7.182684477004597
18091,6.119684330575123
18092,3.436260911460222
18093,8.136319288033999
18094,6.084877971183781
18095,7.661965995209296
18096,6.228145388657244
18097,7.495502879183976
18098,4.760297640456468
18099,5.9406184499524715
18100,7.068958526263716
18101,4.093604303518926
18102,9.022245938511992
18103,4.373611747161337
18104,2.8996133471680645
18105,6.039225541012894
18106,5.55494562087282
18107,3.863409222761372
18108,7.2076379522560625
18109,4.880037197890195
18110,6.752876818739005
18111,5.082809073599348
18112,9.065250481188738
18113,8.775528310144455
18114,6.770330548760184
18115,3.1242658007582325
18116,2.9954408100828647
18117,4.672179377650677
18118,7.529648984026804
18119,4.8127516305296245
18120,3.0693238183556684
18121,4.924790527829846
18122,5.174941043807453
18123,3.7972993794349783
18124,4.977008638481084
18125,9.027660665398573
18126,2.6563634280505606
18127,3.8828293495425354
18128,7.268385138660137
18129,2.05195102823619
18130,2.389101864807806
18131,2.752252437501818
18132,6.706956687519179
18133,7.06273054879428
18134,7.572762411443422
18135,6.410820963585801
18136,8.606999860319645
18137,4.6273619347293815
18138,6.438220695518496
18139,7.045707212439328
18140,4.856666122192728
18141,3.3522739034835705
18142,9.205551721442589
18143,5.45346430126599
18144,5.2116336681096636
18145,6.072624920363321
18146,5.095762855039459
18147,6.785741046452885
18148,7.970160911013478
18149,8.36879544625038
18150,8.928886168295083
18151,7.6129481074707215
18152,5.8312786222422135
18153,4.9493187303585335
18154,7.606265674804445
18155,7.228156600778708
18156,4.9977800199614455
18157,9.750247131000814
18158,6.459118929239288
18159,2.6866043134087767
18160,9.008247060364981
18161,4.220277018828907
18162,5.182548320134734
18163,4.623497132992347
18164,8.883886692322466
18165,3.3139596297944482
18166,8.439722632332558
18167,3.216207633436272
18168,9.077574369174611
18169,8.259702942909122
18170,4.844134360287041
18171,6.495635749804832
18172,4.931769666321264
18173,6.071200180085717
18174,5.286727988540711
18175,7.976428444293673
18176,6.768180487759079
18177,7.697017433547786
18178,0.8904732300769781
18179,6.432674701073683
18180,5.487016941207242
18181,9.296664962946924
18182,4.192912100427828
18183,5.508762714237457
18184,6.66801041870641
18185,6.692804410999475
18186,6.758733684830933
18187,4.064252880847812
18188,7.031457890070934
18189,8.07095662784582
18190,8.556459941141073
18191,5.5128547572304845
18192,5.8666755992454345
18193,5.060922447295851
18194,3.60912278271599
18195,6.54930769615438
18196,6.571254954415425
18197,8.204722863745985
18198,8.613804672277844
18199,4.461575321983303
18200,8.104097556755125
18201,5.85843111486227
18202,5.730854095476064
18203,8.904000443568671
18204,6.755526110375578
18205,6.919675097586263
18206,5.888378077813637
18207,9.467687535037635
18208,7.140239010071029
18209,2.910229587218666
18210,8.304187146008564
18211,8.548034518984545
18212,4.353405795886359
18213,8.797878556942745
18214,5.654265066798008
18215,6.989456797576086
18216,4.428601654907116
18217,5.36518308468051
18218,4.238041933165484
18219,5.068081952424134
18220,7.84680192429482
18221,1.6047953068482945
18222,4.488643349097412
18223,4.740669773532398
18224,4.783945880211116
18225,5.601799886664478
18226,6.8084548867743
18227,4.877275015247436
18228,4.871972527517495
18229,6.533781085973016
18230,1.089092802915871
18231,5.998139887553039
18232,3.4954835592375746
18233,7.414384168686801
18234,7.173228468943868
18235,9.692135751398753
18236,5.668624638324838
18237,8.935724798195194
18238,5.413222148982723
18239,6.431842728326526
18240,7.986338312837422
18241,8.581300020072904
18242,6.6625878312459434
18243,6.772925286124084
18244,5.652038880417601
18245,7.666300558379527
18246,3.0761440936570352
18247,5.087710397741633
18248,4.272587973897513
18249,6.929134676968446
18250,7.304205369828848
18251,6.144508023583502
18252,3.546517745643344
18253,8.040385366728602
18254,0.7683577346065308
18255,7.586383718328643
18256,4.1126510978068875
18257,8.290108060332775
18258,5.334051308997317
18259,6.452010138293426
18260,8.983425406430644
18261,3.4739618469638605
18262,7.280268489138169
18263,5.064537005910036
18264,7.582280154826384
18265,3.987327137790877
18266,7.977334650724442
18267,4.9556346757682395
18268,5.821732103540375
18269,8.688899489625145
18270,6.684888228887491
18271,5.850865006535654
18272,5.730272922812248
18273,5.679014379570193
18274,3.0726780604758637
18275,2.4684497848607205
18276,4.281640322721505
18277,5.653263701099985
18278,3.643636263245507
18279,8.153114798498352
18280,6.103041010233074
18281,7.5059987389635126
18282,6.164168101921725
18283,2.785423997449105
18284,3.3795897844996716
18285,4.8488868046786955
18286,4.0867059020316905
18287,6.354628501898143
18288,7.181152600322406
18289,5.061763594243867
18290,6.099167502248986
18291,8.960542770119115
18292,4.430538748064787
18293,7.71299772777288
18294,6.556847885314274
18295,6.736000160287478
18296,7.959092836522233
18297,8.983830097761158
18298,0.532102270481763
18299,1.972791192824731
18300,6.22302212608685
18301,5.3595820910980025
18302,6.044258380159044
18303,4.946669275702062
18304,6.853708877826761
18305,5.010493235416886
18306,6.673847640607652
18307,4.18278311240624
18308,5.879096833093088
18309,4.582450124784941
18310,7.220396079971177
18311,4.605314047091726
18312,7.412187756757708
18313,4.992035217371891
18314,6.309562726015952
18315,4.571361189929371
18316,10.0
18317,5.642632202400538
18318,5.663665275095497
18319,4.0180350082341825
18320,4.27429027101819
18321,2.903424951322609
18322,3.5967019548773362
18323,4.505119527707296
18324,5.050582752688736
18325,7.083720934464297
18326,4.3952228092499945
18327,5.4182212789107895
18328,4.20997984793492
18329,2.944886742586164
18330,5.654140403241505
18331,6.918475900991329
18332,5.9855686033821
18333,4.704543987881749
18334,6.252463057213967
18335,6.780675817553118
18336,4.919548059789606
18337,5.755979268138327
18338,7.642275518503147
18339,7.513057052151697
18340,3.735072513703549
18341,9.450088929459223
18342,3.5273568268317783
18343,3.7076269143274794
18344,5.439915266661454
18345,5.353730271502525
18346,3.7077667238710337
18347,4.167193835824172
18348,6.870175652543363
18349,5.065456641361213
18350,5.786012899054095
18351,4.844466998106434
18352,2.1572397229521707
18353,5.798213057390815
18354,4.0500325156324175
18355,4.010314479401847
18356,4.605825787297418
18357,3.7774403389564597
18358,8.448726826999136
18359,5.075547876377237
18360,8.531607083051837
18361,7.40053621128819
18362,7.866522554459188
18363,5.270101850448897
18364,8.223104422555117
18365,6.823301897243826
18366,7.194346786517185
18367,6.8785299983834
18368,8.15689382464527
18369,4.302584926310475
18370,3.0389304713598135
18371,8.207449545449526
18372,7.104775749615973
18373,7.110022171816506
18374,5.856488621142317
18375,7.73539988010593
18376,3.9757489508462545
18377,3.351618871048851
18378,6.091552454761773
18379,5.554887329405525
18380,5.709455816438805
18381,4.06510111112721
18382,7.072100072646736
18383,3.8185069821693993
18384,6.905715012273518
18385,6.064314293404069
18386,5.989807803300894
18387,5.94345755870187
18388,7.7480888899189635
18389,2.928133246103256
18390,7.854072938354775
18391,2.9022723550249636
18392,3.9550343169579687
18393,8.181507389267372
18394,8.087813821359518
18395,7.006412855938088
18396,6.604523526606726
18397,2.2305632601579286
18398,7.102787058645174
18399,7.8324208818767715
18400,6.737269927725778
18401,6.4137109085380555
18402,4.440155353432133
18403,4.268550717986288
18404,3.8004710063880736
18405,6.8512167585754
18406,8.092211638339329
18407,6.097099151727237
18408,6.17576843745736
18409,4.798990021914699
18410,9.586723128197987
18411,4.461239963392882
18412,4.96372838186706
18413,5.906966401997177
18414,3.3944377665382897
18415,5.2379437588784095
18416,6.843726257302613
18417,6.278584940702485
18418,6.478391899821444
18419,6.270263164059608
18420,4.835673230931628
18421,7.93069567809046
18422,5.186827947141847
18423,5.184234800110885
18424,8.232330601235814
18425,3.99217048031006
18426,6.414999516440289
18427,7.5569082453495815
18428,5.387173357104983
18429,7.718114403629232
18430,7.497508301276914
18431,2.362192934865248
18432,4.651311375511134
18433,6.561653235925531
18434,6.41408266216789
18435,5.028146540347534
18436,4.080704951998401
18437,5.015190905338358
18438,4.452317216611341
18439,9.001007846104587
18440,6.936293166378135
18441,7.306659890328729
18442,0.5757281808240239
18443,4.917020772659299
18444,4.746935813316174
18445,5.192150359435803
18446,8.046415461635817
18447,5.305579680198277
18448,5.794630155581869
18449,1.8670200337838374
18450,4.353279185449797
18451,4.779132424518017
18452,6.96179959744841
18453,2.4730015348232794
18454,7.997347306953231
18455,8.085920538871523
18456,4.821152740550785
18457,5.937575021831973
18458,6.76265797027378
18459,3.197314862343265
18460,5.121018817147587
18461,3.9846436800368106
18462,7.4640451778533095
18463,4.559430222768198
18464,6.183413367229796
18465,7.5315578163933266
18466,6.335753440912428
18467,3.9963232076731527
18468,7.6701043197334435
18469,5.3219139416513865
18470,6.503518998197179
18471,7.717612972405607
18472,7.972066798833307
18473,4.363485289230028
18474,2.1230019359944925
18475,4.6949272675805
18476,6.447074425453488
18477,7.108524251822986
18478,7.97584281967047
18479,4.976947307888549
18480,7.022622481949422
18481,2.1757958311976955
18482,5.125791486797962
18483,6.248187368405443
18484,9.295498021703592
18485,4.407645263199831
18486,5.322559394733726
18487,5.408272695552311
18488,5.781187689422171
18489,2.2026232213469865
18490,5.475207305902973
18491,4.916446768208366
18492,4.2776156249141986
18493,3.7601715580158075
18494,3.7274915844055667
18495,5.55112168980774
18496,7.426196587817677
18497,6.3539416376052325
18498,7.599134230735904
18499,5.365059242066287
18500,4.248058872739135
18501,2.095923729386098
18502,4.732393445640844
18503,8.189914635692862
18504,2.6753548910442833
18505,5.504517572145685
18506,3.0892015870479272
18507,5.141523405967203
18508,2.106060018914854
18509,5.20876899336126
18510,6.55528144352836
18511,5.145048968411519
18512,6.656962661921733
18513,5.727981296342621
18514,3.8407900300805418
18515,4.629867593345384
18516,7.738256207318646
18517,6.110482559976985
18518,5.084681954966967
18519,6.422731564555758
18520,7.172174028278414
18521,8.48963268671153
18522,6.571708129995727
18523,6.8579330760842785
18524,0.0
18525,5.501144140910129
18526,5.563292459431174
18527,5.0439470473922325
18528,8.709764265489326
18529,8.408472278087784
18530,4.6857656236457315
18531,2.8653880962164373
18532,5.770588656046342
18533,5.054142111763129
18534,8.014442478036916
18535,8.099717435863418
18536,8.148278822924519
18537,3.5682470533652824
18538,6.146741699200751
18539,4.622486680644841
18540,8.140285468548853
18541,3.9878993125379383
18542,5.3732429121880925
18543,9.298773478738495
18544,5.962483569512003
18545,3.6921495047019266
18546,4.5908865893452315
18547,7.875238151007797
18548,3.6493715993118907
18549,5.746913225912415
18550,1.2663173618688541
18551,7.892339306281898
18552,3.5889758803362546
18553,6.3300970289943965
18554,4.210595668530439
18555,8.38759047491262
18556,4.715944441160361
18557,7.414917257254429
18558,5.326590027062566
18559,2.050043807362117
18560,4.95099133340586
18561,4.995024262716901
18562,6.955715655709765
18563,7.226727860171722
18564,6.9114335653909205
18565,3.4638448298664097
18566,9.234610896347151
18567,6.804996562615571
18568,2.3265660726615245
18569,9.516551291009206
18570,3.1607865656009366
18571,7.6240878419961815
18572,5.877515740870773
18573,5.3130904159214065
18574,8.439092307634075
18575,5.85002278461183
18576,7.218142441102109
18577,6.428720780580796
18578,6.583415569782906
18579,7.7994576735955405
18580,4.448610861582932
18581,6.4789353971099
18582,6.101407590859643
18583,6.595971511616895
18584,5.865281298428475
18585,8.175174977246577
18586,8.016608554671873
18587,4.441566420156919
18588,7.827884451835718
18589,7.44560775850226
18590,7.665248270420522
18591,3.582463624292143
18592,7.367031906564611
18593,7.982216934403489
18594,7.799706428045
18595,3.5793624072637837
18596,5.623857157188356
18597,3.5822730931521836
18598,4.545195203410422
18599,4.067182069821035
18600,7.263919192246828
18601,8.453081962995817
18602,4.858890811975433
18603,4.7612269601776624
18604,4.992410068799285
18605,5.97202770609071
18606,2.6131595640762693
18607,5.308449800588302
18608,8.740437508269085
18609,4.755261523031038
18610,8.038935227090011
18611,6.726163048783851
18612,4.848448423616644
18613,7.248159330296332
18614,4.406801058198868
18615,6.420609503058143
18616,2.4499605214067723
18617,2.959344880313417
18618,7.504424569638764
18619,7.112595768763717
18620,5.92210263286127
18621,4.016504312401526
18622,6.334190201443749
18623,4.507325234995129
18624,6.798858430278836
18625,7.459071974781358
18626,3.7284698695161294
18627,8.359664983169656
18628,7.850470988336031
18629,6.598837952192309
18630,5.252011097880663
18631,7.004383612591053
18632,3.157917057875991
18633,9.384814307938262
18634,2.4938182972430414
18635,5.399950575838045
18636,6.645859823079715
18637,5.926449122569262
18638,8.859727114993653
18639,5.999255035001691
18640,7.741815382389992
18641,0.9098214488766424
18642,3.489415131817121
18643,4.962336687809577
18644,6.807108674866126
18645,7.075682217296887
18646,3.268108466814486
18647,4.082068014308264
18648,5.928245353164893
18649,3.481641250156209
18650,5.700251867263351
18651,6.051356895343151
18652,4.592135118551575
18653,3.7931012122156735
18654,5.171193727930871
18655,3.072502892258653
18656,9.34260941687808
18657,4.801821386777366
18658,5.344429366441887
18659,5.094458653163865
18660,8.097387730834233
18661,7.347889697446459
18662,4.756259134140385
18663,8.055013872792609
18664,4.589674251707902
18665,8.911667895867671
18666,5.3087093495612105
18667,8.802021026795893
18668,6.441252232355993
18669,6.985114755917105
18670,6.895022178091811
18671,6.686759772479343
18672,5.703723419893824
18673,7.423845759299337
18674,4.900670382740261
18675,5.126751172285751
18676,6.054370117742515
18677,4.932468942926094
18678,7.870191149725766
18679,6.5588724304683
18680,5.076421093121937
18681,6.495064754019921
18682,7.270052735478653
18683,6.756128586887435
18684,3.305967965480695
18685,4.330449216257828
18686,4.678154772154863
18687,6.2200404555175615
18688,9.110686496848997
18689,7.391226155500568
18690,2.7145781505182347
18691,6.239747215373868
18692,8.88943058026219
18693,8.034233840919715
18694,7.139092497762865
18695,3.3655474985399376
18696,8.864385239407369
18697,3.009765741750087
18698,3.728079916787566
18699,4.479143711553067
18700,7.5525611914349655
18701,7.501839819129234
18702,7.798037224866291
18703,6.736857445627875
18704,3.9301595810586947
18705,3.993141203851376
18706,4.820793750609574
18707,8.324402243373275
18708,8.928159673858984
18709,5.567318314059742
18710,5.426409455811045
18711,7.665616531276439
18712,6.867292698448663
18713,5.384122909575736
18714,7.738411723491999
18715,4.831673252373462
18716,6.8577976779318846
18717,5.306179514643515
18718,4.2527668281152655
18719,5.5005284901074685
18720,4.073184170563142
18721,4.931442554421659
18722,6.2462816607196086
18723,9.119098032973953
18724,7.631356330626079
18725,5.6141137235722995
18726,9.179702984159668
18727,6.830973971511665
18728,5.897201257811837
18729,8.364530662035163
18730,3.696930711471245
18731,6.818911177680563
18732,8.099477206124398
18733,4.499686000325827
18734,7.217677275551721
18735,6.085780767960329
18736,6.232241139752473
18737,7.793616994375486
18738,2.6392369366400703
18739,4.124405184649445
18740,6.401861298646105
18741,6.164848438048741
18742,7.285607078184784
18743,5.30311715638334
18744,4.286956735759983
18745,7.857929537826638
18746,3.9649088253137803
18747,7.668436821512365
18748,8.493838993824898
18749,2.47160262285117
18750,5.213202286259015
18751,8.34127051072917
18752,5.843410027422725
18753,8.314324060969525
18754,4.413709697332567
18755,5.018979965126435
18756,4.650573066631402
18757,7.349580113997024
18758,5.258287858986861
18759,4.064130861682394
18760,6.338678412915321
18761,6.689962744952932
18762,7.634914764359112
18763,5.182299230885679
18764,5.253906764711681
18765,8.383590371714153
18766,7.240388973638138
18767,4.711905752334055
18768,6.259771126147979
18769,1.115953776121233
18770,5.151907714799786
18771,1.827201267730409
18772,4.397191680283796
18773,8.381737273976006
18774,8.082988038308304
18775,7.362152065477233
18776,7.601255477851502
18777,1.9929183589098596
18778,5.685767781248287
18779,8.44514366848524
18780,5.724437090019011
18781,8.918798129942553
18782,2.1539344930878985
18783,8.064382818203635
18784,6.919141122654335
18785,5.8663600943258105
18786,8.458783482901085
18787,7.025419378647485
18788,7.611473516083058
18789,6.231854197371733
18790,10.0
18791,5.704722956831238
18792,9.007087985217225
18793,7.068476611040157
18794,4.102137974734709
18795,8.44446654287454
18796,6.626910890390505
18797,6.169071050062802
18798,5.814819624923225
18799,5.250021412203212
18800,6.119494162182844
18801,5.730938177573393
18802,7.006346869099502
18803,6.606932709857844
18804,6.868016295787784
18805,8.721046932123894
18806,5.263617305507101
18807,4.687526811880584
18808,5.24727245457059
18809,7.514248147189171
18810,5.795372281761541
18811,5.0880592385922085
18812,7.241832104040435
18813,7.671971720751449
18814,5.59478362464987
18815,5.795397712727517
18816,3.946524421150509
18817,6.305222589952336
18818,4.840620859028054
18819,5.3745115343666
18820,7.1914901652074565
18821,5.17750760573081
18822,1.5012860812337796
18823,5.980653992505304
18824,4.5183899659068985
18825,2.7883880198722033
18826,5.710080205927337
18827,3.582667867321858
18828,3.313961491716018
18829,7.362845352252742
18830,4.41062836412545
18831,9.37439251759601
18832,5.751169388277175
18833,8.39160285260005
18834,8.108434489506621
18835,7.246470824411546
18836,8.166294528123643
18837,5.078484040406911
18838,5.129652253349825
18839,7.964546558479213
18840,6.693060531977
18841,6.33989004257698
18842,8.5405413409677
18843,8.702076580272749
18844,6.493422920648346
18845,6.695772494689605
18846,6.033937829100277
18847,7.985466495470968
18848,4.816545306567028
18849,2.8863914338806196
18850,8.635870413928933
18851,5.982618500863328
18852,6.644185162442285
18853,4.9338155932282985
18854,4.833709839915888
18855,8.940927579113731
18856,5.378359868859603
18857,6.138308560873192
18858,8.508065610436704
18859,4.8047075837928706
18860,5.531382946821993
18861,2.732745547483583
18862,6.997678351944716
18863,6.442998369555527
18864,7.777545227377081
18865,8.979425785445104
18866,8.086275912620494
18867,6.93251286135544
18868,9.173310079914765
18869,8.49668027629453
18870,4.6923248555205825
18871,8.104719052791923
18872,6.0993018699262525
18873,4.026119853962993
18874,5.683362537154521
18875,4.483214880660375
18876,1.7698096103552998
18877,5.847395922941332
18878,4.4625604752158425
18879,7.08279578631189
18880,3.2651697172632956
18881,7.221646403956572
18882,7.775438759060872
18883,9.375776238432117
18884,4.5911622264390175
18885,6.355378262435624
18886,7.8908359700693715
18887,5.9306179180431
18888,4.4606507885083175
18889,5.1961200838621036
18890,3.5408365461826286
18891,9.033289724467085
18892,4.461885774015804
18893,9.68253560658174
18894,6.294943518215896
18895,7.890863780750116
18896,7.99244624517289
18897,5.884691463841426
18898,7.4952564221219955
18899,5.113318047022755
18900,9.48085629593472
18901,4.404237768093924
18902,6.6043675273345475
18903,6.32691643549326
18904,3.2987636427116924
18905,4.2273487175812186
18906,6.573564925814661
18907,4.93830528259912
18908,7.398838745550826
18909,4.743047320049787
18910,5.199417100107707
18911,6.024557457128863
18912,5.968137387658568
18913,6.603112096057588
18914,3.5759955901514617
18915,4.202385537406815
18916,8.547603601423042
18917,5.489322951941279
18918,6.859458760277961
18919,6.147540118907901
18920,6.7898183892967365
18921,6.397922101190329
18922,7.33415691794086
18923,6.1777517280448455
18924,3.9497319700002054
18925,4.007595499643001
18926,4.6843493812958545
18927,6.432182401856794
18928,6.669183054474586
18929,6.348317903772745
18930,2.3113705066393497
18931,7.044657535089919
18932,7.0718037024510405
18933,3.192984287599581
18934,7.638507862164922
18935,1.5206897992528117
18936,8.326435854078879
18937,7.537789422845776
18938,7.065481772402369
18939,9.983771741511703
18940,4.100062953837937
18941,8.051036555956365
18942,8.526369771182402
18943,8.539163292782462
18944,3.4193757701252685
18945,6.080479121696247
18946,7.395266362570968
18947,2.0048934680461934
18948,6.740856527378059
18949,6.536430630275113
18950,5.41409333843864
18951,8.017807160883182
18952,8.636510264785683
18953,7.577572749119682
18954,6.38267588714728
18955,5.016377904963975
18956,6.137509844930707
18957,5.272783421387528
18958,7.411756429795995
18959,4.200501291054361
18960,8.014331890763392
18961,9.346227728087023
18962,6.847642806291169
18963,7.3760389433068605
18964,4.64545083707454
18965,8.370416049135757
18966,4.878776799010457
18967,8.976111141928985
18968,6.348244786204407
18969,3.2099536126168964
18970,3.9437511465069486
18971,6.1417338116847615
18972,6.342366485376964
18973,5.193726031050371
18974,5.730884540640509
18975,4.827935927454115
18976,9.698062079896514
18977,7.093601462780098
18978,6.3205947620246645
18979,4.868377381115859
18980,6.317588455691865
18981,2.4591199795310574
18982,5.424487688802332
18983,6.69423996480678
18984,2.7804792275271075
18985,6.021999579343894
18986,2.3904727700843362
18987,4.105865853759119
18988,5.485820875506158
18989,6.6875410286437065
18990,5.865497624084995
18991,6.572583518429375
18992,6.566884369911506
18993,8.886167923781109
18994,6.846942569614567
18995,3.809695745615383
18996,7.775120196878285
18997,3.131001344493996
18998,6.178555798354775
18999,3.761261110816905
19000,6.610794376173886
19001,3.1435519592096837
19002,5.063913752150457
19003,3.9829708320594275
19004,2.8796844882191968
19005,5.423548815871248
19006,2.569886698537859
19007,3.8440325167948033
19008,2.754461502013625
19009,4.3516711393720495
19010,7.271861697857177
19011,5.4565648372201885
19012,9.712582762690383
19013,6.473739967937856
19014,8.465740170638153
19015,2.7060835427202803
19016,2.1471199748111207
19017,4.038849690089609
19018,7.400587188475939
19019,7.4156978031185625
19020,6.987943537718407
19021,5.934855401939444
19022,5.8160403502961255
19023,3.4477816408539854
19024,7.987337957645964
19025,6.926587061049541
19026,6.399803552979604
19027,5.591560253103284
19028,8.676122890007015
19029,2.2057503006305805
19030,6.140134329935417
19031,5.2442818522857415
19032,3.944050326525128
19033,6.221622437015182
19034,6.523911956857056
19035,6.808115680448844
19036,7.552847723423732
19037,3.755827448979165
19038,6.78380981294972
19039,6.383035325040307
19040,4.7774859275733625
19041,4.438657942991116
19042,6.944569455029398
19043,5.753233286525288
19044,4.918534513963739
19045,4.923851193303356
19046,5.484563795861787
19047,6.881952531326332
19048,7.349343671678524
19049,6.989379657300111
19050,4.539623575486599
19051,4.845918060060993
19052,6.042225593643048
19053,5.535980675551015
19054,6.795431870119491
19055,7.075916378313678
19056,8.358013623599323
19057,4.990054056975966
19058,5.80200290843442
19059,7.5482290550577025
19060,2.794839634776086
19061,7.16771993614892
19062,6.758837697635992
19063,7.219440120987509
19064,9.988186361926774
19065,1.1127871328717378
19066,3.860767135353907
19067,8.116384920286956
19068,7.768444643056397
19069,6.839983439258885
19070,5.927206265346228
19071,5.511315011389091
19072,9.639990027418875
19073,7.040370461220148
19074,7.523513080053208
19075,4.981677486597454
19076,5.65171667151094
19077,5.607438490992524
19078,5.73515902360254
19079,6.638702790071877
19080,6.047168763653386
19081,4.166693960998715
19082,4.472655899153263
19083,7.438728758732475
19084,5.954739636993746
19085,3.618041765956144
19086,8.595162070966863
19087,6.383100474518264
19088,2.324245372536909
19089,1.9557457967314384
19090,7.639078057671883
19091,8.211152290434331
19092,7.319164948126768
19093,2.2288502075254284
19094,1.9714198148968691
19095,7.287473822029404
19096,3.816174216540232
19097,5.492660445592117
19098,7.4461026195695945
19099,2.8912031746631035
19100,3.073601677834643
19101,6.764133098795887
19102,5.613424920594679
19103,5.889694701533001
19104,8.994007145243174
19105,5.954694952521793
19106,3.9992367359372185
19107,7.0293745158993115
19108,6.6202896937838505
19109,5.492865088114748
19110,1.896785993729156
19111,7.444537269250564
19112,5.121810028564721
19113,2.8200471438470425
19114,6.993866806773351
19115,7.338574531108439
19116,7.150137047374854
19117,8.084018785074418
19118,4.726950303998182
19119,9.03819111979435
19120,7.673280184930324
19121,9.00132718184619
19122,6.913525462663615
19123,5.165132219431583
19124,8.729199582901224
19125,4.8100636912387715
19126,5.30015459016575
19127,6.6991520308780705
19128,3.3035717814484795
19129,5.290606350678986
19130,7.285429269823139
19131,6.999834606835697
19132,6.046036911567582
19133,7.631532908594585
19134,3.0851448791464695
19135,9.186533475913613
19136,3.7876280335783754
19137,7.730943549698558
19138,8.024183441567716
19139,5.960547977834891
19140,5.812749820157582
19141,9.509816401179538
19142,5.132051017022646
19143,8.781924029578025
19144,2.959688000722697
19145,4.864971263517456
19146,2.759245375727559
19147,7.032927745456348
19148,7.915774686779465
19149,4.598129360593126
19150,6.762248604978969
19151,8.83442534039522
19152,6.721417324249013
19153,4.688367396668937
19154,7.568445015614047
19155,3.725748958645784
19156,5.329435111266377
19157,8.089366855894408
19158,6.9267785774630815
19159,3.551837852119567
19160,8.614838342761688
19161,3.7400772976167795
19162,9.431567542261716
19163,4.744184849216923
19164,5.3096646151436
19165,6.737915327110579
19166,3.8243841865660286
19167,6.381963687456371
19168,8.42664663467365
19169,8.046193112854203
19170,6.590147846320852
19171,6.467049605899219
19172,8.338633275510812
19173,3.8711956176196654
19174,7.822700792339038
19175,9.312470164866149
19176,6.535441887562519
19177,5.647357729484038
19178,4.816879743358685
19179,6.265949590337186
19180,7.163978668576817
19181,4.934668535464406
19182,9.037446560835686
19183,8.792928533675534
19184,4.812913562184292
19185,1.987787835181851
19186,7.892960552553379
19187,7.67188923571292
19188,3.8379971234616366
19189,3.2523851351695185
19190,7.858653564470647
19191,6.059563928196781
19192,7.032222096274126
19193,7.903320963748162
19194,1.7709000621523472
19195,3.8979214132864572
19196,5.288251044578175
19197,6.51143616740874
19198,9.072953929592945
19199,4.70320770158793
19200,4.23308117426191
19201,6.566928566736262
19202,3.2527458493351955
19203,5.147905732991563
19204,8.699800568685836
19205,6.9005806552848465
19206,6.250905349951469
19207,6.799884968129354
19208,3.673041404054742
19209,6.137968458148786
19210,6.864132094859972
19211,6.0442112075467564
19212,4.780815093117815
19213,7.844272340486936
19214,6.347978740098718
19215,3.814809411249868
19216,6.025905199162067
19217,7.889851968947024
19218,4.486529760053322
19219,9.456823147922185
19220,6.854378209065159
19221,2.6072863496367966
19222,8.179025832554697
19223,5.421226743286565
19224,5.0709459035122455
19225,7.134052212298575
19226,2.7360256144348214
19227,5.508441147603307
19228,3.031981576935851
19229,3.839000747910623
19230,4.207386217577952
19231,7.276719039576201
19232,6.923655057605987
19233,6.864557611191972
19234,8.9714828823535
19235,7.28494693140809
19236,4.780916896036457
19237,3.176227449908896
19238,5.006851107215491
19239,3.9127242117842216
19240,6.466231899723682
19241,5.3089171511213085
19242,2.7487169750016873
19243,7.642059458849748
19244,7.981419327018348
19245,5.7806080973385905
19246,6.414473567212298
19247,6.61828441672339
19248,7.217951472411736
19249,8.69232323704191
19250,5.709213707143541
19251,6.588154197967499
19252,3.530675161374378
19253,6.174392316370459
19254,6.895527046661183
19255,6.251731498633374
19256,6.035838447669317
19257,7.720986009275985
19258,3.241884566984917
19259,4.8232425470715246
19260,6.7567390670275564
19261,2.267394404007191
19262,7.379129972522636
19263,8.410979118540997
19264,2.7664166327178936
19265,2.1058471390008444
19266,7.467201664283476
19267,8.073319803729513
19268,6.119230763277331
19269,4.460793617121471
19270,4.4596844682323376
19271,2.8761657268005028
19272,5.621883391932029
19273,8.140366002573328
19274,2.667326338355263
19275,6.015688515090698
19276,6.5973959564477145
19277,7.536413095134773
19278,5.604208628324521
19279,5.553933175270432
19280,4.0179563798761455
19281,2.3659023425056334
19282,7.252346282821033
19283,5.466014136231946
19284,2.2474167847804334
19285,3.6940685693828246
19286,3.939614124209548
19287,5.61517850644222
19288,6.6904030676546595
19289,2.2336965786387837
19290,5.472762723110076
19291,7.003790512095934
19292,5.78793996995299
19293,5.440722291649931
19294,8.500250344410839
19295,5.038898720197048
19296,5.0097260625569655
19297,4.804482678029917
19298,6.527164005729105
19299,6.283498804361358
19300,6.0433340439809955
19301,7.138774286805853
19302,5.076060949101074
19303,6.9165366801453665
19304,3.0554583449857455
19305,4.850885521638754
19306,2.219649728230192
19307,4.819512598554226
19308,7.885113913718035
19309,1.709631708520377
19310,6.734343031591382
19311,5.821648137901801
19312,3.8118090668598215
19313,7.206210426280835
19314,7.096868814419903
19315,3.209714177410483
19316,5.93758485572541
19317,6.26460972036376
19318,2.6188599874299
19319,4.16583083543468
19320,4.419642683906853
19321,7.783466628413861
19322,3.170426599282118
19323,5.305875920997799
19324,6.535567828410465
19325,6.4779149267590865
19326,5.521792906586339
19327,8.111328156877592
19328,4.957822184554053
19329,4.742343854325165
19330,7.173947504220668
19331,4.501199498913114
19332,7.379525202729783
19333,7.58385239130144
19334,7.816914064609653
19335,6.951912961835798
19336,7.579576523760997
19337,6.725555733802002
19338,5.109575347953999
19339,8.089814144680139
19340,6.070359962105824
19341,4.118850177769729
19342,3.5022720467077213
19343,6.041639457775001
19344,6.276177106394186
19345,2.8820045772613643
19346,5.721637502092337
19347,4.6527321629360445
19348,2.8114115169463827
19349,6.68962011176968
19350,5.5072642863482315
19351,3.2493935944934202
19352,8.904487674057119
19353,2.1948168081299504
19354,6.398619189123733
19355,6.654622281835549
19356,7.970273695937162
19357,7.610432725205454
19358,6.564259491406056
19359,6.828285203592372
19360,7.851878893066903
19361,6.565374147800201
19362,3.663026862011481
19363,6.076612692357206
19364,6.168528099014713
19365,7.3036816751139915
19366,4.710326139365495
19367,7.526936271322418
19368,7.934994577906221
19369,8.706278590841064
19370,5.173824505343696
19371,6.284412058316833
19372,5.936748127212376
19373,7.149731279190716
19374,8.209043204797995
19375,6.3176861124525745
19376,4.971077479125298
19377,4.157564584669051
19378,6.955458258650927
19379,5.519940221266802
19380,6.466247952998055
19381,8.622838236510175
19382,7.618759003938221
19383,7.028595231781952
19384,5.924038722913136
19385,2.605495825110224
19386,5.84830511772593
19387,9.298983727729697
19388,5.896791227530668
19389,8.537002279518719
19390,5.158956206374175
19391,6.783074766729772
19392,3.9123843988772116
19393,4.211277911499952
19394,6.641455693690494
19395,4.699766386146361
19396,1.050673709985479
19397,4.121270964981382
19398,7.785613555385514
19399,4.5198876583695915
19400,5.389806446775579
19401,5.844838220943983
19402,8.585970401644218
19403,5.187547509347211
19404,8.307690428850508
19405,4.475963539543797
19406,4.48926151765752
19407,6.468971756904318
19408,2.494925985918748
19409,7.015605474910918
19410,5.850136244032546
19411,7.269100706126128
19412,6.303682730034731
19413,7.782794894953686
19414,3.503360321605978
19415,7.534345881322898
19416,6.27749693053231
19417,5.22132325908718
19418,1.584445809521839
19419,7.71663321965024
19420,6.1340180351239635
19421,5.716410431416602
19422,4.761749374563895
19423,7.507556257175691
19424,8.255657651641648
19425,6.817669546708023
19426,6.99175608474607
19427,6.090608888843984
19428,6.4697337394352035
19429,6.685330783234944
19430,5.508987587269163
19431,5.8794118822141135
19432,5.953523661173473
19433,4.644868204230915
19434,8.776493758455883
19435,5.241825549725131
19436,7.947319089555458
19437,5.341914605107738
19438,3.030581370698587
19439,4.457303998957178
19440,5.650364547680546
19441,6.199358886818818
19442,8.10613905252729
19443,5.773028654884208
19444,6.945315459728494
19445,5.6334407531104596
19446,8.593095983859051
19447,8.430640774860045
19448,6.57644623980141
19449,9.227085388768552
19450,7.639230680354669
19451,7.930692242397616
19452,5.618362025827122
19453,6.178213286359704
19454,3.9622930482696495
19455,5.267807146847698
19456,4.62078612840214
19457,3.969998045077707
19458,4.123147223481886
19459,6.071563155760901
19460,6.036858488900217
19461,4.611179242882882
19462,5.781037571305059
19463,0.7168303612679078
19464,6.633917391103044
19465,6.995525435391522
19466,6.6935496512782455
19467,4.018850130925897
19468,5.386099777637164
19469,2.236931942295416
19470,4.821782242462408
19471,9.040632596116039
19472,3.8194906491815566
19473,7.146231530574785
19474,8.705260762495042
19475,4.4782054789516
19476,5.885139438110787
19477,8.15644028979342
19478,3.5873521125271637
19479,6.690177239153374
19480,5.8668011650525305
19481,5.8455993018277645
19482,6.544457239579231
19483,0.19404119641518935
19484,7.486505511815379
19485,8.191119097699058
19486,6.366967633151325
19487,5.695959327835883
19488,8.106901562626259
19489,5.967113480630309
19490,2.031006512113246
19491,8.104754199299602
19492,7.806804348069759
19493,7.668364427219002
19494,6.8115370379907105
19495,8.860432974341451
19496,7.027905505412996
19497,5.319577067804727
19498,7.878604705400924
19499,6.009325152084018
19500,3.629424780838436
19501,6.116007398587023
19502,8.864297656166594
19503,6.974627247999113
19504,5.551053247975362
19505,7.294833771104105
19506,6.03110877439906
19507,6.6938534564418335
19508,6.146181906942259
19509,4.217017735113635
19510,8.619416830430541
19511,3.6702290044205235
19512,7.761389814159041
19513,8.461385322812538
19514,8.62381277982431
19515,5.929836864459335
19516,3.177902815063031
19517,8.504891939744962
19518,2.4054837522525796
19519,6.823575854361152
19520,6.6452958567368
19521,3.7111804096739758
19522,7.784084377597672
19523,4.022859004530997
19524,6.425899873335853
19525,5.690851859179319
19526,7.770410815222767
19527,8.500130122328525
19528,8.402715992261076
19529,6.197720310595789
19530,3.3035209024314107
19531,5.227328227287426
19532,6.983863254263436
19533,6.9357926554569636
19534,9.089714701359561
19535,7.376318437133118
19536,5.812200372178274
19537,8.181497272791203
19538,7.840989527451673
19539,7.074258925684548
19540,4.8187296976057965
19541,7.0644370612308345
19542,5.036810652324757
19543,2.0630652813082357
19544,9.986057938674273
19545,8.901031065313594
19546,3.7932056285576707
19547,6.811105036205766
19548,5.571851529220229
19549,4.917159003661637
19550,8.517229995602634
19551,6.605455135813702
19552,6.175957812093226
19553,6.104002802140375
19554,6.335007469804252
19555,6.093181978430101
19556,5.184925182191479
19557,3.895829086547851
19558,5.196742533384002
19559,9.453573973064616
19560,8.35169967945855
19561,8.26994195535572
19562,8.227492938583765
19563,8.01341095234225
19564,4.07764719461498
19565,7.498870067386407
19566,8.486781932723058
19567,8.04043220607287
19568,7.828086725179085
19569,3.500367378712331
19570,5.934006748031611
19571,6.1152913502074355
19572,6.799006828684484
19573,7.168340952148769
19574,7.782914493688701
19575,4.805388018480407
19576,6.96180349849782
19577,3.6567322659333352
19578,7.934492311974299
19579,8.073927208963791
19580,7.812008345418019
19581,6.4880243033326295
19582,3.508154824792887
19583,5.325047952348846
19584,3.2850298280586667
19585,8.735948116981644
19586,4.202494134202773
19587,9.50177168037356
19588,9.650379847918177
19589,1.7505524641526502
19590,1.8118647971423765
19591,6.3458003664933305
19592,3.755773372790615
19593,4.251048760301049
19594,6.12204219897401
19595,7.85541126037066
19596,5.312435989135013
19597,4.478907565910987
19598,8.14768841948673
19599,6.379122311662069
19600,4.817696718881417
19601,5.676172294576656
19602,3.7791391051357865
19603,1.8428643031911203
19604,7.2891420045843764
19605,8.416553446148642
19606,10.0
19607,9.069112959774795
19608,7.784600462706001
19609,3.5543905496422052
19610,7.238185659138223
19611,6.144392948566026
19612,6.796500020732428
19613,4.271433695830997
19614,3.6175308734054163
19615,6.419179395424145
19616,5.49830849169153
19617,4.578632514662951
19618,5.886035357927136
19619,4.2261531199264235
19620,6.909356959248507
19621,6.013387418382733
19622,4.408422436909783
19623,7.988424028854754
19624,5.248229809675153
19625,6.009044029537715
19626,4.646923098418563
19627,4.670370609571722
19628,6.724089796046762
19629,5.024616457987807
19630,6.201842482697681
19631,6.155132127114744
19632,5.622482700651578
19633,3.7564553169123567
19634,6.39702310741063
19635,4.067787203025998
19636,6.290251976478515
19637,5.359157061213274
19638,4.868211032635601
19639,5.991767486790815
19640,9.373448479476654
19641,5.518559220022994
19642,6.894948104604613
19643,4.425955801271414
19644,1.7430167857717767
19645,5.596029124619743
19646,7.345539226444882
19647,3.1685314020922117
19648,6.278136008963778
19649,5.536782841478494
19650,7.147177978322009
19651,4.295453047828737
19652,4.422156416362701
19653,5.572659579910441
19654,5.80481788053196
19655,4.788642390197904
19656,8.760799895638483
19657,8.566908144792327
19658,4.182687102364607
19659,6.943032196460691
19660,3.0688420658838087
19661,5.302253746044657
19662,6.367875577509062
19663,4.763969111149827
19664,8.059165916575747
19665,6.772545774928179
19666,6.67254616749854
19667,5.536266854022355
19668,7.788120169113115
19669,3.7216553386952236
19670,3.8683860647143264
19671,6.831131167632219
19672,6.47394729759586
19673,4.843838741915836
19674,7.869157270263358
19675,8.79649300708834
19676,8.031291064731594
19677,9.181666096161733
19678,4.652816972493235
19679,6.949834634956064
19680,7.320220311390894
19681,9.4101145279939
19682,5.285297891963931
19683,2.7007361753167984
19684,4.4585877124798134
19685,6.680858436337309
19686,5.447380496301245
19687,7.039231432947193
19688,7.147012325560961
19689,8.647955136005557
19690,2.2806517195787728
19691,4.661038309548545
19692,9.36441530576236
19693,8.493712519612671
19694,6.633715553740323
19695,1.6014436025951881
19696,6.732028897510414
19697,5.520864418774649
19698,5.4976835471367105
19699,3.102914189652409
19700,7.467972548468229
19701,8.589733016776163
19702,5.517551534171799
19703,8.46474511683114
19704,7.893687649110422
19705,6.67823379709434
19706,6.829308653744974
19707,4.6176807144649015
19708,4.561663055492779
19709,4.32109727115662
19710,9.522599001892734
19711,5.158379302919446
19712,9.045566536936189
19713,7.484344761245926
19714,4.637445997571512
19715,7.023648814697431
19716,8.202159491030638
19717,6.780990070507466
19718,4.024431486526918
19719,3.72454188649777
19720,4.787983488230096
19721,5.441692694383979
19722,7.947601405148802
19723,7.5887050297306295
19724,4.989985035167973
19725,8.075075538892483
19726,4.6864573939451954
19727,4.335910597345359
19728,0.6230613219739165
19729,5.522821605660385
19730,7.930760820151041
19731,5.3858304794149445
19732,5.202346898771455
19733,4.509370483324434
19734,7.219886082263744
19735,7.896733841629926
19736,3.6274570948321037
19737,4.746627286081197
19738,3.236076254246203
19739,5.059942530465476
19740,7.03695528604795
19741,5.713587750708378
19742,4.623409763336484
19743,5.886121483388102
19744,5.955325436078308
19745,1.0474981591831298
19746,3.2243710249713535
19747,8.353472009318548
19748,1.9926183417816135
19749,4.7608748121441335
19750,1.9610178039377233
19751,8.122473067382197
19752,4.240992606913573
19753,7.483705178524778
19754,5.612735226442051
19755,5.845656119048484
19756,7.404180689343407
19757,3.692591152488087
19758,4.182230244733613
19759,6.313445886934289
19760,7.134298959018581
19761,6.317564178591626
19762,6.215373271196358
19763,5.857540261468344
19764,4.873645718003316
19765,7.076787102314387
19766,6.934923305940681
19767,7.59933832203289
19768,6.3464485401255155
19769,7.182435255606938
19770,5.812826877073342
19771,4.1681008227469105
19772,3.4220549230068116
19773,5.426369758103836
19774,4.266330816978319
19775,3.2882377709175064
19776,9.045582723719285
19777,4.8469882853418955
19778,5.667642756975615
19779,7.43830745471175
19780,3.929256685493258
19781,5.470252065986749
19782,7.219059655314499
19783,4.278626981470472
19784,7.782906705755468
19785,4.650303108390049
19786,5.545459688519032
19787,6.514085476376616
19788,6.683968960685025
19789,6.8193284284104765
19790,7.199645065325687
19791,7.924379554740477
19792,5.816575974754836
19793,3.704027979297295
19794,7.482229561848553
19795,7.269852220502794
19796,2.756143159223461
19797,4.8602703102691045
19798,7.347298710155529
19799,3.327827832708821
19800,4.489510040022425
19801,5.485613071582791
19802,7.924030509161034
19803,7.333533987582933
19804,5.6374360044590315
19805,7.103469787293138
19806,9.476346162793297
19807,8.468566155127219
19808,7.904683324808521
19809,6.057187620444404
19810,3.781911864268304
19811,4.546055058575391
19812,5.0779156783793935
19813,6.500905096381546
19814,4.22800746457497
19815,7.7094922279957805
19816,3.321732656636789
19817,7.406900350544802
19818,8.45273331670116
19819,6.215069705783891
19820,5.217175009040671
19821,5.5217038467293325
19822,6.402183680857954
19823,7.448479171186869
19824,9.14758653749323
19825,8.372364351572767
19826,8.40988076451513
19827,4.087756397908828
19828,8.351497342744185
19829,2.4390064971021
19830,2.72109232267449
19831,5.593351498894144
19832,3.9759335545250822
19833,5.6417440184547365
19834,3.950225981811474
19835,8.556220924227501
19836,7.02467126854826
19837,3.1777137485256595
19838,4.060585993364089
19839,8.997726137217365
19840,6.841102973557017
19841,4.1156829356607885
19842,7.669916044674128
19843,6.191609518255259
19844,5.8140072306903114
19845,6.954431689709252
19846,8.276876050859766
19847,9.10685569289751
19848,7.733920266266
19849,6.190132411929683
19850,4.2935225878263035
19851,6.197929072096684
19852,4.995473303566759
19853,8.068080672563996
19854,6.010324438010113
19855,8.264887050044734
19856,8.863224743834342
19857,3.0975446998505114
19858,5.454416631365715
19859,3.402047552273181
19860,7.786502157053697
19861,2.6154084754628055
19862,5.72899099972798
19863,7.166210039350482
19864,6.244025953160365
19865,9.575789492004125
19866,7.784181020878233
19867,3.5833156290022616
19868,4.366942597912895
19869,6.318231077189399
19870,7.798839593148076
19871,5.745843562276842
19872,5.851710720389983
19873,4.419297317047537
19874,3.4152804076567467
19875,4.9991878321512715
19876,4.916840123618349
19877,8.243530150340979
19878,8.566025920457326
19879,4.990268497914896
19880,7.1488764951220505
19881,7.388564879391541
19882,7.211013106407443
19883,6.169847085375796
19884,6.432811433068492
19885,5.8966448615154246
19886,6.0524580626575775
19887,6.072291653619642
19888,6.39907986213435
19889,4.2555922225002645
19890,5.7810290418637225
19891,4.016476664444883
19892,2.1371170436627844
19893,5.499839021732753
19894,7.833660009770479
19895,7.4304969703964225
19896,5.160937816136101
19897,3.5911550117091733
19898,5.251056422133527
19899,4.896317691159668
19900,6.548885291443628
19901,6.220871276979875
19902,7.788509756390544
19903,8.421906957392505
19904,4.391277833433237
19905,10.0
19906,7.324340781436626
19907,9.0481308299943
19908,5.2878126196328035
19909,6.197902662277823
19910,5.948405070989565
19911,5.868660386479899
19912,6.453681776248526
19913,8.062097923387604
19914,4.342523700475406
19915,6.5599002301844616
19916,6.590681405233192
19917,5.573899478057304
19918,4.424949293679252
19919,8.28588051153428
19920,7.809296337147091
19921,7.754581842621414
19922,6.697902641777871
19923,7.336045511537987
19924,7.257036564630258
19925,6.614202925658507
19926,4.170078170345974
19927,7.021224028845616
19928,6.991528140122265
19929,5.394025910214992
19930,7.9671001126312735
19931,4.508461717647177
19932,6.730763093884217
19933,8.31156708762542
19934,7.803527800903761
19935,4.900276295556173
19936,8.405215744349048
19937,8.04878505632702
19938,2.901202344702676
19939,8.062051336496356
19940,7.598736369710553
19941,8.914289266458155
19942,4.92278344029721
19943,6.803930346305974
19944,5.813142884919941
19945,3.6209639285334974
19946,4.043814306025742
19947,1.6318887010446368
19948,3.3891558767590286
19949,5.46076148844953
19950,8.748912260808984
19951,3.8302826462827255
19952,4.422989485975563
19953,5.661458688850082
19954,2.044630558184196
19955,6.032894846991424
19956,6.857891635836376
19957,8.474742804425754
19958,7.993191645057718
19959,8.608851771845739
19960,5.94293763981793
19961,4.220362775600589
19962,4.736587555151124
19963,6.401841286314997
19964,3.4358830144015493
19965,5.477378570837343
19966,2.3421005818288605
19967,8.777676707480396
19968,4.749709837366284
19969,6.929768880505743
19970,7.446388997490346
19971,5.267177795158721
19972,6.3326675779338695
19973,5.480400388740481
19974,5.525431965694253
19975,2.1094590681775984
19976,5.9279136061086115
19977,3.2365534133678953
19978,3.8285214200350954
19979,6.890586271239635
19980,2.93059322716674
19981,5.656101836048226
19982,7.165058618317956
19983,6.533253215178528
19984,3.9906448035402136
19985,5.010458211399742
19986,7.69385236116559
19987,8.562128035107383
19988,4.927123090727351
19989,5.105899747505875
19990,8.599436840758427
19991,4.370613647966443
19992,6.593741519985721
19993,5.951472009669833
19994,6.067999002315687
19995,8.418092204199501
19996,6.547936777803513
19997,3.4193026863017972
19998,3.9519989367990362
19999,5.427408475167725
20000,6.850587869796915
20001,8.707304157913864
20002,6.215154455939774
20003,3.3743418234679607
20004,3.463854728353676
20005,6.047524192037759
20006,4.448520443617209
20007,5.3223747515648725
20008,8.37851786578838
20009,5.538763211502682
20010,6.630624070346707
20011,5.684133836025848
20012,2.90724373046047
20013,7.024516980857323
20014,1.7894327885612582
20015,7.739974561977498
20016,4.279492194626223
20017,3.6138307694963103
20018,9.936268806672325
20019,3.7846597194916356
20020,5.334630591676615
20021,5.074379442833965
20022,5.776582116676015
20023,3.3123175760174597
20024,6.391133957988141
20025,3.0984361946439223
20026,3.9878635207332946
20027,8.214155785370531
20028,8.542640877329505
20029,7.010929334754448
20030,2.9512324469852103
20031,7.021346321789961
20032,5.356922805176099
20033,8.687314040884269
20034,7.798633780201926
20035,4.731636346138979
20036,8.117679025513139
20037,6.146311947107028
20038,6.141009622137915
20039,7.809121792892092
20040,7.172038163972984
20041,9.530390232673133
20042,8.384263711247057
20043,4.885017666992029
20044,6.920177850362963
20045,2.6536012536505464
20046,6.014517691147906
20047,4.442735692264013
20048,7.319519938493509
20049,2.968663343044206
20050,3.592131876014414
20051,5.555463672584746
20052,6.614365161297125
20053,7.300527712123639
20054,5.172656567365528
20055,4.1715831161310515
20056,6.516152791968652
20057,5.391671052610459
20058,5.633917662554736
20059,6.7461868743515865
20060,6.139221011884507
20061,4.8227092173878745
20062,5.394797951299173
20063,6.029236380742623
20064,2.062232829002455
20065,5.4171597420830535
20066,5.274996014103918
20067,8.765519069539536
20068,5.514031937913063
20069,4.961401427255378
20070,3.617397964519351
20071,6.741542667103167
20072,6.286967753776072
20073,7.544668936789691
20074,7.7255542134744255
20075,6.742336172401947
20076,3.1028176778761707
20077,3.767489460418481
20078,9.385321699424377
20079,6.235145236958747
20080,7.354419283136161
20081,8.543159591477059
20082,6.286317454329766
20083,4.237715479013374
20084,5.464486249224774
20085,7.2500009071844165
20086,6.948550179990601
20087,6.703368490651269
20088,5.901559506729075
20089,3.66848438262328
20090,2.776194211335745
20091,6.366698358023523
20092,8.008449972523836
20093,7.327715584542329
20094,9.529093257858227
20095,7.8292880843658015
20096,8.143834908605529
20097,4.856928309338034
20098,7.81883563244978
20099,4.041091804016138
20100,5.049059820666313
20101,4.789947928107542
20102,4.092781907914694
20103,4.1052619448549015
20104,5.72772374568379
20105,7.67137116322415
20106,3.8091247970871684
20107,5.102365762599893
20108,5.785512462597841
20109,4.080732891121742
20110,3.629257155720633
20111,8.314943203566418
20112,3.6679401858732805
20113,9.659095836364903
20114,4.156307699473333
20115,4.8508113125602765
20116,5.244625963262725
20117,4.709212939147997
20118,2.8992925947067314
20119,5.403145032653829
20120,6.861964564070976
20121,6.587742214686748
20122,6.932145103374779
20123,3.489761412152332
20124,2.7215504461353
20125,6.881646777271281
20126,7.328911625756339
20127,3.3885980515669933
20128,6.823833566242088
20129,7.940180563609293
20130,3.8492099483609232
20131,5.818116908865269
20132,6.704025584662663
20133,6.328756115997212
20134,5.6307883445100355
20135,8.956877850695111
20136,5.5325487748039945
20137,5.2541333340327006
20138,3.7307245681808694
20139,9.354170492052882
20140,2.223829248161357
20141,4.15999823002443
20142,5.940578289007788
20143,9.40989836393449
20144,5.601670809607306
20145,8.174520637682708
20146,8.632166024715788
20147,5.003860199545617
20148,4.955366476706149
20149,6.075862192190092
20150,6.297351530106965
20151,1.6603145882363861
20152,6.006313344311796
20153,5.193762424159007
20154,6.923220591358096
20155,7.064218314613697
20156,3.183082716547857
20157,2.713316093680296
20158,6.1391022455478454
20159,6.224624413326767
20160,2.571091188813608
20161,4.730874739494496
20162,6.453885126528728
20163,4.706894554431452
20164,8.400614680874526
20165,9.492239913909657
20166,2.165342155799937
20167,3.695646449841717
20168,6.974912864227907
20169,7.74454422462538
20170,5.611925638941239
20171,4.644905797973085
20172,4.3958901341617285
20173,4.720362604637122
20174,3.463233300941421
20175,4.990975179278072
20176,7.864459616310871
20177,8.745232849912524
20178,1.934623784997665
20179,7.862215020765059
20180,6.033581572937204
20181,8.552470812126751
20182,5.754423412755207
20183,8.750127329261247
20184,7.041359178413319
20185,6.338314978504498
20186,6.588701977589321
20187,6.392646328385345
20188,5.843843326681592
20189,2.851897406906879
20190,4.117389557978643
20191,5.675079948688917
20192,8.591896889258463
20193,7.382537995162009
20194,6.571122620208891
20195,6.973494382933405
20196,5.450608677674512
20197,6.537823243628
20198,7.522033514902921
20199,9.022645314445613
20200,4.8306186775354965
20201,8.411142958467877
20202,3.1315009333918673
20203,6.749584806456561
20204,4.653904563401045
20205,7.213836096449723
20206,5.1626992076331275
20207,5.929310569427474
20208,3.334001276051091
20209,7.272296265317784
20210,8.466467652896657
20211,5.907843399578994
20212,4.187948242280017
20213,9.046818703116871
20214,4.466633445234028
20215,2.7353909854899974
20216,7.220597700490351
20217,6.654832304743629
20218,7.109643836068441
20219,6.2057514036968735
20220,4.434201580727493
20221,5.836100133887523
20222,6.80503143178934
20223,6.220718084680772
20224,5.813630281983991
20225,5.397055171580839
20226,5.191371374798383
20227,6.494878323144871
20228,7.955803905359135
20229,7.740338654267027
20230,6.069561751441449
20231,8.091890053285297
20232,7.230186036522719
20233,7.194989642826405
20234,8.76919043476027
20235,5.223770728165086
20236,6.76574277284657
20237,3.7315977395355726
20238,6.718004965504606
20239,4.789744990988104
20240,5.0229414561345695
20241,2.079858535291685
20242,7.1743646246570885
20243,3.7671771632817017
20244,8.213339381977722
20245,6.511668618575549
20246,6.9237724549976685
20247,6.227495947293551
20248,6.077311916919552
20249,2.4412744626159983
20250,5.865668634595153
20251,5.118076072573056
20252,6.69572452181545
20253,6.754653268455748
20254,3.1945755757044827
20255,2.4380192589317247
20256,5.847889927083006
20257,2.5854266263509533
20258,1.7618903789023173
20259,5.295983438818838
20260,7.97718018767393
20261,2.9296105061711
20262,6.096956713100098
20263,6.442410929050182
20264,6.509388051231811
20265,9.208426101487575
20266,3.4431011578538913
20267,7.426142082641016
20268,2.746753275803914
20269,5.053647899116593
20270,5.964206591373531
20271,6.569436472939827
20272,5.524395705202614
20273,3.780366837485604
20274,1.5512499079619186
20275,10.0
20276,6.809994592033822
20277,5.883173721731936
20278,4.454281964750423
20279,9.730800878304278
20280,5.424456968771903
20281,6.871448902906366
20282,6.788227270547501
20283,7.621046569536195
20284,4.016359024318208
20285,7.812399906448498
20286,5.931068550513432
20287,6.19938320283
20288,3.848448201329913
20289,5.408709437226876
20290,6.178483817995192
20291,5.268005205770772
20292,6.199268737641898
20293,7.634698125622762
20294,4.377269630757647
20295,6.785555438360399
20296,7.25941988668781
20297,3.093806019558067
20298,6.4339141730054665
20299,4.571672407589754
20300,6.061794909041951
20301,5.028571284849552
20302,6.627146128369497
20303,2.3077256696817274
20304,5.604532002355553
20305,8.664225104297605
20306,4.748666002814714
20307,8.613987617321728
20308,4.392608318814386
20309,6.191407705139746
20310,5.664836049851601
20311,4.7363652750507
20312,7.2177187580130555
20313,8.258017931790162
20314,6.082374586384324
20315,6.791064471358495
20316,4.003789550708203
20317,7.419913810419253
20318,4.966593350650336
20319,6.973097014149144
20320,5.732262525952282
20321,6.334163243256771
20322,7.948377069525099
20323,7.832713104029955
20324,5.062370502435914
20325,4.936824252019679
20326,4.676920758042534
20327,7.577767589102365
20328,4.3182041074256095
20329,6.809731525874258
20330,4.3357720533056785
20331,5.915462166799004
20332,7.256843035477052
20333,9.67831656185846
20334,6.889902859372303
20335,6.287352459987871
20336,7.323337786800753
20337,4.040478637393692
20338,3.453177195980411
20339,4.88584412342596
20340,4.725587397887198
20341,7.262401441969143
20342,5.941538088192682
20343,8.075118526226776
20344,6.0407278383542256
20345,7.379637239555136
20346,7.308937619311089
20347,4.514706802691647
20348,2.044442405245087
20349,6.05309898119075
20350,7.054558899889094
20351,6.931133659324127
20352,8.173919215575705
20353,6.5070457744224806
20354,5.671800026592197
20355,8.181793362398171
20356,6.550054167487424
20357,4.362237858557597
20358,6.503293599753828
20359,8.480208250675522
20360,6.4978225603650746
20361,4.542650598062214
20362,3.4796846451891574
20363,2.712288331690012
20364,5.848144531006172
20365,7.540298905431509
20366,8.177367336533932
20367,5.745517630316266
20368,5.361727987072718
20369,9.165976769754682
20370,4.467195241710557
20371,5.842085482955204
20372,7.244563389220455
20373,7.133707676353579
20374,1.6842836034017858
20375,5.248091459311577
20376,3.6472937634869274
20377,4.571798346995258
20378,7.575478557410123
20379,4.423789740341979
20380,1.4829048309354118
20381,6.6729543615845595
20382,7.207732761592929
20383,8.916472914168242
20384,7.8343128973436595
20385,5.324523612712335
20386,3.7153086383585583
20387,4.802223426951029
20388,4.0701902307336315
20389,4.276101058004253
20390,4.754364672461838
20391,5.675308263998381
20392,6.924908296353371
20393,8.73969331776132
20394,8.047179415802805
20395,6.847387162618572
20396,8.178546226854252
20397,3.563180186818031
20398,3.5914196665661797
20399,7.824384271234159
20400,5.3594866647718264
20401,7.439358352378512
20402,7.624720390238766
20403,6.513982346225372
20404,8.8525885846342
20405,3.2582377332056423
20406,6.697768746000788
20407,7.095811132652305
20408,5.999087348971991
20409,6.041469750321167
20410,4.882695468808703
20411,5.456720037214281
20412,6.7846393439824055
20413,4.311831103311105
20414,5.256251178460219
20415,6.549710403063414
20416,7.824223160468621
20417,7.024532943889327
20418,4.288603209976406
20419,6.415287619242097
20420,5.74726205533577
20421,3.66412135299939
20422,8.15263723818317
20423,8.058532108716964
20424,7.298127623116045
20425,7.695383347515128
20426,5.238360653919964
20427,5.348400925559025
20428,8.789823274170182
20429,3.8766257848584624
20430,4.601395864088866
20431,6.235595605727042
20432,6.479489736108012
20433,7.18545415148683
20434,4.671059461144885
20435,4.9139940511962
20436,5.176475680169732
20437,4.766423101361315
20438,8.261797670511486
20439,9.326949551573254
20440,5.247795173556399
20441,6.890021731579308
20442,3.968080807597584
20443,7.927365048614898
20444,6.17237610717134
20445,6.790788611781318
20446,7.419591315377277
20447,4.491335209189756
20448,3.359294638232922
20449,6.5885203099825524
20450,4.78601093849047
20451,6.4145728154166095
20452,7.521351976202336
20453,3.0132748410699426
20454,8.84995056659247
20455,4.470620223580051
20456,5.719112486785694
20457,3.0951861045942004
20458,9.111639022752097
20459,8.9735028160431
20460,4.733339248344507
20461,1.4930952178527233
20462,7.125775569239737
20463,6.531001757122078
20464,3.0087816648231756
20465,2.741930377270773
20466,9.342691631581543
20467,6.1376337039155295
20468,5.368424521265341
20469,6.191222079973851
20470,3.77314435946753
20471,1.1042450542507476
20472,5.4418232205802335
20473,4.825514046080966
20474,6.884715892511673
20475,3.777847892742036
20476,6.260299164371617
20477,6.089749812248755
20478,2.4444710127558085
20479,3.5594742852124113
20480,4.074931941759685
20481,9.078460063879117
20482,6.6048345546799485
20483,4.956134317058606
20484,2.229756152151332
20485,7.515536084682767
20486,7.3402034717190565
20487,4.83692534143799
20488,3.1460890207155305
20489,6.765280945335081
20490,4.257755877425136
20491,3.833026878204958
20492,3.6463267686968215
20493,9.773918908499198
20494,7.719173995200249
20495,3.081631797654289
20496,3.926244565230445
20497,7.9194554637187355
20498,2.2107606869767236
20499,8.5276312570882
20500,6.1648109661465105
20501,8.355703593154916
20502,3.967129591913971
20503,5.94357345467758
20504,5.710515241080348
20505,5.752601157282689
20506,3.717459539838642
20507,7.758997625654249
20508,8.30581073389528
20509,6.375703377636173
20510,7.705554935694622
20511,7.416204697210794
20512,3.027079404411676
20513,9.368055045295659
20514,1.5478313814540383
20515,4.363888990568931
20516,2.0076535913684386
20517,5.068190232598727
20518,3.8527307351581817
20519,5.686047723335199
20520,3.3274384464539124
20521,6.830628394942927
20522,5.5734279217960765
20523,3.9669947010679008
20524,7.553407547327563
20525,6.447361466113565
20526,5.245698807788267
20527,5.5285717183518654
20528,7.877884935195818
20529,5.180986472209916
20530,7.382095751965037
20531,6.141894801905462
20532,3.3278304696700354
20533,5.938152577973211
20534,9.293549330350269
20535,7.562225997306233
20536,5.791193927108561
20537,9.214752192008666
20538,7.197190517187729
20539,5.312311929336026
20540,5.159559951833647
20541,6.218110387954381
20542,7.956051227744989
20543,6.32990897128468
20544,7.060360228590624
20545,4.8384527886330435
20546,5.584472510414541
20547,4.325458754733332
20548,6.077957577089487
20549,7.010456476658275
20550,2.546387718818115
20551,8.368612744344052
20552,8.329509744254896
20553,4.912181318067243
20554,7.511963855026063
20555,9.3065047119423
20556,8.294766611205096
20557,7.354691574565788
20558,8.546364264613075
20559,7.45547297202704
20560,9.98088496540602
20561,2.845651795396185
20562,8.240480237958511
20563,8.63752582444892
20564,4.395751285032729
20565,9.097064900514143
20566,8.026681768607615
20567,5.375542988337297
20568,5.2309484806209205
20569,8.984783761795295
20570,2.6114648512341416
20571,5.966091646212807
20572,7.2158339168968455
20573,8.04640118737531
20574,4.0020733809366735
20575,6.7049634756467675
20576,8.914272390983045
20577,9.192027370951925
20578,6.008333751066405
20579,6.78398077010402
20580,4.765233117466005
20581,6.242687640054095
20582,9.387804682133211
20583,6.721377852139224
20584,7.017782367602089
20585,7.845810497884406
20586,4.010551129910141
20587,5.392029965966323
20588,7.416423244364867
20589,4.299839161996678
20590,4.239450524339142
20591,4.736760139807061
20592,8.66094178877601
20593,5.994206079325163
20594,6.385710141671317
20595,7.770764408432566
20596,5.145394634731578
20597,1.6916468425853222
20598,5.7637018956868085
20599,6.534014428619799
20600,2.152965880818925
20601,4.201875317080834
20602,2.552675030228257
20603,5.324478195468354
20604,5.651299218045965
20605,6.917246504529348
20606,5.603907349701551
20607,4.317656206849606
20608,3.8364482946726
20609,9.036432269652824
20610,6.617330518893333
20611,9.55932881757092
20612,5.67093512262798
20613,2.837522926503866
20614,8.790980069474005
20615,6.483971297669496
20616,2.0965292854107536
20617,5.44129959001171
20618,9.687742830500865
20619,9.374305419848707
20620,6.5900334829288045
20621,6.437031302208963
20622,3.6305526541018702
20623,7.300270566115835
20624,7.347924077662365
20625,4.7008827966255105
20626,7.12152215310972
20627,9.2838047283485
20628,7.436116506586126
20629,9.53417352834065
20630,8.1616827582108
20631,4.670433908132927
20632,4.568560542010242
20633,7.143698346770878
20634,6.597018832232566
20635,6.022300661760222
20636,5.648875843772697
20637,6.832214621150809
20638,5.527454013107193
20639,3.6700060399257306
20640,6.197708419909077
20641,6.68916222833028
20642,7.66186326752989
20643,4.0817229636256345
20644,5.065485132382678
20645,4.323986698329667
20646,6.563294582034671
20647,2.643237313274666
20648,3.789578639759575
20649,5.150669700013859
20650,6.097893609765982
20651,6.713800161592367
20652,7.485672523247562
20653,3.4238438822528807
20654,2.501939842386512
20655,5.849260753045333
20656,7.501718998561176
20657,9.360675445538561
20658,8.30730955276675
20659,3.6701863517227284
20660,8.168925474390097
20661,8.199795953934531
20662,2.3451008988369892
20663,8.984665547246976
20664,5.7266648915497615
20665,5.795847275774145
20666,5.261816958560081
20667,3.13984787840741
20668,6.888230688212901
20669,6.640026847608773
20670,8.056846332394505
20671,5.023809360335799
20672,6.897498230851819
20673,6.153839833100184
20674,8.0176088033514
20675,4.412279166734419
20676,7.50868759140821
20677,7.989893426771431
20678,7.710588670817873
20679,2.611835670669936
20680,8.422775092259783
20681,3.6137513001471433
20682,5.607833361232333
20683,6.952633091443598
20684,4.381960820675141
20685,7.0463013529104135
20686,7.592653697849796
20687,5.870168702439224
20688,7.488235811069994
20689,2.1654236394729853
20690,7.449103930849631
20691,6.723250663520211
20692,7.224563369191652
20693,6.7302862296419725
20694,6.879107442073416
20695,6.137708725755336
20696,4.7317500198212885
20697,5.358344103074009
20698,5.2913528322516195
20699,9.492079112792656
20700,2.580635939273783
20701,6.759779650449819
20702,7.878860161111321
20703,8.014034111494395
20704,7.140098734957146
20705,7.880648898348959
20706,6.421198099931333
20707,1.4266953820429378
20708,3.6240596959518423
20709,6.711806145501084
20710,8.272026847037434
20711,5.014457414631552
20712,5.355987867216077
20713,8.972424359934298
20714,8.481392025787613
20715,7.442707168318684
20716,6.033418321631953
20717,3.6249528806331726
20718,8.657230321897316
20719,5.588054242344247
20720,7.214962735109591
20721,8.967200238669054
20722,3.1259563793054244
20723,8.737830605055324
20724,5.57084175297236
20725,3.088115932475706
20726,5.6130000394418795
20727,3.2730281719260614
20728,5.702185373295255
20729,5.448862657486222
20730,5.375083925921812
20731,2.418546180086668
20732,3.6081525532300365
20733,8.327360923037762
20734,8.734822338326712
20735,5.249897606455178
20736,4.242928519868153
20737,6.376115233255359
20738,5.172772660107177
20739,4.454458415978325
20740,4.523712810897483
20741,6.655037128505308
20742,6.060105040480222
20743,8.340545058592955
20744,5.447873142561689
20745,7.396435773766662
20746,4.114270267585681
20747,4.486225914325714
20748,7.703070199057698
20749,2.1603175450391983
20750,7.096285346011681
20751,3.9756458027793102
20752,4.723678982531514
20753,8.67453434737231
20754,2.5277266497875055
20755,3.221643071519914
20756,6.492348077749968
20757,8.32390884384406
20758,6.768068494624411
20759,6.659757599198046
20760,5.984839805019409
20761,6.28893919073035
20762,4.000457534500547
20763,6.255071795325276
20764,4.730385790161913
20765,9.650151509291698
20766,5.270389985532644
20767,6.04587633184259
20768,2.9354875316739566
20769,8.61023208496881
20770,4.344484548903672
20771,5.499307701364774
20772,5.305018243433367
20773,7.916942640393874
20774,7.718793610746413
20775,5.2215459176306975
20776,8.746987164739371
20777,4.464481895807924
20778,9.371769109314616
20779,5.223342448546274
20780,7.336255597330778
20781,8.292305921188648
20782,6.786560403615551
20783,5.5431872534049305
20784,7.487086245934104
20785,5.970799199923022
20786,5.041004158694041
20787,2.635603778527213
20788,6.743990932610365
20789,1.6490291141403621
20790,6.00843920549694
20791,6.603819659400114
20792,7.453086140532421
20793,8.106024663179735
20794,7.63102015542238
20795,4.986011769278854
20796,7.213812698630874
20797,5.700706175493304
20798,4.399694807309655
20799,7.170273918722265
20800,5.217933378274673
20801,6.422709783912516
20802,6.360851205353865
20803,4.152748421932582
20804,5.812628184336571
20805,5.598837850291664
20806,5.883254429042204
20807,5.190017335290142
20808,9.529338940352439
20809,5.4287717058307114
20810,6.911054394590306
20811,7.40578730946594
20812,9.119690326557029
20813,3.190828353571322
20814,8.519770896050508
20815,7.073209871804311
20816,7.222374015856169
20817,5.739706909461469
20818,7.448761946929008
20819,7.430632963899082
20820,6.492405839010288
20821,8.015054013883255
20822,5.854777726689167
20823,3.712954004761251
20824,6.607958348697686
20825,6.821958309709051
20826,7.905603766699886
20827,8.567643425968749
20828,4.637160500781491
20829,7.821552190731297
20830,6.489049185397229
20831,4.368206372626055
20832,3.104585576529995
20833,3.450155000086586
20834,8.307181618629569
20835,7.328559791582217
20836,8.322844276190361
20837,6.425559780337812
20838,4.712150828413479
20839,4.690009283893432
20840,8.564073555144198
20841,5.833415022687834
20842,8.48907296446471
20843,5.272144486177683
20844,2.406497563376793
20845,5.529581216269474
20846,7.222437167920386
20847,6.492669671177743
20848,6.724049714667164
20849,4.996023865266245
20850,6.686950139711326
20851,4.93699198500835
20852,8.092207712007744
20853,6.128064503235528
20854,5.890203066429127
20855,1.8594057065597775
20856,6.262253633918417
20857,5.814104492169734
20858,4.900689242928327
20859,1.9463812190414729
20860,3.098852324092568
20861,6.8099762785486
20862,6.0626571834524015
20863,5.953084243997744
20864,4.664459725959359
20865,7.400445560085068
20866,8.297890962976211
20867,8.276478333081656
20868,6.351117717670434
20869,6.901377128511753
20870,6.791832418130368
20871,6.166203201560017
20872,9.04267867683928
20873,6.783050924308633
20874,6.472155131681822
20875,4.412306926981285
20876,5.096913292381308
20877,8.278545893535531
20878,6.479330728525089
20879,5.8812981595469775
20880,10.0
20881,6.487079076489698
20882,5.783431514960165
20883,1.58426197286215
20884,5.705862981124697
20885,4.260062612275146
20886,6.581532017710534
20887,5.694026318874772
20888,3.874149418341729
20889,7.720481568316761
20890,5.144509748488858
20891,7.8800289013965354
20892,4.739656543876764
20893,2.857850316145907
20894,8.185570633203199
20895,7.880991733741456
20896,5.737898684633324
20897,4.747893041720468
20898,5.138099010720191
20899,2.838674451232311
20900,5.450721743392384
20901,6.633636569036683
20902,9.391511339706025
20903,8.079442537256735
20904,5.421415880886015
20905,6.0598940639853245
20906,8.648715544103977
20907,3.067140031661323
20908,9.036951585663784
20909,5.194878215856762
20910,5.516040337889551
20911,4.004188015506742
20912,6.470493778836042
20913,2.8850563997978287
20914,5.585727564533396
20915,9.097882646896567
20916,3.0101108052607453
20917,2.555530827115795
20918,6.527217618303741
20919,3.387252993787867
20920,6.81289397490537
20921,7.045770914539743
20922,3.49442081705191
20923,3.9016480257903217
20924,7.823518666646838
20925,5.68164692226056
20926,4.841864331311236
20927,4.14144299230117
20928,6.103091923002222
20929,4.364661895582375
20930,7.007163043421132
20931,6.822096434794212
20932,4.8604784184782055
20933,6.1120826071311685
20934,3.9917795636335796
20935,3.232773896003112
20936,6.940105259529956
20937,8.137177019951764
20938,9.952273018015871
20939,9.16845718612161
20940,10.0
20941,8.491976466162566
20942,5.728533524661548
20943,7.182738678232426
20944,1.6579498088926619
20945,6.74802014682991
20946,7.613417037442863
20947,4.400878162870065
20948,8.147724283667467
20949,7.084389125761984
20950,3.361966851171861
20951,5.311812500039057
20952,8.611580676048295
20953,8.398400043877961
20954,1.268127610844883
20955,3.6572884703072015
20956,5.024494438730194
20957,6.245237535622944
20958,7.664643785930181
20959,5.586387229995108
20960,5.077796348523441
20961,4.216729707260718
20962,6.370998530991098
20963,7.901122107829043
20964,7.301672500135235
20965,2.623675451161575
20966,5.12875292893635
20967,3.52527731199643
20968,2.6491800534494483
20969,5.278820281824496
20970,6.952034718239565
20971,4.203328928103027
20972,6.8343667124418355
20973,6.627889052038986
20974,7.616624134357601
20975,7.893815338567139
20976,6.233844092892718
20977,4.0858574816755056
20978,4.651972902398069
20979,5.515872435783938
20980,5.802527305862087
20981,5.4243983949495
20982,5.717380549941151
20983,7.901022651824762
20984,5.988876216849752
20985,6.839502132347864
20986,7.610174077654027
20987,6.196878297167129
20988,7.10094581381604
20989,9.523732025330537
20990,8.837563767155137
20991,7.191302803836324
20992,5.274365195499818
20993,3.2273049182201614
20994,5.0111011398844765
20995,4.708574186630037
20996,7.027607212910252
20997,6.822936627939061
20998,7.505589614162947
20999,4.531438196875735
21000,3.895290026290252
21001,6.943304167779494
21002,1.98302988866517
21003,6.985911356246148
21004,5.5487261387375675
21005,8.41796337886857
21006,5.15399512383345
21007,6.551825704848038
21008,4.635998020904937
21009,6.051192922189547
21010,6.304890669645574
21011,8.047924021829907
21012,6.586393598831947
21013,6.568207874446958
21014,7.778193637398061
21015,5.57428169197609
21016,6.877560664347986
21017,5.2073327156458085
21018,5.718712912664996
21019,6.073585517385695
21020,5.811488760846401
21021,2.565237660792476
21022,6.918726264967514
21023,3.8501041664238
21024,7.590511032536444
21025,4.904556350610267
21026,4.7037984091258895
21027,5.459396821511766
21028,6.355423632305869
21029,4.073925948939043
21030,2.4285692055037154
21031,3.762115005533182
21032,8.171297970650693
21033,6.491703264178637
21034,3.78478321055784
21035,3.4753954013200388
21036,7.207776616165554
21037,4.4095689470050194
21038,5.9426112943711145
21039,7.522396109423567
21040,8.763795063319332
21041,6.828431040929501
21042,5.031551622129197
21043,4.739363239389774
21044,6.572374942351267
21045,5.675853636053731
21046,7.67294711032155
21047,4.505009326035094
21048,4.390705197691172
21049,3.725495837130376
21050,6.803605722345192
21051,4.857165551720722
21052,5.285826648658607
21053,6.852028102975301
21054,5.054737802550368
21055,8.024644648503175
21056,4.836528563479014
21057,4.284542698600607
21058,5.770462398036174
21059,5.116124847356981
21060,3.9084009330125227
21061,9.138991374663785
21062,3.2036526195570816
21063,3.093920359919647
21064,3.094610343279164
21065,6.207856928981634
21066,6.1155653510691135
21067,8.929557124604345
21068,3.001406816955472
21069,7.002864455920439
21070,2.2997428083233955
21071,2.364338423881869
21072,4.250422232322652
21073,2.3145289935609537
21074,9.392015087507666
21075,6.699515443128781
21076,9.456812360088858
21077,5.9182510647124005
21078,2.08392658325177
21079,9.096049748462022
21080,2.6263414153669236
21081,5.852591166672401
21082,7.931364656088305
21083,6.672840918120038
21084,7.377843986594429
21085,8.694851191689374
21086,8.54647600491778
21087,5.577062084080927
21088,4.1266166396290185
21089,1.967180046249052
21090,3.075079376133836
21091,5.392770807255529
21092,4.926043745196287
21093,6.175693437186181
21094,7.649042015429552
21095,7.9460247277445815
21096,3.972516851739328
21097,4.32021559991292
21098,4.730054939471112
21099,5.233698657595251
21100,5.4308520921434456
21101,5.916824591035005
21102,4.954965702931953
21103,4.580834060805467
21104,4.7139246001714605
21105,2.247642510867336
21106,4.362767430450232
21107,5.733132925381034
21108,4.588496421194398
21109,4.525073587354891
21110,7.913082099560181
21111,5.084949202372919
21112,8.326955970690214
21113,7.172172035376793
21114,4.858507000614399
21115,5.484730568717048
21116,3.0838851163927314
21117,9.077174672050726
21118,6.7601637035093365
21119,6.389488932449986
21120,3.200939221567989
21121,4.13754208287035
21122,5.889918528050391
21123,4.989234316427662
21124,7.443986222249892
21125,5.730829946167553
21126,2.8027441044934616
21127,6.808014342102086
21128,8.00645961990425
21129,8.135929871787077
21130,7.8572759859788235
21131,7.381779460726072
21132,6.020873236383521
21133,6.5751804020414815
21134,6.1932088308839806
21135,3.4440412883986933
21136,8.084247999096872
21137,7.774899422535793
21138,7.1891811637903
21139,4.70805367517308
21140,8.361553179294587
21141,7.489690531296699
21142,3.100373643469389
21143,3.5785980489217186
21144,8.58184349113649
21145,5.699541878548195
21146,7.797426925110495
21147,4.959200340399628
21148,4.995682084834989
21149,6.725088528171469
21150,6.006405744542333
21151,6.261815048527878
21152,5.34983880803329
21153,7.456516026169656
21154,8.262949003519038
21155,2.888689702925122
21156,9.149926634498753
21157,6.250513395310604
21158,8.118372195197884
21159,7.924891490284495
21160,6.715076897694037
21161,5.863685621525638
21162,4.129526715371052
21163,5.036670279925253
21164,7.575834779683716
21165,3.362901585845536
21166,7.1530403073706035
21167,7.479222710372769
21168,5.497255833431055
21169,7.055982256288577
21170,5.167375130337228
21171,8.086313905939269
21172,3.6351656946002224
21173,5.973484594021941
21174,4.831486687187242
21175,8.272594496951514
21176,5.469440611215423
21177,7.070840724941992
21178,6.181055138768359
21179,6.500725009994542
21180,6.148679057239541
21181,5.946624782091049
21182,4.197986955959312
21183,6.646993412285775
21184,4.955037681120049
21185,5.874534362684534
21186,5.990450209510537
21187,3.5517524648371093
21188,7.877768849017285
21189,2.8184467954612353
21190,7.674206451398797
21191,8.058736322918858
21192,5.840038964157056
21193,7.716089075543621
21194,5.719805734932508
21195,7.2100239306244065
21196,7.262179069254794
21197,7.049894820561678
21198,8.611248916333786
21199,2.10249725774828
21200,6.241875662249888
21201,6.595563230633334
21202,9.107601764045839
21203,7.621645248502821
21204,7.554862912229535
21205,7.357076257493068
21206,7.29511006563968
21207,9.135749834064866
21208,5.973336379142941
21209,7.070950722146129
21210,1.1460861238937243
21211,6.576544503285188
21212,8.934534934389765
21213,4.1579252730198
21214,2.916135144730218
21215,7.008949455644634
21216,4.442738994589594
21217,7.043005862976072
21218,5.777541666785082
21219,7.126978595301327
21220,7.789081164344559
21221,9.221212561355035
21222,5.765771523865207
21223,5.76101689156686
21224,3.26005497668096
21225,8.05169336923803
21226,7.1081408438201805
21227,9.02264149879434
21228,8.884015537698685
21229,6.271348633689537
21230,6.193486258452748
21231,6.097832064371049
21232,4.192233528362623
21233,6.3507415983505835
21234,5.008064419024741
21235,7.992790453075674
21236,7.292593262775545
21237,3.479668738827905
21238,5.937578240867745
21239,5.871849150659537
21240,5.0050467947461454
21241,4.146469197272566
21242,9.761846972467563
21243,5.974279931652825
21244,3.014598414914678
21245,6.126644442082609
21246,4.650974000053925
21247,5.937810957301937
21248,6.119332299099291
21249,4.306851323549375
21250,3.917897405676362
21251,6.879930397738434
21252,5.732638662041316
21253,6.130780969035178
21254,7.677550284227459
21255,5.622640363268535
21256,8.224062340270226
21257,6.781620330763734
21258,6.204746179448558
21259,7.9097753100267845
21260,4.757371466547107
21261,1.9262781887640195
21262,4.9200768163828705
21263,7.082018515836799
21264,7.741378654200602
21265,5.4830468055641255
21266,5.643925614806475
21267,3.079587383028631
21268,5.231742179615061
21269,8.121125773628977
21270,5.997955637245097
21271,4.084991913634166
21272,4.180060434224198
21273,7.446749541379745
21274,8.209838458083413
21275,6.137988408941437
21276,5.246598654396609
21277,4.84646536161038
21278,1.6147421812162233
21279,8.604932319192448
21280,5.860609164381462
21281,8.053534856272982
21282,4.315110144714396
21283,8.025589694083047
21284,4.5964233797318395
21285,6.087998631759944
21286,8.600942252636017
21287,4.103566476787557
21288,6.063236087650693
21289,6.90212864926753
21290,8.83697585291963
21291,4.930614257013503
21292,4.778400383591991
21293,4.524542071674648
21294,7.023876162753326
21295,8.044477452750087
21296,8.077360542803033
21297,6.754138215682612
21298,1.3173980628735829
21299,4.875560757917277
21300,3.624109994676521
21301,5.178507139630808
21302,6.015714549679674
21303,6.195911765757472
21304,3.5779494043742064
21305,8.315223879158118
21306,6.132124200033226
21307,4.032273458542377
21308,7.201806590393307
21309,6.590265028933139
21310,6.487074903824141
21311,5.721373612338656
21312,6.417195105174851
21313,7.264017522017617
21314,6.094287403336307
21315,4.65727734538484
21316,8.55244024535405
21317,3.5157947422379117
21318,3.087214012476212
21319,6.564617875837648
21320,4.061628898607031
21321,6.243211666661805
21322,4.271238308548082
21323,2.6087629277911724
21324,7.249622300037767
21325,7.5714432684798805
21326,7.897958663121855
21327,6.063423672140728
21328,8.101207299533115
21329,7.451571188022274
21330,6.540538219736644
21331,7.916042422019107
21332,4.107887676682689
21333,4.0998437558261855
21334,9.230061406991187
21335,7.661981877590086
21336,6.981183525174135
21337,7.483207732379227
21338,4.852136738909234
21339,2.85282126339648
21340,2.4131988738877364
21341,7.423350162489321
21342,4.564185819838988
21343,2.6576662000784883
21344,4.141656600721368
21345,4.596131042885603
21346,4.437487410902062
21347,4.009308571368602
21348,5.250007851352953
21349,5.305566961373666
21350,6.777363736990805
21351,6.238002073577587
21352,7.932766932637485
21353,6.331661424021975
21354,5.634806088436551
21355,4.375587319172703
21356,6.681860921572409
21357,9.280750814925028
21358,6.683489520801914
21359,7.666724962823925
21360,8.5634715004477
21361,6.273473613561049
21362,3.032933710570232
21363,6.183966075501172
21364,0.6457005431523418
21365,7.046124206010061
21366,9.199893553212549
21367,6.532330202233837
21368,5.676541774410436
21369,7.011206105956713
21370,5.374430231057706
21371,7.243957498648967
21372,4.824433613197322
21373,4.928027755167922
21374,3.3143056190785045
21375,4.2732302219750515
21376,6.782702488362815
21377,4.278916281250076
21378,7.013923547047879
21379,7.865301760970217
21380,6.0500401569113755
21381,7.020875204498109
21382,5.484928483034831
21383,5.091462597744239
21384,5.332564541353704
21385,7.287930474561972
21386,2.4929847994871763
21387,3.035815947922
21388,4.946482490636741
21389,6.482771305302986
21390,6.312117288667929
21391,7.166711972670056
21392,4.6905186671398
21393,3.70745745751182
21394,6.297443361411248
21395,7.883924786340669
21396,5.042442866352749
21397,7.796553368081716
21398,5.50194599799822
21399,6.794652485971579
21400,3.216837568273754
21401,7.162690681633767
21402,6.23744358442634
21403,9.149534283153937
21404,2.8391014581214487
21405,7.723717919636859
21406,5.632567358589307
21407,6.151319361135583
21408,4.79848228490439
21409,2.047269133566357
21410,5.861649658778982
21411,8.744966682180449
21412,6.355368132492636
21413,8.944347455853807
21414,6.6965213050652235
21415,5.575118677735372
21416,2.7607886017839456
21417,8.159801739280857
21418,7.556263252241513
21419,9.420642452458898
21420,4.282380904416485
21421,4.451493292115862
21422,4.056975349441403
21423,3.5034788117148055
21424,6.842840771288993
21425,3.6245447438080483
21426,6.93121753271282
21427,5.4049341577584995
21428,5.9863727930078205
21429,3.6389500206074814
21430,7.523530050739861
21431,2.213473464364344
21432,8.230865640399909
21433,7.998660006060992
21434,8.792699407084722
21435,6.148313484864445
21436,8.39923168077903
21437,9.287151363458833
21438,6.542978259669929
21439,6.501270974553813
21440,8.080817355551222
21441,6.189778374738558
21442,4.0592296494813205
21443,4.003575608979097
21444,6.4433585862599925
21445,5.782000941842504
21446,6.1339825074764445
21447,4.688349067836433
21448,7.3101294753542465
21449,5.151830075000542
21450,5.060682357743252
21451,6.151049474141074
21452,8.51377959981228
21453,8.630408824120364
21454,5.301678801823054
21455,6.728337091833198
21456,5.101527303985802
21457,9.303781126458187
21458,5.766065085316679
21459,3.5295940372706904
21460,3.7516047965150485
21461,7.1297649435307635
21462,3.6848152813017028
21463,8.46377646234911
21464,6.739475315895336
21465,7.929299865903788
21466,4.83078669676274
21467,8.887172123705387
21468,5.6417023147844505
21469,3.543998559528436
21470,6.312016162932086
21471,4.426940683691666
21472,6.562858178845777
21473,6.008351343608139
21474,3.7665274347784967
21475,3.2862709416017513
21476,4.797174919149345
21477,4.2558896068960905
21478,5.226987851074403
21479,6.484559435869563
21480,7.0841916677380405
21481,4.205166108284628
21482,7.708095983211789
21483,7.735789993845406
21484,7.013274625378565
21485,6.1496581889498385
21486,3.9644370669558993
21487,7.760463217802949
21488,2.73031381980451
21489,5.922351340811857
21490,7.006834130400053
21491,8.310476147625929
21492,4.607796355704656
21493,5.829764185687306
21494,7.8122429617484315
21495,6.800393224765855
21496,4.6034503555012645
21497,5.451227761149395
21498,7.779986103562477
21499,5.344465007602318
21500,6.052442636900398
21501,5.283674844062679
21502,5.8582544845294064
21503,5.172838001702837
21504,6.945250941156223
21505,4.978318055856904
21506,5.976038514834715
21507,4.793652473745017
21508,8.704545782546544
21509,6.660086769102122
21510,7.619109512367876
21511,6.104731561782784
21512,6.525194746810634
21513,6.07098744523291
21514,9.06839364389459
21515,4.368958433019399
21516,6.96031186293527
21517,5.045129339178315
21518,9.130028859042188
21519,6.0804099689213515
21520,4.983350653966746
21521,3.8385387535365725
21522,7.131602315402526
21523,9.751522350225528
21524,6.986280678682259
21525,6.795884526270074
21526,4.330830810925946
21527,5.743069627819347
21528,7.809596969585402
21529,4.972694548798859
21530,6.394084800675455
21531,4.978182892911279
21532,9.688428506969238
21533,5.078726714196939
21534,4.231771146219192
21535,4.2550493198026835
21536,6.340057200066916
21537,8.63721085625005
21538,1.8093983962349305
21539,4.0143146034352855
21540,3.5874143594315373
21541,6.238005826815987
21542,6.215450466531797
21543,6.38940683183174
21544,8.454703405094055
21545,4.501972295900809
21546,1.9150177308558805
21547,7.006764857920427
21548,7.604299183226066
21549,5.095071700914959
21550,8.989734996994699
21551,6.566615265817795
21552,2.198611847974209
21553,6.510091755270453
21554,3.07673929868738
21555,5.517679078507985
21556,7.078163835898029
21557,6.9778353324843545
21558,4.075561930508535
21559,3.247049468657521
21560,8.892348417409382
21561,7.752008839253444
21562,8.338075884446297
21563,5.014264757956074
21564,3.2787429439621847
21565,6.039380468037399
21566,2.8238511120699332
21567,9.093609158341367
21568,8.21574600359402
21569,8.445402030915176
21570,6.263214620089763
21571,5.136926772163096
21572,8.4636397083611
21573,9.033225256813754
21574,4.175499027093554
21575,3.1949085661469323
21576,8.092453558488174
21577,9.17540157769705
21578,6.926021044521188
21579,6.955770294306053
21580,5.883735427313392
21581,4.411129711931143
21582,4.844040098942579
21583,6.3981442090216705
21584,6.082566687938347
21585,6.1350131676178234
21586,7.1872413205463594
21587,5.517156752366956
21588,3.535641605284312
21589,6.227528228697887
21590,4.631275276150158
21591,5.763919975840601
21592,8.344221344360895
21593,8.338461390228519
21594,2.904222121206739
21595,7.245744299439404
21596,5.716396869405744
21597,5.273371809989803
21598,4.353080800670358
21599,4.007310366531151
21600,7.85043347400875
21601,1.8092862982731857
21602,2.6488336103220145
21603,9.412198108942794
21604,5.263073338774474
21605,7.76009633898613
21606,3.4187115592048083
21607,4.859506458803313
21608,7.469742536782796
21609,4.031849924749429
21610,5.8466616724684854
21611,5.343242868912884
21612,4.152334984824692
21613,8.37145078654894
21614,6.267161139404529
21615,4.557505679382892
21616,6.258171224589777
21617,5.483309872679749
21618,9.098413606404431
21619,9.26415389208256
21620,3.8069251045473607
21621,8.61473340372688
21622,5.757563868145013
21623,7.7046322662718545
21624,9.035814667970252
21625,6.736222033468065
21626,5.038727518236081
21627,6.26723493408362
21628,9.861685824649996
21629,7.3764963801546735
21630,9.288149998120263
21631,3.505377338829558
21632,5.329555751587852
21633,6.060737895761195
21634,2.630938817172761
21635,5.823465967998333
21636,5.440046672309339
21637,5.165485564008569
21638,6.500611151270521
21639,7.753512077796278
21640,9.55594015055037
21641,5.200190491857284
21642,7.860118057414773
21643,9.17790266441517
21644,4.803826070490252
21645,7.443849901388282
21646,4.461263602229818
21647,6.49802246697929
21648,5.773114212280613
21649,8.141324794275361
21650,2.8626257173567082
21651,4.10046169577366
21652,3.905201093102337
21653,4.517811924171299
21654,2.9591813798785904
21655,5.332473632286178
21656,7.890515236431368
21657,7.647059764089693
21658,7.512517195979616
21659,4.021106592497198
21660,7.3533894824876755
21661,2.444464473240592
21662,4.319008432568696
21663,8.203990034598304
21664,3.3658369917325714
21665,4.784389991878342
21666,2.3283921084850605
21667,6.62445922089415
21668,5.982951509912187
21669,9.17604142263091
21670,1.6421819285462458
21671,6.858003368034905
21672,5.311052717549416
21673,5.5662068475969395
21674,4.009246396984884
21675,4.955480159105089
21676,8.061111777941182
21677,3.871799172438765
21678,6.314965808806168
21679,6.487541976479512
21680,5.025582202324847
21681,1.5657881043103
21682,7.376548000082388
21683,6.493145105905162
21684,6.1178267737091065
21685,8.062956778416751
21686,5.468614856556705
21687,5.859644551111431
21688,6.771254296151101
21689,5.741907786258575
21690,8.73812076207517
21691,3.748378962082151
21692,6.2244134783008
21693,3.9939093522370053
21694,7.457592991420137
21695,5.523939285119206
21696,9.727670323500748
21697,5.022698079554957
21698,2.303203546309116
21699,8.267305312427464
21700,5.814210293271884
21701,7.862129043286747
21702,3.6653657970302445
21703,6.163679966806435
21704,4.4830940337071565
21705,8.829341198452148
21706,3.312056313516501
21707,8.695536284623953
21708,5.743713863157865
21709,5.386291945352095
21710,9.147581174694563
21711,5.28092429771775
21712,4.011421550230113
21713,5.543251241420936
21714,4.884402364540229
21715,4.8044513504583035
21716,7.153448960460835
21717,6.736796630551033
21718,2.5716660918656875
21719,7.700203533734185
21720,5.007277146434867
21721,7.239528155964936
21722,9.34999631287195
21723,6.393107200702782
21724,7.653390874900987
21725,5.816830915968063
21726,8.989453265518575
21727,6.987319187600743
21728,5.304684846253578
21729,5.66525310203371
21730,6.25346876450943
21731,6.911456544128739
21732,2.285146321248808
21733,4.670395555790073
21734,3.631557640230738
21735,7.329224905306164
21736,6.0526107775646345
21737,7.460174967007464
21738,2.156052914402189
21739,8.290560712374692
21740,8.98461113362678
21741,6.874385020930277
21742,4.105146560649816
21743,5.891098005572533
21744,4.380182256295407
21745,5.360393318090111
21746,5.708988129356936
21747,2.956116948050298
21748,9.74138965794135
21749,7.048655776948906
21750,6.430355838130287
21751,7.015044153558412
21752,7.450424358678376
21753,8.555168609756914
21754,7.670447108600546
21755,6.841131893781347
21756,4.300711290307737
21757,4.6189932278789625
21758,6.483989906557647
21759,4.966327022861854
21760,7.574547731177799
21761,5.178006869297153
21762,6.308157046804263
21763,6.088301956404091
21764,5.989502369549039
21765,6.0983144157335705
21766,6.866063158078773
21767,2.7170977982541737
21768,6.824301191349745
21769,5.123503129668141
21770,4.319991668127693
21771,3.063647958937354
21772,5.911880788171181
21773,1.7009017049581134
21774,2.4441708891903775
21775,5.929219398645679
21776,4.887589378315263
21777,5.544463275103888
21778,6.016369705841879
21779,4.362277411736016
21780,8.175085517318115
21781,3.323231301535973
21782,6.1500424111961545
21783,3.6745573418735034
21784,7.371049367426793
21785,6.710982602746499
21786,5.599178239197624
21787,4.6296470106132555
21788,9.163023962561875
21789,3.408618801825731
21790,5.342556512682661
21791,5.5209144530214065
21792,7.250157138323
21793,6.474797481059982
21794,6.9121034142914235
21795,9.641357910502926
21796,6.307594917667204
21797,5.561025088229962
21798,0.8155478479137179
21799,5.125325808526872
21800,7.275737769987849
21801,2.985994219098494
21802,4.359675279287021
21803,1.7693586330472098
21804,8.185215126238218
21805,5.343556172967638
21806,6.301252494762865
21807,8.133715479096562
21808,2.928337721352726
21809,5.1154334396394
21810,3.3120645371548836
21811,6.9951491456188695
21812,8.207290157718367
21813,9.592200130013177
21814,7.400428234869014
21815,9.094765323427744
21816,6.47187479259708
21817,8.675776960876929
21818,6.346030413213472
21819,7.463542681151294
21820,5.747776362692433
21821,6.854302070038135
21822,8.222506480460636
21823,7.586006161410264
21824,8.012860068933538
21825,5.611454856038833
21826,6.387838352857449
21827,8.02313708876129
21828,6.307080106741457
21829,4.260374090347575
21830,4.306012955071288
21831,3.44438037184366
21832,2.4700486554052388
21833,5.224709816222264
21834,5.462779015661529
21835,6.047980752393512
21836,6.174868088920116
21837,5.231742015636324
21838,8.70042745901308
21839,3.043958421829943
21840,8.120185582675864
21841,6.977773393461436
21842,1.1642883317261765
21843,9.507628618766635
21844,8.00195941718251
21845,7.23339643369866
21846,6.93729625933997
21847,6.007171058409494
21848,3.2462912760943765
21849,5.446726880747056
21850,3.4589593436509474
21851,3.8742202777481993
21852,6.2468267567052145
21853,7.151069535965912
21854,4.934120094125423
21855,6.423651186750038
21856,5.241113282570642
21857,8.13581958840005
21858,4.499807699119157
21859,7.624350744885395
21860,7.2423386671387675
21861,1.85724810941698
21862,7.964101755734812
21863,3.6026723177689126
21864,8.988699949952725
21865,6.901873174453593
21866,9.905942443324127
21867,4.189619784764666
21868,5.839078528747684
21869,7.68291919490897
21870,5.383291709109549
21871,6.369549034429884
21872,5.190547049466784
21873,7.1346139750802955
21874,6.876135057163299
21875,9.15901177961375
21876,5.595334735182667
21877,5.545096554784562
21878,5.345553964095771
21879,6.23563067511624
21880,7.830893632643785
21881,5.018488867891806
21882,4.74896532836958
21883,5.370623866444081
21884,6.817811879238323
21885,9.079665937357353
21886,3.6903969153224665
21887,3.691532233240317
21888,7.874345297933635
21889,5.782789361406726
21890,6.344826019740002
21891,5.643789145083795
21892,5.511655721537989
21893,5.691000483669071
21894,6.273078123985363
21895,8.551517644177805
21896,6.452971158735899
21897,4.99779814459268
21898,6.513755311184232
21899,6.816476150178216
21900,3.6967254746621734
21901,4.643693837212858
21902,4.761488235005721
21903,7.998795414648312
21904,4.011884467308613
21905,7.660351373421622
21906,6.329692031481712
21907,4.818355324921019
21908,8.293041758430672
21909,5.552907537984414
21910,4.137141254629322
21911,4.2952879410330285
21912,4.979615290648933
21913,8.08709529722002
21914,9.489454473147608
21915,5.698424922928791
21916,6.467880470584768
21917,4.950180368472821
21918,5.677913067726511
21919,8.67098773603714
21920,9.607308992107813
21921,7.870507698610579
21922,7.491641626924226
21923,6.624169883280645
21924,6.78734244767379
21925,7.2639032622050195
21926,6.022076730011141
21927,5.766254563176898
21928,7.276396822917336
21929,8.633586301918532
21930,5.916768992840036
21931,9.097128694551026
21932,5.219291236999949
21933,5.582913479038162
21934,3.0276939464084007
21935,5.884318175276677
21936,7.329773321453293
21937,7.45401562811107
21938,8.756052672197804
21939,7.714309779160272
21940,4.485492367883382
21941,5.903167303472573
21942,9.044642213106961
21943,3.990145359076367
21944,6.2582369395417246
21945,5.814885789342075
21946,5.879710353614509
21947,8.688831876929523
21948,4.637930025658876
21949,8.649513361667722
21950,6.124715849697104
21951,8.183837548097724
21952,3.761769552859528
21953,6.301887877888944
21954,2.8475713258508515
21955,7.94883278279971
21956,5.199690397825525
21957,9.109608029821006
21958,7.774486024544022
21959,5.4122877911188
21960,5.085166732890453
21961,5.045566558051429
21962,7.380177503701469
21963,8.646210264532483
21964,8.50477680333231
21965,9.697786790134296
21966,4.869699062970793
21967,3.5669296307672527
21968,8.244491841154971
21969,8.96386824570705
21970,5.748448764208408
21971,3.4206775426512577
21972,4.75964854345613
21973,5.804663489702148
21974,8.00645574717933
21975,2.9707463572994315
21976,7.343761193627929
21977,5.3071098099536265
21978,8.646855946919516
21979,5.3263542448256
21980,6.707886211236651
21981,5.36878577434939
21982,5.716885776463426
21983,2.9869763124266777
21984,5.527297872339371
21985,7.085046610881833
21986,8.976666176018949
21987,4.115242217012223
21988,7.149849157118192
21989,8.711852822726073
21990,8.191748046146571
21991,6.42491640173172
21992,5.273833440508232
21993,5.98504337120437
21994,3.0585499689272435
21995,3.593568703557981
21996,5.792763583003878
21997,3.167338850106812
21998,5.668031134903768
21999,5.040466650114666
22000,5.26434146821896
22001,4.932888024529771
22002,4.824535446797935
22003,1.8936058862930605
22004,5.665426759485588
22005,7.125130501088075
22006,4.815652076107047
22007,9.64540124474871
22008,5.68543054558593
22009,6.70854791859024
22010,2.8433930010956954
22011,6.252557977121241
22012,6.461735788154314
22013,4.829067484746433
22014,6.6332667471047655
22015,5.86661535424939
22016,5.665255296550393
22017,5.056817018471735
22018,3.8231500124837403
22019,3.4611480362529288
22020,4.225382911681337
22021,7.59426746705694
22022,7.268836329135634
22023,4.29247762387313
22024,3.72152469057433
22025,5.596253227444337
22026,3.555049381667883
22027,8.572849593754762
22028,8.522149812449918
22029,7.446551065703471
22030,7.7935543465863315
22031,7.674903701944374
22032,4.24357011982391
22033,8.118012048066
22034,5.141822383605728
22035,8.642001403108862
22036,5.515829248790788
22037,4.62863738033669
22038,5.652292049879117
22039,4.583150235910092
22040,8.50244868117679
22041,5.997597360993194
22042,2.9320161911696014
22043,6.774965128647461
22044,8.887536436872011
22045,5.39245792129432
22046,7.929291001711472
22047,5.2906518325429355
22048,8.20909491935491
22049,3.359351088697675
22050,5.289185262229265
22051,3.3667642892431386
22052,6.8001420687590475
22053,8.871310188465522
22054,6.421128585977628
22055,8.456754055546657
22056,6.510338588559879
22057,8.183083769478934
22058,4.162039409618105
22059,5.459972574024814
22060,8.19398019698256
22061,6.311205945372477
22062,3.411229822449485
22063,6.2816000047582845
22064,7.3976579737323025
22065,5.284788770324841
22066,4.167078510375048
22067,6.965221193350157
22068,6.309585820938007
22069,6.936472004785845
22070,5.143966662064978
22071,6.24979105840085
22072,5.1501518559067145
22073,8.167156986667095
22074,4.885225081681913
22075,5.69317436041531
22076,5.825920157637072
22077,9.38155630891307
22078,7.335720140397732
22079,8.578233532534332
22080,5.19398274808307
22081,8.626970827443005
22082,3.2371947532525724
22083,9.283362578547528
22084,1.9647160394255436
22085,3.763939553702518
22086,6.191898900137932
22087,2.318120592727225
22088,6.049575869851767
22089,4.614215731910792
22090,5.7492984378261065
22091,6.900489042753834
22092,8.911491512739067
22093,7.310086309834821
22094,6.759082840827863
22095,4.888516658976588
22096,7.352195161806887
22097,5.819739530797095
22098,6.032364738299138
22099,8.280983247019016
22100,3.4427268939154585
22101,5.329508945372432
22102,8.225139497312856
22103,8.480636577026617
22104,1.6369525072562723
22105,5.447509936531261
22106,5.116389667926509
22107,7.161513534333383
22108,5.967105143219693
22109,3.643581995434822
22110,5.606130292672698
22111,4.307997200907207
22112,6.094116013800252
22113,6.1699508484284
22114,7.944643365047546
22115,6.316949120982936
22116,4.161198023740232
22117,4.644817543888586
22118,7.603913108130132
22119,4.789875427287187
22120,4.571429962208018
22121,7.495168823038385
22122,6.024982915584284
22123,4.408099948986727
22124,7.413691655530362
22125,6.0811238331937405
22126,6.313762610764508
22127,7.447201463732307
22128,4.16181914253319
22129,7.656398983170234
22130,7.011231895970215
22131,4.838398621293273
22132,5.03111497949173
22133,3.6755111293370772
22134,5.409506426004897
22135,6.646061502411871
22136,4.927271533711011
22137,4.522373974506093
22138,4.010109413365391
22139,6.078911885208381
22140,7.320312582215745
22141,8.012535647590825
22142,5.24814852976262
22143,7.280117427334095
22144,7.978758711397382
22145,4.812507838021213
22146,3.0256173201962504
22147,3.82411522556015
22148,1.3351920167790554
22149,6.304123884187503
22150,4.57280030472975
22151,2.708115653126496
22152,7.6135201884507895
22153,4.061233149225006
22154,4.08703472374133
22155,5.929722352445094
22156,3.3945115889139594
22157,5.791881274004456
22158,8.605906417518252
22159,6.836181262442857
22160,9.025029900430807
22161,6.050411396747594
22162,5.518139598303491
22163,4.2637825214485385
22164,4.367296691391905
22165,6.870998328023273
22166,5.327110787543029
22167,8.058528179245426
22168,8.072984456345957
22169,3.848060156641131
22170,4.095387113053546
22171,5.099713541730737
22172,3.5056332691178973
22173,4.719205183619849
22174,5.488065637540731
22175,5.604990968801087
22176,3.783387605999795
22177,1.9622831566508634
22178,8.34005814593131
22179,6.7773341181165625
22180,8.524016630559515
22181,5.234247541689855
22182,4.49646912022799
22183,6.574107427895369
22184,6.334708763636742
22185,6.666419312809313
22186,5.913488253985434
22187,7.936496393606648
22188,7.088098281954103
22189,2.6725373451431893
22190,5.891135864700334
22191,4.355140317370577
22192,5.842248162430757
22193,6.9980905893183944
22194,3.827140604790422
22195,4.617647109989559
22196,4.854202444298766
22197,6.326547835179555
22198,6.867186045098846
22199,5.321709045845832
22200,5.115858311074921
22201,5.426706291115641
22202,3.9639059508349392
22203,8.92095182211109
22204,5.201974590530455
22205,5.394562943453849
22206,7.892209111641615
22207,2.0835758397745963
22208,3.2744860644986735
22209,7.146925097711815
22210,8.075696148238121
22211,9.192006212993178
22212,4.283398601690591
22213,5.9605542619247345
22214,5.289197729566557
22215,7.34633940759532
22216,7.289870679879364
22217,5.123494614984176
22218,5.779910590594256
22219,7.905858701675441
22220,1.3919858790268675
22221,7.46931825811012
22222,4.308798956587334
22223,6.804800498738152
22224,3.505268390200464
22225,4.54290668981145
22226,5.1958422280897025
22227,2.981238775536478
22228,7.335613734317009
22229,5.470738126710954
22230,5.6596677393403425
22231,7.6869845925255476
22232,6.37883104744269
22233,8.902189030800848
22234,5.063728842267146
22235,7.229629369468916
22236,1.083230090082266
22237,1.9641164837633294
22238,7.222696181487758
22239,3.839263729100109
22240,5.9259354385379615
22241,7.398150663775878
22242,5.665560428174743
22243,5.168742632280843
22244,5.217202595770114
22245,7.380137302365982
22246,8.112756183929317
22247,6.15614021284971
22248,8.82227645571498
22249,4.745761610293214
22250,6.289682296540119
22251,3.2042096055430243
22252,4.360943885801378
22253,8.761329631550337
22254,8.942430521689946
22255,7.011212647415285
22256,6.62457827881372
22257,9.16151206291419
22258,6.9176139188090175
22259,1.6859260295518819
22260,2.2996897366148805
22261,4.689819214684252
22262,4.340944766514252
22263,6.945914514310878
22264,4.39730197202037
22265,6.885159413021162
22266,4.83704945906818
22267,3.836468063617504
22268,3.2324394921386763
22269,4.035604150886575
22270,5.861055232963603
22271,3.9109498544907524
22272,7.378863801794406
22273,2.483368456968797
22274,5.402945872458868
22275,6.881997291752673
22276,7.226283649951453
22277,8.714450134102911
22278,6.675956307260297
22279,2.3563168733544955
22280,8.619872520991379
22281,4.583655381811292
22282,4.291191253348855
22283,5.689398532348632
22284,8.637219994364981
22285,6.351089088731084
22286,5.034251177637998
22287,6.2950911270070415
22288,7.609396386195398
22289,9.084938565345654
22290,3.9879355287225806
22291,4.512584646226284
22292,9.561039576148266
22293,6.00104372906073
22294,8.374882637543658
22295,10.0
22296,3.1681787753945394
22297,4.035726347062572
22298,5.55714317626604
22299,6.050506897857702
22300,3.287364138065466
22301,8.8063842455872
22302,6.172310158700633
22303,5.761493405423305
22304,5.277037844593827
22305,6.789546896600709
22306,7.702312957843387
22307,6.5024446643327165
22308,9.338528686098181
22309,6.255233999971136
22310,9.57017236420363
22311,4.448012325846033
22312,5.919760349456679
22313,3.184345758832217
22314,6.410777226578107
22315,5.841372773979985
22316,4.414373437116729
22317,9.132055084455267
22318,2.832097192166946
22319,5.087530809324202
22320,6.1630899066485325
22321,4.438388067425423
22322,5.418437283970934
22323,6.0996390044685
22324,7.257080181948455
22325,2.634972662938872
22326,3.33849235721231
22327,4.142558499723917
22328,5.7655369174769975
22329,6.1952852069205075
22330,7.357184972432371
22331,5.163308289277133
22332,3.972152253762912
22333,7.926618291554123
22334,9.368540106167284
22335,5.8812724015592766
22336,6.206561829088484
22337,6.0054443785111635
22338,4.755449995443702
22339,7.760497467772731
22340,9.347265422370327
22341,3.2661877521212213
22342,4.585162185908171
22343,6.7484633341347715
22344,5.02796486041346
22345,7.660915467626775
22346,3.640308014010782
22347,7.877209899333118
22348,5.608511076144213
22349,6.539415585279198
22350,5.845527690595857
22351,3.208123271512363
22352,6.4531595710554015
22353,6.820557915692469
22354,5.636136530986447
22355,5.270673885168324
22356,7.134302974001992
22357,6.020163004506184
22358,5.575669928645077
22359,6.586796295158242
22360,6.085960197396322
22361,2.4682674753596765
22362,7.64682082633124
22363,3.907684959300959
22364,8.809459380280963
22365,7.859693713771782
22366,7.455301504268001
22367,4.887620234913585
22368,4.698836745398464
22369,8.777978863547068
22370,3.0722052602646586
22371,7.2126684346592596
22372,8.16715488693008
22373,3.3441018876195514
22374,7.432394033315327
22375,4.493434518046734
22376,9.074630577525047
22377,4.772658127772282
22378,3.6764684350127648
22379,8.124084490027547
22380,7.412984236680972
22381,3.33327877146078
22382,7.631005890009345
22383,9.027377125817043
22384,6.278278371489776
22385,4.6877531028891175
22386,7.950592581941569
22387,4.1647432766198715
22388,1.4499151532386372
22389,7.2038162034804945
22390,3.374954116446538
22391,4.865373075571634
22392,7.178411462742779
22393,6.707294817506049
22394,9.450328111866327
22395,6.338708343483939
22396,8.571523921701713
22397,8.358077378250067
22398,7.059808709765531
22399,1.8393528373088026
22400,4.793087986352187
22401,6.769919217320214
22402,9.051114009092277
22403,6.978393838444441
22404,6.732783024909064
22405,6.531181225891921
22406,8.389930930384317
22407,3.3778753955393004
22408,7.950144135997326
22409,3.7988611537028323
22410,4.924589979100937
22411,2.8034024966274846
22412,8.375727632485267
22413,8.009396841124724
22414,7.106258102218775
22415,2.5782117304769527
22416,4.830929179158247
22417,8.815361916723292
22418,6.4048355622389455
22419,8.373209696598758
22420,5.947484002548323
22421,5.860196254749926
22422,4.546009009339469
22423,4.94551060161309
22424,8.303300411259109
22425,3.870668033586762
22426,6.655225010697531
22427,8.293993799917015
22428,8.527308081440777
22429,4.08644248933669
22430,7.406697578013104
22431,4.412361798574142
22432,4.656499515081117
22433,3.0677597257856264
22434,6.030929377862119
22435,4.855249256739637
22436,7.086123349692752
22437,8.79599073329464
22438,5.378533041347938
22439,1.5988801752246604
22440,5.969712034920728
22441,6.705930839158753
22442,8.96103862852582
22443,8.530538296395903
22444,7.085054443535024
22445,6.233169429400177
22446,4.1095854394923546
22447,2.5925593653995795
22448,8.48495371776666
22449,5.639079688937826
22450,4.585168099668967
22451,7.3317689916471025
22452,7.166100631727995
22453,5.289528861932189
22454,4.306760752139764
22455,2.9043369101432184
22456,6.631252336504246
22457,6.348268041311266
22458,4.742562600140026
22459,3.823115998637595
22460,7.358648940235443
22461,7.151176455235851
22462,3.0233368642019096
22463,6.6761163539429385
22464,6.6298619930670295
22465,4.845602870625886
22466,8.456615615194313
22467,4.546735760861047
22468,5.1051173963549985
22469,7.689782862434984
22470,6.330968168809829
22471,8.029591166805139
22472,4.9436440251296965
22473,5.045872152788822
22474,7.154003663325086
22475,2.0960344887286495
22476,8.814181631308864
22477,7.318386522869307
22478,7.7149151673149605
22479,6.922789146851416
22480,4.230253709200844
22481,8.637539428898556
22482,4.473607411157425
22483,6.534038057017761
22484,5.678006937082106
22485,2.507676661543254
22486,3.3060792439038815
22487,7.338011635644228
22488,3.6849847849414674
22489,5.053492325962062
22490,6.37425809552742
22491,6.733120040180698
22492,8.087008814970996
22493,6.81525020184652
22494,5.729605925933509
22495,7.481127988232671
22496,4.07378800040627
22497,8.623303956401204
22498,6.0298196937105395
22499,8.510712000699673
22500,6.435599259176685
22501,4.444111350891587
22502,2.774088227286351
22503,8.668026651793172
22504,3.4511556231851603
22505,5.037853936366665
22506,8.249236220897297
22507,2.8382526521298352
22508,2.5082388171414496
22509,5.848296298499193
22510,6.31842053936509
22511,2.4846197089876303
22512,7.046443270838128
22513,4.371428693679494
22514,5.91285755920009
22515,8.913759652177584
22516,5.992335923217644
22517,4.831562597274035
22518,6.7218202526580795
22519,7.866002468035444
22520,7.289103444785313
22521,4.72152729573912
22522,5.654643488044544
22523,9.604370809329511
22524,4.5289234931933295
22525,3.4060109728492427
22526,8.031406139182833
22527,5.530568871484763
22528,2.0163800985836007
22529,7.436152151081574
22530,4.8344115897819
22531,7.4133852712068355
22532,4.459998220058048
22533,5.196229750042403
22534,7.295612823957815
22535,4.326862703089821
22536,4.73861051228317
22537,2.348376113346859
22538,2.638203856301456
22539,4.953801872801585
22540,7.619591654346242
22541,8.231529625497316
22542,5.586644285470391
22543,6.45839920610045
22544,6.970958730697493
22545,6.85906446308226
22546,7.3059976800121715
22547,5.885485648831111
22548,5.296039071349016
22549,6.018886065006967
22550,6.387189325640497
22551,6.906049236583706
22552,7.485084329213198
22553,4.232759980649217
22554,7.234777174377842
22555,3.9310168550946165
22556,4.9519804469883875
22557,6.276940011237555
22558,7.905232052507823
22559,7.619020717636867
22560,6.2183164679185845
22561,2.4471206903465963
22562,6.741555696554092
22563,3.9613406883342615
22564,7.561450538801071
22565,7.14024599409458
22566,4.370892258651626
22567,4.899842231142769
22568,7.7114367490946565
22569,8.889440982559828
22570,2.652331553002745
22571,7.205228110073561
22572,4.118666691996713
22573,4.58823840530474
22574,6.090953733034845
22575,8.036957772323872
22576,5.426939501501828
22577,3.4978808861055493
22578,6.48816051767736
22579,5.64351095270031
22580,3.727915726790492
22581,6.17969365580232
22582,6.223947631101644
22583,2.6482101425661186
22584,2.905983415920099
22585,4.702030407978185
22586,3.709249233164246
22587,3.7147381699762008
22588,3.3233948558779995
22589,5.348519428764926
22590,6.122110909989482
22591,9.312847553456656
22592,3.3998642273741106
22593,5.669714119703827
22594,8.180207733432997
22595,7.3380507862709194
22596,6.441018153291832
22597,2.230455358028441
22598,7.034997036596557
22599,8.101741264541362
22600,4.731860321168766
22601,2.701474208909694
22602,5.094730009255197
22603,6.945013582108213
22604,8.00028534571725
22605,6.307254489647047
22606,4.671250779548014
22607,6.921928926962905
22608,2.4418082038846087
22609,3.942985643706937
22610,6.373268143287314
22611,9.031355997790953
22612,5.405407649762617
22613,4.384375451029943
22614,2.662315939016175
22615,4.413864925374966
22616,7.45032437312223
22617,4.759656248868901
22618,5.653414975010322
22619,8.057846711735325
22620,4.602215752589457
22621,7.100275940496062
22622,7.890426370131341
22623,5.265968131520048
22624,4.647538815491169
22625,6.155191934906316
22626,7.015218334759775
22627,6.146044531908
22628,8.339221072435159
22629,7.8439933309856755
22630,7.020422544376229
22631,6.251286889634262
22632,3.0972827937161287
22633,8.205038729407354
22634,9.097380127763484
22635,8.05417700389957
22636,8.139530690865227
22637,8.799125669250264
22638,6.733600800719342
22639,6.471833898637122
22640,3.7407071203583717
22641,6.802369672893616
22642,7.136294213935736
22643,0.9757089638334401
22644,8.065899447545352
22645,5.011616146667982
22646,6.73545166442753
22647,2.862539189491489
22648,5.332547579887116
22649,7.942636779760945
22650,8.022723629733287
22651,2.0616939232984826
22652,6.857098097146714
22653,5.203811688019934
22654,3.891017652468903
22655,6.443476579279241
22656,7.751439117267194
22657,3.350032795665037
22658,5.071195263071442
22659,4.874954452930085
22660,3.6130161824702993
22661,6.999717388921422
22662,6.134340310491723
22663,8.016464055019556
22664,8.245730057172334
22665,7.387466960135861
22666,5.289221933093953
22667,4.776846574842453
22668,8.030687480852054
22669,4.850762448100123
22670,6.278362335511782
22671,7.428612844153085
22672,4.887376993466451
22673,6.21867050511829
22674,8.241258653433222
22675,4.2502777001080645
22676,7.36993428026149
22677,4.1829415599986985
22678,5.2943635127205395
22679,4.8111991460109556
22680,7.03606816977524
22681,2.8796056225335342
22682,4.727729643019347
22683,9.23717770121855
22684,7.508069975782891
22685,6.049761601880538
22686,3.415981661062485
22687,4.971100302370151
22688,4.171029313671146
22689,5.850469520766921
22690,7.121331783873523
22691,5.033032712276418
22692,4.602793335709139
22693,4.840393587497487
22694,7.445994994827896
22695,3.0039173927003513
22696,5.133311242926305
22697,4.426315772863842
22698,2.3346701389115294
22699,4.383544129291329
22700,8.014930483435112
22701,5.122435422652452
22702,6.102842253416656
22703,6.121956504634567
22704,7.215896754401285
22705,4.593744796552162
22706,5.480220653435032
22707,4.66930786091724
22708,4.57105118613413
22709,8.226423532281377
22710,7.853524891123391
22711,4.787063093509156
22712,5.904495859941407
22713,7.068222388890318
22714,4.767102887293011
22715,5.662447396074035
22716,7.997310745761728
22717,2.6837916230569316
22718,7.769062465764188
22719,3.453026458015147
22720,7.906826827383648
22721,5.888722725673294
22722,7.008614978055811
22723,4.733613513563555
22724,9.323180862375047
22725,7.098495208748811
22726,5.818414549963615
22727,6.5883173941342585
22728,8.624920298092917
22729,1.3380987609401906
22730,6.055513550193576
22731,5.100793418695955
22732,3.8595405981530293
22733,8.487024793270093
22734,8.426335334733958
22735,8.930367320298329
22736,7.327151543954624
22737,6.228904274101591
22738,7.108226251379187
22739,3.8669057976951993
22740,4.955752941590018
22741,5.777191109519506
22742,4.72935004894843
22743,7.383474047994457
22744,3.7308098488023003
22745,7.111753013151208
22746,2.3274027153206283
22747,6.114266520404955
22748,8.830618387192512
22749,6.3034582214172765
22750,2.949991150205136
22751,6.175086553838105
22752,4.210489397391677
22753,4.875304480840462
22754,4.7140120152562455
22755,5.715218288657794
22756,4.23741221309532
22757,6.208141621447852
22758,5.243739987428185
22759,4.005272521698334
22760,8.062704018944391
22761,8.220690354939467
22762,8.290156696828854
22763,8.057877309663546
22764,8.20411142121879
22765,6.361855109652149
22766,5.814413474490358
22767,6.308224357839694
22768,6.206978911357882
22769,5.331547083162624
22770,6.692280921713066
22771,4.150362054474494
22772,7.279604639150678
22773,5.414392539768296
22774,5.183216722909051
22775,6.901339918650672
22776,6.174254120414376
22777,5.341024719598117
22778,7.499037716343344
22779,9.370767651246158
22780,4.750210032993595
22781,5.482348521043402
22782,7.085665695343245
22783,7.487079841517743
22784,4.388221702108053
22785,3.3434937641366536
22786,7.11813773519619
22787,9.542048357328133
22788,4.66522182312493
22789,4.816393144556455
22790,7.081957566525214
22791,8.729704091559936
22792,4.535351239828268
22793,4.522548934703254
22794,6.162657605585123
22795,9.735346851647561
22796,7.235595076390449
22797,3.991209540089102
22798,5.690961611909993
22799,6.518186137616082
22800,6.116055948309728
22801,7.7479475133061175
22802,6.527940135985956
22803,8.14692361219323
22804,5.981146911808054
22805,9.422432431801314
22806,5.9149552384942865
22807,6.95582687619928
22808,4.992707110364689
22809,6.047455987570931
22810,4.922916847049437
22811,4.802077620506771
22812,5.304188484464677
22813,7.163053875458218
22814,7.069633785411587
22815,7.2775471717366615
22816,8.433333082461697
22817,2.8834972951806748
22818,2.4419125732740614
22819,4.488803584122736
22820,6.3287025061928315
22821,7.18283659359128
22822,5.6640606396990005
22823,7.457240468366896
22824,7.399699034262096
22825,6.230190650145894
22826,8.76658278465822
22827,7.595487915707024
22828,3.364352849528809
22829,5.68134714058361
22830,4.3990392559593205
22831,4.159098732987163
22832,5.949498381081218
22833,4.294216534111856
22834,8.118354708528257
22835,6.401792331470434
22836,7.65749788454571
22837,5.188104896541424
22838,6.613952172504244
22839,6.374004755685694
22840,2.486117763920051
22841,2.3950582611777427
22842,8.148266203421768
22843,8.584507327528327
22844,4.994313340419665
22845,7.3760647084186095
22846,7.716639415575163
22847,7.155711224289308
22848,2.641693783437886
22849,8.7346188317495
22850,3.224802376618048
22851,6.937352389466076
22852,3.728894931556625
22853,6.375130921020077
22854,4.785367818217482
22855,5.731310277791581
22856,6.0243863774772874
22857,5.142119106709574
22858,5.265481817827856
22859,5.0423178994245035
22860,9.436459443830932
22861,3.9834129720135585
22862,6.365966937378874
22863,3.9299615334047746
22864,6.2196434812517
22865,8.335420381590302
22866,8.32411718391743
22867,5.439709103195035
22868,8.218077283275585
22869,4.000998362934479
22870,8.238115915597477
22871,5.62290038222129
22872,5.683273291121712
22873,6.926190476300777
22874,6.6233834914320076
22875,4.823862593633053
22876,3.62789064084991
22877,8.222846889732532
22878,4.192512275404615
22879,6.092132606260061
22880,3.9355596262411603
22881,4.176898839246119
22882,3.824489679798584
22883,4.345573723537372
22884,5.224365584873942
22885,8.458324214901108
22886,8.9097850333546
22887,4.36550747944932
22888,4.691773483650048
22889,6.0386698020742005
22890,7.041202819905626
22891,4.906248260719493
22892,3.811815713062545
22893,4.470229351134392
22894,5.937993500836528
22895,6.809800325399221
22896,9.066781864713858
22897,5.875422763138432
22898,3.952003140590516
22899,2.6881733963538745
22900,5.322822674559522
22901,2.717032652242476
22902,8.342204486838884
22903,2.51643804850602
22904,4.011388525124204
22905,7.60280821582776
22906,8.705683319236373
22907,6.692331954792024
22908,7.449486575863645
22909,7.039596619851614
22910,8.696110942196302
22911,7.16989455278089
22912,9.621399056204742
22913,3.4601095783473315
22914,2.1322707014151163
22915,5.6993918475576875
22916,3.485191331338758
22917,6.103961729073224
22918,4.662734609511376
22919,2.8685934841623415
22920,8.819577821258436
22921,6.742913339631285
22922,3.3341340704176647
22923,6.79723872093384
22924,7.238908391109395
22925,5.5894961265359955
22926,2.98186641672999
22927,5.339912493858574
22928,8.0538797698748
22929,6.961630821748243
22930,7.199042517167188
22931,2.559984031970271
22932,5.321593574240984
22933,7.151196942693564
22934,7.045000667922932
22935,8.39138290512519
22936,2.40590299531426
22937,5.475933943592125
22938,5.296293741882692
22939,7.868765997822844
22940,5.333212866781439
22941,4.335074318829003
22942,8.458710497967122
22943,3.2897641014449714
22944,7.327449694833239
22945,5.060210764932981
22946,4.468604204325231
22947,6.161744508735313
22948,5.538981151907439
22949,5.055030001123498
22950,6.016999408642451
22951,6.413194442461293
22952,4.516403044633866
22953,5.409040586847279
22954,6.3452244344340025
22955,5.1289811859384695
22956,2.7081386526220204
22957,2.999982907868205
22958,6.502415799778002
22959,6.086209314332029
22960,6.870078796852233
22961,6.317954487099081
22962,7.471192880340952
22963,3.2758375674107936
22964,4.231324698275879
22965,5.282491463990746
22966,4.2439460031486975
22967,4.432248868237029
22968,4.162634561846468
22969,2.5012308214167804
22970,3.070766510189141
22971,9.635445518589789
22972,6.0080119766134406
22973,4.772419028413323
22974,7.824348431725077
22975,5.270569794593886
22976,2.240987744555563
22977,3.938208508998107
22978,6.181020923121233
22979,4.372326895843138
22980,7.811173232116053
22981,7.051582240582777
22982,6.94887927114113
22983,6.2031602253385545
22984,6.8784280159358815
22985,5.45337460424165
22986,6.360633235083956
22987,8.657329775371473
22988,9.60344349149545
22989,6.031796683640978
22990,5.53272251496475
22991,7.448302268777776
22992,3.586527225830718
22993,8.1637101635568
22994,3.430169916901106
22995,4.633771951655676
22996,3.461379743763612
22997,7.598758585868787
22998,2.8373557901833864
22999,6.532780389729605
23000,1.987167099079347
23001,7.010470767572956
23002,7.886167905195867
23003,6.123032946744302
23004,9.298720534804074
23005,6.4889386320910765
23006,2.5050856178443923
23007,8.422428847018582
23008,5.200528059382913
23009,8.403064026448282
23010,5.576593614227792
23011,5.440986153830701
23012,5.126999914841441
23013,6.045696773237602
23014,7.848361366761741
23015,3.2978410190093377
23016,6.903256529231918
23017,4.852425720149394
23018,3.7264833109075703
23019,8.567388901441854
23020,6.2708951977371274
23021,5.6212916487952045
23022,4.8136596123162985
23023,5.920092300511054
23024,4.941295970024336
23025,3.6091170980874216
23026,4.618142126470451
23027,4.285708612362598
23028,6.370173821181273
23029,5.302200002397415
23030,6.821395664508337
23031,5.802741224240946
23032,5.601919921372281
23033,4.055386167158381
23034,8.483175795432611
23035,5.315460515330192
23036,5.588636933723722
23037,5.298705560729504
23038,7.635476233688281
23039,4.919972560269312
23040,5.62961099856218
23041,2.6905778378546654
23042,6.235905711847075
23043,5.579132153240082
23044,6.012086318735663
23045,2.648969761801543
23046,6.516021968684433
23047,8.064349222410815
23048,3.2530520772268265
23049,4.784531572965869
23050,6.445152992306846
23051,9.796002549769975
23052,4.063008633441762
23053,4.940530092237369
23054,6.725239562740036
23055,5.870622832891933
23056,8.143360052463096
23057,5.775494736666815
23058,8.76031375967253
23059,7.3758582139351265
23060,8.292857046559892
23061,5.469842752163488
23062,6.6966680352030075
23063,4.187595908493442
23064,6.528532342166361
23065,6.696707662206445
23066,3.831178146110873
23067,6.205007078703398
23068,3.7359317178369573
23069,7.078181668348866
23070,3.696300064079601
23071,5.628539125977308
23072,8.40122158942657
23073,5.496562778110729
23074,7.476568330742482
23075,5.634979088865561
23076,5.707385400599508
23077,7.844632077548311
23078,7.082049784380805
23079,3.3400977337796216
23080,8.598921364607078
23081,7.523286236138875
23082,6.445960399943686
23083,6.565518714956858
23084,7.307261480416343
23085,5.801639008036606
23086,5.511275301604597
23087,8.631190611931869
23088,7.421761901316475
23089,7.300041684327058
23090,5.225297857853154
23091,6.240069434597207
23092,4.922518648253932
23093,6.53301984266088
23094,7.185710215915556
23095,5.971368744153018
23096,8.577342690568104
23097,5.191082334105518
23098,5.449712332157872
23099,8.352611002126539
23100,6.392287438658988
23101,7.689838199748656
23102,1.2497316060933588
23103,8.095571386537571
23104,5.3903050710954155
23105,5.377176830348109
23106,5.386700981755185
23107,4.783469787472234
23108,8.708619238780736
23109,5.3678447600270385
23110,2.8768021064346674
23111,3.839346110206544
23112,7.167100176915487
23113,4.470935284462449
23114,7.130232341464558
23115,8.223881760259017
23116,0.831469969210395
23117,6.834014123363393
23118,6.776447467378189
23119,7.675981519232197
23120,8.846494107507494
23121,6.941332842533597
23122,8.136033517874656
23123,7.756722436155075
23124,5.057946749337037
23125,7.162746025973
23126,7.856367219369281
23127,5.096647086424171
23128,7.81008712771308
23129,6.133576343836766
23130,3.46844143641317
23131,5.444900017841839
23132,7.532531586630483
23133,5.161744154389051
23134,6.257060799033911
23135,5.582295480180932
23136,8.07961905766323
23137,5.078452736434
23138,4.137911406024458
23139,8.460268795040594
23140,6.432835404808414
23141,5.67969798194482
23142,4.496293222951926
23143,4.134877035901794
23144,5.1345726126033195
23145,5.345286316976959
23146,7.386691108343384
23147,6.665770360490448
23148,4.272880150504187
23149,7.109266328191721
23150,7.10702845757804
23151,7.050423949417251
23152,5.691157146218519
23153,4.266709054927271
23154,4.962965955640766
23155,3.5910603797825846
23156,0.6935709776770982
23157,5.913451616101688
23158,5.6642393178338
23159,4.293870719652972
23160,6.874027230028105
23161,6.240452620455677
23162,2.319566954846848
23163,7.682733972931107
23164,3.5506832759318767
23165,5.983173170200355
23166,8.696312095873395
23167,8.577240409205409
23168,7.295644833584045
23169,7.06994806897355
23170,6.6085741960291795
23171,2.8205850326489834
23172,8.09441420247496
23173,7.018545223423689
23174,1.0345373114900955
23175,5.649001778232056
23176,6.199452580977425
23177,7.620909852504564
23178,8.860356327835722
23179,7.05129524530303
23180,9.454032519505844
23181,5.842361670876867
23182,4.390254939695525
23183,5.029000467699124
23184,8.387211227835541
23185,7.2788517938316835
23186,6.881398165893351
23187,7.1834650432795115
23188,3.4442132046232623
23189,5.535710818968809
23190,7.375720264747562
23191,7.87449224033272
23192,5.587957844222818
23193,8.527739759120694
23194,5.961078957482781
23195,6.306179835284803
23196,3.974026502820073
23197,3.9588175373308525
23198,6.875272823441293
23199,6.579319057634008
23200,5.491009652445287
23201,7.312736221719736
23202,4.460305351013554
23203,6.025483733588694
23204,7.351152250269755
23205,5.918147303698232
23206,5.252733868603249
23207,5.885350314447579
23208,2.461207220728629
23209,5.218283220217771
23210,1.5627597555778567
23211,4.144573537633841
23212,6.80828337568911
23213,3.1996378496830125
23214,7.719424868359147
23215,5.404454773865036
23216,6.959625107104814
23217,3.0248959631896155
23218,6.748948445772967
23219,6.697401839342986
23220,4.62763896351741
23221,4.835900818485215
23222,3.9638671995121104
23223,4.130946343608195
23224,5.204080702280837
23225,7.303031673743906
23226,7.494552919489836
23227,6.391765619764448
23228,7.75975982711879
23229,6.822490639397187
23230,5.8702239837286285
23231,6.551390573619194
23232,7.031349868382335
23233,6.588606945936136
23234,4.619888137611948
23235,3.9391204882343884
23236,6.683528119375645
23237,4.754745897966192
23238,6.903602827373205
23239,7.03752319290731
23240,2.3139406827526505
23241,5.63278056189691
23242,4.905713029298342
23243,4.379824894129182
23244,5.861306659977563
23245,6.197829032092394
23246,5.987763046712768
23247,5.9009570034176475
23248,6.9045879498538785
23249,3.9879269637908266
23250,4.584453883556209
23251,6.349635689726328
23252,5.976886525066334
23253,5.249636682240892
23254,1.8098198305967856
23255,8.681804822017249
23256,8.085112028355315
23257,4.314415630360771
23258,3.242430725473089
23259,9.115740419410299
23260,8.724798009732323
23261,6.039169881696673
23262,1.1688810175130422
23263,8.016457464836922
23264,7.5037721272459
23265,5.2910090443182725
23266,6.940961356963935
23267,5.73712040689666
23268,5.963165131276077
23269,8.970618250187147
23270,6.897672314332178
23271,5.740074631814559
23272,6.041923812334366
23273,7.800282614679621
23274,6.943602042469274
23275,8.090991121754872
23276,7.4846014535148795
23277,3.413191751220437
23278,3.718454623814159
23279,4.970161622158529
23280,6.1771761966391185
23281,4.766570916711367
23282,6.4211460330392764
23283,4.85591410071406
23284,4.517177833730907
23285,6.008423740869567
23286,5.02115882676384
23287,5.4923299575380495
23288,4.072511893961893
23289,7.098983976701774
23290,7.561549338502466
23291,6.848970505030642
23292,5.5304739168419355
23293,5.830260601854039
23294,7.873672354468654
23295,6.388170947828696
23296,9.606396649501255
23297,7.083507818734172
23298,7.85213295965317
23299,7.182881250057505
23300,5.475686274430371
23301,4.626258499870619
23302,7.622619110821205
23303,8.316428863127905
23304,5.631781413842583
23305,4.8675439326652
23306,6.373582136888988
23307,8.329387728654313
23308,8.74670332061097
23309,5.358386508690407
23310,6.354470401605984
23311,5.325382505307145
23312,7.8329348076269465
23313,4.027452137536468
23314,6.310175157649557
23315,5.467557013865678
23316,9.004742579433692
23317,4.979668077223341
23318,8.988062647066135
23319,6.753553825517612
23320,2.6042073293502446
23321,4.109011374289815
23322,8.04420759287814
23323,6.634134747649631
23324,7.673400874172334
23325,7.457403302129242
23326,6.910809834744916
23327,3.8744594115647737
23328,6.005224401366711
23329,4.988895967709064
23330,9.469807231037517
23331,5.6651112383505255
23332,7.1675830807499175
23333,4.92993768478666
23334,5.367480031697663
23335,3.766262267190534
23336,3.1873941070691765
23337,5.275249837590994
23338,5.893056094689969
23339,8.010268419134647
23340,7.43390207726596
23341,8.798840537001324
23342,4.984582263751274
23343,6.01317306632186
23344,6.105016776674942
23345,7.890502857229482
23346,6.980022735358951
23347,3.1919121604939202
23348,3.9406851216163457
23349,2.0402355375801355
23350,5.370979051755821
23351,5.911917559474153
23352,6.862797260513521
23353,4.61704896807839
23354,4.138361762379125
23355,8.665276992550925
23356,6.1978724322821375
23357,7.007609403299339
23358,9.556256060246728
23359,5.462319884947453
23360,5.455513457086212
23361,7.4989467614687815
23362,7.790418785577978
23363,3.292362090384741
23364,4.243534021750852
23365,4.199287733512438
23366,7.281999460629721
23367,5.59454959416554
23368,6.391815478195075
23369,4.719804098892448
23370,4.222545030357552
23371,3.6040944891721014
23372,5.970042908910173
23373,9.156546107801447
23374,4.2225539255269595
23375,4.728586939919917
23376,8.717849534877674
23377,4.519168822685909
23378,3.322306611201352
23379,6.614426922270989
23380,4.142202023353859
23381,6.715286707855113
23382,4.644284895256619
23383,5.433785285882304
23384,7.478397354731475
23385,3.9162594838457427
23386,3.668308819061051
23387,4.259886106838771
23388,3.4926187217886446
23389,2.3744117451104176
23390,4.738383636627943
23391,7.27314048822668
23392,2.371730306616888
23393,7.50303862555986
23394,6.748846367514717
23395,4.020592488464714
23396,6.297260537487195
23397,5.982512543546449
23398,1.497560059269493
23399,5.873681042754287
23400,9.079837472201195
23401,1.5810115974103813
23402,6.396097691577599
23403,5.226555696220378
23404,5.9796920574391095
23405,4.639822081113201
23406,9.014367755292543
23407,8.741716707224585
23408,4.9186580955296115
23409,2.703117770879882
23410,8.846750049205015
23411,6.16150408822486
23412,4.88774839730068
23413,8.062761622550116
23414,1.997373756942186
23415,7.433919238926779
23416,6.0407281742632915
23417,5.987899982837711
23418,6.517482644335383
23419,3.771386275181547
23420,6.831230336902513
23421,3.7887534777113663
23422,7.1856763565250805
23423,7.466781827020713
23424,7.819729393975777
23425,6.737564768539245
23426,7.972371635140564
23427,9.197890763975758
23428,2.3509566887811175
23429,2.820263660258314
23430,7.373329286359006
23431,5.255623745179518
23432,7.666709341904847
23433,3.196506170161307
23434,5.46824227882855
23435,6.206516153659912
23436,8.058776490175365
23437,8.664986000262525
23438,4.25767678076942
23439,2.670516128889556
23440,2.3721218680517664
23441,4.404339405246678
23442,4.013883781020338
23443,5.743430453976877
23444,5.034621144469041
23445,7.900679322166445
23446,7.480477349129165
23447,6.796195097049592
23448,3.6434391700084525
23449,6.2406466682953186
23450,7.3811640263155525
23451,4.005010004568972
23452,7.253914081914038
23453,4.354451138379277
23454,8.285689412771108
23455,3.7629598543354468
23456,6.540310633153409
23457,6.667233749337285
23458,4.187359801779873
23459,2.1685761801851138
23460,3.667323317210239
23461,8.904531354997117
23462,7.694361993804817
23463,6.5896471876159115
23464,7.432294003319548
23465,6.009634193317725
23466,8.13695988057469
23467,9.303319942078229
23468,5.7625039934396804
23469,4.733915959819876
23470,8.186771965501894
23471,5.203518189461365
23472,5.368182281589769
23473,8.319765838110463
23474,5.7248365770803415
23475,4.301463469892901
23476,1.988083898402998
23477,6.675585551297184
23478,6.591133423392261
23479,3.702364115080961
23480,6.3629316943696645
23481,3.773576593414507
23482,9.270475692608956
23483,5.696422540521728
23484,7.8486474548763825
23485,7.6060504193304075
23486,7.679853589804174
23487,6.669013695076013
23488,8.855642034332883
23489,4.672132429036265
23490,4.033440767050541
23491,4.078906440846684
23492,4.762582521671721
23493,8.274977657851984
23494,3.5377043589500494
23495,5.105396780143704
23496,6.990337232961005
23497,3.7006612238522862
23498,3.7788327180059684
23499,5.417874189950148
23500,2.5604397989632455
23501,7.34318264432061
23502,10.0
23503,7.075855355803908
23504,6.559140248015497
23505,8.24025718680083
23506,6.7888904791052695
23507,6.2201766592697485
23508,7.730578971778619
23509,9.933663491335132
23510,4.083729204180797
23511,6.753613032125001
23512,4.543357491910235
23513,4.274626081781517
23514,6.626059321957882
23515,2.5793453943489237
23516,8.413702905085776
23517,6.5490988856026275
23518,5.036558776397302
23519,4.789645222863886
23520,6.451609264384188
23521,8.219433004761008
23522,7.1586594243399455
23523,6.168044669915062
23524,5.931936875864284
23525,3.8128901759934366
23526,7.929329971828128
23527,1.6464196001498954
23528,3.330204905734797
23529,8.404238202226482
23530,9.20550423866222
23531,4.002754701419895
23532,4.924544956174212
23533,6.770028005024314
23534,6.390008829661962
23535,5.633198915894648
23536,6.734406798510376
23537,2.073080714937312
23538,7.237510534576311
23539,2.107147094701797
23540,4.77844119941502
23541,4.237603384526446
23542,2.8565843453231077
23543,4.8943615817237935
23544,4.500276771728604
23545,6.2760717536272494
23546,3.1581262308670377
23547,8.730355266785493
23548,6.412158417804692
23549,6.532712518859361
23550,6.580628695003583
23551,5.418552108201259
23552,5.730463332447848
23553,5.434586257915393
23554,2.8881914587275035
23555,5.572378118147553
23556,7.092440205124994
23557,7.132345477038579
23558,4.292344290834496
23559,9.006576600500708
23560,6.872123947269488
23561,8.961365857309712
23562,5.617729256143941
23563,7.61150122490824
23564,4.566411135860598
23565,5.17213822704684
23566,5.749750356710163
23567,4.06693065994273
23568,5.4734577033267255
23569,2.86323301004142
23570,7.232248847080473
23571,5.681569107746554
23572,4.826970801465388
23573,4.138329869838296
23574,4.563511756379731
23575,4.828868775306035
23576,6.595081957267633
23577,6.8558642245325405
23578,2.8496925098781896
23579,6.779932402979465
23580,4.536664446191145
23581,4.520468052956019
23582,6.213524827948293
23583,5.805421281251631
23584,6.545771493447583
23585,4.499737209762686
23586,2.975891835432077
23587,5.459630059539637
23588,3.765036385266097
23589,4.807161622164272
23590,9.358552872162981
23591,6.165915426272589
23592,4.3507689267017104
23593,4.698915585612511
23594,3.3404332515583794
23595,7.144688009336611
23596,3.177091413151843
23597,2.2683666190306995
23598,7.6574627231240395
23599,3.131187867217204
23600,3.096638020068763
23601,7.500153574070002
23602,6.4663780079375925
23603,5.994427390018206
23604,1.9192130263665166
23605,9.82307253867954
23606,4.167403673865989
23607,5.1874989758706676
23608,7.309135257881815
23609,8.327565753034603
23610,1.8403658547178172
23611,2.52790814869142
23612,3.5677614562058384
23613,7.550831200575039
23614,6.447291634417477
23615,2.5886694391973384
23616,6.665037543722321
23617,6.754762517789407
23618,6.164021030232551
23619,2.359320261740823
23620,5.222818580127021
23621,5.278289484969907
23622,6.596681416167382
23623,7.1000410733354204
23624,5.175237862219776
23625,9.107242124552949
23626,6.288036318875908
23627,7.142676030551585
23628,0.9438990657204104
23629,9.119663429359344
23630,5.807301221081538
23631,7.130142497741084
23632,4.566109831477396
23633,7.594209186667932
23634,6.290970861328698
23635,4.444691411631141
23636,5.409669487644213
23637,5.657279998639928
23638,7.491729504400509
23639,9.37063670075093
23640,4.623943187225241
23641,8.641919690093745
23642,4.771830317198039
23643,4.659635283233229
23644,7.8292242217121455
23645,7.371952930093453
23646,2.038690609487874
23647,5.9415365291893405
23648,6.322863150314538
23649,5.320235366207879
23650,6.762636958919564
23651,7.3885988732299195
23652,7.079155398243609
23653,5.950132003027523
23654,4.803287265259761
23655,7.018264064525365
23656,6.772802181143593
23657,5.11138837805091
23658,6.220629358512136
23659,5.336639481042008
23660,6.536444969269941
23661,6.821363922733623
23662,6.745096916174929
23663,5.361659154669744
23664,3.081508557561347
23665,7.271197193491525
23666,6.431754172491434
23667,8.303251165047348
23668,7.152337367932625
23669,6.851612487176753
23670,4.844276552377471
23671,5.981446205810546
23672,9.089860227297388
23673,7.001581860372391
23674,6.496796852806402
23675,4.764826206181728
23676,6.305547821648756
23677,7.940208648322701
23678,6.295432754927701
23679,10.0
23680,3.741261408069327
23681,5.996897346171891
23682,7.058297660958813
23683,5.843991942036879
23684,4.483867089638966
23685,4.7604895201879724
23686,8.305204110923308
23687,4.385381396775768
23688,6.45138084509666
23689,6.937698568842773
23690,2.537329095750631
23691,6.010250525213693
23692,4.135267786056795
23693,9.510180560660332
23694,5.934928877331932
23695,2.503019183890272
23696,3.8902225083489377
23697,8.269744203510733
23698,7.336053221786712
23699,3.656831091905572
23700,6.680140813883464
23701,4.815357165306068
23702,4.9057576217918415
23703,7.995461363522637
23704,6.648159303376395
23705,7.3241909543752985
23706,5.74029470923694
23707,7.121586926818126
23708,6.218518775676566
23709,6.863189572625725
23710,5.437480132714097
23711,1.6997054134535272
23712,6.8001760735363055
23713,5.745338327279631
23714,8.005424286078075
23715,2.9498778610994654
23716,3.4392454895875306
23717,8.530604062064638
23718,5.041913735096355
23719,7.66080971475741
23720,5.538556243259763
23721,3.059179331494164
23722,1.4319035459983274
23723,5.304835187715044
23724,4.77271904984666
23725,4.680924020986513
23726,5.768311053207961
23727,5.361271600475343
23728,7.05628728378262
23729,9.04437368263037
23730,1.4797810482711105
23731,3.9152428677151465
23732,6.060166265747585
23733,6.328237100607247
23734,8.76161025232323
23735,6.340395651598948
23736,3.267725543040781
23737,7.51719503706169
23738,4.8441301558699985
23739,8.958787438207262
23740,8.91481031547338
23741,2.500649061231563
23742,4.140035560621586
23743,4.878164868576258
23744,7.456959503731744
23745,7.81405711334488
23746,2.0636572242345554
23747,8.242900224381003
23748,7.708174773340326
23749,7.62235960720029
23750,4.977583758312778
23751,4.47737642886921
23752,5.970899831369374
23753,7.897960277974704
23754,6.47977791213287
23755,7.354833262461298
23756,3.5953615732376725
23757,4.0405350047612805
23758,4.759782239765545
23759,5.499680164863867
23760,7.787921403014743
23761,3.1209575321938825
23762,5.15468912630698
23763,4.774730793854524
23764,7.920291448707036
23765,4.910655667282225
23766,1.9784198126609809
23767,6.367188051143495
23768,4.348182477851914
23769,4.871689318395865
23770,2.732934943534645
23771,6.563527684284326
23772,4.251743678737421
23773,9.795335499658323
23774,7.671119680516904
23775,7.422308853836783
23776,5.619277653892722
23777,8.257151922984454
23778,5.708216017328619
23779,3.4815094068380787
23780,3.122309947705277
23781,2.800517019539483
23782,3.099141118657296
23783,6.792124216341607
23784,5.1782308176564555
23785,6.906491910494049
23786,6.955286553336345
23787,7.848877069999116
23788,6.854842241472541
23789,6.700381732385294
23790,3.4361959714183348
23791,3.0975589957132827
23792,7.185153122302325
23793,6.2373293425020035
23794,6.590445866571174
23795,3.456045731289468
23796,5.504094664763069
23797,7.106639645742172
23798,6.01540002539912
23799,7.5557623467945865
23800,2.668441480034373
23801,6.916605613438338
23802,6.4313916690880415
23803,4.80729381382845
23804,5.024874773586964
23805,6.422128934544389
23806,6.011800328625239
23807,7.449589374399497
23808,3.105088391019031
23809,1.2799801167246423
23810,3.7430784815042593
23811,4.856280563696378
23812,2.7348398948101837
23813,2.1347563318963307
23814,6.711958988622683
23815,5.754224815559364
23816,3.7063298196663435
23817,4.0166594373543205
23818,5.895278628198253
23819,8.685621105148888
23820,9.019260839834189
23821,8.006767051060999
23822,5.77261023558423
23823,6.958452932596155
23824,7.95914945437262
23825,6.493628248063117
23826,6.097233812656949
23827,4.114568205387227
23828,7.517881316596384
23829,4.448706227347826
23830,6.615053857457095
23831,0.26137373080962883
23832,3.465123554849664
23833,1.7319387917996667
23834,8.21326573621482
23835,2.5478483444444087
23836,5.943299555280459
23837,5.564453920747902
23838,3.386577922397472
23839,5.209675808476019
23840,2.5403976436985545
23841,5.012715692309171
23842,6.372843508910819
23843,7.349615387630074
23844,2.292859929039986
23845,4.1743806266479675
23846,3.834126200359384
23847,8.903815931035576
23848,3.78142638452147
23849,7.657510541754884
23850,7.572784144732206
23851,5.1701391882598875
23852,7.3661801536025
23853,8.840421273577467
23854,3.860986244911326
23855,6.787858666601111
23856,7.338382139225067
23857,6.0736678586366
23858,3.0693409986280074
23859,9.228469829141513
23860,4.733006979624221
23861,8.344920167561458
23862,7.683548621123647
23863,8.115211266767401
23864,2.343785027683492
23865,7.228448731226287
23866,4.169962920147468
23867,4.12835360438409
23868,3.7985145977328063
23869,5.632884731747383
23870,4.549994682608373
23871,10.0
23872,6.169153604723969
23873,4.539049054095681
23874,4.029859341670503
23875,6.692557896642231
23876,9.39510300980948
23877,6.675016537956638
23878,7.4283716116087
23879,5.170012462789044
23880,6.580338636196392
23881,1.0943199238308818
23882,7.749162628133893
23883,2.362416150882383
23884,5.246819716826496
23885,3.94355689947258
23886,7.311177561452498
23887,6.249665191839919
23888,5.8726946634941575
23889,4.869455047102201
23890,8.68945093941785
23891,6.870287234551084
23892,5.8419812280824495
23893,6.0842747153978705
23894,3.155456449149383
23895,4.204221385575571
23896,3.0750661483408237
23897,6.70334717129982
23898,7.373922654281537
23899,2.8196415661254175
23900,2.4649127720578865
23901,6.827185867761763
23902,5.343864272151675
23903,6.736152917923615
23904,6.553016194884405
23905,8.202547993950644
23906,7.6362050480296615
23907,7.013565461397227
23908,3.614822775428899
23909,7.181645323972612
23910,7.3205052111236055
23911,6.227027569812965
23912,7.396250926889791
23913,6.1019464062779445
23914,5.749375324363038
23915,8.447368349260085
23916,5.341372943889834
23917,3.0050152876323257
23918,4.91864431169862
23919,4.050258090687249
23920,8.72682814274758
23921,7.517512395315087
23922,1.1511525572676682
23923,5.21889012795755
23924,6.6412877965669335
23925,3.9268500325333813
23926,6.9431801340109125
23927,8.234696413965478
23928,1.1750635074717712
23929,5.049407824017202
23930,4.0272493098296405
23931,3.267449427475156
23932,5.053987579402042
23933,6.145521575375336
23934,6.042193641977546
23935,5.7356271919120045
23936,3.7397215025303825
23937,5.43151612477647
23938,4.7855764016052245
23939,2.54436941082146
23940,5.888826062364466
23941,5.4605576034440935
23942,3.7320178885545103
23943,8.43481334219041
23944,7.24299008602511
23945,5.757656578930516
23946,8.534789794934754
23947,4.932793183804865
23948,4.214063737237254
23949,4.843777586541773
23950,6.697282827248066
23951,5.199125599362674
23952,6.731916385148739
23953,5.490345454346749
23954,7.953917166101338
23955,1.9671713419139614
23956,2.59509349736228
23957,3.986098720735479
23958,8.084179493638631
23959,10.0
23960,5.0384842228879245
23961,6.267119467966243
23962,4.941001984667764
23963,4.161263027052891
23964,5.803252892948216
23965,4.511094648673575
23966,1.733118722014532
23967,6.386977172149064
23968,6.7180609416636115
23969,5.787292857165954
23970,4.933134097545901
23971,6.998378342366409
23972,2.910604513970956
23973,7.5082988283918475
23974,7.178923421941942
23975,8.633176364584832
23976,5.324517784873798
23977,8.367039401749315
23978,7.360999067613464
23979,8.38354899775797
23980,3.7370656562277977
23981,8.492304132206138
23982,7.005442960525723
23983,5.211991048544561
23984,5.0996100856984565
23985,7.9519564558146625
23986,6.20600778962593
23987,7.1049044593589326
23988,6.149999920440361
23989,4.998616732349904
23990,3.9472853119221933
23991,6.265930607502804
23992,4.159349499074393
23993,8.829862675711476
23994,5.320151985547936
23995,6.349690195008299
23996,3.4381690869480708
23997,3.61034613917808
23998,5.313684015021329
23999,5.184350506071171
24000,3.058973535590541
