id,bilissel_performans_skoru
1,5.991153079491889
2,6.700747172359192
3,3.0319033848018204
4,7.185299865187775
5,3.6560599454672267
6,5.4993144098536835
7,3.3513561790630626
8,7.462522211277196
9,3.8097955732457724
10,3.722518581337757
11,8.54422904322023
12,4.137940722388976
13,6.412723705142293
14,6.959357953670123
15,5.9441586729160285
16,4.356139862608176
17,7.320112676215702
18,8.008381002615176
19,7.265443025835493
20,4.876868520574908
21,4.308008663845105
22,7.347020204257106
23,2.8887098874933934
24,5.250544097549469
25,7.307977427194214
26,6.68630019522993
27,7.124947978289768
28,8.165857542372523
29,3.9832103373307106
30,7.583198018581293
31,6.837974102572571
32,6.70096945299664
33,5.404172198828842
34,5.226100896754449
35,4.262512149128617
36,5.363189333231592
37,4.857136930586209
38,5.85255174098878
39,7.434094228401163
40,7.971550405110916
41,6.526983546754646
42,6.1238777229439
43,6.918193654074911
44,5.5249711581202465
45,8.888264906153038
46,1.7841743948563384
47,5.180158824720855
48,6.5827585188914455
49,4.747664028621106
50,7.869849481938166
51,7.182614827382997
52,3.2041972759029838
53,6.858621010151058
54,7.349026581654105
55,4.305160939890455
56,6.0452750673909765
57,2.462718372357758
58,3.559578962186257
59,4.598517825552728
60,4.129294384108616
61,8.853928371090305
62,8.554335282140974
63,7.389181935592376
64,5.5937223736965205
65,4.579841024327218
66,6.24385706678658
67,4.839694719584625
68,5.522431703503211
69,7.6119375159615545
70,3.1154083369060244
71,4.402133651114117
72,8.392194607545967
73,8.261133748278368
74,5.844642643988662
75,2.6848106124193714
76,7.384839401952389
77,4.421314916130093
78,3.757597703615894
79,8.855239367958836
80,5.92138713232244
81,4.092682788645077
82,4.8753880976882815
83,6.228176646809866
84,7.316397433148389
85,5.562475722429202
86,7.1198952135958145
87,7.346626712412393
88,7.88148730616489
89,3.1537743378154905
90,8.375294887286119
91,4.034426162976898
92,2.898952198736678
93,5.946727262277824
94,7.788442333559733
95,5.807179596724851
96,7.641580403956433
97,4.660127980145712
98,3.9031524436231466
99,6.0282225575164095
100,8.871680739098927
101,5.161205221050884
102,6.107586039252325
103,5.193838551628323
104,3.6789877207149555
105,6.071113216500334
106,5.649938819563792
107,8.024628247344856
108,8.762138600300636
109,7.860675457377858
110,7.958940914369773
111,3.96454556532529
112,2.9930789589707683
113,6.800789802005015
114,5.723193479502994
115,7.125924934740248
116,8.333610662396149
117,7.69139615331362
118,7.542538657834945
119,8.524626701818077
120,3.4325182050563368
121,1.4551644380891113
122,6.228861037541198
123,7.286182916293342
124,3.7723994794148337
125,3.323764250754454
126,8.012808582372745
127,4.402044452678256
128,7.064071794432244
129,4.598589754584687
130,8.30345416468811
131,5.673020297030016
132,5.712341241516557
133,4.684457431450046
134,6.745181667671835
135,7.350037277763122
136,7.559530490099084
137,7.447179655863259
138,6.503168203384626
139,4.508031274438588
140,6.434836100414758
141,7.3767858546121
142,4.988997880144952
143,3.5708428470815092
144,4.512436185655921
145,6.065314289556456
146,8.32215723962554
147,6.105651183038298
148,8.076299020677293
149,3.309184742903237
150,6.690838205520434
151,8.136135742849328
152,2.7060645779980157
153,4.99256645785467
154,7.899776637375642
155,5.886971814987887
156,8.553976269541069
157,4.4682402309928
158,4.906185019817573
159,4.896100432131125
160,4.42832596046787
161,4.330879614707112
162,6.251709071291165
163,4.5388552974646785
164,4.045962615465761
165,8.721496761699171
166,5.960795354626464
167,8.310318162539765
168,4.06526279385957
169,7.94079593940953
170,7.68311706302752
171,6.420924810134133
172,7.6669338712988235
173,3.3509147205972054
174,4.7327617355701195
175,7.997851859565188
176,6.13125767422583
177,6.186993163823083
178,5.8045649301519
179,1.432559264685754
180,6.232326560475796
181,3.947424944161173
182,3.360827671535623
183,3.8562135374819526
184,4.14503656760693
185,9.046146251264803
186,6.017899578014554
187,4.648004126587515
188,9.195416884662624
189,5.976527695507508
190,5.915185692008653
191,4.093144028058328
192,2.8607405752401367
193,5.514071890040868
194,4.088940133759969
195,8.981733692585546
196,8.14452059294801
197,6.778503036154364
198,7.41837084323503
199,6.806605612067735
200,2.874355133794142
201,8.74054229398073
202,6.762077972798067
203,5.568072047388947
204,4.406082679545348
205,8.792010809707012
206,6.104873028384771
207,6.470121851832641
208,3.6854316089425616
209,6.1391079944323295
210,6.329324979523364
211,4.558963944726017
212,8.393372087897664
213,2.9583973660537213
214,5.270965891795975
215,6.44184722654828
216,9.213094238366924
217,8.1398900240133
218,4.283234884792069
219,5.5880974620694595
220,4.994989923165852
221,0.9673807628745064
222,5.45681249632527
223,2.946267510049996
224,8.113866437090598
225,5.880501789463273
226,8.179994503087746
227,7.649616481747623
228,5.372915053069774
229,3.5792620044235863
230,2.8905916951497104
231,7.345553228557511
232,7.435713503994082
233,3.766826747422694
234,1.4328427169589608
235,6.683712917781934
236,5.517762037891496
237,7.011369714473729
238,5.65309305439638
239,7.593016084820733
240,3.9503132585076615
241,8.921854366788722
242,6.557473614527156
243,4.584633758138275
244,4.6748799265636745
245,4.398389933673682
246,1.761058594259581
247,7.583208788804539
248,6.085229935924741
249,7.2113680404895515
250,8.544278063535478
251,6.279701669992051
252,6.969449012894543
253,7.215740285414998
254,5.5346616319710815
255,2.242848366815193
256,8.806300706075382
257,4.578300811531584
258,4.762977271358036
259,6.449452923566028
260,6.337556152779774
261,2.066905272997291
262,5.469761744949364
263,5.943400412591399
264,4.826765625183611
265,4.481571652100874
266,6.122788162717998
267,4.3208958087622245
268,9.008648390934596
269,7.349147016975318
270,2.136188310930407
271,4.914436155496867
272,9.415343394675478
273,3.6728952042551786
274,6.065779009807168
275,9.20498772930824
276,6.123998211414904
277,9.233669311072363
278,5.4130743493280935
279,3.9893167066433266
280,2.3153293238491366
281,5.180199751335025
282,8.790146916224613
283,6.281571730942437
284,6.068775984525317
285,7.7262934734308
286,3.3378495923419877
287,3.1574022175222134
288,8.19877447600036
289,3.599495480054929
290,4.39195209433005
291,3.2235481462783273
292,3.902236419758197
293,5.437806096009395
294,8.831193013458975
295,7.3138439801891595
296,4.793812411477534
297,6.180767282533839
298,7.418849105412242
299,4.696293712418726
300,4.5136296596603405
301,8.660821104318
302,3.306823667640496
303,7.51454414499102
304,3.5340097365130534
305,8.762179052524651
306,8.190855714766903
307,6.927089701885387
308,4.87251257799022
309,5.103952706163339
310,4.352798674494366
311,5.549907689148489
312,5.204839174001749
313,9.406098367783287
314,6.980150513286541
315,5.402579740463482
316,5.784915605755136
317,2.4817520268316096
318,5.338224121327428
319,5.1924596568994374
320,4.147666883910831
321,5.658360176789135
322,5.448091415708396
323,3.7043859353389346
324,4.9324762287542505
325,7.727657246710521
326,7.4181255686594
327,6.589861962474692
328,6.917890160154704
329,3.707942846391824
330,8.945374290960293
331,9.1411879333951
332,6.865541923093814
333,4.6210122671940725
334,8.835255561205344
335,6.710162322977097
336,5.676219556805593
337,5.400624169995646
338,7.649936060021275
339,5.203053985030362
340,6.920163876825087
341,3.85322570012268
342,2.562128438075452
343,7.005374628534017
344,4.5501447729896745
345,5.79667925498962
346,5.971457840366768
347,5.768082708466611
348,6.039130974117777
349,4.432538592294627
350,4.190589025728055
351,6.489281155169388
352,4.642665772486378
353,7.352895140208738
354,6.23929967249093
355,3.468138872746936
356,5.522138762360845
357,6.74639741714185
358,5.65645392542638
359,3.327119644500465
360,8.328067635164237
361,6.805723832363819
362,5.313256646082495
363,1.8050914418105648
364,3.162057464942888
365,6.587089372443982
366,5.511616938236074
367,3.661929684790239
368,7.0728005915181
369,6.4183836069282
370,3.7363763469322375
371,8.449107988590775
372,6.520977276181184
373,6.709666932238272
374,4.060519079100187
375,6.301532362657484
376,7.707012042747814
377,6.0355816348558715
378,8.10974687284366
379,6.554412576357819
380,8.705855293621127
381,8.863861842744143
382,3.386014614613727
383,3.798076170875299
384,6.815295380794759
385,7.8008340215829435
386,6.554847463965619
387,9.204567368865789
388,7.687121464061061
389,9.74916243180565
390,6.303787623132032
391,5.332464457436827
392,3.7689876904315542
393,4.006171779288164
394,8.753055399648932
395,5.214911470490773
396,5.644198017027093
397,5.806258356982706
398,0.6641888732414678
399,8.674843975479245
400,6.855722390176002
401,7.652281940214674
402,3.31278973433213
403,4.214273758210176
404,6.961783377739258
405,7.961182025572267
406,4.007955386384597
407,5.554515530966393
408,5.7841316468177215
409,6.162680465556593
410,5.307525090257403
411,4.768678363262507
412,6.7875254431520515
413,5.643942604188787
414,6.351163860336385
415,4.9651714341794415
416,5.093248906534144
417,5.2084048319421905
418,6.109673207788208
419,6.0089140262315395
420,3.034633208849186
421,4.041096839192881
422,6.404833474503989
423,4.345182370975007
424,2.90327461577016
425,6.257599618030236
426,5.020602823859949
427,3.353199420618898
428,4.162006232451261
429,6.1069906731454
430,6.039763439993348
431,7.720963391971281
432,6.571231133336672
433,7.848900908935767
434,4.298627649299096
435,4.8833093883098995
436,4.320490156971963
437,6.501751921434164
438,7.420651889069944
439,3.813721678755071
440,7.803814371507475
441,7.793887616996924
442,2.7079541777013842
443,6.287639417066424
444,5.033018126333617
445,2.1243390224329737
446,3.5109941013701236
447,8.041734450313403
448,2.180670926520164
449,8.789090619640263
450,5.946156930778372
451,7.677847671590209
452,6.991905789144917
453,8.524912037977066
454,5.420171565923353
455,4.556688843972584
456,7.684400748823953
457,5.135556426745516
458,4.820358432538153
459,6.486476995749947
460,6.695732229061537
461,4.123557553980487
462,7.440206891695172
463,8.863902378326953
464,4.9138042208438755
465,5.544747998240596
466,8.259773969091064
467,6.497009795695178
468,5.4533832439634224
469,5.119739848121726
470,6.400051952028828
471,5.902319642523213
472,6.981312931597124
473,8.762270628055836
474,4.247181954594779
475,4.377033438655141
476,4.896641024029988
477,7.574459547937961
478,6.55474325730167
479,8.11647527356374
480,4.409378475875678
481,6.479818076173116
482,8.302200614483725
483,4.436819321992048
484,5.905128063957001
485,7.640841316918239
486,7.377707478776198
487,2.282285187476976
488,6.608160211197934
489,6.798086812185277
490,5.6784000945011055
491,10.0
492,2.893134010371242
493,6.290575405894453
494,1.2178676153076182
495,6.307378467557026
496,7.0038320187293
497,6.809336407070036
498,7.416273389851669
499,3.8053891904681123
500,6.524425218302135
501,4.924181444377909
502,4.775222622707554
503,8.519338566449134
504,5.022343339828823
505,3.7479122657497985
506,5.025494040418819
507,7.505000905628183
508,6.537697549253508
509,8.411342215956415
510,2.4951161695921806
511,8.486405488819944
512,6.510837740512428
513,4.236184932153266
514,7.023193043628545
515,5.057325930423025
516,8.954742347188283
517,4.765655175804601
518,6.303953665291412
519,4.130254453236476
520,3.3409524934236665
521,7.8678576711496335
522,5.6352178593126885
523,1.5400020977570503
524,9.165520608077973
525,7.335209956494778
526,4.820160269539901
527,4.59203507779594
528,3.663727798474987
529,7.749936211602589
530,7.705158882042197
531,6.222290023240034
532,1.914780503162274
533,9.049733007462066
534,8.545818764541592
535,6.69374584677627
536,6.025512418022483
537,6.930924254642696
538,8.75017883628925
539,2.7323552846984587
540,4.422932357804962
541,5.423222203292264
542,7.342356306474101
543,8.321423896447005
544,6.938145331419231
545,9.716445551086895
546,4.768078244744679
547,4.563113693570067
548,7.410869990703521
549,6.637998211426275
550,7.5741488827565275
551,4.7095703473995
552,7.3173674650721905
553,8.932707672327151
554,6.679923639061647
555,6.525509060610181
556,8.085604370121695
557,5.617248636328628
558,5.642356443145953
559,4.372488475942356
560,2.904321045750252
561,8.890430122983233
562,8.022615608767511
563,5.944555194557986
564,6.198402131686321
565,4.77550198205067
566,2.814380729095533
567,7.421303000334057
568,6.268255942133243
569,4.582516049414763
570,8.499431796054285
571,6.18830779932423
572,8.58660695190323
573,4.746991511441877
574,8.977639811512464
575,5.721179512609697
576,4.960331690859112
577,7.95027536764193
578,4.440453593164021
579,6.792230050619568
580,6.215835050158809
581,6.966568055645023
582,4.348627833558278
583,5.000975401177169
584,4.560978168096501
585,6.476554577207401
586,5.931769362591217
587,4.481942595038024
588,5.012564117130016
589,5.592707813727832
590,7.157887977252203
591,4.11426004014571
592,3.3221214404194206
593,7.37287908670741
594,6.084604428149623
595,6.202684006965633
596,9.798574065162015
597,5.429749082417562
598,3.067943513396499
599,6.7702829567680425
600,7.973005683046617
601,7.737155499618744
602,4.184791347844168
603,5.347717827630407
604,2.2845113942828514
605,1.6264301460189377
606,8.38960588648853
607,6.415625792276546
608,5.410158903347916
609,5.609226548908355
610,5.856116090498534
611,5.229763150888988
612,4.822539268574127
613,6.724741192792964
614,3.7341168410825696
615,6.58457106414402
616,8.112506071417359
617,7.103557297550573
618,7.9199997102875415
619,1.4402377136718811
620,5.833149518451564
621,4.505815594055803
622,4.736227869372961
623,2.310716326047383
624,8.058728207803107
625,5.553964962425177
626,4.881726784714826
627,6.430695265754398
628,4.719773417024776
629,5.495225289922007
630,5.277281852687665
631,6.609069471178527
632,4.074702524810088
633,8.414897958057486
634,5.913997437885804
635,2.7160623972918128
636,4.796951592216033
637,7.7543188494726145
638,5.201730014275975
639,4.844893238432462
640,5.672550518956222
641,3.3844967526795884
642,8.96871875716096
643,3.7283410656339298
644,6.011071976715448
645,5.230789209391908
646,4.480146136800088
647,9.77339744230785
648,6.6823309130351305
649,7.447781063052307
650,3.210779298663592
651,9.742326344691858
652,5.8437910602976935
653,4.419357493702811
654,5.14168909183579
655,6.88752087452083
656,5.525447708344821
657,7.271198852734153
658,7.965391153233507
659,6.95773411600331
660,3.621740347160151
661,3.429106557075034
662,7.14123445073131
663,7.529134763485009
664,7.422447811182365
665,4.903660400753365
666,9.23494378902127
667,4.420179948885403
668,6.196795990439305
669,6.45729379252024
670,8.371186064005682
671,5.000934666610959
672,7.174668553282594
673,5.229266245378444
674,8.063608380510429
675,7.049276968032546
676,8.217224942620193
677,5.751441016472012
678,8.39135763199827
679,3.857142796927688
680,8.010679282821515
681,2.5243282231733017
682,5.665531042519893
683,3.435857740407324
684,8.642898513838801
685,3.500797192371871
686,6.716882011051394
687,5.439490632071248
688,6.133458560535292
689,8.772486499836841
690,6.461708824694793
691,6.780589987409508
692,5.6293049758338185
693,5.307173995383849
694,4.883344154851615
695,8.279034367837024
696,5.7702207135817405
697,6.984233160027857
698,6.357403944529921
699,2.4074709970613295
700,3.8159003162472103
701,8.706585579114948
702,4.5373949144618795
703,4.184259729348183
704,2.5295793443916215
705,6.879728013367708
706,7.7854650244559656
707,3.4164379719224303
708,7.0269121827812455
709,7.714459851614661
710,3.5553953911449976
711,8.094312469260313
712,8.002262500772288
713,9.247049736085502
714,6.676864530238057
715,3.8623011916225374
716,2.444341976931903
717,3.970144073791148
718,6.685744064311108
719,4.735373353675412
720,6.021426333954708
721,6.07688361829626
722,5.733182023036914
723,8.135960472148012
724,9.796834792153646
725,3.4600532907169597
726,6.051802364286718
727,6.856996347953928
728,6.2711500675696925
729,6.2557614656732365
730,4.676865923587047
731,8.277783259756703
732,9.381618473561586
733,4.0063742713823105
734,2.4736646275611407
735,7.719270624951591
736,7.467605315602636
737,5.5846380486206835
738,5.210666249524244
739,4.688298581997426
740,4.628026903018754
741,5.557110277808254
742,8.079135364305651
743,7.4487059921641565
744,7.667361546294184
745,4.737404053519661
746,2.8612999673716617
747,8.754174831144432
748,5.463671135122059
749,8.027393339318124
750,6.311872932519234
751,3.795773556442846
752,7.72904473433503
753,7.462169858530502
754,4.6560419168421205
755,6.595954731645792
756,8.13382817326436
757,3.9710396177240135
758,3.1723719272019677
759,4.2305278133342465
760,8.283489120637329
761,5.521165753444579
762,6.367544330945895
763,5.612217135144436
764,6.850632153941521
765,9.103559216581695
766,8.500825304133633
767,7.76840630166303
768,3.2285572156122084
769,1.07514577094469
770,7.248665577775568
771,6.456724708643239
772,4.9995159956815876
773,6.563906394621956
774,7.090294692949687
775,5.087967161977748
776,7.072746530336861
777,5.5065751825046
778,4.458804388422642
779,5.6529417137810345
780,4.314447624727039
781,7.331315661154951
782,7.8565808052087664
783,8.68107070552265
784,4.503726091882108
785,7.4178754237782885
786,6.299918504587851
787,5.030031988656314
788,6.911958134325025
789,4.193051452997578
790,7.257774641855125
791,5.826773804710405
792,6.0857409631709904
793,7.951720818684345
794,8.436952803334183
795,5.945429780751409
796,5.0096078763388645
797,5.147849235727104
798,2.822352200875248
799,7.212866963892276
800,5.916955408833243
801,5.0984772671444665
802,6.824214007154331
803,6.583518633258773
804,6.17882430375567
805,5.858504795587868
806,4.5672006174252555
807,7.881446277805104
808,3.3758607316857665
809,6.4304942697764345
810,5.559462525799327
811,8.76628364974081
812,8.910347341714271
813,5.761724733397778
814,7.174128460175291
815,3.4624789811164556
816,5.858654850818825
817,4.251684142951156
818,2.3986748953397883
819,5.335967010530499
820,4.94698509009908
821,7.145156620018927
822,5.878317043331792
823,5.778007735290984
824,5.610667399228842
825,2.8141781228014686
826,5.5808155911437325
827,4.760193325044858
828,7.238447445267479
829,5.760444369319888
830,4.278894005803064
831,5.05231498186527
832,7.766249756230897
833,4.945172329353293
834,6.091339002053092
835,8.83117289459269
836,3.472001420878119
837,6.813997199045474
838,4.642988036259813
839,7.076431588952956
840,6.722979913716899
841,8.381450215230059
842,8.078860020102026
843,7.179642035472192
844,7.262551178599621
845,4.130059183459416
846,5.21222690255743
847,5.297428359436305
848,7.324892880353772
849,3.301742570506802
850,3.2142977171821734
851,8.269604825139364
852,7.275854050039886
853,6.183368342970098
854,7.455425135434563
855,9.961527732995869
856,3.6632556263189278
857,2.5532044515190533
858,3.310180084471025
859,5.515919188109549
860,8.119440823052987
861,7.041381337311568
862,6.28747176038528
863,6.002301879676706
864,6.613460323532439
865,5.121431925011544
866,8.996538991071265
867,4.212317188809506
868,4.069430288917308
869,2.918212889901483
870,6.198512733741772
871,6.815658143215885
872,6.643152411953649
873,7.499404899579793
874,4.093289175183354
875,9.473622875844471
876,3.911973580252303
877,7.362972075877075
878,4.639841647158641
879,7.81537681576614
880,7.188634669433151
881,6.603886706652783
882,7.895484611446595
883,5.026912105794349
884,7.866083197248906
885,3.5298361796766584
886,2.3790116883310692
887,3.2266866817864597
888,3.869928485781087
889,5.2724627894771
890,7.791259972039455
891,6.2814356465730645
892,6.959212223667405
893,5.586616855660017
894,6.665787579004765
895,6.527278276086532
896,3.8807294934205228
897,4.658740054651968
898,4.957474589582094
899,8.496213408910938
900,8.944653133537038
901,6.906424898719645
902,4.455859722819197
903,9.265578006111639
904,1.1998183224841383
905,4.950690797433599
906,7.83812302265798
907,7.576115484498082
908,3.8605065899518154
909,3.908122288245706
910,6.9577855344865425
911,2.649864911654571
912,9.748321060420785
913,7.35321194249881
914,5.730198562547951
915,5.424762149915224
916,3.4225098673429115
917,5.783650916688062
918,7.111509209331451
919,4.590158512241878
920,6.325664553034734
921,7.164675990483436
922,7.1309000235674445
923,7.029773948027673
924,5.053993044630557
925,8.316818362830654
926,8.261042082367677
927,7.832820352379342
928,6.189019777023033
929,8.491564248916548
930,5.5568987361014255
931,9.389408765274911
932,7.503300904584414
933,4.09388939977932
934,3.069584166122698
935,3.079181600613228
936,2.9052393896501068
937,7.9620443340634965
938,6.872555837299242
939,7.311368431456085
940,3.595348089450193
941,6.87420850526056
942,2.1554649700014346
943,9.44872739846748
944,5.878571391682276
945,7.887110834622866
946,7.516800666287467
947,7.884541985197735
948,9.601281727619252
949,6.0848267379005625
950,7.165454237354705
951,4.769601751707421
952,4.262237082113845
953,5.595915431378505
954,4.0461671384649245
955,6.175376634735882
956,6.668630256577765
957,4.285384074231087
958,2.690097608185178
959,3.748593024997479
960,4.295303053607178
961,7.706118367008549
962,8.615926916689999
963,4.455453432042018
964,7.872557612187231
965,3.179971163181975
966,6.273651008476373
967,3.826072595295548
968,5.064751318827503
969,5.573442745430573
970,4.384912077993282
971,5.580317597578147
972,6.36174713193892
973,7.1202364567002245
974,4.311131860422598
975,7.003053379025943
976,5.165313592107636
977,4.810839862965828
978,8.281446365776686
979,5.764427941596427
980,5.385489172224648
981,7.738534599204657
982,8.895116552753345
983,9.232816341420966
984,6.2096094800978605
985,1.8182697355750392
986,8.086510823899062
987,8.41415107391484
988,1.6122137028623678
989,4.192719376209066
990,5.043077750732163
991,5.664206143530559
992,4.453241480298523
993,6.71731269147534
994,4.3665734112701795
995,6.929863244002435
996,4.451384191936557
997,7.878640887929119
998,3.9663414634328786
999,4.639085493939773
1000,6.256619394584509
1001,4.99617577367885
1002,7.399850622839296
1003,6.889981575493244
1004,7.89047533084426
1005,5.006896439346903
1006,4.29920562409124
1007,5.649720647660592
1008,7.258876483552684
1009,4.9883660674141295
1010,6.561147801478104
1011,5.520424207275798
1012,7.211716058081746
1013,5.991730008025958
1014,6.550131047777881
1015,7.5771406180474745
1016,8.657529998001126
1017,8.249497743168009
1018,9.553924716543621
1019,6.162975289070902
1020,4.887182321032948
1021,3.738694953868523
1022,4.26573224959393
1023,6.879744495513272
1024,5.192906750168284
1025,6.368203718010318
1026,7.5810207311328135
1027,6.701465060421468
1028,5.551914846242804
1029,3.376764188806057
1030,5.704637600589102
1031,8.146278464095827
1032,7.761073120739283
1033,8.3584449360765
1034,7.928153643172233
1035,6.515129624518365
1036,5.107866166543781
1037,7.9155035242680505
1038,5.373783236447133
1039,8.071519653649045
1040,7.780288160300643
1041,6.152785783355643
1042,5.846750197123555
1043,6.464755441218188
1044,8.571699418064984
1045,5.531889621560484
1046,5.0069716780900215
1047,6.63046891380533
1048,3.4690996824056555
1049,4.467807300066964
1050,7.037541132281531
1051,8.394023772756565
1052,6.315883901822773
1053,3.432920281422609
1054,6.02923479839248
1055,3.36656899167668
1056,4.403508617434222
1057,2.8121934339603283
1058,7.837596623805404
1059,6.525759577926785
1060,5.190109485866207
1061,9.247495209829074
1062,7.169835975094017
1063,5.083109645709735
1064,6.082734061923696
1065,4.7725896001703365
1066,5.348833307733907
1067,8.4641632488098
1068,7.677564482673957
1069,8.701992108932924
1070,6.201823990083305
1071,9.535180985634772
1072,7.192405448855111
1073,5.914292291137835
1074,9.162330401292984
1075,7.70903671337238
1076,4.500851178586188
1077,5.713092206643405
1078,7.562898896370502
1079,4.095942915839126
1080,4.413344416139119
1081,9.94952180441526
1082,6.600882499054931
1083,5.011909557255212
1084,3.2005212852001326
1085,5.034952763799934
1086,4.2150827628347844
1087,3.9869038358747884
1088,3.281833163260947
1089,2.6578026665071155
1090,7.827311238577088
1091,3.7424835028352166
1092,5.275123496323584
1093,6.470005172632453
1094,6.661749838319943
1095,5.990492040552849
1096,9.054427325394643
1097,5.929432556113861
1098,5.141710496243469
1099,5.730109778695738
1100,5.335225538852318
1101,5.7057226998115915
1102,7.296458003306928
1103,3.832552548862384
1104,5.771749028563996
1105,6.110895024675858
1106,5.2669582395268595
1107,8.425866764276261
1108,5.638013098368674
1109,8.290997910314369
1110,4.5050979663582895
1111,3.5825272638120795
1112,4.24583628930456
1113,6.940196254723866
1114,2.995499645061574
1115,4.9558406093020775
1116,2.1741105060044688
1117,6.081561395191786
1118,5.834030789654116
1119,9.592083307141623
1120,8.465475330832408
1121,8.50786789942299
1122,6.726616192050547
1123,6.731276688669761
1124,5.438440049199207
1125,3.3808857880350662
1126,5.586966312992266
1127,2.745602533398807
1128,8.184847481400015
1129,3.1538368988935312
1130,5.831522190613742
1131,2.9475587595181945
1132,6.594435089609911
1133,6.336694791935027
1134,3.238058357718388
1135,5.714453416757563
1136,7.46462346201327
1137,3.912393480299942
1138,4.081486028213462
1139,6.954601914469665
1140,7.222715888860346
1141,5.071485039227465
1142,2.419201684772786
1143,7.737405180057873
1144,4.368974958619224
1145,2.34003122262546
1146,8.29627696114857
1147,1.3773268108296257
1148,3.3963067954359367
1149,5.643217419984609
1150,6.451176440246549
1151,7.876731944834196
1152,6.540704059785953
1153,5.1789082384387335
1154,3.8738341292216205
1155,5.005206728215845
1156,5.003625361007893
1157,4.977440947025261
1158,3.5895267702664455
1159,3.2060355066536816
1160,6.176820820801669
1161,6.692298322861038
1162,7.179774703589089
1163,7.1855795068379305
1164,4.805368737380569
1165,7.50658789108371
1166,6.998792880315619
1167,6.8668764860879286
1168,6.241274339373287
1169,5.796505061790456
1170,5.733265863521509
1171,5.4018119682981345
1172,6.800928123039856
1173,3.825875069020099
1174,6.839304648471144
1175,3.9140638415554605
1176,4.046677575719452
1177,4.788022718561185
1178,6.3663193597730725
1179,6.992298386716145
1180,3.3288206134318026
1181,5.715885066534864
1182,9.731215885479566
1183,3.3581946172771397
1184,3.798216063599835
1185,7.264540042212339
1186,5.126912578695905
1187,4.619385243111214
1188,7.55630416888522
1189,4.671200017341389
1190,6.993688090009589
1191,3.4007074746400225
1192,4.978685088623923
1193,3.9138794863544506
1194,7.457258026203772
1195,4.052582045231226
1196,2.22996225515512
1197,7.840546357328256
1198,4.519603080407148
1199,6.533812572757826
1200,3.050598799670647
1201,6.099391651518225
1202,8.664331749599786
1203,5.302927013609951
1204,7.564702678649693
1205,4.963977859088565
1206,5.7052737578360215
1207,4.128491367497653
1208,6.154047339305274
1209,7.9629356251379555
1210,6.5960601491274
1211,7.879453211919944
1212,6.038340283135399
1213,8.795674291304678
1214,7.343389010343641
1215,5.637063226311191
1216,4.301692382044536
1217,7.44130058483892
1218,3.509312395522186
1219,4.596916632694688
1220,7.711926126382597
1221,5.7543014358012705
1222,7.166376240650349
1223,5.2263853207567985
1224,5.167740464238975
1225,7.424269991822617
1226,8.658748470312982
1227,7.210288409887335
1228,3.587992106401274
1229,6.844216403709055
1230,7.03815131431485
1231,10.0
1232,6.2517742198044255
1233,7.98166096457482
1234,6.677988063873605
1235,6.708365358833866
1236,8.440030957354205
1237,3.5990584910413213
1238,7.820337472318301
1239,3.8195301842841913
1240,7.592183040715565
1241,5.841864038399807
1242,5.885755300389751
1243,2.643001227253802
1244,6.877467255129512
1245,4.699720636910677
1246,5.529478721745735
1247,5.289933968964886
1248,4.581354114952963
1249,6.504526817669311
1250,4.874651710284993
1251,8.462490249498304
1252,5.495584068717938
1253,8.907760293336054
1254,3.4611514454620997
1255,5.407423166954137
1256,6.807548648927295
1257,5.56657120693028
1258,4.382325176811565
1259,6.485516028937263
1260,5.970634580849299
1261,8.824378980661848
1262,8.247575440170348
1263,5.733900421290593
1264,8.16544243551463
1265,6.698411293566485
1266,7.470308165649477
1267,9.176765214214146
1268,8.197962586819004
1269,7.400263696230421
1270,9.630964580943212
1271,6.187329959390878
1272,4.433137045628528
1273,5.288317477069568
1274,7.256809522921255
1275,7.756799259305361
1276,5.485983307720335
1277,1.2504546950969402
1278,5.570605915648534
1279,3.9322813114136683
1280,5.830861529675808
1281,4.613185088907537
1282,6.07505319375043
1283,3.4177776678159058
1284,6.191968629476938
1285,6.064012517892559
1286,2.612680437948202
1287,4.868518764887506
1288,6.216656254235559
1289,7.749463717488067
1290,3.043376516095449
1291,8.162587602854213
1292,5.60815046682774
1293,4.80543144351056
1294,3.419146867635893
1295,7.293670488203439
1296,8.106457267069382
1297,4.524321287625827
1298,2.8396488472531627
1299,2.7796438482221135
1300,7.803311539828287
1301,7.242085190297473
1302,5.9709463892471355
1303,6.604082297618215
1304,3.9705998952226373
1305,7.006173332493608
1306,3.9760182736060927
1307,5.031860389740096
1308,6.138629762363849
1309,5.756722050135121
1310,5.042114676243222
1311,1.557708701494343
1312,6.992156283285807
1313,5.340440828388573
1314,7.763158473978629
1315,2.577569324633595
1316,8.571762971241185
1317,2.0216214276365236
1318,2.6452096265318286
1319,2.01283799377905
1320,7.647469880420989
1321,3.8991126622459538
1322,5.065001081459631
1323,6.00942038878685
1324,5.671811193089045
1325,8.67367344669308
1326,8.808047626574554
1327,5.511308224552751
1328,2.4651089634716548
1329,6.859676128127464
1330,5.566430439509049
1331,7.260111814340071
1332,8.136501409376857
1333,7.567223814670853
1334,5.746699013946062
1335,4.771029613805821
1336,5.805000483989965
1337,3.327959767444407
1338,4.5035775005682135
1339,6.374532949682522
1340,6.231432336551645
1341,6.1896275030141705
1342,7.426862371888099
1343,4.707760090846431
1344,6.295894723616787
1345,3.368799812465357
1346,5.51305110605315
1347,6.9090651807216465
1348,3.8868730589541727
1349,7.049236302020709
1350,7.1160591087341505
1351,3.9906510667169637
1352,6.889238026088217
1353,4.826151287332107
1354,6.962202582942905
1355,7.14222566171755
1356,4.503332833468932
1357,5.6915427268902885
1358,7.686784575591655
1359,5.712442849646438
1360,4.895344509458967
1361,8.538210343782742
1362,8.637174112294982
1363,4.024384252811624
1364,7.093488321977544
1365,4.436349771862196
1366,5.033795269049058
1367,9.627809890311765
1368,5.864419905431178
1369,7.761106064994579
1370,4.951284551657712
1371,7.723117552586094
1372,4.896669171271734
1373,7.317591251430214
1374,4.677634861315032
1375,6.957286967735626
1376,7.380134836893527
1377,5.484837838567498
1378,5.8590659417400754
1379,5.919667742232163
1380,5.390762092550301
1381,1.956233067371446
1382,9.254038314241036
1383,3.4114864115089034
1384,7.391491248546128
1385,7.837464772061449
1386,5.450738836093157
1387,5.342495801288728
1388,6.718519435008577
1389,6.460186173663335
1390,4.56489004431666
1391,4.52682410224769
1392,3.8978784619281943
1393,6.085004042930507
1394,5.040687425542169
1395,5.05224764474228
1396,7.177197634309338
1397,7.264069364848333
1398,7.519820161558735
1399,5.0425183248663386
1400,3.733102934864204
1401,4.743955299014447
1402,7.836457130975962
1403,7.685577064546038
1404,4.895807939163804
1405,6.409943392188808
1406,5.105038142602906
1407,3.03022186022319
1408,5.0557438849094405
1409,6.194759296737142
1410,5.960753003008392
1411,8.409138283239333
1412,5.141280353644092
1413,6.2910512729644665
1414,8.609729772822142
1415,9.105035757489407
1416,4.4682635508895014
1417,1.5243745139271383
1418,6.365106625908664
1419,6.266842748803013
1420,2.6812351727580883
1421,7.75689688063672
1422,9.072375734213649
1423,7.061614935290169
1424,7.590924553501069
1425,9.054819191314843
1426,8.054560063162628
1427,1.5172484830518271
1428,3.0821585021392823
1429,5.333015100661807
1430,3.1365766071703196
1431,7.075130795248675
1432,4.824059579559302
1433,7.925616552529677
1434,5.354463313451375
1435,7.722599128566793
1436,8.60999778257153
1437,7.519391596653937
1438,8.05757849961059
1439,7.184094939097462
1440,7.824365980218734
1441,4.718865594217932
1442,7.345263067343004
1443,7.144618959044341
1444,1.742077808578201
1445,8.787021609418165
1446,6.39568864681437
1447,6.625811795176855
1448,9.047606700223763
1449,5.662081939125324
1450,8.185355665054017
1451,7.251088680353892
1452,7.01161651245242
1453,5.798958717763822
1454,7.187778710713115
1455,7.322540328899771
1456,7.597542439002196
1457,6.441811901741118
1458,4.618937896398659
1459,8.14420884519129
1460,2.310368575333383
1461,6.411846599323455
1462,4.30876109505624
1463,3.361220679256923
1464,4.5848584485768615
1465,3.6762236124146153
1466,7.2097595637452905
1467,6.5100376906260955
1468,6.909587369857297
1469,9.087379172320691
1470,2.4894633821915337
1471,6.129972010037459
1472,3.9927523182964713
1473,8.163012654720433
1474,5.185854624706591
1475,4.446185006131507
1476,7.809282495364342
1477,6.4247367021488175
1478,7.2463968037033775
1479,3.810391142905355
1480,6.877407876916135
1481,7.1431318440683675
1482,7.013380007256805
1483,4.822344216107268
1484,4.647271317174328
1485,8.40918885463846
1486,1.6822700094262881
1487,3.0423115456920335
1488,2.4194476261800304
1489,4.343153803962314
1490,4.283677937839536
1491,6.8012857171936565
1492,6.322800791007954
1493,8.886089907663107
1494,3.617228282603151
1495,7.892001607778388
1496,4.992272964362826
1497,5.243254135265185
1498,6.56223769082399
1499,4.636865632419464
1500,8.562609947452163
1501,6.201095955474175
1502,7.304653957604156
1503,5.856229837575439
1504,5.196792995031875
1505,4.405711422783258
1506,7.2757448608895645
1507,6.896093945081126
1508,6.205183759249886
1509,3.2105281180759873
1510,4.736863106013096
1511,8.08021129720046
1512,2.521698478094268
1513,3.284540273687689
1514,8.523595059246212
1515,5.8170005875690425
1516,5.414268999756225
1517,7.56719999203539
1518,8.203547852435893
1519,6.196604157512038
1520,5.184030003306389
1521,4.915064530163837
1522,7.980464126801341
1523,5.861398166015064
1524,3.0965964631622622
1525,3.78532888880802
1526,8.9736991387191
1527,3.9950010689764044
1528,5.916721483031427
1529,6.990552613230238
1530,8.228120556122677
1531,4.823556817990628
1532,4.10783656550249
1533,6.321027993293738
1534,4.549594155796958
1535,5.0539374558048875
1536,8.90192067804946
1537,5.087962881103993
1538,6.999817776065798
1539,4.495791220818942
1540,6.762896231467299
1541,6.284892478978879
1542,6.779517180964168
1543,8.72025179474637
1544,6.66642195189069
1545,3.603165431445638
1546,7.478095568225795
1547,4.856897609698709
1548,7.781560376454042
1549,6.057727799806665
1550,6.257524961662634
1551,3.2536158420682257
1552,5.641738686518823
1553,4.417106957283848
1554,5.828553299646996
1555,5.673076311308508
1556,7.879145772253457
1557,7.433767663200196
1558,4.409328962913447
1559,5.512661757882193
1560,8.017921631526578
1561,5.267480636033443
1562,7.952490179856083
1563,5.483526679923883
1564,4.571541754714964
1565,4.886953354553359
1566,7.732171254146093
1567,6.379480228548599
1568,5.105817472686213
1569,3.4159379901040383
1570,5.1669580942947935
1571,5.3109474926346625
1572,8.768290852778595
1573,2.7347592154710516
1574,6.508015630281617
1575,3.939279757752126
1576,7.217637104313626
1577,5.178683372182837
1578,7.655077268540255
1579,4.0550812577314215
1580,7.5942574185833385
1581,6.818790947268892
1582,2.5603543109616225
1583,3.1163200319207918
1584,4.69985681892666
1585,6.923750136939695
1586,5.076366632618088
1587,6.878686755238093
1588,8.1359943872203
1589,5.560977477495433
1590,5.037335325615386
1591,8.18815303914394
1592,7.542753669316377
1593,3.6443866152962836
1594,4.330720436374828
1595,1.4354030575318566
1596,2.7291824047861706
1597,5.494737735041188
1598,6.984135431616018
1599,6.339184650592258
1600,2.6269176291354897
1601,6.3557354155086045
1602,7.583417786131914
1603,5.542282031616221
1604,7.302116932735892
1605,5.9836493508305075
1606,9.500013635438997
1607,9.31382103673233
1608,5.3500155257422675
1609,5.438816811715491
1610,8.32328821023673
1611,7.779014570241506
1612,7.718405187017251
1613,6.829939431208375
1614,5.546329824870908
1615,3.1711212851526835
1616,5.534725970893259
1617,5.915695709814512
1618,5.610136794752225
1619,7.476304034972835
1620,5.878133014083428
1621,4.57178270184754
1622,5.331054973308956
1623,7.376113488785238
1624,6.448381142039247
1625,7.21986079985128
1626,7.761229327641637
1627,8.143692101317429
1628,5.472053032233045
1629,6.664710283277408
1630,4.0610303190235255
1631,9.731842131351907
1632,8.139975784533268
1633,8.896982759761183
1634,7.276008182466198
1635,8.402225418617586
1636,6.090585198953674
1637,7.74876790032442
1638,7.8394433501830045
1639,8.16805987517968
1640,5.202104846533475
1641,5.553865508798621
1642,4.823563889765683
1643,4.877066188988369
1644,7.142650076315325
1645,7.8892496900443065
1646,5.882072221869663
1647,6.296180598392263
1648,9.002865600945885
1649,4.713987878660457
1650,4.826440848131994
1651,4.264515448948961
1652,8.181366231527953
1653,2.849081020480417
1654,5.798589808318794
1655,6.808509807774419
1656,3.5426870393780985
1657,7.62552256430325
1658,3.7872091345602676
1659,6.410170424483026
1660,8.540169211597982
1661,7.86316949652392
1662,7.143127357885703
1663,4.4224389884102795
1664,6.478241361956082
1665,6.282631673862039
1666,4.860827160831792
1667,4.171186846416257
1668,6.712837799047333
1669,6.898357295058601
1670,6.8063279365354115
1671,3.685801829773043
1672,3.9489853373677093
1673,9.737264727586386
1674,6.420451876422044
1675,2.4907233025566904
1676,7.911858621244804
1677,6.008800693077674
1678,3.028185200573724
1679,6.11865917753243
1680,3.4336167167876814
1681,5.803657238985871
1682,1.6909943161532561
1683,7.44233748705797
1684,7.186679009293786
1685,7.636854864384172
1686,4.574907056268638
1687,2.1781469556392707
1688,7.164275921656785
1689,7.145932019429332
1690,3.390533880988258
1691,7.297703401437447
1692,9.285196392023913
1693,6.990869621270036
1694,2.983513349677717
1695,3.143467938848153
1696,6.1042986158329935
1697,6.1096693967995135
1698,6.713304858529207
1699,4.947920959867543
1700,5.215805968929011
1701,4.5582180983213245
1702,4.116673124743356
1703,7.4542712719967135
1704,6.816871086992211
1705,5.773803118149143
1706,5.3944940990878685
1707,5.07761229708824
1708,7.558050984482411
1709,8.411301840471692
1710,6.368517051708513
1711,7.417580418688345
1712,5.725286270813433
1713,5.464495622545976
1714,7.8594911723183
1715,8.717697217315537
1716,6.314827930530236
1717,3.427341065707753
1718,4.812850893178862
1719,6.88544515159235
1720,8.557993017913176
1721,6.49141455039163
1722,2.3363004536653373
1723,7.308285099093246
1724,3.2680044295090958
1725,7.865154051341079
1726,6.071501400833106
1727,3.645814579598856
1728,6.482567195701189
1729,3.909465193336939
1730,4.455728462258334
1731,7.101003330203295
1732,7.973218118361575
1733,6.1846059593630445
1734,5.135997735899133
1735,2.4181588716829756
1736,8.463426175438036
1737,7.824096452252985
1738,8.714329025695413
1739,6.539731761336389
1740,7.269280548430959
1741,3.246380559845721
1742,6.654438128343267
1743,6.9311796350416035
1744,6.56306634721629
1745,6.573315607922992
1746,6.867500656280277
1747,5.597405718468291
1748,7.6229843671435615
1749,2.127721282298229
1750,6.385672291546893
1751,7.097853426945187
1752,8.087379739344172
1753,7.086479842115753
1754,6.8025155180738635
1755,5.501998169598558
1756,6.542184972611346
1757,9.544713289059429
1758,4.9565569711003405
1759,5.385615647200139
1760,5.211967765101086
1761,3.201576645146378
1762,4.96626657330149
1763,3.551250953342789
1764,4.35185621630124
1765,5.415796611969076
1766,6.352455822272207
1767,4.044303661964005
1768,8.3040864366817
1769,6.239373885862667
1770,5.954710297102233
1771,4.571490548589634
1772,5.3296238137838685
1773,4.22731803090294
1774,6.892064110782689
1775,6.832753499650174
1776,5.1262902437805264
1777,8.54941066038711
1778,6.106676731075582
1779,8.010650928465843
1780,8.270301139342761
1781,7.361285662337499
1782,6.973166894962718
1783,6.124455804143075
1784,7.0406825611926145
1785,3.747100415386803
1786,4.764054254287032
1787,2.7425215808169554
1788,5.896994871857498
1789,8.46547525475347
1790,9.111764910688683
1791,8.234319440143725
1792,5.821899948625931
1793,4.908893895096921
1794,6.483169951750611
1795,5.351166670503505
1796,6.757441665627515
1797,7.756222989843133
1798,5.278255497807839
1799,3.642357266518388
1800,6.118403674771432
1801,3.397000986225176
1802,5.366271524530619
1803,9.150288335923895
1804,7.2042624664958
1805,8.682967604960098
1806,4.538535751501842
1807,1.5275361976102955
1808,5.477455100090899
1809,6.215417024633621
1810,9.238078673440963
1811,5.072581069866759
1812,6.949122639783146
1813,5.941600269352637
1814,4.719087969160861
1815,6.6079677803792904
1816,6.471239029361016
1817,2.1091623198694682
1818,6.85478239728598
1819,7.295653440791474
1820,7.080644233559847
1821,8.200208060237284
1822,7.063615342359698
1823,4.690815099081308
1824,8.114956088769311
1825,5.901045544460901
1826,5.938031072338215
1827,9.418920986174527
1828,5.533032662315259
1829,3.4935258508941334
1830,4.1947392259452485
1831,5.7481102835708215
1832,5.485315914975233
1833,5.748980501063967
1834,3.899195331561256
1835,6.661835940017667
1836,6.967294311308564
1837,3.1666366592784456
1838,5.130737499340187
1839,7.428483000481295
1840,7.31563636414039
1841,4.660245639669331
1842,6.160737118722104
1843,7.484300479134537
1844,3.3408957530975587
1845,7.596160011843485
1846,6.37365604984619
1847,7.975408593029661
1848,8.301305790558025
1849,5.219200698082035
1850,5.331885361465718
1851,5.575695901069522
1852,2.181872513730725
1853,4.779418076807692
1854,5.148993882144434
1855,6.457306366115289
1856,3.284410890030922
1857,3.7855091967746684
1858,3.232717777352206
1859,4.544685340010796
1860,4.939372117022046
1861,4.04485980585897
1862,8.07544937127889
1863,5.352541306832176
1864,5.768330640259382
1865,6.124942020340981
1866,8.735467515936454
1867,7.4624816181061915
1868,7.312469852992773
1869,6.632637446733222
1870,5.151419027549723
1871,3.8275710361754363
1872,5.774429760912154
1873,6.960801510995613
1874,1.0594522366150858
1875,5.96541817288934
1876,5.731774390087111
1877,6.968644314860906
1878,5.237406178407518
1879,3.0853711220764017
1880,5.545869614111439
1881,3.4423385058287694
1882,7.5946884619047506
1883,5.38354493520433
1884,9.566566069842196
1885,7.329019524080837
1886,3.9504089575408123
1887,6.649245158485419
1888,4.1969738278264925
1889,8.42310919392645
1890,5.27089005527343
1891,6.417645360520883
1892,8.244259674764313
1893,7.823969088837263
1894,6.893849204782155
1895,7.264018386284594
1896,6.59138160606397
1897,6.553678007053075
1898,6.161392350094258
1899,8.879876791390707
1900,7.325357316479447
1901,6.6288759171897205
1902,5.468524031607046
1903,4.172590357208726
1904,5.893179531566966
1905,3.627874082611408
1906,4.771738597755009
1907,4.760573079873124
1908,7.483628055320591
1909,6.082585413492361
1910,5.889480022505864
1911,6.397541350133575
1912,6.9656871670441065
1913,6.819741119870486
1914,7.2554658331752115
1915,2.4246185739230772
1916,3.644607342921441
1917,3.9965630730770325
1918,7.077909748648501
1919,4.517143811382896
1920,7.424995311413587
1921,5.717340887039583
1922,6.068591387758431
1923,4.952319437909301
1924,7.889343348560523
1925,8.236135143409244
1926,6.80007326597778
1927,5.3135898387657745
1928,6.662950416308124
1929,5.4065845292147285
1930,7.738088705075952
1931,3.147945003341123
1932,7.891687821623137
1933,3.752912543630682
1934,6.483548288689953
1935,6.096770755806175
1936,2.793622665825918
1937,7.620346389319321
1938,2.165429302362531
1939,5.358228949123317
1940,3.5807001403541183
1941,4.803324710447356
1942,3.972573827794765
1943,8.439762940448055
1944,2.265854616864331
1945,4.478806246332385
1946,8.021315311620496
1947,8.575592157390455
1948,8.327182727708983
1949,6.729315205114442
1950,1.6668217562635534
1951,6.97796994904055
1952,8.430687834913554
1953,4.481584190049994
1954,3.8678043580479824
1955,4.8998578948926585
1956,6.473096246650832
1957,3.5832315522135505
1958,8.075190455419065
1959,2.3456251617020594
1960,8.824578219597118
1961,5.861857049908653
1962,4.282143739621609
1963,8.18906724475372
1964,5.331562150104244
1965,5.130429677904223
1966,7.990597747100114
1967,3.966089435417746
1968,6.703933666493359
1969,6.769545018232372
1970,5.443820393594197
1971,5.744572946851042
1972,8.40466940252565
1973,7.00486110756713
1974,4.651073463065475
1975,6.365681733049438
1976,5.61363405953485
1977,5.838652828016978
1978,7.910070516103068
1979,7.1740679450526965
1980,5.7307295358273835
1981,2.4997276740433385
1982,6.217260067986751
1983,7.117842321970578
1984,8.998285252380079
1985,3.909578917072366
1986,3.287953900864108
1987,4.23094265090484
1988,7.394944947189668
1989,4.109240703928137
1990,7.832477957640413
1991,5.7007140005893415
1992,9.024620629876974
1993,4.171713327050632
1994,5.699808751587211
1995,6.184770058019963
1996,6.396106417017117
1997,8.743896658233192
1998,4.698610059891212
1999,3.7015777873878744
2000,8.62762858183267
2001,4.048568410588909
2002,8.499207367324066
2003,5.126738754300295
2004,6.207509203144293
2005,7.464083150136686
2006,7.007930094852679
2007,5.086482085862958
2008,3.738790588264241
2009,3.147959498291979
2010,6.655242731033037
2011,5.878219190421516
2012,6.427084508078239
2013,8.63548362871812
2014,5.57284679908638
2015,4.076836192440655
2016,4.081853487944493
2017,4.669029262032675
2018,6.579479666136506
2019,7.274277679011555
2020,6.920483942543232
2021,3.5354921138490787
2022,6.803345693214868
2023,5.459504610838247
2024,6.433675280881959
2025,7.57444011763737
2026,7.989402898246614
2027,7.42972996062388
2028,2.934999323194516
2029,2.2047674828421817
2030,7.994518677301225
2031,3.7678764100521627
2032,8.658077942094398
2033,6.672537332152108
2034,4.304362098975338
2035,4.7300375259273695
2036,7.668290143883544
2037,5.663116939075411
2038,3.9495927726058415
2039,7.200843105398171
2040,7.590383651917299
2041,4.446149459126155
2042,4.909518102383164
2043,5.837717439227607
2044,5.810854328195719
2045,5.833204344190313
2046,6.692565289631366
2047,6.952575409821803
2048,2.871113795854392
2049,5.592877550205813
2050,2.223014742083238
2051,4.955034881950372
2052,0.9211798168320992
2053,5.116469608529879
2054,6.601354562902719
2055,6.716637552827681
2056,3.752176904769293
2057,6.926965224366869
2058,5.366689992909469
2059,7.258817197671449
2060,4.650268845507881
2061,2.8841604875656732
2062,4.652745309682507
2063,6.596406259098576
2064,4.767890565464592
2065,4.641299891572787
2066,9.011546071525869
2067,9.73479407914979
2068,8.453752252160474
2069,5.145324121150885
2070,6.236954975560948
2071,6.520626597542936
2072,4.329038719717634
2073,4.624591253035625
2074,4.1586079795976225
2075,3.7122079516224895
2076,3.6339919790789983
2077,5.569369395890669
2078,4.995249496280653
2079,6.684556554683855
2080,7.568743948047744
2081,8.837500039365201
2082,6.205335086335326
2083,6.283710873922985
2084,6.732744972373452
2085,8.32521958153787
2086,8.100271620804193
2087,4.362304376292496
2088,7.89654966094179
2089,8.92522753898163
2090,8.844760207405972
2091,5.586310372442028
2092,2.6610239715994126
2093,6.6231911873110425
2094,5.314457479238266
2095,3.7423672952290556
2096,4.246608827405313
2097,6.394115313912321
2098,7.234564290288805
2099,1.7308496057465481
2100,7.226426505997398
2101,3.3887591717245122
2102,7.220109866123166
2103,8.508616161227819
2104,6.020720430678418
2105,5.062839866248032
2106,7.693191130531612
2107,2.8436236513468605
2108,2.6661731134705615
2109,4.344216890627231
2110,6.636283849025068
2111,5.1355802852142585
2112,3.8794697474449085
2113,6.249799920761194
2114,7.3723964393663985
2115,3.3889376499341686
2116,5.153252709222879
2117,8.60059106946246
2118,5.887726453771817
2119,6.546489899289473
2120,7.7832878625903605
2121,4.959285160140453
2122,3.1552862090505656
2123,3.2030031665192515
2124,6.614632771103999
2125,6.56173389469042
2126,5.138252400764084
2127,6.340031912676164
2128,7.786999638518678
2129,4.207640296271793
2130,5.609397081540626
2131,5.456955295383749
2132,6.407209659020121
2133,5.450022149340201
2134,5.603049684979762
2135,2.9961090224508125
2136,2.549722469544305
2137,6.947801103009737
2138,3.1982256362054855
2139,6.007991792403153
2140,3.462013203135254
2141,7.1725630929287565
2142,2.870898247864553
2143,6.660554359572761
2144,6.4974054369129695
2145,9.860041386322123
2146,7.401464598075678
2147,7.290759413486941
2148,5.6747542508519
2149,8.375215363498114
2150,6.4864703425789685
2151,5.06011601440785
2152,5.015063716858709
2153,6.63116579341173
2154,6.703237235730658
2155,6.219495846066382
2156,7.134120529359278
2157,5.679754759084048
2158,7.966132340020937
2159,8.785140250650613
2160,4.806765696336999
2161,2.4261444410142294
2162,8.115089693142247
2163,6.2243849856511
2164,5.262638758545773
2165,5.964794292750481
2166,6.722289952159453
2167,7.513378187141624
2168,6.283851142414922
2169,7.290426439380667
2170,7.093303426261144
2171,6.324873784732177
2172,8.395739771938237
2173,2.4902532006911247
2174,4.3374079531868555
2175,5.351907677266843
2176,8.57645926860445
2177,6.366525892986036
2178,6.7770714642380705
2179,4.574735044679645
2180,5.4765684139309645
2181,2.726743734858375
2182,5.252861167444248
2183,5.440141110894368
2184,9.104531429326482
2185,8.396739746838504
2186,7.605324347794498
2187,3.6627267906339718
2188,5.0615690163537135
2189,6.274791239423748
2190,3.7550865391626793
2191,5.965166654471457
2192,8.774699437812156
2193,4.202240018897485
2194,6.243844011418969
2195,7.924900073982386
2196,9.088135829341452
2197,7.516410186042876
2198,4.071264991571908
2199,5.744779976805745
2200,7.49632406946026
2201,8.091279928006578
2202,7.650710500212497
2203,4.623143400435753
2204,8.547759652169699
2205,8.920173244859138
2206,5.228762980702775
2207,7.7446543818870355
2208,7.1814253043055105
2209,8.264750997268662
2210,1.438420776351292
2211,6.290062211897846
2212,9.075532448944346
2213,6.772241225681817
2214,7.662520463480039
2215,8.259467047285218
2216,3.2930068653918596
2217,7.652881122901291
2218,3.848992828358879
2219,3.037835503872577
2220,8.25448808117257
2221,8.054913354395989
2222,6.897863226840206
2223,4.1846313718298545
2224,5.50365231962833
2225,7.235289018310197
2226,6.695285949087326
2227,6.64105918261607
2228,5.034367641585665
2229,8.160954926862855
2230,7.485149204574521
2231,6.308177980296255
2232,6.513876728649994
2233,5.919970556661525
2234,7.6199930413243715
2235,6.844609746439934
2236,4.620019681403879
2237,4.793543011293345
2238,4.5986678853818255
2239,7.367142417669031
2240,5.879791807727259
2241,4.8461004958530065
2242,5.0796013088936505
2243,9.208370729841052
2244,6.700298390237999
2245,7.0382626998086195
2246,7.549403645422039
2247,9.269544815725636
2248,7.763756994115281
2249,4.654894507604935
2250,5.277255623985219
2251,7.032122400536968
2252,7.850994342001026
2253,5.5072089329128655
2254,8.5388445647463
2255,3.4233256118445032
2256,6.634383908740508
2257,5.37011276498499
2258,6.401697066327616
2259,4.097114790783861
2260,4.648106068211863
2261,8.03515668742983
2262,7.6830565904776815
2263,3.557461702389273
2264,8.686640838380905
2265,5.840370587593575
2266,6.709011968834904
2267,5.174266127930926
2268,1.8437405356291716
2269,7.721556183466825
2270,7.349747775472665
2271,6.429775959154693
2272,3.062050878196116
2273,4.951082531697416
2274,5.370526088677461
2275,8.563940163434147
2276,9.756017472991173
2277,6.324834264036376
2278,5.21359968885154
2279,9.485617869667742
2280,3.7080877209990923
2281,5.624494167493309
2282,4.1994449195442325
2283,5.6800457778464475
2284,6.3789160196379715
2285,4.3095741709820405
2286,5.398720990653829
2287,4.012098495452621
2288,3.9061640574489966
2289,5.34636786667028
2290,7.643802996973306
2291,8.385555229467275
2292,8.597373948043286
2293,8.12380471220485
2294,3.3706212581051442
2295,7.373299402482658
2296,8.037006323597245
2297,5.393215541960641
2298,8.222657118397272
2299,7.800936793183826
2300,4.497061242720579
2301,5.571604771933966
2302,7.8559280809944925
2303,6.257526178941219
2304,5.525891364448473
2305,4.908073285609702
2306,6.442958586433246
2307,5.7463203241721725
2308,7.754917379947207
2309,4.299145952780698
2310,3.4502696659629315
2311,6.617842745760008
2312,5.210043664286041
2313,8.691036916816827
2314,6.889740105747831
2315,3.1698871128623702
2316,8.941269672380354
2317,6.774971945677741
2318,6.914233616276602
2319,7.407867936128031
2320,6.1517934241280345
2321,6.512128892302646
2322,3.1303055333164056
2323,7.549850705568648
2324,6.907428221907341
2325,7.748479505469034
2326,4.821683391317033
2327,6.008653636276333
2328,4.875208415863836
2329,4.9885279617985026
2330,4.914583809628599
2331,3.4154961424625383
2332,5.5207202303769565
2333,6.915664381806218
2334,6.075194354091809
2335,7.245486069265208
2336,5.213614143366199
2337,4.260214486421239
2338,9.110200500391345
2339,4.686093761184269
2340,3.040044141710858
2341,2.0885421246585727
2342,3.941709531482607
2343,4.618957254284218
2344,6.939466927567292
2345,5.780518463317169
2346,2.9073621377121044
2347,9.365460208147605
2348,7.44782440786361
2349,3.9696100446504583
2350,4.114671151625733
2351,5.537942710102216
2352,3.61855523546043
2353,6.238410888840079
2354,6.208107919222699
2355,8.33613275372814
2356,6.848742826458818
2357,5.3009286531242354
2358,5.613344755461467
2359,7.551671095932367
2360,6.437285021457977
2361,4.653087846574676
2362,3.51452540056087
2363,8.761907939736913
2364,7.245303330547756
2365,4.457127297485874
2366,8.00649296232535
2367,6.747146275307449
2368,6.203178039197174
2369,1.9957992352272054
2370,3.020409570836265
2371,6.4866946201251885
2372,6.234435181106389
2373,7.021893236789834
2374,3.1179301400549457
2375,3.281831128323667
2376,7.096149384828304
2377,6.3350395197812155
2378,8.552104218342674
2379,4.389524817224148
2380,5.588881230028735
2381,9.053419757820455
2382,8.072693321914995
2383,3.2777042981242506
2384,7.707026334551715
2385,6.030074621070071
2386,5.447794688099431
2387,6.041440280124044
2388,4.334568942629277
2389,5.848389300025785
2390,7.308195102293391
2391,8.78557813788563
2392,6.137491662404472
2393,7.661944738036049
2394,5.64506012656019
2395,3.261144777860547
2396,8.321126764232625
2397,7.40789963526352
2398,4.2040342128629415
2399,8.536261082189453
2400,9.36303299049701
2401,4.831084920204105
2402,8.844072677493996
2403,2.4255539730148548
2404,6.940637648839842
2405,8.037112755931261
2406,7.418013270151328
2407,2.3492400146897707
2408,8.25465193993762
2409,5.417515906983007
2410,5.51119860007527
2411,8.273226726390101
2412,4.52407746790266
2413,6.018185846675216
2414,4.4518262457682365
2415,5.98581640097106
2416,6.462799409201231
2417,8.111884118140424
2418,6.5059482950207235
2419,4.707943862464544
2420,6.129232216114781
2421,5.196304981696348
2422,8.087974749572354
2423,2.644815070099803
2424,5.0393019856535135
2425,0.6079420532156123
2426,8.45365158968749
2427,5.073633115091624
2428,1.420251032079593
2429,7.171713030251549
2430,4.718118253767832
2431,4.216733705111851
2432,7.861067711183637
2433,4.626322633282409
2434,6.501265655473322
2435,6.31145896647591
2436,5.6319703111446255
2437,6.538482734482124
2438,6.998786535532973
2439,6.11051655209376
2440,8.09139156572536
2441,4.472275728934753
2442,4.789680714257374
2443,6.2491111602334835
2444,8.675286767280372
2445,8.386644440295056
2446,6.559767706862818
2447,7.242347625917601
2448,9.473322955979983
2449,4.487690731207428
2450,5.090902240297747
2451,6.413045130846143
2452,7.7322274136491504
2453,4.807591548488477
2454,6.103978516412364
2455,6.4866167799956
2456,3.439954322573416
2457,8.62399838374284
2458,8.182715725908238
2459,6.878740167047596
2460,4.422783549130083
2461,6.189550131172785
2462,3.381000559799929
2463,5.464916265461732
2464,7.421761297526739
2465,8.692311759218317
2466,5.462584550250017
2467,7.502382590602235
2468,7.438446271449612
2469,8.528693761686636
2470,5.240184086612209
2471,4.276014421382087
2472,5.193855373072001
2473,4.8610526399384835
2474,5.829663398306074
2475,5.52812899722799
2476,5.614341519951295
2477,6.248629065979633
2478,8.116284720433192
2479,6.175179085901525
2480,8.446722397850042
2481,4.886723413793568
2482,7.418212795475156
2483,3.3308698905400793
2484,7.644973089730997
2485,3.3522676628762227
2486,6.717076473388807
2487,5.152688614214129
2488,4.167625708011387
2489,3.7880316281390654
2490,4.356358942809313
2491,3.8071084625759624
2492,4.0066994204776
2493,7.259054731519601
2494,8.457215171735632
2495,6.127486216135408
2496,5.861873818929901
2497,7.185405917879422
2498,5.164694898833083
2499,4.482079486330162
2500,4.517278037528684
2501,6.818500789601271
2502,6.611139982772307
2503,6.371517168098532
2504,3.882029897863411
2505,7.175964570644333
2506,7.302060839179892
2507,3.883048710201485
2508,4.943014343379157
2509,3.9548071012484343
2510,7.082748664314644
2511,9.581702494648159
2512,4.697106002721406
2513,4.415380307196617
2514,6.721848649705062
2515,5.701587148025613
2516,2.4222712451510486
2517,7.328332925601246
2518,5.555397962887515
2519,5.1592266869130965
2520,3.1489529066548227
2521,5.899967659720486
2522,9.585871585003346
2523,6.330919542536068
2524,3.888003913496378
2525,9.584849267471137
2526,7.518083655421456
2527,8.205957487323474
2528,5.374554186421417
2529,2.282096495764206
2530,8.962467586536269
2531,8.622782819852238
2532,8.789356208235892
2533,4.800019651708917
2534,6.944985527554537
2535,5.659348248935975
2536,6.509110021543332
2537,7.370395825620166
2538,6.951648976152417
2539,7.751601286301168
2540,9.408422363404291
2541,5.557809115620239
2542,8.117472742499059
2543,9.217222109655813
2544,3.4950886293694485
2545,5.799803705910884
2546,5.422405722169216
2547,5.346895196845577
2548,5.265149953979447
2549,7.320617135182229
2550,8.155729421362654
2551,3.5532656693758833
2552,5.260768555895133
2553,7.719129636331386
2554,5.01349238463668
2555,5.435448389800541
2556,3.237699785591977
2557,6.818498708814304
2558,7.979612148750367
2559,8.035032214310146
2560,6.707189977433452
2561,6.08406420037295
2562,4.027022645075182
2563,5.716086492861437
2564,5.6020146043753885
2565,4.69304547424053
2566,6.676862215329352
2567,8.489791717762772
2568,4.179477918615135
2569,3.2278789823502407
2570,5.598534973802364
2571,8.879774064339465
2572,5.702556843930208
2573,4.126929716212608
2574,8.970875046501996
2575,9.19632494548477
2576,6.687406725850633
2577,4.794166484673955
2578,5.184847744555757
2579,3.531662564523303
2580,5.364901839043888
2581,10.0
2582,6.680624554839577
2583,7.604637594207186
2584,4.835562217727673
2585,6.197099705251515
2586,4.177671057546946
2587,2.88882924602246
2588,7.360299272885737
2589,6.109204554071706
2590,8.090785592328132
2591,8.411514679172434
2592,7.846926785708024
2593,3.4891606475103036
2594,7.402019445024447
2595,3.62470639593357
2596,3.6244859658834097
2597,8.368056665556216
2598,8.58475977087449
2599,3.1319518518083336
2600,4.242706996482456
2601,4.147368191126366
2602,7.746440049072618
2603,5.569259276422303
2604,4.78482570380809
2605,3.8747170472152987
2606,4.666862863346148
2607,7.175413626069947
2608,7.773107622131418
2609,7.29706319028444
2610,5.504016896532224
2611,6.53475694687185
2612,4.905911089680597
2613,8.982510547362331
2614,1.7189801505041833
2615,3.261859105252114
2616,7.131379835254943
2617,5.183555430777465
2618,7.507642620085047
2619,8.95572248569843
2620,1.0721326544061054
2621,3.90176272478848
2622,8.338260766029753
2623,7.067857522882526
2624,8.199005352300075
2625,7.1083739585017085
2626,8.422483218954381
2627,5.75776683682256
2628,1.8297379380153256
2629,8.471446161265442
2630,5.8162103146315065
2631,3.6011494610354626
2632,8.582401961610229
2633,7.563677449197596
2634,7.456789927197002
2635,2.9514253949128864
2636,4.933634576885354
2637,7.04007378957953
2638,6.049042485092925
2639,6.274048471231253
2640,6.676171251462331
2641,6.1284713454123345
2642,5.465532034329812
2643,8.171549633814502
2644,7.085341575873685
2645,7.73372154740487
2646,4.900712982699687
2647,5.822491027720257
2648,8.954861021308004
2649,7.959803329174096
2650,4.544219100949359
2651,7.390649917927863
2652,6.718294101196747
2653,5.490904676683293
2654,5.984823238526153
2655,6.9883160397605915
2656,9.382904417348133
2657,6.316164205698014
2658,5.709818672746555
2659,4.057846166418619
2660,5.739408794127988
2661,6.715671424180826
2662,5.137589908840459
2663,6.6521681693809525
2664,7.934144806147216
2665,5.7466793785834955
2666,2.8445304177936244
2667,8.054607080837487
2668,5.81695653224913
2669,4.952874614041859
2670,5.576529792016596
2671,7.211187688390453
2672,2.4229805822461596
2673,6.654794962508704
2674,5.757691472267237
2675,7.874066984080442
2676,7.92545981406275
2677,5.09760232188917
2678,7.561426796368993
2679,7.094101182336116
2680,3.7900237744451393
2681,3.4238830892620937
2682,8.072733872034151
2683,5.795331635036541
2684,5.22966632578474
2685,4.405082781731525
2686,4.358823912122065
2687,7.117636434889465
2688,2.792556938004597
2689,7.522316617921311
2690,2.635895353815055
2691,5.807973570674192
2692,9.716403074550312
2693,3.460214032344475
2694,4.710941222575954
2695,5.661478737925795
2696,2.3063373668039664
2697,4.142894343402012
2698,4.652410216230725
2699,8.626999944835617
2700,1.5926532482920772
2701,4.740614059218644
2702,5.53523586671295
2703,7.697361927439002
2704,8.487876534007798
2705,5.342257533249197
2706,6.570025370900085
2707,5.583149486869625
2708,4.526648884706023
2709,1.3895644918719794
2710,6.750185222097021
2711,6.660196357986992
2712,4.555858910015076
2713,9.38132906352753
2714,3.41296526517774
2715,3.6757906975805876
2716,3.6216190127686323
2717,2.2379509804701874
2718,4.582905182423046
2719,4.7296376814896615
2720,4.878452098935843
2721,5.95226898840334
2722,7.505468509422174
2723,6.7212684565574765
2724,3.5115721603120424
2725,7.364426285277262
2726,8.325146175337633
2727,7.932830087413044
2728,7.710217121816236
2729,2.6479086441227384
2730,7.203534336101713
2731,6.912903643304221
2732,6.018750276918809
2733,5.49997894334137
2734,8.207586815843404
2735,8.88206796607141
2736,5.028288196834282
2737,5.156140358526292
2738,5.257503587947456
2739,7.0776407416914875
2740,5.295222954594346
2741,5.56337375093761
2742,5.619506405108664
2743,3.2066799911512187
2744,2.379615561297097
2745,9.133027974344886
2746,6.588166161204358
2747,2.052315779999741
2748,6.593085140822284
2749,6.4811745104422505
2750,6.373508598805885
2751,6.536306784315733
2752,7.458481337303151
2753,7.053174214572699
2754,6.34025788790371
2755,7.260299134603362
2756,4.338116407347208
2757,5.83597729046463
2758,6.270006841986659
2759,3.7933917540504583
2760,7.132342072519198
2761,6.964734440140834
2762,3.303397894393709
2763,5.9844106599805205
2764,5.830986260247267
2765,6.822856669485387
2766,5.805372760733728
2767,8.521859196311752
2768,3.9047387588769134
2769,4.595525932428054
2770,2.4261151486829777
2771,4.867052491497417
2772,4.563012657320621
2773,7.849010023905417
2774,7.990787575789023
2775,8.621099946528446
2776,8.751027257468134
2777,6.829518274870471
2778,6.4318170318274985
2779,7.529787106128009
2780,6.105310117817461
2781,4.12784033136251
2782,9.193230892614128
2783,7.109020263246037
2784,7.75009981582066
2785,4.785636595032841
2786,5.297103813810023
2787,7.1379797512610175
2788,6.457176926188898
2789,6.1219365873094835
2790,2.9581579441683914
2791,8.574748749809391
2792,2.5348511788730477
2793,1.9489862167960017
2794,2.7200634558484826
2795,2.8496520054350762
2796,7.953427492343019
2797,7.167880093481234
2798,6.740001720779695
2799,3.6932183260234335
2800,3.481682291165046
2801,3.6336259618678266
2802,8.531640249092677
2803,5.636393211696893
2804,3.9447715735777633
2805,6.943349722595567
2806,4.844884076961901
2807,8.008953213541744
2808,8.14310523765546
2809,6.722120532215873
2810,7.4959733199677
2811,2.761565432336018
2812,7.113248292112296
2813,2.8707462289073034
2814,5.245741877891538
2815,9.012959331637296
2816,6.408990006818693
2817,6.184824055418315
2818,2.517066931837999
2819,6.872009319163658
2820,7.789500323502441
2821,6.92405803727053
2822,3.354470950823544
2823,4.638135560536218
2824,6.152195265726886
2825,4.1865476639579615
2826,9.549199639935939
2827,7.312861711784562
2828,6.329911809083265
2829,7.710250788087244
2830,5.396719727945603
2831,6.037247999512778
2832,7.752594170343735
2833,1.8036789458198264
2834,5.53422345056227
2835,6.651648622629866
2836,4.1873761569471135
2837,5.873849752029675
2838,8.624172852411036
2839,5.728534142653824
2840,6.071088987309029
2841,2.4701334969196758
2842,8.07657237859684
2843,6.403466225232388
2844,6.894143678667929
2845,4.366365266627084
2846,7.87514501775391
2847,6.619268120493802
2848,6.115886943304588
2849,5.557426429811907
2850,3.343516571330293
2851,1.8871097748061063
2852,7.217434818286927
2853,5.056557345182659
2854,5.342034044031212
2855,8.84044588262658
2856,3.397381917342136
2857,9.316829075698687
2858,7.4595334346473585
2859,6.491078649156432
2860,7.066749988589237
2861,7.39853895084741
2862,8.429127894849298
2863,7.281802728567503
2864,7.4618725660685055
2865,4.89994464539931
2866,8.16762507425037
2867,6.782156298364551
2868,8.725852956325104
2869,9.625729638834889
2870,6.03429088422308
2871,6.718728658091752
2872,6.250612600348142
2873,7.6290921136424865
2874,5.086574510241926
2875,6.940527581064117
2876,4.224769433960865
2877,3.6924579745457122
2878,5.935439218216444
2879,5.5557195973720255
2880,3.738113277312531
2881,9.793151116365912
2882,5.249639627843289
2883,5.678034006233109
2884,6.615744273489541
2885,6.465951516220539
2886,0.7771170406459125
2887,6.955599700550376
2888,8.483129861910388
2889,7.087564782392146
2890,7.548669963920368
2891,7.924968246915469
2892,8.351877274180213
2893,5.32233529003992
2894,9.45103286496867
2895,3.0121201733146212
2896,8.157590209867386
2897,4.924569859530794
2898,3.3553272765157525
2899,3.2860090739346126
2900,5.61188943074048
2901,3.422387385072202
2902,9.084527345609496
2903,8.039008873641379
2904,4.41789701592987
2905,7.515832110075997
2906,7.869832184652009
2907,6.788521171809838
2908,5.99672803082038
2909,1.5294742978031457
2910,6.002022093295957
2911,8.91898709377202
2912,4.04510139942802
2913,6.809459061589034
2914,3.552148608378834
2915,5.459149562086503
2916,8.4713281527579
2917,3.4298932068887495
2918,8.409816850307546
2919,4.222308233732716
2920,7.078290319745713
2921,7.696015416291921
2922,3.5317832306083297
2923,7.430312551522367
2924,7.414036708397338
2925,6.435960210483264
2926,7.329679241515763
2927,1.8401900917124319
2928,3.9248051231270744
2929,7.670830915498365
2930,5.167791399713456
2931,4.0306202799765956
2932,6.297468359528
2933,3.389848258160706
2934,2.5542252353603834
2935,6.475539875088254
2936,9.538949565504142
2937,4.615527567740028
2938,4.471316708238945
2939,5.86459881870074
2940,5.665948154965707
2941,9.15445163257601
2942,5.2153611554111485
2943,5.977946542648768
2944,4.718216939421408
2945,7.260245269950083
2946,7.904545045952004
2947,6.638425332509421
2948,1.7597076927620714
2949,6.079431020416362
2950,7.400545840751215
2951,5.208691909924161
2952,5.491075681827042
2953,5.664196392699356
2954,6.258456226124224
2955,3.567978164432809
2956,4.982556253147294
2957,6.5581213238468115
2958,7.645404953661404
2959,5.830928865203937
2960,6.413326283736156
2961,3.765293828080577
2962,8.251866119434286
2963,7.754373796569803
2964,2.5514245595270135
2965,3.0988373843121897
2966,4.898649783451982
2967,6.12929956465358
2968,6.288534861958868
2969,5.304393452042127
2970,3.4596057667478646
2971,8.641386141107695
2972,10.0
2973,6.5975777717875825
2974,5.074275922263397
2975,5.359840973868086
2976,6.950386584427546
2977,4.818639632545628
2978,7.877559110963869
2979,6.88621310906967
2980,3.808045662921366
2981,9.462310939077234
2982,4.74670824684167
2983,4.689607533863149
2984,8.311989767152099
2985,6.798634465136914
2986,6.331404742689431
2987,8.843214125787197
2988,6.830572382064648
2989,9.358478023569202
2990,6.608191188191324
2991,4.920820025503977
2992,6.532536705391905
2993,6.386395374488172
2994,6.073707349360185
2995,6.2466912681680835
2996,7.007138803136799
2997,9.747885511461641
2998,6.115005225072391
2999,4.9363346502243495
3000,9.010416077219546
3001,8.254667970852898
3002,6.862064896813289
3003,5.3579271129496595
3004,7.534440867355911
3005,6.38231955250715
3006,6.534958553917301
3007,6.69462605470659
3008,9.051380722106789
3009,7.35763565701739
3010,4.593427091120768
3011,4.276500661634927
3012,8.093077942759098
3013,7.32604900988525
3014,5.053165572323518
3015,1.5562263271652972
3016,8.255704501281926
3017,5.6187298736289835
3018,8.622506732370915
3019,4.26703751669404
3020,3.94854562938521
3021,6.2284829179853665
3022,4.441378398234816
3023,6.1102171470844
3024,7.833956222368271
3025,2.829327338470225
3026,3.618137693112783
3027,6.011871540576083
3028,7.675285128930506
3029,4.567604053430482
3030,7.0014307462744645
3031,4.4410512509582
3032,7.101924265197431
3033,5.213447575480177
3034,7.238825705410896
3035,7.97837700381535
3036,6.999149602385367
3037,6.312479454690564
3038,5.921141813279206
3039,8.739154264334909
3040,6.514070031487137
3041,6.6488237728529604
3042,2.3998598810098644
3043,4.753162738196508
3044,5.612371873248956
3045,7.769830279655688
3046,9.426871267590089
3047,6.438179466687608
3048,4.861645642592274
3049,7.97932789341103
3050,6.201255067316342
3051,8.465697267661106
3052,3.0799362904417724
3053,6.412334145400485
3054,7.414150984268572
3055,6.644101383370585
3056,6.981175866839876
3057,7.395744898845391
3058,8.931176880614386
3059,8.159580026537103
3060,4.209857871785399
3061,5.5574052698319925
3062,3.827021952218545
3063,4.559765126038709
3064,4.322187181403222
3065,4.355367374545204
3066,7.477741639728086
3067,7.4354104802969765
3068,3.1228462449555363
3069,3.363263204763923
3070,5.757597188587477
3071,7.242567026092687
3072,4.848559712457435
3073,6.966438027380765
3074,4.582436925434445
3075,7.1812301859087135
3076,3.283117184553405
3077,6.778400219681246
3078,8.490486966608943
3079,8.204322862499632
3080,8.72118149353004
3081,6.061154603050501
3082,7.754035855116256
3083,7.107869088690698
3084,6.487540251892291
3085,8.695552720199402
3086,5.927518239357901
3087,6.131587573782293
3088,3.6629178644225204
3089,5.23469238161223
3090,9.273369850619375
3091,4.627205088971192
3092,2.8744090932329867
3093,4.069423866289613
3094,3.9221048233364417
3095,3.657400030790001
3096,4.065742068783093
3097,5.682377632889099
3098,7.9974167796083275
3099,3.5262793309935327
3100,3.0045475522251195
3101,3.86791091954011
3102,8.108389746161569
3103,8.252405894025861
3104,5.036690593178093
3105,5.638144886656269
3106,7.102139822589538
3107,6.631296861461327
3108,6.793740362568347
3109,8.602268882293867
3110,6.757886105680716
3111,4.567870312354935
3112,7.045173869064179
3113,5.141743596336244
3114,5.245204288548383
3115,6.109568016777013
3116,6.064272716959639
3117,7.344095009716669
3118,4.089780165879705
3119,8.627557413270061
3120,6.090392895670385
3121,6.030097741525852
3122,6.754941242676158
3123,6.084997697817553
3124,4.298313745119028
3125,6.13148744338208
3126,7.04359290208129
3127,4.606248227781507
3128,2.665419882980061
3129,5.30531739595545
3130,5.191686032816255
3131,4.706186690428004
3132,4.768117037653112
3133,6.428319227259141
3134,7.154335224655217
3135,5.189535870758652
3136,3.696691925340889
3137,2.3351543364153424
3138,3.801022470735169
3139,6.710722319934947
3140,9.772821322398269
3141,6.983559905091076
3142,5.241125198694626
3143,6.275219740130829
3144,6.2330170615160645
3145,3.2871017087288013
3146,5.514510799245791
3147,6.1995368126324495
3148,2.9512915385920717
3149,7.962176957806685
3150,6.736224509506332
3151,4.59559110467624
3152,5.572155805723526
3153,3.918519633678141
3154,4.129553498543096
3155,2.81874906472277
3156,7.221944576971539
3157,7.666986195117718
3158,6.493193160713808
3159,6.210050907309208
3160,3.1270006046525642
3161,8.259710283476519
3162,6.6043215636402435
3163,7.365239586960315
3164,8.16059714996182
3165,6.873457008566201
3166,4.7349009747115955
3167,3.5315222161902726
3168,9.001353541570767
3169,4.2509986624052845
3170,6.541853370612791
3171,5.367454278829096
3172,6.450447379669313
3173,3.5624459131664
3174,6.950019756722691
3175,1.96206384070672
3176,5.429792459480435
3177,7.216292232788845
3178,4.966549906716665
3179,3.1168717445584275
3180,7.036204030906867
3181,5.183964843674555
3182,5.709815023542827
3183,7.073922985931279
3184,8.045650535405633
3185,4.76181362521788
3186,4.765051145360488
3187,5.442293160581647
3188,5.354600347821503
3189,3.422091294726848
3190,2.1228975908073493
3191,8.097797369760524
3192,5.3745075932387
3193,5.749532143911077
3194,7.374132603863783
3195,2.8933159495901712
3196,8.252145079349603
3197,6.661767647169873
3198,7.4477353265450414
3199,3.7893223125247895
3200,5.610384585317401
3201,8.534615556156146
3202,7.215175897129106
3203,6.10992888137802
3204,7.803142773871251
3205,6.655640683821475
3206,5.529012438800047
3207,7.3976239169300975
3208,5.494478125539887
3209,3.4337563600444923
3210,5.924510577155567
3211,3.5362237524020266
3212,1.4852952059227138
3213,8.864349279831295
3214,5.292160094030451
3215,5.171737199483914
3216,5.571384830364008
3217,4.7387057510778705
3218,2.8201299741536934
3219,6.212271009732975
3220,7.119591602164951
3221,7.588605451908246
3222,6.929134020395806
3223,7.384645956067018
3224,3.8173278674973843
3225,3.9843093074510394
3226,4.822690926859954
3227,8.829849347082737
3228,4.293202364717346
3229,8.432500683323877
3230,8.572717124405537
3231,7.693339982064725
3232,5.818671514006458
3233,4.765903794835756
3234,4.588804236604501
3235,8.006457329860343
3236,5.823425169190964
3237,7.252485082247541
3238,3.663823057752918
3239,6.755081132335259
3240,5.1017903153962045
3241,8.086783596790367
3242,5.074069777180132
3243,3.964528237206038
3244,7.452336509102655
3245,6.251021019101148
3246,2.233547529632628
3247,6.720718648429097
3248,9.04383279079039
3249,2.123648572265652
3250,5.371863708044558
3251,5.77358873891426
3252,6.146537726633354
3253,5.697448710989358
3254,4.597827045247063
3255,4.777206842467879
3256,7.782479388632562
3257,6.437727048389903
3258,8.514701215561926
3259,6.85665834730834
3260,6.865883207076195
3261,8.204406003720628
3262,8.135895951075774
3263,9.17748732907832
3264,5.523710771982142
3265,8.181921845344627
3266,7.125266739821734
3267,8.348801888841782
3268,7.337290299934912
3269,5.571567316943258
3270,6.446950374322719
3271,5.250849417926918
3272,6.669259941902165
3273,7.856927620622547
3274,1.8397753729421362
3275,6.86290724790754
3276,6.4267690021147885
3277,1.990193578144138
3278,4.441987300877951
3279,9.436430904019943
3280,6.635212748573894
3281,5.147577879274495
3282,6.946243811287164
3283,7.1361251743007665
3284,6.758989267653622
3285,7.19916802104929
3286,4.174075245174584
3287,9.24071543986544
3288,5.925229340624972
3289,6.459165189265968
3290,5.558304469204907
3291,4.685603863544685
3292,3.826806911952767
3293,5.636469430869759
3294,6.453833469616653
3295,4.9510049865020935
3296,7.034292767571914
3297,7.037911715267821
3298,6.538227977597878
3299,5.181835032291318
3300,5.506578148718562
3301,5.616412736157891
3302,5.627105201761902
3303,5.013102738826804
3304,5.3560646041883455
3305,6.117607237010302
3306,5.837212122544738
3307,6.602322909945902
3308,2.3827930388658363
3309,7.334193349436138
3310,6.745787880734504
3311,8.270199703031366
3312,4.993549778448218
3313,6.201007257674052
3314,6.24587169029148
3315,4.481789227357451
3316,6.880384676887452
3317,7.69037758241172
3318,1.5970624600516852
3319,8.525484764271651
3320,7.0410693472790555
3321,4.314675256305627
3322,1.982619951423002
3323,8.320861845235488
3324,6.666382719236704
3325,6.46341702329679
3326,9.978175594388075
3327,7.4251049884771945
3328,6.427501501777027
3329,4.622987581959108
3330,7.085188832292367
3331,6.991843983762053
3332,5.558936414078437
3333,5.363619638284468
3334,5.022641466868196
3335,6.352230832568478
3336,4.108631692672497
3337,2.689010913874394
3338,6.544664198279089
3339,4.512911310754965
3340,7.853682572631124
3341,8.258182176788004
3342,7.08651094155564
3343,5.935411520975153
3344,4.787762628533884
3345,6.752352157867926
3346,6.760483259036501
3347,9.269219085927553
3348,8.537005913503076
3349,7.5245942498089295
3350,8.301032616710087
3351,5.132777547083302
3352,5.235118933624856
3353,6.893388905510018
3354,7.26152891637023
3355,6.390488369738627
3356,7.003004424611851
3357,8.033322292205396
3358,8.557177546575605
3359,6.106864145575406
3360,6.4114149679574854
3361,8.037230548930888
3362,7.479846746276394
3363,6.191819227456313
3364,7.300633329796908
3365,2.282446770484185
3366,5.066599083302135
3367,5.457290589747657
3368,7.431383370593839
3369,5.907717716417923
3370,4.49635042315639
3371,6.552002536733615
3372,6.92942443222613
3373,7.5094404519405415
3374,6.143712853268391
3375,5.468519361559826
3376,8.770511614593456
3377,4.283889335651374
3378,6.955832047576034
3379,5.746255150170627
3380,6.740232325069383
3381,8.158903761502986
3382,3.3354039337650443
3383,6.257615051770455
3384,6.719524139661879
3385,7.963284910463232
3386,4.310262582267195
3387,8.12105735343241
3388,8.74826608499985
3389,7.556815775991229
3390,7.8933883548326165
3391,7.897909736152155
3392,3.5372485160090315
3393,7.026747554718266
3394,6.221064991549257
3395,5.6562839879469475
3396,4.337144872843317
3397,9.473197775783312
3398,9.899511569894376
3399,2.4820446061235533
3400,9.549784318777576
3401,6.062886056966668
3402,6.571069697375094
3403,5.4911584094112325
3404,6.0147573361570705
3405,6.001647574696833
3406,7.750438543983855
3407,7.5084308707553
3408,6.264417133844786
3409,4.763936570087755
3410,4.972696920747814
3411,4.908936236510015
3412,4.181964872168837
3413,6.570343125879363
3414,5.722559894475674
3415,6.474544956861605
3416,5.666770487911142
3417,5.900340919185587
3418,4.688085955645998
3419,6.082418637168577
3420,4.828722071579964
3421,5.7214905446054045
3422,7.339531965227762
3423,4.575594973105899
3424,7.374250894575658
3425,5.052517904776199
3426,9.259586705624272
3427,4.528339295925724
3428,5.6364854729273235
3429,7.138688310966822
3430,6.295079253210146
3431,5.811367488898232
3432,2.244614459861697
3433,7.28958159321653
3434,6.444638780485238
3435,6.385238421172335
3436,4.87426103853716
3437,4.531745242682582
3438,8.726983703222164
3439,5.112403370164328
3440,5.837120556257991
3441,3.0212257504535236
3442,7.470461836528782
3443,2.7036101878173064
3444,5.6150290782729355
3445,6.889247505853957
3446,8.992249386652897
3447,7.976753989716946
3448,5.225133736058405
3449,5.148343114286744
3450,5.28971018612466
3451,9.040347928814562
3452,9.501355150396888
3453,8.696208512007654
3454,2.1488685924372346
3455,3.9370605567172463
3456,4.735598442490076
3457,6.392723881239705
3458,4.395540244237268
3459,8.51107677195778
3460,1.7018029725564612
3461,5.797411224002702
3462,6.142556062809609
3463,4.193605111774462
3464,7.270497623522927
3465,5.6630185887315365
3466,7.1431801349388095
3467,4.7256468570305525
3468,4.743294858756337
3469,4.280603527022188
3470,5.592969461015923
3471,4.7834891086512785
3472,4.086930360236669
3473,5.3243898231396685
3474,9.192230061078579
3475,4.4992082455708005
3476,2.480046004801027
3477,3.980371470140014
3478,5.336688901307159
3479,7.24875239232459
3480,6.53249726015855
3481,3.6491599671457164
3482,6.60292078082615
3483,9.13001073868555
3484,5.284959379954774
3485,5.6732895861979475
3486,6.140370198045042
3487,5.01759952250569
3488,5.8074591819740675
3489,4.098708435868666
3490,4.0043596788908
3491,8.006794563614799
3492,8.63033045444633
3493,7.408676797773134
3494,9.062935692409704
3495,6.1756261559787
3496,8.070900853435644
3497,2.001036275650837
3498,5.92720815357067
3499,6.486767038200634
3500,8.379911660094546
3501,4.201568201354788
3502,2.511591235552762
3503,4.206826081731838
3504,3.8366922167952713
3505,1.5665786876574777
3506,6.052868609012387
3507,7.763695505741303
3508,7.039659740821941
3509,7.216809557613663
3510,4.69534049191907
3511,6.513720961080541
3512,6.026220756175963
3513,6.266867042148471
3514,6.522744040509407
3515,5.43288299211946
3516,5.097516139016115
3517,9.25858958377264
3518,1.2198013689899343
3519,6.72513277951901
3520,5.633218952262293
3521,6.359918943483482
3522,8.928763844207207
3523,5.159994941247991
3524,7.263055356798411
3525,8.97981713281345
3526,3.037259441079562
3527,5.65210501920188
3528,7.762872599321467
3529,9.571693093988038
3530,8.254719027320895
3531,4.168238627160148
3532,6.22292722569498
3533,7.443474512895379
3534,6.892895751865027
3535,9.448641017294403
3536,6.476813153676317
3537,4.034329644417295
3538,7.348574029993315
3539,7.500166843038427
3540,5.567203738652845
3541,6.885794435873066
3542,7.262339646301534
3543,6.388809095595248
3544,8.215715350068628
3545,7.467892682039937
3546,7.720830281968082
3547,6.545440722707907
3548,5.97964027361855
3549,5.177731468823241
3550,6.26415660916717
3551,8.278815398002363
3552,8.289336769733055
3553,7.965990935109872
3554,5.317764883141066
3555,7.6769594860112225
3556,5.702296190766063
3557,2.9924125234430647
3558,3.321904623445263
3559,5.382043510814204
3560,4.212611085404735
3561,6.232620703851426
3562,5.345199076265969
3563,7.72525658760715
3564,8.426195845587573
3565,5.689736887600572
3566,5.532565058380165
3567,4.615450795936478
3568,6.493354998152176
3569,7.00458283126472
3570,5.8396658278353755
3571,6.022229103240309
3572,2.17619663983476
3573,8.459331485337461
3574,5.19709601958896
3575,4.955011229547433
3576,7.883668432913029
3577,4.287772413514659
3578,8.578439521983109
3579,5.2873749083740105
3580,4.666747991103426
3581,1.8975736975244453
3582,5.966132818207575
3583,5.59952743633165
3584,3.152262031273139
3585,8.245261173038834
3586,6.426237569364432
3587,5.457187729215039
3588,4.6817092972884256
3589,4.855364443000904
3590,2.6094536825746926
3591,7.496477120373243
3592,5.732612980192951
3593,8.04070666183702
3594,6.540737904886483
3595,4.8541009130698445
3596,7.7790300437697
3597,6.406086970058027
3598,5.786711362529283
3599,6.596030053605019
3600,4.908107468171173
3601,6.54846565718732
3602,3.4525669152817966
3603,8.652063414652666
3604,5.194575445912696
3605,5.673782284507721
3606,1.2255840941013545
3607,4.5049263326860345
3608,6.502707852774242
3609,5.399323497535575
3610,5.53485383622853
3611,8.933588792476087
3612,6.127165716214815
3613,4.9148189565175535
3614,3.6790979074477366
3615,1.6770293778673317
3616,7.77448071388126
3617,5.998111209015924
3618,7.454730428267779
3619,6.571396897003545
3620,5.33572259247562
3621,4.05984631216809
3622,6.2788727214383435
3623,4.5666120162828205
3624,8.707308008114577
3625,6.4339786491414275
3626,8.94798927931913
3627,6.773291305233317
3628,6.656766963204733
3629,3.957303874916611
3630,6.053365153704388
3631,1.6187038026634586
3632,9.462125715509432
3633,6.098987277941616
3634,5.965739598347076
3635,5.946732827564581
3636,6.230594296878468
3637,2.313790437957807
3638,5.599862630063662
3639,3.4277253338309035
3640,4.079664482856506
3641,3.754737817809939
3642,3.600432490521963
3643,7.613986160950619
3644,7.0530966651872475
3645,7.250166569546058
3646,3.3720280783926078
3647,6.429437540907179
3648,7.5084364647613935
3649,9.585211949016506
3650,8.220005771004866
3651,7.671331836172406
3652,8.590371191275448
3653,6.472109087560515
3654,5.669462445700617
3655,8.709919287919014
3656,3.1302924344876386
3657,8.743869424459428
3658,5.662673262466794
3659,4.388270660945677
3660,7.819109260160789
3661,7.088649693855402
3662,6.158956754028879
3663,5.4798601783159775
3664,8.474723146755826
3665,4.278822730971514
3666,8.004207797134448
3667,6.817543965990176
3668,7.281811980462632
3669,4.743866919174221
3670,3.469775056001243
3671,6.918066055269927
3672,3.203399192242803
3673,6.427061305842305
3674,2.6334468221174347
3675,2.247443880770993
3676,5.653569070756036
3677,5.388599018146417
3678,5.508992078015139
3679,6.401354928878741
3680,10.0
3681,5.6133098884804475
3682,8.969037947005663
3683,8.824763696328896
3684,1.417306833627149
3685,5.34409188498508
3686,7.081968712518503
3687,6.4004407807890304
3688,3.0833679136739205
3689,7.117846910271427
3690,5.883279511388361
3691,7.01078427126331
3692,8.042707256518867
3693,8.879895359869145
3694,6.312551456358077
3695,7.7585989879387975
3696,6.485236567539276
3697,8.322995452711458
3698,5.18697343106025
3699,4.758279743402777
3700,2.831777079700882
3701,3.7576786013807633
3702,9.224713786097468
3703,3.6566557401211606
3704,7.391403760878702
3705,7.116908268947409
3706,3.4510074460155264
3707,4.327190128653526
3708,2.580538667937024
3709,6.082410676372303
3710,6.0892370206436865
3711,8.326834523713886
3712,5.680884599759597
3713,3.7771571342976453
3714,5.110160500383795
3715,7.860414734064518
3716,5.466998410665705
3717,6.279445475521471
3718,7.047894048485138
3719,6.743131224531192
3720,7.844259641938912
3721,7.958150283463838
3722,7.09001806114988
3723,4.028452048532455
3724,8.237841022168203
3725,6.081769696844954
3726,2.7782789626766253
3727,6.471438722760532
3728,7.284228051881046
3729,6.626397816230586
3730,0.3555460272585418
3731,6.44467000814295
3732,5.002872665727212
3733,7.425559247043328
3734,6.814963047509218
3735,1.9375414932573138
3736,6.327302891895865
3737,7.454632468098585
3738,5.791304201393936
3739,8.492725101751246
3740,6.775718744419812
3741,3.760880824694739
3742,8.80834895845625
3743,4.656122255326205
3744,5.718113503211895
3745,4.842003040771791
3746,9.583821216042846
3747,7.77154925385301
3748,6.616993722481508
3749,7.36759332145413
3750,2.520615484960407
3751,3.6757518663579445
3752,6.224983785153606
3753,3.848344249706946
3754,4.100522340479397
3755,6.290036557482434
3756,3.4422971658296384
3757,7.797517110762306
3758,7.852385217614441
3759,6.936522727868886
3760,8.916147233278252
3761,7.050799795476641
3762,4.348164858367479
3763,8.32579402732189
3764,4.652454350102062
3765,9.00496204431225
3766,3.41869085375753
3767,5.740270148334309
3768,6.10140076672299
3769,6.196656184033778
3770,3.7978848585190708
3771,6.061748581851297
3772,3.2708793251788517
3773,4.751484649229887
3774,6.066955718107206
3775,6.569852290652485
3776,7.41652185386922
3777,0.9743323774714866
3778,6.1041942174404715
3779,3.5156702474014754
3780,2.893226045068152
3781,4.3655345733691275
3782,5.3070167375886435
3783,3.875290865948891
3784,4.1150856165020615
3785,8.148892945594138
3786,1.9260557147732729
3787,8.242387664988733
3788,4.964564936247528
3789,7.42536490100986
3790,7.7239410351619435
3791,5.124836116558599
3792,8.51263265566121
3793,4.365342266369918
3794,4.765739763247789
3795,4.505046010290543
3796,3.944815597115819
3797,6.439293781377081
3798,3.68895426347343
3799,6.166868384839835
3800,5.0515534100319694
3801,8.578043952847585
3802,3.9656751105787356
3803,1.569917421337962
3804,9.10094090615155
3805,2.0433958784916877
3806,8.054696151190155
3807,3.0977886892092856
3808,4.124094911581917
3809,9.124246279729803
3810,4.89213175308576
3811,7.326008912027514
3812,6.397237173051437
3813,6.7162277765850735
3814,4.904348674254414
3815,6.891608211283361
3816,5.403638308279544
3817,6.351107175488664
3818,4.674277910912098
3819,5.8879992792485245
3820,8.482334926585738
3821,4.2618790122756645
3822,7.985309262647598
3823,7.1802296673848085
3824,8.589946012585882
3825,7.829377771889091
3826,4.6610100928406375
3827,9.387206579513558
3828,6.376913614623878
3829,5.892668163417236
3830,6.45184783892297
3831,9.166135445362153
3832,7.547943321000119
3833,5.213181496936533
3834,5.7625875511516185
3835,8.607635016314571
3836,5.730641700592417
3837,3.6095566588793626
3838,6.704705992573483
3839,3.737112864054432
3840,8.733149732408373
3841,7.236288885147332
3842,5.675111849361157
3843,5.477590043153196
3844,4.705387261807323
3845,8.782264565045965
3846,2.837214056443657
3847,5.830090139418759
3848,6.595443642908862
3849,3.7840312133221943
3850,9.16344886536472
3851,3.279185905265487
3852,4.762793236419486
3853,6.134728699007005
3854,3.317143750935146
3855,4.258327149432115
3856,5.293310723426632
3857,7.074806401231741
3858,9.495300664948608
3859,3.6292421785927553
3860,5.639602088574084
3861,6.77387217547542
3862,2.441795356560181
3863,4.725780209813164
3864,8.01894523257864
3865,6.192247445790694
3866,5.629838889981193
3867,6.368914516988767
3868,4.2941677991517935
3869,6.308804872459889
3870,7.016634143596832
3871,6.246281415888251
3872,5.764958662941437
3873,5.597807421022841
3874,6.871484114428359
3875,6.129837635953519
3876,7.691505545910848
3877,6.680084504592713
3878,6.96467521452225
3879,1.913452084760309
3880,7.1222225994059745
3881,5.212410076311289
3882,7.144873483071043
3883,8.27565571048482
3884,7.929508897768425
3885,4.203019960402882
3886,2.346893731136021
3887,2.391351092922999
3888,7.789253828571913
3889,6.628792501383423
3890,9.217235565410235
3891,6.670255254803659
3892,3.1505423810716655
3893,2.8980189423066705
3894,7.393283515103017
3895,5.813494154343446
3896,5.442313350725767
3897,3.393845494262488
3898,6.417945832954638
3899,2.2522214465856853
3900,5.025852258488855
3901,7.182217627076776
3902,8.399928256426664
3903,8.720014948525726
3904,6.073159094607489
3905,7.2987554194746
3906,1.3293784459361917
3907,8.738181452468918
3908,3.7718537835217383
3909,1.2594496222270475
3910,7.467332229108756
3911,6.966965265309414
3912,4.0815287384013414
3913,5.053908712408953
3914,5.254502095352491
3915,6.149760131108431
3916,9.208526516943405
3917,1.9565920478525625
3918,6.292406458055379
3919,6.368249587669658
3920,0.4028674154925418
3921,6.2304063028255365
3922,3.281923767699856
3923,6.907093266560545
3924,5.748413223653322
3925,7.868956791870109
3926,6.543089767399894
3927,3.036645438835015
3928,6.74268995405252
3929,2.2678244846553235
3930,6.252322417083252
3931,4.331910307834155
3932,3.521356596406763
3933,5.715262535355338
3934,1.5619677907646274
3935,4.588793453833344
3936,7.4276879445579524
3937,5.068707033614546
3938,4.333092345313127
3939,4.682849896390231
3940,7.336497522453018
3941,3.254922292679981
3942,3.4340557578378688
3943,6.349359605482033
3944,5.076468773462341
3945,4.372279350305834
3946,5.794620509303452
3947,8.144062274108453
3948,8.489043762338603
3949,3.6529352717828565
3950,2.3020825522786477
3951,5.990120146810694
3952,3.524542874743024
3953,6.703192395767189
3954,6.166873755077865
3955,7.277529753765232
3956,5.689485256382045
3957,5.491333744520576
3958,4.674761528239114
3959,8.207165376393338
3960,7.515345618823795
3961,3.8264029682377267
3962,7.4220665171470595
3963,4.289882528042748
3964,3.807328707767978
3965,6.564458656311303
3966,5.500922524221596
3967,4.728510030532297
3968,6.869412268267653
3969,1.3935678416424109
3970,9.042182727319208
3971,8.59171002020434
3972,6.255622456537562
3973,3.7239070987807232
3974,9.239691767055962
3975,4.792717213341108
3976,8.815707218219849
3977,6.418105385466742
3978,2.984888362795627
3979,7.110051588613656
3980,5.400590096110994
3981,7.938935608362024
3982,9.918364796516475
3983,6.792433804948388
3984,3.3147323868463743
3985,9.576695904557068
3986,5.349592975620635
3987,5.284004409078699
3988,6.988684701742516
3989,7.33445879101484
3990,5.708631153503187
3991,2.153876041474008
3992,5.777154602960106
3993,7.959687519500166
3994,4.18900597071369
3995,4.173563641234055
3996,8.581362606332217
3997,7.908880345551563
3998,5.578424158230503
3999,5.321654095490699
4000,4.694120575967747
4001,5.74134079268401
4002,3.9351422524757385
4003,4.296885277185756
4004,5.211226174649739
4005,5.283287699412258
4006,7.008364618821933
4007,4.966657421833574
4008,8.77821319316193
4009,7.28904743016019
4010,5.717788600815867
4011,6.822204367736076
4012,2.406342695011995
4013,3.069487626237428
4014,3.3526857572203346
4015,5.0819116775272475
4016,4.163251053339164
4017,3.4267974063463673
4018,6.487473070955501
4019,5.63137784499739
4020,9.182059991128723
4021,2.292206992704294
4022,8.267699497628914
4023,5.675553019877797
4024,6.4505429290818155
4025,2.1483870089282013
4026,7.4504938304009976
4027,8.114259646768492
4028,5.341444204810381
4029,7.28891885151503
4030,6.1600097428651726
4031,7.883338664845197
4032,5.096115152207032
4033,9.087911071522239
4034,6.5661732215237665
4035,6.360325608968699
4036,9.756793872515743
4037,6.852898591693901
4038,5.522566268524675
4039,4.647994070217852
4040,3.2511718379315098
4041,8.310045714362671
4042,7.213034467952071
4043,8.14820636517073
4044,6.350687088675703
4045,7.876058757191008
4046,5.073606983626755
4047,3.2433777467680445
4048,7.223726397125294
4049,4.0951015148721215
4050,4.975856437450669
4051,2.2032209804466025
4052,4.075758544786126
4053,6.020072351159725
4054,7.923882589542277
4055,4.397813194475574
4056,6.695853771051195
4057,7.673107467230503
4058,8.150834002831484
4059,6.745771731466702
4060,8.067818382900562
4061,6.685611393562887
4062,3.0326972871152877
4063,7.655958930083545
4064,6.193827761905646
4065,2.580041853883191
4066,6.514939050985035
4067,5.509256010863279
4068,4.960833986487889
4069,7.690613771863285
4070,7.2509590412103515
4071,3.1334609769613673
4072,7.335075763564722
4073,7.94412005548147
4074,6.169580625853349
4075,6.5206245798817895
4076,3.9600849537438116
4077,5.712613044757789
4078,6.682465793387559
4079,6.544181357258846
4080,2.4443758785602863
4081,5.473856023340065
4082,5.33268367788242
4083,1.9941573480696486
4084,7.028647275206626
4085,6.378638377759511
4086,8.039275692438304
4087,5.501386965716996
4088,5.913451326377673
4089,4.739275130032583
4090,5.135629016067668
4091,7.853314615836817
4092,7.971999362897943
4093,4.542412109412867
4094,8.534108774635271
4095,7.267250837558863
4096,7.297195765425432
4097,4.5682444827665325
4098,7.8609440472702
4099,5.007394960488598
4100,1.1690195940795052
4101,7.288534761151416
4102,6.8792826614184195
4103,5.347433033032453
4104,3.4270373081352172
4105,5.804507262216924
4106,7.530173102105677
4107,4.94554536072509
4108,5.911232800741855
4109,5.538657122186663
4110,5.625742202413715
4111,5.067727775008941
4112,9.13627997337571
4113,4.270711320765617
4114,6.926515354727599
4115,5.89652931005495
4116,8.944833333430017
4117,6.36858343327784
4118,1.6005594436723682
4119,6.381686719597509
4120,5.417332713148793
4121,4.729091689897757
4122,7.799464937300548
4123,5.543044011398518
4124,8.578348091069191
4125,5.052860475644805
4126,5.1748387254706705
4127,4.230951735044086
4128,3.859588758896689
4129,4.316099950729024
4130,3.636854560170897
4131,6.329417700482988
4132,7.577758713993381
4133,4.702157728177132
4134,2.6314911640444105
4135,6.0464293712264165
4136,6.070415512266129
4137,5.0868943934578095
4138,1.9111787696169489
4139,7.062213014620065
4140,4.003944389471159
4141,7.857159749829644
4142,3.641318209390372
4143,7.793800353056994
4144,4.475880877263016
4145,5.37473715944152
4146,5.863512021198848
4147,4.653213018455724
4148,5.8426665537172155
4149,7.14839500334555
4150,3.3458226454064532
4151,8.750306310847796
4152,2.5061797000322623
4153,7.4509857424044625
4154,7.480341537356109
4155,8.19314218806338
4156,2.8590273151161205
4157,6.123158645174012
4158,4.423551075173028
4159,4.487871194392438
4160,5.8932700002628025
4161,6.94833970593386
4162,5.098470583920379
4163,5.6892232873544355
4164,6.359243838449297
4165,3.046493028348779
4166,1.288462144476192
4167,6.494887850506137
4168,5.156054564835796
4169,5.099374468302303
4170,3.2545048785787314
4171,2.855029255007532
4172,5.211342213238057
4173,7.871514590279739
4174,6.551575911004139
4175,7.361305140603356
4176,5.118265487038431
4177,6.520505905159407
4178,3.397956523254997
4179,7.403972752114885
4180,7.00154056899231
4181,3.645678817123506
4182,7.559929501071194
4183,5.0471785834158425
4184,5.389339054386721
4185,5.356064958671992
4186,6.516244986904971
4187,8.474170946624396
4188,6.883778632937536
4189,7.845867813140258
4190,4.34622664620986
4191,6.913019297326791
4192,6.899380469504347
4193,5.637649702924112
4194,3.0597989317864065
4195,8.39625187647599
4196,7.075278661436306
4197,3.1715632479675873
4198,3.8195568079166984
4199,9.46579423506274
4200,5.857545928122732
4201,8.658029038766164
4202,7.088618323748232
4203,5.863875550841204
4204,7.599052119322408
4205,3.5779218915725126
4206,5.580259044778905
4207,7.559427877826826
4208,2.727137572415475
4209,5.81617718623279
4210,5.077026389770966
4211,4.613149487499388
4212,7.459670800905074
4213,4.543627953210658
4214,6.3794035053987646
4215,5.628264551735042
4216,6.350952969592224
4217,6.7282844429334325
4218,5.29708631019124
4219,5.702367329921783
4220,5.866445787869506
4221,6.572130548194144
4222,5.1090469446450895
4223,7.483819839546092
4224,4.439955110292675
4225,4.60135940555933
4226,7.301323855502565
4227,4.249161217744903
4228,1.395113234745273
4229,3.3553595308635917
4230,5.5585675602499585
4231,4.882643195162399
4232,6.446175264489725
4233,3.5869497253800873
4234,7.0519892287714185
4235,6.148917350388016
4236,7.492606353354444
4237,6.964469307398614
4238,5.912431559236063
4239,7.847499653775958
4240,8.328713442722519
4241,7.3524851600425665
4242,7.61486656068319
4243,6.478327005711575
4244,6.476986437597632
4245,6.792579361605325
4246,5.328436376218753
4247,7.893778601492559
4248,3.6978060063446185
4249,7.9785338827528225
4250,3.417871930228423
4251,2.039682862213789
4252,7.774768145501688
4253,3.8682933053057136
4254,5.247096786197998
4255,4.462139637762549
4256,5.890198650441856
4257,5.06287854826634
4258,8.30796465436206
4259,9.185080090850706
4260,7.076897334732936
4261,1.970665782008863
4262,5.028414642678015
4263,5.637994463388444
4264,3.3283758511192914
4265,4.600483442988519
4266,7.171324001343153
4267,4.451437850164208
4268,7.10519740955103
4269,5.023867578020257
4270,3.4849950264547678
4271,8.719755162472728
4272,6.965855461786794
4273,4.241947056178329
4274,3.888136895798071
4275,6.204389796954348
4276,5.650439092552915
4277,6.938689631175412
4278,6.751121693581897
4279,2.7417736233895234
4280,8.303325594719858
4281,8.446821807897614
4282,5.358648109556324
4283,4.841946546711079
4284,6.965702591465939
4285,6.452916159190607
4286,5.201982545371827
4287,4.29584774554351
4288,6.084663977817962
4289,6.384041038725052
4290,9.221556059377617
4291,5.38504808061256
4292,9.074903690790181
4293,5.47529557853691
4294,7.4242982043277905
4295,4.658806013446814
4296,5.320455837197085
4297,2.794289824933334
4298,2.1250254112304994
4299,3.5232315106491123
4300,7.2675668812972685
4301,5.430448913283891
4302,8.124057161320058
4303,6.3214354447303
4304,4.566767516022715
4305,7.330025494175596
4306,8.212539554210002
4307,6.7712226376067335
4308,6.568541618106403
4309,4.970986671565223
4310,8.185930271994783
4311,6.799514523639401
4312,7.924855730046554
4313,6.345671713576831
4314,7.852991394284117
4315,4.701963910605715
4316,6.235163761670011
4317,7.046801847003441
4318,6.043513091326836
4319,4.53195690569599
4320,6.155699882585413
4321,3.52836764087941
4322,8.20756704847956
4323,6.478004559020962
4324,4.038687717625485
4325,8.523836566235364
4326,4.706873791541626
4327,5.896415402171604
4328,6.520691583632669
4329,5.093887032947945
4330,4.669140280616059
4331,2.2495927089033865
4332,3.6203315399850053
4333,4.0953680356973905
4334,7.050741644244051
4335,5.265151480474342
4336,5.175484096962901
4337,4.928696355641433
4338,6.855219085049007
4339,3.979967856278857
4340,6.375106726013364
4341,3.3896013007747925
4342,2.874642987604736
4343,3.326803494851626
4344,5.116393962419885
4345,3.4863231384178506
4346,4.057668289253447
4347,5.734119297202728
4348,6.559380560331396
4349,6.829548847576364
4350,8.251324598785564
4351,8.563824533258943
4352,7.545628465410405
4353,5.771195274857393
4354,4.475342526798704
4355,5.910014713449654
4356,5.54303215241552
4357,6.45297210691294
4358,6.05571605443159
4359,6.425356484451025
4360,6.147383229861094
4361,6.43203215344334
4362,8.379350062896123
4363,3.158273435561804
4364,7.573671701086156
4365,8.689409327032942
4366,8.258584002947439
4367,4.320265845923956
4368,9.570761136115156
4369,3.2261986406513503
4370,4.899151931475243
4371,3.4502345530039924
4372,2.599281462502692
4373,8.953214206495192
4374,5.166528266607371
4375,6.490086490901186
4376,3.196773098700073
4377,7.085195899559082
4378,6.700301265171991
4379,6.267571407899762
4380,5.4795973037586645
4381,6.269081916913838
4382,6.049994389329352
4383,5.328146127887416
4384,7.891436430433366
4385,6.671617269286231
4386,9.55909938898424
4387,5.974129763711223
4388,7.0624651381084185
4389,9.220131918130987
4390,4.106434896890567
4391,5.455646707345949
4392,9.267031057663392
4393,5.583791798668066
4394,9.182430887771792
4395,7.148356570634651
4396,4.841088601862272
4397,2.3171746700931806
4398,9.495699008240976
4399,6.779334283856811
4400,5.466264207997582
4401,3.673250051311727
4402,7.1674553076470655
4403,4.5665916180099915
4404,9.438221896586064
4405,8.16483082457249
4406,2.317082565217598
4407,7.861933114806596
4408,3.5504483199282846
4409,7.280424049047958
4410,4.915526865501718
4411,3.188615004686638
4412,4.41366490146999
4413,1.4881740061960098
4414,5.1915498226535695
4415,4.185840163092975
4416,5.2459756777103115
4417,5.529717579102516
4418,5.107201981558916
4419,4.297066983608318
4420,4.628175412386359
4421,7.308857260308114
4422,6.411549595141701
4423,7.065320806904195
4424,4.6535366978356265
4425,5.481120164777816
4426,8.51298140064209
4427,4.184975335602905
4428,5.144939507135121
4429,6.374338988435231
4430,5.316002879567596
4431,3.8740817722361793
4432,3.4073208310716554
4433,8.258851292322882
4434,4.63948838810021
4435,6.284562440591083
4436,5.736924870901053
4437,2.2806445763083043
4438,6.477630022365782
4439,6.246226563158761
4440,8.159696641399481
4441,9.27563170619618
4442,6.0842348414307255
4443,8.954226223443786
4444,7.21860914208578
4445,4.045708881447963
4446,4.939673996312168
4447,5.857645129306251
4448,5.745353380022109
4449,5.017454755488778
4450,3.6842779480999686
4451,7.178387287748723
4452,5.5462118980722455
4453,6.0974999801085845
4454,4.21144548265468
4455,6.342603140757024
4456,8.34613093700829
4457,6.956780352060786
4458,4.674909401947053
4459,9.297253948077918
4460,7.518820942492619
4461,7.218470947704586
4462,3.5491648071908877
4463,2.765176958580802
4464,5.742059637275447
4465,4.57558724929819
4466,8.142069900617985
4467,4.328171690666382
4468,6.861440489531381
4469,8.67228159149256
4470,6.161855590757147
4471,7.7966565713842595
4472,3.7237091333113064
4473,1.584304665162533
4474,4.822201540137707
4475,4.856593029746442
4476,5.774614802313143
4477,4.049832272200399
4478,4.039735331919426
4479,7.312976239190018
4480,4.56966608961543
4481,6.3838983492696775
4482,5.694994457346535
4483,5.360240009450206
4484,7.634789972277942
4485,6.922317576628927
4486,4.622776626327453
4487,9.726799049961608
4488,5.483254813004427
4489,6.41236005674186
4490,5.436475292585791
4491,5.5845608393181685
4492,9.501357609607677
4493,5.059200962000487
4494,8.411718281959523
4495,2.4346680048877043
4496,4.596621720324073
4497,4.59825189524801
4498,3.2282270021084183
4499,3.900501388068497
4500,6.045504001151343
4501,6.067869563837852
4502,2.144339200703597
4503,1.865853370527267
4504,4.496141357845187
4505,7.489047649366023
4506,3.4309554961637754
4507,8.505029118987636
4508,9.061461547624015
4509,6.292289692495885
4510,4.457613027972753
4511,7.284176843565969
4512,7.35179883913478
4513,7.223021667243245
4514,8.887706115395476
4515,7.945569621645313
4516,4.337744084135176
4517,6.62114799865828
4518,6.6717031665504365
4519,1.1020568586288797
4520,6.9261632659027415
4521,5.118057399168411
4522,4.782449892692848
4523,6.8706583208042336
4524,4.52674435326529
4525,6.907108712193758
4526,6.656364293524711
4527,8.005471007744372
4528,7.364678698735775
4529,6.926098171693829
4530,7.1707321517152804
4531,5.192167109986046
4532,2.974668231815423
4533,9.519894074284533
4534,9.482072792449369
4535,5.658093558676873
4536,7.5119499421011735
4537,8.276218532592543
4538,5.772075835575183
4539,7.124555936464767
4540,3.136369627806255
4541,4.554952943073579
4542,4.149235262945289
4543,3.9952669524926065
4544,6.8801640378846205
4545,6.124028619041967
4546,5.373449496560407
4547,5.281418967223386
4548,3.8032357133120667
4549,8.93269936161902
4550,7.084881198418319
4551,5.1293723410036005
4552,4.468122470109291
4553,7.8940141579769465
4554,4.27458574289585
4555,9.82113043068783
4556,5.488673032059629
4557,8.334857535637498
4558,3.2856531722789053
4559,8.023744291392514
4560,6.725195536332541
4561,7.432141791890997
4562,3.532153261508026
4563,3.9215739858708787
4564,7.668417002211798
4565,1.9098268535617997
4566,7.930774396090012
4567,5.4411037471763475
4568,5.231949619282338
4569,5.916532604799559
4570,5.870451836643684
4571,3.8760693191603512
4572,6.68696776200594
4573,7.076243013986817
4574,6.109044351904599
4575,4.058706893314557
4576,5.950015787132766
4577,4.589326774806594
4578,6.345867588670064
4579,7.344497148118158
4580,8.580498326487007
4581,8.594031212885477
4582,7.822359591585602
4583,8.727268522908446
4584,3.709295766744284
4585,7.16997816873495
4586,7.655675711085093
4587,7.52480638082094
4588,8.154477718401465
4589,8.229902684129435
4590,6.073221234695688
4591,8.145991123271342
4592,7.153939241503139
4593,6.457462986548072
4594,6.160121906283014
4595,2.6663508089330055
4596,3.9913768938837726
4597,7.016617293358384
4598,7.4201373773174994
4599,3.472726207322698
4600,7.015030490882825
4601,6.118342106685481
4602,5.439327790501558
4603,8.270904291185001
4604,5.405702989890126
4605,9.270076819963103
4606,6.352272636785474
4607,8.335187256158834
4608,6.925155697801926
4609,7.162939725357274
4610,4.19511357697342
4611,5.400408692733188
4612,3.427507040923471
4613,4.046710571186707
4614,7.528449219400198
4615,6.903181330325032
4616,7.477952335416363
4617,7.774063013307868
4618,5.806795809308319
4619,6.484847824621114
4620,9.205603255782725
4621,6.909408428229114
4622,6.521530243931058
4623,3.7310906990966406
4624,6.117426319067851
4625,2.279141097603906
4626,6.978852922801927
4627,8.865845016811685
4628,4.565624461849772
4629,4.580614816437325
4630,6.133500706254386
4631,5.140801681668677
4632,5.573293702026047
4633,8.4385850796715
4634,7.055605688966797
4635,5.507478819420835
4636,6.018558663968283
4637,6.140466988091102
4638,7.314419974931436
4639,5.3076528258936735
4640,8.900316773453566
4641,6.483640903320034
4642,5.585786012752177
4643,7.261826700501011
4644,4.814640884349446
4645,8.676042165681473
4646,6.487567637635516
4647,3.5487154067634457
4648,5.943940084622489
4649,7.371127650397207
4650,5.597667858580712
4651,8.867308423750046
4652,5.7577557225800975
4653,9.383103880564606
4654,6.684641400443272
4655,7.805405324291112
4656,6.926136873611632
4657,5.403816538718929
4658,3.6493747119362667
4659,8.285215005793022
4660,6.846260441406189
4661,5.942438026378616
4662,1.651331576253253
4663,8.459209218211445
4664,6.256873356807092
4665,4.033004365361016
4666,7.181732435081755
4667,4.6354997790549035
4668,8.21535001930864
4669,5.19746084869364
4670,4.802969985201683
4671,8.20596758444661
4672,4.37042481934555
4673,8.6059825474223
4674,8.758920173950967
4675,3.0376138828342385
4676,8.028642397022942
4677,3.200229757110811
4678,6.0583722791118815
4679,6.169720672541731
4680,6.220457478700019
4681,7.0061254390471746
4682,2.009125039846028
4683,8.091837466271368
4684,8.544289361142765
4685,5.742428951420358
4686,7.919137570327513
4687,4.059036990616875
4688,6.74119302090405
4689,9.7876205838954
4690,4.154414405480436
4691,7.319875454578387
4692,7.152516328343344
4693,7.895513223977321
4694,5.490472350981075
4695,5.305374523387593
4696,7.499672279869892
4697,4.325841381446807
4698,7.877330799837782
4699,6.989313540439559
4700,3.9350570368825752
4701,4.933379248353207
4702,7.142621649157918
4703,4.967231042126746
4704,4.935679633940969
4705,3.5350238431085006
4706,3.2646944039961125
4707,5.025508676758644
4708,6.178414277507674
4709,4.350688861465624
4710,7.455677927057111
4711,5.267520050256089
4712,6.559849966448699
4713,5.084436955871003
4714,5.308627078638645
4715,3.9074151997493916
4716,5.822000817808165
4717,4.377495459861839
4718,5.659522315962832
4719,3.989140951300568
4720,7.500163665364762
4721,2.0135237921301217
4722,4.82418093799343
4723,7.71108731514241
4724,5.729744698645877
4725,4.275306180468994
4726,5.345702438339737
4727,4.305136353177123
4728,8.22128337483326
4729,2.493321519671348
4730,6.771581040808006
4731,5.6130313208044
4732,5.7994075231243585
4733,8.434498524666461
4734,7.294379784530003
4735,8.210925652678544
4736,6.634947798051897
4737,5.792534714611797
4738,9.116357084986829
4739,8.602532814603896
4740,5.651334206874308
4741,7.332770019444702
4742,5.767636744714644
4743,6.096771277543721
4744,6.130061356023602
4745,5.796316304336854
4746,3.532261308584094
4747,9.105555562515338
4748,5.060111731773878
4749,4.797085180755592
4750,7.808300711213671
4751,6.443817879444249
4752,7.108838147278128
4753,0.9145038217320334
4754,7.203309674032921
4755,6.663177313644086
4756,5.386913320228558
4757,8.06253114653436
4758,8.557348538529542
4759,4.787653779535887
4760,3.7190137889644577
4761,5.744254277815549
4762,6.500665656101388
4763,6.461410882616073
4764,4.902313650618006
4765,7.118644135090536
4766,6.565686693191817
4767,5.723421084368266
4768,5.034781128958848
4769,2.8181359222047364
4770,3.239841145589441
4771,5.388807221900807
4772,6.82471424415892
4773,5.830263636216795
4774,4.600994623168627
4775,7.0020445372708
4776,6.482136130857334
4777,6.923083874606812
4778,6.001070956111906
4779,9.225904916971535
4780,6.176050393878963
4781,4.608853699850197
4782,7.223791345894092
4783,1.8923742384821367
4784,5.063553842333649
4785,5.314317768633539
4786,7.607181458313189
4787,6.371100278734288
4788,8.88126553298706
4789,6.204664136874207
4790,6.175114178134695
4791,7.824104658055902
4792,5.316122561295438
4793,6.4829426135567285
4794,6.154888296143358
4795,6.485198043225277
4796,5.968795894993295
4797,2.858486910095892
4798,3.4065762057618207
4799,6.084250860696626
4800,4.958882375082116
4801,9.422908385217994
4802,7.453131191972406
4803,4.86203770135041
4804,6.39108059068238
4805,6.210399440214149
4806,6.419636379834866
4807,4.696586683445759
4808,6.171801127776707
4809,6.114005944315784
4810,7.138603855805904
4811,2.6403322907906133
4812,3.9048523449287273
4813,7.2032575003506025
4814,2.7894411856144927
4815,6.4856819742843985
4816,5.4011042565048
4817,6.350789313491025
4818,5.817206464747071
4819,5.123657462154323
4820,7.940611715850172
4821,5.628414315792785
4822,4.542222255243807
4823,6.5612102497797755
4824,3.723042410462939
4825,7.914983962251879
4826,7.359315417955225
4827,4.958712715251828
4828,7.850160956434726
4829,7.147056232896267
4830,4.805239053100545
4831,4.759286747853473
4832,6.650881167923718
4833,5.999946370353116
4834,3.539510393592726
4835,4.578618937614581
4836,8.481140835003355
4837,5.303902819277265
4838,5.607022754760364
4839,7.7307885672841445
4840,5.866115634975156
4841,1.7331400533272399
4842,6.843489908370988
4843,7.705254274391617
4844,7.124510164142265
4845,7.70344452012789
4846,6.636269760832864
4847,5.214596040307952
4848,5.771443104219358
4849,3.3629235368158703
4850,1.6755014947604416
4851,7.614609331745482
4852,5.822889742880469
4853,4.099850146696003
4854,6.999977574534792
4855,5.341752551262798
4856,2.8515157298163065
4857,6.454164426788812
4858,6.0495338117479545
4859,6.550570283523582
4860,8.838985587333088
4861,5.807974717945931
4862,5.587265525967724
4863,4.601710294444729
4864,6.60453458152549
4865,7.052615282711603
4866,2.139411682237519
4867,3.4524981733996296
4868,6.056677478490125
4869,5.451155477757943
4870,7.454557940794857
4871,6.91686087255108
4872,5.591279810436977
4873,4.538578092885997
4874,5.262377013495862
4875,6.977539889526985
4876,9.06538492740493
4877,5.771365455366646
4878,4.663402368229959
4879,5.749097142654547
4880,7.0758306175522225
4881,8.789900268989118
4882,2.421994733878126
4883,5.0295318221279
4884,5.712462069083342
4885,7.03270289297745
4886,4.169661963936299
4887,9.600711833975549
4888,8.491228702057152
4889,3.621791191412379
4890,3.693355798744858
4891,5.449370495193973
4892,5.579184281271151
4893,4.905791665501293
4894,4.979142975139607
4895,3.820585503572559
4896,5.621673812582571
4897,8.134318254797165
4898,7.573764131601902
4899,7.176534850088283
4900,6.468269653614093
4901,5.250902771401614
4902,6.292317425125518
4903,5.264751452403437
4904,5.561663298533566
4905,5.753686211215144
4906,5.393756095805752
4907,8.416991508624676
4908,1.8620124694373728
4909,7.989036269004736
4910,8.225459732914953
4911,6.182359200346709
4912,5.714550791567553
4913,6.857298710234329
4914,7.4620324657892585
4915,5.069662385848944
4916,3.7617584410899703
4917,5.737866988935841
4918,4.160593246753941
4919,7.543271146021157
4920,5.94026213210822
4921,6.787969036055836
4922,5.158832793080648
4923,5.578376165611425
4924,7.924434645548352
4925,3.0904342065693724
4926,3.2188564358790552
4927,6.185640231323547
4928,5.578378203891423
4929,4.578519071454882
4930,8.252766235837292
4931,5.365399503748945
4932,6.542813836184406
4933,8.228510371692419
4934,4.625468115870288
4935,7.817861058598582
4936,4.989085964623439
4937,6.742087737284308
4938,2.463555687086427
4939,2.5002754857343032
4940,5.98916222663929
4941,5.2025297888393425
4942,4.357044531399859
4943,6.304511506217523
4944,8.938711605417192
4945,6.406577016157896
4946,5.604964776280326
4947,8.014358648928805
4948,1.2800871623594332
4949,5.534384538162493
4950,2.8090253364551447
4951,7.667915339692267
4952,5.360304615565269
4953,6.231824624776363
4954,4.854876664443061
4955,5.321295341933275
4956,6.701521049206231
4957,7.572493975991527
4958,7.210581603151401
4959,3.3750978889305743
4960,5.84613627631472
4961,2.9267067653658065
4962,7.881763410959008
4963,6.10550854492431
4964,4.480624243237269
4965,7.335001026184286
4966,7.396677582224503
4967,7.404069853921657
4968,2.535320064199153
4969,6.325412604845228
4970,7.195978345175441
4971,5.301986921188017
4972,4.902672414396789
4973,1.383350851704255
4974,3.1365618036462606
4975,8.39631491382675
4976,3.2992474901865405
4977,8.01911982244171
4978,5.771807926016736
4979,3.128123401542088
4980,5.912714120234274
4981,6.123919018112565
4982,6.825272327303613
4983,3.857998672026069
4984,8.036916130359133
4985,5.351514286129665
4986,7.434227005959296
4987,3.9084891762232
4988,3.2876366634205687
4989,7.156498699199501
4990,7.9980554267526465
4991,6.20117250749872
4992,5.561037379726968
4993,8.242923426869895
4994,6.324143519167395
4995,6.969510602829049
4996,7.483044713550527
4997,4.659103830953437
4998,6.190154826870921
4999,7.389977404962377
5000,4.913082874036599
5001,3.6151261445352576
5002,5.078415230954579
5003,5.4335121956732015
5004,5.923895695993152
5005,6.760321559184467
5006,4.867719902238891
5007,8.059564212983927
5008,3.666266333076862
5009,6.282110024959903
5010,4.400633847118686
5011,6.930510089807373
5012,7.959284502980773
5013,3.5211831342328397
5014,4.523840672423024
5015,6.196866317549314
5016,6.657899042199312
5017,4.744554887922289
5018,6.3659711738645814
5019,7.662134113339072
5020,7.660841177415416
5021,8.592277193859747
5022,5.636678815954009
5023,4.892466961631844
5024,6.900992546645559
5025,3.6340090113221986
5026,7.600171955033584
5027,6.142085403513302
5028,5.261547411782422
5029,4.280434164863423
5030,3.8651996394417414
5031,7.338199385430212
5032,8.867412466535267
5033,6.282445320876125
5034,8.871116744138561
5035,3.4635501365243195
5036,5.6654771672149415
5037,7.319557999388966
5038,10.0
5039,6.379648715035666
5040,6.181872085690149
5041,4.708815002237509
5042,7.739947359689179
5043,8.308142442692663
5044,5.429793169009845
5045,6.310087381974801
5046,3.9801368569543056
5047,4.257360911088794
5048,4.577981608822565
5049,8.498986773441766
5050,4.080754337233533
5051,4.141575863437976
5052,4.8779668415880275
5053,7.250492550452857
5054,3.2253915005340112
5055,2.015860207648213
5056,7.114159412757127
5057,5.925776803190463
5058,5.6313751736803885
5059,4.794165975056058
5060,5.572407706181108
5061,6.417048506708065
5062,7.116397684899754
5063,2.252193228520542
5064,8.892594509591014
5065,7.629783251095599
5066,5.80404431290223
5067,6.2255421493634495
5068,8.748466616571015
5069,4.565740003623216
5070,8.671639632548523
5071,7.5802854824405905
5072,7.064685047672447
5073,7.685840623673922
5074,5.085943598549267
5075,4.654701748176739
5076,5.949893502177439
5077,4.263087436839685
5078,6.130263990131446
5079,4.144350651166596
5080,7.366460333213862
5081,7.517440156453992
5082,3.9354177715812564
5083,7.007050670311698
5084,3.9927250303559347
5085,2.445963739162601
5086,5.670729993463076
5087,3.7064031325102422
5088,7.665997881163188
5089,5.567073011761168
5090,5.839900340730103
5091,6.0111441441762885
5092,3.8469778635641734
5093,8.308392678713126
5094,4.845535284034478
5095,4.880603535410021
5096,0.6911284221669028
5097,4.507449635081689
5098,5.54018403294854
5099,8.4994127276306
5100,4.517055332416633
5101,6.257308522475857
5102,7.8534429100839915
5103,5.787392507410048
5104,8.777528638279987
5105,2.5211394313623665
5106,5.81600751846114
5107,5.768913556109289
5108,4.772232224013947
5109,5.377049317653604
5110,6.42134507533175
5111,4.689411553715334
5112,6.709793355558644
5113,6.350853027318092
5114,4.686892033386592
5115,1.4741089585201028
5116,8.791877548297098
5117,6.274905532918606
5118,4.674899620263783
5119,4.076247523033925
5120,6.407337761936901
5121,5.7625979976333115
5122,7.284528228397818
5123,8.222047698094118
5124,6.648057752727153
5125,4.321318874321135
5126,4.200183664150273
5127,5.4025769769727265
5128,5.622398923847541
5129,7.59577698453021
5130,6.172768857451452
5131,8.833441911406206
5132,4.286549116728781
5133,7.763595239130872
5134,4.434114576711943
5135,2.86988222541489
5136,7.536241574204145
5137,6.325295990475273
5138,9.22248599480303
5139,6.167219897378398
5140,5.076601871483607
5141,0.0
5142,5.8213380297091115
5143,3.6308878588510836
5144,4.834739232298609
5145,6.97849603840458
5146,5.3963151054260745
5147,5.213851284142113
5148,5.949162379209511
5149,3.3558537072874355
5150,5.306658736603647
5151,6.65643430614995
5152,8.604419956823644
5153,7.010786085628971
5154,5.984483045191381
5155,5.447971665235828
5156,4.995585964271497
5157,7.12229867447836
5158,4.1991795989852925
5159,5.315404922948923
5160,4.135878461247859
5161,3.953970922810183
5162,7.560714972554648
5163,4.701514558203978
5164,7.794505766622634
5165,8.082786236650831
5166,7.600168273507611
5167,3.3325481010768003
5168,9.674224982436217
5169,0.9149473371882804
5170,6.204574194042035
5171,4.698100195042916
5172,5.8286518931880344
5173,5.68668235387591
5174,5.7832395679924025
5175,4.807328964022252
5176,9.38464901872975
5177,8.913398637692065
5178,8.030979762311143
5179,1.1351561120773659
5180,5.74906829331035
5181,1.0745348484959023
5182,6.459778852672068
5183,6.431953659468855
5184,7.36490027115983
5185,5.387152334786686
5186,5.1087339794650495
5187,6.066827339282331
5188,5.058557369941705
5189,2.736330407204699
5190,6.0296773040217
5191,5.694248915326058
5192,6.202082064321126
5193,7.563883315563761
5194,5.3875369388322945
5195,3.347446643886871
5196,4.350709003908865
5197,4.327402748414261
5198,3.674756775696816
5199,5.4176663938967335
5200,5.545118508283713
5201,6.111498873448618
5202,7.360394433362914
5203,3.0080223735929135
5204,5.217136071932615
5205,8.926646526578926
5206,2.727314465126889
5207,6.882777183663838
5208,4.3075327574630435
5209,3.6074999847386913
5210,7.188614763514354
5211,4.749623713962693
5212,7.5321574018428
5213,4.417662094127912
5214,6.9542617101708295
5215,9.227673777316342
5216,8.355063961394507
5217,3.274046633744973
5218,7.082553715897
5219,6.380428723774406
5220,5.947157855905007
5221,6.58917273942733
5222,2.921010417780104
5223,6.270450845716139
5224,7.369865784595555
5225,6.848997140427506
5226,3.680847746030716
5227,4.996066250563574
5228,6.964485716217421
5229,6.340736283788938
5230,5.710283259916808
5231,6.146262792357763
5232,6.647454988882893
5233,3.634662048028273
5234,3.651572844650976
5235,7.775777195566537
5236,5.480704545099412
5237,7.238575853672303
5238,6.924395028698163
5239,6.691751510123251
5240,4.700144405002321
5241,7.4809039396692345
5242,8.642280930984608
5243,3.5369150558043514
5244,5.784624884995189
5245,5.148937539500189
5246,8.21437693642022
5247,7.875810117364406
5248,4.505029666788881
5249,8.541587103786789
5250,7.061557564469196
5251,6.602600321187422
5252,6.253752192765274
5253,6.966893028373223
5254,3.3751789906764813
5255,5.573177882777574
5256,7.407445789878725
5257,3.177162207807061
5258,7.2787655562911215
5259,3.990280531371408
5260,4.218035414697592
5261,7.739362314676109
5262,3.73217988242988
5263,6.364950572672131
5264,6.407238894242325
5265,7.439265015090995
5266,6.331220764396124
5267,6.783264555637868
5268,6.332446028585149
5269,6.057159971755493
5270,10.0
5271,6.245962754445607
5272,6.744168832959899
5273,4.795844484272274
5274,4.763623797192953
5275,2.9450658942631733
5276,5.118814165559993
5277,6.081788072723816
5278,7.596074086278903
5279,7.573196002897174
5280,4.849584894312774
5281,5.934904263296417
5282,7.9898332541018835
5283,2.4258264491270713
5284,4.58327852526058
5285,6.136664252876472
5286,9.211246128587316
5287,8.590091116662702
5288,5.851621521525911
5289,5.705470800568831
5290,6.417803543163087
5291,5.429075178468501
5292,7.178913578208676
5293,5.542193306515056
5294,5.4914976600372984
5295,5.336923137946353
5296,5.7537450509415695
5297,5.77790252298316
5298,6.276591891246664
5299,9.228594580540339
5300,2.203148497533558
5301,7.534373929775258
5302,4.139810598688306
5303,3.235612787779148
5304,3.689414794036217
5305,7.854332992424704
5306,4.428935557022199
5307,1.9530149308084999
5308,7.8594736741969085
5309,6.054971437449174
5310,5.191385136687141
5311,6.387579940243157
5312,6.457942228718868
5313,2.389501073613144
5314,7.187230133683708
5315,5.309628226280395
5316,5.714536118798332
5317,3.8836666078221787
5318,5.210128328517703
5319,4.034009921883098
5320,8.417314969183588
5321,3.1638891836309817
5322,6.2567357214824755
5323,4.84527404136875
5324,6.546309494831208
5325,5.608231999220482
5326,6.393753074477919
5327,6.252924719018885
5328,5.55695923443318
5329,7.438351524184919
5330,1.753661131756614
5331,7.925775802931135
5332,1.962317887060509
5333,4.296420790770615
5334,4.8112345621321575
5335,3.2155366862373693
5336,5.7919800712733975
5337,4.435935971371757
5338,6.686325238482376
5339,6.393052707623797
5340,7.5277064752789995
5341,7.690223030247611
5342,2.5848016989327336
5343,7.5363872991711185
5344,5.485517813409733
5345,5.604560881614659
5346,5.202426036591967
5347,3.48274459774791
5348,6.531710756576922
5349,6.708436531412715
5350,3.732741526641075
5351,3.860728582329554
5352,6.3344128393466885
5353,6.8511936092397185
5354,6.6646400713526335
5355,6.047755949551712
5356,4.843453172267349
5357,2.6780037320555725
5358,9.146818244898274
5359,6.614523160782674
5360,7.049498868912861
5361,6.498347301868521
5362,7.191484445383432
5363,6.811037486664453
5364,8.778801628619522
5365,1.1693817900847454
5366,7.048875153291436
5367,6.1166945934968755
5368,5.276407438584233
5369,1.7675323357759667
5370,7.689435193842608
5371,8.170460037216781
5372,8.422539548475038
5373,2.101526255498001
5374,4.899647738428566
5375,6.2017335716171775
5376,8.089022576186192
5377,4.412630966173302
5378,6.29732383356694
5379,7.263629247680381
5380,4.822091335763656
5381,5.37898675411396
5382,5.521057963225406
5383,6.612508242910766
5384,4.6386025012307615
5385,7.3918122533790775
5386,4.355347501054814
5387,7.950111282692832
5388,3.625794873934475
5389,7.330825776871685
5390,7.080145729612372
5391,7.626185732544905
5392,6.044430114243502
5393,8.872870536922253
5394,6.232478640154358
5395,8.78602936932479
5396,3.4493962153847053
5397,1.60213109491875
5398,6.953946022388344
5399,4.052996543294838
5400,3.439630007553355
5401,6.44244287740687
5402,8.303281376249783
5403,3.0873985085129716
5404,4.348344885956819
5405,7.766505632781611
5406,6.524535870498732
5407,5.839258791321284
5408,5.318099475909201
5409,6.876092095005565
5410,3.8879449204933745
5411,9.978559860574107
5412,3.6730820749246127
5413,7.363368017410734
5414,8.28609842223958
5415,6.458880679277615
5416,6.662038259182397
5417,7.593868048743397
5418,4.36626282456492
5419,5.194488704119964
5420,7.384616943102313
5421,6.1444902440715525
5422,3.9437921292388425
5423,5.247549244966942
5424,5.132281829072576
5425,4.621948174436116
5426,5.6044583065274205
5427,2.5887148299231852
5428,5.976163379641761
5429,8.482701463116792
5430,2.5463903703306277
5431,6.162091846695999
5432,8.953340721393308
5433,3.06694206999433
5434,6.049548038276882
5435,6.635688246998068
5436,4.219580388750915
5437,4.717042816301211
5438,4.097414244217711
5439,5.930593723915646
5440,4.016787606415765
5441,9.298662488738817
5442,7.695080228319842
5443,7.239103824428978
5444,8.477752078074797
5445,6.097881235931271
5446,8.246821428241464
5447,3.964373982879889
5448,7.487513503508817
5449,7.049169330088243
5450,3.3774873137837416
5451,6.769503676219351
5452,9.828254863025366
5453,4.388764286343287
5454,4.933928581773277
5455,2.831875734117898
5456,4.4410424284124
5457,5.278631066220305
5458,7.006947577582792
5459,5.491963323629799
5460,4.071190466333427
5461,4.702149457701607
5462,7.222612833541328
5463,6.340289040963965
5464,6.753422372418611
5465,5.778326247177821
5466,5.058799081020113
5467,2.4970064428919336
5468,4.710111275946434
5469,6.525417397937622
5470,2.910422246552415
5471,8.849161138871763
5472,3.264062424824449
5473,7.604146228814157
5474,5.797159056433253
5475,5.034858574571413
5476,6.018984820928819
5477,7.784697015474694
5478,5.747660195038491
5479,3.627968746863961
5480,5.196473459229452
5481,8.78588563402716
5482,6.259976136929972
5483,4.791664204008409
5484,7.284336806057764
5485,7.457905522311685
5486,5.951127388062021
5487,7.58860039287943
5488,4.435150194561764
5489,5.339812061456044
5490,2.3094177981142083
5491,8.789644497063104
5492,2.5255583847795466
5493,3.6550146502987095
5494,8.08823720647259
5495,4.30499823498064
5496,4.561012758988496
5497,8.299890715292477
5498,6.970190622231223
5499,7.559512494284019
5500,4.83467634677669
5501,6.414678153907551
5502,3.8661040434411165
5503,7.631713935242907
5504,4.363718480236717
5505,7.2496954929219894
5506,5.401203046150846
5507,6.31096211704887
5508,6.3985931988308336
5509,4.276548883704642
5510,9.134579870619762
5511,7.405981935983558
5512,7.10761780104269
5513,8.773288087063953
5514,5.663284131360926
5515,8.160000764743772
5516,4.711909625928895
5517,6.685979672651449
5518,4.348045992329826
5519,8.614774588560318
5520,4.404813306879338
5521,7.600883148571188
5522,4.002755971947145
5523,6.91875854870187
5524,2.980430063543633
5525,6.051237377895607
5526,6.816931610952365
5527,6.620534073416544
5528,6.371446465575347
5529,6.4588417159888465
5530,3.892011471058035
5531,6.0957761474525824
5532,5.549492756721792
5533,6.694748069169941
5534,6.650754173121714
5535,7.342392959904502
5536,8.834727791758997
5537,6.495374136590564
5538,3.5622453730222814
5539,4.066932265425313
5540,3.006236482669904
5541,5.137947023298828
5542,4.951850887177969
5543,7.110523420869503
5544,5.4991452675937085
5545,7.5827054581450355
5546,4.05520538973055
5547,5.838891594091464
5548,5.704976852887741
5549,8.043082277920924
5550,5.533078772542918
5551,6.698898510674812
5552,8.497411244651243
5553,3.559837268405543
5554,5.951544699707685
5555,9.33570993431579
5556,5.799656430339363
5557,6.729816709608275
5558,3.529216110692333
5559,5.521783839204693
5560,3.8388002643603194
5561,4.307213926022409
5562,4.902382874780004
5563,6.678932404347581
5564,5.75742155173517
5565,4.564425852286793
5566,6.000705818380091
5567,3.8183171961699105
5568,8.1794772019111
5569,7.488409234447792
5570,3.4187938374872324
5571,3.9908700278155806
5572,5.792830830884195
5573,5.863878555083605
5574,2.6363293293004295
5575,9.704520013969644
5576,6.886712102081726
5577,1.686791387743736
5578,6.088600006469581
5579,9.473073286036326
5580,6.397429725442434
5581,5.857572345633759
5582,7.202553182294005
5583,8.758136138555871
5584,8.20991553526512
5585,5.856878684511084
5586,4.5282588018934335
5587,2.5398290253944786
5588,10.0
5589,7.010910147655399
5590,6.768031618317957
5591,4.906920819996752
5592,3.7201396568830702
5593,5.837417847628435
5594,6.502744467832345
5595,5.5670222565404375
5596,4.011442708912895
5597,7.649869318280112
5598,8.393853673491973
5599,5.190252141822922
5600,4.8967455904945965
5601,4.9946956178332345
5602,3.498275627307454
5603,5.252307569929174
5604,5.011767472329715
5605,7.216467318651926
5606,4.932571530641596
5607,3.5208131426303124
5608,8.425928258337184
5609,4.3914784583520055
5610,7.189781763126166
5611,5.084396485547879
5612,6.759053682345178
5613,6.030045193743409
5614,3.390299026412119
5615,5.6854681746392774
5616,6.968458292015786
5617,3.976885340230438
5618,4.222614029796274
5619,7.2206956298385805
5620,7.841747648871594
5621,3.802708652176407
5622,6.691882887343935
5623,2.758403456484521
5624,4.715095240168645
5625,5.445133816601722
5626,6.413562305342727
5627,3.609388032329776
5628,7.796670554228727
5629,7.62869425826143
5630,5.4522653913542305
5631,2.925342023034183
5632,5.145697537783452
5633,5.750747142136759
5634,6.910874330056207
5635,5.692060591396325
5636,6.985647114523184
5637,9.371892608454734
5638,6.97887178643969
5639,5.473879147357879
5640,3.455612688410387
5641,4.224622474500257
5642,7.66839776160558
5643,4.663532153456135
5644,6.158630202067503
5645,1.5555691996706364
5646,3.725653180347924
5647,4.853834774766481
5648,5.244587189376758
5649,2.7800844891576353
5650,5.889474269199967
5651,3.2195177718089454
5652,2.055120496479059
5653,6.756768379902271
5654,7.212761022593636
5655,6.193850258998439
5656,8.50435444729806
5657,1.241171861300096
5658,1.8567689330914146
5659,5.387916440905752
5660,8.333313271540602
5661,3.7216092130071186
5662,7.933146078799847
5663,5.8866684048643245
5664,6.079586822352439
5665,6.7355808228585055
5666,1.2782832039974878
5667,7.006561557570467
5668,2.160890067631225
5669,9.0240069319427
5670,4.266020826553431
5671,8.422464274099694
5672,4.999277133866536
5673,6.682875334867314
5674,3.5804724215545827
5675,6.430897200992507
5676,7.314790259958898
5677,6.744791514379853
5678,7.1347273030667075
5679,8.756010068116883
5680,6.957408440974036
5681,3.4483990788444823
5682,2.1294513419121603
5683,8.406553036652099
5684,7.099546194386146
5685,5.599331276946553
5686,7.798260921720126
5687,4.370510602517712
5688,6.5054865310043715
5689,6.271960464052163
5690,6.740799639236141
5691,6.509469219336071
5692,8.226630676328153
5693,7.123897278530507
5694,6.525810312235736
5695,4.1323992739301225
5696,7.059233029062851
5697,3.678501846792973
5698,7.149213575689456
5699,4.8763921796363165
5700,6.916517536265905
5701,1.6158092297199367
5702,5.25439831612419
5703,4.655272476575513
5704,5.7203302672797385
5705,6.222822222127683
5706,2.119082783318025
5707,6.889772027919328
5708,8.1266001647304
5709,6.992139024728753
5710,7.313557464426161
5711,6.194538653982136
5712,8.370566978730087
5713,6.567292587341602
5714,6.445744318938835
5715,6.883067584031367
5716,1.2757983435284521
5717,6.254784723731268
5718,2.83762527716482
5719,6.421500951668968
5720,4.993187161783886
5721,4.014464273657456
5722,8.666732171850892
5723,5.130301012965976
5724,4.150565890753344
5725,8.257363897832455
5726,5.267075932604163
5727,7.531778890687929
5728,5.25090294204334
5729,6.606204883085226
5730,2.5730592411302027
5731,4.3656879410773906
5732,6.657106208717867
5733,6.570944140987227
5734,7.440253607971527
5735,4.794335841051051
5736,6.6515448479704995
5737,5.482691330770983
5738,4.842242284336658
5739,4.191546797654706
5740,7.404603761501354
5741,3.0477525957664597
5742,9.652723085592573
5743,5.733715242719883
5744,4.990643866562339
5745,6.966780589336946
5746,6.1757366976804855
5747,3.361004645607415
5748,6.182494367561
5749,4.813513520283362
5750,5.773138786770838
5751,5.45183578714051
5752,2.8237012003503166
5753,7.480715626429457
5754,6.02326543486031
5755,6.7724485219519925
5756,1.5185367825926464
5757,4.653279152520131
5758,6.599254871574457
5759,9.478603575532789
5760,5.153903820288457
5761,6.216130623188398
5762,3.750262296016403
5763,3.6686489338075647
5764,6.704582205812722
5765,6.59804995982906
5766,4.118084937825613
5767,7.773234180400726
5768,3.3315640253335066
5769,6.828222839667564
5770,0.1497051082665043
5771,4.937353596261587
5772,7.935779724674195
5773,4.7617125389279735
5774,6.4013690927170375
5775,5.465184197426581
5776,3.0050330426364407
5777,5.868125807996032
5778,4.690302340828039
5779,7.710676681025569
5780,5.582573038516389
5781,6.235726213846972
5782,2.379235502070983
5783,2.7525926747085783
5784,4.612098422003577
5785,3.1042165578880447
5786,7.805837950713316
5787,7.612264389082407
5788,7.402152968317872
5789,5.928653512755148
5790,8.49742282498559
5791,4.126228832152167
5792,5.44015543163246
5793,6.920541284859443
5794,3.627950926698456
5795,8.888737673406085
5796,6.140772483483473
5797,9.687375445958931
5798,8.792771600221885
5799,4.040681368592266
5800,6.598228676723163
5801,5.233180577188182
5802,6.0279202498826185
5803,8.319807605004577
5804,4.345977137761468
5805,7.912932312150893
5806,5.613919365526204
5807,9.482997092691685
5808,7.331194195480934
5809,5.732012873878412
5810,7.232907577156052
5811,5.274592240856351
5812,6.436658938107471
5813,8.879858477508991
5814,5.213738033827991
5815,4.933084874508387
5816,6.710368437567642
5817,7.18697635820344
5818,5.396485604777086
5819,7.557199835921687
5820,8.223381670507083
5821,8.967045169941073
5822,5.93572375774688
5823,6.860035075226095
5824,6.929659482228361
5825,7.561983409564057
5826,9.325646509342342
5827,4.795354026932435
5828,8.722661377295424
5829,5.202600001626262
5830,3.0639899412763096
5831,5.6546134781832444
5832,4.27334041207933
5833,4.84119960096274
5834,6.119145175224477
5835,3.2741325518245965
5836,4.647039951238085
5837,6.272884696954045
5838,6.418707911608806
5839,8.06880751162716
5840,4.974629998021278
5841,4.841400491108974
5842,7.745946334237397
5843,8.424197786008481
5844,8.460896715078917
5845,9.062202733136788
5846,3.2510309452228947
5847,5.001770595669383
5848,7.501426304951633
5849,5.779833800750884
5850,4.580025431054773
5851,5.651469794018367
5852,5.539843291676876
5853,6.92831783067289
5854,6.9370584429965305
5855,4.569443734008224
5856,7.245200614484991
5857,6.524217860499007
5858,8.922768944618555
5859,8.344446663965183
5860,6.573805611884015
5861,5.439216959899905
5862,5.237462251699802
5863,5.289386707527051
5864,8.679301456540946
5865,6.42206870201018
5866,2.4976359914407755
5867,3.4399328986808126
5868,3.5731565766422273
5869,6.505014579394417
5870,2.285081884991945
5871,5.73511631707667
5872,5.546758999885975
5873,6.830585189877562
5874,6.721052997588875
5875,6.40402847392847
5876,3.7407607641824088
5877,6.4658918864841715
5878,5.685943341924093
5879,3.526502266828199
5880,6.3440754777590795
5881,5.527752577235095
5882,2.52781183505451
5883,4.709410092072887
5884,7.0881819868490314
5885,4.545333134002062
5886,5.6471016466618265
5887,7.755408654053659
5888,9.209417005415126
5889,6.195342556688316
5890,7.063452423500683
5891,5.09444418733931
5892,6.534305307730077
5893,8.439247352332506
5894,5.595963235935286
5895,7.798920878421381
5896,6.031524733982423
5897,3.946766585727206
5898,7.314208001192475
5899,5.7468115246659695
5900,6.6737921806905485
5901,5.799634368437084
5902,4.365129465969574
5903,6.726390876843296
5904,8.7549541558054
5905,7.254561665961932
5906,1.341469023415052
5907,5.611496010389999
5908,6.421382131437599
5909,4.2806090916897155
5910,2.5984673344333826
5911,6.254235219226752
5912,5.588387275103642
5913,6.672044598860468
5914,4.160942130143152
5915,6.862467542341616
5916,7.4837056936056
5917,8.541042326581836
5918,6.772153814846333
5919,4.079823512885966
5920,7.41571316651264
5921,6.449535079300346
5922,5.827970618987968
5923,4.841377584119129
5924,9.801707894691942
5925,8.738711689179432
5926,6.317603826814495
5927,7.514946878617866
5928,4.0765755384277265
5929,6.426088250931723
5930,6.593632888062582
5931,7.364415575182637
5932,8.044266515882516
5933,4.967066274622498
5934,7.982024700249428
5935,3.831868133835152
5936,5.703695614345867
5937,7.151040573067885
5938,4.910541232469798
5939,6.4272428339818894
5940,7.657785600216096
5941,7.4691457344625
5942,3.902637544308616
5943,5.903563497084058
5944,7.403860392282815
5945,8.66932665929945
5946,9.74178538309252
5947,4.82851151234239
5948,5.2197028417737
5949,4.631700461493695
5950,0.11298038587097924
5951,5.9981557825259415
5952,4.150400753243746
5953,4.877975268329827
5954,7.62183926727285
5955,7.431018662700725
5956,8.790505618556889
5957,7.958165083607945
5958,5.639312038657332
5959,5.832385776540417
5960,5.134966609063138
5961,7.99880985507245
5962,5.107829703326681
5963,3.8154062283119066
5964,4.302958363139009
5965,5.703550895759837
5966,6.438534458296222
5967,8.479506225016388
5968,3.1037941229813133
5969,4.944700030384655
5970,4.880367671133346
5971,5.391502306481061
5972,8.922858888831302
5973,6.273418504729566
5974,5.818426007582692
5975,8.081475783273616
5976,7.4407497697854
5977,8.886507207270261
5978,6.285923310216296
5979,9.360703867758644
5980,4.917141394078217
5981,7.122923313869024
5982,6.5026533282933165
5983,7.289496336924948
5984,6.4738698487681265
5985,7.565283414553098
5986,6.6660190140466025
5987,4.948492077392181
5988,5.5311429464619755
5989,4.644658998451568
5990,6.338582838577332
5991,9.090989167560899
5992,5.704152404889554
5993,7.575538308210563
5994,4.2002019972105735
5995,3.2138106864900164
5996,5.703955935577954
5997,5.801235581980578
5998,6.211773543611738
5999,5.3380765727360195
6000,6.185828103778515
6001,7.61017608094269
6002,6.37483967312053
6003,4.613963271631509
6004,5.06797792995981
6005,5.9955711062107095
6006,8.974098631466704
6007,8.583888972996847
6008,9.417723968426255
6009,5.158763614650992
6010,7.239296172713788
6011,6.054883977255203
6012,1.196975751526434
6013,4.139118457207917
6014,5.712463426407127
6015,6.335878647000017
6016,8.30441620411413
6017,5.575865091885504
6018,8.707126580260098
6019,8.125871417821488
6020,4.127570727663265
6021,8.980672253831477
6022,6.619715986892866
6023,3.9815885623632212
6024,4.60860051064728
6025,6.078496784941923
6026,8.297011153344174
6027,8.524625993748456
6028,3.813996026354969
6029,7.5956141022083346
6030,6.9504523967844865
6031,7.508008075537898
6032,9.885193857277333
6033,6.720138136877815
6034,4.940177882775992
6035,6.214373245399046
6036,8.678875443434576
6037,7.899454087380154
6038,6.486612330763305
6039,8.429487063814971
6040,3.8269490695315054
6041,7.262572353531829
6042,7.329807582113104
6043,8.876472437928342
6044,8.270792835275346
6045,6.208710466423026
6046,6.559927868091997
6047,1.596325603032875
6048,3.7622596136535322
6049,6.811561078374125
6050,8.372411839188135
6051,3.8990137299902385
6052,4.844973934821618
6053,3.307461816427888
6054,7.329731402488178
6055,5.0780795928977644
6056,4.220709541257114
6057,5.1166228798399445
6058,8.846054658297664
6059,4.520453819894195
6060,1.5745269374023483
6061,6.8250767924193045
6062,7.514512011706138
6063,6.447594424283175
6064,5.418333630984529
6065,5.433279315795527
6066,7.104426351878186
6067,3.7677262977473682
6068,6.994530246134944
6069,2.2830792001635283
6070,4.036446379040482
6071,6.317232879784498
6072,5.41372488968543
6073,4.341600685251251
6074,5.98525266851219
6075,3.23198102527164
6076,6.1110616760314995
6077,4.601729075664519
6078,6.44134526182618
6079,3.051281764849169
6080,3.619127476078936
6081,8.540592006761095
6082,3.4817990535690013
6083,6.43013776120393
6084,6.403567603644285
6085,5.35646137623011
6086,8.025998037267868
6087,5.2585620294894095
6088,4.751423626317829
6089,5.629231148909369
6090,5.481015089447146
6091,5.1222010855164655
6092,6.452982869987795
6093,6.310619530574438
6094,7.494063959457659
6095,6.654547766831113
6096,7.938931852254789
6097,3.848658699375174
6098,7.624407055796087
6099,8.164249333408977
6100,4.831793915610527
6101,6.351807556294233
6102,5.78741467020053
6103,3.6042215629533256
6104,7.422305855220962
6105,7.9510500359260465
6106,6.657956705897331
6107,6.8524206916564
6108,5.672746725738473
6109,9.179472191128012
6110,2.9341477914280483
6111,5.99700710587671
6112,5.162807059919752
6113,6.063815191461609
6114,5.072845431157285
6115,7.291424743120969
6116,5.0706242180154515
6117,8.27623874571297
6118,7.843233920183149
6119,4.8540859155777865
6120,4.324358854528976
6121,8.61167464147251
6122,3.7158815953967372
6123,3.065666051845971
6124,6.705643170403707
6125,9.683962189886879
6126,7.854445369630776
6127,8.654769170747828
6128,4.5556365216337635
6129,3.410777469878048
6130,4.9672327343889755
6131,6.492512926636773
6132,4.713077529051735
6133,6.394007465514463
6134,7.8181803603581
6135,3.0141606798439375
6136,4.019507652832247
6137,4.5720266288887546
6138,4.523848500076017
6139,4.962805143013146
6140,6.269580347265812
6141,4.8224452180260355
6142,5.567397285781582
6143,7.946961883982427
6144,5.882847649927478
6145,5.286815601993734
6146,7.000994279251756
6147,6.811743665780511
6148,7.437399186796167
6149,4.680270763828602
6150,8.0486926475105
6151,2.7855520329361023
6152,6.942218036840543
6153,5.827470350632823
6154,6.0816185192687735
6155,9.299496702993624
6156,2.9961558320371693
6157,6.47905784748678
6158,5.305469086377759
6159,6.181528493382394
6160,5.168112861179452
6161,5.232692329015023
6162,7.388488709112563
6163,6.380129886712616
6164,5.203776583369149
6165,3.470989830834031
6166,6.584497782545527
6167,6.889541173139572
6168,5.827979426623317
6169,3.7622989602453885
6170,6.509352447933691
6171,4.173027051631341
6172,4.868096180683073
6173,5.541107446145382
6174,3.6377453428772046
6175,5.858526373027229
6176,7.702136718664772
6177,6.987028028217814
6178,7.7227343327750795
6179,9.190846704649923
6180,7.508710797085424
6181,3.155358661561396
6182,5.087808878419424
6183,1.9585680976675626
6184,4.156642537667235
6185,3.9293377243530117
6186,7.560852232880042
6187,4.278658218740949
6188,4.45853865410368
6189,9.705104523224323
6190,7.027230798044316
6191,6.473137043111873
6192,6.21758850222848
6193,6.772493583021461
6194,7.310791503283252
6195,2.226040035066916
6196,4.653807982259909
6197,4.851917814655247
6198,4.766343534511017
6199,7.581059127621157
6200,7.927840377488675
6201,5.386721661473141
6202,3.8272886044006285
6203,4.412243540989435
6204,3.200619044147802
6205,7.649484657822424
6206,7.221673399717863
6207,3.999257913559895
6208,7.77129049180353
6209,4.266861196969514
6210,4.993918238911429
6211,4.384372935461317
6212,6.089228507255221
6213,7.255719413983675
6214,5.850596972183502
6215,4.396047423490285
6216,7.647083332223506
6217,8.747896601739647
6218,4.553209756429446
6219,6.402081529928614
6220,3.6085297674034305
6221,5.665638470171178
6222,4.411055697578268
6223,5.831405954649232
6224,4.551185984470909
6225,6.198396140586492
6226,7.389259244315122
6227,4.8494262470305
6228,7.156053622566917
6229,5.468413234684937
6230,7.475899930530921
6231,5.702385061497277
6232,6.027612627925424
6233,9.529101479917474
6234,8.078538898780844
6235,7.366114901730984
6236,5.149846159077697
6237,6.69832073772527
6238,8.962468647903094
6239,5.0538530048458865
6240,7.186660201181765
6241,5.108267502974194
6242,5.809717911552692
6243,4.4311351381362245
6244,6.261954436243784
6245,5.094031683503433
6246,7.997787316995714
6247,6.0325481169180994
6248,9.059797294049076
6249,5.094861038844451
6250,2.7916879326673647
6251,10.0
6252,3.9861393334520283
6253,6.570437555026117
6254,5.533944583023511
6255,6.961134737079443
6256,5.59883206700634
6257,5.7027999932337226
6258,4.243895424390156
6259,3.3226682343661946
6260,3.1699115832254283
6261,6.041705421235994
6262,8.627761396322796
6263,8.528020332765992
6264,6.007210044234611
6265,6.776058681824844
6266,2.5621768079140734
6267,4.629595700687388
6268,5.062780016868768
6269,6.450754058086999
6270,5.794362762569954
6271,4.144305892287968
6272,1.6293712829496325
6273,7.563960447742057
6274,4.40385636816666
6275,4.560901833053243
6276,5.389383349045002
6277,4.96825484502262
6278,7.212154006782682
6279,7.197826466614268
6280,6.620946175839446
6281,2.692981004983568
6282,4.758831900223909
6283,5.767785374881919
6284,7.235033128784001
6285,8.023838786965724
6286,4.290737414568105
6287,5.267704843582225
6288,9.077749930454647
6289,3.4279545298986696
6290,6.33329111358557
6291,3.746311268187326
6292,2.590383710208585
6293,6.122543405851048
6294,5.988541733772623
6295,5.8027197036188385
6296,7.734852375482498
6297,6.613821192309548
6298,6.743783507507575
6299,4.230099269389763
6300,5.159990474018503
6301,4.6697990180850635
6302,5.874952157929166
6303,3.885883841524298
6304,3.5728750194452257
6305,6.955460622166965
6306,6.175777977114496
6307,6.78590295112356
6308,4.904422524596572
6309,5.291077325764649
6310,5.175175271441515
6311,8.625464349154363
6312,7.149809955854871
6313,2.9401804496716766
6314,7.19277795026303
6315,4.99765242804496
6316,7.9428806126415115
6317,9.426542670198824
6318,3.5192867150871416
6319,3.9491022129617352
6320,5.321744006269483
6321,5.1112805697108925
6322,7.874783851171037
6323,2.830323672442887
6324,3.9390039525718876
6325,7.143083490485038
6326,6.337074155975323
6327,4.452025326840415
6328,5.050808870532641
6329,9.162128020665037
6330,4.939539572259228
6331,7.044583564664939
6332,6.339522258597871
6333,8.06436450666789
6334,6.833099283794201
6335,6.034378056491952
6336,7.103994336554109
6337,3.294637744787643
6338,7.585184759422551
6339,2.7734944125746277
6340,5.339911832659951
6341,4.6640362750902815
6342,4.820750463002924
6343,6.993015734469235
6344,1.5407122031529898
6345,3.5006197439251507
6346,6.923014044411281
6347,6.354006133198933
6348,5.465103598542618
6349,7.198999721622663
6350,6.826081914827749
6351,7.838219156405402
6352,2.403147604961441
6353,7.111970253931365
6354,9.336422120312474
6355,7.199820156803145
6356,5.506007565603342
6357,4.311305792749898
6358,6.212764241725924
6359,6.720324389638809
6360,7.497627912288354
6361,6.231273524046687
6362,9.37813033717173
6363,6.7957464209989515
6364,5.48299439922892
6365,6.502554474130154
6366,7.955635156841561
6367,6.549077617870539
6368,7.705188121041142
6369,7.816437000726886
6370,4.415944955725798
6371,8.21471439504257
6372,3.8787308854614295
6373,5.638025285731777
6374,9.028335025258631
6375,8.818746588508743
6376,4.682712073397126
6377,4.432691226540699
6378,3.4591783794048716
6379,9.008459071673498
6380,4.344323059487764
6381,1.6881127096256385
6382,2.1553652285236473
6383,6.980461188395204
6384,7.199236489448469
6385,8.071899827289567
6386,7.71898478174924
6387,5.4161237257894586
6388,6.124023812777768
6389,6.093360211344035
6390,8.83006809979153
6391,7.330673059638925
6392,4.363018647977582
6393,4.444418573491291
6394,3.346426048760131
6395,6.136563650385147
6396,4.301851480049855
6397,4.825646017147321
6398,5.641211970601277
6399,5.24367247874943
6400,7.383535486540868
6401,6.836143372635628
6402,7.682209441351527
6403,8.265678420396224
6404,0.9629063998931742
6405,8.520753584622062
6406,7.167830794518715
6407,5.22577763939386
6408,7.761539037086783
6409,6.378744630452419
6410,5.717540124760669
6411,9.296022777424948
6412,4.18891872809568
6413,4.306439967862234
6414,2.2809811658140293
6415,4.1719132254583
6416,1.669594723362482
6417,4.257633260641167
6418,6.3318135555142625
6419,8.88330441022341
6420,5.964312553649223
6421,9.603210594333078
6422,7.783262158971011
6423,6.43475606312395
6424,9.642021273639312
6425,8.407831601608024
6426,4.851985154049095
6427,4.870997851762941
6428,6.428744712459534
6429,3.5716156000924975
6430,6.444234234315459
6431,3.4954571276365773
6432,7.992024519341237
6433,2.957808168188138
6434,7.553370858217901
6435,8.540011949343201
6436,4.521228418973639
6437,6.845702071453292
6438,7.521777079110379
6439,6.088034131649565
6440,6.087558232523074
6441,6.36299362612522
6442,2.4881801982277953
6443,4.131920170732203
6444,7.592462169787979
6445,8.041714440522743
6446,9.802346822646921
6447,5.860126197969582
6448,4.76963866015767
6449,4.524712005538363
6450,6.02210645119162
6451,9.066933420810523
6452,9.919593651448679
6453,3.9356620783057985
6454,6.874299993073653
6455,7.518094012521503
6456,5.74589196591961
6457,8.352101375331868
6458,4.501255372745716
6459,2.9780122706791334
6460,6.40230398611002
6461,8.213890349040774
6462,7.822182241097324
6463,6.62515584850229
6464,8.033249728263835
6465,8.6142540680827
6466,5.091675099826813
6467,7.142704817205131
6468,4.218191211915538
6469,7.09765868287686
6470,8.604957142961455
6471,7.157028584326312
6472,4.926351840735579
6473,3.8396586432629327
6474,7.403553680097227
6475,5.255692957205878
6476,5.052385993777448
6477,8.466604844655837
6478,7.216259403022271
6479,8.235763941326319
6480,7.9588579054301265
6481,6.3814843657085305
6482,5.094917728163857
6483,5.83756993756198
6484,5.885041393920483
6485,7.622321062409971
6486,5.217165752743626
6487,4.089561539251519
6488,10.0
6489,5.423536357031937
6490,2.7460711947358076
6491,4.719144710283424
6492,5.905292107590589
6493,3.111438278016314
6494,4.58596651782806
6495,5.353357008549232
6496,7.580409311962646
6497,6.012173812198708
6498,5.964532312350358
6499,5.83158196693435
6500,8.864002432058404
6501,2.725424123052098
6502,2.4324670856824397
6503,7.895259586931501
6504,9.227631587337633
6505,4.662569984835716
6506,3.8954834244191257
6507,6.71934949872051
6508,5.492932420459077
6509,6.316442805845262
6510,6.771124035698122
6511,7.4331201930227735
6512,6.589952937743329
6513,6.378809543200617
6514,4.336462172691705
6515,3.9395957240008137
6516,9.462456443887888
6517,6.211317633786857
6518,4.781829161842204
6519,6.133348428540648
6520,7.716173510858518
6521,2.8609183818375157
6522,3.8834393401463783
6523,3.3063557111641675
6524,8.426738598931099
6525,7.922792363659866
6526,8.812982008187008
6527,4.407890529294677
6528,6.411159455976877
6529,4.235856868783584
6530,6.299698750055845
6531,7.493119957101728
6532,3.17908544102338
6533,8.734784605628683
6534,5.500114013495703
6535,5.916257313283971
6536,6.651258967415636
6537,6.5302513912988545
6538,5.007435412465816
6539,7.075541317529015
6540,6.002630381434389
6541,6.769726656752917
6542,4.365696876070603
6543,7.311501904784384
6544,7.0236618015128265
6545,6.01816003430452
6546,8.258692679711904
6547,3.8316936775072694
6548,6.193310182135306
6549,3.6354020014920114
6550,6.776587964095534
6551,3.221750315287144
6552,5.294232784126158
6553,6.754077706534395
6554,5.600127544095324
6555,2.248790936499258
6556,7.479782612333361
6557,2.567737371818483
6558,7.220014638244381
6559,6.649951475848779
6560,4.34026419059535
6561,6.3681444211538984
6562,5.1659040977471795
6563,5.74691579377242
6564,3.399570731727919
6565,4.371672853453003
6566,9.174595907046147
6567,7.9128028876477705
6568,7.433281500130223
6569,2.724170786264107
6570,7.647332313320621
6571,7.487321427122483
6572,2.962860851102485
6573,3.9706690285875017
6574,8.025014300566074
6575,5.926146278118198
6576,4.5750230906498555
6577,6.805912210193035
6578,7.759474873593473
6579,4.565956674753515
6580,3.7560368134455064
6581,4.1217929964286215
6582,8.620206688395484
6583,8.827471296717794
6584,8.36338221578374
6585,8.758709635312444
6586,8.373598638568003
6587,6.567914466939457
6588,2.233547611192873
6589,5.813167717993408
6590,5.952693347004552
6591,9.365496914690917
6592,7.763102746277602
6593,6.404986548651351
6594,5.792077922727711
6595,6.786698359247802
6596,6.328640410577671
6597,6.065448447515923
6598,7.145325125399334
6599,5.505634454163286
6600,8.362721559923346
6601,7.733128095605255
6602,4.008896678591086
6603,7.744806847000478
6604,6.741458079966503
6605,6.523997837744049
6606,7.582123458581574
6607,5.056776492411313
6608,6.901578217567912
6609,2.5101543359973175
6610,0.3007433113848933
6611,7.151650893298697
6612,6.175666346128975
6613,3.84333804795658
6614,2.665357021191607
6615,6.519680233803711
6616,4.601136427071258
6617,3.6575632374894047
6618,7.53536623686813
6619,2.7894256822029107
6620,2.1361822726038424
6621,5.193253545118434
6622,7.996134098182814
6623,6.618919931052856
6624,4.156156936359566
6625,6.9780734779404705
6626,3.504583028651107
6627,7.896671748792289
6628,4.5000568995322014
6629,7.65161319189297
6630,6.020184321941166
6631,6.736894362607674
6632,5.878158714387445
6633,7.9946747251246375
6634,7.374988887489501
6635,7.533173114430722
6636,5.457223146232403
6637,2.040638104302172
6638,4.269615829442929
6639,5.436606750491753
6640,5.649968957784133
6641,6.670675305047754
6642,6.506702405532827
6643,4.254948342011416
6644,5.834888467343254
6645,7.596270901564437
6646,9.088263284007986
6647,2.9003133869169875
6648,3.6281333260916724
6649,5.748524310618119
6650,4.61861069153145
6651,5.401499966068356
6652,8.714652822460987
6653,6.1548812425543495
6654,9.26897878754168
6655,6.215095960241765
6656,7.208364029335017
6657,7.564373525655386
6658,8.136423128103113
6659,3.2813889718215394
6660,3.691425935720125
6661,7.332360767712948
6662,9.42304911168376
6663,7.878763548868783
6664,6.684248205234847
6665,6.058557876392443
6666,8.599848038966893
6667,5.819966587912819
6668,6.208496553929813
6669,9.462059682603364
6670,6.207614800729552
6671,5.897426055167105
6672,5.0590628165603375
6673,5.966045523020768
6674,7.3370807842240735
6675,6.284049104737375
6676,7.292592349639475
6677,8.81008163167618
6678,7.256339816108403
6679,7.174405299968837
6680,6.873176502288649
6681,4.987672160681916
6682,6.775580508670286
6683,7.070361906917702
6684,5.7336681991574
6685,5.619217554697132
6686,6.371054784373159
6687,7.258069857381974
6688,6.118704497760386
6689,7.087700853333076
6690,6.708612283333953
6691,6.35078035381991
6692,9.159254072116966
6693,4.055979766760377
6694,7.561412259901401
6695,6.860086084457431
6696,4.353354290863667
6697,5.676739655756162
6698,5.845650386798422
6699,4.542014102004832
6700,3.7234715567234766
6701,4.122639081314587
6702,8.663531206630894
6703,7.742161062134068
6704,6.780977659643888
6705,7.332760410219639
6706,9.408880012889847
6707,3.873287272113142
6708,7.8857494080003905
6709,3.370159237174183
6710,6.975862339327153
6711,8.122191917651024
6712,7.7431469746931185
6713,5.099280202360099
6714,5.819265370870894
6715,4.516168952131809
6716,6.975575285108436
6717,5.4928907536772735
6718,3.559918098523925
6719,6.610011744491364
6720,6.139002396238504
6721,3.752790311911235
6722,4.5630433545396265
6723,8.68090569197789
6724,8.771317807221195
6725,6.072916053021885
6726,1.9299252591041522
6727,7.485334296960611
6728,3.0603452597108896
6729,5.435741740358605
6730,9.155671331331659
6731,3.7842955218945065
6732,4.482194709611135
6733,7.215300540852304
6734,7.887143711441806
6735,3.4494504151130236
6736,7.62911733055556
6737,4.909512671872215
6738,6.028873678128001
6739,6.283022880910876
6740,7.194104928458522
6741,7.3109302839303325
6742,8.996844063673386
6743,5.630285069630534
6744,9.040064731166122
6745,1.3955388821240773
6746,5.838455254998823
6747,7.958442008369865
6748,4.00914941671825
6749,8.789231643927437
6750,4.903309084932126
6751,5.420955499384233
6752,8.929149281986296
6753,7.0411757936981125
6754,7.183744525189924
6755,7.348398160532195
6756,5.196971897667146
6757,5.035855155145843
6758,5.307957478115413
6759,2.2272838603229674
6760,7.255434352274259
6761,5.227574611120136
6762,5.806390886177189
6763,7.227701824730733
6764,3.8156377124842176
6765,4.208331383204277
6766,2.7559678990819014
6767,8.137707781265137
6768,6.605268243591814
6769,5.576374039458909
6770,5.746008770215404
6771,4.151058384831587
6772,7.979139663149661
6773,1.297404530968946
6774,4.7064417404371
6775,6.9091428541579765
6776,2.990945883001209
6777,6.708432158579401
6778,7.088755329729985
6779,5.660680691886051
6780,6.595334380947694
6781,5.48321959542364
6782,6.9055322904476775
6783,6.034985454938002
6784,4.8080279475872585
6785,6.369735566207958
6786,6.172439380872927
6787,6.585251238643984
6788,5.815893151024338
6789,2.5538777446723935
6790,5.076813843775759
6791,3.9415543070600703
6792,6.867176764143491
6793,6.115966848537853
6794,6.48507919059621
6795,4.698342894735731
6796,8.298990661217069
6797,5.638145522005596
6798,4.225314243971788
6799,9.04879232611359
6800,8.264865190741332
6801,6.031636048988357
6802,6.180902901126618
6803,8.416337904319116
6804,5.703822154741519
6805,4.972953179669445
6806,2.922103376762697
6807,3.194787276079593
6808,5.114410095752326
6809,7.18489084081606
6810,4.596397571616106
6811,4.619604463952294
6812,6.042020132666503
6813,8.945898942229197
6814,6.509466000877705
6815,2.783406834180658
6816,9.380758019413939
6817,3.7720541397017584
6818,7.183887203949105
6819,6.2419422634368935
6820,6.31944171246991
6821,3.1391528608634434
6822,1.6904214745914312
6823,7.004798350714105
6824,3.4930721465646357
6825,6.255486891565693
6826,7.419553270668773
6827,9.426305360759057
6828,5.501094804568509
6829,4.388682650712677
6830,6.118838002424843
6831,8.37838533660883
6832,2.420150716788574
6833,7.592442566112734
6834,4.757422822067308
6835,7.192656905567006
6836,7.3321690222402545
6837,9.950642378405746
6838,4.0924296456083225
6839,7.746592455388485
6840,4.9003892668176805
6841,5.988676553520922
6842,7.617070411359658
6843,1.8240553098257104
6844,5.463496311007956
6845,7.833825887244255
6846,6.5404700953494626
6847,4.99780846173919
6848,6.719771862459497
6849,4.302811579526146
6850,5.1912637955886805
6851,3.3054634516394112
6852,5.485388965998884
6853,5.746017948383499
6854,8.886474666250635
6855,5.4818873234475785
6856,2.477857034550721
6857,8.825096294413378
6858,6.93643293549618
6859,7.774474830412496
6860,4.2711233923745135
6861,4.274731119455487
6862,7.750344758431314
6863,4.519235428891545
6864,3.7729976573735438
6865,6.695362249029945
6866,3.28718105726195
6867,8.82041260210592
6868,4.8256135950297585
6869,7.652887868833395
6870,5.217126695090637
6871,6.373168361654286
6872,5.250025993823847
6873,3.381713850661759
6874,8.664863708292064
6875,4.543198593477325
6876,6.73219841353772
6877,6.443535419331927
6878,4.5511278971059745
6879,4.239191306275525
6880,7.558987039447877
6881,5.444806906745562
6882,5.9583855866909055
6883,5.915048468955465
6884,8.390897488045937
6885,8.002290965275114
6886,4.040873370239072
6887,5.2546973772996965
6888,4.9965408101188835
6889,8.11278069189539
6890,3.68492550008212
6891,6.4916059034023
6892,7.635313285615841
6893,5.515978987295333
6894,8.394264578991278
6895,7.725741348981126
6896,5.43910318881186
6897,4.074604490857591
6898,8.411720850340851
6899,7.152975008314378
6900,4.399593502774144
6901,9.733771887393155
6902,8.47142245598365
6903,6.789269156319262
6904,5.169499189092206
6905,5.835329030420799
6906,5.945085099308633
6907,4.365027848616713
6908,7.745491637948304
6909,8.221687099633256
6910,4.2889511291149915
6911,4.785876558496394
6912,2.6835906453981515
6913,7.1947914936991335
6914,6.668785805336881
6915,7.120343928600523
6916,5.548931550775895
6917,5.828714033594371
6918,7.296072268721719
6919,6.007992993199312
6920,1.987477237329344
6921,5.235682114287253
6922,8.607485237588188
6923,7.424930492913
6924,7.489465013911902
6925,6.344607308702699
6926,2.7160700105185156
6927,6.219477622210387
6928,7.732563713600177
6929,7.445767445725922
6930,9.087082293883055
6931,5.462183045678406
6932,7.233579113956043
6933,6.237263465735762
6934,6.350774820047264
6935,9.538257676968868
6936,3.0558985544735906
6937,8.789434296049343
6938,7.957847287245245
6939,8.204291569962411
6940,2.647555977402873
6941,6.494586630394401
6942,3.9620699392626353
6943,3.85381731543556
6944,5.0850252809957
6945,4.457180517270609
6946,7.147422763865955
6947,4.727761795818438
6948,4.591684822549178
6949,2.993791489310248
6950,4.872824979396762
6951,4.5565234557318135
6952,6.215036479763616
6953,2.4853386428090296
6954,3.6641710106374594
6955,7.0456201418384286
6956,6.853688288004813
6957,7.380542576802095
6958,5.837217337114392
6959,3.9852455659882025
6960,4.366887422849119
6961,5.669085801782747
6962,8.137732023225322
6963,7.4360573776060175
6964,3.7094640249790447
6965,10.0
6966,4.9158813044082885
6967,5.512006440463406
6968,2.754535612501718
6969,5.698413583547307
6970,7.295706197968737
6971,7.200691122282741
6972,4.124414661542666
6973,3.364704346761906
6974,4.288973061145966
6975,5.880331421542548
6976,5.9357075747952415
6977,6.174111591529225
6978,7.661051469402321
6979,7.937670554500643
6980,4.174696693971187
6981,3.328394160292358
6982,4.4449032841711595
6983,5.309621644030608
6984,6.490534193166019
6985,7.903620960104862
6986,3.8719329762061627
6987,3.017907249747139
6988,9.036909176626875
6989,5.501151479816362
6990,3.674840604407639
6991,3.3029842342648204
6992,6.842337245350101
6993,4.481021006940047
6994,5.898517122943765
6995,5.113691190024733
6996,3.1642582952463805
6997,3.624593416410278
6998,6.868071187559148
6999,8.097836089204918
7000,4.370391183592755
7001,8.09257308630261
7002,6.831349340212593
7003,4.3202903855880646
7004,7.849625380433498
7005,5.892211487530836
7006,7.432552738628278
7007,6.353939867216544
7008,8.318242478991568
7009,6.915041178357019
7010,6.405654940179925
7011,2.7236019717275113
7012,7.176578159810561
7013,9.450141483277854
7014,3.2953776916913218
7015,4.492106583521468
7016,6.420943518693291
7017,2.7286160882877577
7018,7.440067546039781
7019,5.632403537340045
7020,9.172332922265475
7021,4.010872441158902
7022,3.003589680610145
7023,6.356452914699868
7024,5.00014207317448
7025,2.9735198462394195
7026,5.08161594957208
7027,8.240364640733725
7028,4.305133707843274
7029,7.718303175915119
7030,7.880656954887273
7031,8.676667607229458
7032,4.02022337891516
7033,6.702783818278856
7034,7.056146856629693
7035,6.037748065462533
7036,7.583650944097182
7037,7.520594355171547
7038,8.278961167178288
7039,5.932144049983517
7040,8.727191281490345
7041,8.764610011086564
7042,4.890809729205007
7043,2.8199366717502055
7044,6.120279606902326
7045,4.711368521452642
7046,9.247629674218885
7047,3.253957850556321
7048,5.08227442809956
7049,7.96245923354627
7050,8.858355871405173
7051,5.754627733296813
7052,7.1539831618278065
7053,4.615047425840106
7054,5.1438666096874
7055,6.505370182455636
7056,4.2698248920195105
7057,5.0827956478033975
7058,7.116879032346077
7059,8.037510368348169
7060,5.557494060682474
7061,3.5914005486005576
7062,6.018674258634937
7063,7.935777766473778
7064,4.303517237741589
7065,7.166441584465458
7066,1.4342473197351404
7067,4.262614222568797
7068,7.338920849141328
7069,3.832037681998958
7070,2.8150183077387667
7071,8.292656878233753
7072,7.4230249598361215
7073,5.000104609402043
7074,5.046199947215183
7075,8.586086330535611
7076,9.456065319943681
7077,8.330509257076994
7078,6.357853456649182
7079,8.415899476830358
7080,5.179013377954
7081,6.482351317952284
7082,7.659318099885766
7083,4.235092657620989
7084,6.973543460472528
7085,3.4650419108538033
7086,7.8279403020960725
7087,6.472288098376312
7088,4.080068849936921
7089,6.838566650775226
7090,9.535873876333703
7091,6.28347089154304
7092,4.63329838745647
7093,4.987731732307031
7094,9.02506661043788
7095,4.342501962096466
7096,4.692820057810187
7097,8.075207874323885
7098,4.685632785924102
7099,7.741392994760078
7100,7.096723431375785
7101,6.080853458241483
7102,8.168548385988405
7103,6.8772793239926
7104,7.7223147929084295
7105,6.105265392769059
7106,3.275918121800025
7107,4.7481148510788715
7108,7.2780690266456425
7109,6.532669451740502
7110,4.1722999222483494
7111,5.516378486198566
7112,4.09199875758736
7113,6.529295699631538
7114,5.957461861107127
7115,8.414443659152031
7116,8.874518490362004
7117,4.974208030542637
7118,6.220425760357808
7119,7.698175477866808
7120,4.819401576425407
7121,5.313347590907509
7122,4.819653067423502
7123,4.720619539037222
7124,3.8227800906368365
7125,5.25188686554704
7126,7.809614808971145
7127,5.3353690059091665
7128,7.166896548113262
7129,6.651504865445959
7130,7.284119739129375
7131,7.141380512694129
7132,6.655343597704834
7133,7.375740821598987
7134,7.31950790151502
7135,6.3830117912335975
7136,4.328359890981164
7137,6.116227013044857
7138,5.0118429526108494
7139,4.5327126919455365
7140,3.981571763258529
7141,9.61122563179174
7142,5.418849571277571
7143,5.224787694652521
7144,3.237355488345857
7145,5.4051709267325645
7146,4.674151615680915
7147,7.9170833940575704
7148,5.577676182864303
7149,7.288208478099721
7150,5.768339894675197
7151,7.808168297290952
7152,6.470829155123562
7153,1.7406921018275512
7154,9.120739584097244
7155,6.828130572140502
7156,2.064522262576464
7157,4.701840212665242
7158,4.17694477338976
7159,5.551618078777604
7160,5.221902753850676
7161,6.678850008248413
7162,5.998286156891934
7163,6.3255413748664235
7164,8.485508205754508
7165,8.59136401367018
7166,3.4067657141590764
7167,6.4283414657967635
7168,4.471966367386656
7169,5.540303049369323
7170,6.562216618483987
7171,4.49363601480159
7172,6.243116723868137
7173,7.848664220076827
7174,9.114220504362367
7175,4.220657387032279
7176,7.40880746057721
7177,3.720921364459483
7178,8.340071871726767
7179,6.4675662617055805
7180,4.896162472055868
7181,6.531954126438771
7182,5.8521362735406
7183,7.719921202381324
7184,2.0799165027670705
7185,6.356610732106547
7186,7.292075841939312
7187,5.253391884251381
7188,2.497428534209095
7189,5.93732350678227
7190,5.312973400489221
7191,2.997399439649869
7192,8.661997249891458
7193,8.316264137765756
7194,3.3989208676029263
7195,7.59826799338344
7196,5.902588767629345
7197,6.822108451778388
7198,6.111767641213076
7199,7.853747218195624
7200,7.330222938597182
7201,5.557813057718407
7202,6.417893717887442
7203,6.291231552912367
7204,6.172688650003767
7205,3.060442827903115
7206,6.773815041281255
7207,5.790847907320603
7208,6.285391322447361
7209,5.99850578879293
7210,6.8853714117895555
7211,5.692409282195582
7212,5.1700772853149415
7213,5.666454914700155
7214,5.945524015728451
7215,5.169203341543499
7216,4.1725385350291795
7217,7.295438752766422
7218,5.665018359124732
7219,7.926895698903346
7220,3.931045924515669
7221,7.359738368346531
7222,4.5845907227697404
7223,6.783167998280349
7224,5.992184793625725
7225,7.236611065273603
7226,6.711442010517549
7227,5.911389649612023
7228,3.7310766305929612
7229,8.446797563836004
7230,6.260605906284798
7231,3.0825523351357096
7232,7.4771844492491875
7233,8.22497029478335
7234,2.851748974273963
7235,5.337025995703634
7236,8.14356278607056
7237,5.985124404794468
7238,8.470411968913215
7239,6.061735935023939
7240,3.604624376992032
7241,4.046469630749862
7242,8.36359219393586
7243,8.922773521011322
7244,3.1079305622018167
7245,3.925551963822176
7246,3.449302390199839
7247,4.100866346259447
7248,3.7394193944734964
7249,5.755891725207056
7250,7.423015882532286
7251,6.241773149393178
7252,5.180706431375224
7253,7.556553955237933
7254,7.891949165071754
7255,4.066941010859245
7256,6.890137971444448
7257,4.289729776255271
7258,3.0415801068284094
7259,5.779493401688917
7260,9.503433545125823
7261,5.756074767791992
7262,5.734091876696257
7263,4.65336237747577
7264,2.938361279545325
7265,7.979551100730133
7266,4.353363284234374
7267,2.9484163140671114
7268,6.341763595991211
7269,4.958959135095876
7270,7.066724594435085
7271,3.9729170704527395
7272,7.24731096557362
7273,6.653506404151837
7274,5.117276667267675
7275,6.698962638530772
7276,6.0224827111898644
7277,5.311115982526493
7278,5.929653095026835
7279,6.307788086455755
7280,6.539399000574273
7281,8.823310594252629
7282,6.008598502910059
7283,5.42328343037257
7284,8.570348493811366
7285,7.514900295665845
7286,2.912212718041835
7287,4.788092632115163
7288,5.877033258451795
7289,5.036192883176523
7290,6.696856524208048
7291,3.5727320148826025
7292,5.597354221452038
7293,4.621525510833918
7294,5.126351818407156
7295,9.623856051909492
7296,8.05727944397701
7297,6.849405782681159
7298,5.466912165546252
7299,7.3294640882481135
7300,4.490034600785965
7301,6.937693839916449
7302,5.332653240208811
7303,5.004909935455195
7304,8.360704839179924
7305,5.767459710385161
7306,5.188304087585743
7307,7.010063474280376
7308,4.8297946190044545
7309,7.650057754516854
7310,1.8376548288705243
7311,7.200423039576462
7312,7.730652738411995
7313,6.306372129728205
7314,5.720523414670295
7315,5.747348866612317
7316,4.467513995915051
7317,7.428070444670333
7318,2.6213625246675365
7319,7.227476722370104
7320,3.9759330847987804
7321,4.526472950174132
7322,5.6099641392519235
7323,6.030830143149702
7324,4.729320569606179
7325,6.512676066679675
7326,5.985911947012221
7327,4.078649199290646
7328,7.120477309673355
7329,3.3203415308526236
7330,8.031361319196415
7331,4.0038824892128995
7332,7.444501020548953
7333,7.809539764739941
7334,5.741589288511438
7335,6.004647250206494
7336,6.095968621720415
7337,4.156200834693964
7338,4.587491275487694
7339,4.891929198096387
7340,5.559618422362466
7341,4.386871378876098
7342,4.79149335711962
7343,7.778039916853463
7344,6.036910916720942
7345,3.3150575418878083
7346,7.588538845782953
7347,8.047634140598227
7348,7.242793734396594
7349,6.3567561123215
7350,4.647933543576661
7351,5.3880405735695485
7352,6.251402377693992
7353,5.279384044314246
7354,7.003232734290653
7355,7.730277375407414
7356,5.3805567499167
7357,8.731933805491867
7358,6.687869539493909
7359,5.983663422510813
7360,7.905782238686383
7361,9.254819204328136
7362,7.255855009518797
7363,3.514941554820188
7364,6.563200892340718
7365,6.377427172019264
7366,6.240967595906273
7367,6.035609125208835
7368,3.6170094083244573
7369,8.3721816316941
7370,6.3037548198709334
7371,8.792632340175631
7372,6.3026806879314385
7373,8.607879633749066
7374,6.573729716479312
7375,4.037082404776499
7376,5.026747303277448
7377,5.7684441965286775
7378,2.9564277302866637
7379,9.282345529147461
7380,6.868007651886309
7381,6.079886638177921
7382,7.937800523548931
7383,3.2646415541385587
7384,8.126177257420638
7385,4.843771189890974
7386,5.9934149277781215
7387,6.470993682028931
7388,5.68640364388981
7389,4.843905191779606
7390,6.397830770999557
7391,7.114822162501279
7392,5.995074417546899
7393,9.43938434838144
7394,7.780491873963992
7395,3.301869660716022
7396,5.876302585306436
7397,7.997055902769021
7398,2.086814668902682
7399,4.390864910829279
7400,7.965560348591371
7401,4.211248023907782
7402,3.1818203607695152
7403,9.399638598985456
7404,6.23370423555317
7405,5.20041023439494
7406,7.65402339294862
7407,7.730658699004
7408,7.548851951370091
7409,8.39532180323392
7410,7.413372421867144
7411,8.029871723862504
7412,3.436047426205007
7413,4.908879268989289
7414,4.772235866580781
7415,6.1121493527756705
7416,5.53821180101391
7417,6.970339403409302
7418,4.027396843316214
7419,6.116082875083724
7420,5.204013919551184
7421,3.4733919917618103
7422,5.873187604814202
7423,8.515777667661046
7424,9.469258145140811
7425,3.0526952493063995
7426,5.146043209958959
7427,5.592046428717669
7428,3.9804037665605168
7429,3.564895935006613
7430,2.096044796031804
7431,6.041003226535178
7432,6.558147706037571
7433,5.167698214798453
7434,4.3334610904462485
7435,4.888065646479468
7436,7.626943727928175
7437,8.901039960370529
7438,4.79648323965846
7439,6.071935202508815
7440,8.217941030661526
7441,6.405053489110908
7442,4.108874811956399
7443,8.645583053544915
7444,6.187858175558417
7445,7.751530674351041
7446,4.168845392304017
7447,8.214348537245364
7448,5.023215096475489
7449,5.383626445530218
7450,8.667866066618773
7451,6.29047243854161
7452,6.261582749599957
7453,4.18764305162251
7454,6.748063429445303
7455,3.970504738703198
7456,6.825427913199932
7457,7.0912973290353785
7458,5.483009828056628
7459,3.765185410163743
7460,7.626284123787773
7461,8.23000187614751
7462,3.185272836429241
7463,7.943502949262336
7464,5.987322760165963
7465,8.675130262391503
7466,6.800218102261357
7467,8.915566906896826
7468,6.634744658296732
7469,4.128046769837177
7470,6.410482395357898
7471,6.203619572925365
7472,3.38386125600252
7473,5.969640259493452
7474,5.191698531227491
7475,3.162513231409999
7476,4.814068015667958
7477,2.278647992351609
7478,6.564874960333591
7479,4.8283007108244425
7480,8.936162220904626
7481,6.80004667660153
7482,4.693755726924342
7483,7.528811609736082
7484,8.089390406400137
7485,5.008919807551397
7486,8.905010988048804
7487,4.833086224557971
7488,5.286587473379771
7489,5.412900958624974
7490,5.430062200854588
7491,4.13764654859025
7492,4.531267153260717
7493,8.389604431083155
7494,6.1852970895472925
7495,6.983992408727909
7496,7.3011818339001175
7497,6.495446423556779
7498,6.418767868189309
7499,9.38851904134845
7500,5.587455904879782
7501,6.218644528274481
7502,8.182067068799737
7503,4.549095809889924
7504,7.111568249528844
7505,6.185184514324647
7506,6.355225173269357
7507,8.668205987962612
7508,5.28596738054077
7509,0.9375276399891894
7510,8.866207271111776
7511,5.3152299139757275
7512,5.418764711096291
7513,5.634948493180401
7514,8.081842099172938
7515,4.734826026615548
7516,7.4200477209837885
7517,2.722681874158363
7518,5.578792717036551
7519,2.790315442333311
7520,4.459476518392587
7521,9.212668063020796
7522,5.652771864091185
7523,3.414539703667445
7524,8.11399926943431
7525,6.444066491824536
7526,7.531701340699398
7527,5.91443650346098
7528,3.4870908039988677
7529,7.563679137137024
7530,5.695970783167235
7531,5.550885760385449
7532,9.430082662386122
7533,6.952058888196477
7534,6.841063083813125
7535,5.316438425824018
7536,7.776743421869316
7537,7.781515940690782
7538,6.472763007188971
7539,5.9287787323076575
7540,5.97320053738271
7541,3.908801416295546
7542,7.7722196376689245
7543,5.50389089840356
7544,2.5323199749383423
7545,5.0680570646811605
7546,5.385841527657403
7547,4.267574314133312
7548,7.255449970995213
7549,7.999747151630771
7550,4.768785841103389
7551,7.931710612358908
7552,6.1688657917213074
7553,6.7077249580644835
7554,9.050065957913484
7555,6.747149317527352
7556,6.179357894753016
7557,7.999664373607571
7558,4.32099116041975
7559,2.9252891653008186
7560,2.419237184498682
7561,6.10083242779355
7562,4.740524526403814
7563,7.550880111607033
7564,6.537064141941354
7565,8.72172185869417
7566,5.523821773888558
7567,6.958965267248142
7568,7.5225756259154375
7569,5.886071583970799
7570,3.1368699187766023
7571,6.575434033823229
7572,7.2651615563171195
7573,9.758465139747745
7574,5.801945580496825
7575,7.605521045229417
7576,5.1234472622209415
7577,7.032155231021171
7578,6.125163314189038
7579,7.843434858799795
7580,4.002032778038794
7581,6.989392973793345
7582,1.8769617752550793
7583,6.039803994294519
7584,4.2054972542389475
7585,6.3488603038357425
7586,3.9338779409838796
7587,6.286043279143091
7588,4.525283664789738
7589,8.18350918228098
7590,2.037954448441813
7591,3.4020879659893293
7592,6.173780307483387
7593,6.590075797177363
7594,3.7877267267576205
7595,6.514364584711636
7596,3.3413317104128755
7597,6.503548876897282
7598,6.054385589941812
7599,4.044253857105736
7600,7.447947472750696
7601,8.89008331373003
7602,1.1997089394709732
7603,3.8743069692763044
7604,3.5859968455325504
7605,5.455776210266012
7606,6.207739883447476
7607,8.318360470560433
7608,8.571613804087187
7609,7.719406892723453
7610,4.89669904643185
7611,5.125290856060293
7612,6.6532507323333245
7613,7.922857504408764
7614,7.032533063497487
7615,8.098241241191026
7616,6.429680442186449
7617,7.111342308332116
7618,5.819775037450217
7619,3.5564602881601206
7620,3.916215930461406
7621,8.051987826024684
7622,3.7608595523351145
7623,7.503945423273195
7624,6.74115858354841
7625,5.515456965750997
7626,1.219056758329357
7627,5.488398890867086
7628,5.688003900026541
7629,4.124179149159868
7630,2.997502300077716
7631,6.340002049451556
7632,8.328005752139667
7633,6.986979173008116
7634,1.5610378589798757
7635,4.8267997376335
7636,7.678477825270105
7637,2.369111705075516
7638,6.756929651482473
7639,7.566774149186573
7640,8.327182320443175
7641,6.563099802833281
7642,9.002837100414135
7643,5.66100500089307
7644,5.662506840256287
7645,6.653508285562321
7646,5.287342909353677
7647,4.61175999042157
7648,3.380640814573372
7649,3.8890907473564655
7650,6.734100685076235
7651,5.457205505701584
7652,5.935648689940301
7653,3.066370662969877
7654,6.111307594942131
7655,7.4780473581921125
7656,9.664473230152026
7657,7.305643094141651
7658,4.601958549156876
7659,1.3313055765005888
7660,3.9025617662993017
7661,4.14506652916291
7662,6.971272505212667
7663,2.6620382428169136
7664,7.767331624115583
7665,6.47434186006181
7666,5.772219421156167
7667,5.145015932016715
7668,4.893554305276719
7669,6.826667127841326
7670,8.666654356784742
7671,5.85478356324828
7672,6.0894830336970385
7673,4.831024221238616
7674,5.057812178657198
7675,8.977246631455525
7676,3.1865485135880562
7677,5.235023837711714
7678,8.814711936087932
7679,7.96358302362232
7680,7.700514132760271
7681,5.488524411083361
7682,3.9919505923168104
7683,5.445720971575646
7684,4.894162678511072
7685,9.66256002169008
7686,6.399860324958715
7687,8.790056257326956
7688,4.05964194046031
7689,2.9138645955456823
7690,6.5584618529659995
7691,3.5427063974266444
7692,8.517829338343443
7693,7.908381064725163
7694,5.015898754303052
7695,4.661388224939788
7696,8.729591440671634
7697,3.538290723931547
7698,4.946929285059285
7699,6.864204154634155
7700,7.132098673166078
7701,5.045997390036482
7702,3.4249254731896084
7703,5.4335597712365775
7704,5.024059812413484
7705,4.183726525917847
7706,2.1808981938891714
7707,7.092560522226712
7708,6.345590598744762
7709,7.641630390841396
7710,7.041548374276032
7711,7.903501070044972
7712,8.090561535400584
7713,5.00253323854548
7714,9.429288036205609
7715,5.610688844963469
7716,6.892316433524448
7717,7.102701524752606
7718,8.083412279999113
7719,6.351633026712395
7720,8.777611618213546
7721,3.447637563602576
7722,3.6304414585646922
7723,3.719756961457672
7724,6.265754720850493
7725,5.560002777220389
7726,4.980811656240009
7727,7.06027238659203
7728,5.750507745600698
7729,2.863678975367543
7730,6.126340770260531
7731,3.507436950557694
7732,7.60966119440467
7733,5.7261618227782085
7734,5.79328911937861
7735,8.439244812255216
7736,6.754867424889298
7737,5.33853328419752
7738,6.438305608699357
7739,4.363324000994153
7740,6.616173343860671
7741,5.670958038791562
7742,4.87148471251354
7743,5.261235343349843
7744,3.4138754294222373
7745,9.395946004979614
7746,6.149868741969474
7747,6.0787825075008595
7748,6.072456618084255
7749,6.535014236211639
7750,4.019181384863324
7751,6.685416520926217
7752,8.153975886976392
7753,5.720212414358669
7754,4.94605143584349
7755,8.501689252699217
7756,8.252756931665878
7757,7.670752297541347
7758,6.467161947578393
7759,8.889864574804873
7760,7.036352001587535
7761,7.578456313163555
7762,5.117872023821805
7763,6.29199701753575
7764,7.301053506934092
7765,4.973483008145716
7766,6.768312726943085
7767,4.657723433566662
7768,4.8873869125302765
7769,3.4946378009993406
7770,8.91808684905235
7771,2.736553564745675
7772,5.412260003157564
7773,4.888653735493543
7774,5.219334225717662
7775,7.5990418062574445
7776,6.284122401416413
7777,7.229664388346006
7778,8.089701604470456
7779,4.636381005317026
7780,6.490403095382652
7781,5.418713930301976
7782,2.6150029839227598
7783,6.31391417252858
7784,8.567298598743248
7785,2.3621344394836012
7786,2.0051947101468324
7787,3.037605113403637
7788,8.670959127794216
7789,1.5474061457539263
7790,6.513718049939029
7791,3.916973049444083
7792,7.610954705029367
7793,8.097816002597511
7794,6.276405656466334
7795,6.920058172972391
7796,6.796029442269736
7797,6.096229086977446
7798,7.950583794222637
7799,4.936483607857296
7800,3.779739982882561
7801,3.017979314767075
7802,3.138861861386277
7803,4.7179386346350265
7804,5.270973103487287
7805,7.6327662394268865
7806,7.389992495459715
7807,4.674102045351784
7808,6.270371585672708
7809,7.822533138369833
7810,5.679360108805974
7811,4.690956256197055
7812,5.111068889784266
7813,6.4410529917998165
7814,3.9845660668578757
7815,4.244674261027008
7816,6.90040388098822
7817,3.4196245836548664
7818,3.4454453130102967
7819,6.331938781247551
7820,5.569259657209287
7821,6.762272542024626
7822,6.65852725273404
7823,7.498062938848301
7824,6.605080289123853
7825,6.2076204638918675
7826,5.745021819372493
7827,4.2069228515384625
7828,7.914487848684764
7829,7.5036059792465695
7830,6.971137701301279
7831,7.219799251581412
7832,2.857152970133824
7833,7.705118698725479
7834,7.987625484335042
7835,3.883355122206152
7836,7.524312756418284
7837,5.799521680486844
7838,5.228137204392593
7839,5.136544772673917
7840,8.644469005728073
7841,8.348700477946107
7842,7.86918022553963
7843,7.351829398294221
7844,5.008459202145415
7845,5.803694135741129
7846,5.717489908361164
7847,8.990805066046056
7848,4.446868888152011
7849,2.4739712382387955
7850,4.1223049771199625
7851,4.200384342617814
7852,7.927832916042863
7853,5.554728097390668
7854,4.399990575745866
7855,8.274237194692796
7856,6.612991149983229
7857,9.644247287808197
7858,7.1197550343462535
7859,9.79726327290812
7860,6.800304473437573
7861,9.719728084189594
7862,5.107818396500674
7863,5.270676063278962
7864,7.677153103454112
7865,9.200267064982302
7866,6.65431309342574
7867,9.711155759521931
7868,4.948307477119823
7869,7.522880979776627
7870,8.688879617073152
7871,2.0074068136950185
7872,6.356552984856087
7873,8.340996811765699
7874,6.972137226241005
7875,3.8531159040923404
7876,4.005103048159854
7877,5.677535415671955
7878,4.605319242105513
7879,2.162971041037383
7880,4.039477696238125
7881,5.831762905847669
7882,7.740904094751621
7883,4.578374958488863
7884,4.007375788624788
7885,6.956512847578604
7886,4.749743389506747
7887,6.2669062858863365
7888,7.399156203948706
7889,8.521196150439014
7890,4.031045570058955
7891,6.051906149444472
7892,6.417916838012198
7893,2.4947753232760816
7894,7.281714070064857
7895,3.609437153985863
7896,3.6638586067019934
7897,8.426238435288
7898,3.302366400192821
7899,7.62792991692268
7900,4.009012539613845
7901,7.340858894676134
7902,4.189628067123332
7903,4.56292112054521
7904,6.280863614946783
7905,4.988101071700269
7906,8.041480188329349
7907,3.9386916202039646
7908,7.648289094895874
7909,7.94645747462961
7910,7.213499246998668
7911,7.1105562580372785
7912,6.11675473463851
7913,4.3780717382354
7914,3.8477442905536003
7915,5.3525129677311085
7916,6.752173464049033
7917,6.88665274127518
7918,4.424286000751403
7919,7.425969115578589
7920,9.37276301108933
7921,6.262142822979555
7922,4.923001260567417
7923,6.510191866444554
7924,8.300509338422303
7925,4.241472638739914
7926,6.244383423963826
7927,5.492915219508228
7928,4.713339729460564
7929,8.683827524846636
7930,8.045232751578526
7931,7.547846539195355
7932,5.44174509579464
7933,5.359802126338872
7934,7.968960484994688
7935,8.374419078677835
7936,5.469336694883212
7937,3.4486784959651287
7938,6.003940875683791
7939,8.233935928248988
7940,3.5597001808662787
7941,3.844550051021727
7942,3.9314322491132403
7943,6.279035841974851
7944,6.125677493708464
7945,5.556318841009479
7946,4.509818816263039
7947,5.23352104206186
7948,7.444835763249972
7949,5.82295153350759
7950,6.765493630643377
7951,6.740668183239587
7952,7.575223901774092
7953,5.891480641786885
7954,3.6611327428960223
7955,5.352797379339604
7956,6.733775995653993
7957,2.9779040230953955
7958,3.2073480162727153
7959,4.8391485188245325
7960,6.413095581319727
7961,5.718893534761937
7962,7.065414665987025
7963,7.1569011994458975
7964,6.25238800786217
7965,6.2253668339757855
7966,7.355383026496372
7967,4.578575051515848
7968,6.302073426265959
7969,7.54518431815816
7970,7.49392909301886
7971,6.425898362402479
7972,5.613146038404072
7973,7.795223616012109
7974,5.969395944701562
7975,7.157592399102657
7976,6.419267903998552
7977,8.07834243104625
7978,0.8675757952859212
7979,5.736186619858081
7980,7.6951044678774645
7981,6.418378750791733
7982,3.3831382224145186
7983,5.562062712697816
7984,5.759335169795395
7985,5.474251037988664
7986,7.023635767658954
7987,4.265774652306397
7988,9.821108241201923
7989,7.371660704149668
7990,7.885416995689755
7991,0.6959110711454004
7992,2.7771041352141053
7993,6.737820107447265
7994,4.152140393909329
7995,2.9556767643105335
7996,5.963998274078189
7997,8.031181520592105
7998,2.1059459581080358
7999,6.624804001510723
8000,5.5306298310898345
8001,6.935391012311665
8002,3.4209769308243154
8003,8.286609031166805
8004,4.704178303891559
8005,7.864239803504126
8006,6.305471314850463
8007,8.749696457718198
8008,5.57449033705435
8009,5.565084911342335
8010,6.514873784266967
8011,4.764634663800236
8012,6.562117770043184
8013,2.480110707225975
8014,5.37125978347794
8015,5.086810362984932
8016,6.261478755322396
8017,3.9777928222742425
8018,4.329501174543335
8019,5.919629192538776
8020,4.447381064925072
8021,2.7649889316196585
8022,5.456946932037973
8023,2.5828068606609675
8024,5.791566234482169
8025,6.498397584189522
8026,8.570356786840474
8027,8.84247711913087
8028,5.635799757532301
8029,6.596270220079852
8030,3.1950683218222933
8031,4.726202062911171
8032,4.401822417614553
8033,8.744097780790906
8034,4.265430938518176
8035,5.06931105546038
8036,2.1938263848474095
8037,5.232523003789508
8038,6.989580884865983
8039,7.715883674323224
8040,6.290133120367878
8041,6.193984250843557
8042,8.098755550386143
8043,3.2499416002892954
8044,5.864595773600086
8045,5.933664468420898
8046,7.833911165941917
8047,3.5002719874374413
8048,7.296947465955285
8049,3.427857817807588
8050,7.264666901107238
8051,6.872530578733823
8052,9.02280196525918
8053,10.0
8054,6.893021111291984
8055,7.864406693234184
8056,5.3787952249271855
8057,6.953879263238937
8058,2.532459243840661
8059,7.949770746377944
8060,5.266376958237706
8061,9.040638377535064
8062,4.714350650602713
8063,8.221626166975911
8064,9.07381314817093
8065,6.459798570916447
8066,6.017416508259702
8067,4.40856124754592
8068,2.957068719466962
8069,4.747229405328059
8070,5.050751947351656
8071,7.944386525072292
8072,5.405208121443226
8073,9.390550976167168
8074,7.801945641875524
8075,7.023441451077677
8076,4.918738186887071
8077,3.808745355927982
8078,5.4102395484578505
8079,9.706003790560825
8080,8.599302585786068
8081,8.096133343730274
8082,2.680560332542222
8083,6.392109450061883
8084,7.735874651440792
8085,8.63228140671331
8086,5.818788994987338
8087,4.960453642472228
8088,7.331302696347626
8089,5.497581055622581
8090,5.187448196075171
8091,5.786745526212908
8092,4.64543551330224
8093,3.592102220343152
8094,5.85052759845187
8095,6.85984626580506
8096,2.7702709680188464
8097,9.018651537047232
8098,6.128371920624444
8099,7.036863210591836
8100,5.5823945329460765
8101,8.00311447084756
8102,6.403342007135569
8103,8.801157018299119
8104,4.392728111900768
8105,4.697474980757254
8106,1.3017348708214145
8107,4.697592340176403
8108,5.320451202142673
8109,4.661560951198677
8110,5.07722242395397
8111,5.070211823646684
8112,8.469252904772421
8113,5.831044526705364
8114,2.8691576072367533
8115,5.780098913379914
8116,8.162816480340254
8117,6.528080813849515
8118,6.72517106309555
8119,5.642143361174726
8120,5.266622440072019
8121,2.499216333685678
8122,5.808970753280203
8123,5.75131210410987
8124,5.77531100399511
8125,7.171375276275639
8126,8.013250704526351
8127,3.3341046082062915
8128,9.073919674278935
8129,9.217785945895224
8130,4.301935454503037
8131,7.514331932635583
8132,8.879492567396325
8133,6.376357509579619
8134,7.31806378464376
8135,4.20469485667145
8136,6.159936255368551
8137,4.782215321064057
8138,8.240531165621965
8139,7.603121605634834
8140,2.7226048161373746
8141,2.7007262859322823
8142,8.639771272016818
8143,2.8128058247863716
8144,6.083892240146245
8145,7.0606631474892785
8146,4.445802341761238
8147,9.356609724887337
8148,4.965236229641753
8149,5.0469010294589
8150,8.726028106639468
8151,4.4707538410478485
8152,3.9789635061422515
8153,4.501485431740574
8154,4.627285247722477
8155,8.59579199060933
8156,4.672306941161295
8157,4.416802444532577
8158,4.881882281987645
8159,8.707770958292036
8160,1.7938321517082003
8161,6.492873336003813
8162,9.20131487942903
8163,6.288567516399589
8164,7.506011923603399
8165,4.91299286636594
8166,4.898285339053831
8167,6.018475688781744
8168,4.432131918719121
8169,3.2825207469098734
8170,6.560395093926931
8171,6.145124910374993
8172,7.576762073838061
8173,4.493427512728692
8174,6.624123565997421
8175,5.417520580235854
8176,6.940027950997181
8177,5.63212085287947
8178,1.886283249076839
8179,5.879053506487081
8180,5.119257588803151
8181,4.568202992184614
8182,6.898775324203658
8183,3.6981851713259806
8184,7.890773636613368
8185,6.827602704172037
8186,7.606279888618779
8187,6.071499493448785
8188,8.275673131881273
8189,6.925751319432134
8190,8.714813043426938
8191,7.896927913534365
8192,8.823394842616548
8193,4.50419121719451
8194,6.990977628998931
8195,7.14491276359478
8196,4.209105257037721
8197,3.5030009733811323
8198,7.060622577810389
8199,0.47067167135742066
8200,5.24311542132833
8201,7.296331210639671
8202,4.136069337587991
8203,4.403547711165031
8204,5.676717841085829
8205,8.995195351219012
8206,4.640933717338924
8207,8.112257046750791
8208,4.329965877125521
8209,4.829260634213423
8210,5.2997239365689754
8211,6.721156642758169
8212,4.530818736537594
8213,5.478805365900022
8214,6.242801601204042
8215,6.235185955033763
8216,2.827934843797769
8217,5.777475157203928
8218,2.647981158139472
8219,7.009149560455804
8220,8.902059233783719
8221,4.32821409668976
8222,4.379409964510728
8223,7.900745715938058
8224,3.931749034367077
8225,7.204198603049941
8226,7.0539477780818425
8227,5.234462157929364
8228,5.210392218901447
8229,3.951178446808327
8230,8.947776000592587
8231,7.519101908359217
8232,2.176250725935569
8233,5.246520015195391
8234,8.327134846303645
8235,5.254163743515995
8236,9.076122501107688
8237,6.75737418074459
8238,4.282126897503526
8239,9.82764552184117
8240,6.306699970267034
8241,4.80461241274927
8242,3.4037419045637374
8243,6.85762614156455
8244,3.387992965364526
8245,5.572810788670039
8246,3.36898277454776
8247,7.508854087287483
8248,3.5325382924843085
8249,4.737016607940455
8250,6.945875046457771
8251,6.271868846720948
8252,6.347752576364453
8253,6.88788320676708
8254,5.083317971012251
8255,5.783131498013488
8256,5.18008740991785
8257,1.9530800991820256
8258,4.467346334375889
8259,3.927152679885201
8260,4.42315031578576
8261,3.590441353732583
8262,7.107860979575845
8263,3.5044203776239606
8264,7.76771892144356
8265,4.788382402096198
8266,6.41620349109777
8267,7.677592770494071
8268,6.227220420909388
8269,3.277607461602756
8270,4.655521204378955
8271,6.582010018988381
8272,3.948040612909791
8273,7.906413329434903
8274,7.267979490595582
8275,9.906191169144144
8276,4.910431100383918
8277,5.42654270503876
8278,4.252551426543029
8279,3.986775483039308
8280,7.418947079086032
8281,8.262753737610293
8282,6.934135560070938
8283,4.609816058788648
8284,3.856141691054811
8285,8.412037653524816
8286,7.830022878772092
8287,4.715871865520286
8288,7.955581663988816
8289,5.006959398917818
8290,6.333859931749384
8291,5.210646735364737
8292,8.806475563742316
8293,7.028373808525211
8294,6.055648782502995
8295,5.512622643636789
8296,2.8176578577550098
8297,7.474783887280189
8298,4.188026649779191
8299,9.517681897134493
8300,1.3548372530908526
8301,8.2085305144691
8302,4.182128262995521
8303,2.887074426568114
8304,5.622525132021307
8305,4.547651026482103
8306,2.346518969497547
8307,7.649204053446415
8308,6.94459799920334
8309,5.947580909337244
8310,6.289207174716717
8311,7.471601492674195
8312,7.642600464694698
8313,5.3907270671523655
8314,6.611044956104103
8315,2.592081572437427
8316,6.968034867313523
8317,6.841432726908633
8318,8.668770803655143
8319,4.140108435883732
8320,4.920723448873032
8321,5.342961015988086
8322,7.489854818495002
8323,6.136104382094919
8324,4.164947120782758
8325,4.562448322217858
8326,5.188326848654143
8327,7.8314242740618525
8328,7.411112502174387
8329,7.928589210692787
8330,7.800434646940809
8331,5.794875035147533
8332,3.059750294283898
8333,6.259745365180785
8334,4.387554444031473
8335,5.8752248796404185
8336,7.099090259582594
8337,4.429294262153293
8338,2.2443866364544176
8339,7.95492874798032
8340,5.04173323952306
8341,8.756924038360422
8342,1.820833333213813
8343,8.659611470224343
8344,6.4407802211820675
8345,7.356294851841463
8346,7.045174872170792
8347,7.15797843551765
8348,7.849434579270086
8349,5.168664157575682
8350,5.419708778712909
8351,6.594802724343074
8352,8.205944155638724
8353,0.977133856884783
8354,9.63095519968817
8355,5.720624561997457
8356,6.942191831106309
8357,1.7597470790918994
8358,7.010595930552439
8359,9.20745516030339
8360,4.569810425029115
8361,6.392316336036855
8362,9.724083005263708
8363,6.879823726346843
8364,4.668727901340455
8365,7.942781989728771
8366,8.937969613508448
8367,3.3519085302221487
8368,6.953863286188845
8369,5.696860425750571
8370,3.092900100640014
8371,5.519983461103143
8372,6.085007899935411
8373,5.126631171071647
8374,2.5367872136186405
8375,7.366283920239703
8376,7.83275491701896
8377,8.321080856460256
8378,4.20553733810655
8379,6.491671406514728
8380,2.3797059491294767
8381,1.9324542166923675
8382,5.524288566766904
8383,7.341296889337982
8384,8.065556178642622
8385,3.8017261047845583
8386,8.086712843672265
8387,5.150174397048631
8388,7.892133330456037
8389,7.34836687667582
8390,9.224955321745556
8391,9.35882940014979
8392,6.5036751293314286
8393,3.8140705192729185
8394,7.723354039049406
8395,5.719728541195215
8396,6.0889467587469355
8397,6.111568694788335
8398,6.533386294085759
8399,6.120232497708408
8400,6.555083897345037
8401,8.80920680983899
8402,6.138408010838178
8403,7.220670647523602
8404,6.761065665764926
8405,3.756729083599974
8406,4.891552826241163
8407,5.83217743336242
8408,7.670907561127311
8409,7.611109402382653
8410,5.402578434714654
8411,6.459151607438942
8412,6.900050891500823
8413,6.160621159598616
8414,4.304543516541979
8415,8.522764438783579
8416,7.570958372104029
8417,3.989772775759
8418,5.49788311591344
8419,6.428940029749289
8420,2.7592045049416565
8421,1.2411234947646925
8422,6.064650920669929
8423,6.205407659259943
8424,4.766315500023398
8425,4.445634997887951
8426,6.97875742534613
8427,5.389798969761287
8428,8.681409568541865
8429,1.7151621004134032
8430,6.210877488380424
8431,3.893279462041172
8432,6.572837246044527
8433,7.808709280541528
8434,8.019906051789519
8435,5.410344928339885
8436,5.120502610356435
8437,3.8405554635777457
8438,8.191088991631013
8439,7.251736334705317
8440,3.26004111300199
8441,3.286680140541604
8442,8.565712522309237
8443,9.860169493475691
8444,8.137595326396168
8445,8.40047403676185
8446,7.9579609002809075
8447,7.316186623914772
8448,2.609038341941921
8449,3.7163616403869058
8450,3.3036364610610804
8451,6.418570844535938
8452,6.595236564217277
8453,2.531066694075678
8454,3.0151407649606905
8455,8.413474275547712
8456,6.232634493882594
8457,8.76580938889958
8458,2.484547230465071
8459,7.543008501894163
8460,8.678004217374028
8461,5.909811436233929
8462,6.010924468192611
8463,7.7508857211312465
8464,2.605661062324575
8465,7.194215671034517
8466,4.052964008629787
8467,3.037212444896525
8468,7.590833990412251
8469,5.912347284646677
8470,4.520836149960405
8471,8.270340793421212
8472,4.102224519067274
8473,4.969216359567386
8474,4.441490327806665
8475,6.138828974968171
8476,6.5155457885574
8477,7.836802410474983
8478,7.048604065793858
8479,5.788007578503836
8480,4.398569277705876
8481,6.770204651294566
8482,6.563123892726008
8483,6.04688032061652
8484,6.0225898833566305
8485,6.1658827387116135
8486,9.193595650232167
8487,4.292756059067533
8488,3.998051785526183
8489,6.569364471811271
8490,4.96709877560227
8491,4.619899031545211
8492,6.2070295654581304
8493,6.4057871041518775
8494,6.985588336165941
8495,6.587906480872768
8496,3.291437682911644
8497,6.936751323715833
8498,7.229749414866557
8499,6.28287318261536
8500,6.27694844667082
8501,1.7124362637396957
8502,4.690853258242793
8503,2.62272048273197
8504,7.193998089735274
8505,6.708045664718556
8506,5.762677479877677
8507,7.11137312526606
8508,7.013250583116624
8509,9.138432509035333
8510,8.458340438724434
8511,6.90318559131625
8512,4.869576829129048
8513,6.909298882803576
8514,7.380929673853663
8515,7.137404242202423
8516,7.083912634457877
8517,6.635460795027155
8518,4.963980141089287
8519,6.095503752100809
8520,3.416957187616736
8521,9.661414778722452
8522,3.8258264519329295
8523,7.7799480377346235
8524,4.5341158542902615
8525,7.776251968770363
8526,7.765897584890039
8527,7.4384524198468025
8528,5.901713673955987
8529,5.247860499817282
8530,5.799650606528859
8531,3.531189790310138
8532,7.540069552219913
8533,8.718803864264947
8534,4.017025611596107
8535,6.191271912376326
8536,2.7354736148955054
8537,8.003119127958467
8538,9.645329369675117
8539,6.142853667399763
8540,6.900117109002508
8541,5.49751289764844
8542,1.6807283264468107
8543,3.4453331079933722
8544,8.401995101840994
8545,7.301606865157521
8546,4.115562578462955
8547,7.273919095945159
8548,5.543416405997741
8549,7.536245916465293
8550,6.88462654213049
8551,7.593412756160479
8552,7.387409869574964
8553,5.803814630587421
8554,2.4969211003770306
8555,8.019733984577034
8556,6.938241746505893
8557,6.111669737403672
8558,5.03194512769477
8559,6.200824230345743
8560,4.07293422324882
8561,6.055252489389176
8562,7.49291881033995
8563,8.906653420636378
8564,7.305470950354016
8565,4.818990020092865
8566,6.834838114904235
8567,7.713070033871199
8568,7.181502814864037
8569,8.25911250512431
8570,9.781534544285327
8571,3.2579497869772123
8572,5.194208696680894
8573,7.314890304632207
8574,5.070801413213158
8575,1.9683149034524652
8576,6.11224483712151
8577,7.331012921026214
8578,8.274650794698047
8579,6.139817688476377
8580,5.337671349329682
8581,5.298620090619613
8582,6.70111233041839
8583,6.172723499809721
8584,5.586904655652917
8585,7.719223262628233
8586,3.1850061785290924
8587,7.96067268744196
8588,6.205708798409383
8589,4.880804581812173
8590,9.326542531307867
8591,7.049056655983471
8592,3.1519101855518943
8593,7.202212395372218
8594,7.844693283465928
8595,3.8707030062278713
8596,8.0273093539358
8597,7.224114090701769
8598,6.090533449492483
8599,3.2307280621310697
8600,2.490631271433388
8601,7.52005361142784
8602,2.530273323489243
8603,1.5540713506006782
8604,4.995184947846739
8605,6.159800239206681
8606,6.989459826103428
8607,3.2240000273995224
8608,7.812638414396026
8609,5.95297117641579
8610,6.183172325394814
8611,7.942287498760661
8612,4.450708047729244
8613,4.935057459515008
8614,4.80131739313475
8615,7.685331135932401
8616,4.9797547300017415
8617,8.41556529448973
8618,5.3916164438531515
8619,7.2280689548231685
8620,7.868283714312892
8621,8.682992971579909
8622,7.7995091645728065
8623,6.215630442091228
8624,6.514282679236531
8625,7.2453397609346375
8626,4.990674972279523
8627,5.691272833517625
8628,6.672977770484575
8629,2.2379519365615232
8630,6.253655736323878
8631,6.871352165127378
8632,6.505314494741453
8633,6.591600177524193
8634,5.769272187360991
8635,7.7108355469042
8636,6.502421026038182
8637,6.419184242561636
8638,8.608082863821313
8639,4.511276873390518
8640,9.357212782973178
8641,5.394221178475655
8642,1.2058857104664922
8643,3.9082153159396578
8644,6.599349105979575
8645,7.802139022959557
8646,6.529974961329238
8647,7.379052116704697
8648,5.202550134127172
8649,8.57581009685989
8650,6.795729178113922
8651,5.567824610183392
8652,4.721395843853607
8653,7.969934902324932
8654,4.5068188602410375
8655,7.642132731202193
8656,5.474615508556948
8657,3.8213692225029554
8658,7.2747689216530285
8659,4.929466849374894
8660,2.796935519547974
8661,4.909193898338943
8662,6.964465098391871
8663,4.6781939261295165
8664,5.841348615616172
8665,5.8341273499378214
8666,4.255582785630321
8667,6.914130107446763
8668,4.89821203424952
8669,6.026539881139496
8670,7.059444251040347
8671,9.01346824915791
8672,4.858405044380204
8673,5.637020583113715
8674,7.097739544424869
8675,4.329430548097883
8676,6.849745241463634
8677,6.552029555438333
8678,6.690398938946785
8679,7.35351075705063
8680,8.270571775384598
8681,8.181958607067465
8682,4.25719783043908
8683,3.6329473447454923
8684,9.943528648226296
8685,4.229600140104643
8686,6.1642998566853775
8687,6.810764664783623
8688,7.990961594461424
8689,7.097848891178179
8690,5.71377651394327
8691,4.3984358866817015
8692,8.242910196307644
8693,10.0
8694,3.5649753635457717
8695,6.236650668785162
8696,6.425817057777671
8697,2.9739462205707645
8698,6.12116140248296
8699,4.667652827941614
8700,8.66813843901826
8701,3.5776510570049878
8702,6.693860510873811
8703,9.930578231691076
8704,7.600316026172256
8705,5.948082598560383
8706,4.919133205333763
8707,7.698862613583708
8708,3.291243906959825
8709,5.250252757088795
8710,3.754842248470164
8711,7.1565502336638085
8712,3.17970527941248
8713,4.861773211399139
8714,9.480071550723972
8715,3.653991055658171
8716,4.244904073735631
8717,6.096064177441086
8718,6.747402475371833
8719,6.1512319011640715
8720,5.729133298696391
8721,3.7101944622504988
8722,4.327022349853566
8723,2.418954376281212
8724,4.8562704707842554
8725,3.4185178432752408
8726,3.6827694501862873
8727,8.040382579209352
8728,8.920775096377863
8729,3.778802725282545
8730,4.756265508611468
8731,7.814100932724209
8732,9.670750246297747
8733,8.371815358559322
8734,5.642798045974459
8735,7.308378553572425
8736,7.991855892351982
8737,7.930576672414896
8738,8.287348483955531
8739,8.095926150198492
8740,3.2870656930935347
8741,5.487948661215263
8742,5.86119583937861
8743,5.323989363100551
8744,8.633104706189629
8745,6.513649980144977
8746,7.033661332943934
8747,9.317141871297519
8748,3.1243198023551595
8749,4.312668674411201
8750,3.3141985724986838
8751,5.111405336362456
8752,5.438506462408859
8753,7.8035975490539915
8754,5.2588904362815185
8755,6.656847731841989
8756,6.822102849803056
8757,0.3025052141123788
8758,4.7479972092653435
8759,3.365049584185326
8760,5.19010856319652
8761,5.84230760293924
8762,6.255761992149166
8763,7.708678614714953
8764,3.2650912430284094
8765,9.170428746220528
8766,6.9869890882997225
8767,9.138480860553198
8768,3.9039354270533533
8769,7.39172148309892
8770,8.909722663060831
8771,7.697172786735042
8772,8.33809288485897
8773,5.381719565713038
8774,5.64316044859189
8775,5.047757354658328
8776,6.618879348157441
8777,6.785149519280125
8778,6.659239525907261
8779,5.944422784735883
8780,6.805797033045425
8781,4.972553943381036
8782,6.220561219445386
8783,7.023886363272229
8784,7.9306494163281105
8785,3.24695674398883
8786,3.600623243133357
8787,2.6153023236340442
8788,5.532101698612823
8789,6.500260152758118
8790,8.599283914659594
8791,6.850108877183351
8792,8.296303314552885
8793,5.368392714739822
8794,5.073718792303445
8795,5.232691015896634
8796,3.15622067653016
8797,4.184836320208233
8798,7.322880724674045
8799,5.356425810247731
8800,5.016287036825033
8801,2.9109552504553977
8802,5.168946864435984
8803,6.7157257076641255
8804,7.86793618400822
8805,7.27893373522351
8806,7.213274474159401
8807,4.3323288484971965
8808,7.217138998154714
8809,5.764003196832674
8810,4.741336073388461
8811,4.9980815089521915
8812,5.967219298691516
8813,6.521998482700509
8814,6.912794524310066
8815,9.37489096151759
8816,6.639818417481675
8817,6.609430182679418
8818,5.844738337339783
8819,4.867095363059941
8820,2.973026693146413
8821,9.350850381253757
8822,5.380211057615322
8823,8.001158624618812
8824,5.887395301313545
8825,8.223565501081048
8826,9.403073302820397
8827,5.606869367267029
8828,6.334716305783707
8829,6.12363989037272
8830,5.0244963817070065
8831,6.916886821595351
8832,8.98309801909459
8833,5.719305982316836
8834,3.164985542100243
8835,7.795850434704374
8836,7.489077421381462
8837,8.094607617288679
8838,5.621436113093688
8839,6.53560481416278
8840,5.994266530263987
8841,5.645822184930033
8842,4.7109922614307225
8843,5.883641217697824
8844,8.564836625627489
8845,3.9246126028371258
8846,6.330352679723531
8847,5.121854293434621
8848,6.446665367533205
8849,7.729105988194133
8850,7.151693025095833
8851,5.864279848851369
8852,4.609783324270228
8853,4.210908318869369
8854,6.517455239416469
8855,9.193707406056442
8856,5.007221599236164
8857,4.439317334860333
8858,8.699868580753481
8859,6.020561837321422
8860,3.669290888578378
8861,5.653333906837773
8862,4.375877429707565
8863,6.6409250651896965
8864,6.473831304076467
8865,6.256810925326181
8866,6.626167766049186
8867,5.1742078385212436
8868,6.7306010520840385
8869,6.785701595978598
8870,6.6844467013859274
8871,8.31970949009469
8872,6.781888867804541
8873,3.5553705520712873
8874,3.2041399723566144
8875,7.117211873846935
8876,2.263645046570996
8877,9.231673374176536
8878,2.679113139632153
8879,7.444566601570006
8880,9.041411708988297
8881,7.874851064134037
8882,4.780441481543708
8883,7.326050624667403
8884,4.001102025997175
8885,5.111102888678492
8886,5.04662466894656
8887,5.2333514528685825
8888,4.989204990391583
8889,5.619221196591199
8890,7.789029419394952
8891,3.6395489469321443
8892,6.241522728649578
8893,6.011672876858282
8894,7.647641339754867
8895,2.4709730121404725
8896,8.215336574054028
8897,5.207114521463527
8898,7.607690544475569
8899,5.164296146336862
8900,3.7958076098861424
8901,7.657958570251058
8902,4.4314358485125895
8903,5.95398703442827
8904,2.7692278491642575
8905,7.2525247488549125
8906,6.635009417786956
8907,6.124225640879339
8908,6.6673188917507185
8909,4.02891894276178
8910,7.894559287235804
8911,5.814732094316006
8912,5.225155385972315
8913,5.3356479061254145
8914,5.535645477574269
8915,6.390115443821061
8916,3.276553132316664
8917,4.9893083236544555
8918,3.698161004851091
8919,6.78079368400175
8920,5.207404148295887
8921,6.67011803814942
8922,6.656701516839575
8923,6.3194565549056465
8924,6.039799827697856
8925,5.986849173353745
8926,3.440905786786561
8927,6.568252866596828
8928,5.339303419179621
8929,5.63070476970754
8930,6.679388328429431
8931,7.149172259026553
8932,7.7988804316418046
8933,7.908131158363799
8934,6.337754171763308
8935,8.652094635797688
8936,7.501658084584319
8937,7.925694641999821
8938,5.538986730390193
8939,3.49281327727069
8940,6.607576137393167
8941,5.7422285556854735
8942,2.3214570582858465
8943,6.94465434476885
8944,8.674972033551159
8945,4.913348851301798
8946,5.958319165862408
8947,6.582097220541682
8948,7.953754273201517
8949,6.190786262120265
8950,6.298611606626842
8951,4.6310095761032075
8952,3.439363989666819
8953,5.990828754176781
8954,7.454400380578436
8955,4.218247315308053
8956,5.216821269556886
8957,4.903640400299082
8958,5.361498626242613
8959,7.070072251244425
8960,9.097449524311735
8961,5.837624269611122
8962,3.751384216125137
8963,6.68399974331843
8964,6.109926372279836
8965,5.114225149278766
8966,5.356876418542232
8967,9.351423754767445
8968,5.014091505579068
8969,7.547251036063982
8970,5.875679328369699
8971,4.325862274420864
8972,8.27493509718109
8973,7.817701825667342
8974,6.372078548627019
8975,5.21328051626932
8976,8.380198565027117
8977,5.971513837838315
8978,9.140654861929857
8979,6.611765084389985
8980,4.585091282903328
8981,6.557697022012501
8982,7.638071308696785
8983,8.666103222515769
8984,5.809834143765239
8985,4.032628441621493
8986,3.8591722506840855
8987,5.173855936408212
8988,3.895506156642048
8989,3.8921728246570124
8990,6.96873936090044
8991,4.9278122955238866
8992,4.260695910422807
8993,5.893756818803556
8994,4.130878573497238
8995,8.335330861525422
8996,5.4165142826473005
8997,6.90133223315059
8998,6.9990931633137325
8999,8.035544088131
9000,7.122727030094571
9001,7.251309689271129
9002,8.144930157506098
9003,6.274525783083713
9004,7.685644792267976
9005,3.142290749287633
9006,6.7344614805173215
9007,8.749336520937652
9008,5.8895267102323166
9009,6.2210228847760956
9010,7.879295684111173
9011,5.058718009496255
9012,2.6597728285860454
9013,7.115121814345185
9014,7.504235568978958
9015,3.665410690417563
9016,4.816469908161683
9017,6.543996205099932
9018,5.8704496479886785
9019,3.5498816310691876
9020,6.4615266612992235
9021,4.678078906978686
9022,7.8445894755038745
9023,6.231454791519432
9024,7.15430387898352
9025,6.250046746362398
9026,5.68051907539923
9027,6.748367892715515
9028,5.274909484940341
9029,4.526821716908052
9030,5.092688803982306
9031,6.090091852809999
9032,5.32837712954765
9033,4.751375154044165
9034,7.469011243122247
9035,6.3633069000036135
9036,1.757440099379229
9037,5.778910310673625
9038,6.594574723112965
9039,5.4564090798823495
9040,6.820446259113147
9041,4.679528313001459
9042,4.119630080495001
9043,5.863412920526592
9044,4.536209030899298
9045,2.0635466268540084
9046,6.381447059049486
9047,9.594633318953715
9048,8.116398081772202
9049,9.891725583669661
9050,4.116137203662046
9051,4.47922040718298
9052,7.209449830285003
9053,3.4760064523439156
9054,3.9557298174091806
9055,7.9204852377566635
9056,7.960334403531922
9057,8.551601715850465
9058,9.303427091909986
9059,5.772964278579966
9060,7.433399202063996
9061,2.5287857744391506
9062,5.352853986572489
9063,4.98653013682193
9064,6.482037818482552
9065,6.617135180173606
9066,5.190303817288114
9067,3.5640203666528945
9068,6.427571435288496
9069,6.5325999318365975
9070,6.729696226749832
9071,5.84445242660346
9072,8.736544641150441
9073,4.362497811581838
9074,2.7279801021324435
9075,5.848023898056964
9076,4.78737735134884
9077,4.9247327355469395
9078,6.010596083607929
9079,5.364100746629641
9080,3.7075636404684396
9081,4.022958967442905
9082,7.1230908160653765
9083,10.0
9084,7.235132108382983
9085,8.274527609777708
9086,4.635820433225122
9087,8.0454268392318
9088,4.353573137482531
9089,6.999302546257583
9090,6.4189512450968484
9091,1.7753302194969467
9092,4.313123005324962
9093,7.981447262805222
9094,4.1788884658901
9095,7.3000093834711475
9096,9.320994262069117
9097,7.262663253505636
9098,4.409811135960861
9099,5.096216271898706
9100,9.390242843172226
9101,7.5043566919276
9102,5.421727960509174
9103,6.2550135753086735
9104,4.653165967597558
9105,7.789453635677745
9106,3.9708211643381577
9107,4.938443264974089
9108,3.770882009360293
9109,6.708360045915075
9110,7.529932060848114
9111,5.496053646458734
9112,2.340431513018464
9113,6.194336986675733
9114,4.693122549910581
9115,6.083630993570598
9116,3.606665515518383
9117,6.278760642062439
9118,7.839402724046641
9119,6.611854346575017
9120,5.451592474646203
9121,9.495378480164687
9122,4.4046896082751665
9123,7.680757798165977
9124,9.780714367627708
9125,6.044220620359744
9126,4.9489000335411895
9127,3.890938182777465
9128,5.79282334493721
9129,4.390878135753277
9130,6.001234330498021
9131,5.310398716031656
9132,6.9709146220810405
9133,2.4320038886940587
9134,4.754093830312685
9135,4.608811674323074
9136,6.700401824609163
9137,7.580476250208751
9138,5.0223102020873105
9139,5.428617891442771
9140,6.0513701466163194
9141,5.608240210226341
9142,8.137940411599555
9143,5.692263731958314
9144,2.0631913279051983
9145,4.082231107088482
9146,6.114447878870125
9147,6.493874845361311
9148,7.061538507756424
9149,5.595764539124847
9150,5.834947345621729
9151,5.444262571110352
9152,6.900267909893369
9153,4.883309580546286
9154,5.607942197641495
9155,5.625512153274719
9156,9.243397457518022
9157,5.286809424249302
9158,5.285118903124022
9159,5.437158815082499
9160,4.6415671310730655
9161,7.836785918922638
9162,6.614501154968241
9163,4.969629654617566
9164,6.682513857932489
9165,8.196295182835764
9166,6.454473480146801
9167,4.095520251264061
9168,6.414472324791396
9169,7.433582043487416
9170,5.797031024450578
9171,5.169521402235624
9172,8.293782351187028
9173,6.325344551681383
9174,5.424792407156329
9175,5.30173912596144
9176,4.1036830746955495
9177,5.172670497145635
9178,4.4817430404771
9179,4.4542967459099305
9180,7.265362280040635
9181,3.787910932225459
9182,6.563235114738137
9183,9.98142401577388
9184,6.860891613470963
9185,5.615321834780042
9186,3.7075876994382204
9187,8.305433716560128
9188,4.8918850303541355
9189,4.574989158893564
9190,5.583999883613608
9191,9.517811241554664
9192,5.937832090179974
9193,5.312463824257822
9194,7.433336410210595
9195,8.387264026335844
9196,8.94847301884702
9197,5.384259808271956
9198,4.062044801587527
9199,7.594455978052272
9200,4.896284953678636
9201,6.7906873727797
9202,4.285534041738206
9203,3.7257616573527907
9204,2.0501391454843976
9205,7.938521884512771
9206,7.207253249901052
9207,4.402107963157348
9208,3.415231490413107
9209,4.553188069699653
9210,8.762447441093324
9211,5.676024425287497
9212,5.322717043172163
9213,4.00481195108023
9214,5.80664901089671
9215,6.652957892501347
9216,4.167194313392407
9217,6.713263431016133
9218,5.948689923936903
9219,4.19589421487527
9220,6.38489047601573
9221,5.248389325424885
9222,2.244248222476413
9223,4.69416599940547
9224,5.910282511882142
9225,3.3650031647855454
9226,5.114735067360316
9227,5.910585237212588
9228,4.995581939592428
9229,9.566883595626631
9230,8.82370190467178
9231,1.040390978290049
9232,8.89173478361184
9233,5.708711769758986
9234,3.780068578039927
9235,2.98535453604598
9236,4.531950149304648
9237,3.9072229617005076
9238,6.677879646830871
9239,4.063565852894897
9240,2.8996350955212495
9241,6.698304152337433
9242,2.913404180909581
9243,5.973082496980031
9244,5.8931326441912235
9245,9.173969144010908
9246,8.196808412319303
9247,4.401203580374849
9248,5.617949467553699
9249,3.712029152121754
9250,6.2748422992725335
9251,5.6423604564780065
9252,4.947214757042077
9253,6.071719153065767
9254,6.252092261867778
9255,2.7645012248389023
9256,2.704349751904237
9257,4.409669962345528
9258,7.344531049733497
9259,4.0922354846570705
9260,6.812532651114302
9261,5.06808959440574
9262,5.564294488324348
9263,8.414268277204341
9264,2.7088014967627383
9265,5.290701733458846
9266,6.400612265539555
9267,7.533652977779002
9268,8.676554325892583
9269,7.192184705539933
9270,6.142456314850263
9271,5.696412210585018
9272,7.03044698969069
9273,8.297950035708782
9274,9.34947047922656
9275,4.737814805773391
9276,9.389809637620498
9277,4.264490164879835
9278,6.432342060535413
9279,8.486127673763413
9280,6.097865669707566
9281,5.466879002242378
9282,3.5883953334100234
9283,4.04238333365763
9284,7.203723070646912
9285,4.408481820769554
9286,5.899636150459026
9287,1.7931368634424978
9288,2.2317175856327327
9289,7.338766370615293
9290,8.544327739945462
9291,1.9822678236284845
9292,7.561981798613633
9293,5.617081956512259
9294,2.394632599581327
9295,5.095138250309386
9296,5.5286391394116805
9297,7.541423914234185
9298,4.848577470345706
9299,6.190336983713994
9300,7.356648485738629
9301,3.9437010593764246
9302,4.971725252258898
9303,2.4452464881691354
9304,2.889121487983286
9305,5.518346687628659
9306,3.1974165474856564
9307,2.025700158056051
9308,5.222784567374668
9309,6.236451425275006
9310,7.9524649425586205
9311,9.042205719227752
9312,2.420012395578421
9313,7.230145964356519
9314,9.255425264991828
9315,6.960993030539857
9316,4.328953016917988
9317,2.1788808411153116
9318,5.87566758313094
9319,6.741157700038082
9320,6.94045358146711
9321,8.278634011626918
9322,7.951215728568187
9323,1.753204103363756
9324,2.624211394960726
9325,6.191259289846908
9326,7.604384057864233
9327,6.831406446093859
9328,3.9009617234747362
9329,3.755942662874291
9330,1.8512224469948229
9331,4.7099805677900015
9332,2.9017156368775723
9333,4.487844605449359
9334,7.418787284403434
9335,6.793376540420567
9336,4.603779182661028
9337,8.907749607716738
9338,7.149015611917508
9339,8.997570060551
9340,7.260050176937399
9341,5.766806794485025
9342,6.203603763569261
9343,6.53097630697708
9344,7.476925017668073
9345,5.555535672311159
9346,4.961790320891588
9347,9.383044144589698
9348,4.848453123464184
9349,6.4221983948211046
9350,4.841175270119675
9351,5.358390419011994
9352,7.049984435602235
9353,4.799383166593371
9354,4.674720832340757
9355,8.53105300629041
9356,5.394772678456122
9357,5.4329026718021876
9358,4.525984547863937
9359,7.932334558525053
9360,6.054604636001245
9361,4.734343884592773
9362,6.1946862153635935
9363,4.7217985107663365
9364,6.90651845748021
9365,3.3939368179516416
9366,6.947844359200126
9367,8.698406769284913
9368,7.833367757765373
9369,7.835012473994015
9370,9.470724246048695
9371,6.32179505780209
9372,6.33403158026771
9373,4.71301400133689
9374,4.095561222495308
9375,4.542724680352319
9376,6.967036665993072
9377,7.599289415571624
9378,3.222889578541224
9379,6.173891981387026
9380,3.8852296006182745
9381,6.617347765326027
9382,3.163524945208691
9383,4.949764104945866
9384,8.347089893850109
9385,5.710382760615926
9386,4.339792452458233
9387,4.895632823792831
9388,4.6909540282975755
9389,7.8631625498971625
9390,6.26734285812566
9391,7.228947800988195
9392,6.2487713652692705
9393,6.736208893178737
9394,5.235195099852549
9395,6.988030472164716
9396,5.1627994105594395
9397,5.1124558521381855
9398,5.082821691060381
9399,2.6666534231924435
9400,3.7065165944333938
9401,5.006411756293539
9402,0.9357085642944991
9403,8.126743379795183
9404,6.332778993645418
9405,5.629546040776149
9406,4.965837347491939
9407,7.168942863750354
9408,5.346151293007042
9409,6.44483047997081
9410,4.9818839837031055
9411,3.472649837078915
9412,5.584522469532122
9413,7.14513239716506
9414,6.228236679207209
9415,2.738031095683209
9416,9.54991265794882
9417,5.464673189547504
9418,7.9172642771793
9419,5.048252412367146
9420,2.964019219509867
9421,4.053742257120511
9422,5.73960493322339
9423,3.992476348135965
9424,8.23674290911614
9425,5.621192851888008
9426,7.0287596143911495
9427,8.874633283536411
9428,1.9437273020148977
9429,9.060514316433682
9430,5.167114934552243
9431,6.679164368755865
9432,2.7230323966612238
9433,7.591773281659908
9434,4.634423220679325
9435,8.390988899751454
9436,5.673057354207874
9437,7.484642608978629
9438,7.054897756046504
9439,5.893882552383749
9440,0.6912631700498622
9441,0.9829830115052783
9442,4.033200902859255
9443,4.01955412526334
9444,5.014242443468077
9445,8.367230506409108
9446,8.14039694563755
9447,7.5351531176517375
9448,7.729529636416695
9449,5.490044205602271
9450,4.89897787015754
9451,7.549223150461398
9452,8.632613808471406
9453,3.2209102998162935
9454,8.56118893236382
9455,7.328470209298757
9456,7.543750211382149
9457,5.749055956287933
9458,8.148056289003009
9459,4.467896485730655
9460,6.850046561600323
9461,6.404939477623409
9462,7.926690785736653
9463,5.212906523304023
9464,3.2230522157847727
9465,4.095164042773003
9466,8.08577313672326
9467,3.8032020054504123
9468,6.234363067898274
9469,3.003140794392881
9470,6.028469533053352
9471,6.761145852643679
9472,6.194652809232798
9473,4.793966212703723
9474,0.9983163737642279
9475,6.538720702084757
9476,3.7116959266435945
9477,5.7885410509527615
9478,6.948067008974165
9479,7.414977231561227
9480,6.532141861675521
9481,6.125697921959021
9482,4.542952335600733
9483,6.865659084077668
9484,2.9322568273705505
9485,8.597995895365253
9486,6.04610589217414
9487,7.705415385391474
9488,7.810650019057522
9489,5.773445991343165
9490,1.9667864301313225
9491,6.276777608946666
9492,6.6603143977281825
9493,6.453209836192207
9494,6.843211100215687
9495,3.4784008732378773
9496,2.9088414415016075
9497,7.075095917462774
9498,5.988200502271397
9499,5.971893496838342
9500,6.231262270408635
9501,3.5588049953695187
9502,9.108753959217262
9503,2.4905607453563388
9504,8.934234018792136
9505,4.627192779474352
9506,6.793971550917369
9507,9.262078581331442
9508,7.579905510371081
9509,3.243722396541389
9510,8.432635098923825
9511,4.67613450840679
9512,4.666218337482512
9513,3.9417891827366334
9514,5.386513954838262
9515,8.913867844141999
9516,6.36379007133442
9517,6.578847473776117
9518,4.8038900899343915
9519,5.481932382849759
9520,8.377216938266733
9521,5.671672250938877
9522,2.6675297011278793
9523,5.2136312778381315
9524,5.9693877888060145
9525,7.108521040167232
9526,9.191314982532422
9527,7.655091209991989
9528,5.65650647395338
9529,3.420502469562078
9530,4.8173070316735105
9531,4.493836372588692
9532,6.77217324349863
9533,5.184401736847172
9534,5.218867278855045
9535,5.337895723756331
9536,5.219954203626263
9537,6.41014913540978
9538,6.164986392946213
9539,5.875733880594111
9540,4.077840278295273
9541,2.7405693413295893
9542,5.336136125711143
9543,4.871612822613081
9544,4.189833160479737
9545,5.837265836932023
9546,3.1755941780565142
9547,7.386770407374001
9548,4.6692243181674
9549,8.902579612441828
9550,2.170778747043791
9551,6.474315257785452
9552,5.3958101325538985
9553,2.2282139732161554
9554,6.1502796759654235
9555,5.210718951114248
9556,5.68336117871289
9557,6.648525990517136
9558,5.389742839268232
9559,4.585091842280365
9560,4.301978170950578
9561,7.104924756193544
9562,8.442381447234187
9563,2.2192578672101453
9564,5.697287063590091
9565,7.826546758197011
9566,6.058152425034002
9567,3.612021639101799
9568,5.554444536878236
9569,4.533468021230868
9570,3.409959364204116
9571,4.530684924954818
9572,4.384475653352513
9573,6.967568217710188
9574,7.802249294823298
9575,6.904880686902909
9576,7.930614858575111
9577,5.3921607619704535
9578,6.054657385528183
9579,6.116415572186233
9580,6.328446227878332
9581,7.945476108739643
9582,4.653977271830223
9583,8.786541064119112
9584,2.8603431630028333
9585,6.480207996075543
9586,5.452251300779094
9587,7.499965402081939
9588,3.9978944888642025
9589,6.286960397667842
9590,5.908308658374511
9591,5.862885472937623
9592,8.093729179327973
9593,5.318022305549394
9594,5.739482870928303
9595,6.180399092578232
9596,9.015237735310023
9597,6.499743783493756
9598,5.547689773060847
9599,6.491073425852765
9600,6.26095630663332
9601,4.434153868297069
9602,5.934320919531238
9603,6.420119915133562
9604,8.890724582839908
9605,5.292171001252898
9606,6.763110929212521
9607,4.933186518918327
9608,6.2431031490098645
9609,2.8369025907040264
9610,5.9576454960183405
9611,8.321060230112145
9612,4.158582138099678
9613,7.1867646922416615
9614,3.8167867502136485
9615,7.737286407215615
9616,6.788927113457182
9617,6.094601061826111
9618,7.137515232069623
9619,6.100905673123885
9620,4.574778630313823
9621,5.140298479827553
9622,5.319581066316864
9623,7.685684310465156
9624,6.156005301027205
9625,6.20382576166859
9626,7.173062982424474
9627,5.050070144441493
9628,7.456433749627169
9629,4.375626233905016
9630,7.553349989223257
9631,3.1815420053713335
9632,2.1008567179280337
9633,3.9550619076991027
9634,7.124568833979725
9635,4.320234748052565
9636,3.612337674144203
9637,4.068539858947282
9638,8.204029241271474
9639,5.647394260173366
9640,7.2469121622469785
9641,3.80939406251582
9642,3.7801834286447966
9643,4.436201580990493
9644,6.341729043761773
9645,5.833211354415892
9646,8.199219551938961
9647,8.05858383077944
9648,2.5751900495081816
9649,8.619330885070575
9650,5.6971916470347965
9651,7.97102785058275
9652,9.23709818658993
9653,5.903342894328095
9654,8.283525604407805
9655,4.175328309441954
9656,10.0
9657,7.934552494192355
9658,3.3877960490167363
9659,6.921727064089799
9660,4.869340220671594
9661,7.811372854827422
9662,1.6787597066481101
9663,1.9959698140049105
9664,3.3142332465449242
9665,7.7808525510125595
9666,7.80669146801171
9667,7.944294973009354
9668,2.9701301902883457
9669,6.66096130098517
9670,4.167222419844063
9671,2.0464468771295365
9672,5.564659049100574
9673,7.847328271053802
9674,4.45398284395165
9675,6.139761533614428
9676,6.372056558519505
9677,8.39324569540768
9678,5.001461519007494
9679,5.4341983018848525
9680,4.9653443056503885
9681,7.571524738098779
9682,4.349678547097193
9683,6.082440373369309
9684,5.852088296288564
9685,6.133705938172179
9686,5.696490787238924
9687,8.365127539580527
9688,5.983951757458353
9689,9.197498675851126
9690,5.948972520355808
9691,6.9827534243418174
9692,7.1149505113100515
9693,5.646713616311508
9694,3.5480863100306697
9695,5.946399014812521
9696,8.84776020201547
9697,7.701623131907599
9698,6.554771892600942
9699,3.9752647032816664
9700,6.21736747655492
9701,5.811648077808549
9702,5.228818986241551
9703,4.9091435031095285
9704,10.0
9705,8.525410290689864
9706,7.2053507526737635
9707,6.208899231491018
9708,7.151624176107623
9709,5.60689903071746
9710,2.5735614967194698
9711,5.555027514849201
9712,9.103979064307287
9713,8.031851401248872
9714,6.974816300883595
9715,6.832917121400935
9716,4.496162150217216
9717,0.9146406411615394
9718,6.9540620583527915
9719,4.709275330895665
9720,8.57247164890508
9721,3.0098998481835655
9722,6.0486861734888855
9723,4.394158185153706
9724,6.845766777472767
9725,8.56939510766011
9726,7.0951927584860845
9727,6.342073831811426
9728,6.890599800123788
9729,5.38815575634861
9730,4.6488961033095
9731,3.276377214973533
9732,6.630619348054297
9733,8.66393822281486
9734,6.942292709625789
9735,7.5225880761081125
9736,3.2842382405004313
9737,8.287022528060094
9738,3.4065397695177726
9739,7.72037258787088
9740,5.842743225837433
9741,6.762990643107629
9742,3.2799788777989654
9743,6.891119114400386
9744,5.123285609823332
9745,6.170973662531969
9746,6.544539130201192
9747,4.611657537748208
9748,6.192289018087345
9749,5.330505554314388
9750,1.7831613988113912
9751,5.801503753061602
9752,3.971152477121163
9753,9.163360255484605
9754,8.67726669471919
9755,6.703160979387022
9756,6.56812473334635
9757,6.782233444434838
9758,7.131171187739886
9759,5.812008076232559
9760,6.777225766421752
9761,6.625989452100935
9762,6.968000523963305
9763,3.348549951661381
9764,9.145774133710196
9765,5.7821782514693165
9766,5.460956487167677
9767,5.887571537646328
9768,2.499742976017158
9769,3.8792735398983185
9770,3.4600360406303006
9771,5.53448627622931
9772,5.091955648445356
9773,5.677660197310002
9774,9.610101911467334
9775,3.3061751883898864
9776,4.8202302582524235
9777,6.561737658795524
9778,7.871562504556363
9779,8.280496208408026
9780,5.439268056582069
9781,8.878954769929356
9782,6.788390859223769
9783,7.489966020244627
9784,5.453648430528612
9785,5.999909387660946
9786,8.732739210467987
9787,3.343153359410349
9788,4.096969655278888
9789,8.312442115317946
9790,4.756750042265614
9791,2.507803370499496
9792,3.6001214859577284
9793,9.723736365527138
9794,6.491422260760455
9795,7.294795346076688
9796,4.175892490054253
9797,5.93318471629925
9798,6.965155186149427
9799,4.578076437330344
9800,6.268096063689916
9801,6.900245443471222
9802,8.583684273943941
9803,3.8989963558682574
9804,3.4975233488051862
9805,4.775845090664442
9806,5.710036808101814
9807,5.428054335260914
9808,6.460523930914947
9809,7.323998759788303
9810,2.2950969872358327
9811,7.809408928747417
9812,3.4265449007677398
9813,4.360603243592419
9814,5.7855609714760545
9815,5.125012749993619
9816,2.3745986798201337
9817,4.883424272366531
9818,7.999559454182685
9819,3.284688908218043
9820,6.881069360709503
9821,5.022691496752109
9822,5.137369747276116
9823,6.597199702106962
9824,6.4658421355236655
9825,8.352218508005587
9826,7.87216792745441
9827,5.325873751521756
9828,6.560263322907486
9829,7.0383929546068105
9830,4.211158714250399
9831,7.088079254528941
9832,6.581343915520245
9833,4.790478232941848
9834,7.958794467096665
9835,5.525880210758327
9836,5.782907916139541
9837,4.768978992304122
9838,4.532598780480759
9839,5.192072010904548
9840,7.481356399633175
9841,8.893005880129635
9842,5.001287574570155
9843,6.363988197751065
9844,9.765328858285436
9845,5.32616094861734
9846,8.369246867194128
9847,4.291667254716516
9848,8.597546417297186
9849,3.24575691463012
9850,6.590991724388422
9851,5.6922167625549855
9852,7.9697043256345195
9853,6.445167094743054
9854,6.529450663035766
9855,5.925095340097951
9856,5.7234966575846675
9857,3.6470071926034984
9858,7.402658891385667
9859,8.195687598617118
9860,6.325867916460253
9861,5.659388750464036
9862,7.046744985898962
9863,5.820329354077194
9864,4.548308612635905
9865,5.075503981798155
9866,5.932719864349456
9867,8.386588207810032
9868,8.77500210668107
9869,2.466026730327891
9870,6.356287814235894
9871,2.993217534406115
9872,9.433012310125264
9873,5.769962098851265
9874,6.816833932963612
9875,5.303755668844195
9876,5.21196913046914
9877,7.718297459135367
9878,5.054747825279986
9879,4.201894156963899
9880,5.779233335605906
9881,4.76967777640831
9882,4.913165210425781
9883,7.29692296906976
9884,5.585147256054373
9885,6.615149911469048
9886,3.8578261691370503
9887,3.731592298340826
9888,3.574393540897684
9889,7.588555434033657
9890,3.6098163506010716
9891,8.074953286973956
9892,7.55291163579387
9893,7.481529279198423
9894,5.418481872053854
9895,6.853411852467185
9896,4.550522660542695
9897,6.9031572467123565
9898,8.257319732533396
9899,6.688891869791301
9900,6.688644496793949
9901,6.724516048960034
9902,2.814554919699772
9903,6.877880815617399
9904,7.191484725766066
9905,2.3318355295395836
9906,7.932142343874553
9907,5.165938300318813
9908,4.6789251784717765
9909,3.8945161132524584
9910,8.506528138735478
9911,8.216663297688891
9912,7.728457847534997
9913,4.250948439056118
9914,9.219946489947144
9915,4.036709765063509
9916,5.28523250040006
9917,7.089874326848351
9918,4.909399088619539
9919,5.099372696641685
9920,5.686783001359228
9921,8.348120170593447
9922,5.167568243253138
9923,7.376179220289885
9924,6.7007082876298965
9925,6.8764094218462155
9926,3.1978824831300163
9927,3.707287328189412
9928,6.468563197545133
9929,2.6212731235937166
9930,6.3612292956511025
9931,7.0398976006382865
9932,2.9307555714061744
9933,7.619093209521069
9934,7.172481971251615
9935,7.032253082849881
9936,6.2280580880868515
9937,3.4546169880394983
9938,5.656217492671137
9939,7.27262357901994
9940,5.210892077224803
9941,9.176190281624285
9942,5.203716970779622
9943,2.700870614714473
9944,7.215004345035185
9945,4.704862443905849
9946,2.1916320842538246
9947,6.637671532104228
9948,5.530572529665815
9949,6.55088339576526
9950,6.584795202717249
9951,8.073858644213823
9952,7.127208855738148
9953,4.863907917471797
9954,4.722579048605437
9955,6.175708371011886
9956,4.2469489505236995
9957,5.701893281312124
9958,4.9868013017495105
9959,4.152726687754213
9960,5.457579842357494
9961,5.623250419588948
9962,5.543477119331959
9963,5.813276684332182
9964,4.337296127435208
9965,7.464103261170845
9966,3.997915286674617
9967,4.380563813965903
9968,7.752270160753053
9969,6.960957351378368
9970,4.759723700866069
9971,0.5125109144083068
9972,10.0
9973,4.245215331012623
9974,6.133836413424335
9975,5.169902196735153
9976,3.9742473267635017
9977,6.270424357613632
9978,2.0712880471994666
9979,7.198827968817934
9980,3.82340252713734
9981,5.431973836652532
9982,8.428413276827339
9983,4.817866604653455
9984,8.039675547033266
9985,6.889434662239314
9986,8.626663990572679
9987,6.773747543336988
9988,8.279667110669353
9989,3.1142068657909254
9990,6.339564037443195
9991,6.137943279042827
9992,3.05890188261399
9993,2.6973435725851163
9994,4.354948608490765
9995,5.934428538314566
9996,6.9616651153584765
9997,7.628580407565666
9998,5.763387824661668
9999,2.881566713574225
10000,6.793401266478299
10001,5.244727332978904
10002,3.7208866027368783
10003,6.633119948528022
10004,5.416971298478575
10005,1.712144949618327
10006,8.264421698746949
10007,8.868545167106149
10008,8.254547924230994
10009,4.707476408808428
10010,2.8687206676656434
10011,6.1711636218209485
10012,4.615075931017603
10013,5.967663426577063
10014,8.208612424079742
10015,7.343298872035809
10016,6.546679377651108
10017,8.234630197678435
10018,4.300560743785093
10019,5.172998496049232
10020,9.395659021560371
10021,4.573489391841949
10022,5.448743799911561
10023,5.318411915004829
10024,3.2811139857731515
10025,4.085229809105468
10026,5.933206011861377
10027,6.145446052191798
10028,6.855037863516619
10029,4.508843563916444
10030,5.661637991699439
10031,7.213136480223281
10032,7.951867619336707
10033,6.092683418218713
10034,5.8484345581609904
10035,3.0388115357486063
10036,3.7554227012495645
10037,6.428834923589449
10038,5.461738448500967
10039,3.8519003579094
10040,6.954333611146309
10041,1.166904728924971
10042,6.800970446882388
10043,2.05624990112178
10044,5.108832300895045
10045,7.2188458213353455
10046,5.772752614743289
10047,3.6388131849583734
10048,5.1542052043436595
10049,8.240177798596651
10050,5.926366128620502
10051,4.908915344375509
10052,5.7521219583794805
10053,4.950856424827829
10054,3.6271762017717237
10055,5.269406343504073
10056,9.372455892809247
10057,6.385010514440133
10058,5.274922329834363
10059,5.83659861295725
10060,8.320522782045314
10061,7.4928896726758225
10062,3.5622199905430874
10063,4.823249704891361
10064,5.831003628806867
10065,3.125871685191351
10066,8.680505989442066
10067,5.43781374999757
10068,9.381857089128795
10069,5.846923558392719
10070,4.845580866976368
10071,6.696285794648575
10072,3.645336025540517
10073,4.1733205352140725
10074,8.536059518486836
10075,8.166756244220153
10076,4.425065932996057
10077,9.174515820557225
10078,4.31222844573658
10079,4.887394537677938
10080,7.87367965813732
10081,3.9361337268191576
10082,3.78202412761293
10083,7.47830237362896
10084,5.421668916226499
10085,3.537555400691206
10086,8.16993860574203
10087,2.5641112738020593
10088,5.270756352750477
10089,3.709412697695994
10090,6.814670682956509
10091,1.5828368665239014
10092,5.467458919013721
10093,7.774908629253109
10094,6.694022290963094
10095,7.887326451448925
10096,2.429684055258594
10097,6.754340592152463
10098,4.984328077018584
10099,7.573935346889564
10100,5.13544890531552
10101,7.214458783435251
10102,3.594207496861138
10103,5.321744455270663
10104,7.750981498952371
10105,6.791616043355071
10106,7.182396797691393
10107,6.785210703252202
10108,7.905344830056596
10109,3.3341124455574387
10110,2.6415972547241067
10111,8.178916283864451
10112,7.028186415472368
10113,8.472620432589363
10114,7.0040000068700135
10115,6.739129641272447
10116,6.593134015172478
10117,6.847274631453367
10118,5.54333006002908
10119,6.7281175990783915
10120,5.799291005791613
10121,7.041610710284508
10122,5.487270791046815
10123,7.19392222966755
10124,7.884959916981178
10125,5.807200109027351
10126,4.886291624370175
10127,8.995808900924253
10128,6.819442520805591
10129,7.772381870794963
10130,4.943089545113287
10131,8.040186551188933
10132,5.543583258836229
10133,4.1140878970493775
10134,3.5981286736170492
10135,5.727647774584531
10136,3.3781052025647718
10137,4.2610440464821195
10138,4.274652655526191
10139,6.575876167473693
10140,7.726252172167352
10141,7.940909813572491
10142,3.660145595175929
10143,6.448806456548914
10144,8.89881701347676
10145,9.894113576696158
10146,2.3261482523444807
10147,4.007523821162073
10148,7.625872764098366
10149,9.277529310567633
10150,7.191070993901101
10151,2.4233317203089717
10152,7.657749024634784
10153,2.7076725875613943
10154,6.436188733675699
10155,6.077564144848225
10156,4.931601427453964
10157,7.854150270029531
10158,5.373644977009491
10159,6.748858638321732
10160,5.859252587407195
10161,2.290105274151191
10162,7.644156397960688
10163,7.15118755552222
10164,8.246169115247026
10165,6.972252920951372
10166,3.6126009696663064
10167,8.425095926322713
10168,5.216860058996492
10169,8.789608746590432
10170,6.392997335145368
10171,6.092750332001037
10172,6.56626866635774
10173,2.0265538586472176
10174,6.659892372573687
10175,7.500514492068428
10176,5.085432732754837
10177,4.753219687309237
10178,2.753693521372076
10179,7.350687236241619
10180,6.536081572081978
10181,3.7846750504238016
10182,6.325879842403148
10183,3.2303403703324434
10184,6.300926215715285
10185,6.544552445526385
10186,4.6833097815233184
10187,4.430852128028256
10188,2.17205684108412
10189,8.625691247337578
10190,5.477632315695468
10191,9.688819323079601
10192,5.2839813722474265
10193,7.28170944797077
10194,6.725258800008407
10195,5.5050783516829975
10196,7.0883253597544655
10197,4.942292285892983
10198,5.849823220364703
10199,4.8854412683521025
10200,7.163202179539969
10201,4.029269856930704
10202,1.5555476427000696
10203,8.256037844076754
10204,7.873387136242442
10205,7.65700994331189
10206,5.852294741376221
10207,8.14433455274793
10208,5.320510335329981
10209,3.418655742159128
10210,7.421224732281954
10211,6.737012881023519
10212,5.054759629151792
10213,5.693578363191103
10214,4.717396573262862
10215,5.19212386608053
10216,7.173713449431012
10217,8.427167902733858
10218,6.44338916328049
10219,6.958462281813242
10220,6.908952153463532
10221,4.86177185557453
10222,7.348207412762542
10223,2.6151854440194295
10224,4.593066721751589
10225,7.894381429237487
10226,5.732121127638807
10227,1.9642791316323343
10228,3.1813425694754787
10229,4.124698880718455
10230,6.928637184893485
10231,6.105140157565553
10232,4.902642447857975
10233,3.869549083666104
10234,8.135514604693954
10235,5.954583440708363
10236,5.712026174284186
10237,5.974431539813162
10238,4.282957216699604
10239,3.76514153118255
10240,6.200391696211631
10241,5.563740320481692
10242,3.177905514953582
10243,5.26112519947243
10244,3.4820855037370766
10245,4.431233359710305
10246,3.091052354693274
10247,7.423158101233852
10248,3.596189827310332
10249,7.750147389715133
10250,7.970394083919327
10251,8.574575249204937
10252,5.937733925456693
10253,3.8766164656154403
10254,4.947539090218101
10255,4.352031945561739
10256,6.9451695203614054
10257,4.740486196622342
10258,3.838968187532873
10259,6.361686232443821
10260,6.25620536744876
10261,6.263788910152329
10262,5.46435058517577
10263,7.758140209921811
10264,5.936842103280208
10265,3.093140309105
10266,6.252729988916641
10267,4.500720339146753
10268,7.211617114050903
10269,7.420446587556263
10270,7.267250502830419
10271,4.1743675267893705
10272,5.229896086158955
10273,8.490422032184647
10274,5.677541293909755
10275,6.019246823870658
10276,5.1205337219787666
10277,5.824966991397305
10278,7.767393596334762
10279,5.128973140008409
10280,8.639648425623374
10281,6.84313444481487
10282,5.8748605330927335
10283,4.426458063150058
10284,8.637808907552536
10285,5.592950313033933
10286,9.160923848950418
10287,6.623199148067509
10288,7.170234495150504
10289,5.561034827336995
10290,4.51625317464729
10291,8.074005391517517
10292,8.08056247351559
10293,3.6200108163238855
10294,6.098372588211299
10295,5.8224396475090465
10296,9.087982008728334
10297,3.1405865064177525
10298,8.78713803232084
10299,6.42267832403348
10300,7.236555532778165
10301,9.448416417986353
10302,6.860281249479713
10303,7.151682235181573
10304,7.8224641857977595
10305,4.213820145642705
10306,4.2057806389849635
10307,7.241116848706549
10308,5.139882986810786
10309,5.624664822191364
10310,6.640344684559288
10311,2.9429421494939487
10312,4.535998643385774
10313,5.321771140677949
10314,5.748492298731873
10315,5.163159984222554
10316,9.375617298681766
10317,3.3110924921235627
10318,3.2719435074456094
10319,3.8779006679925403
10320,5.69274248747388
10321,4.286759274760396
10322,6.956828440521304
10323,7.6755826778557745
10324,2.3804971669038824
10325,6.239717109302823
10326,4.0917605941134845
10327,7.325178258247517
10328,4.400154846527801
10329,0.9996753946840081
10330,8.721085176343205
10331,2.992413707775792
10332,9.055354480919725
10333,4.199443992551366
10334,5.487490660313727
10335,8.305656126269998
10336,7.663727635736273
10337,9.338343302242174
10338,3.849629101659921
10339,4.139389243821704
10340,7.935313102784205
10341,9.777094332637299
10342,5.9498016339834905
10343,5.202064254275443
10344,8.728363283347397
10345,5.667752237430792
10346,6.235398495634044
10347,1.854482164475049
10348,7.040642326241635
10349,6.114710736287667
10350,4.287823714707891
10351,3.35658925360582
10352,8.40603442612654
10353,3.9249884587158426
10354,5.735592591133865
10355,6.202298376530896
10356,4.911477895831434
10357,7.228209464886733
10358,4.032372989782124
10359,4.791634701480976
10360,6.344299861414534
10361,8.482545405763533
10362,3.4803444634432092
10363,6.352746580096965
10364,3.551039106778381
10365,4.495887481607081
10366,3.4471263778007586
10367,2.8292812426268363
10368,7.013014316093025
10369,5.449993299377998
10370,9.154687851231792
10371,7.120101673268831
10372,7.504125022425564
10373,3.7365150785135315
10374,4.809531105192155
10375,3.569448928440276
10376,4.199968009095589
10377,5.0286996047633385
10378,3.956251082921451
10379,5.247123448273257
10380,7.7214146887606585
10381,4.533201281494085
10382,7.742790078382923
10383,8.142730073261287
10384,4.157546788825713
10385,2.377186572317845
10386,5.396159614714672
10387,4.241382553393451
10388,6.357669525087091
10389,8.308212730291654
10390,8.569379308223478
10391,9.39091091241229
10392,6.177683110303648
10393,4.918828806423827
10394,5.040763271664645
10395,3.807905982609306
10396,2.1383273275449066
10397,4.084041935936544
10398,6.834153065023472
10399,2.895126394804917
10400,2.0088414030138395
10401,5.94433053318644
10402,8.241433667679647
10403,3.222666014819913
10404,5.9142236072308165
10405,7.387653668903405
10406,2.1368653366517787
10407,9.02407867810972
10408,3.304030309658917
10409,2.1991993356106248
10410,3.2547213392503602
10411,9.864464751800181
10412,4.118795854882901
10413,7.902745833616587
10414,9.200109367935294
10415,6.458488715518688
10416,3.257084083208616
10417,4.154403313188443
10418,8.447168077538045
10419,2.788174261301712
10420,6.446638928430284
10421,7.118254765757514
10422,8.92313704734374
10423,6.4086813239522
10424,6.177847719199963
10425,6.951068681822633
10426,6.503867873698313
10427,8.683905741068347
10428,6.3342645220786515
10429,8.072861527276752
10430,6.847237205881101
10431,8.438396758927611
10432,7.9639929323788134
10433,6.762277000402928
10434,6.290882767815609
10435,6.717482666688882
10436,4.835254268727363
10437,7.772375451827366
10438,5.168387338984978
10439,7.038731595007533
10440,4.497293572926403
10441,8.017895488964925
10442,7.2931075125074925
10443,5.558142846398197
10444,6.541058152484591
10445,3.470060031964831
10446,5.891047542004309
10447,4.622306439012198
10448,4.633338793532657
10449,3.345986672084013
10450,7.1773759357915505
10451,3.7596759125229564
10452,8.198089279341753
10453,7.1699187319919515
10454,8.063296403146019
10455,5.286386639649705
10456,6.083502738291109
10457,6.365442386969386
10458,7.047570641501055
10459,6.765538845465316
10460,6.233841774917636
10461,6.043028741719586
10462,4.217754866282349
10463,1.3161877424855852
10464,5.722385708288046
10465,1.8154979659705617
10466,9.242957917979808
10467,5.162809804145812
10468,8.807135586230265
10469,7.466233060193802
10470,4.094512190329494
10471,5.275206413190576
10472,7.197583420762367
10473,4.376176057636786
10474,8.596730358006745
10475,7.968003668767334
10476,8.11317258427738
10477,4.973945260905838
10478,9.447660583107092
10479,5.281477594320683
10480,6.468904933323163
10481,6.132655015015268
10482,3.984023051823525
10483,4.804029984885038
10484,4.750398077993518
10485,4.110953939002805
10486,6.790210361383677
10487,2.595050942013417
10488,6.188318805855376
10489,2.5868934741915233
10490,4.001541986172354
10491,7.727722717978765
10492,5.953125574432606
10493,8.14278745497555
10494,3.0431399839308173
10495,9.506424423235991
10496,8.796485208472184
10497,7.019016254249858
10498,4.392412523343851
10499,5.941910412425757
10500,6.128019023127365
10501,7.901827685278548
10502,3.9950883448039543
10503,3.341987705144248
10504,8.054528632076126
10505,7.485765932573972
10506,5.655868190038746
10507,9.493845999491922
10508,3.9331838497656397
10509,3.0238812991541355
10510,2.1028154704533697
10511,5.192598365287711
10512,4.397303328611063
10513,1.5826701812202981
10514,5.881835419785867
10515,7.357524738687025
10516,6.626460110755152
10517,6.337213326139991
10518,4.999878589648616
10519,3.840337388582374
10520,2.239633367983046
10521,8.052833087704041
10522,10.0
10523,8.210402677084366
10524,8.655580484579264
10525,4.527043461162541
10526,6.857218791404431
10527,6.570692465020578
10528,10.0
10529,8.556230480542602
10530,3.5462694507534542
10531,4.708206363704901
10532,7.107532235254738
10533,7.247801251054769
10534,8.98624859106705
10535,4.581751759208128
10536,6.843800414185087
10537,5.813965267338535
10538,7.3050687605305855
10539,8.075703756586325
10540,8.197651736052082
10541,5.539129727475937
10542,3.127138229977313
10543,3.6769338942055434
10544,4.71469349163517
10545,6.79882074003015
10546,6.18930589398858
10547,7.859083896040988
10548,7.628692544200096
10549,6.865554893718879
10550,4.109140075105576
10551,4.659803707632523
10552,6.926381904632172
10553,4.649223583051488
10554,6.329699094492929
10555,2.1804384791527083
10556,7.860174647915456
10557,5.199065622277238
10558,5.961172179445139
10559,5.98930914447873
10560,7.402525311621545
10561,1.578191490293248
10562,7.766967633037838
10563,4.84164449829467
10564,3.8093327476350263
10565,6.052089355973709
10566,9.662526196364983
10567,5.5204247780422095
10568,9.628888259703718
10569,1.7060347682127823
10570,5.616143556515238
10571,8.41358950473518
10572,5.505348828427217
10573,3.979901368146163
10574,5.236526022855438
10575,6.040633546371566
10576,3.520464051769036
10577,6.852558462913727
10578,5.689072330296999
10579,4.533915816469962
10580,7.6766485159499736
10581,6.081330324956931
10582,9.387237811674195
10583,7.430844046301292
10584,3.9887812692041305
10585,2.2249843890450345
10586,4.780172160897869
10587,5.780217464809856
10588,5.573125222649719
10589,3.6968827805794895
10590,7.134526246170295
10591,6.518288808457312
10592,3.305678819998401
10593,8.621511260124425
10594,6.954538003144952
10595,2.613116233155847
10596,5.919309337867491
10597,7.812162841359655
10598,5.17109587794627
10599,6.153439021399356
10600,3.280654643395625
10601,4.575857367563188
10602,7.951680409300701
10603,7.455188509462162
10604,4.550731079743231
10605,8.585689407629781
10606,3.963582363539927
10607,8.023272759799509
10608,4.401861877436955
10609,4.422160902045467
10610,5.6225642784642975
10611,7.044723687121919
10612,3.494349729449623
10613,6.572801067053604
10614,5.7655205920769586
10615,6.773716764715231
10616,3.242889683419586
10617,5.6286587900136515
10618,5.50197575751086
10619,7.4278932614830495
10620,4.452582287445454
10621,7.654407956088578
10622,3.893312963522545
10623,6.876692163768542
10624,6.781153968707753
10625,5.799198600502029
10626,7.876582617314827
10627,7.530960760229339
10628,5.1648575869669155
10629,6.451098204555854
10630,6.240415016550697
10631,5.606534148397634
10632,8.707108498578297
10633,5.8982988475194205
10634,5.683321238249539
10635,6.7972545134445355
10636,8.076148076351123
10637,5.652278000664689
10638,4.931779654755455
10639,3.8157708234860666
10640,5.784180543082796
10641,1.9626164900573095
10642,8.764453943879701
10643,7.636065953518293
10644,8.875557960547983
10645,5.531471314998732
10646,3.508223426879859
10647,3.7280577117000244
10648,4.236173927849788
10649,3.065277481916187
10650,7.609594316741819
10651,7.512341066192829
10652,0.9546551914234399
10653,6.7441154880076715
10654,8.510255388979328
10655,1.8008536881004946
10656,7.7780235290876565
10657,4.666225167843216
10658,7.183343768445829
10659,9.76491682067052
10660,5.406450726675145
10661,4.577981188703626
10662,3.977492527787028
10663,2.4332389101669754
10664,6.038742222380657
10665,8.202427259027276
10666,9.4578629290487
10667,6.445183074967575
10668,5.563164055343924
10669,5.535288595691211
10670,6.7292767034297
10671,8.48005192368142
10672,3.7674021925128125
10673,6.377257216182565
10674,4.423447815598023
10675,8.928680716081203
10676,5.479506766375919
10677,5.7479781414494155
10678,6.744969594587042
10679,2.561737215557402
10680,6.975732902397805
10681,4.889596903302333
10682,7.236967576347568
10683,9.107059140592861
10684,7.885723651227149
10685,5.670077550969936
10686,4.828146064078555
10687,4.4881153970104375
10688,5.960638522182033
10689,4.0601690968981305
10690,5.866449810044729
10691,4.356172868800846
10692,8.723679383506166
10693,6.101021299293942
10694,2.2353587733305558
10695,8.423730328650047
10696,4.4761962633132555
10697,6.469669396534547
10698,8.965903538544994
10699,6.872510982854166
10700,7.426025118022542
10701,8.858973574224938
10702,5.834537855222187
10703,8.265121097347373
10704,5.152835673834303
10705,6.414110504619973
10706,8.972261132892992
10707,6.648693727737802
10708,6.488172532708812
10709,3.8271292674319075
10710,4.697650019750556
10711,8.258324055118308
10712,4.25253891480616
10713,3.9846485076612823
10714,6.170130529373218
10715,3.223603345256986
10716,4.9773106347755025
10717,7.380439715977686
10718,4.297989465084635
10719,5.883829126204494
10720,6.613286956750382
10721,6.789812900149507
10722,6.0540724655037526
10723,4.649433053121602
10724,3.7617257691882635
10725,5.063418149189701
10726,5.005607907054764
10727,6.695080816795824
10728,5.554249296134689
10729,8.174189973154684
10730,6.61033519453398
10731,6.298126151733415
10732,5.462656024746487
10733,8.13140885014814
10734,7.962250262737955
10735,4.018704314946702
10736,6.625462403941793
10737,2.740775226892617
10738,4.891801125663422
10739,3.693974116734983
10740,7.1603718908966645
10741,6.637299883287567
10742,5.960572418547544
10743,3.7373041182723106
10744,7.669215939945512
10745,7.986719845064661
10746,7.382928844709206
10747,7.306123448298457
10748,7.781526688395323
10749,2.8545086915442934
10750,4.759155130085107
10751,1.0154310577706813
10752,9.088789207860572
10753,6.561586760209087
10754,4.308930918143465
10755,4.366133714039219
10756,5.771477453747559
10757,8.463955673170373
10758,4.560662188129071
10759,4.767467096296494
10760,3.4887552590520694
10761,7.3286485322895185
10762,4.787868930712977
10763,2.7957688173001025
10764,0.7143022656828872
10765,3.174254182610556
10766,6.541114086376695
10767,7.779490852809698
10768,7.565596045213296
10769,1.5196058213499213
10770,5.1002904631158525
10771,7.504089481442679
10772,3.9303979438698198
10773,6.561444532426335
10774,2.276392016769026
10775,4.406593313783798
10776,6.531501028081231
10777,4.850514479811052
10778,4.693225239576138
10779,4.804580907811555
10780,3.3286731753794534
10781,3.8740869901522275
10782,7.601647095247644
10783,4.43266098686448
10784,7.676851530201803
10785,3.588204722698928
10786,5.882942314722324
10787,5.376317152045242
10788,6.557322722147072
10789,8.062812808556368
10790,3.5222862063671245
10791,4.353103057304802
10792,8.369038676745468
10793,7.7256142784949215
10794,6.4268161384291025
10795,6.947057312927745
10796,4.782677311975839
10797,6.087551401657208
10798,3.042254938153464
10799,8.010015932585796
10800,4.709479385449483
10801,7.695077856734475
10802,5.2344441234068
10803,8.523756781032166
10804,7.249534352577179
10805,3.862194238061506
10806,5.184762214938413
10807,7.6009797874515765
10808,8.642027540958667
10809,8.058095566857851
10810,6.139101087881505
10811,7.1198091750126125
10812,5.988897178566913
10813,6.407008321002284
10814,6.360929376308057
10815,7.6600134207990624
10816,8.400567145076069
10817,7.751657433836234
10818,8.059688067324632
10819,2.7815016861553783
10820,8.137546343972081
10821,6.171904963526751
10822,6.78903919608003
10823,1.3811910226531297
10824,4.120871310229392
10825,6.0743205932526685
10826,9.278025488900074
10827,4.834532625387098
10828,4.844972995165078
10829,6.6639297054316495
10830,4.793616790629094
10831,7.947561382718332
10832,5.628468271699438
10833,7.728889711599353
10834,4.860979907724104
10835,6.146644616203767
10836,7.973889776634203
10837,4.085313218451937
10838,6.763976408803655
10839,5.066416649414517
10840,3.3337158688157396
10841,8.071858832438066
10842,2.366265160740796
10843,7.241136625485819
10844,7.589553105879701
10845,5.283240732860073
10846,7.219207216915622
10847,5.626158646806293
10848,7.378203725736183
10849,5.745486562617623
10850,4.699559728835839
10851,4.395841183724608
10852,5.587592791040392
10853,3.625938353712118
10854,4.59182170054165
10855,6.085364109520995
10856,5.498101446765967
10857,4.859247353466875
10858,0.8426871042786862
10859,7.983701440245823
10860,7.475395447614547
10861,6.087490678606693
10862,5.807041444047649
10863,6.475143809012097
10864,4.917500179991178
10865,4.044613464256578
10866,5.929968447448173
10867,5.951960359963064
10868,5.690317468250023
10869,7.108440589835538
10870,4.542224546161593
10871,6.674744532478466
10872,2.3839882563367776
10873,5.1917323722118045
10874,7.1951752964203886
10875,8.789055818466462
10876,7.055036967001332
10877,4.592235597686129
10878,5.744996574756441
10879,6.606235544328643
10880,3.2323494601392766
10881,6.971463540533269
10882,6.118767684662776
10883,5.307698618454876
10884,4.301131692757272
10885,6.483936276333277
10886,4.324804626071863
10887,7.147925510997348
10888,6.157001359934414
10889,5.375161944624407
10890,5.898849782241939
10891,4.082146400752498
10892,7.359253948752472
10893,7.130497266610238
10894,5.186359342286241
10895,7.333051613043775
10896,4.8644078934280035
10897,7.189135162794324
10898,5.422670059349694
10899,2.1955428339970187
10900,7.865229422971519
10901,6.1634934003785995
10902,6.630921717765352
10903,4.433797358769189
10904,4.373424141995445
10905,1.9914431348875217
10906,4.612937794504138
10907,2.9622969206182748
10908,6.0249661901613685
10909,7.283859831015279
10910,4.7758870628255305
10911,7.877004976311545
10912,8.124669597003813
10913,5.7686589016823175
10914,5.94626492286791
10915,7.356428990468761
10916,1.830552548853729
10917,4.28977337272
10918,3.943987933420594
10919,5.793238844012821
10920,6.117075103615988
10921,7.121782187065619
10922,4.968047935625567
10923,5.052357558464205
10924,7.739063654881986
10925,9.161968729668626
10926,7.581328991154653
10927,6.049559706374243
10928,2.3572093390108257
10929,8.065492378575788
10930,2.878249988289416
10931,7.635075370947985
10932,3.2290665283178175
10933,6.701297861670089
10934,8.067641301874897
10935,5.683757374764605
10936,2.2309538770611534
10937,5.882015430917676
10938,5.902460699309036
10939,2.4249105897041807
10940,2.824812836716147
10941,3.0009870866810266
10942,6.558434861115436
10943,5.625964313580676
10944,4.354172084909498
10945,8.705539819266528
10946,5.4693956103962895
10947,5.550349587996954
10948,7.399867912583346
10949,6.877260060069847
10950,6.304904901613762
10951,8.946132316808733
10952,6.954982586561852
10953,6.603658756344137
10954,5.640303596552808
10955,7.022933481778331
10956,6.542205847340296
10957,6.654550787782882
10958,9.845549320889088
10959,6.436101487211866
10960,3.8858619815985715
10961,6.300887358513475
10962,2.469768509623892
10963,4.748587703530638
10964,9.055973221807722
10965,6.552479037817038
10966,4.706769846793765
10967,5.431028276107007
10968,7.756545161872722
10969,4.461823052309953
10970,5.2969262024588755
10971,7.33238696297266
10972,9.065947140547312
10973,5.74848544613218
10974,3.6582172195041998
10975,2.887687734923278
10976,4.789968115427998
10977,7.672015463085909
10978,4.91897911786686
10979,2.9524593317216636
10980,9.008219795874073
10981,6.69900182208007
10982,7.254222173556978
10983,8.720364693669456
10984,6.648404902974196
10985,8.710713055774065
10986,8.551692282086831
10987,4.204771734075976
10988,6.657718940986794
10989,5.3881923381185235
10990,2.7620266382627547
10991,4.703430286648379
10992,6.09098241303155
10993,6.312889382934408
10994,6.523908910506905
10995,6.768390783078178
10996,4.8834597384303144
10997,5.8219973767636075
10998,5.182148349909203
10999,3.014624432799743
11000,5.810549014313777
11001,9.137611035134293
11002,6.676657911107617
11003,7.309116306441494
11004,8.430639671229184
11005,8.160489383182478
11006,5.8138804444908
11007,7.334350454073678
11008,1.9811087509060747
11009,6.5387119044417785
11010,5.659007457198241
11011,8.272311354494137
11012,6.122923322090829
11013,3.1457333810614267
11014,8.049424734679071
11015,6.742800025718074
11016,6.380419991522618
11017,7.43260406283335
11018,4.173348814232655
11019,7.100914422584216
11020,6.293732092920909
11021,7.672675721784579
11022,4.479372248802316
11023,1.9619590261516915
11024,8.147193774842043
11025,1.6409529762083936
11026,3.0249928709168676
11027,8.16858561211415
11028,4.039446516988429
11029,8.389150853205361
11030,4.35308698879358
11031,9.37670921258979
11032,4.19554283510595
11033,5.346367271591056
11034,5.950782103679124
11035,4.994249288468997
11036,6.340920810396654
11037,7.443164828828565
11038,1.4994163093855402
11039,6.853963746444616
11040,4.60176425134635
11041,9.779812048468997
11042,1.7267479197809725
11043,6.488916813571719
11044,7.417779089669464
11045,6.88153118117509
11046,6.376919147036368
11047,6.604006691155378
11048,5.8081483595616366
11049,3.17259637349427
11050,2.746496066206604
11051,7.892006094836977
11052,7.631739637131137
11053,9.55313318212203
11054,8.020013705134089
11055,1.4606993197230003
11056,5.208204187584214
11057,5.986677418925579
11058,5.936776474363816
11059,6.379008267981224
11060,5.828151249717611
11061,6.237192953102846
11062,6.009579945017837
11063,8.653009783544597
11064,7.068466941412612
11065,6.77971597482464
11066,6.197110410206184
11067,6.937398369181926
11068,4.614680231397928
11069,7.38563489253314
11070,3.7282848328763434
11071,7.794647850789706
11072,5.001047525110782
11073,4.680680631777528
11074,9.966077023745816
11075,6.351922192302124
11076,5.775172012427674
11077,4.958749697973078
11078,7.136730120516989
11079,3.2001497299249677
11080,7.133526928100064
11081,7.500799756736759
11082,5.434771589419436
11083,3.961932476767695
11084,3.6582350569525626
11085,5.718109574323539
11086,3.8667489461324025
11087,3.7530380633362084
11088,6.9966038384152425
11089,6.387057534474797
11090,6.961640462484388
11091,2.9949444776548284
11092,4.3248989689710315
11093,6.640947622573129
11094,4.739836493094575
11095,4.173529787411052
11096,6.606589278858891
11097,4.3370217936386775
11098,5.142133298056036
11099,6.23754557367638
11100,4.5393643459547555
11101,1.7370554251116395
11102,6.217955075572171
11103,7.9545343955672525
11104,7.402811289828786
11105,3.0425914912166863
11106,7.098570833594942
11107,6.34263107805646
11108,5.448540835883831
11109,7.476004962201311
11110,4.243322212506772
11111,4.571245376926892
11112,7.53823736249099
11113,3.272741299975413
11114,5.863119812115915
11115,9.761948667460098
11116,7.586422797164134
11117,6.68736238906104
11118,4.8959455413439965
11119,6.796798535293621
11120,6.535515281680121
11121,6.692993620527805
11122,6.344396896941065
11123,7.345501277660044
11124,6.109733917673326
11125,5.7056528340000225
11126,6.6704241870713625
11127,6.004227557430836
11128,8.569765299528836
11129,3.1983136508596273
11130,9.755539626333617
11131,7.586428909808439
11132,4.1269031620449725
11133,2.7720419891339683
11134,6.5010563188632995
11135,6.279193156692016
11136,5.70167955872642
11137,7.44324202864694
11138,6.510705432705405
11139,6.3300125425553215
11140,5.09782666742279
11141,5.3017793987336095
11142,4.871448094054738
11143,7.710322670188844
11144,4.6416711404577775
11145,5.109561829867897
11146,6.897808092037592
11147,7.008764204534944
11148,7.615168516809172
11149,7.5308924134095365
11150,6.130901128927776
11151,9.395072388559825
11152,7.2200226795869344
11153,6.830967119942299
11154,5.9469508197967444
11155,5.072043394046327
11156,6.834208728097995
11157,5.801260138274811
11158,6.505487363537824
11159,6.6818581379092645
11160,2.559872114190318
11161,6.27257588207928
11162,6.9854541912981
11163,6.177824585818782
11164,7.609847683572858
11165,7.146412883379857
11166,7.18418206653779
11167,1.4511880352979276
11168,8.106799071268089
11169,5.523469776350596
11170,7.267759450338789
11171,7.947281078267869
11172,4.028223974583199
11173,8.21437236865728
11174,3.3429344723369887
11175,3.127973819589183
11176,4.653092779308118
11177,9.03015589184885
11178,5.586436775455338
11179,3.1925181707614847
11180,6.8142063023650685
11181,8.697779729853632
11182,6.199228152114091
11183,4.214114817720631
11184,8.879415044823357
11185,8.663599681877772
11186,4.814801720260369
11187,6.039732632299955
11188,4.114322820825665
11189,3.47094642021703
11190,2.4817466335284095
11191,4.8833080051141415
11192,4.041190371054431
11193,7.281274119205829
11194,6.030687676570068
11195,3.646745242462134
11196,6.399310674301436
11197,2.498367450076675
11198,7.767127931479641
11199,5.909714672197564
11200,7.782180468233226
11201,7.557876314350862
11202,5.397585837700437
11203,4.782914048023694
11204,6.002851077101522
11205,9.17584742432803
11206,7.2427758177555175
11207,4.903162147781066
11208,6.034142073466918
11209,2.427701377369995
11210,8.543162360883613
11211,6.951645321366251
11212,4.092437151664218
11213,4.430290697227596
11214,6.285667500112055
11215,5.530639405871453
11216,6.994273768168677
11217,8.656368770665672
11218,7.872240560698658
11219,6.86976648150354
11220,5.495320083542586
11221,5.561318382698369
11222,1.0645989052089373
11223,5.320268921263113
11224,8.615154627560553
11225,6.8656655365427195
11226,4.257409800235942
11227,4.707944953705413
11228,7.60901083741248
11229,4.85002618577756
11230,3.8049249611616505
11231,3.4304676531850626
11232,5.497203524149245
11233,6.304601483696033
11234,2.4232524029007396
11235,5.218441516353667
11236,6.230810885025828
11237,7.874492478838516
11238,8.965148618602916
11239,8.927890969445128
11240,2.8410901379919635
11241,7.546841007447524
11242,7.948941868080428
11243,3.947216048007361
11244,3.618782946130993
11245,7.254395222132222
11246,6.541847868417748
11247,4.305424197141896
11248,5.156895457576451
11249,7.315302468463926
11250,7.9826779020450305
11251,5.9011200253256835
11252,6.056702918182295
11253,1.9284339835508586
11254,7.614765608677253
11255,4.983436667964486
11256,4.998956715687695
11257,6.860688050196563
11258,7.408799927663571
11259,7.83883009910655
11260,6.443536439967998
11261,4.251335088034486
11262,8.344869720052108
11263,2.20861853209142
11264,6.896053298690939
11265,4.462392896846679
11266,6.975847141077047
11267,7.210703013682627
11268,6.610246031733125
11269,7.550440608580954
11270,5.614735072233147
11271,7.7641289488704635
11272,5.258958708502341
11273,4.967463096483696
11274,6.6802656850432625
11275,6.717613270854459
11276,6.4302547180874825
11277,5.100462737078759
11278,6.72286833100074
11279,4.672573376915111
11280,5.600281888646668
11281,9.655817016327884
11282,3.6148601506254723
11283,7.039292781365161
11284,6.637867736205375
11285,5.018939595710343
11286,7.211015775298539
11287,7.118170971115183
11288,6.669624426747092
11289,4.164499952379663
11290,7.5997415905261185
11291,7.083875591733405
11292,5.824527479160258
11293,3.6593054640018527
11294,1.5497389327898725
11295,6.801824360402674
11296,3.8337456818034688
11297,7.6299469292556505
11298,8.36865948691028
11299,4.860767564323487
11300,9.019411865338787
11301,8.44700507620205
11302,7.362952011817673
11303,6.950197317390964
11304,5.142768468634037
11305,6.891901336396978
11306,8.086547451974427
11307,5.99450995790388
11308,5.512695423358299
11309,7.250473556889116
11310,5.678528229729452
11311,3.037351833876203
11312,6.675097791618086
11313,6.51949741303651
11314,8.955141999303898
11315,4.9431473727712065
11316,4.471936352616523
11317,8.167449768739866
11318,5.875576132824545
11319,8.896482050919854
11320,5.540546211960118
11321,4.876362950301308
11322,2.2561285120061694
11323,5.052578000673606
11324,6.248561336221514
11325,4.357102280211516
11326,6.850912513377124
11327,7.353240155816408
11328,4.284753778216596
11329,6.886232575692551
11330,3.4071583114715485
11331,6.133856367122324
11332,8.998023213004203
11333,2.466541076351391
11334,4.231827825748787
11335,6.338966415046794
11336,7.4731956378030056
11337,8.109555100308567
11338,6.347562978937393
11339,6.586445712645208
11340,4.502860085349674
11341,3.6768547998227543
11342,7.073534415676348
11343,5.572348445506722
11344,5.167305257079081
11345,7.394589325590287
11346,6.444664461892856
11347,4.885152855057063
11348,3.393560118407481
11349,6.305874508363721
11350,3.4625226547567163
11351,5.432824298159815
11352,9.26822754806631
11353,9.220753440892473
11354,9.212182026273467
11355,5.81152533406462
11356,7.8227794235196875
11357,8.444615370128147
11358,4.687680862167602
11359,3.8884075419782658
11360,6.439005556112938
11361,9.217833353320245
11362,5.90696097627885
11363,3.1737404113187226
11364,8.725510101401259
11365,9.024733269523935
11366,3.348153093086638
11367,5.733788434265341
11368,6.4890481621337095
11369,5.171846290896912
11370,7.119301894395762
11371,5.0061841512100935
11372,9.277219048396766
11373,8.231687402920876
11374,9.104949355177038
11375,7.116572011282745
11376,6.076570038331855
11377,6.245612360501996
11378,7.265437343145782
11379,8.148778371369636
11380,4.081984120180719
11381,4.123197114408412
11382,3.112435848899994
11383,6.553713496179352
11384,7.20045128118289
11385,8.143341076704733
11386,1.7194807359016822
11387,5.298796252945302
11388,5.444490261791964
11389,5.687188947102585
11390,7.410915697511458
11391,6.704566549135468
11392,4.5003039395735325
11393,5.152241221243039
11394,5.692624525763254
11395,3.7781011341029007
11396,5.778425649506268
11397,6.469862842558987
11398,7.837954228238375
11399,2.1985777912464677
11400,4.954447314849167
11401,7.110170756570327
11402,7.5995601588203225
11403,4.806310913385699
11404,5.405678754521185
11405,7.329642066820148
11406,7.34049527005357
11407,4.265681520822098
11408,4.437732510828
11409,3.7191225614578407
11410,7.731539339921909
11411,9.059306263060577
11412,3.42682301888468
11413,5.5582522848883125
11414,6.118379920749399
11415,5.09894729608158
11416,6.590486938932166
11417,6.276284435706074
11418,8.326005348327602
11419,7.252915451202686
11420,5.408916768140891
11421,3.9554098802620583
11422,6.077708718097744
11423,3.349406395449016
11424,7.7743441812329275
11425,1.0297386113550457
11426,2.229226364514104
11427,7.454458337775514
11428,8.751078457138119
11429,7.967709196583401
11430,3.9769429706550254
11431,2.5568375907614596
11432,4.329557257945224
11433,6.059368530364293
11434,6.09430307076391
11435,3.3658484893785827
11436,7.261966605892256
11437,6.266674073295399
11438,7.726824032362665
11439,7.735202314852136
11440,3.5988015004987686
11441,4.759945201532225
11442,4.065686462921721
11443,4.962004732194298
11444,4.45125334773859
11445,8.73946010354474
11446,8.049109127916077
11447,2.2005128311588065
11448,5.867504261008301
11449,6.769306808164575
11450,6.312701319223355
11451,6.577083645249673
11452,3.184684253603762
11453,7.943169724571287
11454,4.425330244523433
11455,5.789074671194539
11456,6.647520758783385
11457,6.5947928677421945
11458,7.820695919705721
11459,8.845584332602227
11460,6.516006256774261
11461,5.939395305061611
11462,5.0958805824371805
11463,4.875349182957297
11464,5.896223264359941
11465,6.33756296066238
11466,8.01274917492001
11467,7.034380185916954
11468,4.98597295266736
11469,5.879606747607758
11470,5.011032731866156
11471,8.16844386210786
11472,6.594482362737098
11473,4.020779460191177
11474,5.230804847188481
11475,6.897570270991853
11476,4.969015112397209
11477,4.265677795080821
11478,6.044587001135688
11479,6.220489017930425
11480,7.49550703626755
11481,5.9127122582777565
11482,6.998859388058104
11483,8.321188273603209
11484,7.308952646444003
11485,7.644257979088986
11486,6.4512612333385775
11487,2.3672183076785607
11488,5.856776099180299
11489,7.567906979631885
11490,6.4069146701538795
11491,3.0043414073262316
11492,7.28874378104777
11493,4.588514803612123
11494,4.81220718115437
11495,4.777179658303556
11496,6.2364833098670625
11497,5.789065257226244
11498,5.230668906055237
11499,6.0785551192329885
11500,2.009826496677941
11501,4.595376192345072
11502,5.473676610853777
11503,3.5441820129124095
11504,4.648982531199895
11505,2.9945981983709298
11506,8.524152958130705
11507,1.233259730029678
11508,6.233965374309729
11509,7.160195737655993
11510,7.807442331761082
11511,6.289265807890489
11512,7.760053415898657
11513,9.840640180378672
11514,4.932855528521725
11515,6.10553017762051
11516,4.031700728851713
11517,2.494635487386764
11518,6.237301739330241
11519,6.190080071705812
11520,8.529112709740433
11521,8.894662214877405
11522,4.746071994670156
11523,4.467431610546096
11524,6.857092130621481
11525,5.314944251158225
11526,6.351224200754407
11527,4.372121374887461
11528,6.489026368527569
11529,2.3000122138193992
11530,6.974357899037194
11531,5.672418600780238
11532,7.080149388119702
11533,2.7727080184135424
11534,3.666556105865355
11535,5.620032063832349
11536,4.433568862105413
11537,6.080988097350869
11538,7.479279780559593
11539,7.189513918058844
11540,6.4693970956165465
11541,5.124557599437256
11542,7.982929444050275
11543,5.632461938648975
11544,4.957417518463979
11545,1.6066401428969166
11546,6.782708998322138
11547,6.139037509617649
11548,7.495623457837875
11549,5.256456112663377
11550,5.488376223754648
11551,6.302151755933517
11552,8.10201281141955
11553,6.485885749026995
11554,4.292782036668349
11555,4.018471324428846
11556,5.153859660887128
11557,6.170296132674336
11558,6.386488459718196
11559,6.610285548868569
11560,6.40212149673783
11561,2.4348918165559463
11562,2.880742009647456
11563,2.2829927997549007
11564,5.6511422587842395
11565,5.669100191598963
11566,8.568261051261068
11567,5.343772934670702
11568,7.418080073569452
11569,3.8080063328885623
11570,7.2080861851855005
11571,7.9215316937001115
11572,6.383146769968323
11573,6.487645514298586
11574,5.396056982586063
11575,7.747859016006892
11576,7.63947797014495
11577,6.197360428184662
11578,7.353618012625414
11579,6.227334315205662
11580,3.1216198665806814
11581,6.048131125439829
11582,6.116505792901613
11583,6.760085985540273
11584,6.586420228541452
11585,2.9856222358463205
11586,4.8956554884769234
11587,4.255161548794013
11588,7.900847376137184
11589,8.801465978556102
11590,5.424824732021562
11591,6.750138531152489
11592,2.439014791172373
11593,2.0679811938230888
11594,6.16948272724772
11595,7.775652048373453
11596,3.8368607498593494
11597,5.084885565626293
11598,7.076133906453105
11599,5.147640547726077
11600,2.7770299693490914
11601,5.373693792367971
11602,4.007532728456145
11603,6.281021550934125
11604,6.945512511528006
11605,7.393026243077807
11606,8.629232847033439
11607,4.510470180749838
11608,4.03706878022547
11609,6.502809847713678
11610,6.584437967315456
11611,4.420996114562139
11612,7.4666316885513435
11613,8.698194789331044
11614,5.484463924951809
11615,7.757405614776721
11616,8.05565421283204
11617,5.493171986014628
11618,7.119141195905231
11619,4.5180761522746815
11620,5.452022613513196
11621,7.673914427753805
11622,6.733048631034351
11623,5.246672094845867
11624,7.554191916769985
11625,6.466141515163702
11626,7.05008600999196
11627,1.2662087238508537
11628,5.9002974133447035
11629,7.570364714699928
11630,7.083520161059804
11631,6.737188049553896
11632,1.739625501075421
11633,3.129665137738835
11634,8.646480040589925
11635,5.681943382294565
11636,4.755777506137758
11637,6.012061475571157
11638,5.84141275003029
11639,8.058061228227409
11640,6.111212969951875
11641,4.283856319531945
11642,9.982538066230871
11643,6.525149140929184
11644,5.72921102915013
11645,4.821201704022141
11646,3.7408344367749518
11647,4.776589436366763
11648,2.864751891368956
11649,7.676810483951777
11650,5.892103114730697
11651,4.603041234273556
11652,5.486547526224242
11653,4.432397792263284
11654,6.742957435034479
11655,9.171816814209114
11656,6.855648182019886
11657,4.94825531981608
11658,7.409045942084099
11659,6.734823738373614
11660,7.574159228698231
11661,7.103676804173043
11662,5.9481161473613575
11663,7.914972701179846
11664,7.341709374415636
11665,8.290176234185408
11666,6.723509391650527
11667,7.710917996267326
11668,6.328874631416841
11669,8.035179225652193
11670,3.801651140762269
11671,4.974519630326446
11672,4.069270585387864
11673,8.423900294880113
11674,6.578628744678699
11675,4.814232439557168
11676,8.012090464305734
11677,3.6989672237971662
11678,3.1829850054931548
11679,2.2759438391691997
11680,4.073988359395104
11681,5.557103713372932
11682,6.11995178603213
11683,8.988708095352754
11684,3.5987335581846147
11685,4.026323375869523
11686,3.887849428628477
11687,4.358896030570001
11688,9.785975855475778
11689,7.99762804139106
11690,3.199366034739119
11691,5.492145622952455
11692,3.3674702083674886
11693,9.35480247810523
11694,7.97726935431331
11695,4.678079959620689
11696,1.8909028952181368
11697,6.120825573522927
11698,9.449291676963792
11699,2.853930189187021
11700,6.984727247661585
11701,1.3041351660263971
11702,2.588603234271342
11703,7.224144800156386
11704,8.129625552414048
11705,3.354881989455618
11706,5.470594099893709
11707,7.394581844500209
11708,6.838808674603937
11709,6.399909150387768
11710,6.81224618376302
11711,4.193336575218951
11712,7.734721681734667
11713,1.7787577451700793
11714,8.200316249345882
11715,5.972512157681396
11716,5.4850468875489025
11717,9.382147426472908
11718,2.8941825893385746
11719,8.711066608377987
11720,7.690140579140279
11721,6.746064122318392
11722,1.331692257640317
11723,7.344611434226722
11724,9.278061813037786
11725,5.629595415713926
11726,2.465356385793564
11727,8.279931217603835
11728,6.7487743392270385
11729,6.260207525480768
11730,4.095180783922489
11731,5.838281803793289
11732,5.185109725661963
11733,7.455911047219276
11734,5.6634968594955595
11735,4.923341483909809
11736,2.261550106857753
11737,7.1969771600856935
11738,7.781014260613954
11739,5.90607241971526
11740,4.494225011682923
11741,3.6012297162387434
11742,5.159649971261475
11743,3.215395073017344
11744,6.694412477022659
11745,6.543897280690806
11746,2.23648209144421
11747,8.044062007063328
11748,1.7031933682019353
11749,5.091985736695033
11750,8.451688825028876
11751,5.794706315323857
11752,7.414466427617327
11753,5.101327838669037
11754,7.823972178992848
11755,8.522757506670885
11756,2.384794969389946
11757,5.542757160670541
11758,6.477531008783101
11759,5.89957380190315
11760,4.647642653201349
11761,7.5281216775009945
11762,3.80525116205285
11763,6.531298122610782
11764,9.715118039995394
11765,5.282120220482451
11766,6.129769727267682
11767,7.048755204202985
11768,4.836937599213649
11769,7.333603069609215
11770,6.835438883186955
11771,1.871629617563929
11772,6.404851535955808
11773,6.2953535497298265
11774,5.636235615393035
11775,5.44539569501293
11776,6.530929179907897
11777,3.2092756333386268
11778,7.243125141786564
11779,7.7313849018596255
11780,6.334409908563197
11781,8.01814578349387
11782,4.30003066970862
11783,6.652350223797299
11784,6.494826716231744
11785,8.369982786123499
11786,8.710181055593758
11787,4.819887495357296
11788,6.940530936593767
11789,4.7915582065933195
11790,6.4091198779943115
11791,4.150705165469033
11792,9.609223962300904
11793,5.988060623024458
11794,8.104450455874137
11795,8.47346624757407
11796,5.187210562815767
11797,8.66594185542507
11798,6.801145697797451
11799,3.420437377044057
11800,3.831701081826744
11801,7.159944777476369
11802,3.350177464257894
11803,7.9420177048791905
11804,5.5125471039292675
11805,6.678113954945664
11806,4.90626022677623
11807,7.904338669152343
11808,7.479193296452129
11809,4.450159715985865
11810,8.356540903106128
11811,5.774296668890219
11812,4.889022105402046
11813,5.794208003723179
11814,6.469557491076975
11815,5.867586872242958
11816,6.366188279816256
11817,4.258164986085924
11818,3.7960916156453948
11819,5.182948522603812
11820,6.826035277810084
11821,2.93760835390659
11822,4.5079836315602515
11823,4.868409607857872
11824,7.854143944601697
11825,9.887574615896616
11826,7.031575475071856
11827,6.309432363565141
11828,3.628437091109688
11829,5.387256544670077
11830,2.8877946666715073
11831,3.2107982499472607
11832,3.860705257012976
11833,5.206388672749279
11834,2.8982793793076707
11835,7.291262969685105
11836,5.300062151604106
11837,4.515312243471032
11838,5.548396105866252
11839,5.425941925748779
11840,6.431971184285137
11841,4.525494641187219
11842,3.0057192338441228
11843,6.42359083758586
11844,6.7188491580903795
11845,4.448543094155196
11846,9.129269739584215
11847,8.104707385255924
11848,8.105453603185474
11849,3.3908730064489507
11850,3.8612918527537365
11851,9.13378987751122
11852,6.989259919559808
11853,8.214149513118405
11854,5.3522347169300915
11855,6.367713259675175
11856,7.272411651589593
11857,8.002049308035263
11858,7.238171095025897
11859,6.190357354596007
11860,7.509751906446604
11861,3.6197706022459633
11862,6.855587035264527
11863,5.763700437659887
11864,6.266036379903474
11865,5.463315285131477
11866,2.9472960455599853
11867,5.597068497385847
11868,5.53394902740701
11869,2.5531975455787905
11870,3.1176993245068134
11871,7.089981815934413
11872,8.831363986473868
11873,5.309270740060696
11874,6.8150198725534334
11875,4.736333932929156
11876,9.496678990249855
11877,4.572584422042641
11878,10.0
11879,8.493163148319326
11880,2.846300231204719
11881,4.675019689168664
11882,3.3048551122519445
11883,3.1746348164395055
11884,5.543320398141613
11885,3.9368008418653733
11886,6.068022178572169
11887,4.9696533784310954
11888,1.8250932937902686
11889,7.298429940574938
11890,4.873673786374269
11891,8.205962452041678
11892,1.6306698357485039
11893,6.091650151547831
11894,3.7954499637417802
11895,7.4005808289302415
11896,6.612104399720647
11897,5.790000025550321
11898,3.8079085781909208
11899,6.96345580328859
11900,7.749993225725789
11901,7.086462655890091
11902,9.274474810591608
11903,5.072375016570992
11904,6.952853945517059
11905,6.66583296307512
11906,5.775533901703641
11907,4.865395912089445
11908,9.213403184422699
11909,7.25641371475197
11910,8.463869433922618
11911,4.923623585041972
11912,5.816323272681273
11913,3.2208989530738616
11914,5.059218363554341
11915,6.997083922025917
11916,6.127829296162959
11917,5.636261737137027
11918,7.026632272414648
11919,5.377854166454265
11920,8.749224842557396
11921,8.207989784764019
11922,5.862683717559753
11923,6.097119617169983
11924,4.307039885940767
11925,4.444246944980161
11926,7.944243023327339
11927,3.819925760502678
11928,6.723566709832855
11929,6.629635397368863
11930,6.126068294955638
11931,7.695970725526992
11932,6.861861888440625
11933,9.892385529641356
11934,4.784296515288298
11935,3.3501117138177863
11936,4.05420757952146
11937,7.419008253043552
11938,6.1482640813360385
11939,7.147959430596559
11940,2.4640749843799306
11941,5.590235196593131
11942,6.13835422667491
11943,5.51019152613278
11944,2.0839090925543977
11945,9.372771910191933
11946,7.8692897351457365
11947,3.208382104754371
11948,6.06248136590716
11949,3.6907536323239123
11950,4.063077579874572
11951,6.649436314572792
11952,7.408272118056885
11953,6.226083481660566
11954,7.697497020539676
11955,10.0
11956,4.616297339791914
11957,5.461347232925597
11958,5.148193495986319
11959,7.051079572545317
11960,4.123172515927528
11961,7.181216050818168
11962,6.858511328931192
11963,9.859665957977422
11964,7.010129331997838
11965,5.422073970716678
11966,8.389949617736333
11967,5.991432077039302
11968,8.247364479819938
11969,6.459047423725946
11970,4.790498815466772
11971,3.6069445456149896
11972,4.41965020651532
11973,7.400774759107136
11974,6.640074622621115
11975,4.008950586603014
11976,7.658444791104952
11977,4.367487469198426
11978,2.1979828133832693
11979,5.836981909770704
11980,3.8255991704506123
11981,9.392221626959124
11982,7.371625004134796
11983,5.529191452136264
11984,6.737016359328689
11985,9.26425133332052
11986,5.054975822537774
11987,6.9178623715361285
11988,5.3604177908309305
11989,6.3292187795714625
11990,7.633041392950235
11991,6.301110894182604
11992,4.70815412579327
11993,3.9357647664872895
11994,9.345138393148058
11995,6.876899516416941
11996,3.834059333122461
11997,6.442720246935133
11998,4.617055029021936
11999,5.395775292007544
12000,8.693675868960923
12001,7.844413647982261
12002,5.377938832019503
12003,1.5107240199673777
12004,6.611972111206965
12005,4.142754318708697
12006,5.177192525997041
12007,8.927207058291863
12008,8.218891827822619
12009,6.34423619570927
12010,4.3671769020199
12011,4.211461926568161
12012,3.4002455909730185
12013,5.022084659965853
12014,6.695479985245645
12015,3.9127800637304397
12016,8.098285224275527
12017,3.7981500360268403
12018,4.31639666167368
12019,5.038924500986209
12020,5.234910841727325
12021,2.8296729703733865
12022,4.962357951038927
12023,4.087627250984296
12024,5.341637362857491
12025,5.319096115063438
12026,4.185483840829667
12027,4.833304902277766
12028,6.448481636876099
12029,4.169765977033405
12030,9.34654049881149
12031,5.050573808651731
12032,5.340419314441258
12033,8.326663132919029
12034,7.8023893870803604
12035,9.801952730475184
12036,6.693340388012409
12037,7.574201818012487
12038,9.358076975384307
12039,3.1408055603485696
12040,7.639858231977151
12041,6.784556360827181
12042,7.347226208341495
12043,2.7072042562367096
12044,5.030179922464553
12045,6.390673553263571
12046,6.746726218768577
12047,4.3058835745113395
12048,5.99462229653712
12049,8.205281944500792
12050,6.821364394900549
12051,7.838965730161197
12052,8.719393970386148
12053,6.964237415691317
12054,6.280579046324165
12055,7.686062870259782
12056,8.820711960407612
12057,8.883618316580746
12058,7.024620710334715
12059,3.860752395096204
12060,9.503085263764575
12061,8.009427769939004
12062,5.63480717759892
12063,6.6129319269575575
12064,7.7345256696333475
12065,7.7723107888929235
12066,5.269519919699999
12067,9.655859784628376
12068,5.158368889674805
12069,6.046507145909447
12070,8.46033057751102
12071,7.030848997530437
12072,6.573764778761197
12073,3.554084249883413
12074,5.984923632179539
12075,8.544987062449454
12076,6.298583241466878
12077,3.0775214179947983
12078,3.9663148961317014
12079,5.5390113464975625
12080,6.48363600272927
12081,4.498456459204953
12082,2.176399377063074
12083,5.007315277709415
12084,6.776399348764294
12085,6.425317273943691
12086,6.6024113431988205
12087,7.94395804894937
12088,7.036802729723747
12089,6.351218095566046
12090,5.31957436973062
12091,3.3634974983623493
12092,6.384707628513276
12093,5.735294553783722
12094,4.9342121175621285
12095,1.9395275987938876
12096,6.425468770825208
12097,3.6106961493874707
12098,6.181055525463473
12099,5.914177014396037
12100,4.464917860924071
12101,7.873003655491787
12102,8.763671096600591
12103,6.0568043532825335
12104,5.991933375876139
12105,8.514577916498816
12106,5.408727125250024
12107,8.14569518956981
12108,5.688263062883153
12109,6.728835042352133
12110,6.728411068750537
12111,6.207148482909382
12112,6.1555585540117095
12113,5.90782876846122
12114,7.6333695209892785
12115,7.173688698298358
12116,6.994243547896609
12117,6.028319983470928
12118,5.335626352395167
12119,6.980556583840069
12120,5.751142221101314
12121,4.087997858541053
12122,5.129291243036074
12123,9.96548437634664
12124,5.750476301695972
12125,8.108660475553354
12126,9.028393609504793
12127,7.33793222516649
12128,7.751651005211866
12129,6.842957780549003
12130,5.592143520577782
12131,7.768149820435594
12132,4.855829622055666
12133,5.897107861384494
12134,6.256171376629918
12135,4.668757347031318
12136,4.3365188466364435
12137,1.272726594133517
12138,2.730625525087547
12139,3.2348171999529205
12140,3.705528189427332
12141,9.219805595757432
12142,8.747079851581367
12143,7.534350790543277
12144,4.622077764096028
12145,8.486084185218369
12146,8.958798927429157
12147,7.520880568233538
12148,8.007146375133338
12149,5.922823062773607
12150,2.623384020396916
12151,8.023905228530149
12152,7.943671590690071
12153,8.869451482463981
12154,6.75727196230986
12155,6.276549658083206
12156,9.284374520154703
12157,4.244394606535268
12158,7.3383554355744485
12159,8.586373458324967
12160,9.332845882399157
12161,2.358348141137452
12162,2.7842256183146925
12163,7.7097943208300554
12164,6.260311186405577
12165,7.937360769825276
12166,7.915802058432191
12167,6.241448893844202
12168,7.2179022180349355
12169,3.52259287869671
12170,6.66853134742572
12171,5.953505826037362
12172,5.719048649890345
12173,1.4653880770951904
12174,2.7340960764759497
12175,5.9435528187077775
12176,7.562147180701801
12177,9.724365873350829
12178,4.748210765987053
12179,7.32729421231112
12180,9.261508784899693
12181,3.5128026864957302
12182,6.764151606941206
12183,2.78159021913956
12184,7.704098191960559
12185,6.497779627270577
12186,4.200883527736982
12187,7.49755874500101
12188,4.486759481532259
12189,4.823511538885331
12190,1.645048708551659
12191,7.273522211249666
12192,7.904324919558688
12193,8.446474042639215
12194,6.700550755649411
12195,8.222410431503569
12196,6.290101405669118
12197,6.92415592284492
12198,8.424632017399869
12199,2.7277122476413496
12200,5.348515720676899
12201,4.568735736623794
12202,2.1770319026829084
12203,2.6442257905252067
12204,6.225419608684238
12205,4.565405198443814
12206,4.945131505898848
12207,6.099559780072308
12208,2.943697889373508
12209,5.368401913326357
12210,5.141052787152585
12211,5.129289969249972
12212,8.277509259128625
12213,5.981527967179904
12214,4.355232075184211
12215,4.105216961414402
12216,7.475406466084452
12217,5.012046968229155
12218,5.985417449602268
12219,5.26980236352374
12220,8.553642752867663
12221,5.370152113184653
12222,3.2991263005209532
12223,8.196006833424807
12224,4.590270607122844
12225,6.359504289015957
12226,7.66195942153159
12227,8.427718449534149
12228,4.152890279637035
12229,8.280812540808776
12230,7.338347250760979
12231,7.838271282527741
12232,4.561381508269164
12233,8.199000131318424
12234,5.551804792680599
12235,5.831879945939478
12236,8.747709508196102
12237,6.717826589702992
12238,9.0261281394487
12239,4.16320633869621
12240,8.472431156629735
12241,3.13402512183671
12242,7.515969372230105
12243,6.138577358661532
12244,6.315589316073524
12245,3.4830168881289896
12246,3.4321156584086223
12247,6.555004416938629
12248,3.554198172063331
12249,7.381653761969675
12250,5.71196644619914
12251,9.147739349592754
12252,4.199621097934875
12253,8.873667612057705
12254,6.618937556270615
12255,7.741860959474757
12256,3.5611963024462403
12257,5.976621815038673
12258,5.05892025572137
12259,3.558965980288545
12260,2.6016064058601214
12261,4.141792578469251
12262,8.092702556072808
12263,6.116833025780655
12264,5.268573774143245
12265,6.486027929216747
12266,4.989075943852022
12267,5.775111843353162
12268,4.774111243858023
12269,6.901254076894698
12270,6.620513218206283
12271,3.1396764131304966
12272,3.913583843836199
12273,5.346049257379693
12274,5.359223294379586
12275,8.615872620297697
12276,5.989126202082277
12277,7.115042914061307
12278,4.116890023055372
12279,6.731861417196099
12280,6.264406816734057
12281,6.34733712634248
12282,9.150658529777036
12283,4.331060361409728
12284,5.617663447377158
12285,7.585733522417284
12286,8.033575748617665
12287,4.720195897726933
12288,7.797228233591112
12289,3.9990252947222946
12290,4.349891149250992
12291,5.109669527633796
12292,5.231699337530444
12293,7.36886748056398
12294,5.835370189092816
12295,3.272891227827877
12296,4.225771266681137
12297,3.8135094093347957
12298,8.235962397782755
12299,4.095743782408091
12300,3.878964212871659
12301,6.867614085793795
12302,2.5196884938805693
12303,2.1273639654255
12304,4.075306524227458
12305,3.8537500554466297
12306,6.260047118874209
12307,9.149182486949593
12308,4.577128567715443
12309,5.231917727115572
12310,7.2420825186790285
12311,5.467408325804537
12312,4.957212710567907
12313,8.035507985942049
12314,6.54913671433157
12315,3.9496353021548676
12316,7.820387178692554
12317,5.608590703809763
12318,4.110559575347801
12319,5.265501072026096
12320,5.997624134885561
12321,6.700990789893112
12322,5.660909617137127
12323,7.514676109694615
12324,4.531939520723427
12325,8.085647454403878
12326,4.093852223978276
12327,9.124652301236031
12328,4.819518972850747
12329,6.733847899781068
12330,8.261384484682045
12331,4.060834332925607
12332,5.853851175351083
12333,6.901085680020095
12334,7.949973873170328
12335,6.506447793156202
12336,5.921581537013837
12337,3.010382466606628
12338,5.8985680031685765
12339,6.726516577071442
12340,6.449981861759023
12341,7.0806369338778135
12342,7.164176241973162
12343,10.0
12344,3.0955936249458897
12345,2.0449493763642694
12346,4.703874711790061
12347,4.097067181011109
12348,7.602111306129038
12349,7.034187735907953
12350,8.906044062958472
12351,8.836016348438891
12352,6.481074195395074
12353,5.418435608826934
12354,6.886671559668464
12355,6.6200289086422055
12356,8.80357821067207
12357,3.7242798998561377
12358,6.249070151652516
12359,4.563478295550058
12360,4.621080831686209
12361,5.8974981007515845
12362,4.677391249389978
12363,6.802623819382541
12364,4.5792996151908065
12365,7.94624549631035
12366,8.412575085060123
12367,3.7723701305068857
12368,4.420304428672329
12369,8.954015150524427
12370,5.067421670974879
12371,5.328080741671656
12372,5.687177706077197
12373,5.8815614045468205
12374,6.767169706799769
12375,7.545449552412218
12376,8.83270480757426
12377,9.372499768316022
12378,8.803280476934528
12379,6.481613804531278
12380,8.43341142791653
12381,4.4033096502488345
12382,4.828534714741983
12383,5.797316538688233
12384,1.0704501790305736
12385,4.277719395391709
12386,5.161044355827839
12387,3.843449838868893
12388,3.0822673597788945
12389,6.845747863793206
12390,4.435878908189844
12391,4.959101462073691
12392,7.40112947142734
12393,5.291848159465511
12394,2.997056352660242
12395,6.131617595333403
12396,8.725729532915501
12397,7.082815418418415
12398,6.584163029949714
12399,4.651197545292195
12400,8.335489828887933
12401,3.6735392790164276
12402,6.955430457083251
12403,6.146065951177459
12404,5.778262852801991
12405,3.8569544675527427
12406,6.044418802480127
12407,4.765174875236369
12408,3.707028292155922
12409,6.336309517118135
12410,4.553865805905127
12411,5.31808899477338
12412,8.915015306307836
12413,8.519883264150494
12414,5.845087266651496
12415,6.22570217770613
12416,4.159658980596116
12417,1.0246568480137748
12418,6.139742845116755
12419,8.815995322591817
12420,4.872482421211776
12421,7.298981773843002
12422,4.901314008747084
12423,8.291764090519614
12424,3.116300213635778
12425,6.403342480774353
12426,3.3505279258348395
12427,8.027190759149054
12428,7.599627207356665
12429,4.820224983259241
12430,7.797203896522478
12431,4.040395067487106
12432,6.043263589317014
12433,6.437828796321423
12434,8.906534459029464
12435,7.98718582214779
12436,5.103550738173164
12437,10.0
12438,5.497641877783775
12439,6.212907124842517
12440,9.360818796939734
12441,6.865148808985889
12442,4.454548071409801
12443,8.24944142142393
12444,6.3478774312609225
12445,6.510634392050649
12446,5.328314911668738
12447,6.6569332006752955
12448,5.968975349729704
12449,6.484455518771239
12450,8.562367204623415
12451,9.064146017942157
12452,5.7588057960299315
12453,7.47656475554375
12454,6.905785923964168
12455,5.11600730381017
12456,4.739847377961859
12457,8.152086411057226
12458,5.772792201188475
12459,0.21134591776974918
12460,6.116047085577424
12461,9.511986384505168
12462,6.0660363696923305
12463,4.413450929159979
12464,7.120491161129197
12465,7.057960413379188
12466,5.318224515127121
12467,7.76004429366639
12468,7.6265389455352555
12469,8.198804668616388
12470,6.3112473690498
12471,5.3829948250005595
12472,5.328139101357359
12473,5.602690635514658
12474,7.6635267442404675
12475,3.3467891663195326
12476,1.5183027311486463
12477,8.578509956929006
12478,9.139692342750426
12479,5.54565748751316
12480,7.65687023775084
12481,4.7478973508399935
12482,9.649903735813034
12483,6.51261073444296
12484,5.025133396806607
12485,5.090879724382599
12486,6.245390852485115
12487,6.603189099999726
12488,6.376838787457265
12489,5.169525234009808
12490,6.85856725372945
12491,4.852938262225803
12492,6.218941028668324
12493,5.65738583557593
12494,7.480771093511513
12495,6.054953231609742
12496,8.290681866975408
12497,7.576911571113661
12498,8.541678178118978
12499,1.8845204308400694
12500,3.196302466173667
12501,3.942725490205247
12502,6.565162267931857
12503,5.571167304201987
12504,3.937575811676713
12505,4.921521166028659
12506,0.9217517300254949
12507,7.247090452125045
12508,8.251827003591169
12509,5.119037598360771
12510,6.9318350511684494
12511,5.447253091910543
12512,9.319641235657707
12513,6.2552910889109405
12514,5.712637991933337
12515,5.707158219676736
12516,4.191074296997869
12517,4.343321468693653
12518,5.623064738965969
12519,5.923443401304726
12520,7.881477751922855
12521,4.974963171017913
12522,6.479914837650874
12523,4.062161444359247
12524,6.073642099544163
12525,2.1586089274350284
12526,3.8609113404940913
12527,7.0054321187189545
12528,6.717431854428093
12529,5.579690276644791
12530,8.683555028839143
12531,6.272146366911835
12532,4.601089332906119
12533,6.0967596804933235
12534,3.9435325784912316
12535,6.882332088661004
12536,4.23923171533469
12537,4.714283914415788
12538,3.4908907332890635
12539,5.224351142336681
12540,8.370530581114785
12541,6.883947922606135
12542,8.6037095175067
12543,5.5162828146246
12544,9.397650419165464
12545,6.220829460189645
12546,6.330472802652097
12547,7.198436045850427
12548,8.089809052916785
12549,5.850393960902247
12550,5.479351890614401
12551,1.643422950203285
12552,5.056723370457578
12553,7.251412834624295
12554,1.9534255400264275
12555,9.847800469121605
12556,8.361116513534084
12557,8.41113337656091
12558,3.6219740420759554
12559,5.559287996683884
12560,5.315935187078805
12561,8.685743888875463
12562,6.484633789671964
12563,3.3514764470509846
12564,7.815356946906065
12565,6.772231711186433
12566,6.37008755639749
12567,3.668184203017475
12568,6.068572041453592
12569,6.188830528761692
12570,6.330638122117887
12571,8.591085065512901
12572,5.271231224467745
12573,2.90446522674871
12574,6.861791724933857
12575,5.906720044519998
12576,2.5648289854819617
12577,5.524829261037314
12578,5.9215157626568935
12579,6.478676667364563
12580,6.254290838333015
12581,5.603250687439512
12582,4.340626923220262
12583,5.79509032904955
12584,7.610731052782644
12585,3.9178410141829105
12586,7.348763419551005
12587,7.933632925300344
12588,2.216902504126398
12589,3.3293494330177813
12590,8.882170727981418
12591,7.265456463660781
12592,6.335040292000919
12593,6.746163035320587
12594,2.8435226707005734
12595,6.950202776106657
12596,7.84543068288018
12597,7.152902171079226
12598,4.930886891099381
12599,6.233189737683264
12600,4.325192599869898
12601,5.894097930009924
12602,5.2182200683872635
12603,8.649174707624784
12604,9.433831767378784
12605,9.573598696290343
12606,6.177982171170129
12607,4.363590792238053
12608,7.149338681439444
12609,4.436284610928374
12610,4.811411642018001
12611,4.4487277377895476
12612,5.722849258098173
12613,8.474498909912208
12614,6.411404023844431
12615,4.947152508011718
12616,8.173498925730637
12617,2.048758908770729
12618,5.135041121695161
12619,6.634238515588018
12620,8.341128889580428
12621,7.863224351920339
12622,5.59316001743607
12623,6.57332291037332
12624,6.683598731304212
12625,7.358603952877804
12626,6.1147056764581835
12627,5.573140392857782
12628,7.78893059535505
12629,7.951568861059096
12630,7.56808080257897
12631,5.77054936537742
12632,3.9912414070979483
12633,6.811184926953393
12634,4.766542605701543
12635,4.920077393860762
12636,8.209670676444855
12637,7.485683379552854
12638,4.28903471848822
12639,7.413101076152508
12640,4.451880181917928
12641,6.108911536059848
12642,5.63170026498825
12643,7.4199996205976015
12644,3.0589448683782154
12645,6.121096135929687
12646,8.335686455556496
12647,6.933150668597843
12648,7.565792908899086
12649,4.537351335347303
12650,4.217020136361375
12651,4.911362635996609
12652,6.6366855770981585
12653,5.961521476386142
12654,3.766930992771367
12655,4.922370459157452
12656,4.695573305362489
12657,7.214941901340062
12658,8.097159806181594
12659,6.028559524840519
12660,6.030505261948165
12661,3.288580925607248
12662,6.150268171248025
12663,5.875502256764241
12664,4.155792699757223
12665,8.690662389534786
12666,4.8565032702404425
12667,8.434173801446722
12668,5.42959203127146
12669,6.510026646725363
12670,5.387344074015645
12671,7.815470465714387
12672,6.824237296170403
12673,2.943215926100545
12674,8.628762584939414
12675,4.517124342612309
12676,7.967391484729257
12677,9.98489604354161
12678,9.044667491372234
12679,5.9741377264267275
12680,6.683010731153803
12681,6.753479967812342
12682,7.574690749484173
12683,6.5450994572713554
12684,6.915651404792065
12685,7.2902463658936245
12686,7.467458173578912
12687,8.446962694496065
12688,6.158260786099255
12689,4.574593680599497
12690,8.899827068209344
12691,6.0708106997753015
12692,8.127492773079323
12693,7.9097208366916645
12694,5.485763724598069
12695,4.602789916204652
12696,4.551050097742713
12697,4.1625360627656685
12698,8.193231066378825
12699,6.262844206898818
12700,8.159491444276771
12701,5.424795558209471
12702,5.420898326490039
12703,5.915460304786489
12704,1.4297198245886031
12705,3.105973966577468
12706,6.70747143475313
12707,2.703985334877723
12708,5.921470746598467
12709,7.88969516391076
12710,6.4848725142105685
12711,2.038922700724212
12712,5.215483705327655
12713,5.664220290377426
12714,3.9774713787833833
12715,4.8651738005307195
12716,7.616857646236776
12717,6.002394146427249
12718,5.151414512083203
12719,4.8765857834898965
12720,6.148678453121719
12721,8.797222803515625
12722,4.608717869738628
12723,6.463067993079285
12724,8.280615436552633
12725,6.417217144790697
12726,7.2057895752029815
12727,4.789942594649373
12728,8.251238026279868
12729,3.8591376958760297
12730,7.467575105487455
12731,9.181928752627648
12732,5.553072796868895
12733,4.518128096975702
12734,6.717721089846251
12735,7.557953981658567
12736,5.956662448650084
12737,8.29450392025738
12738,8.12938508819964
12739,8.533335618502102
12740,5.052515816662407
12741,2.0962433674158882
12742,5.919553109037671
12743,8.636348078784936
12744,6.351220009012847
12745,8.695644863417487
12746,3.947422250190586
12747,5.694559311229596
12748,6.113057487771716
12749,4.2384524371548435
12750,4.697118148109713
12751,3.9639031637217172
12752,7.0896499837218
12753,7.8827857026893895
12754,3.0056163797581283
12755,8.806238282411945
12756,7.133881720072106
12757,8.548858066372327
12758,5.283235301588684
12759,6.6248976398560036
12760,8.45243608325953
12761,3.7075966159651097
12762,8.745314802125208
12763,2.101753400801294
12764,4.639440804684177
12765,6.969888642355898
12766,8.197216432384385
12767,5.284135874781756
12768,5.545476728513756
12769,3.885203469408951
12770,6.5764109711235585
12771,6.582398657616684
12772,2.6508508243165654
12773,1.5423467357371319
12774,7.798336771228915
12775,4.8916936388808825
12776,5.1328035799050395
12777,6.864263187710089
12778,8.148953846106993
12779,7.845594890132444
12780,7.257901184851329
12781,3.621714311014504
12782,4.503342563993807
12783,6.958847199732783
12784,6.405267503538617
12785,4.491580071200423
12786,6.808078075288913
12787,7.704614805869532
12788,4.131092481429043
12789,4.4817081425061165
12790,8.688126576807404
12791,6.296802115462545
12792,8.495504271333996
12793,7.2543817386209355
12794,6.778081868343886
12795,7.042632789508623
12796,8.248315862831305
12797,4.578434771935438
12798,7.5223764884491615
12799,6.107440351915136
12800,3.197417345756502
12801,5.9449321576856065
12802,8.799838156877424
12803,3.789231667899706
12804,5.334285194227202
12805,2.8201050746942657
12806,8.514768679781515
12807,4.567915378056392
12808,4.56031936984118
12809,4.833680000258687
12810,5.853861692992107
12811,7.593356313000407
12812,8.6437577017247
12813,7.7336686204035034
12814,7.809258782381075
12815,7.405997267691401
12816,6.332579575661377
12817,5.107040379706809
12818,9.127827029090032
12819,4.727615194985469
12820,8.496040770517023
12821,3.1872000778662546
12822,5.7497132168153655
12823,5.051368026187363
12824,9.765085928680989
12825,9.368401726464114
12826,8.581233321003841
12827,6.1920925178116715
12828,6.357932391938572
12829,5.861690070676672
12830,8.964226461462719
12831,6.126118486273389
12832,5.3426458592855735
12833,7.735042278253784
12834,7.355486617963207
12835,6.4179905448262184
12836,8.682801485236938
12837,5.030224766721021
12838,6.609018847893598
12839,4.333784752653653
12840,8.602369827080963
12841,5.234611642459562
12842,4.0812858413403905
12843,7.025068615987208
12844,5.4558032549432
12845,2.0256006702472327
12846,7.7760939222684815
12847,4.132181870358643
12848,4.957749997725816
12849,7.351151781907801
12850,6.877788744774447
12851,4.704817800591439
12852,5.721059552302489
12853,5.9095384575644445
12854,2.892615006680751
12855,5.741095877846591
12856,4.289043159751363
12857,4.545843398817712
12858,5.200738592462514
12859,4.855444346297989
12860,8.494258619881773
12861,7.097303901366426
12862,6.406217980770009
12863,8.913701417566797
12864,5.1420447437074674
12865,6.283196031684607
12866,7.328199333496493
12867,4.335199266382036
12868,6.155907611693878
12869,8.782775996164112
12870,4.876018390107186
12871,7.045167018210486
12872,4.385680673072445
12873,7.863946251121224
12874,5.12427839243
12875,1.8763222115347165
12876,8.113603076008502
12877,4.803930960721871
12878,5.016800188479875
12879,8.963356925382199
12880,7.255455574870451
12881,9.42727480427763
12882,6.242755742750468
12883,7.843164980775999
12884,3.8065938194093256
12885,7.740065240190044
12886,8.31407399572143
12887,6.732095947252952
12888,5.208403175968385
12889,8.565600960111752
12890,4.385104118622184
12891,8.449839940021082
12892,4.721275034309229
12893,6.812626634660855
12894,3.5029192263105986
12895,5.5025472379626645
12896,5.7055461471548945
12897,3.7609016842688816
12898,6.639099792289186
12899,8.322831720228551
12900,1.8161258435746173
12901,7.509296333008302
12902,6.53888174340131
12903,7.509967104425035
12904,4.75455391566311
12905,9.331245762750754
12906,6.771192710641174
12907,2.1820054732700886
12908,6.533428571221334
12909,3.6714983572616933
12910,8.939893438922766
12911,5.737962483761885
12912,3.1590246695339474
12913,6.739751447414782
12914,4.668236579372072
12915,5.180028235973928
12916,6.908716659339858
12917,7.825404251430414
12918,3.2869236279547787
12919,6.989177183593537
12920,6.214926167032496
12921,4.570685433007091
12922,6.779174029500572
12923,5.719318055090165
12924,6.846927869027548
12925,2.3715793027719663
12926,5.294991284380075
12927,6.167889941615408
12928,6.642901560939903
12929,8.32619522341766
12930,4.063396254044474
12931,5.130402702878457
12932,8.39421817639962
12933,8.161088048404771
12934,4.584976874121869
12935,7.6557418601197735
12936,4.692887187502248
12937,8.081429337461943
12938,8.267477528342289
12939,7.126415594040864
12940,9.618172646335074
12941,4.030497611898518
12942,3.9234872081494423
12943,8.862829061219774
12944,6.616295060121741
12945,6.233468105899394
12946,6.981849438950965
12947,5.513962633465118
12948,4.873982555100718
12949,9.005880548187088
12950,6.531337799192609
12951,2.412492607668707
12952,5.760214259509935
12953,6.178867639384272
12954,8.901623764510495
12955,2.1741473122346715
12956,5.245260015527647
12957,6.079131757579921
12958,8.553234980374967
12959,3.6186622650834357
12960,2.2485715312531522
12961,7.2792559454541035
12962,5.377532263591054
12963,4.87326918156854
12964,7.704999639211233
12965,4.579794696809519
12966,2.922051216038132
12967,5.4413456401802875
12968,5.027980645044027
12969,4.71210580309944
12970,6.241253029702648
12971,4.403548080110304
12972,5.518381714662318
12973,6.9337663775237965
12974,2.913815337474348
12975,5.63065390410075
12976,7.455394142953547
12977,2.9981828733580254
12978,8.355254288340571
12979,8.097009853712894
12980,4.809708860878018
12981,2.9476153515675514
12982,9.742976705171383
12983,6.469199930308029
12984,5.215052254879694
12985,2.995287762412894
12986,7.822158366801144
12987,8.167347044541351
12988,7.4916660457674835
12989,4.2380995740491025
12990,5.900591563204677
12991,4.566063265294203
12992,5.337547151073588
12993,3.9083195820236503
12994,6.860657683629117
12995,6.5218695220578455
12996,4.554408491839248
12997,6.987331822829626
12998,6.548661102717094
12999,6.121718684011124
13000,4.419226037352081
13001,7.665725137853752
13002,9.386480023872068
13003,4.861974126157264
13004,8.903866826527224
13005,1.341915461612659
13006,3.73125025965439
13007,5.280680990326061
13008,4.386612028489945
13009,8.645857598995207
13010,5.084876474619071
13011,7.3693375134382935
13012,7.99272055389644
13013,5.176984414978595
13014,5.471530297062416
13015,6.178508824152879
13016,6.680982141793971
13017,5.9155764550848975
13018,2.6662541286395656
13019,4.4903778458458525
13020,4.769593027417176
13021,7.109449295995336
13022,9.00304220570575
13023,5.849143233118004
13024,5.28585211902169
13025,5.769145203925005
13026,5.305934582459687
13027,7.5037609438571415
13028,7.784356446114086
13029,4.687428909802455
13030,4.846830886012454
13031,4.717035765268807
13032,3.245068278417831
13033,6.751283000109578
13034,4.241725248124805
13035,7.556793082978975
13036,7.1822649798333895
13037,5.336214213527012
13038,7.107873887504223
13039,6.419121412228418
13040,5.056196364515564
13041,3.2443053568569082
13042,3.584423125172654
13043,1.555765971069016
13044,5.603293899050191
13045,4.845762975393055
13046,5.133616437237329
13047,8.63745041650823
13048,7.684795503652595
13049,6.931262474290278
13050,8.342213990638257
13051,4.308286535666414
13052,6.66143790681495
13053,6.956277822774136
13054,8.953661619021235
13055,5.190294640705236
13056,3.4813542233245256
13057,2.0983192332233385
13058,6.644860506081349
13059,6.052121461694256
13060,5.680210988933452
13061,4.494428070327072
13062,7.272349928125422
13063,9.281765812272877
13064,1.7623601283248167
13065,4.5191285208228145
13066,7.008933662880312
13067,9.022717976054125
13068,7.3851995781731095
13069,7.3843232472767975
13070,4.451209369770602
13071,4.753976984514263
13072,5.9849033803936
13073,6.3982527675484855
13074,3.8696976410738264
13075,3.6610490485030347
13076,4.7368352523816215
13077,5.807692683617939
13078,6.32888195010446
13079,4.105218219315356
13080,7.430577495462522
13081,5.966309064687038
13082,4.306530551018539
13083,3.4546824163420733
13084,5.125646229725273
13085,4.500145647869631
13086,5.883137259480597
13087,3.155060538075144
13088,3.268848252158394
13089,9.184670983876682
13090,7.805295666610679
13091,8.00050274361772
13092,7.558274091471657
13093,5.98153740444967
13094,3.0826741218573646
13095,5.351466712074197
13096,6.050790816453111
13097,4.0903285512125604
13098,6.4840537177850575
13099,8.499914276951504
13100,4.297235283876091
13101,5.655821488292031
13102,1.3654343301670808
13103,7.140580378147135
13104,6.688223405020517
13105,6.8099463401766105
13106,6.20017520779694
13107,3.71443047658663
13108,8.47546853760498
13109,5.6411668911780835
13110,4.644217435458852
13111,5.556457791854912
13112,7.420881047134129
13113,5.874160658217136
13114,8.628106392210135
13115,6.555315673696192
13116,8.164855141687694
13117,1.8753144905620154
13118,9.774320007647466
13119,6.457267689615996
13120,2.9232779401390916
13121,5.521123741836289
13122,6.7886697647612095
13123,5.787384235454173
13124,4.019483484880871
13125,5.249341976975519
13126,4.386338689226582
13127,2.093907950120852
13128,7.769340580298431
13129,4.631143155497398
13130,7.321533267289926
13131,2.152684764314662
13132,5.970143258629506
13133,5.1588814895172055
13134,7.280418928593361
13135,5.0353487479473715
13136,2.4259789712719186
13137,7.062464432728203
13138,6.774290628247398
13139,4.845713117873378
13140,8.783611223169633
13141,6.655050099817
13142,4.456415957026008
13143,8.171279901556002
13144,7.725097839651644
13145,6.108007360121489
13146,7.225204918223024
13147,6.4015309481817075
13148,6.5670313643148415
13149,7.404977639081209
13150,3.7579802176021833
13151,2.820199389415078
13152,7.081090223447696
13153,3.581889900544371
13154,4.433598905584865
13155,7.293494813772817
13156,4.772774041445179
13157,4.5711283950217965
13158,5.133574167655661
13159,6.79705358347652
13160,5.691145745194744
13161,9.795893103956228
13162,8.123904490619664
13163,4.389837509779064
13164,7.482058944588471
13165,3.736602838343704
13166,2.783581013177102
13167,6.2075557051313135
13168,3.9376470814273388
13169,5.6433156554982435
13170,7.490579111692309
13171,7.0472854524507245
13172,6.279318921226307
13173,9.420481281306675
13174,6.578286952630451
13175,4.399373628602648
13176,5.761548042768633
13177,7.804870044169613
13178,3.494973104708587
13179,8.650561142425232
13180,4.597217412530218
13181,3.558093076548877
13182,8.198024679558648
13183,5.685071446436582
13184,6.853750511188807
13185,7.328354320221472
13186,7.737457247733045
13187,7.300858319741123
13188,4.363165427808949
13189,4.469172095811338
13190,5.799665299414806
13191,3.2574008543734267
13192,8.51783560450123
13193,7.684318572899529
13194,8.337862731100248
13195,6.083852446418869
13196,5.405255664731031
13197,6.3152238011838095
13198,7.4392957375485995
13199,6.22035035680489
13200,9.03376160290431
13201,2.7165044263178912
13202,5.201347633470526
13203,6.997029575300203
13204,4.486958095907143
13205,6.162917484773791
13206,4.157506525472861
13207,3.4099368847079443
13208,4.5110827828378
13209,2.4176332911924154
13210,2.8880658984573415
13211,2.5609330444875558
13212,6.914058182740247
13213,6.709401307429641
13214,4.938260916582912
13215,2.8124096600170336
13216,6.216134187051227
13217,6.33175946653767
13218,7.943496203767393
13219,5.76295548437332
13220,6.456596739070488
13221,6.342583104819939
13222,9.46583006157556
13223,4.855832492652515
13224,4.393976908434466
13225,7.65264648843211
13226,5.931363925656201
13227,5.417363617398545
13228,8.481616811368642
13229,9.066056429397229
13230,6.289065546542926
13231,4.211370347733595
13232,7.701988051514965
13233,0.40637796472477483
13234,5.444456832303583
13235,6.721095305102864
13236,6.492660251557426
13237,7.314075933264767
13238,5.583409147854691
13239,5.144276406512787
13240,3.6069329303278623
13241,7.780888597039686
13242,5.046761224883766
13243,6.870744910960542
13244,6.041061965430746
13245,5.06478662189269
13246,7.107146095300909
13247,8.285628704181018
13248,4.812352349851642
13249,4.684100805112116
13250,7.886879205082643
13251,5.364272135870003
13252,7.801303590611913
13253,5.604643914302852
13254,3.2885389914083416
13255,5.662567469035986
13256,6.678802740110865
13257,7.1952019410534085
13258,8.085012422780228
13259,5.194172191816706
13260,8.507018834224086
13261,9.429278049645127
13262,4.46193451996893
13263,6.468984094816311
13264,3.3482645904598765
13265,5.523845256460221
13266,6.408701042852587
13267,4.051746136681553
13268,2.8429749517662914
13269,7.070809795021282
13270,7.620274476755388
13271,5.14216891245804
13272,8.390229410516765
13273,7.820159882969277
13274,8.26612062283122
13275,8.167030379732717
13276,6.289427046966365
13277,6.883146688788978
13278,1.1467805650803835
13279,3.4915742443158564
13280,5.237221472017368
13281,6.364352060820894
13282,5.638262054535774
13283,5.28299302205778
13284,4.884895287896665
13285,7.08498500649245
13286,6.644366275038075
13287,6.901653596463692
13288,5.202959283899269
13289,6.898871017424586
13290,8.658989780612325
13291,2.676350189525152
13292,4.752397657888934
13293,3.913752514156693
13294,6.895763978797969
13295,7.683681365541506
13296,5.723096025124078
13297,6.2304250909724
13298,8.167649697788411
13299,5.776435682898985
13300,6.220013727138225
13301,6.282716214475517
13302,4.703008045848285
13303,7.159778064833451
13304,6.1060422625633475
13305,4.456780552392782
13306,5.905744801147777
13307,6.92155309434872
13308,4.323022325259647
13309,2.9101050865982754
13310,3.1501350077049306
13311,5.511980824499464
13312,0.9646118551785855
13313,5.41067700606705
13314,7.508689541541796
13315,9.1325799087308
13316,4.690099017831353
13317,3.206921880929584
13318,5.30876188743981
13319,5.743930251024545
13320,4.691820128767959
13321,5.928525400508592
13322,7.301296619252825
13323,7.7041397741762845
13324,6.8650027219571585
13325,3.245018304356996
13326,7.9259089626317065
13327,7.172732186490142
13328,6.582629716035983
13329,7.323190554139234
13330,6.897489143246846
13331,6.053676955060537
13332,2.0051691383710875
13333,5.238566861927803
13334,2.6557031575590258
13335,10.0
13336,1.8681186454917147
13337,6.997057087253442
13338,8.455817468937369
13339,8.669934979201328
13340,7.8478072425763905
13341,9.176530217447452
13342,5.588864354203148
13343,6.135822950752972
13344,2.6774813978255203
13345,3.4913608995294365
13346,3.5099605271027827
13347,8.899008994312975
13348,4.068361104118034
13349,2.7455592600570364
13350,3.2637400690715834
13351,2.626133355412972
13352,5.520361078731505
13353,8.090399448967155
13354,8.100622221816499
13355,3.006206741278531
13356,7.221148636499637
13357,4.021822227156863
13358,8.074481130845632
13359,5.483627915164047
13360,8.228967947632684
13361,6.75235121941865
13362,4.176382100405719
13363,6.873100952236129
13364,5.081700487885208
13365,8.486145124405265
13366,8.365391740086682
13367,5.004731071332521
13368,5.434819256913116
13369,6.778740506544795
13370,4.3591623640437165
13371,3.3738121819668967
13372,3.829291969599321
13373,8.022615304663924
13374,6.7348872123665915
13375,4.207091202759073
13376,4.942103019481065
13377,6.554287093492037
13378,8.739202040473323
13379,5.212868941870148
13380,2.420697101308208
13381,8.70076714411754
13382,3.9926983411386248
13383,7.401519011996958
13384,3.598173540507489
13385,7.72693762793399
13386,3.1535333346308962
13387,2.6618108784252006
13388,6.225171567119603
13389,6.3355558948125195
13390,8.605010571738145
13391,6.714330702781519
13392,8.265011445281399
13393,5.160787496082356
13394,4.680606975298121
13395,8.941515631802195
13396,8.849828054839445
13397,8.127763884757524
13398,4.71747109485061
13399,6.93912122740371
13400,7.755210887089575
13401,6.229565366611559
13402,3.988271743744467
13403,8.537708814857767
13404,5.898054056990326
13405,10.0
13406,4.08004907970826
13407,2.980824645838786
13408,3.5668424015449385
13409,7.487505928141621
13410,9.206683156096627
13411,5.4483837294651325
13412,6.066763272587925
13413,8.593316235072459
13414,5.452018342620393
13415,7.087105501868082
13416,8.391781598342163
13417,5.954661367041717
13418,6.5715040984947075
13419,7.0672198906612484
13420,6.932591397995031
13421,4.891845166375375
13422,4.937415182236249
13423,6.524736639151771
13424,8.480356833049775
13425,6.628857612664507
13426,5.743830833253469
13427,6.42920268517786
13428,5.365185010528608
13429,4.031897066387398
13430,3.872478601589245
13431,7.779430913010021
13432,7.577985672222585
13433,5.463399660580257
13434,5.751104328331352
13435,6.223911516546617
13436,8.72294778990482
13437,1.741180977042342
13438,2.9520512426769545
13439,9.970278670606406
13440,8.112261375601541
13441,4.322365376327951
13442,6.6782183852656045
13443,5.721332628872323
13444,5.999621169695278
13445,6.706545534433195
13446,9.128213740929995
13447,2.3143187790151516
13448,2.7720679965706565
13449,5.583351321894893
13450,7.619686538644909
13451,5.621201085655456
13452,7.773533638869377
13453,4.972287714764949
13454,8.345874326788678
13455,5.028380073515219
13456,2.6762660253447463
13457,8.101772500578257
13458,8.14465390783265
13459,7.154135434585935
13460,6.3152786208028235
13461,4.274745213956684
13462,4.581429257813058
13463,3.0519198485214623
13464,4.257418949621324
13465,1.384240389050614
13466,7.946468883959389
13467,4.05788952206448
13468,7.334076861903148
13469,5.023782573423593
13470,6.372384198629297
13471,5.272861432718518
13472,3.687212517107369
13473,7.426644576060275
13474,4.7697137150606554
13475,7.466191818916019
13476,6.672056055553735
13477,3.9086301451796173
13478,3.2024917938007817
13479,5.140659511275253
13480,6.441810682532434
13481,4.698843717569127
13482,7.425941753974826
13483,7.534343342316593
13484,6.037127791146306
13485,7.00736058391037
13486,5.664775703430508
13487,4.947888425908972
13488,3.244446289992533
13489,2.460001705946159
13490,4.316112703563401
13491,6.049784818894619
13492,6.322250243228438
13493,7.582858151489732
13494,4.073177958933265
13495,4.649506015555623
13496,4.95575505498178
13497,5.868270603347584
13498,6.400032529529749
13499,7.550884883058143
13500,4.630287660326819
13501,6.7345175652887095
13502,4.906143577294867
13503,7.067186984420072
13504,8.32319085648302
13505,4.515855156378814
13506,9.107113628665713
13507,3.494825600203421
13508,3.446354426718348
13509,8.426124445037678
13510,7.940815673053191
13511,4.002453445161831
13512,6.998300590943435
13513,2.446785293290895
13514,8.345681307666942
13515,7.659988296449114
13516,4.358841092051357
13517,6.017344114881571
13518,8.800273811455114
13519,8.461793438014665
13520,5.972899065087892
13521,5.4793476004314785
13522,4.378930250963955
13523,3.836671688916753
13524,6.288024799119526
13525,5.998008428859927
13526,3.167964585058726
13527,4.151681051204793
13528,9.247706793116537
13529,7.34380410658396
13530,2.3148050946336065
13531,6.4233650458116225
13532,6.871073012654032
13533,2.738579379923178
13534,6.137773964528982
13535,3.0278644781832904
13536,4.842955512699466
13537,4.831723245422594
13538,6.3720931768707425
13539,3.994720734964216
13540,4.639186869585871
13541,8.694906281695955
13542,3.368104459533632
13543,5.313684097335098
13544,5.383757654710712
13545,7.641660055725856
13546,7.6268437739892505
13547,8.337568864973141
13548,4.162741142566734
13549,2.6827738810497013
13550,4.865740565598241
13551,7.575290358116141
13552,6.62423809804351
13553,6.757576045877086
13554,4.411073095404202
13555,6.831104745153127
13556,6.333777444523619
13557,9.845391651901112
13558,6.894253894328805
13559,9.102010328744118
13560,5.671824046229315
13561,4.387512147934274
13562,5.161368445381267
13563,6.718186672036296
13564,6.695998350845608
13565,6.278897644041061
13566,4.464338930059131
13567,5.474990100918751
13568,5.44356598781474
13569,2.5410190281036495
13570,5.07173705430318
13571,6.456204327633444
13572,7.140096040384516
13573,7.3701929576519865
13574,9.178064119972433
13575,7.697634169249102
13576,6.0526721912629595
13577,8.929158521571491
13578,2.511445815264506
13579,4.4471410518120456
13580,3.768971428802483
13581,6.020924879735776
13582,4.602275043786863
13583,7.6420255863169055
13584,7.148368534038873
13585,8.428549575422904
13586,3.2346027589191255
13587,8.094873960479546
13588,1.3574621753686713
13589,8.50751431108638
13590,5.408404734787626
13591,6.06615602200161
13592,8.866556675385176
13593,6.148839709045276
13594,5.582159489045933
13595,5.431648915739871
13596,8.500007720494754
13597,5.131414624269582
13598,6.50276892233325
13599,1.6071203797913265
13600,8.543365113551207
13601,4.697758621704924
13602,9.26707524552524
13603,3.5423739904601077
13604,7.717145566264533
13605,8.085559382981304
13606,5.8579504348633575
13607,4.682625972180592
13608,1.3052800649520333
13609,3.543779871596161
13610,6.285390982232529
13611,5.478177942535209
13612,9.5286777104383
13613,2.0883217762974575
13614,4.951938377256488
13615,4.60451978544294
13616,4.278138149005346
13617,7.109987149745067
13618,7.899818610689571
13619,5.845967936769517
13620,3.4306699970748693
13621,1.7602624556521802
13622,6.130934912276867
13623,6.372793462857752
13624,10.0
13625,5.290382403424379
13626,6.214987393060376
13627,9.430774775557568
13628,5.139247916430159
13629,3.655644917036476
13630,3.9042982589810196
13631,8.469321274234174
13632,5.120963886392179
13633,4.723337881005054
13634,6.86775159468964
13635,3.920748969104823
13636,6.314797645011923
13637,7.347733893484247
13638,4.603438968529782
13639,5.120604702810948
13640,5.582618825188574
13641,7.518697518270227
13642,7.284907856339078
13643,7.076232587150689
13644,3.4106303844587713
13645,4.0842488667148364
13646,9.338066567270362
13647,3.962076889136573
13648,9.067949246193086
13649,4.888282950505539
13650,5.391347006461693
13651,7.484627013716033
13652,6.600406307569392
13653,6.626847102145973
13654,5.679381767108544
13655,6.442939848850004
13656,4.369950646716641
13657,4.100893178512067
13658,3.05328824136648
13659,4.882951631673818
13660,7.691609763844621
13661,7.577301907466935
13662,4.774693225768577
13663,4.970303400426956
13664,7.1737225257873956
13665,7.214307242052587
13666,6.791953711629967
13667,6.976709895270516
13668,7.086739046176883
13669,2.7663257269803836
13670,8.203494080672654
13671,6.496610082322628
13672,8.535267717259387
13673,7.049520079734501
13674,5.325791688065654
13675,5.912603483046379
13676,7.340162309345234
13677,8.739146114073726
13678,6.661696161027522
13679,3.5472808740149304
13680,5.19970995257819
13681,5.44885090336326
13682,5.099895590524961
13683,7.629082407505138
13684,5.642198432460758
13685,6.669833751338444
13686,5.752139595053276
13687,7.233313685561285
13688,6.848034208569748
13689,7.301750763248715
13690,7.498686794004675
13691,8.746947459807409
13692,4.405965837199236
13693,7.217091730891395
13694,5.096267128084199
13695,6.282586170387206
13696,7.7397921119667155
13697,8.120878022840913
13698,5.3543598644207115
13699,6.242834098146063
13700,5.174386015945473
13701,3.713254864187919
13702,4.593759448062386
13703,5.817134949855652
13704,3.357980996712879
13705,4.538254739163985
13706,8.376873392982839
13707,5.685244731332574
13708,7.608537517088209
13709,8.503663324206272
13710,5.461480098869147
13711,6.502376261366232
13712,5.027241191777932
13713,6.443735064928346
13714,5.01154688779857
13715,6.588790446582543
13716,6.0350989223996985
13717,2.309001109985831
13718,4.232676113929484
13719,6.9764464912512
13720,7.960245292571731
13721,8.985179776203529
13722,5.017855253062275
13723,3.4587380155113987
13724,6.866847407912223
13725,6.293428101513957
13726,1.8132771881785597
13727,6.5233084537720245
13728,4.218266100902379
13729,6.9580397393619515
13730,8.157889568460016
13731,6.7152914036004585
13732,4.181544207971102
13733,8.748912030822257
13734,2.3713448869523277
13735,5.228717486946382
13736,8.269564925326547
13737,3.2482710189305433
13738,5.357364521773387
13739,4.815414163965649
13740,9.42459434151781
13741,5.612156672126316
13742,6.742795088586799
13743,7.706650654021463
13744,5.790946984550945
13745,8.307887041006145
13746,7.177319990134823
13747,9.215403485408123
13748,5.963484787755582
13749,5.251279020332737
13750,6.204129939928012
13751,7.635597758448015
13752,5.420862106635651
13753,8.593803027135877
13754,5.344137875560694
13755,5.924627455620167
13756,5.2374876722410075
13757,6.92845358478613
13758,5.2289565884560645
13759,7.16473817488226
13760,8.548338688333263
13761,9.217773424164049
13762,4.7314919123168595
13763,6.798519492390834
13764,5.854309753697439
13765,4.108437586890311
13766,7.905501286342168
13767,4.175659570926243
13768,5.308857310521702
13769,4.276725267724243
13770,6.419642609392946
13771,1.2516173664861296
13772,7.136066722578515
13773,8.382392981575604
13774,9.126611642447402
13775,4.708789924944271
13776,3.349614824380117
13777,6.884180239685192
13778,7.639957524784275
13779,7.491105555721988
13780,7.434920269909008
13781,5.865354642088567
13782,7.544619598645532
13783,6.474631977940008
13784,9.22054380330649
13785,3.56067047590387
13786,7.148068497019318
13787,6.87654663451163
13788,5.84767232980791
13789,6.149748175972116
13790,5.253269645547703
13791,4.815147418558964
13792,7.021704054359592
13793,5.448937248227043
13794,4.922649413577938
13795,4.932918913073778
13796,5.204199430441144
13797,4.479969234495594
13798,6.338317973737164
13799,7.281006704345035
13800,4.7510700117533675
13801,3.672200934507054
13802,5.6151871999848115
13803,2.316056497556413
13804,4.169065631236387
13805,3.053827962509566
13806,8.194368589356262
13807,4.138138705723403
13808,5.397133610697925
13809,4.316653377340922
13810,6.758073341007514
13811,5.688721806677024
13812,7.136015707638004
13813,8.067491567538017
13814,8.469321675520286
13815,4.323692113083057
13816,8.35150915001073
13817,3.656358939431512
13818,6.440180835397728
13819,4.855810800341017
13820,8.294976704683082
13821,9.037124226724561
13822,6.945411914029593
13823,6.526651229484255
13824,6.272835994878201
13825,6.672371642514047
13826,5.319589736633647
13827,4.864318500973458
13828,5.995447099540903
13829,7.726502723705425
13830,3.6081672186161917
13831,7.620412245380274
13832,7.701816962158393
13833,8.196475665106915
13834,6.26973494162979
13835,2.541164492850099
13836,4.563481346450327
13837,5.656844057265238
13838,8.554488670272843
13839,5.80293443298101
13840,5.482755266066039
13841,7.933098443572953
13842,8.117673223859466
13843,8.503946401227305
13844,8.920606246446356
13845,9.622680740366313
13846,2.203625325272922
13847,6.572862144184172
13848,6.502423293300992
13849,4.857637994480047
13850,4.6769308168322565
13851,2.2813792311730947
13852,4.809033756271177
13853,9.65694349283786
13854,5.232669481054307
13855,7.150597048507795
13856,3.476366289314474
13857,7.34611725446425
13858,5.555258609437078
13859,7.616396172036972
13860,8.893369081699362
13861,5.524514549263136
13862,4.762286979976229
13863,8.9083261007506
13864,6.975377613698681
13865,5.766108430285586
13866,6.674653509495739
13867,4.13493897808088
13868,5.166530821175479
13869,8.114746954309425
13870,8.687548336351412
13871,8.983508458758324
13872,5.89706765561913
13873,9.47994183383382
13874,7.423108137228679
13875,9.094896421272447
13876,7.002931142941845
13877,6.317641611039777
13878,6.235323647230716
13879,5.803375429348384
13880,7.8765285178215905
13881,5.937025513072771
13882,5.587603593259364
13883,7.809377421368001
13884,5.936753919188749
13885,3.4739848655369623
13886,6.1110646961893185
13887,7.324636181124968
13888,8.31046498526955
13889,8.101422752018186
13890,3.1421864775850317
13891,7.241451721099286
13892,6.215782580492064
13893,9.352867393029564
13894,7.144147854166636
13895,6.516945017168538
13896,5.794951263753632
13897,6.787998305847594
13898,5.019940080870797
13899,7.369471115102257
13900,7.112590984404573
13901,6.5816251677928
13902,2.3164208162109503
13903,7.044401232749437
13904,3.124027453442872
13905,5.705299832461894
13906,5.981651028392935
13907,5.518588425168629
13908,7.265545399980796
13909,7.708290701782286
13910,6.594133736239081
13911,8.098320189780297
13912,2.682387015091602
13913,7.302722062161262
13914,0.8595411012656863
13915,5.881595584258871
13916,7.443658211051741
13917,8.041534256996684
13918,8.008881705896504
13919,7.358677281560935
13920,6.56759323032022
13921,2.7009393972594227
13922,5.361849157447046
13923,8.54157389861534
13924,7.157539774674947
13925,5.4228758012113945
13926,7.644817111957382
13927,8.356203619958894
13928,6.841456751118589
13929,6.5020349753504645
13930,6.399548944584201
13931,6.9729514638136125
13932,6.811585105234721
13933,6.3531585572823905
13934,7.249511599297428
13935,3.1188647261911577
13936,7.317295709251071
13937,4.219736129638116
13938,2.5370342230000946
13939,7.118428522977137
13940,6.6670147000791875
13941,4.436343626999195
13942,3.8187889600220393
13943,5.275035144566807
13944,6.887225798208952
13945,6.528998512140585
13946,6.403191808382059
13947,4.527481937034176
13948,8.367956779986212
13949,1.7964004428630398
13950,7.529802840600846
13951,7.0584588121606355
13952,4.536844342490407
13953,5.082397620143341
13954,8.131744227694941
13955,4.158127542227892
13956,1.9777644837334833
13957,1.8519724164075455
13958,8.185016230556782
13959,6.1932435780562285
13960,5.406509987275468
13961,7.091499098971064
13962,5.754857060901354
13963,8.234354981531876
13964,5.324217144289408
13965,4.675059222241597
13966,5.322614799831021
13967,4.574058704074223
13968,6.097252144198882
13969,5.55874623313826
13970,9.21977834200514
13971,6.10946135779428
13972,8.921860213207529
13973,5.7546257574412785
13974,1.5519245044496561
13975,6.58249871089194
13976,7.55802505440936
13977,6.396022784230099
13978,7.220522544256167
13979,6.6557127569974135
13980,8.542936779314246
13981,6.644427412869221
13982,5.041151022342002
13983,4.813973790934709
13984,3.1547091716949427
13985,7.494770216693555
13986,7.673875678461291
13987,7.45338312381529
13988,5.775952033748166
13989,6.541260322392813
13990,2.0126798308092493
13991,5.224865337273396
13992,6.970439942253007
13993,6.652925787060301
13994,3.216945740937506
13995,8.212473485716945
13996,5.961096115149307
13997,6.770413819840256
13998,7.302116363462473
13999,4.3833967292733265
14000,7.504611826294916
14001,8.90003204493996
14002,5.225705568839833
14003,8.839859299580759
14004,7.687947084924371
14005,6.928402711669181
14006,2.8775176029921092
14007,7.87880398723183
14008,6.706451638392587
14009,3.4659454376083056
14010,8.384826997488013
14011,3.369043128517873
14012,3.33442987433559
14013,6.674320662392085
14014,4.2075923857325535
14015,3.176221771980428
14016,5.449639887502779
14017,6.182476520468539
14018,5.922588781723304
14019,8.581822713518346
14020,9.034830931204928
14021,8.341657293055938
14022,7.046700862053861
14023,7.14423957702911
14024,5.016632957744781
14025,1.4049677680293748
14026,5.903947851318261
14027,8.524523122688493
14028,6.082322517688356
14029,5.9753067861943565
14030,4.755001700362277
14031,2.1328329311204683
14032,4.666443850761314
14033,5.380161788702698
14034,8.059867272616609
14035,4.191857718939877
14036,8.476231531487016
14037,7.706847198365156
14038,5.9375293760588725
14039,7.653876838022451
14040,8.317389617262526
14041,5.069601320743278
14042,5.326320906387288
14043,6.160466715376691
14044,3.0089834614560607
14045,4.118821243565061
14046,5.133303536702494
14047,4.420803247619236
14048,8.395953274017552
14049,6.400659031550077
14050,4.858104708875767
14051,7.572201336714248
14052,5.983351951228692
14053,3.388588007042803
14054,9.141960180312173
14055,7.282067844623137
14056,6.914208896693531
14057,5.1989623599650345
14058,4.926525230894731
14059,4.394261688284801
14060,1.2652931200259978
14061,4.106823181942778
14062,4.591791033667815
14063,4.372876498016347
14064,2.4351781562371198
14065,1.345740923502105
14066,9.110384688887358
14067,1.9748508155913442
14068,4.538033692777728
14069,6.296573177461741
14070,6.831850118749995
14071,4.899779505173785
14072,4.763228547258082
14073,8.234063271812683
14074,5.472358982068642
14075,4.957868868969062
14076,7.05932395443849
14077,3.701740135806384
14078,7.2202458764149675
14079,6.266749925548111
14080,3.9544792721236717
14081,7.500325757987859
14082,5.918245623106529
14083,5.170892279746868
14084,2.5698894405993724
14085,5.769027210219983
14086,5.633539712902211
14087,8.226284146210661
14088,6.247823059646786
14089,6.252590734104867
14090,2.041890833191356
14091,7.120500423784778
14092,5.762234678916438
14093,2.715974724454163
14094,4.271647883020103
14095,7.251625495829897
14096,7.57721330119396
14097,6.096781631534572
14098,7.266491944494092
14099,7.626964524680518
14100,7.347689287696394
14101,4.642419432816419
14102,4.355871679897261
14103,7.594824008343706
14104,6.412841901427132
14105,5.27603067758825
14106,5.643905190882656
14107,5.76971382838482
14108,5.154269852293481
14109,7.397425744996165
14110,4.421876488601042
14111,2.2886146538604177
14112,5.72971567309485
14113,5.010679174487815
14114,9.964530690107814
14115,6.1644133234132745
14116,6.280600967979035
14117,8.395295582196624
14118,6.916830470086882
14119,6.286106193318828
14120,6.260209348062946
14121,3.66957774731634
14122,3.8895660381128003
14123,4.832038871542409
14124,5.371940854674317
14125,7.939480256666193
14126,7.089562435625596
14127,8.222122390250309
14128,4.925306441819153
14129,3.261128656274049
14130,4.067097305458498
14131,5.820161054810514
14132,7.397752915500201
14133,9.928082607703429
14134,6.554685113676731
14135,6.13545371355613
14136,6.575240899501996
14137,6.506416811854622
14138,4.1902642375091705
14139,7.547958510083163
14140,8.756253010388459
14141,7.333428237959242
14142,6.409982584013733
14143,6.197040626713097
14144,6.284364798617482
14145,7.979065864262409
14146,4.347691195867909
14147,4.857010949876564
14148,7.8303437228006185
14149,9.588977204146815
14150,3.0333167325456354
14151,5.455608436577076
14152,3.086887758263899
14153,9.72761675014661
14154,6.396155550081309
14155,7.3691126366538455
14156,7.862729124909012
14157,5.947410231340816
14158,7.218298242082231
14159,5.334180073300444
14160,3.7905196522578954
14161,6.9753751206686125
14162,4.515295039264146
14163,5.147719392014972
14164,7.741602749507034
14165,6.321543056213098
14166,6.7993622772600055
14167,8.84916563752731
14168,7.041376816554789
14169,9.344348926630113
14170,6.319095611783144
14171,2.218788436876903
14172,4.277651090797042
14173,6.579158724587687
14174,6.490532173764134
14175,5.0204763886941155
14176,7.576053790794607
14177,8.420314962543964
14178,8.125334298235199
14179,7.00667083235025
14180,4.870977010680906
14181,8.780057872311716
14182,5.404671983488505
14183,7.484603970503733
14184,8.440181399806256
14185,5.659640470729104
14186,6.581528582173346
14187,6.186003982547041
14188,6.974502515897907
14189,7.126740516142522
14190,6.098364509029711
14191,8.302480737382053
14192,7.3295083380538175
14193,7.303828821753935
14194,6.9378114264727735
14195,4.8158776765556315
14196,6.867503979080155
14197,5.920496536075889
14198,5.492774849763078
14199,5.187552836926003
14200,7.670199729175448
14201,3.9722679765390794
14202,4.3361118106726595
14203,5.958030559708423
14204,2.88006900383564
14205,8.468797090291687
14206,4.814846929647571
14207,4.169104688585717
14208,6.157250057758994
14209,8.923343829837863
14210,9.136734256975465
14211,6.385024188077974
14212,6.820944426420684
14213,8.38415657333251
14214,7.7089387250315875
14215,2.3820279758038763
14216,6.663420732552282
14217,9.014355376935523
14218,9.135152257304266
14219,5.375338607537544
14220,8.518185879441441
14221,2.830814324512727
14222,4.693671466668916
14223,5.17056332494487
14224,5.768111585738487
14225,7.457966392778268
14226,2.1990810718720013
14227,6.145287454500238
14228,6.66829263659916
14229,6.103366946933223
14230,3.8098415088973816
14231,5.058462323467192
14232,7.220166849781464
14233,5.1585469801300405
14234,5.873100584075213
14235,3.8483714571044834
14236,3.661013186563512
14237,3.9122632553356382
14238,7.145452921858719
14239,9.090037981298744
14240,4.501694173611186
14241,8.3601164012268
14242,5.177487842032837
14243,3.7265814706053684
14244,5.379948690868165
14245,5.625349193646746
14246,7.3322519170543154
14247,5.130639612665488
14248,6.5333057983697795
14249,5.237593902442509
14250,8.909891021217224
14251,3.318185499943114
14252,3.4424673544856184
14253,9.867138767846939
14254,6.869677970842275
14255,8.139680920698405
14256,5.384473797223907
14257,4.57819334468849
14258,7.881809471236507
14259,6.115376585363724
14260,1.7127472359056317
14261,7.392712938598991
14262,5.3605421871828245
14263,1.8062682874517717
14264,9.560912782182076
14265,5.4842932923753835
14266,5.617720950714345
14267,5.500306058262937
14268,4.505160604778507
14269,7.274721288263382
14270,2.641314617033022
14271,1.744275821789223
14272,7.467758754483783
14273,7.13288638948791
14274,6.621683570647664
14275,2.0116781899938645
14276,7.6304006581155415
14277,8.281550374798243
14278,7.736415622142986
14279,7.195940519211367
14280,6.092306791227818
14281,4.8780175289350085
14282,1.9320552595594631
14283,4.7463294586261675
14284,6.695151441027658
14285,3.805656139032057
14286,4.722928713919429
14287,9.028463491191333
14288,5.1195005992905465
14289,7.875818474757406
14290,6.794186582554546
14291,5.8965039855190815
14292,5.9510933433166056
14293,7.718621642027663
14294,6.3983476842327125
14295,6.419303383308628
14296,5.970377340268141
14297,5.133199866041348
14298,4.663428991593939
14299,6.325883452833125
14300,8.29493145467597
14301,5.255765809565297
14302,6.452063491009569
14303,6.79966753444826
14304,2.1613025935672607
14305,7.096424430499837
14306,3.2373758282932052
14307,8.288766039089529
14308,3.3689306872563
14309,6.160487810940852
14310,3.6942852066608753
14311,7.748102354708002
14312,4.31272044792571
14313,7.580075658437036
14314,3.362698687279588
14315,4.409113139640432
14316,2.8128818965734443
14317,7.668444642693385
14318,6.526122869995828
14319,5.902024286973274
14320,6.381413207848768
14321,6.929651558712337
14322,6.065245195651824
14323,4.552538913736867
14324,3.821761565803086
14325,5.42736570129896
14326,9.520147517368684
14327,5.0502831031385105
14328,5.447779063738309
14329,4.537050724739181
14330,6.947779279535932
14331,7.886159232477536
14332,8.520857486391224
14333,9.130608906220559
14334,9.6160263368855
14335,6.320657796825326
14336,5.56761563761801
14337,4.333225330945208
14338,6.562113063027498
14339,7.658963512453952
14340,8.771441094912998
14341,7.039991733130631
14342,9.301112738362946
14343,7.212340984268311
14344,6.045494723230246
14345,9.647098401219734
14346,5.697054386005588
14347,5.303177660550048
14348,6.602636196555398
14349,4.207152662362869
14350,6.86430311508075
14351,4.281086857508975
14352,8.225470957199772
14353,4.591823904880911
14354,8.360064540698458
14355,6.489752474832022
14356,7.436127429921303
14357,8.306360874207959
14358,2.7781838709254147
14359,7.000479733060424
14360,7.7011463414475525
14361,8.36908964659434
14362,6.354806942497439
14363,4.804097498772422
14364,8.562803474708419
14365,2.8752782297144615
14366,5.610481992272141
14367,6.623374557014186
14368,5.189548819473886
14369,4.995728965860466
14370,7.451779581623841
14371,4.238075800335243
14372,7.472271630767588
14373,7.528835626019017
14374,6.721109261083297
14375,5.8027387485166955
14376,2.1978991702411204
14377,5.9658366007273935
14378,7.26007345865332
14379,3.8632394178777703
14380,6.714398523288465
14381,8.686672032869149
14382,9.257070476682411
14383,7.36630180965893
14384,7.116369674690568
14385,9.565429338410372
14386,8.887778639428266
14387,7.102690207476263
14388,6.979785528410685
14389,3.5422004805154135
14390,6.170387600229946
14391,7.420113715880544
14392,7.312805823198273
14393,2.4732356638787887
14394,7.877973885326359
14395,8.661030387803793
14396,5.400633210688807
14397,6.974813303558641
14398,5.138203696531364
14399,5.516780899106614
14400,1.130540631812828
14401,5.524628031122307
14402,5.987155916538588
14403,7.952129864153487
14404,5.6785195069736005
14405,9.148945662559433
14406,6.445952550040276
14407,8.101300127667072
14408,7.681092658829298
14409,6.424315859266224
14410,7.953148633640559
14411,7.678112140573797
14412,6.189154293067817
14413,3.031488299746167
14414,7.411889750406378
14415,6.886222313412308
14416,5.788108915260399
14417,5.8128422706843725
14418,3.424714894743202
14419,6.222674072275787
14420,5.136472946816017
14421,8.246391209449659
14422,1.1101874502603566
14423,4.541538944339531
14424,3.1075668863934234
14425,7.074002795180241
14426,8.187079714005925
14427,5.532096482020287
14428,6.616668507890447
14429,5.736443926978357
14430,7.45543789057053
14431,3.603805141208613
14432,3.248351487686884
14433,7.108770953986777
14434,5.318995735258433
14435,8.751689024943662
14436,7.865376761523764
14437,7.315906769623332
14438,6.80992455698729
14439,4.982003926285111
14440,5.989358134367253
14441,3.727373599283097
14442,2.819591427560706
14443,7.850679320028225
14444,5.629076796844238
14445,3.5160047466637274
14446,1.4962714628038691
14447,8.039653691308278
14448,8.19368273435148
14449,3.285220694187322
14450,2.7089395744452784
14451,6.450369476737233
14452,3.1174707147291243
14453,5.227883508373241
14454,8.30511092296986
14455,4.026919763920544
14456,7.595495229597953
14457,6.890864500799693
14458,7.114786958673267
14459,3.6503945455760904
14460,3.927543185616942
14461,8.846294754216489
14462,4.149090795901451
14463,9.675077000087043
14464,5.245590463267714
14465,6.925735363796606
14466,2.233832002279235
14467,3.6560966797723697
14468,5.408526358965792
14469,6.696788393406699
14470,8.729772801856218
14471,4.997766806992846
14472,8.780146440176038
14473,4.687360683862693
14474,5.141503075433652
14475,8.996947621549351
14476,4.142136815668291
14477,4.514517092928033
14478,6.0395535462543615
14479,8.072649523974953
14480,4.756783369922479
14481,4.631706090888781
14482,0.7414529996958775
14483,3.730845469018624
14484,4.992302655328643
14485,9.1377676389579
14486,4.962764510721577
14487,9.225023384133918
14488,7.435279208963766
14489,3.8829040267377004
14490,3.1143749670251983
14491,5.574511604068434
14492,5.749195973547777
14493,6.383151509963875
14494,3.3031311201661557
14495,1.8164971352988166
14496,1.9657632302201737
14497,3.870768705218883
14498,3.8563636665269576
14499,9.451269391733273
14500,8.176307207130789
14501,6.26922262094205
14502,6.098733005538143
14503,1.6768925408262902
14504,4.676128759606329
14505,7.386211525772023
14506,5.058512587935807
14507,7.506264911994401
14508,6.6150343121141635
14509,7.891856272670969
14510,4.623073900784512
14511,4.812515117604505
14512,6.044073877140198
14513,9.458955837331988
14514,6.024106106633222
14515,4.3353771856961085
14516,6.8350813495465035
14517,4.271660064790012
14518,3.3328172757072947
14519,6.070389464125877
14520,6.294962126093173
14521,8.182450837152622
14522,7.372984075954331
14523,2.429618387052888
14524,2.370947293210243
14525,3.254301536250902
14526,4.346823607324336
14527,6.724818296302662
14528,3.5439675638235295
14529,5.53119217603261
14530,6.924868908331016
14531,9.235628185994072
14532,6.3807666876488485
14533,8.285580659185893
14534,8.808428027086205
14535,3.373354582850436
14536,5.095106829594671
14537,8.210300178183717
14538,8.161357127755293
14539,7.053743976739261
14540,3.8364855234235966
14541,8.145294352892588
14542,7.609093466323002
14543,7.306221199016721
14544,8.25709618310032
14545,6.410779174784915
14546,3.8502493747771473
14547,4.1541664803218605
14548,4.944554999741877
14549,7.3653069133768225
14550,5.32667545299152
14551,6.02483934375783
14552,2.2843401990194394
14553,7.265956130310558
14554,7.970282129846535
14555,7.365317881269406
14556,7.0099835006073
14557,3.6907583480216326
14558,6.040478101217071
14559,5.953328589133249
14560,8.358018357940956
14561,6.72268655329919
14562,1.9886471265823005
14563,8.796982694643527
14564,6.051976524495849
14565,5.53796121615317
14566,6.766477278342984
14567,3.301805328794503
14568,3.2950037009527806
14569,6.100392546998002
14570,7.537017654557998
14571,4.107364520285825
14572,5.998119919917007
14573,8.25421743812798
14574,9.035492375457116
14575,5.488591121537572
14576,1.6332892506490606
14577,4.410361341374103
14578,6.0180052457871644
14579,4.401052787425162
14580,7.438829437795954
14581,0.9221016127365602
14582,3.451942288015645
14583,4.816160531228534
14584,4.770042992836708
14585,6.754653616229411
14586,5.179410668699285
14587,7.220165418642019
14588,4.032805428306567
14589,5.827371204684733
14590,8.773652523284671
14591,4.474790648790161
14592,5.464691746532265
14593,3.8654082345876377
14594,8.604984325725123
14595,2.1971336089557907
14596,2.5069249174959527
14597,8.001655774328654
14598,3.3751581781660347
14599,8.70357770781534
14600,4.507393188048449
14601,5.783393710091852
14602,7.015461197897037
14603,6.809889843479018
14604,6.088566778086192
14605,6.4226417154341
14606,8.697278569445583
14607,8.255869791021063
14608,5.70611241667996
14609,7.584076509906487
14610,4.471791927539659
14611,8.226675578194675
14612,7.625963451545099
14613,6.509458061422979
14614,4.424072799862525
14615,7.548496727425689
14616,3.980376670828554
14617,6.266784784732167
14618,6.610891756840343
14619,4.387915218458699
14620,4.560633389299494
14621,4.779499044081304
14622,7.477081979042294
14623,9.474991773620074
14624,6.160829690889981
14625,8.38556743419647
14626,1.982154010319761
14627,7.631367990611156
14628,7.386364734481887
14629,6.410164241834954
14630,5.642152402899352
14631,7.916998170583489
14632,3.4693816005529663
14633,4.608933915720745
14634,4.774229431055484
14635,5.54841784170325
14636,5.766600418101023
14637,3.2020067758885973
14638,6.031684453862196
14639,6.555222465291988
14640,4.999515564607263
14641,5.638707813674032
14642,4.80155943592542
14643,5.579818522568062
14644,7.623181506554249
14645,1.0774097493239838
14646,5.554939699603584
14647,3.810888662612284
14648,7.58664077131277
14649,1.6562217668083716
14650,7.5825449092926975
14651,6.197355913864093
14652,5.872695115356048
14653,2.5988656308706597
14654,4.293534573554876
14655,4.642187043820345
14656,6.32095275899842
14657,6.177849548585333
14658,5.464214977556238
14659,8.405914176775976
14660,9.35838675594691
14661,4.426036340223111
14662,3.520076454548151
14663,6.747265051961021
14664,8.87746680481191
14665,7.614272862623614
14666,7.885795510856789
14667,2.654310051511872
14668,8.462793000023169
14669,7.828705732872979
14670,4.68499954594356
14671,8.417989957605505
14672,8.899771122028419
14673,6.820421005040394
14674,5.934538850116327
14675,6.963738112425322
14676,4.330211580149746
14677,7.423909426827334
14678,1.2877159344471991
14679,6.785399106337106
14680,6.6325717686225065
14681,6.0916718956670906
14682,4.882570742646669
14683,5.32470007250418
14684,3.730000103250505
14685,6.121280988353363
14686,5.426106133466281
14687,8.284370566339527
14688,9.709754368736203
14689,4.752834126275546
14690,4.572131866623601
14691,4.258224132763298
14692,6.067969770100117
14693,5.305230166638548
14694,4.699897820135756
14695,8.273958143208672
14696,4.033758756380491
14697,2.960080013132828
14698,8.664391776598727
14699,4.067477239462086
14700,5.157101961549815
14701,5.832734711561772
14702,6.971569830624426
14703,3.7707466182166094
14704,4.7906575250821755
14705,2.3649456503706694
14706,3.184702711531284
14707,2.312805605246205
14708,5.867280454389441
14709,3.7418743210910472
14710,4.572318294202611
14711,8.045435421965928
14712,5.187151913066073
14713,5.881279998455354
14714,6.176986321969752
14715,5.048575391357686
14716,7.275863308532482
14717,4.484054283160821
14718,3.2681447425972774
14719,5.876754545289445
14720,7.096133385642853
14721,6.246047936040047
14722,7.788435100369102
14723,4.321134825288657
14724,9.25379881040363
14725,6.031614391333097
14726,7.882059457197224
14727,8.501462191843236
14728,6.712138878725454
14729,2.551207977176087
14730,4.778797439091642
14731,5.609661189707582
14732,3.3096457054194848
14733,5.146854832683462
14734,3.513850974877905
14735,1.9760403001459328
14736,7.393308544934642
14737,7.994568809631444
14738,4.060069419092952
14739,6.227943632814711
14740,3.163363642918538
14741,6.731146700331841
14742,8.205935889017162
14743,0.6551640208645872
14744,6.015798788948127
14745,7.1357054539073435
14746,5.330199480675461
14747,9.123619183660942
14748,7.009992393628623
14749,5.89836591990731
14750,8.674063948359745
14751,4.238783255534714
14752,8.573163878615135
14753,4.674483301872096
14754,6.9365461337509515
14755,5.0513821120986115
14756,4.837917981669563
14757,5.4268205888722285
14758,8.082802669330517
14759,4.4617813090515215
14760,7.133977355367829
14761,7.001067642038053
14762,3.1973014521308647
14763,7.976966922129918
14764,7.409033976721199
14765,2.9713266700994376
14766,1.6615371585040448
14767,5.184759956109847
14768,5.5631503482787075
14769,3.669488342152267
14770,7.50903185987814
14771,3.4112563810967815
14772,5.103868724892305
14773,5.814574708067045
14774,4.946486342106844
14775,6.061370793636811
14776,9.006359677517443
14777,5.855588106972927
14778,4.6109627016414265
14779,7.496903591976509
14780,4.81594674885144
14781,6.654208713049687
14782,7.467151154228549
14783,6.860784254512752
14784,6.278752449453554
14785,7.676644004972445
14786,7.993745606659411
14787,6.307107478021955
14788,3.930517260676492
14789,6.113468623310275
14790,7.227426978701825
14791,7.44082692877445
14792,6.158027822909129
14793,2.004161907933039
14794,2.387696400209872
14795,8.482949790765112
14796,8.065401552362383
14797,7.60981271257847
14798,5.424005887774615
14799,4.84420870042298
14800,8.379421766587905
14801,3.1609999109628815
14802,2.0041279475105775
14803,8.630339432141033
14804,5.249751038191437
14805,8.333007595503448
14806,7.132529829112152
14807,3.9865179841724636
14808,8.538059956986556
14809,5.973843229010335
14810,6.9113613582953075
14811,7.232772436020393
14812,7.909965926585688
14813,2.228224574294228
14814,4.725644603713848
14815,6.429630183535412
14816,5.168227741576848
14817,2.315357146352476
14818,4.402656008472162
14819,4.918017722246038
14820,7.790047613511064
14821,4.556412948021439
14822,8.035437797001043
14823,5.468747632775084
14824,4.983293279281704
14825,5.040997875244524
14826,4.36047630648691
14827,5.801939520749881
14828,5.200651538905141
14829,7.6042095279625785
14830,4.663943174080289
14831,7.777482461446696
14832,5.659643213116129
14833,8.072605565761348
14834,4.081912315000322
14835,7.513268645857455
14836,6.069112738899466
14837,6.025086097363974
14838,5.140662513838898
14839,4.435112758147345
14840,4.564536014973882
14841,4.304837268299144
14842,7.964812800950972
14843,6.462016701202884
14844,2.1994377441398716
14845,6.996478387181307
14846,8.423680107681243
14847,5.826149164945803
14848,5.6780430941525175
14849,5.454924595511782
14850,6.0362183652052765
14851,8.692025045438132
14852,2.1583410535968857
14853,7.110245704501731
14854,8.12724376615745
14855,2.8669709949371276
14856,5.742685933615459
14857,4.148738292372688
14858,4.854883983913881
14859,3.7614687626193115
14860,2.3671179522925807
14861,6.665702982755829
14862,1.2697468922411557
14863,7.605163538315586
14864,6.438673045294014
14865,7.23524318113024
14866,6.922166656715149
14867,4.350382492628825
14868,6.035879204153162
14869,3.2939776686649123
14870,3.890286240635537
14871,6.841468672071079
14872,5.245627929142627
14873,6.76715631510902
14874,6.826824576121499
14875,2.5211142045425055
14876,3.7292050391033644
14877,5.974278721360848
14878,6.77958758043059
14879,8.813132859552839
14880,2.0199389824002942
14881,6.5989119292686755
14882,5.180766981911301
14883,7.153789180100381
14884,4.10381941257151
14885,4.704785543229496
14886,6.387921154417083
14887,4.989692482187259
14888,7.48401380031254
14889,8.052345613498726
14890,2.9014686494470174
14891,7.19771765528211
14892,4.804050738817072
14893,5.202865584534197
14894,4.934281032819221
14895,7.902321191775896
14896,3.2406529778621733
14897,5.636419712869019
14898,4.583376110457774
14899,4.438537653827437
14900,4.15364412040924
14901,9.535537847031383
14902,7.074941534844737
14903,6.767174694859853
14904,6.814112717495107
14905,5.022885013304269
14906,8.437730877979769
14907,4.717421907383963
14908,6.078107016588302
14909,6.536573769640336
14910,5.249990218627877
14911,7.222038862071765
14912,4.79853193408318
14913,8.660440078484642
14914,5.921393446717296
14915,7.5151226901659225
14916,5.663250709490186
14917,6.803388247985568
14918,1.9402258588461865
14919,4.846076700150384
14920,4.832353494460848
14921,1.3563288940070415
14922,6.165586309730107
14923,6.152007333160556
14924,6.295081613611097
14925,6.908569098716387
14926,3.145225431553092
14927,4.235534371902562
14928,6.5304939303083955
14929,7.400328175798942
14930,4.351582456166479
14931,7.375718946517604
14932,5.599977884793219
14933,9.563397836297801
14934,8.47062968318992
14935,4.693088834006656
14936,7.834620709846492
14937,5.734390631935706
14938,4.862164478394468
14939,8.427609813826642
14940,8.150662429810875
14941,7.309596113250237
14942,7.692298231065922
14943,8.432512596828293
14944,2.879444764702401
14945,9.3639916297658
14946,8.172399388025894
14947,5.595940713889581
14948,5.5156899550324185
14949,4.997582253095395
14950,9.459567209619594
14951,6.568991968765784
14952,7.228683525314723
14953,5.988767913813307
14954,4.266665140499135
14955,4.174288627723093
14956,7.1843971526817585
14957,7.570413352238074
14958,7.5593157392495165
14959,5.906600277989114
14960,3.3708549446316343
14961,6.215075011802462
14962,5.06364254361189
14963,6.9674055971801305
14964,6.36684677854406
14965,2.839974792152735
14966,5.704123775247494
14967,6.076522908745785
14968,3.6609862737593972
14969,8.611611326408328
14970,5.686402388368157
14971,9.49693172122615
14972,7.313383803775053
14973,4.669086488740685
14974,5.920132789770986
14975,9.440096994666396
14976,5.475161550626002
14977,6.161667639683094
14978,5.784986192744741
14979,7.969200503872123
14980,3.963145981234295
14981,4.049216391516598
14982,6.623380335347719
14983,7.036361767124286
14984,6.979676479654877
14985,5.501891538959979
14986,4.768216305083734
14987,6.7143664325597605
14988,2.2707715383614806
14989,9.32167056113416
14990,4.252665117316125
14991,8.416720235424275
14992,4.471892134393362
14993,5.260644352248653
14994,3.7860049560577553
14995,7.761161081566062
14996,9.136582963585171
14997,6.477059699424003
14998,7.338093723374516
14999,6.157512853433432
15000,5.14574075439999
15001,4.615183463241294
15002,6.92646938944624
15003,4.594515310858769
15004,8.920506194044219
15005,7.898656460094625
15006,7.325623032297503
15007,3.326216762890841
15008,6.025441252369404
15009,5.264507468263656
15010,0.22509997748105487
15011,7.014643560476351
15012,6.040935619571703
15013,5.1860175754677655
15014,8.55805447177092
15015,8.161100737368916
15016,6.4350997517314426
15017,2.4446880940614717
15018,6.792479855896901
15019,3.550136840842345
15020,3.5607760024319086
15021,8.640145700587928
15022,7.278267620103077
15023,4.357329789544381
15024,7.619409523837229
15025,6.745282751618264
15026,5.941494511477291
15027,7.739382754483328
15028,8.061704827999044
15029,5.428518187940231
15030,8.8975183618765
15031,7.015238722077976
15032,7.361568090995958
15033,4.785044186116954
15034,5.624868068664149
15035,5.278873828436196
15036,5.931896717575834
15037,4.3805413973494485
15038,8.872390145017558
15039,5.322425844080695
15040,7.225109557322845
15041,5.603126865617919
15042,7.375597461181673
15043,8.319105809576707
15044,5.097110489215852
15045,6.896092278258953
15046,5.0825027440774
15047,5.655814662497395
15048,2.8638826977864325
15049,1.0331952648900757
15050,8.620372265013312
15051,4.845123825177875
15052,6.322098796031403
15053,5.382774395096393
15054,9.325247948825169
15055,9.179598369475897
15056,5.803788332957045
15057,5.34550952910166
15058,6.8554979127610425
15059,5.702896415025168
15060,7.995450596027126
15061,3.999658936153989
15062,6.4932381860171
15063,8.392717737712042
15064,5.587612525543944
15065,7.697647610140804
15066,5.798282662117491
15067,8.56559263914103
15068,6.6004039633739335
15069,6.374743596680384
15070,7.586044463093031
15071,6.134423938288753
15072,6.942955996590158
15073,6.844042576082384
15074,4.726345767271623
15075,6.203879094667975
15076,7.766927610711215
15077,7.209020350965886
15078,7.128361337116712
15079,7.725893595775196
15080,5.887432167119288
15081,6.7742868397604745
15082,7.507550067140285
15083,6.171378734962009
15084,2.27773533852196
15085,4.120777394040215
15086,5.5176372872806105
15087,5.008618824500656
15088,7.9668573527649595
15089,6.838010453738587
15090,7.436534614073787
15091,3.2406395696840566
15092,6.533605556873275
15093,3.028588572909888
15094,3.967275046947455
15095,5.461891833689142
15096,7.404262221470278
15097,5.895955656796394
15098,7.030644625727398
15099,5.849846371738863
15100,6.080121990186342
15101,7.020633495327202
15102,8.173941408790839
15103,6.329946912733279
15104,4.927505137863202
15105,2.3659305412778355
15106,3.949564190402442
15107,6.617397414097375
15108,7.576881210398462
15109,4.465686374494837
15110,4.628797334609898
15111,6.566049858570637
15112,3.375183011586658
15113,5.517570663064799
15114,6.230346390057256
15115,3.9120054377747375
15116,4.859838114502262
15117,6.186704825837062
15118,4.36862417828692
15119,8.795324072055031
15120,7.728342281799777
15121,5.608340737661521
15122,9.048243327409793
15123,4.283431317823449
15124,6.293508259392178
15125,9.613601982698851
15126,8.429127187827017
15127,6.8729663175022075
15128,6.992420536747215
15129,8.117874171507166
15130,7.3736038440258485
15131,9.833731645503162
15132,4.841990579141934
15133,4.1847294705932585
15134,7.344643893557437
15135,6.573990965524683
15136,6.000472261678075
15137,6.9066302086318965
15138,6.426559574727772
15139,4.7044801018902875
15140,1.3483170605204677
15141,8.763804161023645
15142,6.389311212598268
15143,5.036729304322305
15144,7.060388540609501
15145,3.360331518747007
15146,3.272999684324029
15147,7.549717440195801
15148,7.985625876382071
15149,4.368476235509807
15150,4.033976112585789
15151,6.363343367136039
15152,6.493576237101903
15153,3.899278504540293
15154,6.365305771638862
15155,7.988783348516375
15156,5.352316156120527
15157,4.9303500287545985
15158,6.410331076795343
15159,5.97023309968106
15160,3.951067002162695
15161,3.1905234765506445
15162,8.361612508411216
15163,2.094053104460707
15164,3.170408902350436
15165,5.227554718062587
15166,4.093177068442125
15167,4.623720151324596
15168,8.298660501039292
15169,4.723138742364115
15170,3.828777575012135
15171,5.766725590299254
15172,8.920687324914903
15173,5.706252132103369
15174,8.348398421436153
15175,6.962683414350068
15176,4.87407660650584
15177,4.950207810604702
15178,8.521179003852643
15179,3.8104439465281206
15180,8.569380311091702
15181,6.192468143835695
15182,4.40730763701331
15183,9.034178727195897
15184,2.817026034417716
15185,7.252852740707041
15186,4.419319536170049
15187,5.462779867545517
15188,5.335529128633072
15189,6.034603970139953
15190,7.894565341958744
15191,8.835392115945663
15192,3.3535120158082776
15193,5.0406147958292244
15194,5.510018330605488
15195,7.120060133324437
15196,2.5217033764336034
15197,7.007078630662034
15198,5.483543993905705
15199,6.639669061173517
15200,9.558990841487656
15201,6.045578157171222
15202,2.354963829155306
15203,3.845576266266626
15204,4.823030236024797
15205,5.925576385836893
15206,4.715865012186153
15207,7.481219811327778
15208,2.6701405254821946
15209,6.600556602259799
15210,3.9597697517732118
15211,4.445763210643491
15212,7.024020687926706
15213,7.066311422165751
15214,8.451294375148766
15215,7.739851968606054
15216,3.907166231913764
15217,3.801980420063577
15218,4.644515383250346
15219,3.6863936019679953
15220,5.907498426908201
15221,8.659126419419172
15222,6.938223057552242
15223,5.29024125148943
15224,6.155070743268823
15225,3.6201245740749
15226,4.3531490384235125
15227,7.406026292012322
15228,4.937664083098479
15229,9.083595159829375
15230,2.8846179559122915
15231,9.179246229751277
15232,3.576366121297737
15233,2.133547732733044
15234,5.509117513958736
15235,6.942551922258109
15236,6.96347353900283
15237,7.196259210296089
15238,3.755531614032225
15239,7.0578618100844075
15240,8.358937996766432
15241,3.109403799159715
15242,3.830146772667406
15243,3.4182367094061767
15244,4.939546415979988
15245,7.238192602069876
15246,8.025237019735718
15247,5.346541663639304
15248,4.9626202744725285
15249,5.759567726939894
15250,8.837269865138401
15251,8.730071102744633
15252,6.11150086914121
15253,8.80055369396997
15254,6.140440916025678
15255,3.4761486036328524
15256,3.026297473766522
15257,3.1165583812188524
15258,5.32114139533516
15259,6.625930119227827
15260,6.507097046677658
15261,5.811450055526447
15262,6.077633022274026
15263,6.058708406600184
15264,6.929720870078038
15265,2.7342482562578554
15266,5.476562901656396
15267,3.0716770686977775
15268,5.863372101070262
15269,7.224126592832031
15270,7.015689960666023
15271,2.858073918985961
15272,7.726695749359403
15273,5.674808774263208
15274,2.16338782994775
15275,9.106440331384734
15276,3.9525926084643705
15277,6.74674137009691
15278,6.202531274407461
15279,3.966685893779056
15280,6.671393242476102
15281,8.119470938607957
15282,8.09539671669699
15283,5.460241539604096
15284,7.30767741324424
15285,6.598643364969899
15286,4.430282200897075
15287,5.333385870574315
15288,7.947615873954329
15289,6.408578073651386
15290,5.392835860828365
15291,4.050278875396432
15292,3.8914722099039336
15293,1.7671044988358295
15294,6.802280986613462
15295,6.651611058932062
15296,4.990557218652916
15297,8.088231859310932
15298,2.153067817101099
15299,6.838184027637052
15300,6.249104190675006
15301,9.587166931395632
15302,5.789771745939609
15303,7.523308252282677
15304,6.718632959738336
15305,7.631721033109351
15306,7.0844652868650435
15307,9.455542201047825
15308,5.877076346932166
15309,3.008788174763507
15310,6.763457219013416
15311,4.900455691766876
15312,7.171252233861543
15313,7.958205947753132
15314,6.991312908395447
15315,5.050619872763486
15316,7.185446618724619
15317,4.9472808785440625
15318,3.7910067523951994
15319,5.48288734278417
15320,6.124791956043807
15321,7.430793986751489
15322,4.864389779907515
15323,7.2013653212468975
15324,9.153858200307223
15325,1.3219419343877266
15326,7.629613601851217
15327,6.621684740457326
15328,6.157886615206499
15329,8.41789175198582
15330,4.434765172905843
15331,8.974710425956529
15332,5.019974929951902
15333,5.148490501864665
15334,4.727034781539854
15335,6.310013804138871
15336,6.549756568566019
15337,6.444976909400383
15338,5.86120033325684
15339,5.993173164979321
15340,3.275112303696382
15341,5.425177285477984
15342,4.88110470995313
15343,4.145124244469511
15344,5.311644731687986
15345,5.410784064117642
15346,6.595792032864924
15347,5.069582081099082
15348,5.251797650682271
15349,7.086833948354159
15350,7.1507397400319945
15351,6.721537788023479
15352,3.4409033329323413
15353,5.197247957093362
15354,2.2708795274908704
15355,8.49663646475456
15356,5.168610613428985
15357,6.135324891825157
15358,8.05372212531779
15359,7.27057061932076
15360,6.416124609087449
15361,5.934880944622169
15362,4.752759844701518
15363,1.205050730550758
15364,5.636970519966184
15365,6.244142673025102
15366,4.61683822820791
15367,7.887332573265665
15368,5.228540159709054
15369,5.023758057804112
15370,2.2899213265774336
15371,4.355869166277629
15372,4.174658490891704
15373,3.212438898609515
15374,1.8375906584483364
15375,8.306848323275949
15376,8.132120285007131
15377,5.489298463371215
15378,4.653185900454431
15379,5.621804560349181
15380,7.766881567836884
15381,7.10142464679725
15382,7.355727614000264
15383,3.9503306127631967
15384,3.51338530088883
15385,5.745940562338129
15386,8.789428341509664
15387,0.448390148158644
15388,6.620237583934502
15389,9.302944593954647
15390,4.4222714168878134
15391,6.331821837095649
15392,2.9325301607066034
15393,4.660663054025768
15394,5.2304728372618525
15395,6.610980497280806
15396,5.157757442525462
15397,6.753199721662211
15398,2.735979537668269
15399,3.114567046494988
15400,6.370216940959621
15401,3.046857445540631
15402,6.404450520605203
15403,7.151589053254901
15404,7.876491335328571
15405,9.419294291375168
15406,6.397707034713918
15407,6.125443912100585
15408,3.769991464875902
15409,4.887609394361212
15410,5.437448870384607
15411,7.589282262909435
15412,6.2398514682491415
15413,7.686994443645323
15414,3.4692630698499545
15415,3.999587088294884
15416,5.6816440331861555
15417,8.928778454315925
15418,5.60669400691587
15419,6.452003018263812
15420,5.175691263406872
15421,9.687391702558978
15422,2.26840475034884
15423,3.993532242371844
15424,8.159531942375443
15425,1.2686830802870477
15426,7.1318521271306
15427,7.50503068575352
15428,7.493936229241087
15429,7.572255348675982
15430,6.259891979923086
15431,3.6838763926723
15432,6.788275512495861
15433,5.351136732494416
15434,5.910067040265244
15435,3.570781090568499
15436,5.659385594899414
15437,4.626470336396343
15438,7.658500727358619
15439,7.621839999917214
15440,4.8370227701198205
15441,7.832155880899636
15442,6.892220789654453
15443,7.05639111594115
15444,7.064401960859222
15445,5.8288906978765125
15446,3.6830617610303786
15447,5.459303287255917
15448,3.5269726298245256
15449,7.885555570372144
15450,4.418489070381367
15451,1.4550339536602246
15452,5.25533622512615
15453,5.964663074267196
15454,4.153737566289492
15455,7.5745845418811895
15456,6.269125455476612
15457,9.306648583001579
15458,4.580868939034086
15459,6.590169993314442
15460,5.206452964507452
15461,8.973411167656494
15462,1.243781952751391
15463,7.384772027495075
15464,6.113414093502522
15465,8.315421214303635
15466,6.09407168947831
15467,9.171105599102159
15468,5.655336965566856
15469,5.482372175830248
15470,3.9852956384547293
15471,3.5982114497670725
15472,8.42494320167588
15473,6.771614746443929
15474,8.152589949127782
15475,4.005802564142767
15476,5.924306305249885
15477,4.33874409437964
15478,6.626121393414656
15479,4.92506720736492
15480,7.9182129996126855
15481,7.674527355246979
15482,6.466364034669055
15483,1.6852737791932602
15484,9.720475814510156
15485,5.8563125280568675
15486,6.671462781150621
15487,5.152740101561431
15488,9.340958813526413
15489,8.365596139913414
15490,2.5947596832129287
15491,4.3989184440769495
15492,4.397504113973368
15493,4.437503645187471
15494,4.126895575825712
15495,5.020480157280538
15496,8.699239600305418
15497,4.2186210019038315
15498,3.9492095164570604
15499,6.705136595100694
15500,7.199908049278655
15501,5.051546060099904
15502,7.940816403945197
15503,6.920522118203715
15504,6.914920719318039
15505,5.192216112709556
15506,8.250523459906018
15507,3.9443718792798657
15508,7.711422562333614
15509,4.3750770184641175
15510,6.2276524455711115
15511,5.693780229482356
15512,3.1754155487774596
15513,5.1408414608054205
15514,7.061709796501055
15515,8.29049259381865
15516,4.230530349847976
15517,5.456738347836211
15518,6.968608286703744
15519,8.121643829542615
15520,2.7732979683620536
15521,3.782442128276551
15522,4.182324999351318
15523,2.482673824837179
15524,3.9509090062968437
15525,8.096248407930592
15526,4.472038926646364
15527,6.941417087832211
15528,1.9768078842428083
15529,5.97437973882364
15530,3.2559579765197157
15531,4.7166955465987055
15532,2.609409028007349
15533,7.965124754617931
15534,8.297518905518398
15535,6.47166158973885
15536,4.819177881353946
15537,5.992701266784923
15538,6.191863614348902
15539,5.0354860540160615
15540,8.656263046018331
15541,6.873716789625499
15542,5.434052446184732
15543,6.90442684811757
15544,3.47505412202305
15545,4.278821083432181
15546,4.045518511803462
15547,5.116006902183767
15548,7.4840062172239605
15549,3.985587450763352
15550,7.431752160887752
15551,8.052529613200212
15552,5.289122807873864
15553,4.280661774487212
15554,8.302255729434274
15555,5.858479068797515
15556,4.291445241339063
15557,3.840129618899874
15558,2.0043250033917563
15559,6.205862788423121
15560,9.406359604150708
15561,8.11851297931649
15562,7.418622393453436
15563,6.032314899016137
15564,7.826496302717374
15565,5.2312082904441075
15566,6.248301837616921
15567,9.128957724566899
15568,6.121812222452828
15569,4.0635304806790185
15570,8.800628424065145
15571,5.705959616337628
15572,3.873761104028079
15573,6.527605593373657
15574,6.000382572562592
15575,3.0839361239378564
15576,3.2735012671372123
15577,8.715442718674604
15578,6.323015184469731
15579,5.9467814190694535
15580,3.215202796259222
15581,5.463940946159097
15582,3.523817349038687
15583,3.5274821469550486
15584,2.7081941674385517
15585,2.091479783923624
15586,6.703008648727771
15587,4.140218993126693
15588,8.046031052008844
15589,7.081073563403288
15590,7.266224533129795
15591,2.162474248793915
15592,5.745293344355762
15593,3.495047433885443
15594,7.545977341815043
15595,7.531543279504346
15596,7.418111212491452
15597,7.8871520042543874
15598,8.56046049754432
15599,7.511143859333171
15600,5.831166627451755
15601,5.783912267685243
15602,4.803357342944249
15603,7.337631824238398
15604,7.381857002819241
15605,3.7141463576321976
15606,7.508203446528912
15607,0.9137740672053559
15608,8.372882869456964
15609,8.387718298679939
15610,5.494169783296002
15611,3.1403701852312826
15612,5.691600759037392
15613,5.007760361115701
15614,4.942270890264014
15615,7.8402636986497996
15616,5.713142045525792
15617,3.900275967242359
15618,5.045091796604839
15619,4.425404703979747
15620,5.346852387570045
15621,4.549919398247291
15622,8.187257965622035
15623,2.5284217858845155
15624,5.17393707869517
15625,6.314914840704265
15626,2.4413217331895662
15627,4.620078472587344
15628,8.776434438029703
15629,5.639804777485027
15630,4.550536538559801
15631,4.241110609530378
15632,3.0230494037309983
15633,2.833501853240596
15634,7.57579696616877
15635,4.206507165115917
15636,4.49280760941693
15637,1.5205645323407366
15638,5.4137759817776585
15639,6.539258611037407
15640,6.620839258717265
15641,7.649341609422125
15642,6.502814369113012
15643,5.665909134270719
15644,6.972890882450913
15645,5.473759539497982
15646,3.1170540131377886
15647,4.757459144527348
15648,4.161346654233539
15649,4.886171677647759
15650,7.688977096131035
15651,5.768090117125268
15652,4.72163479061764
15653,8.055181928829295
15654,3.0025479699441866
15655,7.4809524435185315
15656,4.265079094099465
15657,6.244106835440793
15658,4.169721320908855
15659,7.1027662028302885
15660,6.185575829913008
15661,7.888093118838933
15662,4.072466008007972
15663,5.294402192056637
15664,8.684763762655528
15665,8.44759654774471
15666,2.7506189254492517
15667,6.626642589694779
15668,6.376797525205612
15669,7.225931407124514
15670,1.874249334154538
15671,6.469146024310637
15672,6.48899705542343
15673,6.65060445637572
15674,5.868590014318698
15675,8.390592488864698
15676,8.549588508612217
15677,4.545337081830233
15678,7.718297431613167
15679,4.955876696926728
15680,6.38217780463939
15681,6.280403398607638
15682,4.242390022936116
15683,8.886575345877043
15684,4.546817255655704
15685,3.137019866351075
15686,8.047557126341722
15687,1.455621171563429
15688,9.408800919495928
15689,6.760046312866372
15690,6.073590625154765
15691,5.872547615832459
15692,7.444642805642263
15693,6.93008411282671
15694,4.861881703915921
15695,4.477345990580336
15696,4.110652796925536
15697,8.5486743733897
15698,3.626808486883389
15699,6.6579616057343225
15700,4.259743281505851
15701,6.079706283136485
15702,9.144509742751458
15703,5.925823800706278
15704,4.0506716181977165
15705,4.246828147011072
15706,4.491340745974355
15707,5.882068426292589
15708,1.920443784943379
15709,5.97344298083675
15710,6.09651460384886
15711,6.649960859802172
15712,5.362645334308557
15713,6.567952456769411
15714,4.028851977947218
15715,2.3494909185823456
15716,6.30113572307318
15717,8.788462210651641
15718,4.183163148525985
15719,4.811637617099597
15720,6.659138071259668
15721,6.423326947727508
15722,6.674882981960147
15723,8.721467147985091
15724,2.775230635593287
15725,4.996692681853873
15726,6.219410430532214
15727,4.618405629184959
15728,6.395083581551354
15729,9.752057617969209
15730,6.720216764481551
15731,6.024894212638319
15732,4.406944858630202
15733,5.105308934378048
15734,2.1547088867465796
15735,2.9565692395959395
15736,5.411391388324493
15737,4.9151322860780216
15738,4.388004567881606
15739,5.370424783259074
15740,3.378600229470833
15741,1.4109698049929849
15742,8.366358211725935
15743,4.520181758078226
15744,6.430368640565989
15745,5.344224311136147
15746,2.3809179631535367
15747,6.934853848155658
15748,5.033240359831823
15749,7.001715893683467
15750,6.621025255600588
15751,3.6436123658249624
15752,6.124429394179202
15753,7.776475565136105
15754,5.079425944927062
15755,4.708077003831709
15756,3.3094786477366256
15757,4.217499492770357
15758,4.7026048755662835
15759,8.340107432285638
15760,4.069673982931753
15761,7.07458841009931
15762,3.3647900287343457
15763,2.8303442459038557
15764,3.7098192102596514
15765,4.6298508826354325
15766,5.122733308530164
15767,3.671767352027467
15768,9.224076922624544
15769,4.601666696080994
15770,5.199856186804603
15771,4.831888388530529
15772,5.240004940245506
15773,8.345962715028092
15774,3.536793239268601
15775,4.0107673305986955
15776,7.760733858803391
15777,5.984907806032152
15778,6.7629953353795065
15779,3.4484883560216026
15780,6.531329589899823
15781,8.806583004995744
15782,3.790716469925884
15783,7.399515765907867
15784,4.181773560848175
15785,8.453468450584074
15786,4.204673773336101
15787,5.743523229333666
15788,7.209490484449104
15789,8.167145507486419
15790,3.8702080701196397
15791,5.112688245194791
15792,4.314146507325084
15793,6.586267885970549
15794,6.355427218265446
15795,5.89830378787658
15796,5.600633709248758
15797,9.818295082546808
15798,7.069560127905299
15799,6.090293343350333
15800,6.995000535099119
15801,5.019729381074332
15802,6.885512579074017
15803,2.8393001578516235
15804,7.52212853031298
15805,3.5783467595463714
15806,5.103047445178895
15807,7.421043863092196
15808,5.924155499489543
15809,8.364981540678478
15810,1.5585751373011087
15811,2.606471354390413
15812,6.01280024979542
15813,7.809867904549639
15814,4.752483486767233
15815,4.848918456797896
15816,4.199819985883425
15817,6.267203202482353
15818,5.702517012888372
15819,5.170432902579548
15820,8.922137040861307
15821,5.357973967531962
15822,5.796981176340129
15823,4.823233049419742
15824,6.661485653779933
15825,7.75954179191258
15826,5.87629389802656
15827,5.309049220313019
15828,5.375076534301684
15829,7.1796806806517335
15830,5.788477564254488
15831,8.798338135452056
15832,3.5724904417081644
15833,5.6480024521335235
15834,8.031545216233829
15835,6.4532128457709845
15836,6.925263897501387
15837,5.391114217754372
15838,4.32304566483163
15839,6.948871819202453
15840,7.11889701060613
15841,4.308809447155572
15842,5.554954246076699
15843,3.825249777255165
15844,6.1491078324036135
15845,6.639169860800058
15846,1.3840386432380207
15847,1.7280606859714143
15848,2.340159423376657
15849,7.757210976188238
15850,9.59020509809529
15851,4.518864475330402
15852,6.574156409103675
15853,6.529075183950965
15854,6.450604279867045
15855,6.520697828274462
15856,7.734992928820438
15857,8.47560323320477
15858,8.909500944745476
15859,3.233388680039691
15860,4.670263074348906
15861,6.267854052516944
15862,8.403192562033666
15863,8.45959243399206
15864,8.849315821669633
15865,7.521172720785441
15866,7.877404118988241
15867,7.082801806992004
15868,5.668406314944264
15869,4.465784227714112
15870,3.9707813519986463
15871,8.52802087336681
15872,4.741193375928525
15873,4.614260320640195
15874,1.237533821096451
15875,7.343810038648952
15876,9.607179960612743
15877,3.1920744862046164
15878,6.528725023047559
15879,7.135212129975136
15880,7.031417588310823
15881,6.57101279787014
15882,7.036433369227542
15883,7.714418431452197
15884,6.686550064006345
15885,5.463470150534518
15886,5.948241525680334
15887,9.416380286835086
15888,5.232551294283791
15889,3.415572831726523
15890,5.851338776774236
15891,5.500596943883257
15892,7.577205133657556
15893,5.863018068458014
15894,3.6362371972831085
15895,9.437980587380025
15896,4.646407693149004
15897,3.4140672340566955
15898,5.692304813347033
15899,8.524118406771485
15900,3.0080620700276537
15901,7.280052619139785
15902,6.332616647923292
15903,7.207224994723917
15904,4.812172373024723
15905,5.070451647164172
15906,9.350003929952903
15907,7.6858475114439235
15908,6.150227332798556
15909,9.165100897122015
15910,4.495295976929007
15911,7.4580831081991095
15912,5.665464221274033
15913,2.969938967880048
15914,5.157845524738996
15915,5.505125078846257
15916,8.107501482319934
15917,7.638549326007956
15918,6.784202158241552
15919,7.535832073907647
15920,5.93969657396986
15921,6.545657479397969
15922,6.459100940127067
15923,3.4418545340636326
15924,2.600859226752531
15925,7.198620194947329
15926,4.106995324405304
15927,7.223359825167652
15928,3.444659009427619
15929,3.494797851476219
15930,7.025417796512785
15931,8.2925213923929
15932,3.5947775585184005
15933,6.91259669718608
15934,5.379319709405836
15935,5.664482537651475
15936,5.161383583073168
15937,5.95709345470546
15938,5.221250027364073
15939,8.702916166770649
15940,6.315342087536052
15941,7.4203807144055665
15942,5.356799820126199
15943,4.382642047248151
15944,3.2792559607981207
15945,8.738509722917588
15946,3.6448049130381035
15947,4.90397546993452
15948,7.318262761061331
15949,5.8353195020380415
15950,6.654033396544555
15951,6.046120555681141
15952,3.489873139457486
15953,8.867067469424395
15954,7.516034390557682
15955,2.1539800767375863
15956,4.317558577895233
15957,7.752457044653097
15958,4.263047273143976
15959,2.711281066617925
15960,8.120011556340753
15961,6.539650444468844
15962,6.114934403873425
15963,5.4354112679845255
15964,6.27703911822866
15965,3.6401513743810026
15966,1.931632876430279
15967,3.1598670723573083
15968,6.432323621391089
15969,4.048859828819632
15970,8.354489777796088
15971,5.015899521004673
15972,8.961060951016318
15973,4.463450109857396
15974,9.204491845439728
15975,4.577360388672324
15976,3.3662795911498415
15977,8.219824679397874
15978,4.902881038148465
15979,4.856254268518794
15980,6.236706097820542
15981,0.6192368553517583
15982,6.317368895924642
15983,4.115294243827089
15984,8.171816783000295
15985,5.7586379319112435
15986,7.04410030963381
15987,4.752189844872749
15988,8.474787320128227
15989,5.5863619879208395
15990,3.6096973900779403
15991,8.673307870913028
15992,6.102982601116862
15993,5.174369424968116
15994,7.036278609573387
15995,3.4793896634701222
15996,7.317515462544325
15997,2.7631964103281392
15998,2.9775477402807002
15999,8.457783101695957
16000,5.643768840147102
16001,6.238016136445177
16002,5.19924922696128
16003,5.380968600625104
16004,6.291423923092105
16005,7.799143106538632
16006,5.634910638482865
16007,3.1574070790943924
16008,3.575830403035005
16009,6.545200593325692
16010,7.46276652523675
16011,4.5338177102140955
16012,7.1854378651099875
16013,8.710324810356344
16014,2.762373953343674
16015,8.052471062667706
16016,6.62692287396687
16017,7.991762504547134
16018,5.549429324599916
16019,6.033199138359473
16020,4.7537298388244125
16021,6.183735639876829
16022,3.6874625225620354
16023,6.05329933146228
16024,1.363796784113504
16025,6.699013571238663
16026,5.660725440684088
16027,3.2201133890704154
16028,8.551766897672834
16029,6.421804063000703
16030,8.733986907726324
16031,4.033493288442814
16032,9.399127139021456
16033,7.627422581951463
16034,6.884068642507436
16035,5.049459199360449
16036,7.239681481160307
16037,6.0889680205223975
16038,5.7229415958183125
16039,6.627143085974701
16040,3.855052712363615
16041,5.77363069406033
16042,1.649190257098863
16043,5.357850832444996
16044,2.9246964640358244
16045,5.697800224115291
16046,6.957156655285229
16047,7.875096204923867
16048,6.696717958604139
16049,7.499614270762656
16050,4.017798703644997
16051,8.13620314527379
16052,5.557034164893021
16053,7.455074958161903
16054,7.779961043156651
16055,6.667317012074314
16056,9.395204139233984
16057,4.527084188149958
16058,4.68055964921465
16059,5.671666333570236
16060,2.1746033961576847
16061,5.876568943729769
16062,5.7618345572850975
16063,5.222202126906378
16064,5.195862735833783
16065,7.238480547423383
16066,6.437462622246972
16067,6.361193403899688
16068,4.584720328732766
16069,8.015842880359449
16070,4.743847803470761
16071,5.328945709660043
16072,5.832061266935132
16073,1.8423580238041106
16074,7.294737324527883
16075,5.91656096102429
16076,8.766025455124428
16077,5.115376789717542
16078,4.255759266396453
16079,8.519279532951515
16080,4.689602169613087
16081,2.6611987157085144
16082,7.058642638065246
16083,5.272559815344919
16084,8.033356493498284
16085,5.582621385299079
16086,6.531015637144615
16087,7.475403621814416
16088,6.9302990513255605
16089,6.939487036147198
16090,7.862534781531496
16091,6.250857350736263
16092,6.09874892136509
16093,2.0320999980115335
16094,3.65373400714735
16095,6.6672904075803645
16096,5.893100996614346
16097,7.502960497296124
16098,7.511163287726436
16099,6.056452898084756
16100,7.351744358493982
16101,4.6470462802349655
16102,6.4905774009652095
16103,3.5067328470439936
16104,5.040791005345116
16105,6.2126023828396315
16106,4.948582303316388
16107,5.698009870322244
16108,4.763038308689541
16109,6.388749090182372
16110,6.158251942270254
16111,4.551102428511658
16112,3.4803875636976582
16113,5.701532421931252
16114,3.6979487419865844
16115,9.757581678998225
16116,5.13721148526105
16117,7.642172080251699
16118,5.403143200336479
16119,4.72468929966922
16120,5.313326751964592
16121,3.441211768423401
16122,8.797040402179091
16123,7.1002038710430115
16124,6.4408184486883755
16125,5.484018207918924
16126,4.393066805129061
16127,5.6694129029842255
16128,7.839207968884858
16129,6.354055101341657
16130,5.796020059042508
16131,4.483865659306844
16132,6.2044660297901055
16133,5.650929310727678
16134,6.802084090684522
16135,7.912780570156827
16136,9.455766540806742
16137,7.235774877004128
16138,4.36982106056214
16139,5.19738740921894
16140,2.9008336939119173
16141,7.641460587930747
16142,6.6451730487075285
16143,7.489333892107185
16144,5.674818362418955
16145,5.5676603663575195
16146,8.112836924423915
16147,5.910532003813415
16148,3.744973303782044
16149,6.537633905357604
16150,6.256188274636649
16151,5.3905379630632
16152,3.1609875419535642
16153,5.1322403353442665
16154,6.855920236821334
16155,3.6251553099070497
16156,4.453772006922428
16157,6.538259208443149
16158,4.5791481531804585
16159,9.449084616854796
16160,8.628748887202967
16161,3.3116446023422164
16162,7.246256338428872
16163,4.583233961263516
16164,7.898969159676651
16165,2.1188639509765785
16166,7.617859439177073
16167,8.25867392794847
16168,6.283410177719041
16169,5.939095610296524
16170,5.143965709036577
16171,7.470532843681005
16172,8.874342731059027
16173,2.8662387834308998
16174,8.7729947801483
16175,5.073448280149968
16176,8.12751170176102
16177,4.155267550044597
16178,7.752603264954869
16179,6.147313417159451
16180,6.937256761512857
16181,5.033622947544531
16182,1.9955793789156626
16183,8.618369334407454
16184,6.057417442843142
16185,2.8417739708146303
16186,4.096466236796887
16187,7.183741180777894
16188,3.989915119291757
16189,5.108365701283052
16190,3.8622433440108543
16191,4.506369585036066
16192,8.956682202522858
16193,5.514866553938538
16194,6.774717631105912
16195,9.315680737865318
16196,4.380484369195456
16197,4.353053682770608
16198,7.412016859836965
16199,2.832233340395644
16200,7.552617811468954
16201,6.65728462711521
16202,8.992539864222707
16203,7.493053281541279
16204,7.989054203315023
16205,5.214746865318684
16206,9.409790596052822
16207,4.2083011490630176
16208,7.0234559440951365
16209,3.316562921522328
16210,6.28591607251681
16211,5.561375753926956
16212,4.183639330354163
16213,4.540298291082197
16214,6.861158441139936
16215,6.829725809235116
16216,8.226945745389934
16217,2.35809617542247
16218,5.481207897303857
16219,5.857322709120232
16220,7.080451543348516
16221,7.849227698685228
16222,4.192412729757977
16223,8.700675388551122
16224,5.193870390985298
16225,9.058449786549303
16226,6.589748310295192
16227,3.65461778282976
16228,8.5139042205038
16229,7.660022186171121
16230,5.831599181776392
16231,6.074298980498387
16232,5.182975770862249
16233,5.709449781495012
16234,5.706495886494448
16235,2.775101910907892
16236,6.498148257154376
16237,7.650359054652276
16238,2.382880906427706
16239,6.662236209369827
16240,8.452225556461844
16241,9.308581436923554
16242,4.8292608305607425
16243,7.257655552371466
16244,5.131197146719645
16245,7.775148928481864
16246,5.885879129584145
16247,3.8046406016535133
16248,8.22324973607861
16249,7.729766185228578
16250,7.532168486203469
16251,6.417554509395573
16252,6.07055474355052
16253,6.843377771625028
16254,3.5186047714309368
16255,9.637110485436422
16256,4.89080908469057
16257,5.130177025660436
16258,2.4679418810037115
16259,4.901613938310673
16260,5.615425624388807
16261,4.741758009809272
16262,6.338245738984806
16263,6.089591239893767
16264,5.21557187990764
16265,7.320806967207697
16266,4.16126454184629
16267,6.934893445948284
16268,6.340141685651861
16269,6.1787103297206505
16270,9.294435347810028
16271,4.210300170745485
16272,6.764748990788187
16273,5.56234380652339
16274,2.3131267149457346
16275,6.12648849580463
16276,7.503385430547435
16277,8.950339530472947
16278,5.391233666878254
16279,7.442126000222209
16280,7.929705514325
16281,8.685962351155833
16282,2.1974565107257344
16283,7.3877406585535175
16284,6.61423083135555
16285,6.444951916787845
16286,6.758585033392705
16287,4.997085880669799
16288,4.867105159426094
16289,2.9148010395700923
16290,6.339982013396023
16291,3.088683128019299
16292,6.472977677951288
16293,7.460293138639827
16294,7.550419414384577
16295,6.88611749271521
16296,3.618059353926004
16297,4.6667646631304045
16298,4.922959750600544
16299,4.406495964794788
16300,5.779210524772342
16301,5.153783130184031
16302,5.77794903313201
16303,6.807414634055675
16304,5.838017065483284
16305,5.5302851266038076
16306,9.267943427649211
16307,4.366984941143701
16308,6.51375976266278
16309,5.9073234196579945
16310,5.231786607300888
16311,4.674266079209282
16312,7.402907030151532
16313,4.921721781784451
16314,2.7450496995400377
16315,1.04946194381946
16316,6.2707144991663
16317,4.969024817593267
16318,7.558932309547026
16319,9.491600721465206
16320,7.643395477999633
16321,6.215652922571206
16322,0.7385828574960821
16323,7.855932282535251
16324,9.365289108310762
16325,7.129049950722046
16326,6.804363209722634
16327,8.410713736148995
16328,4.7165195744169095
16329,7.669389063119386
16330,5.94953239775661
16331,5.364688594487781
16332,7.966434433964563
16333,8.278982909268427
16334,6.065098193426642
16335,3.358510211781515
16336,3.063544887310619
16337,4.620551829626083
16338,6.911200956977377
16339,8.17997069235044
16340,4.089137756119653
16341,6.613493143958963
16342,7.853791354286759
16343,8.007942102800692
16344,7.387206854623105
16345,7.339343963706842
16346,4.480623133959615
16347,6.661071928396425
16348,6.087316579061131
16349,4.330526931987611
16350,7.608762866613768
16351,5.255957392191979
16352,5.183145488130786
16353,3.6632182773114774
16354,0.5760464230019547
16355,6.692001603726288
16356,6.486119730404862
16357,8.53198666822674
16358,7.688290699053826
16359,5.358574567391171
16360,3.9551863126101754
16361,5.136667390550656
16362,7.199065709681183
16363,4.992753194561407
16364,8.407155448714967
16365,6.906131761509796
16366,4.284654840986885
16367,4.690244575463042
16368,4.088117101272644
16369,5.960021297388212
16370,7.502060014257013
16371,7.015781768164324
16372,1.9604780065063445
16373,7.4242211735258605
16374,6.201583095208964
16375,1.969583766667696
16376,4.250576614483965
16377,4.819616822663513
16378,4.544994757113804
16379,7.660829494398358
16380,4.628731989941008
16381,6.682397839916032
16382,4.62629267939292
16383,2.3277873862763796
16384,5.971767542368802
16385,8.224521275723138
16386,3.286784749944429
16387,8.181251663721621
16388,4.921774099756933
16389,1.7991027450130934
16390,6.313143465916745
16391,5.343205017710526
16392,8.342403790576228
16393,2.770496241686778
16394,4.3801775660335664
16395,4.688563300724102
16396,6.689801131467286
16397,6.598316542743144
16398,6.834529180847622
16399,7.764335209709806
16400,8.091215133831232
16401,8.230752674710633
16402,8.646740005868953
16403,5.41551381248592
16404,8.17544802574525
16405,4.179286212367209
16406,5.811338443182881
16407,2.967316693677251
16408,0.6843925152184915
16409,3.6256652426475795
16410,3.781029117008903
16411,2.7982964473214422
16412,6.125416757096611
16413,8.962276843875639
16414,4.499995816704261
16415,4.464078535353147
16416,4.502437360690651
16417,7.335757517256221
16418,6.595504396015072
16419,8.285405143371282
16420,6.664743622845528
16421,7.631139338682036
16422,1.9674875221813435
16423,3.4726921131552637
16424,7.427340453694203
16425,6.69699852374673
16426,6.030381309632491
16427,7.13145870250931
16428,5.356463856270531
16429,6.846315769151978
16430,6.223722691343631
16431,4.676871804455605
16432,8.045817016419793
16433,4.494662156097268
16434,6.896296451601882
16435,5.282709658656416
16436,6.657188382831045
16437,9.389803576677986
16438,7.542912685801221
16439,5.445133705671147
16440,7.186923682843287
16441,6.113604840558587
16442,7.606255235938652
16443,2.3294889908986613
16444,7.847400479758524
16445,3.3979655456197877
16446,2.6957236949140064
16447,6.230369118526278
16448,6.325353260837769
16449,7.853807255377134
16450,8.108800594689363
16451,4.679418299320266
16452,8.536030192261832
16453,8.719356626200685
16454,5.361152024429005
16455,5.2826445949705745
16456,2.3440497604435864
16457,10.0
16458,1.9912226363096086
16459,7.42719167270099
16460,1.780491729052848
16461,2.9705347222681584
16462,2.7580216114552507
16463,5.813583660770478
16464,8.874608058290539
16465,3.7380549567235057
16466,8.530469345146589
16467,2.628611523161312
16468,6.81650744844743
16469,7.662079935437547
16470,7.012756676362279
16471,4.5568403389223935
16472,3.2623345691809202
16473,4.854266325212148
16474,7.224156359303994
16475,3.791406384413147
16476,4.666434894026942
16477,5.858918273620762
16478,4.661840670424438
16479,5.392473203136526
16480,2.912862633911178
16481,2.5838015906656655
16482,5.046514329083634
16483,3.172774459052415
16484,6.005806541365287
16485,6.931648354218019
16486,7.951362062824522
16487,6.386377660621129
16488,3.0750362266572586
16489,7.74908661910982
16490,5.066832780184647
16491,7.532476676977895
16492,9.11395039994988
16493,4.319743182575499
16494,7.466377058789683
16495,4.3633886574661505
16496,6.951085222040123
16497,8.553279927873342
16498,3.9449289596609978
16499,8.560499428847889
16500,9.749627924811453
16501,6.000959698685281
16502,9.051061337536503
16503,8.884424687553231
16504,7.422894190185834
16505,3.0440135570872693
16506,5.971398434418089
16507,5.571155169052415
16508,7.791865548629505
16509,9.188769103014035
16510,9.532398014501148
16511,5.608562644152951
16512,4.88691060137519
16513,9.176228912381829
16514,6.743575632539569
16515,5.680582263461656
16516,8.207162286687273
16517,9.32661913077384
16518,5.347883968999613
16519,4.252987095721153
16520,5.713311007654592
16521,7.531177521332298
16522,5.114217093749934
16523,3.1082685603027618
16524,5.002136867374397
16525,7.411119864619129
16526,6.405078661632452
16527,3.899709601155101
16528,8.952472471577098
16529,5.218886550902976
16530,5.031235893986312
16531,8.571944442726009
16532,5.353869975566772
16533,4.232331428842043
16534,6.792190638330724
16535,4.436497834973654
16536,6.025512622757203
16537,7.888472653592471
16538,6.700856551498667
16539,9.0514381201405
16540,5.861869192083941
16541,4.451920516635175
16542,3.561612815039612
16543,8.935884043321892
16544,5.497765669062485
16545,4.217814020396888
16546,6.724841508423007
16547,6.768044381494782
16548,6.127070173363666
16549,6.246734364384211
16550,6.341822629286254
16551,4.037060224785367
16552,5.886805727043254
16553,3.6987044225098873
16554,7.28996569055238
16555,7.499753633531386
16556,5.535202966226067
16557,4.686348960315746
16558,8.586890356427972
16559,6.792247666830578
16560,9.239240678745801
16561,3.5107610705961565
16562,8.919273010950478
16563,7.3839233802209385
16564,1.736457907729323
16565,6.4294267744249884
16566,5.36019505483388
16567,7.869891244225513
16568,4.398691868762876
16569,8.088171441876584
16570,3.7410763148882045
16571,6.3595812893603245
16572,7.4089713653338745
16573,7.388556009586862
16574,9.06403637239797
16575,4.159976122399214
16576,8.451318670814302
16577,7.39910423082798
16578,7.741784213112979
16579,7.589894795802279
16580,5.71220274048753
16581,7.174970681366548
16582,7.124876012187024
16583,5.824645266863002
16584,7.09917859067752
16585,2.6331559127762016
16586,7.037311563437162
16587,6.659369119784783
16588,4.9538973668387625
16589,8.26485475128909
16590,7.917002651579631
16591,7.949923604742264
16592,8.152529406829778
16593,8.387857187880234
16594,6.782553807573212
16595,6.845531497705636
16596,7.297158830271533
16597,4.744888780500651
16598,3.387607305120248
16599,3.5258935406989
16600,6.273204771507181
16601,8.05544926337889
16602,6.197611121789021
16603,1.767654068719882
16604,6.609705937535871
16605,2.1341359328027503
16606,6.023476182608355
16607,5.038496034015263
16608,4.965385151491031
16609,5.4099647080550035
16610,9.43359753196561
16611,6.211858066626075
16612,5.09462260216259
16613,5.3711428823448655
16614,3.585070519648419
16615,7.737016537017686
16616,6.455229036403866
16617,8.99867915104626
16618,6.585705814639217
16619,5.469862365958424
16620,3.9170781092445477
16621,6.781638868975711
16622,6.699835556339236
16623,2.5296429144951356
16624,5.340483556766938
16625,7.350814709452941
16626,4.686264693070274
16627,3.9209563154748963
16628,8.942325107560276
16629,6.663825491541813
16630,5.799221312436472
16631,5.138387668719458
16632,4.082912750911304
16633,7.912699209703993
16634,8.4985710147985
16635,6.476259051237436
16636,5.922333862396565
16637,5.7391352916879015
16638,4.04352031405364
16639,5.717258912300019
16640,8.25876594589307
16641,5.431713701503541
16642,6.538300583173674
16643,6.042800427391927
16644,4.796901811079597
16645,7.545422401877923
16646,7.417806009710745
16647,7.696651644315379
16648,8.589384655762615
16649,7.8285315455027344
16650,8.829077018947405
16651,8.01484381986726
16652,2.535397771015753
16653,6.793448256864694
16654,7.480968907110347
16655,5.1613383762188345
16656,6.380124960908011
16657,4.666253920374529
16658,6.866310339810633
16659,4.007632316013802
16660,6.887124187393168
16661,9.845996383591908
16662,7.479238921033118
16663,7.217476097315019
16664,5.995034133983082
16665,2.181855115842867
16666,6.171950107024038
16667,6.164059814463555
16668,6.433784565453582
16669,6.900343026250977
16670,7.995809480842335
16671,8.493460706597624
16672,3.097344582797358
16673,6.2628039035164695
16674,6.66928453547167
16675,7.642245010962601
16676,9.676955078791483
16677,9.337062750683826
16678,4.933127875595321
16679,5.686106773113766
16680,9.203042498308758
16681,3.6464077435764497
16682,6.90864229351449
16683,6.9161825602051215
16684,5.692431356631872
16685,8.343343779433004
16686,6.758070416447016
16687,6.182662843077858
16688,4.727710564417695
16689,5.828506734767389
16690,6.551718782984465
16691,6.367619757301936
16692,6.415181580047992
16693,5.2981766947347895
16694,7.103390241179969
16695,7.166568346825316
16696,5.77677881176244
16697,2.864665252721611
16698,5.297373418379551
16699,6.721864412049164
16700,4.791323734957133
16701,3.6207229132798835
16702,6.8235047808068705
16703,7.095313647406815
16704,6.2228316464414215
16705,7.253290047209481
16706,7.020354535798721
16707,6.353838360976311
16708,7.165258041651821
16709,2.816736813123216
16710,5.652152247332755
16711,6.864128405518157
16712,6.510645537015052
16713,8.813732906223548
16714,7.448873957752104
16715,5.199960605567934
16716,7.572151340086348
16717,7.57524532267091
16718,6.307131111322676
16719,8.70594682154392
16720,4.596357608084959
16721,1.8442683388123677
16722,8.08239845384607
16723,3.080061221384684
16724,4.5798569646339224
16725,4.620917109154603
16726,4.5160796628006
16727,8.089805596920662
16728,1.9490144053907463
16729,5.904052712383317
16730,5.090425953770498
16731,7.445216096516897
16732,8.443813436841884
16733,6.2707184233692725
16734,5.014726118910975
16735,2.0970606019781974
16736,7.610967337413229
16737,3.8795402983150895
16738,5.519325626959721
16739,8.018633154481888
16740,7.870842428168582
16741,8.3044589355221
16742,7.552876653275662
16743,4.342684095570879
16744,6.7489974190689646
16745,7.9270209898647375
16746,8.56717490405613
16747,4.22363295124281
16748,6.205566709046284
16749,6.846666757073627
16750,6.138221366833263
16751,6.4228783619803
16752,5.762038344059778
16753,7.448156654873929
16754,7.348991005896155
16755,7.311398266907528
16756,7.101485662132897
16757,5.515311421764108
16758,5.647097290869982
16759,6.634711889844246
16760,3.3659677799137135
16761,6.593780516914654
16762,4.89355465140517
16763,4.441391823018631
16764,1.8507537463888346
16765,6.313247287324304
16766,3.8419939179820624
16767,9.434565405576018
16768,4.599034169069685
16769,7.480572144840085
16770,2.791117499351012
16771,8.445106726058485
16772,4.240815979959064
16773,3.4408836695810896
16774,2.8503013089190548
16775,5.64779483023232
16776,6.998312057880102
16777,3.6298822385134835
16778,7.189800883461387
16779,6.204088998609037
16780,5.980497862526576
16781,3.9925945542375723
16782,8.439833843570812
16783,5.163523994515725
16784,7.718057215906404
16785,6.676198656081633
16786,7.747591952267201
16787,4.931451580394656
16788,5.458432874709234
16789,8.362766750918926
16790,8.428277098561098
16791,7.7733459239807665
16792,8.826154768380071
16793,5.819231871438754
16794,3.20868105786674
16795,4.249073835599068
16796,2.492378391108681
16797,6.318877565416087
16798,5.1070416163651995
16799,8.534425165391996
16800,8.696676789688741
16801,3.3972994550448687
16802,6.033645917410679
16803,1.621598292675708
16804,7.089643275686548
16805,6.990496747008844
16806,7.252721135422005
16807,7.435820219084416
16808,3.1556243885199042
16809,5.549648698690982
16810,5.83619895103028
16811,7.111519054835898
16812,5.779821616435252
16813,8.234319376169644
16814,7.087708916889935
16815,8.239213430608109
16816,8.430456612807733
16817,4.526206940874877
16818,4.11302152705912
16819,5.576834753940308
16820,5.060237828857244
16821,4.966228515294005
16822,5.522782420884395
16823,5.849226526356956
16824,6.1830458309306495
16825,7.487180584587786
16826,4.47838699434439
16827,6.751125580625295
16828,5.826409040063301
16829,2.4909570121004987
16830,3.8700750304974716
16831,6.348506930955406
16832,7.066475882300427
16833,6.727289091693046
16834,3.12943262289614
16835,8.18623581627527
16836,5.818019155341383
16837,5.1556387624555775
16838,2.953587688828362
16839,8.610331882368492
16840,5.463186702174254
16841,2.182645897417079
16842,5.839864829071479
16843,4.741924763096977
16844,7.218444837856414
16845,4.811202897447264
16846,7.959168654352007
16847,7.061478730617269
16848,6.124158822735161
16849,8.475110920996872
16850,5.725027180665585
16851,4.089251625540951
16852,5.41550271475586
16853,3.7647610224251307
16854,9.391898267450523
16855,7.501433977369852
16856,8.03430001840799
16857,10.0
16858,4.9109180693045325
16859,7.062173852223428
16860,9.48634827887873
16861,8.93060045800178
16862,5.262015740675523
16863,4.813345883571323
16864,6.34297387765369
16865,9.651672404087185
16866,2.7229243242849304
16867,8.510593296340453
16868,6.0744164614544855
16869,7.101371557223171
16870,6.573807999026373
16871,6.080950445407516
16872,5.219186113664477
16873,8.16366523601989
16874,4.8425219533210875
16875,5.318500925886884
16876,1.3721198505891037
16877,4.32101935095577
16878,5.760055301437142
16879,4.935042797162788
16880,6.669480442047142
16881,7.812806388847813
16882,9.20928488671668
16883,9.395553924134504
16884,6.40876770101173
16885,7.5640876132496455
16886,1.862037079136436
16887,5.497928884608192
16888,1.7268564439703429
16889,6.367265475845559
16890,7.213007864557469
16891,3.678077880102726
16892,7.312589733923955
16893,8.812047496779249
16894,4.257506260927282
16895,4.281403823563068
16896,7.020712176249189
16897,6.684854741954876
16898,4.829672475788304
16899,9.036435372393612
16900,6.929995467920415
16901,6.449556653590218
16902,5.376934101816674
16903,8.550029594654507
16904,8.298831621820181
16905,7.673787851940519
16906,3.3398262578088262
16907,9.267155999840964
16908,7.21440243400072
16909,3.414204078107887
16910,5.904349704162306
16911,6.469309761829552
16912,3.1027799109140957
16913,2.251628077376891
16914,8.8919800738244
16915,8.134911301576121
16916,4.1642336812702405
16917,7.280835559913085
16918,6.58624580636172
16919,4.035826846975637
16920,6.988632594667587
16921,3.2266570881294823
16922,7.731571202286248
16923,7.182810604472008
16924,7.499591545345869
16925,9.194932019762616
16926,4.272785171028524
16927,1.875839771074543
16928,4.135013967327302
16929,5.6852996766728525
16930,6.325049421314734
16931,2.8893922947405497
16932,4.222265630567328
16933,4.36559908901803
16934,9.082286412659457
16935,3.0070777781341507
16936,6.514296614688041
16937,6.437275585711921
16938,8.064368413133344
16939,3.6189220331151697
16940,4.106451829598089
16941,7.257297065739925
16942,4.929965769518152
16943,5.138909436904716
16944,6.638453190639296
16945,6.761372738503191
16946,5.349139244629823
16947,4.023620911412058
16948,5.623433585066196
16949,3.536727256014436
16950,7.570755773442758
16951,7.023086025845445
16952,7.830080657544005
16953,5.462551993587539
16954,7.575973696996866
16955,4.76513750495493
16956,6.758651176708136
16957,4.842157718941665
16958,0.7920608955302675
16959,3.5249342349927812
16960,4.137497097736261
16961,7.969927513896032
16962,4.201420281243163
16963,5.838972941337852
16964,8.25848211521236
16965,2.8519501340874243
16966,2.995987157278063
16967,5.887517558709589
16968,6.941177531243634
16969,9.907069897251253
16970,3.4561716299231007
16971,7.574476302856044
16972,2.4270468742726345
16973,1.1866446883610626
16974,4.278988270668826
16975,9.444939800596027
16976,8.399063241698913
16977,8.663564967102
16978,6.961156997050634
16979,5.007689815123662
16980,7.11909151397233
16981,3.3572892323877706
16982,5.546632215366939
16983,6.926564163566519
16984,7.186866910235706
16985,5.12446994028053
16986,7.297090657738917
16987,3.7710901799837777
16988,6.549713545110891
16989,3.974959142731505
16990,5.592771827785582
16991,7.493419216188699
16992,7.021513692115401
16993,5.033492555338686
16994,7.026035131625604
16995,4.821314910616168
16996,8.806098722135978
16997,3.8790032341105922
16998,5.251006264078638
16999,3.572278214473977
17000,7.427166167139696
17001,4.2645022494708655
17002,6.761487356613933
17003,8.338913082201076
17004,8.929016968111995
17005,8.86224144757973
17006,4.322558785663337
17007,3.657708654633527
17008,5.188457821504166
17009,5.378331436290297
17010,4.1145567370393925
17011,6.575171320968872
17012,6.13490167168214
17013,7.373061549182337
17014,5.3340539057297445
17015,3.181675919107807
17016,6.985564598096692
17017,7.134958170639388
17018,5.346296455959875
17019,7.471898681157748
17020,7.362981536903868
17021,5.234928145362101
17022,6.1854204440922365
17023,6.766545566727209
17024,3.524843851879461
17025,5.758098116177724
17026,5.1751708259784195
17027,9.357555782756052
17028,1.4626275131013837
17029,4.225728353403143
17030,6.4902772447373
17031,9.203485746974449
17032,3.6526732096054277
17033,6.231711267482434
17034,3.654729066938188
17035,6.785931582588536
17036,9.02360146819531
17037,3.0560697080652597
17038,3.4314187873043362
17039,8.713359684905242
17040,6.570267761050021
17041,7.026826647339654
17042,4.134787927604526
17043,5.326858594601426
17044,5.701973055618768
17045,6.963174301474993
17046,5.4077031457074725
17047,9.04179160102476
17048,4.589359882223677
17049,10.0
17050,6.883848251060065
17051,8.031240945862018
17052,6.6132090875368785
17053,6.567018305825968
17054,3.8196021646044716
17055,7.72943591976751
17056,3.7067382289379314
17057,5.439075734525315
17058,6.731292007604465
17059,7.16773676312186
17060,6.15933556096122
17061,5.658142543161064
17062,3.1308002201036946
17063,7.189741713776639
17064,6.98263486392778
17065,6.859861915749361
17066,4.311772352362626
17067,4.792146267716352
17068,7.33886198480263
17069,8.36821358591639
17070,6.214923586844757
17071,6.0526503935860605
17072,5.711440094230317
17073,6.383357406173016
17074,4.121040943006565
17075,4.6736203246615045
17076,6.233695430398254
17077,8.238795367187114
17078,5.044800308121799
17079,6.39861945915511
17080,4.148320490381675
17081,6.1639287941197205
17082,8.274208431146251
17083,5.111135534641992
17084,7.957743099408407
17085,3.8050349414728197
17086,1.0142456524720658
17087,2.3813365090984964
17088,6.812714039410823
17089,7.807488400015518
17090,6.503426116647873
17091,8.130386141786465
17092,6.643169808741543
17093,8.150209611099763
17094,2.0881690904935457
17095,4.8700421312472315
17096,1.6821391432400221
17097,2.6363567483331645
17098,6.186505955583199
17099,2.144788025095185
17100,8.072778494466544
17101,6.234222969341042
17102,7.7615149379211
17103,4.514907931784571
17104,6.805165281092576
17105,7.416087394771061
17106,5.85948383871705
17107,1.7091551198953936
17108,4.123321578619761
17109,8.462488222835622
17110,5.637034272286631
17111,4.810971849716941
17112,4.7318441371859326
17113,6.493638099433958
17114,7.242982046315641
17115,6.781046037169461
17116,4.994770511266515
17117,4.578682907241985
17118,8.42765448925564
17119,3.544330278825806
17120,5.595949126714341
17121,5.61884359100815
17122,8.534451207273067
17123,5.162447900184386
17124,7.631152078467512
17125,5.6319504787367825
17126,5.098088691597865
17127,5.714870576324793
17128,7.91661656876493
17129,1.8277750801426038
17130,9.70262725266438
17131,8.621388953442201
17132,5.679632949325114
17133,5.957309538642405
17134,5.158263959713758
17135,6.233564634054289
17136,3.728678132169359
17137,7.850606427316498
17138,6.582940120940544
17139,9.839249651101792
17140,4.944648424663966
17141,6.048087704333254
17142,4.228909501301278
17143,4.408349846523828
17144,5.020290879319904
17145,2.69801587159168
17146,2.7326981773812054
17147,7.599755625040325
17148,4.080796796708993
17149,6.616869049533712
17150,1.4027271056104278
17151,6.078721381132729
17152,3.1535548736580323
17153,4.055694596712521
17154,3.438491347702911
17155,3.4094165483141814
17156,4.485487592962642
17157,7.385820325418722
17158,7.301072221018895
17159,8.111038674545576
17160,4.302127052270986
17161,6.593807333633773
17162,5.778507685759246
17163,8.140973390683026
17164,8.237296062348335
17165,6.047289828845122
17166,8.910915799727272
17167,6.2370379761124015
17168,6.8038392250435935
17169,6.240907160266605
17170,6.90386322604855
17171,5.0831646425529
17172,6.916952262991436
17173,8.48906086325367
17174,4.732931898995813
17175,7.171955892106287
17176,6.263504020026626
17177,9.26126705387333
17178,6.230908558751939
17179,5.496290036920256
17180,8.128064175956004
17181,6.938085104476549
17182,4.101122203983897
17183,6.789561770019639
17184,2.912302861960216
17185,8.282657967545028
17186,5.148533002168796
17187,3.2989832571280457
17188,6.436466937044232
17189,2.9975058514217956
17190,4.519260256831124
17191,6.271714967705246
17192,4.060215580241664
17193,7.994594226134155
17194,2.8398494165170667
17195,4.144631385704878
17196,8.64266234866506
17197,7.597369500865984
17198,7.699468400179141
17199,6.967678288063921
17200,4.944476391849177
17201,6.290153303716916
17202,6.778680220090931
17203,4.662823286852244
17204,7.131494893867714
17205,5.925701322148977
17206,3.6709195701999953
17207,4.163303202964381
17208,7.9577100835502685
17209,8.642523826671292
17210,7.28537626565827
17211,7.880712594296856
17212,3.1376961983456337
17213,7.068606923415668
17214,9.279452635919347
17215,6.183211293287597
17216,9.722075497170739
17217,5.2657573190332165
17218,7.18951039792411
17219,8.45944741335661
17220,2.8805290960063705
17221,5.995566181062501
17222,2.0395213235258316
17223,7.322581724556573
17224,5.678158700909548
17225,2.258936091334323
17226,7.268566596320581
17227,5.860499106332941
17228,8.130270576941854
17229,5.439375263706929
17230,5.169450831737335
17231,4.120540280657728
17232,4.679613311283521
17233,4.768681379121864
17234,8.608010829825046
17235,8.505672732289288
17236,5.404426479046278
17237,7.350886412774395
17238,4.040307089880428
17239,3.9825570626342026
17240,4.049817001049784
17241,5.215585659488624
17242,4.105787637040161
17243,1.8253770948658445
17244,7.729903340903997
17245,5.707277189391129
17246,3.6574048253094356
17247,8.76531128055998
17248,4.72123452217904
17249,5.575589047629288
17250,4.019571018271184
17251,6.256012306066554
17252,7.2240759386821845
17253,8.672276683184345
17254,3.4690775437511654
17255,4.652757802644189
17256,3.673683410153203
17257,7.87144962667525
17258,8.598973288667793
17259,6.536192452935364
17260,1.975794562680209
17261,8.387122145642133
17262,3.078583133085756
17263,6.948518991310235
17264,4.914311399332421
17265,7.486466537731744
17266,5.497142578402393
17267,8.25776086305542
17268,3.0661041980283543
17269,4.742812693618952
17270,7.129399685890829
17271,1.9202364438787527
17272,7.12014614828851
17273,3.669836580902774
17274,8.387011808045177
17275,7.0734059885029215
17276,3.0211478309723203
17277,4.384595310754191
17278,4.326467458446069
17279,8.851732377541413
17280,6.268888381879189
17281,5.634495842434923
17282,7.349577704164769
17283,7.209627020200699
17284,3.3014620942953896
17285,6.445365102527336
17286,7.268991416370225
17287,8.325825202963207
17288,1.5587379264148373
17289,4.705676837009494
17290,5.279245623400813
17291,4.349328464546108
17292,8.54395950062236
17293,3.85292537911756
17294,5.439759330179836
17295,2.9489117583690416
17296,6.675214918419005
17297,5.026372590290508
17298,6.928311805248392
17299,6.560058980182777
17300,5.475936617929211
17301,3.7631117507151215
17302,8.676049254355586
17303,6.283978391767741
17304,5.249862544937139
17305,5.947621358436905
17306,3.297812978813593
17307,7.566418173689012
17308,7.346525170208034
17309,2.202549528642867
17310,5.7999331149454205
17311,7.13174425719739
17312,5.8464940268599745
17313,7.94167593473724
17314,8.441742623245402
17315,7.666572970014591
17316,9.184917849348162
17317,6.8380049758628765
17318,8.075753066609087
17319,3.1219911187566893
17320,7.159565410368535
17321,4.60977618959241
17322,3.8373648626260595
17323,8.04365174982918
17324,4.733020832716141
17325,6.352821272906331
17326,6.384299467302965
17327,6.013028135999377
17328,4.817871978357653
17329,6.499858184341044
17330,4.752490050297091
17331,8.209399282877442
17332,5.781638211711646
17333,8.772608146663105
17334,4.774037739111549
17335,7.342719251091462
17336,4.662827215304815
17337,3.41957909009109
17338,9.171830013985572
17339,2.358725134398195
17340,6.995922352750744
17341,5.47818718532227
17342,3.7983936684877166
17343,5.74863135958168
17344,5.613148335810306
17345,8.570066062258869
17346,4.478277545483763
17347,6.505815321059171
17348,3.003566025116782
17349,4.515996070932445
17350,6.522542303334388
17351,6.774626173003322
17352,6.294200755667372
17353,5.901831154679676
17354,6.877724697948363
17355,5.774250122730155
17356,6.9589106578157045
17357,4.2680753583078435
17358,6.465514554428002
17359,2.5720400198553417
17360,2.1927572552720904
17361,5.619507922047612
17362,8.561358915898492
17363,5.514926723509902
17364,7.6263935242933485
17365,4.718830746517572
17366,6.953877594152701
17367,8.405676378918637
17368,8.376344256822879
17369,5.010672532464868
17370,5.393039337475082
17371,8.151588187664235
17372,7.050338815785606
17373,7.421114875735861
17374,4.4918820238210015
17375,6.158291659945398
17376,8.129998127056027
17377,8.094304524158078
17378,7.3872876368332925
17379,5.674286461553536
17380,8.609142145983734
17381,4.023780848701883
17382,7.053331039623314
17383,4.012245922363442
17384,8.19360888144617
17385,6.629302378438892
17386,8.602634343460974
17387,8.959531960960824
17388,7.673943071748951
17389,7.487353779850725
17390,3.1470169999128643
17391,3.864019056256157
17392,5.302976270608824
17393,5.509941233958021
17394,7.441872512358904
17395,5.256241851298689
17396,6.948325511356613
17397,7.340621414650494
17398,3.6261195685026766
17399,7.526665487721102
17400,6.270777680379022
17401,1.5090862581048823
17402,4.175101059353052
17403,7.067616867176123
17404,6.085905289622323
17405,4.27844441849141
17406,4.071458220142174
17407,4.3066627141602245
17408,6.2198946728697395
17409,5.350049830841814
17410,8.471129191681156
17411,5.3198114048514356
17412,2.3279016067488008
17413,3.7304486354908444
17414,5.509470039992101
17415,6.01959315141498
17416,6.714772545811372
17417,5.401666042824133
17418,4.563080218265009
17419,6.4370545590064525
17420,5.080714051450646
17421,7.529011640297255
17422,5.730039837094784
17423,6.426215384535347
17424,5.427771583279863
17425,6.742196459168061
17426,7.413981206821044
17427,4.60891763457143
17428,6.676070322556279
17429,6.269022721358128
17430,7.781003476563285
17431,3.9986003813933126
17432,6.746076642690185
17433,7.857234108118464
17434,4.927292521011881
17435,5.33215286138477
17436,7.003783951319026
17437,5.673265238410121
17438,6.688615477004774
17439,7.3835320409210725
17440,6.325899551758621
17441,3.624757354962334
17442,7.928108914799937
17443,4.74885277378683
17444,9.059609973673462
17445,5.594687612062691
17446,6.512171153899003
17447,5.542486196928036
17448,5.8337091734720525
17449,4.207334184641088
17450,8.917641057666202
17451,7.645756183016808
17452,8.57663105212223
17453,6.262280853477935
17454,6.882300302054153
17455,3.372690929826362
17456,1.7630123013008119
17457,8.32406963614246
17458,5.2323038343045685
17459,4.51280278456829
17460,7.022180656071018
17461,4.0742005314718766
17462,5.276351310964253
17463,7.488952364524873
17464,1.5054929987362935
17465,9.572597795234325
17466,3.355336187686846
17467,5.744940876348817
17468,6.765246883642238
17469,3.7791229780839997
17470,4.187378474137369
17471,9.812028091776018
17472,8.031364359947567
17473,4.350732389380115
17474,4.027239979452622
17475,6.649490216892822
17476,6.952830400632214
17477,8.485322432384246
17478,7.169009930517674
17479,6.873759233994104
17480,4.6389269281962715
17481,4.882121502498813
17482,1.7522246621982998
17483,5.586849949568033
17484,6.1288984286547485
17485,4.937255552370156
17486,5.101316907124611
17487,9.050921543569494
17488,6.60109594696682
17489,5.4167049061671255
17490,3.6665545153149557
17491,6.87876605481585
17492,5.840865870711913
17493,8.058053372948114
17494,6.114272761180611
17495,2.6305075511714437
17496,8.331712899261756
17497,2.6829038050130856
17498,6.909023202099557
17499,8.558552519545538
17500,7.702254372253746
17501,3.541959782420001
17502,5.741703444908431
17503,7.18757147314974
17504,2.817072739904994
17505,2.334626449186501
17506,7.478575932050009
17507,6.108320039219906
17508,7.410660802806859
17509,3.8074494991834724
17510,5.560781971597087
17511,6.760356233790996
17512,3.150201969340561
17513,4.8196373435606175
17514,1.7918874879444842
17515,6.517492461543329
17516,5.536594782155875
17517,9.255939025764999
17518,2.1697070484324343
17519,5.718715667675663
17520,7.607992037487983
17521,3.9095716292343
17522,5.037232526095352
17523,7.563131021671493
17524,8.732883465915709
17525,4.835539642677542
17526,8.662509877090157
17527,5.40354863568059
17528,4.218926916338094
17529,4.942940140653789
17530,2.423076316972305
17531,3.6678311312427008
17532,6.456906436247228
17533,7.945029220234093
17534,3.079361008783202
17535,8.447767647039788
17536,3.8134520001247747
17537,5.415865513258969
17538,6.493519339864468
17539,1.2696543911819242
17540,7.482159389588193
17541,9.385080696158555
17542,4.65407368534248
17543,6.427052685168533
17544,5.232540730976604
17545,3.592662537532324
17546,1.4107088067023468
17547,7.4790064185207505
17548,5.153604035840007
17549,6.506614871072533
17550,7.7236023476023545
17551,5.994919490560306
17552,8.090480114085866
17553,6.578415252584544
17554,3.8126325450025313
17555,7.351112865345394
17556,4.363100922098529
17557,6.189184295368771
17558,3.0619787302139763
17559,5.798348364536157
17560,6.233608943108081
17561,7.685828013143446
17562,8.268232237306254
17563,8.6740312492246
17564,5.965061994646072
17565,3.3260022046123763
17566,6.278955038133355
17567,6.444690366581277
17568,7.299460325679282
17569,6.550023342055716
17570,7.853445443008808
17571,8.351567719416817
17572,5.415358820197266
17573,2.7917915478247637
17574,5.511135705083234
17575,5.514279930326604
17576,4.910460277725982
17577,5.980842618086172
17578,5.455479452649939
17579,7.3809277599717715
17580,8.341152519746588
17581,2.1894232098381194
17582,6.6573858545801725
17583,6.8266095790109995
17584,5.635253547986339
17585,9.020898720629809
17586,5.506836809509963
17587,4.09028482742721
17588,5.495113815431526
17589,5.288374577169196
17590,4.45238198276822
17591,5.593221510265336
17592,4.332395681406262
17593,6.498171965735679
17594,7.47886041416911
17595,7.535841317017791
17596,9.777130087966203
17597,5.105207007186938
17598,6.783748377162726
17599,3.8757626308500397
17600,9.478023504221014
17601,9.020273102651085
17602,5.104707512062841
17603,7.300318615803459
17604,2.8554317979543633
17605,3.8084919027641435
17606,8.307302634029668
17607,4.887648660330437
17608,6.611974647345225
17609,5.617814108868416
17610,3.8830306419154224
17611,2.205447589589397
17612,7.513368913628238
17613,3.557629791772889
17614,8.64869466169275
17615,7.644689621145072
17616,7.8547717237498915
17617,6.810451273628516
17618,6.745827292754848
17619,6.202235079515137
17620,8.668358267870865
17621,6.123746842102891
17622,4.252004847937287
17623,7.898821904325249
17624,7.009715015694722
17625,3.8495873082959076
17626,5.118683248394732
17627,6.814900268085698
17628,3.4665858523852653
17629,4.865319167736237
17630,7.314104351289388
17631,4.935032549249359
17632,5.94537306678898
17633,6.157983967734597
17634,3.712019522403768
17635,6.242098453644151
17636,7.483370162129197
17637,3.5066696082975204
17638,6.241163187230064
17639,6.437761265409685
17640,8.38794241272155
17641,8.0730996911556
17642,4.762850159007677
17643,6.035072045427008
17644,7.878364686596257
17645,5.2522989676692395
17646,6.513251989846596
17647,5.988043558353729
17648,5.942736831253702
17649,4.322948903966324
17650,5.814220709676973
17651,7.019261248263369
17652,6.300731735631717
17653,4.75080546070823
17654,1.6083166125228403
17655,8.063146476806569
17656,4.149696222633295
17657,6.4421862369499046
17658,3.674947196468361
17659,5.585765347018006
17660,5.9545761273296245
17661,3.175355395286513
17662,2.302135058314008
17663,7.332424664892279
17664,6.515438621887428
17665,9.726844361601547
17666,4.4433049177711395
17667,5.960550324650632
17668,8.600275150481156
17669,7.821352288031398
17670,2.6349893887408546
17671,6.090892754447753
17672,7.2622398068254626
17673,9.024406443800311
17674,2.333096433986988
17675,3.056203030885164
17676,2.832855751313617
17677,7.338406701449021
17678,5.184481244285006
17679,4.701613600955137
17680,8.909549818689353
17681,4.868262889229277
17682,6.757368174497179
17683,5.478792140623112
17684,7.7850940926246
17685,3.8414004738815333
17686,5.9331693333998325
17687,6.68552436323307
17688,4.188944431792281
17689,6.156008441323539
17690,9.585257469105747
17691,6.427796527519637
17692,5.881423602515665
17693,7.202796987878989
17694,4.962348192105385
17695,5.35231351707302
17696,7.730912076216369
17697,7.848436922309419
17698,7.901507151801565
17699,1.6531592102853072
17700,6.491867418007666
17701,6.5359301267196726
17702,7.410005259398103
17703,8.145982891497477
17704,4.1199671950140075
17705,6.899797249062794
17706,5.372776251000741
17707,4.168712466856524
17708,4.378392899048639
17709,8.879733472918492
17710,3.816767052295396
17711,7.76176796896714
17712,7.5494096985949195
17713,4.13275652375924
17714,6.605814691746174
17715,8.908756790690683
17716,6.134509973160679
17717,4.096347681258146
17718,5.7997675660343555
17719,4.835238349119264
17720,6.660068904017109
17721,6.264077534459826
17722,6.259587591371339
17723,5.998953174730494
17724,9.282197114773933
17725,6.234880093882813
17726,5.903718868439495
17727,7.93924486682271
17728,2.132452326318182
17729,3.8808704858954934
17730,8.609149237031339
17731,9.787861161046418
17732,6.604918992565943
17733,7.448167054202829
17734,7.923131885735855
17735,8.059142010374861
17736,4.501054351318869
17737,9.111482358422789
17738,5.595143352289265
17739,4.081154058619614
17740,8.004380405314098
17741,7.196145536501768
17742,9.331393860351515
17743,6.172862760040303
17744,7.325338888576726
17745,8.499003225114208
17746,8.363550429582572
17747,4.549609020387257
17748,8.060332767458583
17749,6.255226228366559
17750,4.861173634144439
17751,4.280034668471415
17752,5.653389420661356
17753,6.921273229421475
17754,9.919067409364379
17755,4.992187985381178
17756,4.354150412575355
17757,5.722258967551673
17758,4.638957512190048
17759,0.0
17760,6.464997155467722
17761,6.063173620624833
17762,7.0442841823477504
17763,8.645492174060896
17764,7.313582955964843
17765,3.551018975147756
17766,7.2130824049383175
17767,4.591335984322177
17768,7.160534218509996
17769,7.181398325383385
17770,7.47371769799375
17771,2.7331723870941036
17772,5.9939027256495745
17773,7.945591922342863
17774,8.00621463975646
17775,6.036992531458145
17776,6.2503674787791095
17777,4.907957258289527
17778,9.37330378507118
17779,9.15515053433829
17780,5.192475908331941
17781,4.547681575183518
17782,4.704600491369605
17783,4.008244594279607
17784,3.53197311776944
17785,9.500106459269407
17786,8.158739587097871
17787,6.205848504402804
17788,7.726819547470977
17789,5.518200289273157
17790,7.8601286032569435
17791,5.525677458582988
17792,4.000449154836085
17793,6.290598915787438
17794,5.496030930129139
17795,4.7324860118180885
17796,3.766784591395902
17797,7.242126814065401
17798,5.762849772635686
17799,6.303702913685227
17800,5.115069384965649
17801,6.231720846614388
17802,8.266450544139728
17803,5.658472787210206
17804,1.558090712640781
17805,7.476698893279843
17806,7.021546379605778
17807,7.105196322901387
17808,5.8872867523591275
17809,7.300244951303744
17810,4.930038194854929
17811,3.752434897073993
17812,5.08315041963224
17813,7.893237526699985
17814,5.368111270163664
17815,1.9314311403671087
17816,6.349077687452149
17817,5.103084918182805
17818,5.494716875452258
17819,7.03899676513525
17820,6.971285620832858
17821,3.953702977438103
17822,7.460200440815893
17823,8.553449038680167
17824,5.7545352567400005
17825,3.317780016274721
17826,6.842099912248473
17827,4.734805755311982
17828,4.57892438670063
17829,5.91217969096852
17830,3.518124735392409
17831,4.323102145538908
17832,8.032621924223092
17833,7.649039113564344
17834,6.192220445909898
17835,6.021601630118924
17836,6.689784903373899
17837,6.96501167937887
17838,5.270991331673175
17839,6.314437401121163
17840,8.2690517842467
17841,3.9614286229998767
17842,5.325762356198529
17843,7.562788600104476
17844,6.385684442956791
17845,7.55784974511947
17846,4.494815658251388
17847,5.203325712047871
17848,1.4163598393040604
17849,6.282003102400606
17850,5.266095479906763
17851,5.234036244218021
17852,5.154007475663311
17853,2.9138300055007402
17854,3.8382245691605337
17855,8.913519239108028
17856,6.5408533894106595
17857,8.314804613632212
17858,6.191145916562324
17859,8.52753703874615
17860,6.924761138250903
17861,4.5061533193809495
17862,3.4345439077717823
17863,6.8177189075493425
17864,4.9461014020184475
17865,6.750956181916333
17866,6.000066221436201
17867,8.415816280295376
17868,9.047822467246858
17869,4.747901296917099
17870,7.3414963139995395
17871,7.6212748263624315
17872,8.428480680255545
17873,3.989006590917175
17874,9.431765441381396
17875,4.92909580330784
17876,7.421145609118983
17877,7.93807065644172
17878,6.218306107616912
17879,5.238392945023326
17880,6.33998235718286
17881,5.5882803597587225
17882,8.095439546974571
17883,6.14885810314282
17884,1.4354990326290296
17885,2.8269140224489036
17886,6.081135394473309
17887,1.6784809807904464
17888,2.572533595744268
17889,8.19059096123982
17890,8.905600591814698
17891,7.104268312685207
17892,2.8042854011298575
17893,7.302284238627688
17894,5.110621791888768
17895,5.485899539197767
17896,4.013388454736678
17897,3.538999976917567
17898,5.896791854597995
17899,5.269416385074991
17900,5.737742831097216
17901,6.013148033710112
17902,7.796808558897387
17903,5.876222899071625
17904,4.745040574632359
17905,6.599394611207387
17906,5.756013823600285
17907,8.66017252359394
17908,4.875937298615025
17909,7.579748412568772
17910,7.359072734553976
17911,5.494968789812665
17912,7.040257342830284
17913,7.927844924423208
17914,7.339736801217196
17915,5.9416397254647695
17916,5.7504889529578564
17917,7.669522779345973
17918,4.916948738451772
17919,3.5427977522951557
17920,7.005805460730617
17921,3.933201734039192
17922,9.028379751764543
17923,6.4800838086469374
17924,2.527732398588288
17925,4.573524074456849
17926,4.765572145553114
17927,4.180778234455964
17928,8.639929025187188
17929,8.627010287821685
17930,5.7489109973556
17931,4.2022735057761125
17932,1.4067320178930078
17933,7.122962142640927
17934,6.313809897132644
17935,6.607420102819344
17936,6.835935154617395
17937,6.369181911444127
17938,4.719913735398449
17939,9.360323001175638
17940,8.71913194479347
17941,4.68048310458915
17942,5.052267237375644
17943,7.188571624254968
17944,5.459947267554454
17945,9.187801011647498
17946,6.492791861697938
17947,9.190656827299863
17948,2.5251087504660132
17949,4.074652385708205
17950,5.40311379178578
17951,7.857912957595426
17952,7.090218301636641
17953,8.764350320796174
17954,3.9958400700189407
17955,9.8356668940689
17956,9.653352350153579
17957,7.595305295429443
17958,7.556267743551786
17959,7.160545967458241
17960,4.149714884975491
17961,5.884257948033324
17962,6.374086979225897
17963,6.354726336418579
17964,5.062038940503623
17965,7.912824467556264
17966,9.004173735699979
17967,6.297397020400891
17968,7.5301971418601745
17969,5.857024914838288
17970,7.242572643987028
17971,3.9703868572718
17972,7.520482101354643
17973,5.3167300063511655
17974,7.954692457291305
17975,6.304399023979747
17976,7.748016878869724
17977,3.6466687617161213
17978,4.005504020467572
17979,5.588135177370669
17980,6.401315970880159
17981,4.4551006246622435
17982,7.2876318296829545
17983,5.827410434043914
17984,4.079117928938268
17985,9.444458857968794
17986,8.559527769739175
17987,7.991570118280544
17988,5.7682477487540975
17989,5.742675705696127
17990,4.65781215003259
17991,5.9341320505793815
17992,8.598002943984723
17993,5.488181971292239
17994,4.3234647038253415
17995,1.9131601883080538
17996,6.604375334567198
17997,7.075679887343069
17998,4.9969384430732315
17999,4.99155546716714
18000,3.859776213577815
18001,4.66044119091482
18002,5.304332194322985
18003,7.00442594203736
18004,4.606282589319952
18005,3.646671301381858
18006,4.9435021430805595
18007,4.148615794903709
18008,7.619539292222112
18009,1.7412424830944921
18010,5.870441204514455
18011,6.923109951675764
18012,4.00340316161424
18013,9.157054972930744
18014,5.436808065236064
18015,8.80959303627442
18016,8.86138761434213
18017,6.921023333277928
18018,7.64762290256491
18019,5.943835432532004
18020,7.5016454070364595
18021,8.30155124164823
18022,5.520729012701464
18023,2.8511566088871363
18024,4.170339501730974
18025,9.087515913848074
18026,5.416126208861854
18027,5.026314812642579
18028,5.3282787697061655
18029,8.546180445265108
18030,7.675317750806336
18031,7.2937340488006335
18032,7.914366257181086
18033,8.066651236101224
18034,4.569122156987003
18035,6.300383131878014
18036,4.427531008614831
18037,7.565982351966337
18038,6.697183826303858
18039,7.317371003487324
18040,7.143437795593552
18041,2.5313992654524142
18042,5.913987098371616
18043,6.5740659954813685
18044,4.0744845909886
18045,6.480461351919121
18046,3.782962517113938
18047,3.4119634289432064
18048,6.289655132999047
18049,6.986434442647346
18050,8.648288647812473
18051,5.361429370893606
18052,5.226948563757047
18053,8.47564869406049
18054,5.982053157905288
18055,6.307783146166907
18056,5.820703135822625
18057,7.158930623051393
18058,6.772590622343372
18059,5.380371116810787
18060,5.595086367547694
18061,7.561022767257255
18062,7.5685097785243824
18063,2.3640423271654445
18064,6.314699615337553
18065,7.638256681015761
18066,4.9803920402864765
18067,9.125808058953423
18068,7.3308569428079124
18069,7.348273375349839
18070,5.646773242021904
18071,7.0519824262020006
18072,8.191747326430747
18073,6.560817014708388
18074,4.318017408741055
18075,5.224813875944407
18076,6.921561420408038
18077,7.123065167159358
18078,5.8152065299934925
18079,9.079142092365448
18080,2.0846153065329567
18081,8.54846390802451
18082,9.131396234860718
18083,7.517023691413
18084,7.296192078569081
18085,1.1642528390849178
18086,5.656362119582269
18087,5.014001881269406
18088,5.65308073119191
18089,6.794699104596692
18090,7.206849961919925
18091,6.13755161893062
18092,3.405081466992195
18093,8.161831905052896
18094,6.084933446668905
18095,7.669808604303854
18096,6.215068887746053
18097,7.515721786885082
18098,4.746870965192063
18099,5.921770689895458
18100,7.082721295392569
18101,4.093125682510118
18102,9.02741815546031
18103,4.3985795205039535
18104,2.893484745358767
18105,6.062994756725319
18106,5.533967280520084
18107,3.8852329117792346
18108,7.208944262879467
18109,4.889279402112488
18110,6.723479510432034
18111,5.0893091745035095
18112,9.064188838428066
18113,8.783988103623685
18114,6.7470852851352365
18115,3.100917341960497
18116,2.990091810119943
18117,4.648259272092303
18118,7.5199310246174145
18119,4.818008902093156
18120,3.082303443655128
18121,4.933087795704048
18122,5.217216253436453
18123,3.8151770149545996
18124,4.953974914592462
18125,9.052198844941325
18126,2.6503851084681713
18127,3.867616859465836
18128,7.3012588429723095
18129,2.0666155812805287
18130,2.369250236736562
18131,2.720769005733629
18132,6.708078544732049
18133,7.099747326788395
18134,7.603076377344643
18135,6.393873223945237
18136,8.593346038466109
18137,4.5985182678066545
18138,6.428191150982968
18139,7.051129570817046
18140,4.817989652093041
18141,3.3148959711240975
18142,9.21166008424095
18143,5.456136568146482
18144,5.205200807383196
18145,6.061493544474275
18146,5.071433619201099
18147,6.79706128040739
18148,7.962058656218301
18149,8.356410878056415
18150,8.912482268016687
18151,7.615561865407614
18152,5.788487181220508
18153,4.968044896080232
18154,7.608672362848514
18155,7.199559055273323
18156,4.98679987882405
18157,9.757278152556184
18158,6.480908420560607
18159,2.694682797484282
18160,9.003197620240302
18161,4.255725250434212
18162,5.182308024432638
18163,4.648486312476089
18164,8.87435116163465
18165,3.3112607032804937
18166,8.464874965287152
18167,3.1996187037703594
18168,9.081535954268
18169,8.245365909283455
18170,4.834767888406705
18171,6.49006770641229
18172,4.959503369932783
18173,6.102605346123931
18174,5.299171597468123
18175,7.988344712842556
18176,6.784608175334196
18177,7.696475094170435
18178,0.8818772189378007
18179,6.463512377858025
18180,5.437031903113751
18181,9.318062330001734
18182,4.174059220967972
18183,5.479546680952668
18184,6.667494766702748
18185,6.714405944001342
18186,6.8032731007803156
18187,4.071702322382311
18188,7.049814500546888
18189,8.098742038099704
18190,8.548147509740598
18191,5.507689208269964
18192,5.859957941604509
18193,5.05153524638202
18194,3.6275917643949818
18195,6.529937274532491
18196,6.572529386909651
18197,8.22748070448149
18198,8.617437638871133
18199,4.442552685140838
18200,8.107324337855554
18201,5.863373081633097
18202,5.752979013571667
18203,8.90454181938522
18204,6.798125921070167
18205,6.8998142842875225
18206,5.877678210558405
18207,9.469412216427857
18208,7.153587557652061
18209,2.9157526173565227
18210,8.32964768428058
18211,8.528579822832556
18212,4.363377104016145
18213,8.816458535937343
18214,5.6906399387375135
18215,6.99249548339324
18216,4.416298235427393
18217,5.347308671301593
18218,4.2219863574901355
18219,5.089468172003824
18220,7.848958454221946
18221,1.617685688693731
18222,4.464449612124483
18223,4.720636967192228
18224,4.797552386119613
18225,5.632604536636075
18226,6.801232822661917
18227,4.914849106459403
18228,4.901378688951674
18229,6.5303436812090725
18230,1.1001210174348215
18231,6.005493466546293
18232,3.493499051020743
18233,7.431302519631756
18234,7.16253277585467
18235,9.699179210167417
18236,5.671063625108978
18237,8.934155131140837
18238,5.374408398697981
18239,6.458892429002924
18240,8.011458317139379
18241,8.600828578739822
18242,6.685439270358539
18243,6.761175387574378
18244,5.649122062134548
18245,7.6787489121429315
18246,3.073196710677774
18247,5.097956532480689
18248,4.263242722753898
18249,6.94602664780398
18250,7.314354657854639
18251,6.1516451860810095
18252,3.535231933898568
18253,8.039921275851349
18254,0.7396001340062262
18255,7.594047404518073
18256,4.144367959664745
18257,8.30125767822878
18258,5.331682753592927
18259,6.4398868604848305
18260,8.995331984931203
18261,3.407996787009377
18262,7.331018819471328
18263,5.072468804469952
18264,7.606467548268385
18265,4.008803011914862
18266,7.968589543506885
18267,4.920811991112392
18268,5.822695874230535
18269,8.680897630145894
18270,6.703164123800691
18271,5.8690830415983415
18272,5.714059203736047
18273,5.665745811205642
18274,3.0580315371073845
18275,2.470609481421659
18276,4.307382657463081
18277,5.667944699903813
18278,3.619196409240804
18279,8.15378575267661
18280,6.0807550133476775
18281,7.490812392344601
18282,6.141518128426323
18283,2.7803132364634044
18284,3.401613127928088
18285,4.875598351332622
18286,4.0991914670047676
18287,6.348263144724783
18288,7.178721509390169
18289,5.054210908125811
18290,6.094907017854096
18291,8.950573364029726
18292,4.410138228531658
18293,7.7228036440326795
18294,6.606285151404978
18295,6.740965003546925
18296,7.954090645806468
18297,8.987057475852172
18298,0.5190264537875702
18299,1.9435411585257523
18300,6.197777812206006
18301,5.3657851702760375
18302,6.044001622229613
18303,4.933475072445068
18304,6.810017789454337
18305,5.037874213084086
18306,6.6816800221168755
18307,4.171353783764258
18308,5.886065404472023
18309,4.554522668894098
18310,7.224970078173087
18311,4.639242046780313
18312,7.415129616206045
18313,4.994543560612354
18314,6.350149118799156
18315,4.555516551634824
18316,10.0
18317,5.6260947874969744
18318,5.671138896331751
18319,4.064225883509093
18320,4.255526880374207
18321,2.8871850769505394
18322,3.6146606253884195
18323,4.503139451125235
18324,5.045914236584529
18325,7.135243110618584
18326,4.380816381775609
18327,5.470290008663577
18328,4.2200239522685
18329,2.9315273062489657
18330,5.646257121749673
18331,6.929539079231662
18332,5.961558189360208
18333,4.6782355033013605
18334,6.244177379958272
18335,6.78811275726493
18336,4.91763576788485
18337,5.727779275262199
18338,7.645676766800314
18339,7.526887198045651
18340,3.6922982299505707
18341,9.456634507590621
18342,3.538586650145337
18343,3.6976156825745816
18344,5.3829562547391
18345,5.365632210993398
18346,3.7229913732678086
18347,4.153545003642645
18348,6.86100824584134
18349,5.059274838366928
18350,5.773970143182958
18351,4.853860803116729
18352,2.1175851047503595
18353,5.7892554793751225
18354,4.061213721778673
18355,3.9953117273135645
18356,4.582385797711765
18357,3.7755249794024204
18358,8.42941533952509
18359,5.072466606541172
18360,8.51171449827535
18361,7.41972774419764
18362,7.897062430534567
18363,5.302094058407936
18364,8.224127345913738
18365,6.828189282800319
18366,7.182401142260948
18367,6.896688493341182
18368,8.175031286780877
18369,4.302270761177144
18370,3.032239261045817
18371,8.22106817060029
18372,7.092866477730905
18373,7.119060254681993
18374,5.886007845147932
18375,7.7464374858651786
18376,4.013394551352148
18377,3.3614441872798815
18378,6.09819002304657
18379,5.5620752343102815
18380,5.724455778603855
18381,4.027827433479304
18382,7.069780883404918
18383,3.8551867286860633
18384,6.914386812788613
18385,6.0583167278524765
18386,5.970440379306377
18387,5.962597070886362
18388,7.782539679120982
18389,2.9157873055771066
18390,7.856806075581838
18391,2.875872817228003
18392,3.9666872046620436
18393,8.184821011502997
18394,8.09281491896855
18395,6.960508162013807
18396,6.607621114148517
18397,2.2563884851931535
18398,7.145421999865992
18399,7.8304509526326305
18400,6.741252214638087
18401,6.3869233267687635
18402,4.463365855570405
18403,4.266926993407371
18404,3.790195924999888
18405,6.867299061488588
18406,8.097830291995178
18407,6.1100645303835375
18408,6.162384622749959
18409,4.792268078249129
18410,9.581069408205241
18411,4.477879728240616
18412,4.947882312103797
18413,5.905228119537922
18414,3.3434436042471765
18415,5.211888677640253
18416,6.820010902179346
18417,6.29582116961081
18418,6.483343391400595
18419,6.291182511628541
18420,4.815109238562139
18421,7.9172206649361385
18422,5.194722918740016
18423,5.208021592331896
18424,8.219233920046998
18425,3.9790163759599833
18426,6.435105215700296
18427,7.547138118885223
18428,5.369166072760117
18429,7.6963029533921254
18430,7.49327844311241
18431,2.3953985180566217
18432,4.636127994285915
18433,6.569601118895383
18434,6.403179222054133
18435,5.027552014584322
18436,4.124023135560745
18437,4.993170664841349
18438,4.491701018174804
18439,8.992963519740144
18440,6.928280574039262
18441,7.348082389089629
18442,0.584653707524648
18443,4.927648360950913
18444,4.762136276918033
18445,5.203695139072545
18446,8.041960271644154
18447,5.310266914922684
18448,5.775181310357
18449,1.8787096243277355
18450,4.354851760727276
18451,4.806303945425221
18452,6.964061546392438
18453,2.474420570194881
18454,7.977041970437659
18455,8.102988107322306
18456,4.818194245071918
18457,5.910413821652118
18458,6.773986442112799
18459,3.188519069665133
18460,5.119125680895128
18461,3.977847321294848
18462,7.45562000697622
18463,4.5750886206460475
18464,6.184754732159308
18465,7.545613712646214
18466,6.356947610534251
18467,3.9927759323949803
18468,7.6663841869536125
18469,5.35871018092679
18470,6.536978329278401
18471,7.723875438820764
18472,7.993627940774234
18473,4.352640086300047
18474,2.130667245412737
18475,4.679143101785507
18476,6.462127870192744
18477,7.11852344616201
18478,7.976502082346239
18479,4.987422600561117
18480,7.033629808195518
18481,2.1582486374314453
18482,5.122797337513847
18483,6.220479440934872
18484,9.27895797798859
18485,4.3878182005852615
18486,5.318451850064976
18487,5.404411707987912
18488,5.755732487390816
18489,2.197173948537006
18490,5.476330132122312
18491,4.949066946573849
18492,4.256952790416102
18493,3.7260011004391798
18494,3.726413737167162
18495,5.552692780581768
18496,7.416572827532636
18497,6.352495005705014
18498,7.603675255519637
18499,5.376658216626061
18500,4.279342019634316
18501,2.1091577398101276
18502,4.7200872845593755
18503,8.20089408404529
18504,2.6688829495775606
18505,5.499881176649003
18506,3.1151214684673696
18507,5.175952599824655
18508,2.114671790577226
18509,5.18659863526851
18510,6.5460228982749395
18511,5.174950217445502
18512,6.672160074456554
18513,5.752273631494808
18514,3.792974774251877
18515,4.648078593934578
18516,7.742934175225647
18517,6.096127220038152
18518,5.095961724553178
18519,6.473002575633187
18520,7.198276486002373
18521,8.487318330862026
18522,6.5908414487978675
18523,6.871632539903021
18524,0.013972796643039534
18525,5.5454019540835064
18526,5.590360393482765
18527,5.031285434585025
18528,8.67827607193474
18529,8.450988025108286
18530,4.711132403671844
18531,2.831973953177525
18532,5.7589223470472435
18533,5.094852652250938
18534,8.066109241490135
18535,8.123041399224658
18536,8.17900911783954
18537,3.5700073735561224
18538,6.142314658298162
18539,4.6097027486177815
18540,8.172302470561608
18541,3.9832689647888264
18542,5.371935103155628
18543,9.316190109029046
18544,5.995916238733589
18545,3.721628052649218
18546,4.5368108201984345
18547,7.834978167162257
18548,3.638351345207282
18549,5.723972214356534
18550,1.2833264727316414
18551,7.918198856551068
18552,3.5716326491293424
18553,6.297443778880572
18554,4.229227212713879
18555,8.391561637451705
18556,4.729522213731458
18557,7.389797049342963
18558,5.343720711007972
18559,2.032085321426453
18560,4.937876114151509
18561,5.003366222035178
18562,6.988204752718174
18563,7.2272498939856655
18564,6.925511287727057
18565,3.4199731806917804
18566,9.217226880762288
18567,6.830610075854521
18568,2.290117790526943
18569,9.537901578871397
18570,3.1505667842308447
18571,7.638673640574462
18572,5.8967001997091995
18573,5.27740649805953
18574,8.431108910577725
18575,5.831315849259682
18576,7.215890861845459
18577,6.423431572184092
18578,6.597620111388782
18579,7.787729775783445
18580,4.424210275356834
18581,6.495384762741906
18582,6.124266769834603
18583,6.592084828716676
18584,5.865981922729898
18585,8.17843795375384
18586,8.054745198690846
18587,4.457012857443116
18588,7.846063148169355
18589,7.4597202852694044
18590,7.598301134846447
18591,3.583687652305845
18592,7.371797434247999
18593,7.990929295490355
18594,7.790470729540403
18595,3.5753631419813923
18596,5.641593334741698
18597,3.5833162800878964
18598,4.556025563242819
18599,4.06630340841173
18600,7.245576713777305
18601,8.442030856196304
18602,4.890483839854593
18603,4.803235288607492
18604,4.982288677735216
18605,5.936857251734253
18606,2.5686842670131744
18607,5.3126865013091065
18608,8.753489619943748
18609,4.77724691449479
18610,8.092736397726197
18611,6.693101804304632
18612,4.846686479236363
18613,7.259694193493692
18614,4.40025650621963
18615,6.404314723325938
18616,2.4267601200814823
18617,2.977790331352394
18618,7.4952353144366475
18619,7.104378586200444
18620,5.92164329924573
18621,4.021483899742161
18622,6.332666772640841
18623,4.499524583698707
18624,6.7655786922675425
18625,7.447788425631677
18626,3.757443358903016
18627,8.367481601540876
18628,7.871119753399409
18629,6.605264165921283
18630,5.2632017544340775
18631,7.024065810504819
18632,3.1774792173197253
18633,9.382352059315622
18634,2.484169071453261
18635,5.41411348647607
18636,6.639578019397963
18637,5.892869043582176
18638,8.876666148659869
18639,5.99222416249558
18640,7.746596865812005
18641,0.9202286080314127
18642,3.4854406351852454
18643,4.941938269398744
18644,6.764895465470976
18645,7.085447599886831
18646,3.3221587099814385
18647,4.081128599324624
18648,5.927831518938561
18649,3.4935693878658745
18650,5.682368513307676
18651,6.08358855232429
18652,4.555540733709697
18653,3.770371643687805
18654,5.166451712042013
18655,3.0627395748960375
18656,9.336393411795191
18657,4.78335420572349
18658,5.2931940662634105
18659,5.119365102972838
18660,8.108113880445915
18661,7.341428876939175
18662,4.749765494654203
18663,8.076921768207542
18664,4.603491420443838
18665,8.932829097594983
18666,5.3274371489005805
18667,8.792113760615424
18668,6.4340312729993
18669,6.996816773698219
18670,6.90252647580642
18671,6.689305551938642
18672,5.752769825907647
18673,7.4264871881365755
18674,4.941512816982794
18675,5.151087470557655
18676,6.032868457322111
18677,4.937351411469376
18678,7.874375454418563
18679,6.572679551571952
18680,5.074683115941842
18681,6.511458583414456
18682,7.2763430513165535
18683,6.729274249316584
18684,3.295453093074496
18685,4.318804244405282
18686,4.687731851413894
18687,6.217733201225853
18688,9.098730885984136
18689,7.380382079915936
18690,2.7562288349860666
18691,6.216493676172449
18692,8.886897419688001
18693,8.022594762544871
18694,7.134710260449642
18695,3.3753719878757895
18696,8.856432490667135
18697,3.0240597149916155
18698,3.7081056270532464
18699,4.482803671054529
18700,7.570845201243405
18701,7.522754496965343
18702,7.783603618250389
18703,6.725034589181131
18704,3.936675299460518
18705,4.003452641556001
18706,4.79709251148136
18707,8.32570737370077
18708,8.91867884796238
18709,5.600147181668089
18710,5.4164640181052395
18711,7.667281594223033
18712,6.865994701044479
18713,5.428446023865049
18714,7.743606242300174
18715,4.811838447568485
18716,6.852742306549398
18717,5.32230579383305
18718,4.280109970449518
18719,5.499548352820879
18720,4.063323357872802
18721,4.920498551391351
18722,6.226552010315066
18723,9.097735558119654
18724,7.64165402220021
18725,5.60419053103533
18726,9.178729119272285
18727,6.843477071554374
18728,5.873167764568921
18729,8.368749632672744
18730,3.682815907969748
18731,6.796053782368292
18732,8.10441084183864
18733,4.507539609570527
18734,7.203084095865726
18735,6.153233556583414
18736,6.246413673242211
18737,7.779344126136921
18738,2.6748859752977374
18739,4.109103010696927
18740,6.403291977201409
18741,6.170286046423041
18742,7.282365637589751
18743,5.268319402580926
18744,4.328994159940726
18745,7.87236129172188
18746,3.957253682677893
18747,7.661919846885269
18748,8.520485380287651
18749,2.4644740175669315
18750,5.207399581288138
18751,8.321182503660634
18752,5.833452188944312
18753,8.31896682809456
18754,4.427146434773041
18755,4.996228073396771
18756,4.644428347114089
18757,7.327576574455375
18758,5.247750368389095
18759,4.0783679431091935
18760,6.34230885130253
18761,6.678163943158086
18762,7.593709739230987
18763,5.1709826711251745
18764,5.255420667666872
18765,8.385046086418585
18766,7.2623836940480375
18767,4.722719304942237
18768,6.276602521495169
18769,1.1308445359370503
18770,5.1706116204483346
18771,1.8821521729718351
18772,4.400871438355329
18773,8.387427780897072
18774,8.110157735961753
18775,7.3632529948201855
18776,7.5667274794315365
18777,2.0044268059200863
18778,5.699172353809502
18779,8.456775733233263
18780,5.71611920392144
18781,8.926615277429647
18782,2.178002949071299
18783,8.058136219809265
18784,6.899127145038081
18785,5.865299725010404
18786,8.451263780240598
18787,7.050385493680085
18788,7.617420402336875
18789,6.237278594608644
18790,10.0
18791,5.692930423243109
18792,9.035915786701453
18793,7.066561409422131
18794,4.068327996760843
18795,8.465601042462804
18796,6.6557001220827425
18797,6.169007166399653
18798,5.808789120821666
18799,5.241847849737665
18800,6.081848924292105
18801,5.737730236746745
18802,6.987551512070941
18803,6.626364917384273
18804,6.8853000100879775
18805,8.738494098979672
18806,5.255236809354731
18807,4.696299599713201
18808,5.248942984059476
18809,7.539536318189008
18810,5.792982943409076
18811,5.099616853848233
18812,7.249898253642637
18813,7.692845945047932
18814,5.605268015501666
18815,5.7714462690223405
18816,3.968867541120008
18817,6.320951120781521
18818,4.872788469373199
18819,5.386949780805457
18820,7.196538348386265
18821,5.178541649519142
18822,1.4961808345789431
18823,5.985012744402308
18824,4.486326679302322
18825,2.8166040977954374
18826,5.7136278938876774
18827,3.571549739060089
18828,3.3502604735632597
18829,7.405545842385231
18830,4.419271698245253
18831,9.37996700599372
18832,5.710145567466484
18833,8.375433569014946
18834,8.11534324622427
18835,7.286467954148155
18836,8.14887702493522
18837,5.078676557780851
18838,5.130166996451184
18839,7.969419782791019
18840,6.699696882314922
18841,6.360881837486572
18842,8.539163553909765
18843,8.702426201424519
18844,6.4909183324062125
18845,6.711390842906483
18846,6.0516846533631306
18847,8.023497263025192
18848,4.794481966161576
18849,2.869430938597487
18850,8.651708919813128
18851,5.984123277938279
18852,6.6173396806774845
18853,4.918567302785814
18854,4.8309232427475814
18855,8.934892332520574
18856,5.340586574689928
18857,6.17222613748079
18858,8.488880311807026
18859,4.790873081779667
18860,5.54770346008731
18861,2.7134746415961697
18862,7.038489942614249
18863,6.4683554019789575
18864,7.793784489784332
18865,8.974146475127203
18866,8.080564536562811
18867,6.9132519092532565
18868,9.16784496353955
18869,8.48221542507224
18870,4.67277791268003
18871,8.108165201963702
18872,6.119456011262104
18873,4.023515337688769
18874,5.689889901464383
18875,4.49837581940217
18876,1.7602867132269782
18877,5.896878023548425
18878,4.430942583823909
18879,7.0980170068085755
18880,3.279427991367139
18881,7.2241391674373645
18882,7.76487372784339
18883,9.371569320924829
18884,4.614873302246417
18885,6.326339021084243
18886,7.883460535469812
18887,5.937595709022816
18888,4.449378488329607
18889,5.2205917411754825
18890,3.518543856018228
18891,9.02694001868879
18892,4.523686796582063
18893,9.678255498618723
18894,6.272684427277961
18895,7.896586757511258
18896,7.991491287056512
18897,5.904721812031057
18898,7.481006949001462
18899,5.1125906029136825
18900,9.4775291199774
18901,4.389531510103267
18902,6.604140156324984
18903,6.324429120084055
18904,3.3133896842730386
18905,4.229395029500816
18906,6.572307026714345
18907,4.937499564076855
18908,7.4182392106756625
18909,4.732548719244338
18910,5.203555104998053
18911,6.035736309407151
18912,5.995692146020421
18913,6.654580559463473
18914,3.551292768987786
18915,4.198948460379855
18916,8.53854695451102
18917,5.502035812767804
18918,6.864199964814458
18919,6.145645602067527
18920,6.780252247421414
18921,6.4259476484844775
18922,7.331674404710592
18923,6.175357091893263
18924,3.9859544233623634
18925,3.998871474239608
18926,4.65340311462391
18927,6.431345026552215
18928,6.672499369079496
18929,6.380827190488147
18930,2.2905891059592536
18931,7.0352415938720165
18932,7.0738415056293205
18933,3.1665090599019643
18934,7.627187329094405
18935,1.4792914648428563
18936,8.32718679755701
18937,7.5704819224034745
18938,7.050915776388515
18939,9.953318384733919
18940,4.135510496554209
18941,8.044729416867252
18942,8.535361155667854
18943,8.519531595809932
18944,3.4104971139314775
18945,6.109696941084467
18946,7.419664036575083
18947,1.99004436367815
18948,6.727572344883871
18949,6.544204232071724
18950,5.412672863208849
18951,8.04256456620988
18952,8.624576322086542
18953,7.580775826920337
18954,6.4125812733130685
18955,5.009770783563231
18956,6.110025049486908
18957,5.307084548937374
18958,7.378222647879565
18959,4.1920288137441695
18960,8.013357463152557
18961,9.325119395551834
18962,6.842815970772524
18963,7.373448753463217
18964,4.659816871474036
18965,8.377785188464761
18966,4.8694620756587845
18967,8.99120802176316
18968,6.318723564129438
18969,3.2022548694182102
18970,3.9515004773915914
18971,6.158365728233822
18972,6.316176318990211
18973,5.170787926859847
18974,5.745675450201375
18975,4.8386616813534875
18976,9.688050062203766
18977,7.094280556999119
18978,6.296593899842005
18979,4.85303307128351
18980,6.306828739124887
18981,2.4734298090786613
18982,5.43316587468838
18983,6.709224577867873
18984,2.7793650123181335
18985,6.010263569514926
18986,2.3725440835039633
18987,4.1073511816328985
18988,5.488012153821355
18989,6.695092539591679
18990,5.870839190780032
18991,6.568768916397984
18992,6.578505356872407
18993,8.877135132475793
18994,6.827416546264576
18995,3.7778511472272025
18996,7.780944261742298
18997,3.1515814224831917
18998,6.176297074374419
18999,3.7759591872819724
19000,6.617552904298737
19001,3.11717161307528
19002,5.060184681046606
19003,4.010212356264071
19004,2.8661494583582527
19005,5.41238925305642
19006,2.587336810710124
19007,3.842844528168523
19008,2.7808121007908566
19009,4.3541930455163795
19010,7.293928051738729
19011,5.4483064145875115
19012,9.710626347514442
19013,6.4486732204333705
19014,8.463237350369743
19015,2.710832418859841
19016,2.179645670888454
19017,4.023073114808072
19018,7.408703606345044
19019,7.406609192089997
19020,6.987462650917577
19021,5.93795629760725
19022,5.823486893365163
19023,3.421892713454962
19024,7.985534698057509
19025,6.8981135312947
19026,6.3832522368741484
19027,5.615222556062494
19028,8.656741378284867
19029,2.162660286898485
19030,6.122989617893775
19031,5.261135460654008
19032,3.9965237714094446
19033,6.197309541770599
19034,6.516195113416746
19035,6.823473113434879
19036,7.556584196663239
19037,3.756383081601717
19038,6.788610506964996
19039,6.424683912159168
19040,4.788044997348667
19041,4.4305358413594575
19042,6.933923194207857
19043,5.777585421054097
19044,4.919069902141681
19045,4.875088280167267
19046,5.489690661285485
19047,6.882968352571647
19048,7.351252803261997
19049,7.0012272180360275
19050,4.542195088295813
19051,4.833255829831955
19052,6.054231639269942
19053,5.513304083942619
19054,6.779753840578674
19055,7.095596452365239
19056,8.36462806185378
19057,5.015682837401215
19058,5.805339107955738
19059,7.5536246813732175
19060,2.7708970984833736
19061,7.195182166069451
19062,6.76296622480065
19063,7.24148556811683
19064,9.98833772632816
19065,1.1069516315281522
19066,3.8813112002971004
19067,8.113685886745957
19068,7.760355114930954
19069,6.872159897595254
19070,5.9586375052720335
19071,5.525015253097039
19072,9.640391092401668
19073,7.0472234597628365
19074,7.51814252832178
19075,4.987215003957642
19076,5.625981927095946
19077,5.589535505328953
19078,5.719116891876283
19079,6.654501689162206
19080,6.05163604879752
19081,4.152564406986177
19082,4.452610613634304
19083,7.391070936415968
19084,5.973015213091833
19085,3.6098671881012097
19086,8.613945431373589
19087,6.339065097466687
19088,2.3584058131073293
19089,1.9521489948600852
19090,7.647226764774109
19091,8.171870565476798
19092,7.339910617485141
19093,2.217648344558285
19094,1.9949834154985038
19095,7.268986913316392
19096,3.8151614833568486
19097,5.5117085490267765
19098,7.465041677265557
19099,2.891357494629852
19100,3.076412448607732
19101,6.7774542286037915
19102,5.629653126925853
19103,5.889778964470688
19104,8.992322019265824
19105,5.939629018549674
19106,4.002778405852467
19107,7.047720280846873
19108,6.6400337040938995
19109,5.490085380691068
19110,1.880628936574841
19111,7.48189605143989
19112,5.134929729876487
19113,2.8231392048365866
19114,7.005614970573979
19115,7.290496064202147
19116,7.136386436685596
19117,8.085310111645487
19118,4.740829225429567
19119,9.029138303886782
19120,7.676213433881814
19121,9.00650295527811
19122,6.903684855098131
19123,5.157042137276813
19124,8.75410567732492
19125,4.803826693026712
19126,5.312459509652861
19127,6.73445438176572
19128,3.278778153973687
19129,5.287742548938157
19130,7.287447335556954
19131,7.006540227748321
19132,6.006485570252082
19133,7.647262639021851
19134,3.0531439054164156
19135,9.156753089632437
19136,3.805675882981002
19137,7.727770541035651
19138,8.048945882373099
19139,5.957201810161992
19140,5.826058133339561
19141,9.512351099659558
19142,5.102326177295829
19143,8.808300594095915
19144,2.9712378853367847
19145,4.872830763890742
19146,2.7747617963216786
19147,7.046142011655412
19148,7.930811977021734
19149,4.59674519294416
19150,6.752665608623845
19151,8.832025775657195
19152,6.708937098284621
19153,4.724399038056367
19154,7.562735003964733
19155,3.6967973185377656
19156,5.349219172402607
19157,8.095454128121709
19158,6.9210525953447855
19159,3.5528086500067304
19160,8.617282690782073
19161,3.7445067660801055
19162,9.418170057420834
19163,4.76516634658554
19164,5.265700266950594
19165,6.72653284981769
19166,3.7995788084745143
19167,6.380309117943662
19168,8.43032677800288
19169,8.067665867513732
19170,6.6092053380159665
19171,6.474457341556264
19172,8.344955570873001
19173,3.8854924130786226
19174,7.840282396744436
19175,9.322133439809123
19176,6.543124503573272
19177,5.629190416521325
19178,4.815816163408732
19179,6.260536966804728
19180,7.198203740509773
19181,4.960249474535599
19182,9.022876827765954
19183,8.794684539838107
19184,4.8322114246498415
19185,1.9908712760955785
19186,7.90126299807821
19187,7.686012426577915
19188,3.872001585762337
19189,3.265704910317786
19190,7.8840984254642414
19191,6.075227544239707
19192,7.036988295682014
19193,7.905849317698426
19194,1.7609802649939525
19195,3.92589142417711
19196,5.300092095175148
19197,6.488880967994947
19198,9.070462410965368
19199,4.719858828126369
19200,4.2680736691788
19201,6.625027097999233
19202,3.2687082057605705
19203,5.179206902694189
19204,8.699178078455896
19205,6.898595379821296
19206,6.245298003581988
19207,6.812499235380578
19208,3.6763893958448697
19209,6.143492086631212
19210,6.870043273230026
19211,6.017634345447794
19212,4.785170152309551
19213,7.847379578926695
19214,6.3459929854631865
19215,3.784131474727541
19216,6.028890683570704
19217,7.8707237970967
19218,4.507024851123915
19219,9.453294229486183
19220,6.862265447139687
19221,2.6154121370664267
19222,8.174631342037188
19223,5.442867577467692
19224,5.093829462190271
19225,7.153793686806315
19226,2.72589180451344
19227,5.487920275526062
19228,3.0467304954942764
19229,3.8357574869126263
19230,4.181219020876845
19231,7.284067452395381
19232,6.928048028578407
19233,6.84526331531704
19234,8.978966177970754
19235,7.30281723356887
19236,4.796697645834569
19237,3.167798316463726
19238,5.001695343595266
19239,3.9279632494135353
19240,6.454292894136689
19241,5.302351228134263
19242,2.721467133190264
19243,7.631984039965433
19244,7.946654783521735
19245,5.7736644270251185
19246,6.423297772391807
19247,6.622319032560727
19248,7.250557000107749
19249,8.700478495835664
19250,5.710337499424693
19251,6.607774193007921
19252,3.5693292897373423
19253,6.168853351336338
19254,6.910696163340713
19255,6.265300357693722
19256,6.047740564158762
19257,7.710514404952246
19258,3.288647719948449
19259,4.827618355811449
19260,6.74673095292653
19261,2.2626950742726577
19262,7.3989068386351695
19263,8.41217602360619
19264,2.7591622686526174
19265,2.0180833848335555
19266,7.47459277750735
19267,8.067922019252496
19268,6.093175746076573
19269,4.451752596713545
19270,4.436222176382332
19271,2.8693617527475452
19272,5.618546658601247
19273,8.133331568364062
19274,2.6736524060300413
19275,6.01192740243789
19276,6.628067210889746
19277,7.535826616872268
19278,5.6004474902385315
19279,5.537199037064349
19280,3.9779199773260565
19281,2.3326405062490387
19282,7.298680932809747
19283,5.401556103091194
19284,2.2080868219920977
19285,3.6912389395981013
19286,3.9296683453470025
19287,5.615890994389217
19288,6.688473239268636
19289,2.254368648161335
19290,5.453108642968285
19291,7.031234775216584
19292,5.771427834562325
19293,5.419769714914006
19294,8.505834721820753
19295,5.07944779434065
19296,4.993585814227993
19297,4.807808886571567
19298,6.514831041333003
19299,6.279000814710065
19300,6.040817779019584
19301,7.139634482310948
19302,5.0504460990176705
19303,6.89720910596681
19304,3.035946978031517
19305,4.845794669748986
19306,2.197069592022422
19307,4.806147614624359
19308,7.857185104542363
19309,1.7063308705685576
19310,6.74061934413095
19311,5.868596143790529
19312,3.7982590058381094
19313,7.2259369620923275
19314,7.1112158113518005
19315,3.157064724533517
19316,5.943957749046907
19317,6.25969630089582
19318,2.6108240444474435
19319,4.158579640842364
19320,4.416233473804321
19321,7.823828748764691
19322,3.1573256278305775
19323,5.291854954839545
19324,6.532395831650352
19325,6.433379632051699
19326,5.530984229891974
19327,8.095285934218838
19328,4.936819505982207
19329,4.7364531712954365
19330,7.189013042604422
19331,4.488274650160594
19332,7.387349917014563
19333,7.6073496717209075
19334,7.833162014357454
19335,6.998127351170164
19336,7.606254261760865
19337,6.7397831161973825
19338,5.092440533928183
19339,8.10326283720211
19340,6.064329446024644
19341,4.117511957648344
19342,3.5303152322158393
19343,6.040297782747812
19344,6.287120411294352
19345,2.8666305097616593
19346,5.727626170549154
19347,4.652492631565289
19348,2.8161140589238585
19349,6.661626832092422
19350,5.476361305017964
19351,3.247963150862492
19352,8.919277478979167
19353,2.1934310507373054
19354,6.408707285875602
19355,6.709142088284105
19356,7.984534155222126
19357,7.636365450723801
19358,6.585934442519808
19359,6.841162436709434
19360,7.849233105119836
19361,6.556239451885756
19362,3.6892010544688927
19363,6.10328595985012
19364,6.130207890695095
19365,7.3048569307935
19366,4.723656029084009
19367,7.561475518813788
19368,7.936247207479843
19369,8.69992722105286
19370,5.167502651231725
19371,6.263849493582187
19372,5.951356691346913
19373,7.124357311833229
19374,8.192402316844001
19375,6.325825091465694
19376,4.956423653786578
19377,4.134585242114139
19378,6.958350502786963
19379,5.555040139464972
19380,6.494628573712982
19381,8.587991380061263
19382,7.626782305979987
19383,7.0302295942032105
19384,5.928075922976964
19385,2.6443534681918885
19386,5.8455812048518485
19387,9.313934401977896
19388,5.87475704547105
19389,8.556276657924696
19390,5.167930587477446
19391,6.775856101236691
19392,3.913493161075337
19393,4.1919317721863605
19394,6.628500863714705
19395,4.705948399149618
19396,1.0618938068227215
19397,4.120864968229422
19398,7.777696034185673
19399,4.512679432280853
19400,5.448066968282721
19401,5.875394345005966
19402,8.611327758519582
19403,5.208664379546807
19404,8.285522145781659
19405,4.498286492247652
19406,4.481067573119841
19407,6.43949450841586
19408,2.5001017990629517
19409,7.048015031575355
19410,5.823579387891844
19411,7.249136495439316
19412,6.295577733839964
19413,7.781971794687827
19414,3.4547287215858615
19415,7.562176157608287
19416,6.2634667608894805
19417,5.239384602320833
19418,1.5703421043886299
19419,7.727933144506584
19420,6.1373877573990825
19421,5.74694531848695
19422,4.734581690566816
19423,7.518451905092567
19424,8.251538491198625
19425,6.825526746124965
19426,6.989730784423762
19427,6.106577238674206
19428,6.496075293423338
19429,6.700321326846055
19430,5.545049915859214
19431,5.882606034738693
19432,5.951436325718681
19433,4.671167853109364
19434,8.786178188127005
19435,5.259520677291135
19436,7.934431331461383
19437,5.347795276324258
19438,3.010852996412928
19439,4.475712940366962
19440,5.662759146847506
19441,6.213547732154077
19442,8.108688234438002
19443,5.757116103886378
19444,6.964933892516913
19445,5.634400399069197
19446,8.605812878229107
19447,8.434320884723192
19448,6.56112528450192
19449,9.244341586776367
19450,7.636409934750672
19451,7.946357391083695
19452,5.60056039891908
19453,6.181072544953737
19454,3.9435243784824046
19455,5.278877074264705
19456,4.596487100320793
19457,3.9691950002585967
19458,4.132741883734183
19459,6.038373031822616
19460,6.057027175387419
19461,4.601263336803527
19462,5.761331064693147
19463,0.6881593714063379
19464,6.6158182214639565
19465,7.016071276571087
19466,6.716258961031657
19467,4.006956104190053
19468,5.384361738302006
19469,2.213339532114368
19470,4.8514109184516085
19471,9.0179725655592
19472,3.820268197583404
19473,7.157481406924697
19474,8.718329996261655
19475,4.507411493536398
19476,5.894256661169156
19477,8.144136296188718
19478,3.5731655419840997
19479,6.724847853779043
19480,5.878953193431169
19481,5.831266628400102
19482,6.5527372959998385
19483,0.24434603738187638
19484,7.473803448121447
19485,8.182542709020389
19486,6.402109044758673
19487,5.703364272725497
19488,8.118559135904505
19489,5.978528481194131
19490,1.997036757759383
19491,8.111376079374217
19492,7.794760830540634
19493,7.669983810794042
19494,6.80890099103947
19495,8.862072446923376
19496,7.010694642748368
19497,5.314204615302862
19498,7.860356946790982
19499,6.030809067620714
19500,3.636616762832961
19501,6.105057972231041
19502,8.865429049640976
19503,6.980713649259369
19504,5.5216889627438865
19505,7.2668950084225195
19506,6.031388719216804
19507,6.683755443696075
19508,6.136382908040983
19509,4.2233931741256265
19510,8.6290439325881
19511,3.684555937601044
19512,7.750290146902857
19513,8.486224525393414
19514,8.639299224332161
19515,5.9260420845667765
19516,3.1630649570321343
19517,8.507633914222392
19518,2.3490312718566515
19519,6.812167045135015
19520,6.645058953592702
19521,3.7161015270585604
19522,7.775694209250513
19523,4.00696609477084
19524,6.4083631496301265
19525,5.679161399206578
19526,7.7918656344744806
19527,8.50313421838554
19528,8.396374593470831
19529,6.206913437258974
19530,3.30325695908892
19531,5.253975727033769
19532,6.982420927801272
19533,6.943838077210931
19534,9.09339354217488
19535,7.381898598454587
19536,5.819930174971544
19537,8.210450672027685
19538,7.8756369225108624
19539,7.11761147364062
19540,4.8463203900506295
19541,7.113137486937929
19542,5.020795944827923
19543,2.030584879988776
19544,9.99694091087227
19545,8.889720000090865
19546,3.7597197782041065
19547,6.804044319247623
19548,5.568327520399957
19549,4.908881761929518
19550,8.509141693390243
19551,6.632130502530602
19552,6.147762455480465
19553,6.096776985367921
19554,6.332880573899388
19555,6.074795066031506
19556,5.183033007583276
19557,3.8878646220470667
19558,5.240034571065559
19559,9.447897515137852
19560,8.35256656698464
19561,8.252973284168077
19562,8.276197484112059
19563,8.014354712256763
19564,4.08700497982351
19565,7.545340063641495
19566,8.49323937970701
19567,8.071373058217711
19568,7.853688512419495
19569,3.4803643710666936
19570,5.965498107034533
19571,6.16134848610864
19572,6.828028731068399
19573,7.154148119195381
19574,7.798420487684736
19575,4.768647166187963
19576,6.969090727734008
19577,3.695059403442106
19578,7.928247716425645
19579,8.051037342420985
19580,7.8036419227743705
19581,6.488304884467014
19582,3.522277600534387
19583,5.332366025305979
19584,3.270184320809838
19585,8.722595363239197
19586,4.158410854566226
19587,9.502939788912938
19588,9.649003414069973
19589,1.7659023803311673
19590,1.838628577202902
19591,6.335746935052285
19592,3.7465508927836897
19593,4.244414224249779
19594,6.0905296290386
19595,7.849895754830344
19596,5.317276054991328
19597,4.475672871349105
19598,8.153378336484788
19599,6.408275085311364
19600,4.813493778480522
19601,5.653457628160382
19602,3.783067064020566
19603,1.818196036081085
19604,7.290621255896886
19605,8.397841993812172
19606,10.0
19607,9.087115064474181
19608,7.785441610913706
19609,3.566701252386623
19610,7.236086597414095
19611,6.19418319496192
19612,6.8262949698794895
19613,4.2828271774087785
19614,3.623453811278022
19615,6.411285031873531
19616,5.518783037923759
19617,4.586851986710549
19618,5.89192691970432
19619,4.25842736700241
19620,6.942736013404418
19621,6.016378132131109
19622,4.41866736857174
19623,8.002311646401436
19624,5.213870286885343
19625,6.012183676250976
19626,4.667015082379985
19627,4.677200810530753
19628,6.7008398671117115
19629,4.986409534305041
19630,6.205242229195182
19631,6.158065090003783
19632,5.621739343521433
19633,3.81909192194834
19634,6.414732254314791
19635,4.097301281722345
19636,6.304059785303239
19637,5.3720814905971155
19638,4.875945238934561
19639,6.009375781139341
19640,9.347242427437363
19641,5.51554776902533
19642,6.900842738436173
19643,4.442879201618724
19644,1.7395278402371532
19645,5.614233411889028
19646,7.345054435299993
19647,3.1681446271565297
19648,6.268457223042677
19649,5.538528810312611
19650,7.1496892922350135
19651,4.3078295723807525
19652,4.4097394371155945
19653,5.618712074675695
19654,5.793022483152281
19655,4.782384480270498
19656,8.790813995896045
19657,8.581537520420756
19658,4.203218931585849
19659,6.9531670469774225
19660,3.0647903790148368
19661,5.34377527266515
19662,6.371090307591758
19663,4.763203615243735
19664,8.047227446890561
19665,6.750172195587377
19666,6.650483684875432
19667,5.542255590469923
19668,7.797242761820047
19669,3.7266415946626736
19670,3.8687765649890338
19671,6.852955195825582
19672,6.4600372804559925
19673,4.821432690729713
19674,7.882022148879891
19675,8.790155859213412
19676,8.009219647668415
19677,9.208991937221938
19678,4.663497967345071
19679,6.924577018656705
19680,7.345717865515392
19681,9.398768952223843
19682,5.255080189883137
19683,2.7056708702270877
19684,4.450414242233722
19685,6.717383137319573
19686,5.436308273440189
19687,7.085584384452231
19688,7.159637664811271
19689,8.660740630409371
19690,2.2320447360675106
19691,4.669567323388577
19692,9.382046212767289
19693,8.493576398789799
19694,6.646203576579178
19695,1.6309913799636175
19696,6.7213420887625
19697,5.526536933827811
19698,5.544737475165387
19699,3.1017371771960085
19700,7.473359778086779
19701,8.586046469100197
19702,5.496253667490943
19703,8.453824725146887
19704,7.886970222620071
19705,6.667283429591063
19706,6.816175192853595
19707,4.616670558291132
19708,4.537950896039615
19709,4.330055753981312
19710,9.530791001479939
19711,5.178032706024552
19712,9.066749396696189
19713,7.474614849718047
19714,4.644953686057912
19715,7.017013823298282
19716,8.20611744600307
19717,6.797205646718204
19718,3.991991321312019
19719,3.760902245836854
19720,4.760563469159655
19721,5.473798189205303
19722,7.949342332486933
19723,7.597555597339899
19724,4.995278502885869
19725,8.068879603663033
19726,4.6984109340086375
19727,4.331553495477783
19728,0.6079197352569498
19729,5.564725030425345
19730,7.919646883191432
19731,5.357715419777509
19732,5.191312534068027
19733,4.474166922064025
19734,7.2404205625403675
19735,7.889391656088549
19736,3.6229125807617057
19737,4.743418860944925
19738,3.226779610635839
19739,5.0584854716306396
19740,7.03346923220794
19741,5.7004078358833565
19742,4.606752823281211
19743,5.864164122702357
19744,5.943646687877043
19745,1.0281357944789995
19746,3.234740844000452
19747,8.353509308486856
19748,1.9579646702707034
19749,4.763434716744233
19750,1.9606710358456159
19751,8.115296483787354
19752,4.2793123506980555
19753,7.498526667496848
19754,5.641695149824563
19755,5.84966892845511
19756,7.385355415888558
19757,3.704926042488008
19758,4.207246465419493
19759,6.32882104522833
19760,7.117218225774986
19761,6.354906979506344
19762,6.2352114609081575
19763,5.85764245908428
19764,4.880946655905651
19765,7.050524037421244
19766,6.912749353785114
19767,7.603149374085245
19768,6.344076879058736
19769,7.199802308559827
19770,5.822812438023478
19771,4.1671252880211425
19772,3.41921939695781
19773,5.445698188837537
19774,4.249198781695388
19775,3.2308074134655014
19776,9.04455484177873
19777,4.885307777399878
19778,5.664343285894301
19779,7.42177159984591
19780,3.907082365655291
19781,5.472699354961546
19782,7.2291870096792294
19783,4.277998744657429
19784,7.775667017244328
19785,4.6896860932210185
19786,5.607215192169129
19787,6.519592741349358
19788,6.708225522482326
19789,6.826445429615121
19790,7.2211534409346285
19791,7.919029381868646
19792,5.830904943261033
19793,3.693945587129231
19794,7.493580570899946
19795,7.231495952165927
19796,2.7630827191217278
19797,4.859802936556981
19798,7.366137931500578
19799,3.322881553695845
19800,4.483311843232131
19801,5.490846684565129
19802,7.930356505842233
19803,7.342169272548154
19804,5.620825486735988
19805,7.107028358743542
19806,9.473977529587092
19807,8.49493158811422
19808,7.91572572709047
19809,6.07534272252084
19810,3.8042346505117752
19811,4.51085657620355
19812,5.075856617230913
19813,6.506810438839928
19814,4.220822355094233
19815,7.717734300370988
19816,3.306148065333877
19817,7.4271951878132345
19818,8.459121258499248
19819,6.2274601584460605
19820,5.245104768282101
19821,5.5112537843020775
19822,6.40562162915429
19823,7.441455269910082
19824,9.162637545600816
19825,8.377341196145117
19826,8.395790189920428
19827,4.088526567051912
19828,8.378119560974604
19829,2.413204895843775
19830,2.738105863326991
19831,5.62437778355766
19832,3.997573410910191
19833,5.652200213072483
19834,3.9320429080632526
19835,8.571613318503568
19836,7.014430538234764
19837,3.1629116737005813
19838,4.060447010547307
19839,8.974872185021683
19840,6.865950173772041
19841,4.147844672054908
19842,7.695128854687098
19843,6.192703614781079
19844,5.818291674629063
19845,6.959832764847156
19846,8.266188466700829
19847,9.120338369146118
19848,7.736888951249515
19849,6.157557812170973
19850,4.258483395205919
19851,6.182222982067458
19852,4.9774291186838475
19853,8.065415204539608
19854,6.011031489094669
19855,8.295440242271027
19856,8.858404305436913
19857,3.0984625177933753
19858,5.445217526553191
19859,3.3915187066202153
19860,7.795084097745322
19861,2.626496650007686
19862,5.745304344380074
19863,7.176653515680405
19864,6.266646345834756
19865,9.582240229571122
19866,7.787709023469294
19867,3.592234984674298
19868,4.303836422623837
19869,6.318024727254406
19870,7.8222308616719545
19871,5.728691453795863
19872,5.857458545934659
19873,4.433613801979207
19874,3.416032587669318
19875,4.970731130343426
19876,4.891297053212375
19877,8.228017262882464
19878,8.567822976031826
19879,5.002612657762874
19880,7.158684234736607
19881,7.395985671053461
19882,7.228299768404491
19883,6.163756157299628
19884,6.443613776042739
19885,5.913844165749646
19886,6.042061768213603
19887,6.086601047152309
19888,6.393602532568223
19889,4.271088939264686
19890,5.754878151329588
19891,3.9933461979440312
19892,2.1355747342901674
19893,5.529069308704073
19894,7.8395429983838145
19895,7.450355318935594
19896,5.150325421602678
19897,3.6033818281070067
19898,5.256192769132608
19899,4.91015434804201
19900,6.578127894781426
19901,6.207125823072419
19902,7.782298079847307
19903,8.432528002326054
19904,4.344099515396999
19905,10.0
19906,7.323450372765398
19907,9.044852342147244
19908,5.271428018227085
19909,6.18757407542954
19910,5.968544605151226
19911,5.869352992147122
19912,6.468530408967581
19913,8.039458907643255
19914,4.33675655880723
19915,6.583716878006954
19916,6.5862876573447355
19917,5.564134009085562
19918,4.413627726770756
19919,8.282910271205658
19920,7.809690244284693
19921,7.770771879052602
19922,6.690405787139788
19923,7.3426185763638445
19924,7.247111617918249
19925,6.6074055939835645
19926,4.179998990129218
19927,7.02332548709694
19928,7.0112318503312885
19929,5.412164275228833
19930,7.98602147060939
19931,4.482087987188298
19932,6.731634030844651
19933,8.290996072371165
19934,7.808327461247964
19935,4.885843563144
19936,8.40039098672235
19937,8.047152173771213
19938,2.9112653421889227
19939,8.074600989501462
19940,7.618194850200321
19941,8.895082814640059
19942,4.9206012172095726
19943,6.843541991502246
19944,5.848729134729224
19945,3.6215051927903943
19946,4.022949966436515
19947,1.6237435216410816
19948,3.404073348502592
19949,5.491395740336652
19950,8.746909927425552
19951,3.841116743381941
19952,4.422306763013539
19953,5.646179183788398
19954,2.043152718328469
19955,6.06333225434957
19956,6.87024771284364
19957,8.492676648539845
19958,7.959026407930268
19959,8.607147264658398
19960,5.945875003330129
19961,4.229039869237366
19962,4.739871355589232
19963,6.421736296824326
19964,3.4381356777113243
19965,5.466812576292037
19966,2.3494363399572453
19967,8.786250847875657
19968,4.745724993437554
19969,6.941765399279641
19970,7.458439228408904
19971,5.281489895667281
19972,6.32609549786117
19973,5.5025957444794455
19974,5.523229756887653
19975,2.1085352206378714
19976,5.9562096618076765
19977,3.2507160695276847
19978,3.840875470814002
19979,6.880217839666926
19980,2.9264165579705077
19981,5.6800248087890415
19982,7.202133331491938
19983,6.535934456867561
19984,3.9741038718884876
19985,5.014567927616968
19986,7.6571370766728375
19987,8.575499770327484
19988,4.929189227481645
19989,5.093668390933514
19990,8.574308018452806
19991,4.388358929679849
19992,6.607641615984271
19993,6.013863539799836
19994,6.039881341124619
19995,8.425870069057886
19996,6.548437986327198
19997,3.445718241508777
19998,3.9633162025353466
19999,5.429612234544939
20000,6.871040345072439
20001,8.68537121686723
20002,6.208822065947716
20003,3.3453734877351473
20004,3.4580872287583517
20005,6.072370258262375
20006,4.445039778238777
20007,5.3450423390691695
20008,8.3726826925014
20009,5.548842863848264
20010,6.627275945143485
20011,5.671659667645947
20012,2.902154194682276
20013,7.056131909042329
20014,1.7793081577643268
20015,7.719051364617644
20016,4.2903053483446625
20017,3.6235526382371956
20018,9.950897641678923
20019,3.7807651793638635
20020,5.350510216231562
20021,5.050746780945212
20022,5.7409968977607795
20023,3.3087092194533345
20024,6.399459951153886
20025,3.078133859644821
20026,4.025208010773842
20027,8.202432044629123
20028,8.493846422849114
20029,7.013062700208234
20030,2.9279508089978252
20031,7.015878921766342
20032,5.367646216242546
20033,8.710991531213772
20034,7.7614832219730205
20035,4.740878610376848
20036,8.12940547346117
20037,6.16095840278696
20038,6.144639239085605
20039,7.810021148581454
20040,7.159448898295253
20041,9.508750226193637
20042,8.392968872641953
20043,4.906155335378333
20044,6.892521834145795
20045,2.6601647817015497
20046,6.012618480323579
20047,4.456513034809515
20048,7.3130015188649145
20049,2.953133759678301
20050,3.6169399160992564
20051,5.519188655989092
20052,6.6129523547752465
20053,7.283415058888725
20054,5.146203887632897
20055,4.177684733110219
20056,6.501758321188231
20057,5.430826898248409
20058,5.6578770425975895
20059,6.729558325866662
20060,6.174886661160682
20061,4.826803608949233
20062,5.415085222312071
20063,6.02745868909982
20064,2.079228924761757
20065,5.382285913380913
20066,5.290948476682483
20067,8.751233859545875
20068,5.521238273707712
20069,4.926668278715338
20070,3.6073722815586042
20071,6.749372348424499
20072,6.315274956905027
20073,7.5351227624928665
20074,7.739060936095234
20075,6.736113489450894
20076,3.1195621302997045
20077,3.749102885307411
20078,9.373496742867953
20079,6.208820370058233
20080,7.37230351149929
20081,8.553185299163165
20082,6.289622310090765
20083,4.241714058998503
20084,5.476574244954472
20085,7.260333853349408
20086,6.936757042340194
20087,6.711686273801365
20088,5.919438001421626
20089,3.6936579688427447
20090,2.777707838600617
20091,6.372523820969893
20092,8.0135711534395
20093,7.325661688433767
20094,9.534268102161777
20095,7.85193683429622
20096,8.141018863561825
20097,4.864922558785723
20098,7.832792633645055
20099,4.046180584991259
20100,5.057143368254164
20101,4.79998334004255
20102,4.133217733721304
20103,4.09279275834438
20104,5.713104842407038
20105,7.672557977932189
20106,3.826335806776892
20107,5.109782583094353
20108,5.791345569606291
20109,4.0945463113599505
20110,3.6394118110057403
20111,8.332998580266501
20112,3.6887220653478625
20113,9.65258780819472
20114,4.136068334974185
20115,4.84482677522222
20116,5.213583390113033
20117,4.735497649714646
20118,2.9199899252694257
20119,5.393933725636925
20120,6.8687038298114995
20121,6.593506264871632
20122,6.9551160335511
20123,3.458356852945939
20124,2.724469974607674
20125,6.8885252702783015
20126,7.382997725947716
20127,3.367184405791734
20128,6.851067658803516
20129,7.95336846461996
20130,3.8316887900567633
20131,5.837482178059859
20132,6.722443888514533
20133,6.288392333013645
20134,5.600357423855877
20135,8.954675617636177
20136,5.538305329832927
20137,5.260849493469189
20138,3.7346509423768675
20139,9.357066783929486
20140,2.2370248885437753
20141,4.162420741460306
20142,5.9253477025600185
20143,9.414705128351716
20144,5.624407771179449
20145,8.182481210665099
20146,8.634966967229634
20147,5.0110017156230775
20148,4.972087789686535
20149,6.063401091093309
20150,6.309413029980157
20151,1.6304815136411783
20152,6.0145791771901935
20153,5.252392568854565
20154,6.891656259362775
20155,7.0785070051965
20156,3.186228419121014
20157,2.6905747173251156
20158,6.1476808724075696
20159,6.245334076561707
20160,2.5740908100459263
20161,4.677411893892237
20162,6.469649796790021
20163,4.694267294108721
20164,8.395502733734773
20165,9.47256673800237
20166,2.1426261047562303
20167,3.7270025291742925
20168,6.953050383789559
20169,7.758992555280671
20170,5.5809974971842005
20171,4.646914085377433
20172,4.401451735756292
20173,4.723822963514524
20174,3.44422139920533
20175,4.951367539308605
20176,7.847603567653372
20177,8.754928194078545
20178,1.9428874147604862
20179,7.865412226904846
20180,6.0269083560543395
20181,8.555739380089147
20182,5.730727775422728
20183,8.726220634545921
20184,7.029888450985522
20185,6.33016319903846
20186,6.630197028671584
20187,6.401562689510014
20188,5.823652857834687
20189,2.8696944538975995
20190,4.140934540770255
20191,5.693143738976545
20192,8.57807475618489
20193,7.357809716961468
20194,6.577562915662353
20195,6.99393282121807
20196,5.43950048586191
20197,6.540069231164347
20198,7.518151971250405
20199,9.024434479733202
20200,4.8211083466046665
20201,8.441726269219195
20202,3.156677148127183
20203,6.722629165502372
20204,4.653169029817755
20205,7.210493360086165
20206,5.173540151389431
20207,5.94465024248229
20208,3.3021341670510465
20209,7.307493033307917
20210,8.443306316247732
20211,5.906453325035143
20212,4.197207608552559
20213,9.054248676400027
20214,4.462152748281652
20215,2.7528523712654622
20216,7.246399769089223
20217,6.655100630892989
20218,7.103619135731395
20219,6.235646059586234
20220,4.462553486884019
20221,5.839633254936755
20222,6.824556970626478
20223,6.217878504894761
20224,5.8000514057401285
20225,5.398721050177369
20226,5.224562304861346
20227,6.48365088853072
20228,7.9400467588051145
20229,7.742821416022769
20230,6.058136380225249
20231,8.072067269518186
20232,7.226535904008611
20233,7.221139933465718
20234,8.760514417796275
20235,5.220747172452598
20236,6.774125452303408
20237,3.7261329788191246
20238,6.709695191178016
20239,4.7795225282649625
20240,5.015223161126478
20241,2.0803194020293816
20242,7.168473998853039
20243,3.7539430232496684
20244,8.212310263494665
20245,6.528315495034816
20246,6.927535084240628
20247,6.220014953775683
20248,6.047648394841188
20249,2.456503509981835
20250,5.856979895913877
20251,5.117497992496479
20252,6.710030959006572
20253,6.755804025818562
20254,3.1988276967564833
20255,2.430142229760752
20256,5.843552624278529
20257,2.5901842803672266
20258,1.7502834331418786
20259,5.3006936976534
20260,7.965221236599108
20261,2.9238622570105357
20262,6.097000845422572
20263,6.4323624620969975
20264,6.48506104243155
20265,9.203455229968577
20266,3.441082816063049
20267,7.446611617087789
20268,2.7311938765206643
20269,5.06154907609046
20270,5.96832125750366
20271,6.577307565219964
20272,5.55081822768552
20273,3.7383406692249888
20274,1.5763561675750666
20275,10.0
20276,6.800966646003272
20277,5.8860203041233685
20278,4.465926138046986
20279,9.719814146205056
20280,5.4124221720133345
20281,6.858628637072059
20282,6.780704406744386
20283,7.665271013706328
20284,3.990787570684378
20285,7.8147720666927585
20286,5.980378020068291
20287,6.224594782711086
20288,3.8597457635536996
20289,5.403594501820902
20290,6.201953849443899
20291,5.271260278646775
20292,6.229537046663123
20293,7.637098878462961
20294,4.402327708085649
20295,6.8018536400198775
20296,7.2730775423197835
20297,3.053307121405297
20298,6.443796537681911
20299,4.621852644337498
20300,6.062920990468889
20301,5.023635948271254
20302,6.675885445002333
20303,2.294258286541742
20304,5.602889163089104
20305,8.6393033557881
20306,4.769159327712639
20307,8.60210979767195
20308,4.410885532167598
20309,6.179916911889438
20310,5.663023691670481
20311,4.707648184291504
20312,7.210263533028009
20313,8.23412381655993
20314,6.090522481053512
20315,6.783643721405557
20316,4.022847206147095
20317,7.4380317418715665
20318,4.955621051864108
20319,6.968798309060921
20320,5.726898593599321
20321,6.339876334545503
20322,7.9772932833017
20323,7.858759152531273
20324,5.079474550699466
20325,4.936954439753272
20326,4.690152208554094
20327,7.596400758967361
20328,4.3272016006238765
20329,6.797927990569443
20330,4.344257750974641
20331,5.86149927412918
20332,7.268583693962593
20333,9.671069161383985
20334,6.900966164259142
20335,6.283771268322904
20336,7.382879941607836
20337,4.047242013140272
20338,3.4553396918753836
20339,4.89391854902943
20340,4.688867933330657
20341,7.294916475815782
20342,5.975403406869391
20343,8.08984762028936
20344,6.028732262137279
20345,7.406716157957343
20346,7.310356200847024
20347,4.521125404177514
20348,2.059925390291323
20349,6.026318075421797
20350,7.070569494207675
20351,6.896911364640632
20352,8.200650631065177
20353,6.48947213049844
20354,5.635072993323312
20355,8.173039961943797
20356,6.575822401733763
20357,4.375809422498532
20358,6.506501327569573
20359,8.495243830412434
20360,6.5001963938674905
20361,4.552976105068322
20362,3.4983383786451077
20363,2.734172799617359
20364,5.8814473776205
20365,7.519628081593112
20366,8.160689475170608
20367,5.73960919044961
20368,5.349931746656073
20369,9.151037163969441
20370,4.4536320221139425
20371,5.8524871171145705
20372,7.283707382890233
20373,7.141792609997203
20374,1.7096707361845493
20375,5.2171901523799225
20376,3.629430242184314
20377,4.566683636443929
20378,7.619097151904153
20379,4.438987152568103
20380,1.4321043867371475
20381,6.682587723825288
20382,7.219236139705287
20383,8.898546898041383
20384,7.824190089748535
20385,5.327731898660843
20386,3.7164900398210285
20387,4.794580485079593
20388,4.056676746720106
20389,4.2643551037937195
20390,4.747372060099444
20391,5.676151039215758
20392,6.916147602860424
20393,8.746625999280317
20394,8.051872425514022
20395,6.870066103218425
20396,8.192374375321696
20397,3.5770077925159005
20398,3.609823856445386
20399,7.829979503991897
20400,5.34674467729913
20401,7.427810302842235
20402,7.612383742258073
20403,6.524429406279868
20404,8.8343063934236
20405,3.234750948060798
20406,6.685364658066171
20407,7.136322479250374
20408,6.029995429190063
20409,6.050222243609529
20410,4.87610516367554
20411,5.490969628538179
20412,6.739728583736165
20413,4.325112060863543
20414,5.245322203023106
20415,6.5649552096103
20416,7.796246084959801
20417,7.036233948902953
20418,4.261020624846459
20419,6.427241171870926
20420,5.73463986702782
20421,3.664526546701537
20422,8.169167589258034
20423,8.083540408992281
20424,7.323120176576358
20425,7.701579744183071
20426,5.236920955517164
20427,5.368712081410549
20428,8.790507329549268
20429,3.8751740772018293
20430,4.576213291727821
20431,6.240969253560936
20432,6.473161112338845
20433,7.195832257945753
20434,4.680497441098314
20435,4.920966474796391
20436,5.166215255220528
20437,4.730271670673524
20438,8.26674695276625
20439,9.33349065327511
20440,5.284316765653891
20441,6.894608739081075
20442,3.9573797937791295
20443,7.953985741506332
20444,6.17778807144989
20445,6.826506572643741
20446,7.415065928734726
20447,4.526057578478368
20448,3.3752201888835685
20449,6.614795631217388
20450,4.82113157512829
20451,6.413505852295893
20452,7.530196320380904
20453,2.9838846015246325
20454,8.85391387674111
20455,4.488418704620445
20456,5.735271612430998
20457,3.115752437650859
20458,9.113411607348334
20459,8.981791571715025
20460,4.71413860846172
20461,1.5004868815872094
20462,7.136893276996226
20463,6.529910078720078
20464,3.0162796358664403
20465,2.732754766365635
20466,9.357946038872155
20467,6.147546257740043
20468,5.361406631853515
20469,6.236051378855862
20470,3.7693835246652423
20471,1.0825724790128715
20472,5.431071699220015
20473,4.7941781936330905
20474,6.91231947086602
20475,3.8240841162694763
20476,6.2830624901736885
20477,6.08849318173461
20478,2.4183119896490957
20479,3.5885275080207863
20480,4.023992211208371
20481,9.08212559339836
20482,6.605404722199307
20483,4.9556509789700876
20484,2.216246918511253
20485,7.516313392927229
20486,7.323568252519214
20487,4.823979935915935
20488,3.1457639209554866
20489,6.756642148710217
20490,4.259478912722515
20491,3.8266150345307466
20492,3.632395460155812
20493,9.754147715225146
20494,7.705398443675624
20495,3.0719006061143768
20496,3.958933378330663
20497,7.902711207257882
20498,2.181837254697705
20499,8.522015522690193
20500,6.200901238252115
20501,8.36795645750898
20502,3.9981647336715236
20503,5.9484480256382986
20504,5.7205939357466
20505,5.774607666013378
20506,3.706443731408309
20507,7.757028550249943
20508,8.301665162011505
20509,6.384461812707412
20510,7.7112959850245515
20511,7.4217116323763666
20512,3.0436677589962726
20513,9.380328923825001
20514,1.5717111331647904
20515,4.40895723957366
20516,1.9962648364716542
20517,5.072031946945539
20518,3.854442561746339
20519,5.675381610773273
20520,3.307386780085707
20521,6.817282183079571
20522,5.562939055795285
20523,3.974831903093547
20524,7.534823360013986
20525,6.474037825695334
20526,5.242865999875491
20527,5.5047027017327155
20528,7.88799359318744
20529,5.158339193291038
20530,7.390565938020426
20531,6.152725774082857
20532,3.324882497748931
20533,5.982346055375593
20534,9.293832164669483
20535,7.559913246902365
20536,5.79351167863525
20537,9.21807601728025
20538,7.195742766274276
20539,5.31844092018638
20540,5.1711136330407586
20541,6.218863538754783
20542,7.950628063835714
20543,6.349664013374829
20544,7.096153963619545
20545,4.8301336509595245
20546,5.615264404507997
20547,4.331374333099454
20548,6.114758632078591
20549,7.000920276303644
20550,2.554003806580465
20551,8.387584934083947
20552,8.338696770177387
20553,4.9648791800717085
20554,7.486503706467381
20555,9.308683892102323
20556,8.303912185631225
20557,7.369260162527667
20558,8.565478505920497
20559,7.453425613900823
20560,9.976798184173036
20561,2.8336241025100497
20562,8.233200156355773
20563,8.626321634868802
20564,4.396025907748366
20565,9.087323996862857
20566,8.02272397232175
20567,5.373914931522084
20568,5.235376862764159
20569,9.003419076481066
20570,2.6566351999082536
20571,5.959058845601152
20572,7.198377126057228
20573,8.042175163941568
20574,3.9832018245557372
20575,6.710320189952844
20576,8.908097858676483
20577,9.168504454266396
20578,6.0446940187869025
20579,6.773204019449198
20580,4.76612668028527
20581,6.251075666401197
20582,9.384886002633348
20583,6.708002882346555
20584,7.015317851820002
20585,7.838084745240391
20586,4.010111913727062
20587,5.370268297310103
20588,7.394281749796689
20589,4.292877349522586
20590,4.24026819665879
20591,4.719837176567873
20592,8.662917476660583
20593,5.998923622698316
20594,6.371539938659406
20595,7.776409706414318
20596,5.165849125808979
20597,1.659632676597513
20598,5.763947117897226
20599,6.565952485494752
20600,2.1540941018722766
20601,4.20787705359732
20602,2.5221385826912064
20603,5.2904014817789236
20604,5.613010897546689
20605,6.935197944489066
20606,5.598817903364327
20607,4.346478577651165
20608,3.759509813970566
20609,9.039229347742527
20610,6.6091359489634645
20611,9.539982667737107
20612,5.668786079737209
20613,2.826053161506624
20614,8.787588997292733
20615,6.485360924876185
20616,2.0864636674352015
20617,5.4668403156916145
20618,9.669792707903925
20619,9.357757259273681
20620,6.597440084080705
20621,6.46990309382594
20622,3.628596038085449
20623,7.304319044208782
20624,7.355449689771686
20625,4.67221861742962
20626,7.1333773783200165
20627,9.283130830576802
20628,7.435836667232464
20629,9.534062902835956
20630,8.164381818221948
20631,4.680778000223317
20632,4.591397755119955
20633,7.1512715829818925
20634,6.620746902762722
20635,6.027507669180401
20636,5.626914463283601
20637,6.831054521966072
20638,5.533373117368349
20639,3.679589922716251
20640,6.23907743111484
20641,6.700325684722519
20642,7.667602899901461
20643,4.06291017680929
20644,5.039143558080813
20645,4.3037160969127495
20646,6.569434037608157
20647,2.6210353595629616
20648,3.7952556452969963
20649,5.146714033832671
20650,6.086205258942031
20651,6.689941149592494
20652,7.4929301303393006
20653,3.4263104396910675
20654,2.500406758849388
20655,5.802711051368907
20656,7.478506503737358
20657,9.367904946354928
20658,8.318590105636842
20659,3.6749387502974153
20660,8.177380546776545
20661,8.197226308770347
20662,2.418995167708388
20663,8.976632596706938
20664,5.706276889150381
20665,5.765406407996451
20666,5.2563517299591735
20667,3.1653041207984725
20668,6.90404069489668
20669,6.634828558919527
20670,8.057388100376672
20671,5.0113831709481
20672,6.902606052621421
20673,6.1427652845673375
20674,8.043556835582416
20675,4.4445202339867915
20676,7.517370851666944
20677,7.980140494330773
20678,7.7130188332404614
20679,2.621304423516977
20680,8.41856506168928
20681,3.611980922802594
20682,5.600713861517709
20683,6.964379162179023
20684,4.365521837761367
20685,7.056403883706041
20686,7.590939302349894
20687,5.887532020431932
20688,7.484397176423868
20689,2.1765265788182226
20690,7.4684932977293705
20691,6.759474098230985
20692,7.24393429963508
20693,6.748260939672791
20694,6.900680656289589
20695,6.139444292940013
20696,4.725254187763465
20697,5.3661608987333915
20698,5.281697729675349
20699,9.493805164905545
20700,2.588995729991558
20701,6.769855798809876
20702,7.873314893259828
20703,8.044764077597414
20704,7.135552899217802
20705,7.849028824922233
20706,6.42712762555469
20707,1.4206403641501337
20708,3.6589810252800117
20709,6.737219372203629
20710,8.268613486939744
20711,5.016219963777882
20712,5.380967827858154
20713,8.967398012864994
20714,8.493765994104002
20715,7.445065495687738
20716,6.041467713202146
20717,3.660147936589675
20718,8.66160529387792
20719,5.565413986765073
20720,7.214523507446385
20721,8.950541836486469
20722,3.1008903826420835
20723,8.738055232430147
20724,5.558704475138003
20725,3.077161234680671
20726,5.615277767796733
20727,3.28709247996604
20728,5.716955992264669
20729,5.4563751552021555
20730,5.354568248802034
20731,2.430218574567187
20732,3.577977049035761
20733,8.34366195016005
20734,8.738393434397311
20735,5.227044726636535
20736,4.245851936547756
20737,6.370705663031295
20738,5.177309928060082
20739,4.438700614038013
20740,4.532153300543271
20741,6.628031632960618
20742,6.059607965888171
20743,8.336074137697542
20744,5.432876891263124
20745,7.384576452879991
20746,4.061608259833633
20747,4.494933425157212
20748,7.682084846397191
20749,2.168405224984976
20750,7.094228075092464
20751,3.9520456803049675
20752,4.732878431645862
20753,8.664657544442802
20754,2.5364386325664006
20755,3.1964175184332326
20756,6.507409950878673
20757,8.32022830567284
20758,6.769020002496751
20759,6.647246725285714
20760,5.969373354462157
20761,6.304373383142757
20762,3.985709192606946
20763,6.261779674392923
20764,4.715577675776783
20765,9.648039288704434
20766,5.319541418629924
20767,6.043531125970602
20768,2.9309928203042244
20769,8.605994970601934
20770,4.351939606775613
20771,5.506644484388509
20772,5.31615917708711
20773,7.918695348644103
20774,7.73328202680418
20775,5.222641623498378
20776,8.773821269855322
20777,4.47240931258425
20778,9.392200919280599
20779,5.199130838558047
20780,7.3639118711773826
20781,8.297079503576496
20782,6.773390509552435
20783,5.544491656442489
20784,7.485600031008182
20785,5.970789767960327
20786,5.025611585618996
20787,2.6391408486622994
20788,6.7614956087332425
20789,1.6637621447937074
20790,5.977629695608062
20791,6.589517200576938
20792,7.493244313230305
20793,8.11777793260746
20794,7.624728617454855
20795,4.9858333267362
20796,7.192563929452463
20797,5.702383501091025
20798,4.409507310351271
20799,7.171320781696969
20800,5.243636113069706
20801,6.430893062421441
20802,6.3918091400031765
20803,4.1613511883568854
20804,5.840251157731906
20805,5.578479634385338
20806,5.8735789167406915
20807,5.1699769523203205
20808,9.54127996501483
20809,5.446275822416154
20810,6.889679816479961
20811,7.3977052802340495
20812,9.094667011274488
20813,3.189300345113002
20814,8.507779710519374
20815,7.082400982769133
20816,7.187456321497582
20817,5.701416835127829
20818,7.4450998870037
20819,7.426142627615569
20820,6.5336767640996545
20821,8.006063312034186
20822,5.861440291689685
20823,3.7117063414341347
20824,6.608400950062305
20825,6.807203498212051
20826,7.910048230620859
20827,8.570836545363925
20828,4.650871012810871
20829,7.832850562164879
20830,6.449713590204249
20831,4.383121980623541
20832,3.1046332061050075
20833,3.452487072198909
20834,8.31732251951927
20835,7.322924857572085
20836,8.326816939082496
20837,6.424607568680221
20838,4.686334676020052
20839,4.655234130666075
20840,8.566870886300599
20841,5.8226995413285865
20842,8.47968629908475
20843,5.264521991682371
20844,2.3959486958294223
20845,5.507624724002197
20846,7.19578607093088
20847,6.496184715568615
20848,6.765421697837337
20849,4.968909967304227
20850,6.669791219945286
20851,4.939877894949757
20852,8.088733023913534
20853,6.12541665851932
20854,5.924956518359405
20855,1.8850404606703646
20856,6.279749879881777
20857,5.786219160112189
20858,4.903201812649503
20859,1.9030770963406995
20860,3.096113729679727
20861,6.8042076479701175
20862,6.066732445989789
20863,6.009613138240149
20864,4.637514517259718
20865,7.428256999562944
20866,8.301546569421866
20867,8.27208159228586
20868,6.348588728438156
20869,6.903827870655037
20870,6.776989009126184
20871,6.140917921720006
20872,9.048269031980524
20873,6.781056866273394
20874,6.4783131406414345
20875,4.410885511050321
20876,5.096603658620114
20877,8.273345740664974
20878,6.484802376195604
20879,5.886718046053557
20880,10.0
20881,6.488164564287542
20882,5.775207019533232
20883,1.5904715453963045
20884,5.761781591728603
20885,4.247647719794972
20886,6.564432269028791
20887,5.729807811388533
20888,3.882072409982342
20889,7.726874863326349
20890,5.144648800671078
20891,7.926101096491101
20892,4.728557972603539
20893,2.880055166771676
20894,8.172994620529026
20895,7.882017246157572
20896,5.742917814322319
20897,4.759774561769445
20898,5.164517567602285
20899,2.8328846300497488
20900,5.436082632084108
20901,6.645360392837569
20902,9.374636320419464
20903,8.064542100250328
20904,5.408947565880739
20905,6.086254897909529
20906,8.671500390205667
20907,3.0973715892051255
20908,9.043092261240627
20909,5.178720297886268
20910,5.505354017756066
20911,4.011633563838083
20912,6.438135196549835
20913,2.854620425893515
20914,5.608151705551133
20915,9.08755028336272
20916,2.987694483116538
20917,2.5610952652731345
20918,6.554556557907016
20919,3.3908847624293434
20920,6.836290031020876
20921,7.023984389659387
20922,3.489225968102327
20923,3.937534589926517
20924,7.831598010756429
20925,5.692096432118483
20926,4.841468252321031
20927,4.152074339017382
20928,6.131720528455643
20929,4.388154815139541
20930,7.015008231274341
20931,6.8282280657532874
20932,4.900112411628834
20933,6.096812659407296
20934,3.966921488099653
20935,3.236384471010969
20936,6.921845847439519
20937,8.157012849407009
20938,9.934806613739408
20939,9.140634067112824
20940,10.0
20941,8.474042052463671
20942,5.710152575590304
20943,7.173776868284554
20944,1.6119459952279578
20945,6.747170821038969
20946,7.6170275501268705
20947,4.39467745355967
20948,8.135585907394066
20949,7.103726718733502
20950,3.369738967934656
20951,5.324708293642503
20952,8.60518503829572
20953,8.387343055802642
20954,1.2730310698027494
20955,3.6363623182365292
20956,4.999090908429794
20957,6.239404326189499
20958,7.650567593200184
20959,5.601660486282262
20960,5.051575103000851
20961,4.214664923646945
20962,6.379438718034756
20963,7.926329454708791
20964,7.330042696852521
20965,2.6170714785506464
20966,5.13138874401552
20967,3.544476267575087
20968,2.6564103324130612
20969,5.28007651437883
20970,6.9312663079959
20971,4.231582484500977
20972,6.817212988843094
20973,6.603981287023936
20974,7.626625571635732
20975,7.843589473065568
20976,6.183097197533948
20977,4.091986625783178
20978,4.6591562404129965
20979,5.510583730333847
20980,5.757950310366372
20981,5.417532726002948
20982,5.682682871769308
20983,7.892079014591239
20984,5.9704263415458225
20985,6.850569771915769
20986,7.611031421195958
20987,6.189228352662688
20988,7.107845647869873
20989,9.502548051813505
20990,8.836783981718316
20991,7.216095511037145
20992,5.286876065042348
20993,3.2260455703156596
20994,4.996516857765521
20995,4.704882823032454
20996,7.033339395880665
20997,6.816443298388411
20998,7.498040533423059
20999,4.528682586564768
21000,3.9020571145603475
21001,6.94170871793265
21002,1.997958522415276
21003,6.989910257546283
21004,5.521478754907214
21005,8.425361298419011
21006,5.1598728650317796
21007,6.5548031206705435
21008,4.6605954658144775
21009,6.062016277794472
21010,6.307865279236326
21011,8.078679598000065
21012,6.57690533072633
21013,6.564437208600722
21014,7.800669006525421
21015,5.604803101993017
21016,6.892668724018787
21017,5.215255222719931
21018,5.676815969029906
21019,6.082533620908277
21020,5.8209003549497496
21021,2.5834592320898917
21022,6.91087417784381
21023,3.834886873314881
21024,7.5982430414520925
21025,4.901152839137103
21026,4.69441411854818
21027,5.477242429838744
21028,6.342154755413445
21029,4.072362998886806
21030,2.4253542418906044
21031,3.7678097464296845
21032,8.153927953441285
21033,6.50444495030747
21034,3.7768684857012573
21035,3.4704742994413698
21036,7.224426512337475
21037,4.375339582730454
21038,5.974116859791347
21039,7.531536945408492
21040,8.76585655133034
21041,6.831130224549704
21042,5.028284461489508
21043,4.757977247641724
21044,6.585771566766674
21045,5.680516603378393
21046,7.6685530023303174
21047,4.523979782326215
21048,4.369913254546402
21049,3.720276936205895
21050,6.8224855644708535
21051,4.854794397109117
21052,5.272153116346662
21053,6.848620562902592
21054,5.104987131356357
21055,8.02410665969987
21056,4.8032821137933945
21057,4.293378497867374
21058,5.753504140844895
21059,5.135876576875535
21060,3.906485944629068
21061,9.122842414886552
21062,3.201710600286653
21063,3.0867775032243343
21064,3.0869168644254206
21065,6.226790599502044
21066,6.126317608571761
21067,8.931664891685486
21068,2.9964499193632657
21069,6.975893967234659
21070,2.303315660745616
21071,2.3748496884623833
21072,4.260553272317182
21073,2.314837902969167
21074,9.391408696134722
21075,6.7252572056084094
21076,9.479362906071334
21077,5.91438050820483
21078,2.0819151461652727
21079,9.112244303474197
21080,2.6258201873182503
21081,5.863863221338075
21082,7.919492604885007
21083,6.684916132840679
21084,7.376891839106192
21085,8.668766696825504
21086,8.535834636114174
21087,5.549923229692997
21088,4.111761933236415
21089,1.94433400740887
21090,3.086933153721258
21091,5.395313199648067
21092,4.933877209687145
21093,6.181168139832331
21094,7.665305034612444
21095,7.933834019087013
21096,3.974605352816759
21097,4.295241260727757
21098,4.735117846877039
21099,5.24369253966424
21100,5.426953615890426
21101,5.934891159866619
21102,4.938944986789634
21103,4.566214176476398
21104,4.716440738993893
21105,2.235106171956962
21106,4.359496399148654
21107,5.740089103051224
21108,4.561061604521457
21109,4.522038330255322
21110,7.9115595614301295
21111,5.089717319405608
21112,8.338605810182228
21113,7.188878572046343
21114,4.832324261248896
21115,5.499161387683262
21116,3.080478530489741
21117,9.08516437548471
21118,6.779324176052765
21119,6.377539573310532
21120,3.212374697230744
21121,4.128815947333335
21122,5.896771245429358
21123,4.968798504860751
21124,7.4477818146705355
21125,5.69666481787565
21126,2.8106927086082854
21127,6.7970460782262645
21128,7.99232092608214
21129,8.149455736606205
21130,7.858208500640816
21131,7.392919870966776
21132,6.026112894641402
21133,6.560173375859539
21134,6.228129606070251
21135,3.4619198942632887
21136,8.06270641395816
21137,7.766911049399638
21138,7.17968181444335
21139,4.693238684855788
21140,8.345913860310876
21141,7.464534282629816
21142,3.102992440648207
21143,3.6129247582095823
21144,8.566380533912449
21145,5.687621254589812
21146,7.812867473465753
21147,4.943195404195986
21148,5.011775001093717
21149,6.730664004826493
21150,6.046606501491196
21151,6.25771512579598
21152,5.364301615684887
21153,7.447104176242185
21154,8.267645195122077
21155,2.868835712595726
21156,9.1509625533633
21157,6.263242271771561
21158,8.127623397640244
21159,7.922870573716355
21160,6.733471829181684
21161,5.817851854424362
21162,4.150502640562522
21163,5.070479683994759
21164,7.5833869691108795
21165,3.293580793336158
21166,7.161884008607329
21167,7.490800995119886
21168,5.514575281827482
21169,7.037546496923822
21170,5.163316738426092
21171,8.116962750276752
21172,3.6460089889652965
21173,5.97037596391198
21174,4.84293947064977
21175,8.283272943250255
21176,5.468504001330836
21177,7.087075538594497
21178,6.149213163702983
21179,6.5281931581926065
21180,6.160831886102611
21181,5.977474340702153
21182,4.18815935929468
21183,6.635841433574159
21184,4.930777243783309
21185,5.927980354708696
21186,6.001614585659232
21187,3.571102431493404
21188,7.896810054233721
21189,2.809333492373181
21190,7.671016725395389
21191,8.061983935489735
21192,5.822205385283939
21193,7.712650389104509
21194,5.709665245568389
21195,7.223026411722003
21196,7.306571863311245
21197,7.119612827209113
21198,8.587015799143495
21199,2.1081201596594226
21200,6.235840322024303
21201,6.600635440704011
21202,9.085629727857437
21203,7.6412667150328675
21204,7.535974485302184
21205,7.336933390338433
21206,7.326126139104556
21207,9.135700675442816
21208,6.002965384328472
21209,7.074983152850572
21210,1.1026071048291162
21211,6.569073288111575
21212,8.92127249126625
21213,4.12039577068873
21214,2.8849535181429213
21215,7.016800020186721
21216,4.442626233441611
21217,7.0209497030079495
21218,5.772882831502703
21219,7.1273140352603965
21220,7.775605799295072
21221,9.227242940402018
21222,5.772898353793838
21223,5.780904500393846
21224,3.281715173498297
21225,8.037754665881659
21226,7.148665179613634
21227,9.043833336105948
21228,8.869283879410482
21229,6.27157981208069
21230,6.209254832881029
21231,6.1211110064518115
21232,4.167823468938115
21233,6.345690466332121
21234,5.011359404405423
21235,8.007508177968974
21236,7.292569984445955
21237,3.4900258030564926
21238,5.951236877144485
21239,5.837113076202103
21240,4.990489514501223
21241,4.171586261646011
21242,9.763342122745957
21243,5.998389278016351
21244,3.063700224433749
21245,6.1176018909681495
21246,4.6492023073104365
21247,5.896428503797579
21248,6.102565974645828
21249,4.3043970840966885
21250,3.9354180840242456
21251,6.8841226301624525
21252,5.730427692677692
21253,6.152187232186946
21254,7.6654744400013
21255,5.63931720300569
21256,8.22947669098213
21257,6.753342107410818
21258,6.214490025885906
21259,7.951084248406092
21260,4.714996337092526
21261,1.9508123633521417
21262,4.917738628726012
21263,7.04200408149177
21264,7.7392629917285305
21265,5.504619597035377
21266,5.6602785869505094
21267,3.048155456191182
21268,5.196674821559357
21269,8.127978597896147
21270,6.0161596729674915
21271,4.0792736026997325
21272,4.17772219586513
21273,7.452802257095032
21274,8.226563903502779
21275,6.148595319331128
21276,5.25582665196936
21277,4.834055333656559
21278,1.667226380491485
21279,8.598390056185
21280,5.868082653634374
21281,8.070649564123382
21282,4.301953359011218
21283,8.04304438021281
21284,4.548714675981824
21285,6.098560365722831
21286,8.646520003456565
21287,4.110584026098386
21288,6.08731722942621
21289,6.914421351464439
21290,8.869005757712657
21291,4.9609363656491325
21292,4.781903335899128
21293,4.491873580247951
21294,7.018914262828987
21295,8.042040715680272
21296,8.08030080501999
21297,6.744857148396984
21298,1.3355397136669427
21299,4.836755455400638
21300,3.643522489388455
21301,5.130799445619758
21302,6.038894580369566
21303,6.173643521256318
21304,3.558110339970978
21305,8.322111436620595
21306,6.143178738317856
21307,4.003337991478532
21308,7.239177581312582
21309,6.578530168920343
21310,6.483474330299886
21311,5.729941272611379
21312,6.438980058469274
21313,7.2852157088362
21314,6.1151794937566155
21315,4.653101381760012
21316,8.554247648816805
21317,3.535486500305951
21318,3.094864897181494
21319,6.569028244356572
21320,4.060000556266609
21321,6.25318874352666
21322,4.272702761100089
21323,2.6305739263610346
21324,7.256471336533482
21325,7.556670054857096
21326,7.909410441175
21327,6.033707340528614
21328,8.105268714894398
21329,7.440309806765474
21330,6.548549536530996
21331,7.918416196327194
21332,4.140124273740888
21333,4.095855329017642
21334,9.201269286117862
21335,7.651714668091344
21336,6.999966774435654
21337,7.493500151175807
21338,4.800288947587087
21339,2.8428786407263895
21340,2.3627467138545835
21341,7.433925033858447
21342,4.573013091282275
21343,2.6325855453601807
21344,4.159382985552195
21345,4.58954819241755
21346,4.410019423998499
21347,4.047221283551734
21348,5.248515010300046
21349,5.297469295398023
21350,6.7752724897156735
21351,6.235893179878425
21352,7.931155902767953
21353,6.332043180198169
21354,5.646260829509627
21355,4.37257206263152
21356,6.727053613242837
21357,9.301955983488696
21358,6.740270313688461
21359,7.671188879717487
21360,8.576822839434945
21361,6.28612283778152
21362,3.01662594430577
21363,6.230325353808559
21364,0.6767271976451693
21365,7.071777683891758
21366,9.209383832601048
21367,6.524044884821364
21368,5.699724157065071
21369,7.033329423564444
21370,5.353392878675614
21371,7.282283193097518
21372,4.822189211313729
21373,4.904757447483384
21374,3.303292108626251
21375,4.276124277564428
21376,6.773481960880852
21377,4.268621881370027
21378,7.028536045324381
21379,7.8592014666075425
21380,6.07415528827372
21381,7.024551321061952
21382,5.464495751827208
21383,5.078905133792078
21384,5.318117077598149
21385,7.311346499505291
21386,2.4864644002168506
21387,3.0823523329340587
21388,4.972934330379373
21389,6.517348088283006
21390,6.290755317997822
21391,7.163712498026372
21392,4.662803470917678
21393,3.7179210663724542
21394,6.281293987266012
21395,7.912132663389072
21396,5.008641757278657
21397,7.754801527591071
21398,5.529518009831551
21399,6.794403458394896
21400,3.25945290325895
21401,7.141363573528172
21402,6.230174486260331
21403,9.144140846820273
21404,2.803980085352239
21405,7.7424577651455975
21406,5.639120352589862
21407,6.176602563212857
21408,4.790722394047889
21409,2.0109826878889776
21410,5.816665408458456
21411,8.748386918572383
21412,6.357274538434898
21413,8.933383376603274
21414,6.686543880269041
21415,5.567157241591075
21416,2.7628479896741505
21417,8.161089542726138
21418,7.556959189247531
21419,9.436517310789963
21420,4.307129142221016
21421,4.473396134745782
21422,4.101527554225186
21423,3.4669628919052364
21424,6.8575347806082
21425,3.637428533024614
21426,6.946478908735203
21427,5.405450959429172
21428,5.99870440570131
21429,3.622977340473887
21430,7.509858533776339
21431,2.219349510492762
21432,8.2596840450635
21433,8.015707709147366
21434,8.807117533027366
21435,6.177675134519689
21436,8.39560144341274
21437,9.260784321964438
21438,6.534443656758563
21439,6.513591770046302
21440,8.104201319400062
21441,6.208146189754801
21442,4.055158221490833
21443,4.001702193700666
21444,6.450912529063203
21445,5.791843278284014
21446,6.141208173472356
21447,4.684085857924084
21448,7.317192281466099
21449,5.147591400333275
21450,5.029736753356189
21451,6.156190392324756
21452,8.526301335889404
21453,8.605393981132222
21454,5.315377418792772
21455,6.743149737467335
21456,5.1236378353731
21457,9.293159464791191
21458,5.751418073783418
21459,3.548754401811981
21460,3.759226240027584
21461,7.116136332283147
21462,3.6710493359112366
21463,8.43127215095294
21464,6.756943529571632
21465,7.94886168289491
21466,4.81983159819231
21467,8.911816172780023
21468,5.628982115863521
21469,3.54123967801875
21470,6.305377272769174
21471,4.419001513005663
21472,6.559324958997
21473,6.001635853991131
21474,3.689023314672789
21475,3.2858864292099574
21476,4.837382720882159
21477,4.2547786510301595
21478,5.230757969169443
21479,6.458307984373366
21480,7.099382523601545
21481,4.200902671450693
21482,7.728262067590039
21483,7.777824505278323
21484,7.026290259285208
21485,6.1269579024120295
21486,3.943480991193484
21487,7.743267354853832
21488,2.7271268071073282
21489,5.9081988875284415
21490,7.001579762273513
21491,8.337160733897257
21492,4.611612499472425
21493,5.848249606819357
21494,7.809929569864439
21495,6.82424271143652
21496,4.575085267061027
21497,5.438692809443086
21498,7.7789750282776495
21499,5.3267141109884
21500,6.061135699406041
21501,5.267742695289089
21502,5.832651664255861
21503,5.160948516085779
21504,6.9608481884252384
21505,4.965075936563737
21506,5.9698350238169855
21507,4.7687287480384715
21508,8.715853477495099
21509,6.640682126110696
21510,7.630053618521018
21511,6.110844794655306
21512,6.503967724419846
21513,6.070622889898011
21514,9.067812428199145
21515,4.398980123672988
21516,6.997686224598438
21517,5.012866741791461
21518,9.113222214866868
21519,6.104625417965775
21520,4.998721279588948
21521,3.816032551318252
21522,7.142559457292415
21523,9.753582710479277
21524,7.017380951443557
21525,6.78780920067756
21526,4.3179928413928925
21527,5.743533259105091
21528,7.782485573492028
21529,4.984572010618369
21530,6.392902686482973
21531,4.993900460437922
21532,9.681255315579572
21533,5.050381334666603
21534,4.217143730835614
21535,4.235699863550019
21536,6.353984356777432
21537,8.590025270372259
21538,1.7865548789960144
21539,4.019752049043581
21540,3.588137463860667
21541,6.239670951661208
21542,6.257699128816517
21543,6.3864335067090945
21544,8.430641058854372
21545,4.4638009727115175
21546,1.9354246661544312
21547,7.026178986264572
21548,7.614639349243083
21549,5.139124539414609
21550,8.98470150457062
21551,6.553872736581646
21552,2.2200802225256284
21553,6.524708686388889
21554,3.097048048390856
21555,5.494632727274333
21556,7.093120985680329
21557,6.983221617334343
21558,4.06055960054774
21559,3.244747180615786
21560,8.9003539938322
21561,7.756984478093438
21562,8.35202283059586
21563,4.993549072438591
21564,3.2694072081681687
21565,6.043404425812826
21566,2.7954101824122417
21567,9.11477778552197
21568,8.21764585776998
21569,8.444667609727366
21570,6.291455303090846
21571,5.123538899903601
21572,8.479250191720924
21573,9.049229902672932
21574,4.1662318536748595
21575,3.21064533728156
21576,8.073535700200832
21577,9.185164483465346
21578,6.933100942583374
21579,6.993661675440871
21580,5.874309333489981
21581,4.409572103140972
21582,4.875777157418321
21583,6.409963981175636
21584,6.075689437947074
21585,6.106755828502778
21586,7.1683428317614215
21587,5.543856539561996
21588,3.515149681136526
21589,6.1886791648422985
21590,4.658108666485617
21591,5.813913580295775
21592,8.353756438027371
21593,8.32378368032511
21594,2.9541850413693984
21595,7.190261073307271
21596,5.739711810708201
21597,5.241397465726867
21598,4.36768207618237
21599,3.9461301414564596
21600,7.855590475751782
21601,1.8225031707558768
21602,2.65367006553812
21603,9.423416846901985
21604,5.269897833175239
21605,7.733435597777631
21606,3.409929925724973
21607,4.869488008719797
21608,7.505065019041298
21609,4.038770527230072
21610,5.8832468799195
21611,5.345238150840469
21612,4.147732991889833
21613,8.354908301729818
21614,6.253507144162061
21615,4.556516996085091
21616,6.254383293270985
21617,5.509666090097032
21618,9.090918879447722
21619,9.258147064621769
21620,3.8091176978057257
21621,8.619695471873868
21622,5.750019672479878
21623,7.7274066644445565
21624,9.029196696915177
21625,6.734752959993833
21626,5.009059177115258
21627,6.259681752955506
21628,9.877024838147639
21629,7.385798795587651
21630,9.277613639290083
21631,3.497783775177635
21632,5.327504461726969
21633,6.088146622388285
21634,2.6205971123654894
21635,5.840815558730346
21636,5.430548006685205
21637,5.136614885903494
21638,6.488735723637823
21639,7.746405265365486
21640,9.552830567841339
21641,5.173422403576669
21642,7.858665219089711
21643,9.18843962241552
21644,4.829487362856748
21645,7.460753867921951
21646,4.476777722176195
21647,6.528244027746066
21648,5.806887821186255
21649,8.12595010653947
21650,2.8705632737515896
21651,4.091263650357761
21652,3.8990906456467833
21653,4.49787809506874
21654,2.9386327584157748
21655,5.30970974861242
21656,7.892386500489607
21657,7.664963785669103
21658,7.497139004796473
21659,4.005820527177694
21660,7.330875553596556
21661,2.474419180089915
21662,4.355057636541298
21663,8.186472502106737
21664,3.3804839452888977
21665,4.821210898804694
21666,2.3178073461233484
21667,6.630725044216721
21668,6.005397352446506
21669,9.176909834445006
21670,1.6093924415318521
21671,6.8413614077619105
21672,5.353297028095364
21673,5.576859100941394
21674,4.027502653404742
21675,4.962193347658206
21676,8.066336047485423
21677,3.8328392815957795
21678,6.3665299491526355
21679,6.511055633412508
21680,5.028522197877342
21681,1.583815247331113
21682,7.372321544226637
21683,6.502682794293403
21684,6.102081389005968
21685,8.069371321084386
21686,5.50664446478711
21687,5.866707683313411
21688,6.81306191113874
21689,5.761093744353254
21690,8.730100668614469
21691,3.7383461431350833
21692,6.225211281637516
21693,3.9697333376495427
21694,7.457556291570555
21695,5.5330086470755875
21696,9.71169869128455
21697,5.008085250592546
21698,2.334839206326722
21699,8.274299529333854
21700,5.83002604667078
21701,7.884642869931387
21702,3.6772961239558715
21703,6.1626954130550295
21704,4.463011890396221
21705,8.82875469862958
21706,3.2859697063289515
21707,8.676136137536187
21708,5.736484693863681
21709,5.409474360622527
21710,9.164427672761029
21711,5.288458833135278
21712,4.018760234456872
21713,5.51732586211386
21714,4.91328432214028
21715,4.79911142232057
21716,7.122367309223884
21717,6.715066255101897
21718,2.5795396120730927
21719,7.762022001836093
21720,5.001775914526845
21721,7.237319818668548
21722,9.364774231335295
21723,6.406935496847228
21724,7.651911527158513
21725,5.788372509862187
21726,9.004705330366702
21727,6.983735247368768
21728,5.304536295612229
21729,5.6618675618956305
21730,6.285685550843575
21731,6.896927760013471
21732,2.262001554439733
21733,4.667420458157321
21734,3.6301557334157626
21735,7.328494317491761
21736,6.049553158287905
21737,7.464525346629615
21738,2.1571824019379098
21739,8.283473416606034
21740,8.980694201295856
21741,6.896619168379418
21742,4.128695132870478
21743,5.887829193385457
21744,4.376148381372773
21745,5.3964970221024195
21746,5.696043486945304
21747,2.9870253634479593
21748,9.746981074865285
21749,7.017433569002032
21750,6.4346325953585595
21751,7.016631649934951
21752,7.434120088928156
21753,8.54214547372567
21754,7.664026048212986
21755,6.812167420960047
21756,4.311259931160697
21757,4.60222948766928
21758,6.461786091281759
21759,4.946227991945635
21760,7.589057087702476
21761,5.16756797647774
21762,6.305778098004824
21763,6.04467062342552
21764,6.001417515223267
21765,6.076006642989352
21766,6.900677954577625
21767,2.7159702236670835
21768,6.797245515432046
21769,5.127792797194718
21770,4.3272457096491515
21771,3.090215779175994
21772,5.931014749292036
21773,1.690240817701885
21774,2.4114972092873312
21775,5.9504073210106085
21776,4.8746599536024995
21777,5.552604300189681
21778,6.0295389875970145
21779,4.332609406430028
21780,8.155037322785777
21781,3.30730718377756
21782,6.135657392620212
21783,3.7048895980504644
21784,7.3762030303854615
21785,6.699984442927107
21786,5.560268461577931
21787,4.606670411376046
21788,9.178448107418536
21789,3.404210171881334
21790,5.349355397469895
21791,5.517319216847377
21792,7.263162580690981
21793,6.438843032001613
21794,6.922767000296735
21795,9.625107219845786
21796,6.285617618557068
21797,5.587278674857551
21798,0.8239265961759645
21799,5.117689713253411
21800,7.2721533490108285
21801,2.9767444441346265
21802,4.32795235973391
21803,1.7521728305727629
21804,8.166376377271886
21805,5.356573419761233
21806,6.3096980148123984
21807,8.135458188662664
21808,2.9413600320217546
21809,5.091576647247207
21810,3.2834735575142413
21811,6.9829537240893655
21812,8.21025671682451
21813,9.575590061762004
21814,7.4302367542513466
21815,9.090424946655894
21816,6.477277880878834
21817,8.653801225661544
21818,6.34873322396937
21819,7.447827507764715
21820,5.743906687544552
21821,6.863110368782658
21822,8.221194454006692
21823,7.589211478695953
21824,7.969996321563091
21825,5.617868215881315
21826,6.369707612673492
21827,8.044819313242705
21828,6.310543556869697
21829,4.26176486375732
21830,4.36256772283893
21831,3.4692402403483
21832,2.468931425863356
21833,5.210575642424368
21834,5.440804097711047
21835,6.036276679832612
21836,6.149108477822263
21837,5.230876238285693
21838,8.686465052340985
21839,3.0403126017865985
21840,8.129050468581596
21841,6.982342420731755
21842,1.162920111102774
21843,9.476608244539344
21844,8.013861483624742
21845,7.238944962424179
21846,6.947575107479387
21847,6.020543696950549
21848,3.265497858565952
21849,5.441685878860042
21850,3.441116295207954
21851,3.864529684970906
21852,6.223452160282788
21853,7.159995667341573
21854,4.902155054227895
21855,6.430133287996727
21856,5.229794657162655
21857,8.164604936750573
21858,4.518971655872281
21859,7.651569728563707
21860,7.202723643623918
21861,1.8897118213491646
21862,7.967168044963818
21863,3.642024183139695
21864,8.981151995603074
21865,6.926098237589912
21866,9.888440590856725
21867,4.186461384058112
21868,5.80795503070225
21869,7.694772505046068
21870,5.36481686674762
21871,6.369354611722272
21872,5.190692875071283
21873,7.139679138218291
21874,6.880483834460126
21875,9.168427882479383
21876,5.5951821291623025
21877,5.559950950909578
21878,5.350450924842633
21879,6.23366219716033
21880,7.8313938365533655
21881,5.02464063043142
21882,4.7516864948575215
21883,5.334024248763556
21884,6.807350030505611
21885,9.040672288748477
21886,3.684595118283596
21887,3.6819329199877044
21888,7.890063250846327
21889,5.839208118474809
21890,6.372393582161185
21891,5.639072574192011
21892,5.497515498445703
21893,5.699841097360961
21894,6.269249985240714
21895,8.565620358967774
21896,6.422725616626887
21897,4.998115790173204
21898,6.495592581545005
21899,6.782021756756562
21900,3.6995315031814524
21901,4.664105415598377
21902,4.746284746102602
21903,7.978963209623162
21904,4.017910701701253
21905,7.665403757602252
21906,6.317468922060591
21907,4.809089931557754
21908,8.24766493037998
21909,5.58037195615301
21910,4.10634061558076
21911,4.312154193704619
21912,4.984736375606121
21913,8.092240262128616
21914,9.500717439809547
21915,5.695163983653472
21916,6.4864751691822775
21917,4.973568764476065
21918,5.668542905799395
21919,8.654305015543788
21920,9.59745953528597
21921,7.878547711969707
21922,7.500888025550621
21923,6.627630325960339
21924,6.758671795888894
21925,7.279873964119776
21926,6.036326036238655
21927,5.795668841212931
21928,7.290193764407091
21929,8.644026844199962
21930,5.922543397664708
21931,9.089647916493854
21932,5.208877465516016
21933,5.580633552676633
21934,3.0652564533483946
21935,5.885107977722307
21936,7.32663686722242
21937,7.451424645556177
21938,8.75958067002771
21939,7.738322857283742
21940,4.469336621214613
21941,5.921801567115131
21942,9.028136616580813
21943,4.004329286277968
21944,6.29270473453707
21945,5.814731610917688
21946,5.9049303597563485
21947,8.67305708537164
21948,4.638817636504734
21949,8.643882952365693
21950,6.150651470062793
21951,8.214774715107806
21952,3.754803464064235
21953,6.295924210938326
21954,2.849384917329486
21955,7.934703422551948
21956,5.234186527848698
21957,9.106776046229422
21958,7.748338206166598
21959,5.411143909007719
21960,5.105870013845305
21961,5.0389074690213995
21962,7.355436768910944
21963,8.643872089918082
21964,8.50156908630802
21965,9.710018625003004
21966,4.867328598047114
21967,3.5620911985634325
21968,8.245614943201169
21969,8.956844682063378
21970,5.7691688042875064
21971,3.4456223835407815
21972,4.758915794583727
21973,5.808486558643613
21974,8.03492932225939
21975,2.927299474721926
21976,7.358708466313219
21977,5.310937770370915
21978,8.636775292077969
21979,5.283273292891139
21980,6.721028182793828
21981,5.334034739085271
21982,5.706845661323908
21983,2.9989263937326163
21984,5.547050531255301
21985,7.092472501954419
21986,8.976962554376318
21987,4.137519333946003
21988,7.165653576189633
21989,8.718857583782754
21990,8.188252473808692
21991,6.414406561501364
21992,5.240830830744665
21993,6.024873917554046
21994,3.0876544896676057
21995,3.584396888645512
21996,5.798610066623132
21997,3.1485824990341715
21998,5.6456896884749
21999,5.068328326204721
22000,5.258367942903258
22001,4.935819105891917
22002,4.830047600918705
22003,1.8954649172244897
22004,5.68223286802731
22005,7.1603815571992975
22006,4.82214074516223
22007,9.653621523988427
22008,5.693564452979085
22009,6.727816682917675
22010,2.82750046022765
22011,6.263612149183218
22012,6.470554352499622
22013,4.84937013722069
22014,6.639070734169415
22015,5.851022899646891
22016,5.67262769148444
22017,5.025570188472486
22018,3.830907266378066
22019,3.4822371630132225
22020,4.227333796978629
22021,7.604687901675768
22022,7.274818886770159
22023,4.299347234393404
22024,3.7224297870252965
22025,5.605171274774261
22026,3.5756648148128205
22027,8.603052401738756
22028,8.526613655992733
22029,7.4486681703766795
22030,7.8271031285399495
22031,7.649216910850777
22032,4.2410240807416315
22033,8.089970594158746
22034,5.1653435552088105
22035,8.62385785408895
22036,5.49775849821631
22037,4.644897032339083
22038,5.6616032653210135
22039,4.569091818594629
22040,8.530978175291372
22041,5.998256430093268
22042,2.9273354524689372
22043,6.811614857486332
22044,8.875156299847792
22045,5.42391640228516
22046,7.945207229531217
22047,5.266090718494591
22048,8.202899805270373
22049,3.3819708644132156
22050,5.256452678561518
22051,3.367269950515672
22052,6.809830981032987
22053,8.863641322411807
22054,6.43745144230685
22055,8.457486130653406
22056,6.501430465689817
22057,8.192469372311432
22058,4.195647303867576
22059,5.439470915360359
22060,8.19793539091898
22061,6.316424731673188
22062,3.4138927571538393
22063,6.295702387005205
22064,7.432903620808009
22065,5.2523259662313855
22066,4.195185951582509
22067,6.991209077257579
22068,6.3332098115506685
22069,6.929179540502155
22070,5.128477206596128
22071,6.2309061017364495
22072,5.141427301257675
22073,8.18431889004962
22074,4.891356965486769
22075,5.658686836365603
22076,5.834130451807697
22077,9.390780919831688
22078,7.347227228740272
22079,8.568865471018919
22080,5.237345636164263
22081,8.618722763112286
22082,3.258511573423288
22083,9.287989585188644
22084,1.9624619009098574
22085,3.745413555909538
22086,6.214459280912734
22087,2.313475129062666
22088,6.064416141010768
22089,4.594718031156581
22090,5.754038161747275
22091,6.907547655497719
22092,8.899436485298947
22093,7.314820209204676
22094,6.7794565122245505
22095,4.889273687537135
22096,7.351990388966354
22097,5.809791733742237
22098,6.038519173912674
22099,8.266597532954576
22100,3.4303620316977144
22101,5.346413921259364
22102,8.213804216829649
22103,8.481312453341241
22104,1.6281893838856296
22105,5.468380528250562
22106,5.12102297735273
22107,7.186812444248935
22108,5.992032288259519
22109,3.679401485850141
22110,5.611758765075212
22111,4.335950109451342
22112,6.103708988623845
22113,6.182278458625566
22114,7.949841141755639
22115,6.317777882598582
22116,4.1592854188742
22117,4.6139461345534105
22118,7.619134995443041
22119,4.795199211058756
22120,4.6368131016207235
22121,7.493297588960989
22122,6.04261881472314
22123,4.397570794213673
22124,7.422344347194657
22125,6.069481358145971
22126,6.315157169868217
22127,7.475104699029229
22128,4.1149972251239575
22129,7.643893243173003
22130,7.02391522518143
22131,4.827435638654595
22132,5.045015697280377
22133,3.682007539220925
22134,5.407378896035165
22135,6.646011529838136
22136,4.9027762117792
22137,4.538094115743951
22138,4.0511196489533985
22139,6.099840571463128
22140,7.3325963054385355
22141,8.022940079517058
22142,5.23175080033398
22143,7.290500252337894
22144,8.03382279835111
22145,4.81463794363356
22146,3.045852489330988
22147,3.805507941647547
22148,1.29925916961034
22149,6.30837964287845
22150,4.5459254578674875
22151,2.7301677251672656
22152,7.601558822520239
22153,4.0862001433396795
22154,4.068550124886933
22155,5.936171029285918
22156,3.3778191711244197
22157,5.809821681908371
22158,8.600400421597188
22159,6.846699242949565
22160,9.033868540433279
22161,6.067463721405382
22162,5.535475348391607
22163,4.270188946043607
22164,4.3471650522885135
22165,6.889780510293366
22166,5.330352322131179
22167,8.016732299277859
22168,8.03704378705476
22169,3.8688562036899934
22170,4.1006367336621095
22171,5.090629256429855
22172,3.5025309350966887
22173,4.747424127092266
22174,5.516505742535314
22175,5.603606994070299
22176,3.781382961092163
22177,1.9636953119323288
22178,8.334192581856831
22179,6.766924524963523
22180,8.536336500721639
22181,5.217199805563893
22182,4.512758812967088
22183,6.544884384752295
22184,6.307877424406213
22185,6.677608623005318
22186,5.951908255198019
22187,7.960038498308773
22188,7.096526090896837
22189,2.6971338281249904
22190,5.878873540417798
22191,4.312078224623552
22192,5.853794495821639
22193,6.999744213851391
22194,3.8158891235261234
22195,4.615245617977467
22196,4.842691223786565
22197,6.336690806360153
22198,6.886232146796573
22199,5.322251138020498
22200,5.090539446663518
22201,5.448319745639253
22202,3.934360123942255
22203,8.925358285480963
22204,5.202778024711739
22205,5.401209136505314
22206,7.918282348688866
22207,2.091959998755272
22208,3.3038029133867237
22209,7.147030645750019
22210,8.078509149726003
22211,9.180825314394617
22212,4.27814169305314
22213,5.977382927987203
22214,5.269379999322663
22215,7.339802999419863
22216,7.29041762768667
22217,5.1344678484821324
22218,5.7314797076762005
22219,7.886563459971692
22220,1.394310938898221
22221,7.467304735830882
22222,4.309633707854026
22223,6.783926322994313
22224,3.4916960756483872
22225,4.570823211990159
22226,5.215888673965283
22227,2.96977086094289
22228,7.361756881000986
22229,5.474840698089841
22230,5.655403237322754
22231,7.685358615763953
22232,6.361018349456978
22233,8.897316072010982
22234,5.069992756108143
22235,7.228508780511872
22236,1.14263635499222
22237,1.968392178700301
22238,7.2265765751677185
22239,3.837313654783134
22240,5.895002768191719
22241,7.402304176515012
22242,5.655143745462583
22243,5.158929723106979
22244,5.229699621455352
22245,7.386401094021126
22246,8.110587162202647
22247,6.163529672598765
22248,8.789801429873448
22249,4.758132661862212
22250,6.296545888479455
22251,3.226899543515875
22252,4.37083523703073
22253,8.760172342918578
22254,8.912208027271749
22255,7.027604289961456
22256,6.649645932732791
22257,9.15755993266402
22258,6.882762878754375
22259,1.680066342519265
22260,2.309641614692284
22261,4.616357638420209
22262,4.338035464870379
22263,6.960960573098211
22264,4.406603706443992
22265,6.860960165777162
22266,4.8389937201594435
22267,3.8166011791300285
22268,3.2294334714696418
22269,4.021677826409095
22270,5.865356643779379
22271,3.936815677661868
22272,7.402649054757677
22273,2.4810890943518933
22274,5.39195425497676
22275,6.87378536655255
22276,7.225548451848313
22277,8.727751001481186
22278,6.704249324200723
22279,2.3076031144023363
22280,8.630411254441865
22281,4.580457945935338
22282,4.301082279290735
22283,5.689963775400374
22284,8.658678956809535
22285,6.365053125464699
22286,5.02400807282345
22287,6.294017623631356
22288,7.6305280732335
22289,9.090871206964994
22290,3.965547817972168
22291,4.527399285559763
22292,9.540901662939765
22293,5.996763028692385
22294,8.379604367167227
22295,9.99862668061473
22296,3.167523800420958
22297,4.034245012301847
22298,5.544298289639421
22299,6.044143723477148
22300,3.3181245617241233
22301,8.796504019273344
22302,6.206632091773645
22303,5.758871548747585
22304,5.275013965551455
22305,6.82562039638071
22306,7.6626403596805535
22307,6.5104534772805795
22308,9.343065444113453
22309,6.240307476647419
22310,9.573608676099017
22311,4.438161978376145
22312,5.941111448390341
22313,3.1898907682759523
22314,6.3604536230400885
22315,5.861533353305136
22316,4.422371373846224
22317,9.123157676091367
22318,2.830170245612691
22319,5.11558900086051
22320,6.159698036310947
22321,4.440716850852973
22322,5.400049409992886
22323,6.114458439657565
22324,7.264034344261301
22325,2.6342092710772413
22326,3.3034386497356727
22327,4.099456586553641
22328,5.769784858168814
22329,6.226175833091904
22330,7.3694967528835384
22331,5.173272131549638
22332,4.016309316472829
22333,7.917849999321619
22334,9.396215766694109
22335,5.9135138045736575
22336,6.205088251866611
22337,6.061203913879357
22338,4.7252949074791335
22339,7.7743600110598985
22340,9.334163099790162
22341,3.30344795183364
22342,4.570024176614297
22343,6.721880582939582
22344,5.036479163702372
22345,7.654101947432779
22346,3.6479373105686608
22347,7.83513759334601
22348,5.619905652819962
22349,6.5409372495856495
22350,5.849818446457844
22351,3.235525025285082
22352,6.456305878448111
22353,6.838862687262499
22354,5.6354674369248405
22355,5.234145986640562
22356,7.1355304616715145
22357,6.039408091025095
22358,5.558785777716483
22359,6.5786668215245285
22360,6.099118916097404
22361,2.465728002453577
22362,7.641741115619335
22363,3.9512834618767427
22364,8.824633860699752
22365,7.8670418964154765
22366,7.4567657682518975
22367,4.889012632130212
22368,4.709620276211489
22369,8.806175235098983
22370,3.088294543792244
22371,7.202838692894261
22372,8.170467965129232
22373,3.379713194152338
22374,7.415909099473168
22375,4.4915115465170405
22376,9.041116804115527
22377,4.760189136972434
22378,3.6371565849941683
22379,8.120488808400253
22380,7.419396057527667
22381,3.3159869290643167
22382,7.644405368047967
22383,9.017337966095628
22384,6.275135391158344
22385,4.698573448443112
22386,7.928145155467893
22387,4.174819731842866
22388,1.4828589128753074
22389,7.209098870331413
22390,3.4074750696765705
22391,4.875056789288552
22392,7.1713657289791986
22393,6.739872070582444
22394,9.460237617601763
22395,6.357936705491709
22396,8.581014610138972
22397,8.358283144739259
22398,7.038609274759688
22399,1.8952010899440856
22400,4.790536084869443
22401,6.74922696312998
22402,9.056189042400735
22403,7.012577221402661
22404,6.762876060705739
22405,6.528726065444845
22406,8.400673182772545
22407,3.3626671318652837
22408,7.943512608826265
22409,3.7838856912488037
22410,4.917957409311504
22411,2.8138739227550906
22412,8.361475003077084
22413,8.053748438832358
22414,7.111403740272146
22415,2.539481423135773
22416,4.856023530778741
22417,8.792383738661018
22418,6.440979958243752
22419,8.382507399158442
22420,5.958551605376514
22421,5.889014853880516
22422,4.562005285425063
22423,4.93729683833129
22424,8.29769116287204
22425,3.8628641143737545
22426,6.651833989615576
22427,8.29799325986442
22428,8.536121395008092
22429,4.096855721553189
22430,7.394281634685139
22431,4.398463331231467
22432,4.6990310430269915
22433,3.084466177904179
22434,6.021201118823944
22435,4.875269874518419
22436,7.082619803137991
22437,8.784582874642034
22438,5.3512147823313185
22439,1.5945474653387566
22440,5.954542439701953
22441,6.698959799438708
22442,8.960208225535494
22443,8.53700458451943
22444,7.103335356045495
22445,6.245363012921527
22446,4.140437762465246
22447,2.660378870925573
22448,8.475921171430869
22449,5.673899324534454
22450,4.608211400885078
22451,7.321166603200402
22452,7.159753607506694
22453,5.28512818279347
22454,4.312063002752346
22455,2.8971563037240218
22456,6.639560380580669
22457,6.337114361993491
22458,4.747987895625627
22459,3.8403792644242354
22460,7.377478288385175
22461,7.183177100312995
22462,2.986568799694054
22463,6.670325496954215
22464,6.6287105295402995
22465,4.8538330092571
22466,8.440520968806183
22467,4.548896079436326
22468,5.1203714152525155
22469,7.731179446930714
22470,6.347433899271851
22471,8.034127608100464
22472,4.941332450481509
22473,5.036438246859298
22474,7.159524617745237
22475,2.0880056083671006
22476,8.808000935585678
22477,7.314058615053816
22478,7.704746146049162
22479,6.936919477627744
22480,4.261105239603026
22481,8.650345716178887
22482,4.502792286456417
22483,6.523858511466397
22484,5.669995455970831
22485,2.5175537693462346
22486,3.3221831236380006
22487,7.365330301827477
22488,3.66692559883476
22489,5.029353902800994
22490,6.362313464240927
22491,6.760463269063376
22492,8.119725638012463
22493,6.785483146969203
22494,5.707820076955435
22495,7.492970667395573
22496,4.062109751778341
22497,8.6739434199284
22498,6.032170328854263
22499,8.471686485878637
22500,6.404061634691472
22501,4.441854204700146
22502,2.724377421231495
22503,8.678240888769565
22504,3.485458422018442
22505,5.025836725439875
22506,8.274912180632576
22507,2.853546931095406
22508,2.5145793497397717
22509,5.8028655020065845
22510,6.3228705215054255
22511,2.4793424273630755
22512,7.048371733429388
22513,4.380753529041152
22514,5.899561096171678
22515,8.911597275743532
22516,5.996847703677177
22517,4.82600300207813
22518,6.714464952051919
22519,7.883954976726085
22520,7.2628263602885195
22521,4.697309192028895
22522,5.676136513207324
22523,9.628194094356205
22524,4.533499229476805
22525,3.415983127159138
22526,8.011658991357098
22527,5.571411823277313
22528,2.0472725383314305
22529,7.442258367404675
22530,4.827099257927182
22531,7.411873722986628
22532,4.437621770984069
22533,5.194121989537372
22534,7.273012529298219
22535,4.338745622220621
22536,4.736716490757177
22537,2.34741482847649
22538,2.5888766068604827
22539,4.926328251897052
22540,7.602093600127937
22541,8.24305799974507
22542,5.615192180178406
22543,6.471980939515126
22544,6.964764560686658
22545,6.866912261651564
22546,7.310177851415755
22547,5.899904561754807
22548,5.289804444719528
22549,6.042188492351685
22550,6.373811630511156
22551,6.9026839909144515
22552,7.499629954891812
22553,4.222223828594092
22554,7.226011616538295
22555,3.906182779658787
22556,4.969015064794594
22557,6.258503302801422
22558,7.9108006921603256
22559,7.625792925701544
22560,6.2133999385644
22561,2.4241841496461376
22562,6.748835675648303
22563,3.9559540899434937
22564,7.585945840767291
22565,7.1634876332388
22566,4.397109036704697
22567,4.892309314491295
22568,7.714189843640364
22569,8.890867692148891
22570,2.6755552685129564
22571,7.218693635028478
22572,4.1007704756469
22573,4.5895414552890355
22574,6.100017159582044
22575,8.075845271618949
22576,5.44144463560289
22577,3.4760928293250166
22578,6.5057884033245
22579,5.604789310600561
22580,3.7218425921194043
22581,6.226920333465885
22582,6.246086326756496
22583,2.634096295716216
22584,2.9308195564040243
22585,4.700972910609817
22586,3.69010415522306
22587,3.7237326350020976
22588,3.33272787010438
22589,5.380766030940112
22590,6.1537551854138925
22591,9.32256161958936
22592,3.3913178751275055
22593,5.686492808592585
22594,8.191636195006021
22595,7.342434578113008
22596,6.425490486729011
22597,2.2713473572595446
22598,7.021039349642908
22599,8.087475626847862
22600,4.748959917001147
22601,2.7109931530215703
22602,5.11125648389126
22603,6.972993266914112
22604,7.96601324341891
22605,6.283592211761067
22606,4.683499555709426
22607,6.903264448228219
22608,2.427012545431709
22609,3.9461869007759542
22610,6.38282560270301
22611,9.057570256957199
22612,5.392686416093665
22613,4.379822651398824
22614,2.6516576665533265
22615,4.407739432472899
22616,7.445971742522185
22617,4.73239758422938
22618,5.672453981616685
22619,8.065036679493867
22620,4.582790459986807
22621,7.139217320756658
22622,7.911500374912786
22623,5.254462373257886
22624,4.657900009664369
22625,6.152606564407775
22626,7.0382115968615295
22627,6.155713157048256
22628,8.317364000921208
22629,7.869323128602618
22630,7.022220515824311
22631,6.246253545705464
22632,3.090245411674537
22633,8.208934866199527
22634,9.113862310282737
22635,8.055172964607962
22636,8.156801318230922
22637,8.8012146715503
22638,6.726153507859275
22639,6.48735388437748
22640,3.7208556424595907
22641,6.78977817311566
22642,7.147998067454478
22643,0.9431126761281051
22644,8.051307138753161
22645,4.995559770776106
22646,6.760303554944799
22647,2.8488703952798824
22648,5.344073496630653
22649,7.942233321382249
22650,8.00672218630457
22651,2.0314902622635267
22652,6.850182555587666
22653,5.190511853555941
22654,3.8534203871531214
22655,6.443096215878682
22656,7.75851026644169
22657,3.3564714071909156
22658,5.085583815675469
22659,4.879489122111807
22660,3.590782001859942
22661,7.018374766047582
22662,6.140862646243847
22663,7.99372713027649
22664,8.243366100407101
22665,7.389533179222367
22666,5.282896888974862
22667,4.763324336995422
22668,8.043560725156798
22669,4.826004636702666
22670,6.241507107388436
22671,7.439477176188452
22672,4.8870602489259385
22673,6.221329459032965
22674,8.241907832671927
22675,4.264531836723385
22676,7.360872111045941
22677,4.1945259324206985
22678,5.30714472433913
22679,4.819467922221334
22680,7.057451261070795
22681,2.8734147140261017
22682,4.728756209142656
22683,9.23653043337255
22684,7.4837679566882045
22685,6.026365989499098
22686,3.4067369769321516
22687,4.981807772667108
22688,4.132932885587729
22689,5.857867073931632
22690,7.130371667950887
22691,5.028562357542718
22692,4.633939260714793
22693,4.815939203704338
22694,7.44632930229137
22695,3.016729638780488
22696,5.138978242207479
22697,4.4531067817070005
22698,2.332021684147455
22699,4.392635628695547
22700,7.982610089817976
22701,5.122991751208706
22702,6.120570146593948
22703,6.112113748963451
22704,7.236582197644652
22705,4.612102097022677
22706,5.509976290867918
22707,4.679802642205884
22708,4.547972185105547
22709,8.252243401614543
22710,7.886559201312016
22711,4.772992032921379
22712,5.878880600338741
22713,7.070990868412923
22714,4.796306386743382
22715,5.645557493346261
22716,7.998415996389666
22717,2.682644789093675
22718,7.743694145773592
22719,3.4648457378143487
22720,7.909093115063067
22721,5.892072905302041
22722,7.007174323072645
22723,4.743957251944828
22724,9.31316781217233
22725,7.109841723411099
22726,5.824065268952169
22727,6.618149530962205
22728,8.623007618964683
22729,1.3460908123003994
22730,6.0570293399882855
22731,5.079760921950468
22732,3.873007047520634
22733,8.490951565985187
22734,8.418331862418006
22735,8.933419558946149
22736,7.326022009704593
22737,6.229473197496386
22738,7.142778484195193
22739,3.8726154282276055
22740,4.941156271790887
22741,5.742504341240947
22742,4.697753743161823
22743,7.37175522938017
22744,3.730355298004175
22745,7.157530927740739
22746,2.293085093355682
22747,6.098321826879905
22748,8.84984758049275
22749,6.282002710192464
22750,2.963049330646075
22751,6.166379165893476
22752,4.2030409200756
22753,4.875870615052042
22754,4.7087631754739565
22755,5.7105486261408664
22756,4.218988955998579
22757,6.175822072401191
22758,5.25039461045001
22759,4.010143930004112
22760,8.064855908793902
22761,8.234033336976513
22762,8.291111367272718
22763,8.067728579211941
22764,8.198539870135356
22765,6.355915615194842
22766,5.846469656505071
22767,6.316920462107809
22768,6.198098621626185
22769,5.340213910954519
22770,6.710337180226498
22771,4.1432709534045795
22772,7.294399856851824
22773,5.408069052086314
22774,5.181076288798396
22775,6.891310799293352
22776,6.198318534087363
22777,5.351731544532631
22778,7.497753220927393
22779,9.351810602338821
22780,4.754445793474181
22781,5.491791086879301
22782,7.094562029522091
22783,7.503822123876183
22784,4.372516910943836
22785,3.2852398493690225
22786,7.107222029857219
22787,9.551955846295353
22788,4.653406299453043
22789,4.818411284738563
22790,7.085596278377302
22791,8.748517014509344
22792,4.533196218944816
22793,4.514083755656898
22794,6.156238366097712
22795,9.741352762707951
22796,7.226239699652022
22797,3.9807664087992665
22798,5.7007642272513825
22799,6.514466811828676
22800,6.131629416045767
22801,7.734301650159852
22802,6.557035774314193
22803,8.122232810930946
22804,6.00095892700909
22805,9.433288927529915
22806,5.922601577729402
22807,6.961173113992792
22808,4.991035948148603
22809,6.038607233006979
22810,4.911403699094349
22811,4.773785643268692
22812,5.308145413457214
22813,7.16262944949266
22814,7.068952751069109
22815,7.2872831626264905
22816,8.440877919191756
22817,2.892407446777915
22818,2.440689809950027
22819,4.489621868833015
22820,6.331117143622054
22821,7.200243996649834
22822,5.66655497718757
22823,7.480036463960816
22824,7.42365420339553
22825,6.2285847894603545
22826,8.764500959209247
22827,7.569602508192283
22828,3.3646995547094494
22829,5.6411987916015445
22830,4.3927508118168666
22831,4.1550804269576656
22832,5.946812611123077
22833,4.2916488897417535
22834,8.138560417618686
22835,6.372439262063264
22836,7.659261323817049
22837,5.185414909025718
22838,6.639334377943932
22839,6.391188420894864
22840,2.475109613027118
22841,2.406463761567346
22842,8.16407865082195
22843,8.591266667074859
22844,4.989102331993342
22845,7.4302879277934775
22846,7.702309625261019
22847,7.1403778037749275
22848,2.629468950406478
22849,8.745433010432345
22850,3.2226589291015055
22851,6.964176079561081
22852,3.6921846024874183
22853,6.389214895678303
22854,4.775599081299896
22855,5.701887708232628
22856,6.04916117985455
22857,5.150024581417558
22858,5.25263455013607
22859,5.074267833783858
22860,9.414599980295272
22861,4.013783444018932
22862,6.387995798765268
22863,3.9136092089784773
22864,6.227681976847768
22865,8.359589306592202
22866,8.321618394582687
22867,5.415151890513595
22868,8.222612143704355
22869,3.999062763836236
22870,8.245477674894119
22871,5.657844576788834
22872,5.706047197286537
22873,6.949111978976998
22874,6.602351675575322
22875,4.801452721964455
22876,3.6116829886349917
22877,8.22661194218585
22878,4.208717459302094
22879,6.098665604411136
22880,3.9476101509113786
22881,4.175970064135042
22882,3.873916393677466
22883,4.321726563322731
22884,5.235879817883644
22885,8.480588336286583
22886,8.922783887817413
22887,4.405317380491522
22888,4.7093112122147565
22889,6.026223383209514
22890,7.030262192752307
22891,4.907630069386349
22892,3.8460874101544333
22893,4.475616615163347
22894,5.924341450410319
22895,6.862100840170053
22896,9.074290624845267
22897,5.881058407163471
22898,3.958987928018727
22899,2.663323240874542
22900,5.343063403374159
22901,2.7168030692042584
22902,8.383140856901383
22903,2.533212204827949
22904,4.016847823954591
22905,7.58420389613398
22906,8.699731743566607
22907,6.681653312436628
22908,7.467359654628593
22909,7.056312581209331
22910,8.6947739267374
22911,7.153569022148961
22912,9.618894080038904
22913,3.4701304457328876
22914,2.141239685136013
22915,5.672478053408085
22916,3.47279845876812
22917,6.107785898823142
22918,4.664606785037303
22919,2.8904755162958966
22920,8.843575892645099
22921,6.718127264826076
22922,3.3289112393253566
22923,6.824007860173621
22924,7.230419574684476
22925,5.601750802289481
22926,3.0205188596927797
22927,5.318539031201137
22928,8.07633006393996
22929,6.959363041271705
22930,7.19020687260449
22931,2.5426436915648702
22932,5.347637811704408
22933,7.143251142917761
22934,7.060937137911607
22935,8.394648341204467
22936,2.411954826190006
22937,5.4726727514973375
22938,5.282651902305924
22939,7.880911537961337
22940,5.352806006141043
22941,4.346339163214783
22942,8.472703200563664
22943,3.2960712993349524
22944,7.3397489731881995
22945,5.030575775591001
22946,4.4606696007491
22947,6.159935703657395
22948,5.565331146633715
22949,5.053304746099116
22950,6.006510649731475
22951,6.4172665520845795
22952,4.511948064140093
22953,5.419757101894676
22954,6.36225625444985
22955,5.123486360801037
22956,2.73812851665575
22957,2.9874074194263405
22958,6.5454789027663045
22959,6.0582942039871845
22960,6.880817671249423
22961,6.317469848971014
22962,7.472374528089577
22963,3.273246811220176
22964,4.228293737668436
22965,5.286203960360468
22966,4.283764273200761
22967,4.439872962433621
22968,4.153251819835531
22969,2.525191706761455
22970,3.0672003572418016
22971,9.636855394079703
22972,6.003338136656758
22973,4.789521762059563
22974,7.830660528038239
22975,5.263028901384356
22976,2.1714366745846276
22977,3.9520800889634735
22978,6.185780155986669
22979,4.3489761604895225
22980,7.817155546162874
22981,7.0317224214627245
22982,6.947777478735879
22983,6.22846266995276
22984,6.854682318601577
22985,5.479501261616232
22986,6.3325827596941116
22987,8.69210815434246
22988,9.60613204094866
22989,6.072607328732019
22990,5.53617450600127
22991,7.452474653228969
22992,3.626651381873174
22993,8.181853191480345
22994,3.4565731967396474
22995,4.631628909480545
22996,3.4460435131243052
22997,7.6095420849779245
22998,2.8169237531426212
22999,6.553043723789165
23000,1.9801573387104048
23001,7.021160017632842
23002,7.900138972077806
23003,6.119726796343578
23004,9.299010201750585
23005,6.47455804563886
23006,2.4788868777846385
23007,8.432718040153995
23008,5.192520912298198
23009,8.405195429378951
23010,5.583882024701477
23011,5.427185333135579
23012,5.108269287306131
23013,6.016330478585706
23014,7.861737696062663
23015,3.267526485261576
23016,6.90645772093747
23017,4.8718058950052106
23018,3.713649566050274
23019,8.570492365429095
23020,6.285913344511471
23021,5.638690790272358
23022,4.822064314453851
23023,5.905969066195745
23024,4.938153096519792
23025,3.6193907531192746
23026,4.565987327957675
23027,4.296601386704162
23028,6.3603567874300255
23029,5.298471791053951
23030,6.822844075200293
23031,5.792829975295677
23032,5.624625173116675
23033,4.047057187767994
23034,8.481364794276436
23035,5.308915390510618
23036,5.583444128686484
23037,5.317642635128243
23038,7.672741256550806
23039,4.9392169799230174
23040,5.622442464260078
23041,2.7008677286917884
23042,6.2440513551316235
23043,5.5590584290284815
23044,5.974947097118368
23045,2.644797951769334
23046,6.503632881557154
23047,8.074023322714577
23048,3.284879633570588
23049,4.81793223802024
23050,6.4157149977234935
23051,9.796306444113602
23052,4.0413616486881745
23053,4.985154524330624
23054,6.719198356401646
23055,5.873409316966063
23056,8.10894317121093
23057,5.748176588544928
23058,8.777026256162118
23059,7.381980306413479
23060,8.294771381250495
23061,5.476466023975483
23062,6.716949672440506
23063,4.231365705220312
23064,6.541501535892154
23065,6.727284308144715
23066,3.836435903179563
23067,6.223817556804009
23068,3.7369923537219663
23069,7.0701492199859945
23070,3.6825458811849754
23071,5.621066397516799
23072,8.411231473084769
23073,5.521063802153937
23074,7.472717895675841
23075,5.631231431693636
23076,5.674990067176989
23077,7.887505843255742
23078,7.065010570091021
23079,3.366024027291927
23080,8.593858444979766
23081,7.546379472504455
23082,6.489270423889988
23083,6.534591037853041
23084,7.302148718313778
23085,5.805293950145337
23086,5.471827835320489
23087,8.646539396055767
23088,7.417607930844386
23089,7.292679653531151
23090,5.221191634446777
23091,6.242490433301308
23092,4.937385221225037
23093,6.527965095027314
23094,7.208228700861212
23095,5.9700601060954295
23096,8.585090846099302
23097,5.17477335101042
23098,5.445213178382781
23099,8.367619365894859
23100,6.409668850520632
23101,7.665474127453281
23102,1.264485432879018
23103,8.10413867564495
23104,5.387697925019029
23105,5.408012859093841
23106,5.39652191229426
23107,4.774869340648644
23108,8.71609015210083
23109,5.372456451168308
23110,2.8639980833500367
23111,3.816299625666351
23112,7.183425381847015
23113,4.4628383544049015
23114,7.135461949170956
23115,8.227722744507949
23116,0.8446640930106065
23117,6.864611229204916
23118,6.785787840927365
23119,7.684892867396451
23120,8.848898299203727
23121,6.932524978510297
23122,8.139966704357388
23123,7.7729704722118145
23124,5.0571259764860885
23125,7.167375396135307
23126,7.851408082099248
23127,5.073455925046261
23128,7.824964639612611
23129,6.15518969451432
23130,3.466681826039495
23131,5.432599460576554
23132,7.512170084334742
23133,5.154193063918875
23134,6.238534485634022
23135,5.5784085274315
23136,8.089575086375097
23137,5.085022537826802
23138,4.13688876086424
23139,8.466157033728148
23140,6.474203839084473
23141,5.701043472025694
23142,4.4737585859752365
23143,4.15202003569027
23144,5.100460135314125
23145,5.358428582211081
23146,7.39286151047626
23147,6.651313663771123
23148,4.250341448260157
23149,7.134155839391633
23150,7.116447054652796
23151,7.066661559520283
23152,5.696616149715705
23153,4.241527676483567
23154,4.974994266285674
23155,3.6338127092744212
23156,0.7264989490340144
23157,5.909527798270399
23158,5.647024703049652
23159,4.293774067344834
23160,6.873822349476918
23161,6.265111145646383
23162,2.328326884259752
23163,7.671622892583726
23164,3.5447367530752776
23165,5.978059822410115
23166,8.714143461959036
23167,8.541590501148562
23168,7.311850123170434
23169,7.063028301744979
23170,6.6390902909039955
23171,2.8140364479502042
23172,8.087731531257914
23173,7.042670285051649
23174,1.090400081322772
23175,5.640420028931376
23176,6.173222673879286
23177,7.649029067245429
23178,8.88525544372721
23179,7.029814510389325
23180,9.436561389091088
23181,5.821690245741108
23182,4.376615375904935
23183,5.02604653429783
23184,8.39992896957268
23185,7.310016148649408
23186,6.876150026051326
23187,7.1963454809975325
23188,3.4400331490907163
23189,5.499738026042154
23190,7.386079698521019
23191,7.8644214614667565
23192,5.597873528357727
23193,8.546564421111931
23194,5.953177228634612
23195,6.305208310503045
23196,3.9575532369412394
23197,3.958059581686956
23198,6.891695016534088
23199,6.592914580057576
23200,5.47927952794501
23201,7.288586241243202
23202,4.465249523569481
23203,6.028845658969808
23204,7.343261436809364
23205,5.9208498442618005
23206,5.289858740391102
23207,5.873201537808692
23208,2.484664622267412
23209,5.231832713770982
23210,1.5785302440114561
23211,4.162395280934219
23212,6.837449395127662
23213,3.217128214400421
23214,7.721369317842087
23215,5.440567840735041
23216,6.962304131172276
23217,2.9846503857316877
23218,6.78248563991749
23219,6.675042884958328
23220,4.6500340974857535
23221,4.876978821207663
23222,3.977327580169563
23223,4.139490730396727
23224,5.205152650781421
23225,7.32648528355205
23226,7.503061673657305
23227,6.427386275402541
23228,7.787149774818776
23229,6.837615776102255
23230,5.871258331680961
23231,6.538191658199345
23232,7.026418275428716
23233,6.608497399269596
23234,4.6230852163350775
23235,3.950489362920948
23236,6.669647837894465
23237,4.76065642031547
23238,6.941016343993427
23239,7.033953524013146
23240,2.3167557715997025
23241,5.667116271734083
23242,4.91842497356868
23243,4.381564340538308
23244,5.8473388231480685
23245,6.195429864871533
23246,6.003129452687067
23247,5.903729654470317
23248,6.9107016055551735
23249,3.985111172120142
23250,4.603325568012699
23251,6.339359551391509
23252,5.981304861739012
23253,5.2284356049534075
23254,1.8425251996520748
23255,8.691963374108912
23256,8.085032006576096
23257,4.329436577727644
23258,3.2404659471326953
23259,9.116259619999747
23260,8.697410875907504
23261,6.02870174960737
23262,1.1641484541923621
23263,8.031073513655398
23264,7.476049261087273
23265,5.316838859656514
23266,6.934281441908641
23267,5.734294848571324
23268,5.9673631897844235
23269,8.956265916270366
23270,6.909883204726778
23271,5.729945055164524
23272,6.029959285112285
23273,7.829766669559372
23274,6.922052747929467
23275,8.109627565406164
23276,7.504098730726382
23277,3.433323430787086
23278,3.693678388174492
23279,4.974211104526429
23280,6.197189052166437
23281,4.757626642918714
23282,6.410337630529486
23283,4.858997345406632
23284,4.532843825206083
23285,6.019684833637252
23286,5.011216842575265
23287,5.501409766948566
23288,4.089014052994381
23289,7.125177578358865
23290,7.581578592856024
23291,6.8572843484235015
23292,5.557051233531102
23293,5.830617115438577
23294,7.8635861883542955
23295,6.4220159661519
23296,9.58951584609605
23297,7.068194008971082
23298,7.833807294096963
23299,7.171162909725599
23300,5.487842355211587
23301,4.662453456171356
23302,7.605924545711068
23303,8.29694090429552
23304,5.638415271533084
23305,4.8862036985371455
23306,6.360767709613312
23307,8.332619237058278
23308,8.756768486352396
23309,5.3597174128601415
23310,6.344109265578093
23311,5.3595444496846945
23312,7.833174167099825
23313,4.047274557427512
23314,6.312496182675477
23315,5.48060741665772
23316,8.994821482938786
23317,5.003408228873624
23318,8.991858694819209
23319,6.776451376935965
23320,2.632853629912055
23321,4.106616431645586
23322,8.054242552270013
23323,6.643940170811297
23324,7.677870762832151
23325,7.436403976280658
23326,6.923394241619058
23327,3.904129655988376
23328,5.9941295048544125
23329,4.95972332873444
23330,9.459444676759949
23331,5.680615576526549
23332,7.149286423643637
23333,4.955487240770107
23334,5.362542040009836
23335,3.7555377534108114
23336,3.2034333723078046
23337,5.272261678375188
23338,5.888304992052735
23339,8.004629037108007
23340,7.423652629866338
23341,8.792029079326358
23342,4.981997148727739
23343,6.029841786828259
23344,6.1076174790732445
23345,7.91452023713102
23346,7.033375316537845
23347,3.2113859790963253
23348,3.953578838661173
23349,2.0498490618552085
23350,5.373791328168546
23351,5.879612265290527
23352,6.871048798916371
23353,4.585551938539802
23354,4.125056860544907
23355,8.65916617273037
23356,6.209177307093411
23357,6.9984839499593745
23358,9.54956376483753
23359,5.461271923152989
23360,5.485734586579459
23361,7.517292598291488
23362,7.779571761785652
23363,3.3073371110991747
23364,4.233192790206671
23365,4.181541710846091
23366,7.2659560227482185
23367,5.5875603365752395
23368,6.3661790061170915
23369,4.68318687495459
23370,4.223047969546762
23371,3.609019307143223
23372,5.995021372773214
23373,9.161444589387697
23374,4.2455355491620494
23375,4.747143968900813
23376,8.703874870677096
23377,4.519523124417661
23378,3.3106679686564897
23379,6.6300197222586945
23380,4.174430768334503
23381,6.712083020404715
23382,4.638788262433528
23383,5.446269932260554
23384,7.47701042158616
23385,3.9087779782206304
23386,3.5942825262353573
23387,4.250006983933324
23388,3.47774072126326
23389,2.361611620488433
23390,4.71856992301024
23391,7.260936821511071
23392,2.375150729753249
23393,7.5231628427302635
23394,6.734574512478133
23395,4.010578595555879
23396,6.294533560362952
23397,5.964427734678337
23398,1.5156296771510251
23399,5.849616832416109
23400,9.085001101034354
23401,1.5914998098591613
23402,6.395804375525626
23403,5.229682923727178
23404,5.986396490280621
23405,4.63241145739266
23406,9.003549868611415
23407,8.762210984183408
23408,4.915687471306089
23409,2.7117561403433097
23410,8.836290366652673
23411,6.171721909014931
23412,4.894420549454749
23413,8.04537615285598
23414,2.0071395697490177
23415,7.436846269612104
23416,6.012256176247356
23417,5.996853643409939
23418,6.513876315843202
23419,3.801300672479961
23420,6.858467459622819
23421,3.7380784622187666
23422,7.210127078820294
23423,7.448296236030359
23424,7.843849079834977
23425,6.743836540592003
23426,7.962923491685472
23427,9.186084430187256
23428,2.387104156907619
23429,2.765408387225107
23430,7.3891961768223675
23431,5.2954991078462825
23432,7.62581537299358
23433,3.214005766128923
23434,5.4506033256602375
23435,6.235093222278116
23436,8.06100797258993
23437,8.646586536886067
23438,4.2621831999692095
23439,2.66495941242595
23440,2.3471630491570425
23441,4.42266314710126
23442,4.003497669289075
23443,5.728980525396611
23444,5.0544207085814055
23445,7.908246496677667
23446,7.49263821594293
23447,6.789478604302326
23448,3.628518215242588
23449,6.262730325705326
23450,7.366457291214863
23451,4.0134239208547
23452,7.238032418981417
23453,4.341495004753909
23454,8.263691138832325
23455,3.736882607686566
23456,6.569937839990595
23457,6.6572947264457
23458,4.1806170752460385
23459,2.1892558496399315
23460,3.637476181245222
23461,8.91164358205308
23462,7.669496749514246
23463,6.577425301145048
23464,7.446002226729523
23465,6.037891060073021
23466,8.153095508237312
23467,9.303030861435962
23468,5.770316144640845
23469,4.740621325012951
23470,8.206193854978896
23471,5.192931596032464
23472,5.390437278412209
23473,8.332825133658838
23474,5.722337010115555
23475,4.277514631455863
23476,2.0296193998091376
23477,6.650714949074096
23478,6.576924074399552
23479,3.6994832775915634
23480,6.384299766985847
23481,3.7555349323055984
23482,9.280268888417838
23483,5.687530475430424
23484,7.846648013571284
23485,7.609367657633388
23486,7.6891291324670235
23487,6.658965712530267
23488,8.851862550771349
23489,4.664611050357954
23490,4.046459019868598
23491,4.052803270025417
23492,4.769408726771632
23493,8.307017139587082
23494,3.5389038916786584
23495,5.100523832304565
23496,7.004945008663365
23497,3.6810657123336217
23498,3.7822709961144922
23499,5.432708944328237
23500,2.5361411331560837
23501,7.327224883177589
23502,10.0
23503,7.080204704577258
23504,6.5451086056726915
23505,8.287279146309501
23506,6.771393162365168
23507,6.22817969792291
23508,7.733720961526654
23509,9.911266297317894
23510,4.088667765319225
23511,6.75506492650347
23512,4.53547634830754
23513,4.259733609183302
23514,6.611659431068766
23515,2.593321971038997
23516,8.425562547752595
23517,6.524492728017782
23518,5.046876568322285
23519,4.775416684928468
23520,6.488513034291131
23521,8.228006168146178
23522,7.163298024434131
23523,6.160379136301157
23524,5.911865685550192
23525,3.846604488654931
23526,7.9117071877754
23527,1.6364984114286052
23528,3.3294911223905483
23529,8.370007035882844
23530,9.21762995969314
23531,3.9667434144776212
23532,4.9245657092101816
23533,6.759750136082568
23534,6.3774887537928375
23535,5.659685249037031
23536,6.7527530476554025
23537,2.1229842163151753
23538,7.22755611302602
23539,2.1309078447828558
23540,4.803906555176384
23541,4.2383702129619465
23542,2.8561349834079004
23543,4.895473448788151
23544,4.47199699009947
23545,6.275775527874535
23546,3.172042335800339
23547,8.726051213438472
23548,6.415807435842304
23549,6.5075514319406595
23550,6.591703737056417
23551,5.432057483527747
23552,5.68967347737363
23553,5.428911481193099
23554,2.8834000866549743
23555,5.537605554101575
23556,7.106484954224826
23557,7.1254921272915155
23558,4.303416112378005
23559,9.008001981898047
23560,6.860738194294643
23561,8.975035719645422
23562,5.617247202102122
23563,7.6053164060811245
23564,4.553526351568866
23565,5.169798716273312
23566,5.730782491026168
23567,4.085637529540693
23568,5.471515055163542
23569,2.8758925993421576
23570,7.2473057972354
23571,5.674748507507654
23572,4.7753193245978665
23573,4.156958469097903
23574,4.587494781569353
23575,4.809699062660045
23576,6.596638636833371
23577,6.850949269572527
23578,2.871365282195401
23579,6.792062486981784
23580,4.521406629259383
23581,4.502067148247878
23582,6.197117647956936
23583,5.815935079312801
23584,6.545480302852708
23585,4.551052598926333
23586,2.9523635168844313
23587,5.480200606377035
23588,3.767858333991946
23589,4.8393423551151304
23590,9.35392452405195
23591,6.159891807103446
23592,4.327927387508088
23593,4.6728054277391795
23594,3.363495313954041
23595,7.143270888382121
23596,3.203945813863254
23597,2.2554462411939644
23598,7.668982279957123
23599,3.1238020179062342
23600,3.090655718603336
23601,7.515510493022516
23602,6.4782691892214315
23603,5.9851942289663915
23604,1.8949328411279263
23605,9.847740300400439
23606,4.1351803699025265
23607,5.201278082374913
23608,7.334372460188416
23609,8.35594750273067
23610,1.8466579273958539
23611,2.525762874822813
23612,3.5461573050176187
23613,7.555657743117954
23614,6.4761062865491885
23615,2.5589870870181164
23616,6.663620747322633
23617,6.734752404868159
23618,6.163343644620568
23619,2.3569599498603764
23620,5.228177215506094
23621,5.280172057969371
23622,6.590836433651805
23623,7.0896411881457935
23624,5.159853212010274
23625,9.09647882671248
23626,6.294258766169684
23627,7.16131486759867
23628,0.9255413816080071
23629,9.093316152853863
23630,5.787656774252761
23631,7.129085404274063
23632,4.574154763167708
23633,7.6241526070227446
23634,6.3074793205143935
23635,4.400457693568291
23636,5.427672896694196
23637,5.65222307150788
23638,7.488108598972282
23639,9.372810386953322
23640,4.622038972145395
23641,8.663960747642893
23642,4.761821067393932
23643,4.637374924221981
23644,7.818311811243682
23645,7.3781648571076115
23646,2.0463094276582345
23647,5.92004693839209
23648,6.337464644010899
23649,5.355699380708197
23650,6.768895529670124
23651,7.3806762132632215
23652,7.086292381411662
23653,5.939708068030784
23654,4.777778880813815
23655,7.00177600226903
23656,6.76457879407021
23657,5.107488705533096
23658,6.226663898542805
23659,5.284122274558611
23660,6.533830370089151
23661,6.832695075229047
23662,6.753956163228526
23663,5.346285659057499
23664,3.0758545197522107
23665,7.288388767030891
23666,6.478424203118026
23667,8.30208002333664
23668,7.156222372409305
23669,6.854948749325911
23670,4.841903190538637
23671,5.988744430323301
23672,9.08922914936732
23673,7.0157397919239735
23674,6.486669803913712
23675,4.77531677133024
23676,6.311186842045054
23677,7.960311868087995
23678,6.297141461368905
23679,10.0
23680,3.7252165345539714
23681,5.977422913617251
23682,7.078775289047785
23683,5.843079736062615
23684,4.452782047433216
23685,4.754982905766775
23686,8.315766709289615
23687,4.370144486831189
23688,6.471826695537981
23689,6.963824109161625
23690,2.509934104672409
23691,6.0227183177143635
23692,4.125814166335323
23693,9.517278435605904
23694,5.9485157579085755
23695,2.484168035680212
23696,3.886283649697657
23697,8.267088340168483
23698,7.372554009136889
23699,3.6500259784229594
23700,6.686563957055431
23701,4.7997148266224565
23702,4.888710614857655
23703,7.994729521018815
23704,6.645668198300136
23705,7.343879847405267
23706,5.749259241693743
23707,7.112837434152881
23708,6.237535193570243
23709,6.8602952180491785
23710,5.441997423246038
23711,1.6965217811406939
23712,6.7891466886504075
23713,5.75381630801644
23714,8.060745843670201
23715,2.949326940128566
23716,3.4187799782834416
23717,8.536095887260954
23718,5.054226469634773
23719,7.667761185813356
23720,5.512915472093274
23721,3.0856832036549973
23722,1.4418347392074762
23723,5.291626146027943
23724,4.757325817721253
23725,4.652522054400448
23726,5.770506897495047
23727,5.371399969850297
23728,7.038463444178607
23729,9.055752405963016
23730,1.4781191498246224
23731,3.9024998414077063
23732,6.052686492793607
23733,6.336033146385121
23734,8.766200949985416
23735,6.351158442541176
23736,3.2850642443074936
23737,7.529434776478049
23738,4.84219583083447
23739,8.991199739399283
23740,8.9029862503308
23741,2.466173127050584
23742,4.14424660812655
23743,4.875198559504765
23744,7.4604533000381545
23745,7.82119870652212
23746,2.0606379028097708
23747,8.227173469830788
23748,7.718569616375726
23749,7.618939495493529
23750,4.9725458717660835
23751,4.462479462249567
23752,5.984877654781219
23753,7.901043178485393
23754,6.527370901572519
23755,7.3862990853509425
23756,3.5748539585973775
23757,4.008474218025915
23758,4.760381874864341
23759,5.524332893432792
23760,7.826184247832834
23761,3.096145853822222
23762,5.17202257521654
23763,4.7669185073614
23764,7.895882625591249
23765,4.916301206622099
23766,2.0169361850719296
23767,6.357608303910159
23768,4.360294767668065
23769,4.85804978453785
23770,2.737517123015303
23771,6.592383469172967
23772,4.219776980606424
23773,9.794335348348014
23774,7.6706761185439944
23775,7.415111350225108
23776,5.624422949471324
23777,8.2537116158429
23778,5.719778809381403
23779,3.4790528982578106
23780,3.1366408499077805
23781,2.7828849981325057
23782,3.0733440036606914
23783,6.793559358596955
23784,5.202617924754972
23785,6.917990499585611
23786,6.949506435838872
23787,7.8518575811878115
23788,6.8558273420937885
23789,6.6932843385880165
23790,3.4485646186286854
23791,3.09716439953921
23792,7.212755935222534
23793,6.249631704894214
23794,6.595492636404637
23795,3.420678749711004
23796,5.393475159278029
23797,7.100608865416691
23798,5.961651780140177
23799,7.545131681941394
23800,2.6987219032414287
23801,6.903921478911628
23802,6.431469522118013
23803,4.809970348420882
23804,5.01809383274546
23805,6.393285458589963
23806,6.012332677355327
23807,7.481854855384962
23808,3.10278786875446
23809,1.2598840819190578
23810,3.733889000513481
23811,4.854577257137621
23812,2.7377517348461673
23813,2.1588660816581995
23814,6.7057028244184576
23815,5.7793924702514206
23816,3.715681717238931
23817,4.030759684826817
23818,5.888253297115777
23819,8.678273131272185
23820,9.017206875463815
23821,8.012426051451357
23822,5.746073875504816
23823,6.965360952693688
23824,7.952561851429942
23825,6.511934353467794
23826,6.074640118490508
23827,4.107393703459018
23828,7.502634149981012
23829,4.4357346840217495
23830,6.618121423106847
23831,0.28256912122690914
23832,3.451057880012713
23833,1.7243394225064497
23834,8.213393254769077
23835,2.561683361179464
23836,5.896906293511285
23837,5.558815017817819
23838,3.3991020546850974
23839,5.225018478171405
23840,2.540410191135831
23841,5.015588226186422
23842,6.3601843077509495
23843,7.361361966599015
23844,2.278137903987368
23845,4.199658432774073
23846,3.8032271584841517
23847,8.911422722942868
23848,3.788611597477043
23849,7.644171495778173
23850,7.57931364402238
23851,5.1599883079654765
23852,7.405012983699759
23853,8.866281360430788
23854,3.8497164807745263
23855,6.796405846469491
23856,7.334979604322546
23857,6.0632019517998055
23858,3.057789444718761
23859,9.234978830557775
23860,4.763802969767193
23861,8.339994034057469
23862,7.693300850253292
23863,8.099249392130526
23864,2.3727957134022013
23865,7.228845866879188
23866,4.161983831577112
23867,4.131147067692108
23868,3.813284801651783
23869,5.639579601691351
23870,4.541887361216888
23871,10.0
23872,6.171019356005492
23873,4.561593198133637
23874,4.042669923172303
23875,6.6746351649225595
23876,9.411163628220336
23877,6.708013978240232
23878,7.428070789956639
23879,5.191849687948386
23880,6.58314215170994
23881,1.1055337891611485
23882,7.746869854579546
23883,2.3454524392689584
23884,5.212600659670404
23885,3.965005686713519
23886,7.315619779828689
23887,6.271027466347416
23888,5.873267914647596
23889,4.872053055959428
23890,8.677108092097452
23891,6.886986133339324
23892,5.854225432764014
23893,6.099155070761011
23894,3.1697054793822743
23895,4.200576095311949
23896,3.0601299656459675
23897,6.721451795912561
23898,7.362330058289492
23899,2.802349905207195
23900,2.4746566929177956
23901,6.813881956939669
23902,5.36765593119734
23903,6.732393804579502
23904,6.59207252059706
23905,8.201455292855965
23906,7.652108441303
23907,7.029494094983966
23908,3.619832663227362
23909,7.164730412057488
23910,7.301789241934674
23911,6.249833187295081
23912,7.403494654844701
23913,6.130946929720233
23914,5.752800233641935
23915,8.449102495929441
23916,5.361966318224847
23917,3.0333247759159483
23918,4.95278340405007
23919,4.047246353228882
23920,8.750036206484777
23921,7.524817977421227
23922,1.1377920640772996
23923,5.218999251130956
23924,6.62706944866
23925,3.9277238640564147
23926,6.936123750926538
23927,8.222903024733933
23928,1.1218346905690553
23929,5.008691512556534
23930,4.043467435314809
23931,3.3065930961864973
23932,5.048658134473338
23933,6.141281695280284
23934,6.060391439815743
23935,5.746302705363029
23936,3.7310718166717534
23937,5.461017905784492
23938,4.753008935673607
23939,2.5373930635290183
23940,5.907228854540218
23941,5.44258545986238
23942,3.6732318987326313
23943,8.446221412250956
23944,7.259921275352728
23945,5.781533630807065
23946,8.54282671901806
23947,4.894586186546822
23948,4.210850860669495
23949,4.86984438866809
23950,6.689013816262448
23951,5.227718074927778
23952,6.7343293280791805
23953,5.458297182715986
23954,7.9641774772361575
23955,1.9396536007216338
23956,2.5664996078633857
23957,3.988657780183803
23958,8.079803183415258
23959,10.0
23960,5.02984558450601
23961,6.255696121559898
23962,4.9584622189694665
23963,4.169851629340314
23964,5.797651474664683
23965,4.511509592809055
23966,1.7630976636060185
23967,6.39577431502671
23968,6.6995484364134965
23969,5.753566093811027
23970,4.929655680875845
23971,6.97191523392753
23972,2.9276727412012105
23973,7.484946222753529
23974,7.178257864589783
23975,8.671938742860341
23976,5.343199481895377
23977,8.328404272044635
23978,7.385837162389196
23979,8.388463001205476
23980,3.752217031403029
23981,8.48164939878144
23982,7.008424062239012
23983,5.233557583824129
23984,5.104704136363738
23985,7.969180882379927
23986,6.201315375157366
23987,7.088487901086072
23988,6.17249894694281
23989,4.986844772053142
23990,3.966562129359257
23991,6.301144340724404
23992,4.155885485426794
23993,8.833180479830625
23994,5.313491984052618
23995,6.329567535123969
23996,3.4244311038432005
23997,3.606345998091053
23998,5.305484810457349
23999,5.195462076001575
24000,3.109342697298649
