id,bilissel_performans_skoru
1,5.995484032417449
2,6.766010239216664
3,3.037712046109048
4,7.159019267998576
5,3.628313801202639
6,5.481457766461703
7,3.359909100848503
8,7.441464920306241
9,3.766446710085116
10,3.6622215920051078
11,8.50312739763661
12,4.1493225517066055
13,6.356926527245272
14,6.976314840305242
15,5.908222829054853
16,4.346868086057321
17,7.2839203978645735
18,7.9700340771088385
19,7.235016032770189
20,4.834914707108356
21,4.401026412968709
22,7.369015385092708
23,2.866216656476033
24,5.251437873517938
25,7.308728899727598
26,6.670096662424765
27,7.107936969529726
28,8.112762061971724
29,4.008579936324311
30,7.590974842372542
31,6.812657824167261
32,6.651223339202762
33,5.4736772332412675
34,5.198162260787511
35,4.274647719141952
36,5.378945314937152
37,4.798590588138752
38,5.877229907854354
39,7.453130368244804
40,7.947263347859944
41,6.479962619682662
42,6.049672177325982
43,6.888305743850406
44,5.516749355806919
45,8.88575190488563
46,1.8069404852779196
47,5.17489788297001
48,6.558313641860291
49,4.6145506232159175
50,7.885566969561723
51,7.2004531117826
52,3.2172072027719807
53,6.92800704340442
54,7.327983634127447
55,4.3005033279713265
56,6.085902723989345
57,2.4635331581425293
58,3.581637285144836
59,4.619201370827374
60,4.098819189185998
61,8.869709770529441
62,8.581585728366436
63,7.385108140922899
64,5.601074929990076
65,4.575232128235929
66,6.216036146143029
67,4.761667387663002
68,5.54702243145617
69,7.59261982161802
70,3.1143679805053424
71,4.4026603785407765
72,8.349527443283131
73,8.280480911395523
74,5.878829215622635
75,2.6963663032021024
76,7.327133000505284
77,4.409284854460009
78,3.7631666121363314
79,8.83531716474206
80,5.967783649374249
81,4.057524419470527
82,4.922683396423759
83,6.265208518529545
84,7.280884811014918
85,5.656567627857486
86,7.1211780847592765
87,7.4477616703334295
88,7.82270338103552
89,3.2066577006536066
90,8.404996229898751
91,3.9760075522003593
92,2.8422070120793834
93,5.959151490691211
94,7.797969938437544
95,5.84098328710755
96,7.676977403065689
97,4.655843214147258
98,3.8845384481015293
99,5.982470798650089
100,8.898294021346148
101,5.178752787289645
102,6.088495159067309
103,5.105969132236233
104,3.642010996778968
105,6.095155956459911
106,5.670908787588756
107,8.032091376552303
108,8.77833329629807
109,7.918316880894297
110,7.984954540842735
111,3.955539206702528
112,2.9686692443516547
113,6.790517279613347
114,5.726695279560075
115,7.099873677745774
116,8.276340843829011
117,7.756534509098438
118,7.560669823958886
119,8.512929036668629
120,3.4250993577107773
121,1.4225274358066946
122,6.208979171813384
123,7.233858817313302
124,3.726934847392497
125,3.3347293222407286
126,8.038084256095994
127,4.401828626854195
128,7.066190969318582
129,4.589125688739572
130,8.286857538484483
131,5.661095725984416
132,5.71485002198937
133,4.622142434729643
134,6.749389951278503
135,7.362654905114184
136,7.584948333925036
137,7.453081945174717
138,6.560186457817788
139,4.51486650115337
140,6.410804268481883
141,7.3670229665101195
142,4.9959624161331
143,3.570708479665393
144,4.542738016899119
145,6.043416170758719
146,8.334451908443318
147,6.081390989603645
148,8.137070858117113
149,3.335695655393661
150,6.673470782694921
151,8.115410391059903
152,2.6790084968389265
153,5.071697807381143
154,7.870502446101426
155,5.904781063645339
156,8.549049026894952
157,4.4875561977536575
158,4.86317455633423
159,4.821140357065675
160,4.481004708703365
161,4.302600111084479
162,6.2016321352486035
163,4.508655941385147
164,4.017698109425799
165,8.75647730239049
166,5.922775616795745
167,8.26508054076807
168,4.118121021457045
169,7.9602586028107325
170,7.690281206681038
171,6.442539519294306
172,7.786872391685832
173,3.3654426182905546
174,4.742481491723308
175,8.019354821164907
176,6.149113550737608
177,6.2181559320217925
178,5.885521497536277
179,1.4318806884341846
180,6.175929912218587
181,3.866828810797704
182,3.3518893191300205
183,3.822388233682736
184,4.164535580734908
185,9.081514238137313
186,6.019442203116983
187,4.613722027816973
188,9.167679920024764
189,5.990292380975026
190,5.95980697271742
191,4.128537476517242
192,2.8998356882158793
193,5.478882532255751
194,4.128899598743833
195,9.007647590906629
196,8.095588423489417
197,6.764732255661246
198,7.425363588016995
199,6.7789172627360665
200,2.8833855714250007
201,8.751807405539724
202,6.74938779392656
203,5.58566878353078
204,4.44324800603569
205,8.80195073390722
206,6.1230382163159955
207,6.417303361381598
208,3.712915617843866
209,6.171084983219185
210,6.310345906104082
211,4.581966320048567
212,8.362360800787808
213,2.946135361676757
214,5.230806861698477
215,6.493489785286204
216,9.205430750049032
217,8.2552552383529
218,4.219251819120825
219,5.542215371453234
220,5.088888935845067
221,0.9159695091541337
222,5.4701623184333945
223,2.9480020422017206
224,8.12017954544547
225,5.907296684495509
226,8.160989516192389
227,7.656249362156969
228,5.350652559534978
229,3.5614011124124674
230,2.9147463886437834
231,7.356884928068004
232,7.430344185612494
233,3.7931914484164344
234,1.4151602834163661
235,6.713254214016058
236,5.532019622093644
237,7.022963387874109
238,5.661815956813033
239,7.584657143850439
240,3.9930957483494
241,8.932152686058068
242,6.601711878422764
243,4.593744403863633
244,4.65543885223104
245,4.375878597905422
246,1.7613634109897347
247,7.580971845748796
248,6.01117346996636
249,7.232617522429065
250,8.551720715640833
251,6.2785095340815715
252,6.9854031135949315
253,7.202020582820544
254,5.572455397772368
255,2.2631776674548174
256,8.811319209519825
257,4.586846485121504
258,4.762061147991647
259,6.4590564324257205
260,6.373789935885673
261,2.108298879137481
262,5.467045037781746
263,5.962851908084567
264,4.788414543913274
265,4.493977573737152
266,6.198595411429612
267,4.261893803731267
268,9.026157316910977
269,7.35534891127282
270,2.1389391305585366
271,4.923226953248328
272,9.406751844823567
273,3.640874273660568
274,6.137722376413833
275,9.18133284023059
276,6.097930860997424
277,9.250854546079092
278,5.373894023362826
279,3.9032262280115484
280,2.291694134418395
281,5.158857832100498
282,8.778172244416831
283,6.281924624340061
284,6.058907024552768
285,7.744683461520514
286,3.317524419534199
287,3.1718859893248026
288,8.22723016318392
289,3.578851461993175
290,4.385928043771482
291,3.19290249013561
292,3.851164064216436
293,5.437046401226038
294,8.8109198024199
295,7.356714609458741
296,4.755852907022483
297,6.173488269859244
298,7.463080825370838
299,4.730410121924611
300,4.488947921306564
301,8.633916201905636
302,3.2238420440419278
303,7.534749208948662
304,3.6008739470099798
305,8.772182756693923
306,8.141964142129702
307,6.876159173627189
308,4.878876719757981
309,5.161226706618285
310,4.399642895196289
311,5.488543546259742
312,5.2218767158942105
313,9.46795279697541
314,7.057426536590123
315,5.444249535938622
316,5.782444590103226
317,2.4627157187062703
318,5.3630088777766565
319,5.215814066836152
320,4.240818755456912
321,5.6750482461438985
322,5.401100015164322
323,3.6342121122042785
324,4.926925208022551
325,7.723512072390256
326,7.407729065449278
327,6.610260805351186
328,6.904289832995424
329,3.725695161285746
330,8.921365284226834
331,9.147856638340501
332,6.85302413299024
333,4.623160435452606
334,8.832525539464656
335,6.724956262517466
336,5.677504842511897
337,5.397706423803842
338,7.653162857821011
339,5.144101318730175
340,6.937390997502117
341,3.832303438012001
342,2.5070481546702656
343,7.034563722573537
344,4.544257464822345
345,5.777303626900031
346,5.974687453160877
347,5.755337854516327
348,6.0175689089066635
349,4.446710176655643
350,4.193365355525352
351,6.498586069443616
352,4.684968716386107
353,7.343387946655153
354,6.266679807112242
355,3.560867553516398
356,5.553272319455438
357,6.807979854025894
358,5.673150046525568
359,3.342433402639138
360,8.34041433307193
361,6.798329372518708
362,5.2780780369863916
363,1.7674399758362243
364,3.1172054077759355
365,6.625001918197723
366,5.5501339720897045
367,3.6060594351853497
368,7.1073639766891725
369,6.43778409549966
370,3.6711551860837996
371,8.378642522895355
372,6.525455487724797
373,6.699706979976636
374,4.077375622523122
375,6.293720459896892
376,7.7236368603140235
377,6.0279220239532245
378,8.087177028234677
379,6.617209472983985
380,8.709793270642459
381,8.86398495272021
382,3.3935409010086146
383,3.8544258478745332
384,6.759041484938397
385,7.842136767839505
386,6.563125143831501
387,9.201021121793199
388,7.660848784982467
389,9.731480742247395
390,6.279803992467068
391,5.278271873396431
392,3.7247857744107886
393,4.0512178647249435
394,8.798385259948171
395,5.196771429614134
396,5.602346050726664
397,5.847482980309379
398,0.6364826189446486
399,8.675612997573086
400,6.801197753381892
401,7.672881337211914
402,3.3286556548951425
403,4.197282110859409
404,6.9305772846834826
405,8.04062398146266
406,3.984492422547412
407,5.5533067124698245
408,5.737938800817048
409,6.189611064074737
410,5.309384351623273
411,4.723149267529972
412,6.823265478149868
413,5.645161740591332
414,6.377289596186367
415,4.896234290923633
416,5.106356210232896
417,5.190305156501711
418,6.132149628204907
419,6.050418593025083
420,3.034947417465203
421,4.086732892800545
422,6.362415644069756
423,4.387679555542384
424,2.836139850672503
425,6.242028476370202
426,5.007267203239437
427,3.32186303389746
428,4.085487950240455
429,6.152785563395723
430,6.036296484054609
431,7.703322744685298
432,6.519746794836875
433,7.825734536729723
434,4.208554749452356
435,4.909493472810955
436,4.378090578887842
437,6.520140835857558
438,7.430849339923601
439,3.7927336927678246
440,7.829070865832826
441,7.787182129053077
442,2.7162037315495233
443,6.244608980299173
444,5.059562828543953
445,2.103680033074962
446,3.5037471531643254
447,8.026554896294275
448,2.143147409457076
449,8.83737882357476
450,6.018660353880514
451,7.647338659941736
452,6.991528073624004
453,8.566038546159357
454,5.465709679545712
455,4.571462251011295
456,7.785911414259441
457,5.128739419701242
458,4.853888043034371
459,6.488969130227138
460,6.671348064191885
461,4.132886969223982
462,7.444094198698491
463,8.873694945329738
464,4.891248417163188
465,5.53959154883885
466,8.266917874647419
467,6.5418256008446285
468,5.535345556643042
469,5.088333146188903
470,6.44836164922636
471,5.919192074549494
472,7.003396914949547
473,8.788382363719453
474,4.201402697010356
475,4.427829939597582
476,4.8665191168040485
477,7.5549951270691755
478,6.583091974662786
479,8.114795540080895
480,4.377720515168899
481,6.527122103706704
482,8.286644251189227
483,4.499860570375809
484,5.897543003662773
485,7.640874545679027
486,7.392232264007112
487,2.2964037895822793
488,6.653247418693749
489,6.8164598597875825
490,5.6871003374163775
491,10.0
492,2.860256626015087
493,6.18784775611868
494,1.2421490758219456
495,6.257264512382242
496,6.98682815769075
497,6.826642750341888
498,7.412536724789885
499,3.8012251649342015
500,6.574419024285915
501,4.931258471005369
502,4.785701089602553
503,8.511228978135337
504,4.983704750078018
505,3.742028069460968
506,5.007134417452557
507,7.510959608441689
508,6.568075677901452
509,8.432985686777531
510,2.477323591210427
511,8.488658314971273
512,6.526165127967924
513,4.195371093118279
514,7.025945200471227
515,5.056751714872792
516,9.00026864531915
517,4.735646225018607
518,6.276642010797103
519,4.087488667964331
520,3.382759116698564
521,7.87503895738638
522,5.6437320595583245
523,1.5912477081696679
524,9.152301070985702
525,7.34321597330492
526,4.8121029200626575
527,4.612966650364426
528,3.618119045234657
529,7.773068176121702
530,7.638255181734611
531,6.186613678111733
532,1.936908261714786
533,9.070118435927006
534,8.539597128619352
535,6.681868640239005
536,6.1347551256673425
537,6.930761551498738
538,8.785442848494274
539,2.7321134161739553
540,4.468177317653417
541,5.451713187856384
542,7.388556465482477
543,8.333540190806882
544,6.913830727085103
545,9.720229066233072
546,4.768809308524287
547,4.571450854553161
548,7.504954794876223
549,6.620690925784912
550,7.587732399208821
551,4.729826794174293
552,7.337898995248204
553,8.951332749446937
554,6.600405848175281
555,6.464258255602656
556,8.16000371012181
557,5.654616457881392
558,5.6486245810304485
559,4.373324144036924
560,2.973125960196112
561,8.817512976555024
562,8.010961427872106
563,5.9468646814815
564,6.185281524097534
565,4.752325829015614
566,2.774521237401951
567,7.445298891230733
568,6.249134256338106
569,4.677652322610625
570,8.525085482111555
571,6.189589850610983
572,8.547731706288822
573,4.738766837330621
574,9.00489561294932
575,5.6670633793913705
576,4.976010761267187
577,7.953751867847069
578,4.4418293200256915
579,6.755243356938746
580,6.166612131583949
581,6.923810989824246
582,4.282927443692202
583,4.971652958346941
584,4.561559675585162
585,6.512622591555215
586,5.92044749439617
587,4.4667061992135855
588,5.004032862389007
589,5.558914608599665
590,7.169402575794911
591,4.11533525801173
592,3.31418250583941
593,7.361858337572216
594,6.08903580924602
595,6.228116719371507
596,9.77237108442517
597,5.4475881375881
598,3.0952976376591206
599,6.7732880019443105
600,7.971496240207262
601,7.694041928177869
602,4.136087886805197
603,5.351850141107977
604,2.3262596648489
605,1.6094173216628136
606,8.407528622775102
607,6.413524594275305
608,5.415841122462063
609,5.655641510193295
610,5.8932038805926386
611,5.250934131042826
612,4.799609976725534
613,6.734604551846745
614,3.71271826579175
615,6.611250677601522
616,8.206912782658614
617,7.122271654947313
618,7.976347146726011
619,1.384257494815942
620,5.840731422027191
621,4.532164353537163
622,4.725648926361903
623,2.2861739382165163
624,8.07218567361541
625,5.480004787731116
626,4.850401358081288
627,6.506554491130599
628,4.6971347368544025
629,5.478477623983209
630,5.273455095295799
631,6.590141552573248
632,4.035930266732611
633,8.404917929543352
634,5.912976569460633
635,2.6807048454974876
636,4.752501315780197
637,7.738222498990713
638,5.199143980168676
639,4.974570785390192
640,5.671551320421077
641,3.428594139435449
642,8.969880640167801
643,3.719118357024649
644,6.055771241986437
645,5.2352739473860215
646,4.514222841926263
647,9.769412778618275
648,6.640047357264213
649,7.40959617273731
650,3.212417220231034
651,9.716360859092006
652,5.82997486061606
653,4.4479266924894985
654,5.139554834217806
655,6.872869103023307
656,5.545640108751967
657,7.2573960086685725
658,7.99556349189801
659,6.899352553448145
660,3.5963681417282194
661,3.401133058085754
662,7.193132920880496
663,7.536733039838704
664,7.437045076426866
665,4.919219002463596
666,9.232562897174018
667,4.454826700267389
668,6.167334341204637
669,6.477567903777805
670,8.364287493707556
671,4.981455920260093
672,7.206846149567527
673,5.207123429200526
674,8.065416589929294
675,7.054152391545326
676,8.227314621454049
677,5.754362280749427
678,8.395065033160162
679,3.8396424876916906
680,8.006783093166081
681,2.5246705491483565
682,5.677996611849434
683,3.460642325894498
684,8.624022597025277
685,3.457777701699014
686,6.646404685082693
687,5.456046493658629
688,6.125379334090274
689,8.776065320923193
690,6.5234007990751
691,6.776603720785516
692,5.653066375056537
693,5.30251014542076
694,4.91655052434627
695,8.272857802991435
696,5.735719900520644
697,7.089837563308356
698,6.371321203477654
699,2.3895914877307134
700,3.8048775838327056
701,8.727159109459762
702,4.5316376386967905
703,4.212379938304736
704,2.472423502072508
705,6.879375665061936
706,7.858256365490347
707,3.4294789951342826
708,6.9646731936332475
709,7.740467052951465
710,3.636754558507526
711,8.075078233439124
712,8.02917198640209
713,9.245736284793166
714,6.701834350564398
715,3.8712290951646917
716,2.423046655520963
717,3.9991287849812176
718,6.712518532715393
719,4.811772840382913
720,6.059283135526667
721,6.138963574951458
722,5.709703047597643
723,8.133703823808007
724,9.78759445909799
725,3.4744528366345953
726,6.00090057425884
727,6.881417510483986
728,6.282559571657304
729,6.244857875519117
730,4.67561055392679
731,8.271484858740909
732,9.393648086506182
733,4.037544145285007
734,2.4687889921849897
735,7.707906610865064
736,7.4257583416861905
737,5.617490428715092
738,5.21559765946975
739,4.690517577770709
740,4.495081086559802
741,5.584370584557829
742,8.03187025494248
743,7.446304958149481
744,7.659668312297921
745,4.767969400344364
746,2.848233594293313
747,8.75114901633478
748,5.480162696497942
749,8.010585432022324
750,6.34054497728824
751,3.790922712634064
752,7.776375474356491
753,7.5107800042678505
754,4.684301322766766
755,6.609995114820211
756,8.130512624534745
757,3.977306374473467
758,3.1469523424332113
759,4.244150940594982
760,8.312909321700173
761,5.525323884444248
762,6.343280960995089
763,5.6304158109765945
764,6.886684076724017
765,9.07714521070949
766,8.46692417699953
767,7.795900620410982
768,3.2902599147647167
769,1.0514981085353163
770,7.226407531590846
771,6.410868540846889
772,4.966626376119788
773,6.566995030317041
774,7.104270178940849
775,5.069686382416759
776,7.023058371167236
777,5.516373650896951
778,4.448432847155685
779,5.6882641814564705
780,4.260661953890159
781,7.320214064497555
782,7.87724016674012
783,8.639053923157148
784,4.510045229810719
785,7.392467307846782
786,6.311933865093028
787,5.033891433432591
788,6.892640922341452
789,4.15946108325696
790,7.267052958210622
791,5.882133572351235
792,6.155529689545637
793,7.996429049887525
794,8.44298167552799
795,5.9467389100409855
796,5.037399579275047
797,5.160817119584918
798,2.7605664206627405
799,7.2397018576272885
800,5.879530064670705
801,5.0966403582762885
802,6.818815615127231
803,6.530610655703422
804,6.278217278535638
805,5.821375015484971
806,4.548726075220271
807,7.909047160746002
808,3.4242649094028454
809,6.4390652502122085
810,5.584981623264854
811,8.77797408459303
812,8.951272882767517
813,5.802729780895463
814,7.17285388031905
815,3.46763468236292
816,5.822289171585006
817,4.205965642782789
818,2.4090222212645993
819,5.313644466215842
820,4.930842640555645
821,7.133548868442775
822,5.896581586371169
823,5.757452331831195
824,5.563570831653551
825,2.8850525151689634
826,5.573866774563359
827,4.785255270058421
828,7.262965983915894
829,5.8700931449004585
830,4.252745668945621
831,5.087932288007251
832,7.794876039804578
833,4.978921852778784
834,6.1464962962279515
835,8.832841692458402
836,3.4422962869154636
837,6.775314476528135
838,4.674101329123659
839,7.129065349608592
840,6.701612468934389
841,8.40057533092405
842,8.18975201130139
843,7.214553513567437
844,7.3032292546219235
845,4.0877966447698935
846,5.156954287228133
847,5.291854607443752
848,7.344453048077913
849,3.3300019653505806
850,3.2179131179233758
851,8.225253533459734
852,7.2524307599553115
853,6.183858300135671
854,7.490542229228243
855,9.973478464907343
856,3.6680982643132776
857,2.542992098928276
858,3.305819272665952
859,5.478637553410101
860,8.107308321112026
861,7.036858814930428
862,6.2859747313913426
863,6.012761562378651
864,6.569108573136521
865,5.152880713592092
866,8.91034633044926
867,4.298640317980963
868,4.094050487215944
869,2.89744030738178
870,6.2259262809006515
871,6.79261243876997
872,6.605257491625051
873,7.523647311496452
874,4.129889265557984
875,9.477703029594473
876,3.9138637945999384
877,7.392916051916562
878,4.6412229543393
879,7.799665356923527
880,7.2005280361131705
881,6.60094929982817
882,7.906056937130024
883,5.0661280488597065
884,7.898494469083061
885,3.574457417289195
886,2.3925142262847627
887,3.307438617304243
888,3.8561492029723397
889,5.27108147064714
890,7.8024738956784425
891,6.263332313692775
892,6.952303775639847
893,5.536890832480714
894,6.7122799088129295
895,6.523740392289294
896,3.8513873176715028
897,4.640885174992632
898,5.0410160261115955
899,8.502167191982501
900,8.913178947393087
901,6.950788302773397
902,4.4418727940869625
903,9.250487893519429
904,1.2050181663775918
905,4.966782824177329
906,7.828936851087746
907,7.59430959122081
908,3.922365832265536
909,3.918632582776773
910,6.939021376255182
911,2.662500714415121
912,9.727724615915278
913,7.363860771215554
914,5.727789196264095
915,5.355241863430079
916,3.4607349614943153
917,5.857187681484201
918,7.121122178279301
919,4.541085690162612
920,6.349713143801512
921,7.213506160575436
922,7.203300982096991
923,7.030227607683362
924,5.146767823398659
925,8.312663815507877
926,8.261382811700015
927,7.835207657638635
928,6.271497657197659
929,8.513898817601829
930,5.554594671304375
931,9.355911000638207
932,7.53229564597222
933,4.067896622146802
934,3.04254196271614
935,3.0102352609079306
936,2.9196744622752444
937,7.990706509027614
938,6.902112772213859
939,7.352994031281143
940,3.5675706473870687
941,6.899306036936932
942,2.1656092427158864
943,9.461270838530272
944,5.882882173467968
945,7.931503744061667
946,7.514958481951554
947,7.859688713034976
948,9.60244068377177
949,6.075268301373853
950,7.1558492138143714
951,4.771202980693709
952,4.242352248660447
953,5.621889438107202
954,3.9743170109393047
955,6.143131852355921
956,6.69653915324179
957,4.320604511573916
958,2.7068884961396624
959,3.808066018205666
960,4.336655109185209
961,7.693891951872487
962,8.604240203255454
963,4.467726368770421
964,7.8529933477140474
965,3.173293502480132
966,6.287633781906264
967,3.8554651089072767
968,5.033039272208704
969,5.5856779889638455
970,4.387161286762248
971,5.5575399823280724
972,6.369121080161683
973,7.129050177348982
974,4.337872637320022
975,6.994532493526972
976,5.218793827182305
977,4.737129627980107
978,8.258604235022425
979,5.777615999943302
980,5.401635155753037
981,7.7121766869886095
982,8.92255799909193
983,9.24961977207553
984,6.166381978874452
985,1.8134212070364875
986,8.091490858548223
987,8.44926049171715
988,1.629065009721198
989,4.120665910780965
990,5.04765979422249
991,5.638244186988166
992,4.413533095795438
993,6.750834112790775
994,4.387582321368432
995,6.985227275006147
996,4.479089032313563
997,7.931897116025092
998,3.9945781292520763
999,4.629644283230441
1000,6.230293368201772
1001,4.978544082782812
1002,7.384021016317336
1003,6.846043572153717
1004,7.857777957707468
1005,5.021656590098601
1006,4.297787290541904
1007,5.65393327346387
1008,7.255905269281026
1009,4.897614273364011
1010,6.588936240512075
1011,5.512421583973452
1012,7.308420448893943
1013,6.0232520120983
1014,6.544431048738151
1015,7.547529188149362
1016,8.683004279610232
1017,8.240684371801853
1018,9.544840109399553
1019,6.135707442916831
1020,4.881540612112495
1021,3.7418972343957115
1022,4.255293459039686
1023,6.897700835672099
1024,5.150774288072667
1025,6.353089336638805
1026,7.551242535909631
1027,6.755931895906777
1028,5.483073830977459
1029,3.3912860953526147
1030,5.700916717815125
1031,8.130007347904337
1032,7.768843420960028
1033,8.401974071146793
1034,7.978952962835289
1035,6.507656408918159
1036,5.127507926411537
1037,7.9371315308508015
1038,5.347594319130516
1039,8.069575638362
1040,7.750600493270668
1041,6.146197107717679
1042,5.925190278924259
1043,6.496992650271477
1044,8.56907178648707
1045,5.565731607880296
1046,5.049281954741062
1047,6.708072978758359
1048,3.469479119233882
1049,4.469143302471155
1050,7.010895544920776
1051,8.356456993193271
1052,6.33289983217084
1053,3.437489420094105
1054,6.046728251169809
1055,3.3759623773269
1056,4.456911610971571
1057,2.78362938228029
1058,7.793396496721944
1059,6.573493057518284
1060,5.186154432562636
1061,9.249381931689573
1062,7.176345735859035
1063,5.053251098500285
1064,6.095869990725293
1065,4.651752493331683
1066,5.31531618280069
1067,8.442546645083679
1068,7.650080736880055
1069,8.686530582488919
1070,6.240803722286077
1071,9.53809191385857
1072,7.1781779584375816
1073,5.937341265251572
1074,9.177801959345725
1075,7.737802385351302
1076,4.475669437307493
1077,5.691721625600622
1078,7.560910881264432
1079,4.144807908382276
1080,4.405686897786544
1081,9.932908271970492
1082,6.598140651511845
1083,5.029548806092519
1084,3.1358470077522593
1085,5.00335519506046
1086,4.1841869412235
1087,3.980606045631964
1088,3.330469898770374
1089,2.609630595806696
1090,7.8101634800648085
1091,3.741342045505194
1092,5.2594573789218595
1093,6.488443210278318
1094,6.657244522830289
1095,6.016117676113826
1096,9.097305422744348
1097,5.9311092994019
1098,5.203340914053734
1099,5.687762916463947
1100,5.294190583570293
1101,5.727695768253181
1102,7.302129924404068
1103,3.821718208528982
1104,5.870774313167041
1105,6.097446453871222
1106,5.260555885416394
1107,8.434432247957497
1108,5.660143353782677
1109,8.356785429634895
1110,4.46990350264172
1111,3.630830204303488
1112,4.260395327484489
1113,7.042413377559444
1114,2.9319864486140315
1115,5.02403785926776
1116,2.1434601084525173
1117,6.087099926017157
1118,5.8177458182303114
1119,9.5477652457081
1120,8.435115472248553
1121,8.499199507896225
1122,6.685243691297064
1123,6.708610539932644
1124,5.529900446752766
1125,3.421343971252934
1126,5.588755470304337
1127,2.654834740969614
1128,8.172028324545265
1129,3.180999446821799
1130,5.9382691130415
1131,2.9431675328176796
1132,6.629844729265783
1133,6.351697979782737
1134,3.2335023438268387
1135,5.743705278993642
1136,7.443470640962989
1137,3.9142245271350906
1138,4.098514991593901
1139,6.9938720793639355
1140,7.220343031463956
1141,5.0629013570978065
1142,2.4725473497553723
1143,7.713982311154265
1144,4.334444724276048
1145,2.3509660851886047
1146,8.32012610441283
1147,1.4846760229158462
1148,3.33676920446034
1149,5.740094725669218
1150,6.603758624695318
1151,7.880152486676097
1152,6.53272925987121
1153,5.129269260334107
1154,3.895545658898681
1155,4.979786237375032
1156,4.993105412974166
1157,4.999921427400678
1158,3.661083896015732
1159,3.1672981001403153
1160,6.1110752694933845
1161,6.668756206734071
1162,7.171195295920119
1163,7.175249468846789
1164,4.730846837786597
1165,7.523824935326617
1166,6.989979699587342
1167,6.862958695680214
1168,6.17502473581361
1169,5.733313721198752
1170,5.837873837045372
1171,5.370080711784074
1172,6.831256817432479
1173,3.880505462670039
1174,6.8579896764676445
1175,3.9300595711682624
1176,4.103178410455082
1177,4.807792390405455
1178,6.418287690094448
1179,6.964452057697913
1180,3.4219514951108394
1181,5.766711543036693
1182,9.72596910813757
1183,3.3608981435666534
1184,3.753620661610897
1185,7.215314408869097
1186,5.084729411259486
1187,4.612401742749553
1188,7.521403486770424
1189,4.670834314800626
1190,6.927340245347107
1191,3.3813732491362924
1192,4.968411859054706
1193,3.787491890870763
1194,7.4380910882849145
1195,4.039855331823217
1196,2.2405983858345384
1197,7.851295077307922
1198,4.486310231165863
1199,6.590414328247156
1200,3.0822099933425564
1201,6.099355323411869
1202,8.635604866893763
1203,5.2765322598835835
1204,7.550038737180483
1205,4.945740424015564
1206,5.783550609400632
1207,4.133233538220035
1208,6.199689877900821
1209,7.965763378094561
1210,6.569382462855719
1211,7.904870178753882
1212,6.049957192727027
1213,8.76262181413312
1214,7.321410678377398
1215,5.677063927644082
1216,4.350865349405936
1217,7.448166696846052
1218,3.5442391989604785
1219,4.581407045803961
1220,7.737483449355121
1221,5.786353819429943
1222,7.1864155879937135
1223,5.278598609661555
1224,5.138951298992757
1225,7.399517057967747
1226,8.655003990810593
1227,7.2441118204040595
1228,3.569884342659751
1229,6.865694444065976
1230,7.015420683282914
1231,10.0
1232,6.24624288216528
1233,7.9972636246823345
1234,6.74986754069444
1235,6.694245800236403
1236,8.458854504968453
1237,3.62837554123274
1238,7.805948700336219
1239,3.8360565540023424
1240,7.5401098567263
1241,5.837127251966858
1242,5.875747758217871
1243,2.630177772714775
1244,6.879819447328065
1245,4.687312817700705
1246,5.500344504118103
1247,5.247348311660859
1248,4.546064924587139
1249,6.459467144199449
1250,4.904147250858522
1251,8.4095370478817
1252,5.471340495099423
1253,8.913742065305994
1254,3.4274823543248347
1255,5.401304510226677
1256,6.751040589478734
1257,5.564776193750434
1258,4.415091885973289
1259,6.520992924273924
1260,5.973964631541228
1261,8.849302605460716
1262,8.259404479439617
1263,5.803735206647213
1264,8.143376252995647
1265,6.710160178235285
1266,7.511809082194226
1267,9.210605315233918
1268,8.18108866066754
1269,7.388530186590308
1270,9.629827914663618
1271,6.210043099630705
1272,4.378743731244397
1273,5.31194784291062
1274,7.286948047037281
1275,7.770414605822851
1276,5.466191066942791
1277,1.2186043520950567
1278,5.43916609621692
1279,3.8123022954659738
1280,5.828909680131261
1281,4.624712659981842
1282,6.082810650338448
1283,3.4088584119336045
1284,6.2383534167662615
1285,6.054093190311787
1286,2.632764085770744
1287,4.842698054256052
1288,6.1779226039500195
1289,7.730223705802593
1290,3.0788704068679302
1291,8.185741858628043
1292,5.57720924406782
1293,4.803339118598792
1294,3.463022946679048
1295,7.323015778013267
1296,8.081667224217103
1297,4.499282020698902
1298,2.806949105132568
1299,2.6934456799896194
1300,7.835906791374737
1301,7.304469203226729
1302,5.962627341048431
1303,6.614955949022825
1304,3.973350938160696
1305,6.992266141354432
1306,3.950367416860494
1307,5.057786390436617
1308,6.120146371814202
1309,5.793516130762741
1310,5.0706872091584305
1311,1.463593512897151
1312,6.980675596943482
1313,5.334192562430966
1314,7.81259894984698
1315,2.5441459422792474
1316,8.532593521316521
1317,2.0389235451485064
1318,2.6515791250688987
1319,2.0253201624871853
1320,7.632248015848428
1321,3.9159434112645823
1322,5.034471355364716
1323,6.00071882377148
1324,5.7003563385343305
1325,8.671939505389503
1326,8.830753737598469
1327,5.487188863940172
1328,2.4878815886803434
1329,6.8789898416927
1330,5.533979118948733
1331,7.320616331891657
1332,8.148944209167352
1333,7.587630480358287
1334,5.674941356518209
1335,4.695895783222543
1336,5.828242290028111
1337,3.3030322442076216
1338,4.56250485208956
1339,6.32650382546093
1340,6.232694144148794
1341,6.15103156814411
1342,7.412929125876524
1343,4.699686490149135
1344,6.349308698526371
1345,3.4009316157213503
1346,5.502964139432512
1347,6.942131847290578
1348,3.8764501525042254
1349,7.085071011770693
1350,7.146759509906885
1351,4.012651720245716
1352,6.876046565231383
1353,4.792390845851423
1354,6.981652663220368
1355,7.105288147631301
1356,4.503166508015193
1357,5.692800257149998
1358,7.673225050955686
1359,5.708795172018093
1360,4.85315816174493
1361,8.493917689889347
1362,8.62787930617427
1363,4.034145068756018
1364,7.081322093984672
1365,4.502178260697084
1366,5.074558530953845
1367,9.605637534889805
1368,5.888170082362572
1369,7.776301986958216
1370,4.952257718688201
1371,7.751378733702795
1372,4.855588647173335
1373,7.285032588850784
1374,4.626814351022498
1375,6.941797826743783
1376,7.378335623010811
1377,5.474472773111243
1378,5.856242906406836
1379,5.961553671602044
1380,5.420935260444159
1381,1.9381255931465438
1382,9.266317705856961
1383,3.4372070382914073
1384,7.35592166602934
1385,7.862674750084308
1386,5.436379180204518
1387,5.353325977266903
1388,6.680543990688147
1389,6.449706182199491
1390,4.546679034237701
1391,4.541718495017928
1392,3.9059963123460775
1393,6.107801706708223
1394,5.061267061735059
1395,5.098132829163842
1396,7.137696868572988
1397,7.286137674501344
1398,7.482298953942012
1399,5.027166752499328
1400,3.710726166645354
1401,4.70806762404965
1402,7.777873543340913
1403,7.72538374646394
1404,4.870918634353986
1405,6.434956086265466
1406,5.087781307746467
1407,3.086710747516984
1408,5.050468148000262
1409,6.086853715812946
1410,6.037706702530018
1411,8.345693078216437
1412,5.171697574489945
1413,6.2800470250500195
1414,8.605781031174391
1415,9.117403844474293
1416,4.413599384145778
1417,1.4727688691502414
1418,6.4421505909413
1419,6.302057865292944
1420,2.715274685699992
1421,7.786384357912591
1422,9.129046230594273
1423,7.068796823128887
1424,7.5838894808159
1425,9.146216614598478
1426,8.089119650060667
1427,1.5169914158857944
1428,3.1176880547570436
1429,5.400238525004864
1430,3.10662799657008
1431,7.095314682602385
1432,4.833000880338234
1433,7.913583694967064
1434,5.378380059921347
1435,7.7040890703053995
1436,8.59318683175303
1437,7.514574858950965
1438,8.01241704842532
1439,7.192542782474
1440,7.800360000496066
1441,4.736037112911947
1442,7.437454029545564
1443,7.162952556417483
1444,1.7676330786213232
1445,8.80613007963387
1446,6.420583319238326
1447,6.627328697898938
1448,9.027621902941004
1449,5.705141551852918
1450,8.197890156376262
1451,7.300063527261835
1452,6.9419880999951165
1453,5.898458887995462
1454,7.241043422116078
1455,7.347416416517319
1456,7.546158165390669
1457,6.502996624145387
1458,4.6143940228461515
1459,8.117948352544314
1460,2.3733568681019155
1461,6.40991124282819
1462,4.232738771648331
1463,3.3650756162547224
1464,4.6046353907699205
1465,3.6729436837229414
1466,7.209387485291019
1467,6.5678566563060174
1468,6.944796733662277
1469,9.068136454081785
1470,2.477391072224129
1471,6.089379446690999
1472,3.9438594236699114
1473,8.211348090497953
1474,5.166509987676298
1475,4.400480952243689
1476,7.802806397667401
1477,6.423058329800838
1478,7.302219593389877
1479,3.75382973931274
1480,6.92801377200491
1481,7.151581706530682
1482,7.049568448635881
1483,4.798228876353351
1484,4.552120668026592
1485,8.33569670575906
1486,1.6782608661720857
1487,2.9901099780939244
1488,2.3334118916298574
1489,4.329572452636114
1490,4.277025178732327
1491,6.833432979327852
1492,6.306647432885885
1493,8.88584324751262
1494,3.5854734263849344
1495,7.883400786106384
1496,4.994288484029656
1497,5.226469289376491
1498,6.540856301679164
1499,4.631085177498118
1500,8.554544076805294
1501,6.211064172225804
1502,7.322693623894341
1503,5.866561022996411
1504,5.214323929965894
1505,4.448552332906146
1506,7.268542466128311
1507,6.949726917306628
1508,6.229501447973909
1509,3.224054670437448
1510,4.765232548528534
1511,8.118443123827578
1512,2.500478969985618
1513,3.28502355994835
1514,8.508501953947208
1515,5.802572725908471
1516,5.309605254661139
1517,7.582868949217578
1518,8.21168550923074
1519,6.211421309485088
1520,5.180336991565332
1521,4.914455996497961
1522,7.978108059973147
1523,5.855610443388259
1524,3.0737867473145704
1525,3.7374030127006446
1526,9.020351876064236
1527,4.015107374337583
1528,5.851097720909782
1529,6.991923289592926
1530,8.253063898113282
1531,4.821212422200162
1532,4.134126489183518
1533,6.2758985884803655
1534,4.512951948879755
1535,5.080174569227755
1536,8.879699081025532
1537,5.152301766756065
1538,7.029045911534424
1539,4.456346203292175
1540,6.772458211543421
1541,6.347859025282885
1542,6.788003984257647
1543,8.751624760723184
1544,6.65531777398935
1545,3.621191185613648
1546,7.517752108888773
1547,4.807940288845243
1548,7.71582905536141
1549,6.061351767940795
1550,6.24975523639707
1551,3.287744822539948
1552,5.6250955747827165
1553,4.449409943463475
1554,5.836739258154439
1555,5.659496722110825
1556,7.86419686535229
1557,7.445579980255677
1558,4.394935046864031
1559,5.484567682691528
1560,8.031559616367563
1561,5.235521286174269
1562,7.952797511286598
1563,5.482046862021483
1564,4.624391593627742
1565,4.919716692857389
1566,7.727330429388245
1567,6.377020691635754
1568,5.083283491982361
1569,3.4038942962430987
1570,5.15823791002371
1571,5.326770477897388
1572,8.730061296099073
1573,2.8121150554694667
1574,6.4836437243220075
1575,3.9647483520933124
1576,7.256595970575115
1577,5.220433764118212
1578,7.639994864661516
1579,4.068745259935181
1580,7.584045225796594
1581,6.836471089148313
1582,2.5584159979722574
1583,3.0968437849672963
1584,4.646992267071291
1585,6.900442863676182
1586,5.041284652491457
1587,6.90725540032437
1588,8.142596925686629
1589,5.514301201651415
1590,5.0624827361666975
1591,8.263710684978784
1592,7.524302375265777
1593,3.5834588054180214
1594,4.378052959992267
1595,1.394158583763447
1596,2.739141124600586
1597,5.493027390814166
1598,7.001749362912441
1599,6.359448345156543
1600,2.6059068071702542
1601,6.285470858776179
1602,7.575424716895704
1603,5.542162071606348
1604,7.283047367069854
1605,5.986253723740227
1606,9.494293436277246
1607,9.287037750987318
1608,5.335553134236031
1609,5.411249819701745
1610,8.29345760836178
1611,7.736655643859032
1612,7.715655591545329
1613,6.824622837132095
1614,5.566973859359149
1615,3.1579503407462792
1616,5.5398154078156
1617,5.9288940014061575
1618,5.6230477915090304
1619,7.4406258183513625
1620,5.883802463845452
1621,4.530450705362393
1622,5.322240012332038
1623,7.4016865024196905
1624,6.4180963969295854
1625,7.206558358014651
1626,7.786390037384992
1627,8.141329299704172
1628,5.471248525445892
1629,6.6452227753313595
1630,4.033452489024237
1631,9.73387254929349
1632,8.148429452555117
1633,8.917400909969608
1634,7.212397418407414
1635,8.438000249978696
1636,6.086232277706155
1637,7.758621262890741
1638,7.82814465321832
1639,8.183096878967703
1640,5.236969698932681
1641,5.5407811620463985
1642,4.961101463841421
1643,4.888949665443978
1644,7.125617516415026
1645,7.876332546521956
1646,5.860059252697015
1647,6.307362501033596
1648,8.993683090074393
1649,4.708805101453494
1650,4.832726765041571
1651,4.2181366108988305
1652,8.220176664341237
1653,2.8997155775209764
1654,5.759239030915756
1655,6.815775470614508
1656,3.552695066374447
1657,7.6140564879188934
1658,3.7955958581719833
1659,6.382403169573784
1660,8.585878198601046
1661,7.865933751527889
1662,7.10165065090943
1663,4.370712954263661
1664,6.478502608589347
1665,6.301834122519075
1666,4.930066864761291
1667,4.1407019916786
1668,6.709356884509474
1669,6.927696100226642
1670,6.800150605499981
1671,3.6780521856188573
1672,3.9174177203567644
1673,9.74788219093739
1674,6.3847110477225115
1675,2.5328248114544354
1676,7.8664542621601745
1677,5.992834109581474
1678,3.027857857838542
1679,6.148157838881689
1680,3.4194843799794135
1681,5.770179355146036
1682,1.7321823237420284
1683,7.484438252406577
1684,7.262434017504182
1685,7.655247474261719
1686,4.587411919515787
1687,2.136947132410078
1688,7.208199012502608
1689,7.17053182095244
1690,3.4512391553776087
1691,7.366406104744159
1692,9.279455492559794
1693,6.9794654147428234
1694,2.9540504473106695
1695,3.245181097679936
1696,6.100101795131929
1697,6.139236751638561
1698,6.743421852418645
1699,4.996776724544895
1700,5.244720294604064
1701,4.508465091043769
1702,4.190398576793827
1703,7.493571745860356
1704,6.789338687125237
1705,5.775742992111984
1706,5.403387929388181
1707,4.990590898599165
1708,7.575317730289861
1709,8.409489369590116
1710,6.389141300488877
1711,7.495973570893905
1712,5.755080790787615
1713,5.449742457821352
1714,7.865447188536143
1715,8.724281671858284
1716,6.34393252346572
1717,3.3785227439953394
1718,4.793561364537392
1719,6.876643276102628
1720,8.563688861069167
1721,6.546611649134491
1722,2.3507114125855866
1723,7.312221720999219
1724,3.2405590533801965
1725,7.889565043766794
1726,6.1119513808309
1727,3.617405214997799
1728,6.471229643814455
1729,3.9311674152063274
1730,4.448056782410211
1731,7.12983601826643
1732,7.975868135025414
1733,6.189813161233984
1734,5.140491310670844
1735,2.40436667557728
1736,8.444340441040803
1737,7.79966394144886
1738,8.705366291047248
1739,6.527313375463947
1740,7.269752875165647
1741,3.2510477325891225
1742,6.705208141994147
1743,6.9319118299328375
1744,6.612503019353053
1745,6.539458348361703
1746,6.845985664179042
1747,5.618890827259346
1748,7.615296446343316
1749,2.15139141239893
1750,6.408322059702042
1751,7.101397649565188
1752,8.06531836287744
1753,7.066237877359971
1754,6.787609010793757
1755,5.475023275998298
1756,6.556664612535451
1757,9.537159563260408
1758,4.918438193188099
1759,5.454037921417227
1760,5.218974510403407
1761,3.187795400058116
1762,4.974632166771454
1763,3.611773025874108
1764,4.309054844988963
1765,5.388592004339991
1766,6.302863684014053
1767,4.051827680649265
1768,8.283661210216753
1769,6.2762868272723376
1770,5.951413370849017
1771,4.5853434970961615
1772,5.297712439941167
1773,4.194128278031597
1774,6.9240227983183535
1775,6.809876226122821
1776,5.109875605239026
1777,8.487374302549862
1778,6.084088515162673
1779,8.095816130021028
1780,8.267262410992293
1781,7.311829300137494
1782,7.007022347965727
1783,6.0717415951401685
1784,7.001302132504921
1785,3.750310271840774
1786,4.787360188751017
1787,2.7031463817029713
1788,5.900369693842385
1789,8.41868237204562
1790,9.076286285222292
1791,8.210992733933196
1792,5.906289910084261
1793,4.863189398083224
1794,6.495104184866499
1795,5.354012720589004
1796,6.784194690716822
1797,7.780961764252486
1798,5.317511831909827
1799,3.6157635073289356
1800,6.191524657416393
1801,3.3900585844818
1802,5.340461804743747
1803,9.150271282454922
1804,7.193134949126784
1805,8.681794164381344
1806,4.53434869136005
1807,1.5143810526848758
1808,5.486319046568945
1809,6.206738128871607
1810,9.232785653881784
1811,5.0719970477575975
1812,6.954644297034509
1813,5.918826724464443
1814,4.684853595927327
1815,6.615147868373016
1816,6.5233264897521215
1817,2.1476081765223296
1818,6.859891189162751
1819,7.3161181408486495
1820,7.101574357585267
1821,8.16390090667634
1822,6.994489057418675
1823,4.667060398463975
1824,8.132683305747808
1825,5.899289434427749
1826,5.942470416574955
1827,9.386143417506547
1828,5.543878527461406
1829,3.4719379626989118
1830,4.257507928846141
1831,5.7655967041105205
1832,5.555057695235835
1833,5.756621997348702
1834,3.9439232591621085
1835,6.65148337527561
1836,6.904310721525821
1837,3.1528728801246646
1838,5.0230223136179815
1839,7.4029328018945275
1840,7.276030273196266
1841,4.640000440483726
1842,6.198594639319597
1843,7.569061342072017
1844,3.327079001046591
1845,7.607133746006987
1846,6.385946789559495
1847,7.998916301461075
1848,8.303900577832671
1849,5.222227045845676
1850,5.33283034807578
1851,5.561039375495865
1852,2.127062737952187
1853,4.794913596033309
1854,5.1704831365895005
1855,6.458003268069013
1856,3.2630259445844847
1857,3.769346376619616
1858,3.2124471674565704
1859,4.51724143043108
1860,4.938075684216706
1861,4.030995863784196
1862,8.08713748698055
1863,5.386847798815848
1864,5.743903139405442
1865,6.166114751054369
1866,8.747346028217498
1867,7.438430675671038
1868,7.397239802516859
1869,6.608349555057797
1870,5.173755890404106
1871,3.860273653996937
1872,5.812759942550851
1873,6.94172296574985
1874,1.127473036974648
1875,6.004910448751505
1876,5.685598366074281
1877,6.929358577093988
1878,5.262036405106136
1879,3.0914374590388016
1880,5.604197280706502
1881,3.5111520263963194
1882,7.60915173332204
1883,5.371344723395752
1884,9.579228066843156
1885,7.308626608033341
1886,3.9210428272793694
1887,6.6445770778362085
1888,4.209449771286056
1889,8.372289647771447
1890,5.259325328518808
1891,6.464267410023016
1892,8.250488557716496
1893,7.8705867111253776
1894,6.9653357009824175
1895,7.26901658152162
1896,6.600293549409854
1897,6.647657928803556
1898,6.210174015263321
1899,8.94865768135736
1900,7.391577921198882
1901,6.600492469682198
1902,5.4779235606399075
1903,4.219463637532822
1904,5.825285305674253
1905,3.6555260846355253
1906,4.863451341924575
1907,4.841949841839833
1908,7.5125478742441585
1909,6.145207998837413
1910,5.8893597638240385
1911,6.291363450789026
1912,7.002811692488826
1913,6.848481781096967
1914,7.260517665827726
1915,2.3785910623897526
1916,3.6604424035214076
1917,3.979618546437216
1918,7.074362688097215
1919,4.554326437908251
1920,7.4111290999224995
1921,5.723574422475723
1922,6.071094969674893
1923,4.908854161141011
1924,7.88756869535295
1925,8.259122274010426
1926,6.843865376676296
1927,5.344220335903175
1928,6.6791215566524915
1929,5.395858763647769
1930,7.757770187342604
1931,3.1114247218231577
1932,7.876977773844791
1933,3.750144881971612
1934,6.4779604631544245
1935,6.042010514641863
1936,2.723530271331858
1937,7.637652052269253
1938,2.1572197500628025
1939,5.3449621737417425
1940,3.555254621410573
1941,4.804160917010964
1942,3.972009665295746
1943,8.479143948804206
1944,2.2403285566034015
1945,4.480383824379983
1946,7.994370751297373
1947,8.604704903896613
1948,8.319526307973453
1949,6.7527557999948575
1950,1.6737602001692038
1951,7.058675777760151
1952,8.497244014962066
1953,4.496948477932843
1954,3.8909459785588116
1955,4.88623725034245
1956,6.5305537780225835
1957,3.603540205015943
1958,8.064680809153687
1959,2.345441098927562
1960,8.844296889065543
1961,5.872761984569274
1962,4.299690182473801
1963,8.170900441825498
1964,5.3555336047251485
1965,5.136132802971098
1966,7.987852894016932
1967,3.9521224758832547
1968,6.69759299045389
1969,6.772824458901935
1970,5.478209052626802
1971,5.8079528169193875
1972,8.396307404143736
1973,6.984300723620681
1974,4.6087045077491915
1975,6.412183468219428
1976,5.59594650960753
1977,5.834979268591026
1978,7.888030923576441
1979,7.138570598664957
1980,5.6869800449426
1981,2.4700051236409846
1982,6.178421576746231
1983,7.072182393213529
1984,8.986749340284293
1985,3.9192639458754446
1986,3.1974050296053873
1987,4.191035460983697
1988,7.357399183342398
1989,4.075762220091927
1990,7.804214814272956
1991,5.680963937502242
1992,9.019522247560944
1993,4.13761533399316
1994,5.677307276151845
1995,6.221031538486122
1996,6.4538936333009245
1997,8.847078483115588
1998,4.692899613681605
1999,3.719604978935297
2000,8.629666745054879
2001,4.102399293958563
2002,8.506657095552965
2003,5.184537362355045
2004,6.193531601519812
2005,7.53736639864471
2006,6.9918970554633715
2007,5.05418375756351
2008,3.7055407636602116
2009,3.1120729542646037
2010,6.607449565760092
2011,5.884201783570825
2012,6.468452211304998
2013,8.646576732323167
2014,5.552381098381746
2015,4.079730226268578
2016,4.094466011926341
2017,4.719371714784493
2018,6.598802510144103
2019,7.331415945179461
2020,6.927878176233176
2021,3.5818480351734725
2022,6.993378527186624
2023,5.472950781015972
2024,6.396334097525968
2025,7.6129863539401015
2026,8.027616736709984
2027,7.443469559789234
2028,2.989671316224016
2029,2.1841526531926347
2030,8.022282276790046
2031,3.7544297727355938
2032,8.60638833034946
2033,6.678866675269022
2034,4.227326349589876
2035,4.689771264770691
2036,7.611531431473412
2037,5.571300597474377
2038,3.942402723327112
2039,7.211277744502479
2040,7.5916868545934655
2041,4.410437520442169
2042,4.930636122376596
2043,5.854901913016472
2044,5.836655156274749
2045,5.82999060022375
2046,6.7014047697190655
2047,6.963088996231352
2048,2.8324676665933737
2049,5.627712271912005
2050,2.2111450195956213
2051,4.97945065984948
2052,0.9594702706178355
2053,5.141857998055965
2054,6.6865073087897136
2055,6.710866575175837
2056,3.7303316671787097
2057,6.940208081587199
2058,5.4216287233124705
2059,7.248156241876773
2060,4.605404589052087
2061,2.853838510178871
2062,4.639236393408155
2063,6.58128305678616
2064,4.752664073612061
2065,4.6010814444934995
2066,9.02657574528265
2067,9.784867861148333
2068,8.438693379515824
2069,5.124278234821066
2070,6.304325146293454
2071,6.521217642495561
2072,4.310377976825193
2073,4.598532838626979
2074,4.077559685728107
2075,3.7188099214495813
2076,3.6150054511370597
2077,5.574862590624382
2078,5.033021055147415
2079,6.735868334797594
2080,7.5773244605098595
2081,8.80878497066966
2082,6.197667040402167
2083,6.289393770971904
2084,6.662098629956636
2085,8.332909472641527
2086,8.088357154615395
2087,4.282878573738319
2088,7.9459988586967905
2089,8.922247462490056
2090,8.802691058809135
2091,5.594785153884328
2092,2.6694738129921154
2093,6.738917654892864
2094,5.316715205405899
2095,3.7705001532889315
2096,4.208587204730545
2097,6.401849051175249
2098,7.2240697584394455
2099,1.7520669238854907
2100,7.220844930494049
2101,3.3379570410158745
2102,7.263773906076694
2103,8.528636867101199
2104,5.960707362985552
2105,5.106367046186794
2106,7.666721412113099
2107,2.881177506411187
2108,2.670016181905251
2109,4.370007632842021
2110,6.637372223337997
2111,5.137997924087743
2112,3.9186359986596697
2113,6.27693445056829
2114,7.364659138416396
2115,3.3950547296060307
2116,5.137300699519528
2117,8.688950190124874
2118,5.783467360909168
2119,6.522537039655753
2120,7.827600546179857
2121,4.919651775166422
2122,3.1600157126608566
2123,3.197353185981265
2124,6.630048077715912
2125,6.6225622864582805
2126,5.08009689313634
2127,6.401437693567363
2128,7.787944262309351
2129,4.157760927518557
2130,5.695044192497034
2131,5.449292841644275
2132,6.3918221850975545
2133,5.401977745240911
2134,5.606963871261228
2135,2.994410333433384
2136,2.584569504006598
2137,6.9473015721361495
2138,3.213583018418085
2139,5.95387760964143
2140,3.486086346897931
2141,7.166035799235749
2142,2.8395315432112223
2143,6.744271015230105
2144,6.528451970870956
2145,9.883447426353491
2146,7.410306148663075
2147,7.322135404688521
2148,5.681355900637455
2149,8.351464275082625
2150,6.416076754800546
2151,5.086191029883544
2152,4.98417703489458
2153,6.637497009797207
2154,6.689090707145042
2155,6.204027562952202
2156,7.125561545258716
2157,5.6334425938656345
2158,7.936658714742238
2159,8.78369680312493
2160,4.901655425926386
2161,2.393373949743067
2162,8.124550082239262
2163,6.171737295006347
2164,5.280119319591978
2165,5.960584676008398
2166,6.6856950907699
2167,7.4952295643325115
2168,6.25360542292642
2169,7.291925715004065
2170,7.100983353485902
2171,6.39769170362497
2172,8.434324191423139
2173,2.479342265784209
2174,4.343652332599272
2175,5.328565371499654
2176,8.557624597744868
2177,6.329364146094606
2178,6.908172934282646
2179,4.553741617146291
2180,5.51809248319679
2181,2.704378503294411
2182,5.211641092535057
2183,5.398886675363501
2184,9.124965945463735
2185,8.487305781976138
2186,7.611570251142339
2187,3.6645911695548246
2188,5.034847976661889
2189,6.237258908440262
2190,3.7312768580935196
2191,5.947284973373912
2192,8.744882296981748
2193,4.204554340525003
2194,6.247351122315331
2195,7.922866111754897
2196,9.070780901401047
2197,7.521156010885307
2198,4.007199864881683
2199,5.653567262113041
2200,7.55287903813638
2201,8.090140203694302
2202,7.698285024840731
2203,4.646770495984574
2204,8.552541612741168
2205,8.940957103088058
2206,5.2074420517937
2207,7.706513564822268
2208,7.1757082545132365
2209,8.276654688855729
2210,1.340969625660897
2211,6.317146658495923
2212,9.01536698592535
2213,6.785033904030768
2214,7.678604355233693
2215,8.247836933773748
2216,3.278547461006148
2217,7.638665751184081
2218,3.8568977624635745
2219,3.0814119311986974
2220,8.235290225166656
2221,8.040696979605052
2222,6.910381233256029
2223,4.233059152178224
2224,5.568403512738533
2225,7.213135792270374
2226,6.685782874750321
2227,6.654805735507988
2228,5.02449884261091
2229,8.195790384607594
2230,7.477089132292295
2231,6.262377985446393
2232,6.509242109210813
2233,5.918204958473411
2234,7.608959156522493
2235,6.809922630315277
2236,4.588671275469977
2237,4.7396661017304496
2238,4.584779430306452
2239,7.361933446313816
2240,5.909927671061939
2241,4.8702220034075925
2242,5.110289332225218
2243,9.201135120177465
2244,6.748195107563994
2245,7.047770823947468
2246,7.585555758484653
2247,9.266904764503476
2248,7.760979236040236
2249,4.651580417747042
2250,5.34463074618354
2251,7.087971270308287
2252,7.824761017214991
2253,5.504600523510131
2254,8.490443928103122
2255,3.392103715634582
2256,6.630165756406113
2257,5.345036943928251
2258,6.418610368585806
2259,4.130873197062867
2260,4.639726757079638
2261,8.03300458029264
2262,7.6759946026342005
2263,3.5539668595320797
2264,8.717553203165572
2265,5.7997116248723275
2266,6.745915120586469
2267,5.197087852089705
2268,1.908702226721889
2269,7.768921791865345
2270,7.3783976911530536
2271,6.372939334787526
2272,2.97652323370828
2273,4.976509921113694
2274,5.322035413956908
2275,8.610747969044066
2276,9.740199082412957
2277,6.318404315553615
2278,5.226580694269457
2279,9.48429347237461
2280,3.728121021182294
2281,5.6406072753380005
2282,4.156130510786824
2283,5.667433168282637
2284,6.347896241666517
2285,4.312507374185176
2286,5.413338946629968
2287,4.005066701503154
2288,3.8984107790609746
2289,5.339740025129344
2290,7.658693536264994
2291,8.408001476789304
2292,8.561508202264292
2293,8.084050702335078
2294,3.444867022177591
2295,7.388015274231748
2296,8.041501986555733
2297,5.413210111862888
2298,8.208882106673295
2299,7.810311537447912
2300,4.544482305919297
2301,5.624019304820145
2302,7.851524107552805
2303,6.2997137831996195
2304,5.514264207374942
2305,4.886525975898682
2306,6.467898283511333
2307,5.697757309003943
2308,7.820258617052247
2309,4.2714276522985
2310,3.4261208704801076
2311,6.538174884182961
2312,5.250342887099002
2313,8.745467114720066
2314,6.9158201022755135
2315,3.186124946248857
2316,8.986855471301514
2317,6.830751884405901
2318,6.884890262204767
2319,7.40808739472359
2320,6.113338198999454
2321,6.604395729480886
2322,3.1038704781691475
2323,7.5584083023370585
2324,6.917551810650683
2325,7.754256725768648
2326,4.747683173854735
2327,6.011192688267889
2328,4.846355304656808
2329,4.927935091270053
2330,4.9032584854100385
2331,3.37581147720483
2332,5.465559171238139
2333,6.89405857078681
2334,6.166929706106002
2335,7.247488752492685
2336,5.17892052395022
2337,4.265406598841675
2338,9.080219661685668
2339,4.672329172669104
2340,3.021780925493007
2341,2.1056921059107
2342,3.9277522041091086
2343,4.608550881171262
2344,6.973434181923675
2345,5.777439019111603
2346,2.8826091377591054
2347,9.376402940904798
2348,7.478400727287361
2349,3.955108796486309
2350,4.102234426110447
2351,5.522095718527444
2352,3.608688088893862
2353,6.225123173748321
2354,6.185104804664283
2355,8.310394072508789
2356,6.966796193342795
2357,5.318684500042824
2358,5.620851799730938
2359,7.556962030593573
2360,6.4467087909893035
2361,4.627804296131017
2362,3.495595857060411
2363,8.799398379235575
2364,7.284175323464097
2365,4.465224552843837
2366,8.0004293852548
2367,6.76536971203325
2368,6.19062919697373
2369,2.0312955396626085
2370,3.0438696484309307
2371,6.496688169443764
2372,6.221646701977293
2373,7.023291274244966
2374,3.1453124192059647
2375,3.2206428712113198
2376,7.073563489645769
2377,6.37482301854081
2378,8.566211805764894
2379,4.492453795000029
2380,5.61597156854562
2381,9.074050205794249
2382,8.049834293890406
2383,3.2765670285021837
2384,7.727363697700653
2385,6.03630478791344
2386,5.4995986608373375
2387,6.08049584290132
2388,4.322766213404957
2389,5.85811625782014
2390,7.292254616296038
2391,8.777428359632255
2392,6.124341365313607
2393,7.75369393478798
2394,5.669104132507375
2395,3.1770533228160596
2396,8.358982089652267
2397,7.439356014796523
2398,4.181684016114116
2399,8.499001016457635
2400,9.370007968829299
2401,4.908320751299078
2402,8.833195220487257
2403,2.404645033685812
2404,6.921790324934603
2405,8.055034650247903
2406,7.508031289632116
2407,2.4111414001776783
2408,8.24467934130532
2409,5.416359153118713
2410,5.519095386981809
2411,8.30199397349041
2412,4.6138579397765325
2413,5.972963299503597
2414,4.427861481428755
2415,5.986850035650048
2416,6.529088814272617
2417,8.112392730100668
2418,6.464664443063774
2419,4.680298537508927
2420,6.134747921224766
2421,5.154640315371583
2422,8.09560041982884
2423,2.6451093857421464
2424,5.002795679696455
2425,0.63525850148912
2426,8.45053124894564
2427,5.070790673276135
2428,1.321044791787533
2429,7.144105275836702
2430,4.769643200540389
2431,4.222699631622274
2432,7.873013026591631
2433,4.6165723007747035
2434,6.496828944539636
2435,6.301924143845179
2436,5.611000375192573
2437,6.561790294601685
2438,7.02821136249712
2439,6.089833352211164
2440,8.12587030199425
2441,4.396304422999278
2442,4.779075222734604
2443,6.2743079065794705
2444,8.683169714554673
2445,8.373432819629347
2446,6.549226694789316
2447,7.301905412316966
2448,9.480596533986972
2449,4.441520617840988
2450,5.046519355532044
2451,6.452657399606829
2452,7.724768159457515
2453,4.794384582402036
2454,6.189260025467659
2455,6.485014508929335
2456,3.471199722760744
2457,8.617293581686608
2458,8.171344409385409
2459,6.912038239627905
2460,4.41644537742169
2461,6.205297091741696
2462,3.373770487173205
2463,5.448177933679965
2464,7.461501284700758
2465,8.690464483062435
2466,5.423531628993596
2467,7.5164541303577
2468,7.484030600679757
2469,8.618598813835604
2470,5.2583430465099426
2471,4.2783929351721
2472,5.2053817461585465
2473,4.812071282607809
2474,5.818407385891896
2475,5.524783935490057
2476,5.591337302738422
2477,6.218182806656908
2478,8.156327936032586
2479,6.2065310886069325
2480,8.425290672426344
2481,4.8826177443418075
2482,7.433778729985532
2483,3.3460077252645686
2484,7.646123728386208
2485,3.2297927701554303
2486,6.709254312205293
2487,5.124573055948224
2488,4.166043841631591
2489,3.870173189240016
2490,4.349232767871233
2491,3.78720607008365
2492,4.046785464328738
2493,7.21989852367118
2494,8.471318135157523
2495,6.150685802501049
2496,5.883048045360124
2497,7.154927314440109
2498,5.214834275270155
2499,4.495338456906833
2500,4.498960010064691
2501,6.811840270041882
2502,6.6663109766730315
2503,6.319093241367943
2504,3.8457677737876104
2505,7.181555141016148
2506,7.311440830411755
2507,3.8670683730513304
2508,4.987486941829647
2509,3.9074516914832165
2510,7.122768282619114
2511,9.539802194887281
2512,4.688094470258874
2513,4.481819005589002
2514,6.668558314941662
2515,5.771099653993054
2516,2.3608491241439062
2517,7.331411797926657
2518,5.602038498568752
2519,5.157870674549186
2520,3.1334022493361346
2521,5.940750548004295
2522,9.56794722047091
2523,6.314899202710632
2524,3.9206446015535894
2525,9.56270751027036
2526,7.507178358912762
2527,8.17300561816859
2528,5.393242121974742
2529,2.3140387483661904
2530,8.94992157561206
2531,8.66677401684031
2532,8.791608962838025
2533,4.800433302585512
2534,6.924201307502235
2535,5.615576038338598
2536,6.608685879123526
2537,7.352385772006039
2538,6.94918706438215
2539,7.765911310221725
2540,9.436677433297337
2541,5.550398816992399
2542,8.111975307830493
2543,9.254896970804353
2544,3.4229323546697255
2545,5.8043384590427225
2546,5.299208815424501
2547,5.322560160065123
2548,5.235324168672862
2549,7.312281484969116
2550,8.147114244299871
2551,3.5074260852776575
2552,5.289724490962164
2553,7.735041330468592
2554,5.017743709492524
2555,5.49562228235051
2556,3.2944513093580046
2557,6.890120970418913
2558,7.99688743546904
2559,7.993632622686144
2560,6.727687031369406
2561,6.098027136735198
2562,4.0826679296407065
2563,5.711090844628862
2564,5.577693686745017
2565,4.704549361961535
2566,6.676137265291907
2567,8.502238423109295
2568,4.178831909638524
2569,3.216826824006418
2570,5.538139166017922
2571,8.900589730279474
2572,5.7591625885551005
2573,4.159007333916901
2574,8.954323127676682
2575,9.209550254890498
2576,6.6938332259260935
2577,4.7927505163642605
2578,5.163969153320308
2579,3.564636392333188
2580,5.427591336240277
2581,9.998580175686678
2582,6.544628108658196
2583,7.574619153921718
2584,4.825028552914441
2585,6.253727784610265
2586,4.159213028940521
2587,2.883069316937301
2588,7.340524016109202
2589,6.1139067461459335
2590,8.080738059855468
2591,8.410826054841728
2592,7.855091523124509
2593,3.542274729417334
2594,7.423671549092034
2595,3.5713716972007568
2596,3.549300969329037
2597,8.441999458457149
2598,8.600572631208859
2599,3.1286750688365217
2600,4.248817314560287
2601,4.140777850240255
2602,7.72002793079354
2603,5.628138628990525
2604,4.756457327718922
2605,3.877401761460307
2606,4.664228272617979
2607,7.142896531722825
2608,7.8311005915828265
2609,7.297890400379232
2610,5.562196100661104
2611,6.5142952735814585
2612,4.977120701447288
2613,9.013480133249002
2614,1.7796931119729493
2615,3.2263868296752634
2616,7.114529216172691
2617,5.188914433876197
2618,7.530666706329868
2619,9.004849482976953
2620,1.1036273508232721
2621,3.9307353077253
2622,8.334207546826514
2623,7.06922889057245
2624,8.217449980468539
2625,7.101844405612328
2626,8.427942786235018
2627,5.729624306051178
2628,1.856692642089684
2629,8.494663887470105
2630,5.8166146994422085
2631,3.5210890721266233
2632,8.585434217552743
2633,7.5632219497778905
2634,7.390742696239693
2635,2.918420321720538
2636,4.964983894145075
2637,7.087627359446921
2638,6.017772211313834
2639,6.233599680303684
2640,6.641207153904931
2641,6.079156553178188
2642,5.453853378327796
2643,8.163526965479567
2644,7.07111885242633
2645,7.706026114128876
2646,4.929547763341842
2647,5.90319443325952
2648,8.959784175355638
2649,7.957900860617408
2650,4.541736238496321
2651,7.408811290127444
2652,6.767114995024284
2653,5.460742699649753
2654,5.993041783470053
2655,6.973507152038797
2656,9.44614305956678
2657,6.301552165668731
2658,5.730014202001371
2659,4.0203203340915685
2660,5.716761319359613
2661,6.6986794188439625
2662,5.162083794598639
2663,6.679475999677893
2664,7.919169287103528
2665,5.72661333629956
2666,2.76490019010726
2667,8.108366220177782
2668,5.85466413360018
2669,4.96614469863188
2670,5.565765189811116
2671,7.221969811221829
2672,2.3789153175762454
2673,6.650398609869846
2674,5.757633938284739
2675,7.8733113422357075
2676,7.931982826996686
2677,5.124000782501513
2678,7.602228071342684
2679,7.198018024739685
2680,3.831231767248121
2681,3.416870015489882
2682,8.029998266326603
2683,5.817951371376855
2684,5.24636181344199
2685,4.366217927441611
2686,4.34027489387648
2687,7.13484410844274
2688,2.8394996608857124
2689,7.510408107871631
2690,2.5974861019552002
2691,5.8079868812534565
2692,9.78207282865071
2693,3.458120271543348
2694,4.694295261935121
2695,5.683074895703345
2696,2.237178248186989
2697,4.139407589407699
2698,4.659688474523443
2699,8.648208151655247
2700,1.6246562944741094
2701,4.710649987086073
2702,5.539652717562597
2703,7.682211356783463
2704,8.453218023109388
2705,5.459733824819413
2706,6.5772260333366095
2707,5.617198303938278
2708,4.5336006423267605
2709,1.3955001377988934
2710,6.72636850162502
2711,6.705196750544424
2712,4.563701438367052
2713,9.379448180872222
2714,3.424549721803247
2715,3.6525202448251624
2716,3.575585634070628
2717,2.1782360825873393
2718,4.624858304359892
2719,4.766429935209972
2720,4.788743246251614
2721,5.993829832520644
2722,7.479873577872039
2723,6.675166162235783
2724,3.51272700734668
2725,7.3773766966527905
2726,8.27288812660997
2727,7.958829427421044
2728,7.69087071580633
2729,2.5543677581356743
2730,7.219633237155336
2731,6.924049573768331
2732,5.968503708961549
2733,5.463838864989573
2734,8.212752871857305
2735,8.81331200974704
2736,4.932124613131018
2737,5.204912503083587
2738,5.236077269527167
2739,7.065813109499986
2740,5.3010669486853335
2741,5.560742877247142
2742,5.609679115976643
2743,3.2182375575841635
2744,2.382027991042806
2745,9.171002695917021
2746,6.597213574375601
2747,2.055743584424404
2748,6.698184530738017
2749,6.4058270918017115
2750,6.379747449718158
2751,6.500580779063668
2752,7.503687638203144
2753,7.049478557527376
2754,6.3323285789101895
2755,7.273851612524612
2756,4.317231227571039
2757,5.8705065297898935
2758,6.262766923157172
2759,3.8073958424255006
2760,7.16855391080275
2761,6.9617359052419525
2762,3.318852435280926
2763,5.982206153916223
2764,5.841392231363171
2765,6.855913721147913
2766,5.777717549202415
2767,8.510215607324877
2768,3.9247345717581217
2769,4.574501211693237
2770,2.4181617734398113
2771,4.893007267120022
2772,4.612973432222306
2773,7.849373575967802
2774,8.005069067230785
2775,8.66850819986911
2776,8.741399340213915
2777,6.810721761143306
2778,6.48064512036988
2779,7.557128704579844
2780,6.093289682978926
2781,4.089410856153793
2782,9.136928612915707
2783,7.066784475005791
2784,7.75023998039444
2785,4.793860091340554
2786,5.253278278452525
2787,7.1557799086124945
2788,6.4514134496391025
2789,6.1189744050690855
2790,2.9332262668086146
2791,8.572651362320538
2792,2.5592810780189184
2793,1.8643416933410184
2794,2.7275320313743423
2795,2.8651664869015523
2796,7.910825446912737
2797,7.214337390216027
2798,6.742622486856997
2799,3.666105359466666
2800,3.4822825830429522
2801,3.661139394157249
2802,8.547256672657783
2803,5.649990046108875
2804,3.988765523754228
2805,6.8996924284222825
2806,4.838184568239193
2807,7.9830530237863995
2808,8.148307027313992
2809,6.665719353530098
2810,7.512537531679514
2811,2.7878426901941262
2812,7.133558829623415
2813,2.7868062438936403
2814,5.2020790035866105
2815,9.037358810025575
2816,6.375922924221049
2817,6.153785171259251
2818,2.5399028182280627
2819,6.887402106181743
2820,7.813704452132416
2821,6.970348434326011
2822,3.3581448491753774
2823,4.593158850051646
2824,6.266278598131295
2825,4.164746938212816
2826,9.603874650783654
2827,7.3397194399862435
2828,6.376430635662601
2829,7.707102930585074
2830,5.435422465179787
2831,6.079962512437733
2832,7.703471819098434
2833,1.7767383801994683
2834,5.567975687200016
2835,6.627394313993881
2836,4.19231787678744
2837,5.85573024012549
2838,8.604373042604326
2839,5.747115529820016
2840,6.0821186879318665
2841,2.453646231532156
2842,8.043746448192659
2843,6.353368147799365
2844,6.86081976846355
2845,4.366980391953078
2846,7.882300218867281
2847,6.638620984247799
2848,6.096593058620278
2849,5.531588559295936
2850,3.252979281937136
2851,1.8188458197703978
2852,7.229881456474702
2853,5.075783501039576
2854,5.324173708189504
2855,8.865878830077909
2856,3.429225883308898
2857,9.329234624116124
2858,7.441085406687069
2859,6.50542361489475
2860,7.063927185796674
2861,7.368597640498998
2862,8.422415140482888
2863,7.328669865076157
2864,7.4702291384494774
2865,4.900690501746355
2866,8.195821356344968
2867,6.797392966094145
2868,8.745395055407014
2869,9.586223495573647
2870,6.011563629133343
2871,6.716488611058021
2872,6.259927549840276
2873,7.603095648321004
2874,5.0642593933705715
2875,6.9115000524187025
2876,4.278490280394392
2877,3.7667249797073343
2878,5.9382232397461605
2879,5.56251878499174
2880,3.7018534243381933
2881,9.77300759393006
2882,5.233650178673883
2883,5.671680455995202
2884,6.606286843124275
2885,6.510991793859073
2886,0.7470275767713158
2887,6.926295892531057
2888,8.482199225653089
2889,7.093557274658195
2890,7.534308862635034
2891,7.907688761473548
2892,8.341070403550379
2893,5.373937517598719
2894,9.384481474338797
2895,2.958452102385868
2896,8.154708719925559
2897,4.9158701750456375
2898,3.3566885978585885
2899,3.2977841301287594
2900,5.6172799519302306
2901,3.4322445904270538
2902,9.0718858838859
2903,8.055493033844362
2904,4.450441165219302
2905,7.529805887021259
2906,7.883774137453717
2907,6.88158348668127
2908,5.868075789932643
2909,1.5926838653308721
2910,5.990893636493786
2911,8.917738606073465
2912,4.010083786238653
2913,6.872761522270928
2914,3.568992128481439
2915,5.4457472469989066
2916,8.485285482147368
2917,3.407576608396923
2918,8.471771744427398
2919,4.1833295036907145
2920,7.133572793694271
2921,7.629385789898854
2922,3.5039347041299775
2923,7.454887682304194
2924,7.405385137921518
2925,6.432332987939677
2926,7.356148885938924
2927,1.8584984513345555
2928,3.9622376170129137
2929,7.702752495825054
2930,5.175186359012991
2931,4.039862289891716
2932,6.291026242993288
2933,3.3967033839778025
2934,2.542606344322229
2935,6.423194715746216
2936,9.50351733165431
2937,4.534101718679737
2938,4.555315407124577
2939,5.820136576579539
2940,5.658943187379467
2941,9.188863861259762
2942,5.25049134362175
2943,5.9820614527590905
2944,4.71776018976626
2945,7.255148111436666
2946,7.951766861208856
2947,6.63170843252635
2948,1.7653288679078085
2949,6.13872098253132
2950,7.399507103469537
2951,5.198550348257197
2952,5.476217869144591
2953,5.717129584198203
2954,6.245154637795221
2955,3.6149413085464275
2956,5.015530410793375
2957,6.582736590490976
2958,7.67202074871691
2959,5.84043103020355
2960,6.45757021532252
2961,3.7579675882994152
2962,8.321306398588456
2963,7.771596643569217
2964,2.530127512149207
2965,3.1108884246719666
2966,4.862858348774918
2967,6.1984626352201735
2968,6.323107643892154
2969,5.320255147056998
2970,3.496262384882587
2971,8.62798494172538
2972,10.0
2973,6.670895132810439
2974,5.103337537554461
2975,5.448337009418546
2976,6.923396573249297
2977,4.826142362778609
2978,7.8626169598786415
2979,6.919621732118576
2980,3.7283792941458027
2981,9.468917329848695
2982,4.792425580323308
2983,4.7062957262130265
2984,8.279157530187263
2985,6.789891242865374
2986,6.353035549945167
2987,8.84785280100841
2988,6.87336548575133
2989,9.358601102260662
2990,6.594838007220669
2991,4.921273263357855
2992,6.51623814968266
2993,6.417948300285283
2994,6.117441957784184
2995,6.300578350110321
2996,6.970332701447577
2997,9.783672963517997
2998,6.112920820471331
2999,4.8866073121212645
3000,9.001898863785636
3001,8.25041185118895
3002,6.785279179251048
3003,5.359395092533798
3004,7.618313061179035
3005,6.40526539459217
3006,6.5639047585811
3007,6.657670902103023
3008,9.102134220743414
3009,7.365987580032126
3010,4.567821393659993
3011,4.316108571865257
3012,8.079883109522195
3013,7.358963470142478
3014,5.054051708164122
3015,1.5378413473386578
3016,8.213419616986819
3017,5.58550105391019
3018,8.604417833896875
3019,4.256371833686705
3020,3.8691633351842243
3021,6.268653706775565
3022,4.531455167814646
3023,6.107431314991419
3024,7.803692204860336
3025,2.8168018348558412
3026,3.6434471226520735
3027,5.978621289064133
3028,7.671801809794788
3029,4.614278955651727
3030,7.029607211618278
3031,4.392389528543207
3032,7.142628072863511
3033,5.182403116576573
3034,7.235443985471464
3035,7.947611914869641
3036,7.039015881242118
3037,6.339492267070261
3038,5.919539198981026
3039,8.654791605950575
3040,6.494411537559328
3041,6.689160819244009
3042,2.3694919031937296
3043,4.743811190366507
3044,5.617236935100985
3045,7.783005256478249
3046,9.455836874909174
3047,6.450626648354293
3048,4.88232633137545
3049,8.038529987095904
3050,6.178915877237063
3051,8.40402463558668
3052,3.078904862632463
3053,6.49475457658401
3054,7.403761401892832
3055,6.641163266637309
3056,6.962336599759935
3057,7.430123111013844
3058,8.937103437313208
3059,8.120952051217028
3060,4.222108925381528
3061,5.598575194307974
3062,3.838495913188968
3063,4.578367700581351
3064,4.274020505497025
3065,4.348440264500902
3066,7.4651534647940885
3067,7.419382307050677
3068,3.1434567028226965
3069,3.370688574140832
3070,5.7585660684938045
3071,7.275870178426156
3072,4.87378341694953
3073,6.952930935664418
3074,4.544469361600676
3075,7.1998137678665435
3076,3.3241400195958444
3077,6.766714024756896
3078,8.515678852493833
3079,8.221159557414609
3080,8.68092033970576
3081,6.024758316209998
3082,7.739146484585614
3083,7.152201470235335
3084,6.49928080018281
3085,8.65308950156073
3086,5.964462174242105
3087,6.10300271968077
3088,3.698782906604705
3089,5.275301119024551
3090,9.240622842712495
3091,4.556673538668676
3092,2.8338838009156038
3093,4.0544920699111575
3094,3.9125263618079256
3095,3.6531344247386555
3096,4.001722720890203
3097,5.685706993607721
3098,7.998590705554388
3099,3.552276399781602
3100,3.0126329127749027
3101,3.8913129147515324
3102,8.129196902884866
3103,8.255087847172158
3104,4.987243047895511
3105,5.614182108114488
3106,7.153691537929556
3107,6.683788770078566
3108,6.758234350054732
3109,8.567872373232868
3110,6.786103202582553
3111,4.576189018362706
3112,7.0266483835354006
3113,5.073528532394635
3114,5.287660027931018
3115,6.139934607066589
3116,6.054207125373378
3117,7.367367028813746
3118,4.079417067991885
3119,8.643679924968525
3120,6.020389503549076
3121,6.016183493260139
3122,6.781928395963959
3123,6.086226349259262
3124,4.2808066765462955
3125,6.12020193895534
3126,7.055967155667319
3127,4.599104517155842
3128,2.713616683202693
3129,5.3191383069755105
3130,5.180307412887605
3131,4.693166266943631
3132,4.761602272123234
3133,6.37003157676034
3134,7.200214599865842
3135,5.216861523945929
3136,3.6848980118281704
3137,2.2914360841269383
3138,3.7785106112713223
3139,6.673854667984434
3140,9.812984094768048
3141,6.9688837533301315
3142,5.248351235252373
3143,6.260421473619779
3144,6.172003564463742
3145,3.2757302517605584
3146,5.5328871953529335
3147,6.16520054735271
3148,2.975266525158247
3149,7.96804736168753
3150,6.738600668397276
3151,4.586764251791959
3152,5.565168880974554
3153,3.889143771706611
3154,4.133636982853225
3155,2.89198240926713
3156,7.169376615818412
3157,7.787464027619204
3158,6.540271016065093
3159,6.171482105883211
3160,3.101847800493954
3161,8.20379768849169
3162,6.547768985589399
3163,7.383513165630658
3164,8.190868889319955
3165,6.832077537319739
3166,4.7065581585853735
3167,3.514931937150454
3168,9.019609274055059
3169,4.329770106837627
3170,6.592256762976751
3171,5.347572737032788
3172,6.447459204193136
3173,3.561743372210329
3174,6.940122100925873
3175,1.956889813018641
3176,5.452180902386483
3177,7.216572522426573
3178,4.929866141550727
3179,3.1566717997194855
3180,7.095629099552772
3181,5.138750380457867
3182,5.748670468286302
3183,7.082773197977582
3184,8.021206777883119
3185,4.78156085931878
3186,4.703955429205796
3187,5.453134430138732
3188,5.319789395682915
3189,3.485579437825178
3190,2.0731743126956195
3191,8.085326921408392
3192,5.380853292838563
3193,5.702568426028322
3194,7.381714386987562
3195,2.8730627623776095
3196,8.244810752245424
3197,6.653196360290358
3198,7.420471773294126
3199,3.77332282682152
3200,5.591629863322221
3201,8.53072198851602
3202,7.189463345089514
3203,6.098140907638969
3204,7.797083986773337
3205,6.740982760750212
3206,5.519716074840283
3207,7.4246162767001564
3208,5.568493511597102
3209,3.3687372635900963
3210,5.952571627666892
3211,3.5194518899800027
3212,1.5492922621327816
3213,8.848544608548863
3214,5.301020065826625
3215,5.192207085432232
3216,5.604563161129215
3217,4.7804597993802
3218,2.8177552470536233
3219,6.223260460714314
3220,7.058945856371256
3221,7.592020359790936
3222,6.953036483400318
3223,7.406557650002057
3224,3.8780245813386
3225,3.9689341302952297
3226,4.896893098972124
3227,8.83627379839797
3228,4.3057655467772245
3229,8.402625814288202
3230,8.639525361404043
3231,7.664220850738383
3232,5.857494824399603
3233,4.725191352104574
3234,4.589119146570098
3235,8.03250354244464
3236,5.818048450093975
3237,7.210729937070851
3238,3.6831211374816655
3239,6.742695824410591
3240,5.076316005721788
3241,8.052852097321232
3242,5.077948792140995
3243,3.9233959684287893
3244,7.482452067738524
3245,6.246853845135159
3246,2.189143538762292
3247,6.685278710599045
3248,8.984802060996227
3249,2.0288494432509516
3250,5.363405468924107
3251,5.827991443219886
3252,6.105576234985905
3253,5.672065509352673
3254,4.537777158616248
3255,4.7748554348110295
3256,7.729175074108018
3257,6.483820304614565
3258,8.510943387395166
3259,6.8487410519255345
3260,6.834332525528661
3261,8.213052670781995
3262,8.174514886974409
3263,9.187024987780761
3264,5.505211785403593
3265,8.181888803204837
3266,6.998796994719823
3267,8.37780676502517
3268,7.329457569242359
3269,5.599761016371781
3270,6.44187780943095
3271,5.321272502315938
3272,6.615241658677453
3273,7.832464689605404
3274,1.8117444195356036
3275,6.936648079189131
3276,6.455104471808844
3277,1.9776136700185656
3278,4.42299956405612
3279,9.414251801691035
3280,6.621691264890694
3281,5.179891514377727
3282,6.933629448133873
3283,7.230355744344041
3284,6.777023178132848
3285,7.185369931825954
3286,4.174084381268271
3287,9.240006705247731
3288,5.893612757970128
3289,6.425584549759596
3290,5.528498196638535
3291,4.683884246440691
3292,3.834736551076106
3293,5.621149244319599
3294,6.486043311289065
3295,4.958644949348502
3296,7.031514469854589
3297,7.057306396506544
3298,6.541649906352768
3299,5.163102658038144
3300,5.489797102820453
3301,5.622167819170239
3302,5.629422914936296
3303,4.936946617920676
3304,5.377768064044365
3305,6.117758416548024
3306,5.788829603585974
3307,6.59107547729593
3308,2.3384189200383974
3309,7.318679501183665
3310,6.7209530598440494
3311,8.29463569307161
3312,5.020094711574045
3313,6.252661402939607
3314,6.154778977299595
3315,4.448530340334364
3316,6.894189615218185
3317,7.71696412502021
3318,1.6433692402320677
3319,8.574063874589749
3320,7.039386309125398
3321,4.294847943231373
3322,2.0557549116921088
3323,8.36576179758734
3324,6.623265615670782
3325,6.4232655779554975
3326,9.948940229986842
3327,7.431968971064327
3328,6.439428944696066
3329,4.645388725598232
3330,7.108726510413861
3331,7.039096914767444
3332,5.602314258878877
3333,5.3393232590332875
3334,5.026969254728464
3335,6.339401241518959
3336,4.164857003730457
3337,2.6543277715292395
3338,6.5869799045441475
3339,4.537832705245891
3340,7.867628516397391
3341,8.238605735400798
3342,7.1084706786366985
3343,5.92581863408275
3344,4.839103512231519
3345,6.723704228222397
3346,6.780186159382735
3347,9.258112989655238
3348,8.528637101301799
3349,7.548769689422406
3350,8.284116670824453
3351,5.204050090400298
3352,5.195073789847361
3353,6.938656595493956
3354,7.275050830651553
3355,6.406543575971054
3356,6.987017172891027
3357,8.012258610408972
3358,8.497859781273045
3359,6.0947007361488135
3360,6.3883184688826145
3361,8.04304001768449
3362,7.4842823101805305
3363,6.213791666607487
3364,7.360492937736445
3365,2.2695318566619913
3366,5.023020091042045
3367,5.436919273336934
3368,7.472558214369713
3369,5.9351541461510156
3370,4.396467016065062
3371,6.526453019218976
3372,6.9376828449226
3373,7.5117566262996425
3374,6.117175948073757
3375,5.436201663826976
3376,8.784514034509229
3377,4.3097509032670605
3378,6.962301617416118
3379,5.840497621531797
3380,6.7981426276961185
3381,8.150745987693107
3382,3.3887935652489443
3383,6.379123021843069
3384,6.742414786114352
3385,8.038798474200078
3386,4.279456542675037
3387,8.166193044283284
3388,8.749779646736542
3389,7.611696615652688
3390,7.880994021856293
3391,7.87122376554651
3392,3.5052964612470334
3393,7.025322357563689
3394,6.148737567595918
3395,5.709186208923537
3396,4.3378674107690145
3397,9.408340811493597
3398,9.875694160496582
3399,2.445959020700539
3400,9.555065696839195
3401,6.04437612513171
3402,6.578817631352548
3403,5.36967303984668
3404,5.981308373182449
3405,6.029025287249835
3406,7.710695176400431
3407,7.508342905198698
3408,6.251523016983831
3409,4.786141529449803
3410,4.9375152417852375
3411,4.856280453891093
3412,4.203354291806737
3413,6.48806066860591
3414,5.781953656236525
3415,6.390558268948012
3416,5.639116021523034
3417,5.905445171896879
3418,4.689347810539303
3419,6.100869412257811
3420,4.873751358083508
3421,5.660651642598851
3422,7.367518277095151
3423,4.563521455447212
3424,7.380769173912821
3425,5.026500360073303
3426,9.229637156760099
3427,4.519593528369339
3428,5.677241277056142
3429,7.150216188535835
3430,6.230467008482747
3431,5.791468215937951
3432,2.2326593441790537
3433,7.311371981869156
3434,6.431457456491376
3435,6.385898048142668
3436,4.828402832940467
3437,4.544442030192059
3438,8.72251513707163
3439,5.111310490756198
3440,5.788890272598289
3441,2.969025477484678
3442,7.567910568469294
3443,2.7323738002897335
3444,5.75119521001928
3445,6.870209944709675
3446,8.99614580003952
3447,7.981605851900722
3448,5.282558371796218
3449,5.159588923115933
3450,5.259705111256144
3451,9.03257914632497
3452,9.469534058399876
3453,8.699111596346441
3454,2.1383989194171686
3455,3.988614683261454
3456,4.773979173175146
3457,6.381991529329191
3458,4.451007499511457
3459,8.560635167323124
3460,1.6547016755759159
3461,5.79549152407881
3462,6.138226372185993
3463,4.143252869946754
3464,7.224860150612372
3465,5.677927046434014
3466,7.027526811751246
3467,4.7293926204562675
3468,4.647179600097058
3469,4.25001327574832
3470,5.574906861642615
3471,4.805082418565138
3472,4.059797341565529
3473,5.362074371652294
3474,9.176735841449652
3475,4.518414479381355
3476,2.510244224130911
3477,4.008859525697417
3478,5.317660607004521
3479,7.253458509617644
3480,6.519080124144749
3481,3.6365499676703115
3482,6.614228842611759
3483,9.11038115661947
3484,5.235010267742606
3485,5.619781548866299
3486,6.134251090720104
3487,4.945627061883693
3488,5.767293195623258
3489,4.168200199651299
3490,3.9480139439611115
3491,8.007492853948632
3492,8.629596563616849
3493,7.399157144618927
3494,9.098001752407235
3495,6.208787425596378
3496,8.063738731256956
3497,2.037313262600056
3498,5.919448305816041
3499,6.4903447102005485
3500,8.325932686433525
3501,4.1665646431422205
3502,2.4849164989790156
3503,4.161944092884101
3504,3.8463804907020354
3505,1.6228432084634272
3506,6.001636859451566
3507,7.747919083093173
3508,7.014046985655282
3509,7.291642059658898
3510,4.654916279820777
3511,6.501542814401166
3512,5.956964531303997
3513,6.312999252495552
3514,6.5007051759300305
3515,5.376745243737326
3516,5.105618601770368
3517,9.222166206537484
3518,1.2500118781803684
3519,6.7325865054437095
3520,5.602703890983359
3521,6.381498732187489
3522,8.9475227447069
3523,5.1641008897078775
3524,7.336671952514259
3525,9.003514109191324
3526,3.0125780776824143
3527,5.644443746948674
3528,7.779126025659371
3529,9.616899230851985
3530,8.226008112901319
3531,4.082416931677985
3532,6.153442102841437
3533,7.482667161709526
3534,6.876502018944366
3535,9.468217002849086
3536,6.497410455329534
3537,4.008057683314289
3538,7.358295517458307
3539,7.503778513149798
3540,5.582000664438297
3541,6.843081270581434
3542,7.311479076940769
3543,6.3761813447827125
3544,8.211994604880047
3545,7.438527267166242
3546,7.755739265622423
3547,6.526447141901414
3548,5.967439221906486
3549,5.174129802588422
3550,6.231919735431562
3551,8.305295510783624
3552,8.279781691794012
3553,7.968051313256343
3554,5.273748166360183
3555,7.68884268909073
3556,5.7321787100947414
3557,2.9334149764523714
3558,3.3168147432027792
3559,5.323839076386263
3560,4.186850781704242
3561,6.295329183015411
3562,5.39423518855428
3563,7.716664791831453
3564,8.465369416145933
3565,5.7038251241317495
3566,5.493060072757629
3567,4.625360199887573
3568,6.512068032171372
3569,7.003304708405787
3570,5.874589523887804
3571,6.085924184357407
3572,2.2005786836865386
3573,8.39456544784914
3574,5.130672972725202
3575,4.9017112273205825
3576,7.920274225938678
3577,4.2840689277655
3578,8.537237538205265
3579,5.220765064572851
3580,4.644525687956098
3581,1.9285238432306
3582,6.012076519391283
3583,5.626987091799034
3584,3.1450031222182755
3585,8.226606437296653
3586,6.433490053657182
3587,5.394303415095205
3588,4.721375049125237
3589,4.775978003598493
3590,2.648211467020619
3591,7.4843101513491535
3592,5.7744243771031165
3593,8.028736992096302
3594,6.59629557679068
3595,4.842976672291451
3596,7.811552304508611
3597,6.488248561610168
3598,5.701357881212416
3599,6.626030618681414
3600,4.9099110476555925
3601,6.59568518420206
3602,3.469902776802329
3603,8.660908519263701
3604,5.144162459855778
3605,5.682321601375014
3606,1.2065127420141422
3607,4.495897013394353
3608,6.514407093222132
3609,5.394647018774156
3610,5.5057157695757795
3611,8.919028212541088
3612,6.14983852668811
3613,4.9261628429868365
3614,3.608244830954676
3615,1.6986980477541445
3616,7.819091181387201
3617,5.9565289869810725
3618,7.475701507659428
3619,6.56440848075788
3620,5.384766394872164
3621,4.046268800263283
3622,6.3776030884420525
3623,4.562631662812414
3624,8.701272972601723
3625,6.47953846371627
3626,8.948984447287504
3627,6.792458751156583
3628,6.663695204378801
3629,3.9438708671007734
3630,6.060571094955378
3631,1.5994012944980163
3632,9.44690886507186
3633,6.1116727317569985
3634,5.936261660434934
3635,5.888021177116949
3636,6.319240376816319
3637,2.299132052711082
3638,5.605596211239649
3639,3.3736500620934016
3640,4.034928584646249
3641,3.752882018560612
3642,3.603969630260058
3643,7.594597417361416
3644,7.02283994864677
3645,7.232300379243022
3646,3.279648591729211
3647,6.450308740224744
3648,7.473497568867452
3649,9.568818691052172
3650,8.212185908367944
3651,7.67476820967764
3652,8.617678198365343
3653,6.450285469842092
3654,5.662255957659273
3655,8.719494487868419
3656,3.0954789793211495
3657,8.692249560561082
3658,5.634353916917454
3659,4.380236745560038
3660,7.846312668623294
3661,7.102582817977742
3662,6.12280092791974
3663,5.4525828947173505
3664,8.49468086081875
3665,4.255199975111268
3666,8.015909360822185
3667,6.830411008275056
3668,7.300461677418969
3669,4.721652533701992
3670,3.4136635345962647
3671,6.977772990709988
3672,3.162202968318076
3673,6.4204807926120395
3674,2.596250651450534
3675,2.2720046991483764
3676,5.663462508118852
3677,5.4324493574786485
3678,5.484541697561979
3679,6.431582425641092
3680,10.0
3681,5.606832721339871
3682,8.924267747388045
3683,8.80357654940477
3684,1.5005806222046205
3685,5.282097576808465
3686,7.097074549588876
3687,6.379833672000233
3688,3.1227271834823904
3689,7.078219364962843
3690,5.904824977346445
3691,7.037429874275131
3692,8.0535895598282
3693,8.875659536894176
3694,6.299002900336495
3695,7.719027302969119
3696,6.491045577592522
3697,8.33530462932582
3698,5.118889896938156
3699,4.734787166578981
3700,2.858553348307788
3701,3.7131408604083402
3702,9.2714580980357
3703,3.6276131111768017
3704,7.392196388688194
3705,7.111504965827413
3706,3.3973122107193716
3707,4.288786140933137
3708,2.569951865694277
3709,6.112438489625638
3710,6.065034266493415
3711,8.323853828629693
3712,5.64182228270358
3713,3.8322893933546025
3714,5.092118169277806
3715,7.8565006755021605
3716,5.462380288165833
3717,6.277810387505942
3718,7.101005235182815
3719,6.686988676692653
3720,7.848395385436977
3721,7.9519970068651
3722,7.1470571223986425
3723,3.9691581168173466
3724,8.265677807175743
3725,6.076344077554456
3726,2.72780903463707
3727,6.409856839642217
3728,7.312898762002087
3729,6.622212613884127
3730,0.3004791387339644
3731,6.44953883320071
3732,5.01592768407786
3733,7.3987562337294115
3734,6.763723863118208
3735,1.9110703755504126
3736,6.386077862383585
3737,7.441283656365417
3738,5.81334723226802
3739,8.51417890352303
3740,6.7332815555820344
3741,3.761343148239427
3742,8.82185755785226
3743,4.673521036137187
3744,5.762504760682274
3745,4.824704519717299
3746,9.545580318637933
3747,7.798331438506178
3748,6.587390854879426
3749,7.384057305369165
3750,2.4404900987224885
3751,3.684663805682032
3752,6.242645390530298
3753,3.8199645253109944
3754,4.042218870792164
3755,6.345434084850353
3756,3.4415807868651047
3757,7.807754492172343
3758,7.91900418372452
3759,6.967625239859125
3760,8.926977027757372
3761,7.035717307358197
3762,4.370380880055392
3763,8.347820837705935
3764,4.586577059285293
3765,8.982432147114007
3766,3.406469937781038
3767,5.648701592792971
3768,6.120824703431445
3769,6.234202578311223
3770,3.791898534144019
3771,6.017482770672556
3772,3.2720279161510906
3773,4.789062904533333
3774,6.0454649730556795
3775,6.567571100125754
3776,7.455866288160288
3777,0.9313409663172809
3778,6.077852203073662
3779,3.4945046385768954
3780,2.878020531180269
3781,4.334772026236674
3782,5.357352350867477
3783,3.8428107291139053
3784,4.048862688259176
3785,8.157813035305871
3786,1.8877881505322613
3787,8.238413522848887
3788,4.926426212438625
3789,7.395631724042589
3790,7.750900867032415
3791,5.080197475613838
3792,8.550590558931264
3793,4.296479719366135
3794,4.770214733603251
3795,4.505911839931765
3796,3.928182740263434
3797,6.51444476620109
3798,3.6469490575881407
3799,6.130657361474636
3800,5.112550217178648
3801,8.562115834094591
3802,3.969948812275396
3803,1.5256510046415848
3804,9.079299209853877
3805,2.0607417209629584
3806,8.025524750185166
3807,3.120251521819646
3808,4.088891684958894
3809,9.128176760504763
3810,4.871903243063856
3811,7.329581831335786
3812,6.434651435326317
3813,6.776452864510133
3814,4.881497937371879
3815,6.849429079653901
3816,5.421711638016207
3817,6.34854704669894
3818,4.681902283929303
3819,5.918279800502343
3820,8.461701450335246
3821,4.249093123783433
3822,7.942819887313183
3823,7.176061019782018
3824,8.590050225250316
3825,7.804561295152758
3826,4.664775577936158
3827,9.399224114406575
3828,6.364574058212657
3829,5.916686046201661
3830,6.427130575464364
3831,9.130523823228858
3832,7.559058092794034
3833,5.191754990886216
3834,5.807954671766328
3835,8.652571085875296
3836,5.765492784526992
3837,3.6439077928791033
3838,6.767146767033753
3839,3.7173306311896095
3840,8.746105166321914
3841,7.181802112196671
3842,5.777761758931385
3843,5.4986937383633885
3844,4.62644912853537
3845,8.794086891343643
3846,2.831635407695673
3847,5.808914688311587
3848,6.565503572129198
3849,3.796832752841321
3850,9.115052153020027
3851,3.3170207144591353
3852,4.788266973835927
3853,6.143770874101632
3854,3.307730691019392
3855,4.229010291896711
3856,5.317928774810508
3857,7.064982071163607
3858,9.468878921026132
3859,3.6144968221670686
3860,5.667825605369417
3861,6.713599137075291
3862,2.442512255766184
3863,4.733477744908029
3864,8.009012708493604
3865,6.191313506753834
3866,5.64032809218882
3867,6.42831005705945
3868,4.327490167548896
3869,6.271165845869414
3870,7.0474839984749105
3871,6.253328434520525
3872,5.733416722486692
3873,5.645032355776472
3874,6.880308690451837
3875,6.140132318164414
3876,7.689547484788162
3877,6.665629931111869
3878,6.9716951014265245
3879,1.9330782810335827
3880,7.181696666762148
3881,5.1890506011446105
3882,7.174113023497143
3883,8.27576746356549
3884,7.958763342094684
3885,4.177699704363666
3886,2.3552528750235333
3887,2.393304573528621
3888,7.756696404621719
3889,6.623726971096721
3890,9.235867274194176
3891,6.657581965953462
3892,3.101368712275326
3893,2.8631760936716253
3894,7.410554369207028
3895,5.819827250864172
3896,5.426585444572041
3897,3.3511401604320734
3898,6.430584464064917
3899,2.215471676085643
3900,5.062975103549921
3901,7.222005933527944
3902,8.407059553948221
3903,8.74309774334261
3904,6.049640915568781
3905,7.306030005216076
3906,1.3288828534325132
3907,8.737987170045635
3908,3.7221318923529223
3909,1.2396499511757362
3910,7.435156931781092
3911,6.950172940022326
3912,4.096538956325618
3913,5.100732314874621
3914,5.266534964522116
3915,6.175699147694528
3916,9.203275361221028
3917,1.9906176935852244
3918,6.317621516883331
3919,6.380362307411119
3920,0.4230717094049419
3921,6.325346389824607
3922,3.2894428491145575
3923,7.025784441131574
3924,5.723267631285594
3925,7.864282477348229
3926,6.541597753124925
3927,3.0193097974789396
3928,6.726528876175745
3929,2.233501804227633
3930,6.261063984917688
3931,4.338922451037771
3932,3.4735872404751866
3933,5.725161427112201
3934,1.539796751911611
3935,4.558165375335787
3936,7.441370871675574
3937,5.078659147613902
3938,4.354513767260048
3939,4.689947041021044
3940,7.386623583424559
3941,3.2868528045145213
3942,3.3777090197204553
3943,6.403838232177711
3944,5.010492976978575
3945,4.3556995956557545
3946,5.861612172267139
3947,8.167195762451517
3948,8.497457362873892
3949,3.6221336136255258
3950,2.281295748549924
3951,5.959484709261007
3952,3.497141747441545
3953,6.7029625409693905
3954,6.171841704013391
3955,7.290336792133797
3956,5.639508056421904
3957,5.551492712387335
3958,4.6606580057063995
3959,8.151649528405242
3960,7.524772680859521
3961,3.8382240326970045
3962,7.4473928209709195
3963,4.173790486098973
3964,3.8175875263870087
3965,6.511232577165674
3966,5.567749707905119
3967,4.782454560643192
3968,6.936916361861779
3969,1.414658618238823
3970,9.07453423744205
3971,8.630839440077951
3972,6.296042608105261
3973,3.7438263997582486
3974,9.212946056689555
3975,4.7863757685198545
3976,8.830343217135262
3977,6.355482967811553
3978,3.0480205815475867
3979,7.082617495260678
3980,5.441820444649589
3981,7.922529484382212
3982,9.936427706322737
3983,6.803540433137533
3984,3.33411023742001
3985,9.596463281069907
3986,5.284529576986524
3987,5.312495476688496
3988,7.058799041105672
3989,7.385716199560768
3990,5.68769757419784
3991,2.212905517377262
3992,5.799741867019376
3993,7.939132459901248
3994,4.186344152343892
3995,4.082103439734462
3996,8.586505151034189
3997,7.9098836320715264
3998,5.5875235982727744
3999,5.253393684673908
4000,4.699297107368502
4001,5.712516590238248
4002,3.9118025354490635
4003,4.2681812104169286
4004,5.18636215871704
4005,5.237024631077734
4006,7.03769143128019
4007,4.9731631758652926
4008,8.730075673907415
4009,7.300518602407134
4010,5.71958372456011
4011,6.83613150615545
4012,2.4333967007285024
4013,3.0726092632225024
4014,3.151873883448044
4015,5.070557550583325
4016,4.176960863306085
4017,3.446091379924659
4018,6.447295816439895
4019,5.626497142616235
4020,9.129345437942893
4021,2.2304903731732995
4022,8.316208329326106
4023,5.673533277727452
4024,6.428819485009876
4025,2.1536625161039367
4026,7.448513599547582
4027,8.09958806765937
4028,5.397627659682596
4029,7.353197955671103
4030,6.142471662473139
4031,7.899855457946632
4032,5.068146860156078
4033,9.102314528187613
4034,6.534135503102998
4035,6.365593820903254
4036,9.772234911182023
4037,6.899164406415989
4038,5.542923629019231
4039,4.694370981295684
4040,3.2065961803754037
4041,8.318448147383574
4042,7.196617389375462
4043,8.160563779698446
4044,6.337718339489639
4045,7.899508425994499
4046,5.062464740405357
4047,3.2603171915856026
4048,7.214300936434883
4049,4.075480343259501
4050,4.985944900320954
4051,2.1731799976573827
4052,4.059081631604925
4053,6.001155289181404
4054,7.922442820818316
4055,4.415140150371587
4056,6.669478753828582
4057,7.694516587223763
4058,8.10975786471258
4059,6.7515621244902295
4060,8.018273719764613
4061,6.658886104243845
4062,2.9801742566811864
4063,7.622375940907087
4064,6.115072157372979
4065,2.56680723259463
4066,6.544226823281499
4067,5.621800778296206
4068,4.947456168849096
4069,7.605447127758649
4070,7.201090128979777
4071,3.0945935295754303
4072,7.327380225431481
4073,7.944793441607764
4074,6.148994744803161
4075,6.488281890104244
4076,3.9463964019783577
4077,5.648593369370953
4078,6.709759445175152
4079,6.649279105386288
4080,2.440318830020807
4081,5.464842692290499
4082,5.326206638812547
4083,1.984238421889549
4084,7.033269091671812
4085,6.424319896449696
4086,8.035025890876001
4087,5.573690398513528
4088,5.935686522517879
4089,4.812932180703705
4090,5.131280135064792
4091,7.86549577982807
4092,7.960700092847387
4093,4.496516646059148
4094,8.469829260028751
4095,7.251092755835959
4096,7.299108476662474
4097,4.54418149384102
4098,7.917114369230127
4099,5.017657479739521
4100,1.1917106274324567
4101,7.282081782985531
4102,6.811147244363965
4103,5.281761199537422
4104,3.4546284195411383
4105,5.844151434685729
4106,7.518634533981978
4107,4.9047594876945935
4108,5.95138254229763
4109,5.415415165017528
4110,5.558406925865296
4111,5.0711399556268155
4112,9.07840546639106
4113,4.242783937896583
4114,6.936203909091908
4115,5.968106619626182
4116,8.93487143386019
4117,6.371098805129113
4118,1.6136620224412812
4119,6.374933159590409
4120,5.402186026240831
4121,4.746474864071313
4122,7.8795625793835145
4123,5.561237763752415
4124,8.585628870654679
4125,4.985466593075312
4126,5.199562904131078
4127,4.187680982109406
4128,3.7659653184177504
4129,4.328052509782704
4130,3.5744774257669785
4131,6.328146508227108
4132,7.582004283644711
4133,4.671055730593047
4134,2.6167920744906374
4135,6.066103558851129
4136,6.103183427289788
4137,5.111613998789782
4138,1.934345197565759
4139,7.074993689137768
4140,3.9838544920104217
4141,7.870091845625417
4142,3.6613965656357115
4143,7.83700327814434
4144,4.501939049683455
4145,5.382647714852154
4146,5.943324685596313
4147,4.668926489820242
4148,5.837124434980236
4149,7.129763709677928
4150,3.399589314164376
4151,8.70467522189852
4152,2.5037675913524993
4153,7.446836750104444
4154,7.472686645420182
4155,8.225213324851536
4156,2.845334123626728
4157,6.094441908722356
4158,4.44200384347931
4159,4.353600985944963
4160,5.776085151552059
4161,6.9626826948868965
4162,5.001378752198097
4163,5.683237464440946
4164,6.373745293633626
4165,3.038755808699971
4166,1.2569198218200974
4167,6.506135373983252
4168,5.12841644253116
4169,5.130838787858166
4170,3.248820094607875
4171,2.8519399988716962
4172,5.202830609919543
4173,7.929048479225203
4174,6.5526486103067505
4175,7.319085643137997
4176,5.101665124475429
4177,6.569590202586908
4178,3.40662709967306
4179,7.34952411421736
4180,6.988186315306121
4181,3.6204037297519345
4182,7.661825858012307
4183,5.110510910008848
4184,5.445787073931267
4185,5.280613414631875
4186,6.572376165988772
4187,8.466138069629022
4188,6.852536082411891
4189,7.791973393847343
4190,4.45147534573311
4191,6.922115571064745
4192,6.915024597144243
4193,5.577465712417638
4194,3.0355936163296726
4195,8.416830984935622
4196,7.038569551615605
4197,3.1280936687896377
4198,3.80328855586396
4199,9.451889583680488
4200,5.845270771551385
4201,8.661512031534945
4202,7.1350627803182025
4203,5.88314739164417
4204,7.629076877264459
4205,3.505416249577256
4206,5.578054019298633
4207,7.5336624330644275
4208,2.710154515199693
4209,5.864448232302205
4210,5.047711506667044
4211,4.584138231405518
4212,7.487558112728951
4213,4.537568618650958
4214,6.377109799581551
4215,5.630791469959811
4216,6.331071637135223
4217,6.7325039525046995
4218,5.26029409845018
4219,5.743383013094992
4220,5.806394953728295
4221,6.602193600577817
4222,5.126994403928577
4223,7.514998303900847
4224,4.557947631742311
4225,4.608813664634925
4226,7.283071675131363
4227,4.167680303019519
4228,1.4748564690107175
4229,3.350252432861139
4230,5.5009578904214305
4231,4.8735555081877555
4232,6.460843558747251
4233,3.514884732245637
4234,7.078299408868628
4235,6.2145397360874375
4236,7.56107667877267
4237,7.034950282584403
4238,5.900718258493383
4239,7.864455280335469
4240,8.364472079591547
4241,7.357113466956705
4242,7.569939580570336
4243,6.440755269894115
4244,6.427495170802226
4245,6.794048042911796
4246,5.329818923430652
4247,7.853329038187424
4248,3.692908416061968
4249,7.906702411803644
4250,3.4116191625111005
4251,2.010930954368507
4252,7.802237249505149
4253,3.835089164117516
4254,5.2682372585929125
4255,4.459330392241383
4256,5.850189957230972
4257,5.0502019447333915
4258,8.336886495836367
4259,9.182651237035738
4260,7.066600135603435
4261,1.938004746715156
4262,4.996213564526071
4263,5.62924454351281
4264,3.3084367000758355
4265,4.580790852366235
4266,7.228481783954872
4267,4.4332793755989774
4268,7.125540578299645
4269,5.025422872995016
4270,3.4896738062163313
4271,8.712860514395315
4272,7.007811433065829
4273,4.217086096600144
4274,3.896312714546688
4275,6.209990569550914
4276,5.647457537515842
4277,6.948280478552678
4278,6.794907387947501
4279,2.78963662369929
4280,8.299515074366266
4281,8.46827515877714
4282,5.391144632286469
4283,4.808231708261863
4284,7.015096286153313
4285,6.439515257309169
4286,5.189360044577588
4287,4.265605417092686
4288,6.120358922121536
4289,6.3616644749106595
4290,9.23382893682847
4291,5.328302699097119
4292,9.067072533676665
4293,5.472293839659623
4294,7.438266969475939
4295,4.613755154850178
4296,5.354246353652455
4297,2.7738362697319636
4298,2.1092895488399375
4299,3.551917605863577
4300,7.3343783342354
4301,5.444839729240809
4302,8.096623905395962
4303,6.354811352161828
4304,4.569407818775499
4305,7.361661243025786
4306,8.213475870798153
4307,6.793433301472307
4308,6.588989599765985
4309,4.973783625863788
4310,8.177198579710424
4311,6.801597001048022
4312,7.933497259644071
4313,6.328655011420768
4314,7.912728685089919
4315,4.71637565953002
4316,6.307766314667067
4317,7.086829902334704
4318,6.05371897439949
4319,4.548065979321025
4320,6.153432400134964
4321,3.539076770442932
4322,8.198879472541256
4323,6.457373026100124
4324,4.017007351737252
4325,8.511558257123614
4326,4.6820634291621746
4327,5.909957803735539
4328,6.512788953939737
4329,5.066528355058357
4330,4.614083711400071
4331,2.3130627958374044
4332,3.663357826887912
4333,4.085876561852327
4334,7.021555470828353
4335,5.284334873345179
4336,5.207936378005562
4337,4.880461759137754
4338,6.826239877469345
4339,3.9330046703965444
4340,6.3307656744020395
4341,3.386006301738894
4342,2.8526955935223297
4343,3.2710361088587963
4344,5.231247254134009
4345,3.4515368583926422
4346,4.06447615389392
4347,5.711484813804879
4348,6.5471576381366825
4349,6.811988546924912
4350,8.267107708161175
4351,8.507987431081935
4352,7.549242140799186
4353,5.871558358595609
4354,4.53649728072935
4355,5.9518938463773114
4356,5.5671243564814
4357,6.446657533301232
4358,6.081600568487015
4359,6.395956207795025
4360,6.048762182030089
4361,6.440331049480786
4362,8.360030313068368
4363,3.1074172292008146
4364,7.598405111583099
4365,8.710860724958696
4366,8.223937239092875
4367,4.302321187503584
4368,9.60864843300149
4369,3.1983475933592334
4370,4.936542295369657
4371,3.4334714035900706
4372,2.5973662852408608
4373,8.956023777356691
4374,5.1412180008378705
4375,6.4490131605944505
4376,3.1664326669511476
4377,7.1146692652694234
4378,6.695950652034789
4379,6.299071926263193
4380,5.500531665109305
4381,6.336386966321299
4382,6.046204562011525
4383,5.261790416177737
4384,7.95515180190457
4385,6.664569249572461
4386,9.537247627023705
4387,6.004341149892964
4388,7.089084829012824
4389,9.197290530049782
4390,4.138406665739361
4391,5.42707178765657
4392,9.280511485737108
4393,5.5809353622285665
4394,9.171503210063147
4395,7.210522030455615
4396,4.7778108528947785
4397,2.355002458470091
4398,9.484999373496057
4399,6.7595350500340885
4400,5.554805746484512
4401,3.6579501262641854
4402,7.173440565182071
4403,4.549798978997166
4404,9.408456606900732
4405,8.1834849306856
4406,2.3025355422360096
4407,7.886828908402968
4408,3.570851709656726
4409,7.304389427495623
4410,4.899212097201574
4411,3.2147134477834047
4412,4.434362397356947
4413,1.4733616820781297
4414,5.1929101739758785
4415,4.2242897487166
4416,5.216615833408249
4417,5.48885304753089
4418,5.102424063517477
4419,4.302556512073888
4420,4.606495334728399
4421,7.312294707770808
4422,6.421672648022045
4423,7.0500172685453215
4424,4.642810318163941
4425,5.511210854939827
4426,8.522969429188931
4427,4.209253946635377
4428,5.172935568195298
4429,6.4300708126292285
4430,5.313318295535603
4431,3.8572895778374
4432,3.396891359909358
4433,8.23604507049935
4434,4.6554721086179995
4435,6.27687429371678
4436,5.792443065649283
4437,2.2765634158209647
4438,6.449397617207262
4439,6.283412693256509
4440,8.161572915752197
4441,9.275859618997469
4442,5.9474310200367615
4443,8.905661797449385
4444,7.279673649845186
4445,4.006622216936153
4446,4.906232052826702
4447,5.754939851780332
4448,5.800129089726246
4449,4.9696636268030385
4450,3.6635101080167782
4451,7.170907071579582
4452,5.546489794328705
4453,6.123786048441727
4454,4.243510480934076
4455,6.353155432654793
4456,8.331462010050005
4457,6.997114355407362
4458,4.721922014736301
4459,9.330782409084925
4460,7.526438349435894
4461,7.1929768858452405
4462,3.5303032762521664
4463,2.7459031140745167
4464,5.751096039085675
4465,4.553004956589747
4466,8.108257995270911
4467,4.3247950742041406
4468,6.863979451830924
4469,8.67395605713641
4470,6.108196273199736
4471,7.794906680427739
4472,3.82619017439563
4473,1.625381986820651
4474,4.86710670653951
4475,4.834813084570331
4476,5.709080871300895
4477,4.073072469780058
4478,3.992607142079091
4479,7.272514644356054
4480,4.521056117415975
4481,6.470661501227458
4482,5.689396910283722
4483,5.410935161613092
4484,7.568460892077787
4485,6.868323108839923
4486,4.6128477546829
4487,9.740118171279523
4488,5.496727272717819
4489,6.3699915153674365
4490,5.465273088788295
4491,5.603186918848743
4492,9.478501407203455
4493,5.083120163565094
4494,8.397143410853062
4495,2.4608200378768754
4496,4.579610101776967
4497,4.545320768252267
4498,3.228595416287561
4499,3.8773762291730014
4500,6.078509865504558
4501,6.04188663811289
4502,2.1585963874835423
4503,1.8421192719608845
4504,4.487602667284679
4505,7.4995062488423025
4506,3.4291988247931284
4507,8.550140285422943
4508,9.068261902889647
4509,6.279576527062687
4510,4.486726514130767
4511,7.307708562555668
4512,7.35259191063822
4513,7.224026791498601
4514,8.876351509526316
4515,7.986719720347269
4516,4.351703468626981
4517,6.7176266989626665
4518,6.731753443209128
4519,1.1362471152636762
4520,6.94119494227612
4521,5.158951225264076
4522,4.772688649877978
4523,6.835084749667803
4524,4.544932579922465
4525,6.92264833452102
4526,6.693350237303591
4527,7.997927234275618
4528,7.383237418181667
4529,6.907559945841834
4530,7.202033562537016
4531,5.130982961204725
4532,2.986777976608653
4533,9.53160429496529
4534,9.486295977625465
4535,5.682871043919559
4536,7.549106339470682
4537,8.30073266102153
4538,5.678397149635571
4539,7.135692530211454
4540,3.102753098258773
4541,4.528729555632285
4542,4.109240658621587
4543,4.047716004821964
4544,6.896343842884602
4545,6.12236960781099
4546,5.337254154266083
4547,5.244269135882281
4548,3.785310666513051
4549,8.96115997940767
4550,7.122580368326203
4551,5.099950229271031
4552,4.43728252667585
4553,7.923700872224868
4554,4.3073876678168945
4555,9.814981095081711
4556,5.468872076021028
4557,8.364409491596733
4558,3.3346897857842057
4559,8.015088593934554
4560,6.703691307683741
4561,7.43018776139864
4562,3.569808436307458
4563,3.8926762792887715
4564,7.667748751821287
4565,1.9156093609418816
4566,7.891349490966683
4567,5.422519836145702
4568,5.217287780281486
4569,5.890700925477392
4570,5.789955001496836
4571,3.838604423892485
4572,6.693415435630916
4573,7.040162385665861
4574,6.104947321106884
4575,4.0162624075473765
4576,6.021176901926508
4577,4.469603839687357
4578,6.319603312516546
4579,7.352042528629509
4580,8.577169325588779
4581,8.572360523456362
4582,7.875827087028786
4583,8.713037075356516
4584,3.7327387705581114
4585,7.152318475999642
4586,7.634018672927908
4587,7.500948657696186
4588,8.101745254671075
4589,8.256923436216802
4590,6.07754857270183
4591,8.127284574540534
4592,7.133929803400481
4593,6.43844026059987
4594,6.204264979723699
4595,2.652932435972275
4596,3.94523334481409
4597,6.986249562925888
4598,7.417110960006058
4599,3.4179589748632724
4600,7.007588728366121
4601,6.125971254614618
4602,5.450092815017917
4603,8.266876619288979
4604,5.3560541735237
4605,9.252625095967137
4606,6.398237611027322
4607,8.32148945389047
4608,6.930661420820758
4609,7.2034743770860095
4610,4.197397055749275
4611,5.400208907082426
4612,3.3765847962308637
4613,4.014444100812363
4614,7.5492061202777565
4615,6.798219494510371
4616,7.504900759697487
4617,7.791915223446408
4618,5.774925284040273
4619,6.519940587385049
4620,9.207417225235117
4621,6.890042353931988
4622,6.517308108445896
4623,3.72206950606714
4624,6.106720779391441
4625,2.3166727378322163
4626,7.022310995348617
4627,8.880372988917015
4628,4.6355040462004045
4629,4.5375676247288625
4630,6.115138606637876
4631,5.197103320203113
4632,5.523178283671879
4633,8.386414888994377
4634,7.16714751767668
4635,5.527728437635452
4636,6.0451939627139355
4637,6.180232839037281
4638,7.321455690692777
4639,5.322595155964995
4640,8.894838681405416
4641,6.468373124632382
4642,5.557769127385817
4643,7.265703858817351
4644,4.840028452927488
4645,8.632764000278423
4646,6.527831419112641
4647,3.5500490537245897
4648,5.937631756232823
4649,7.411858893333785
4650,5.616348507679162
4651,8.910658625542528
4652,5.721203136117114
4653,9.35331367986879
4654,6.7683034364593935
4655,7.82594652718273
4656,6.866325380758379
4657,5.391391691982926
4658,3.600638631003453
4659,8.27827184021382
4660,6.829426280922871
4661,5.9519835773793535
4662,1.691060653370329
4663,8.480457891985187
4664,6.1843573385826245
4665,4.041083972628215
4666,7.168948941000401
4667,4.621718097190461
4668,8.242855325359335
4669,5.178504097077421
4670,4.801993490033538
4671,8.21106579473874
4672,4.304039682102963
4673,8.605564746465651
4674,8.744131596161932
4675,2.9920515338131923
4676,8.060619630354612
4677,3.194174405319273
4678,5.951969012900283
4679,6.127558720670885
4680,6.182129284774713
4681,6.993626623145813
4682,2.007521920634363
4683,8.131238542339352
4684,8.505855276166065
4685,5.750799836830837
4686,7.937134026471191
4687,4.061785843879028
4688,6.730584940786013
4689,9.763123571346188
4690,4.127041413915343
4691,7.299909136586889
4692,7.178672346373402
4693,7.874275943780349
4694,5.451125902513842
4695,5.29008106279476
4696,7.408821793942475
4697,4.320151802657944
4698,7.862507393623104
4699,6.968096551082534
4700,3.904668460452704
4701,4.895415026965983
4702,7.151050210033365
4703,4.893465237486328
4704,4.9419375767765725
4705,3.5246317959048556
4706,3.262154769033566
4707,5.093339259463695
4708,6.147106628314129
4709,4.304925609913828
4710,7.443704558397584
4711,5.246472597576133
4712,6.518843430998899
4713,5.062655377092442
4714,5.345054915340341
4715,3.8646545420135254
4716,5.812796673877863
4717,4.320180396407518
4718,5.672046879657484
4719,4.0127835366793
4720,7.495338958051463
4721,1.988428657985962
4722,4.848153343108497
4723,7.67003191714399
4724,5.7781189481808735
4725,4.273812879295574
4726,5.333454960819155
4727,4.288878798173424
4728,8.247173975402708
4729,2.4773493112328175
4730,6.745269620850323
4731,5.663773876360916
4732,5.761548661667462
4733,8.441025020855417
4734,7.285801802174434
4735,8.204975615278165
4736,6.671167957100989
4737,5.82939759862688
4738,9.101863332768618
4739,8.616301546515578
4740,5.678456896041265
4741,7.407930771490086
4742,5.7815275781791735
4743,6.096325896509871
4744,6.1047755811290925
4745,5.8114313556635695
4746,3.5266653408673485
4747,9.185367011155533
4748,5.071077190789968
4749,4.809970129357472
4750,7.791298837552387
4751,6.447638959223339
4752,7.101918039888282
4753,0.8915635046423623
4754,7.260413550815378
4755,6.691216874807076
4756,5.42143549222777
4757,8.054023614218286
4758,8.545011074277273
4759,4.772317431807288
4760,3.741214527089814
4761,5.7543601738537085
4762,6.520559070045102
4763,6.487843728687406
4764,4.983271151775141
4765,7.1184873587382835
4766,6.5583674152126425
4767,5.729001940570678
4768,5.023539430611281
4769,2.8418190686902367
4770,3.1975455881882042
4771,5.365340263052334
4772,6.853966077717698
4773,5.772518679463915
4774,4.62383356311346
4775,6.914952136295958
4776,6.4996656607493595
4777,6.92756509664336
4778,6.0318399245807
4779,9.20555400401953
4780,6.207455815747881
4781,4.594424256092136
4782,7.221451838924059
4783,1.8442005413898381
4784,5.137477601658221
4785,5.3247883402464975
4786,7.6230411460146446
4787,6.336093805245244
4788,8.839199254960558
4789,6.326524197346868
4790,6.209205744850999
4791,7.770965810957168
4792,5.3267051802627305
4793,6.492644645224066
4794,6.221243492014477
4795,6.471192102039473
4796,5.9642700383071885
4797,2.941229058151652
4798,3.446650341744785
4799,6.094103322028841
4800,4.953805440981404
4801,9.437312733762422
4802,7.411128784921276
4803,4.842318368064806
4804,6.3693959888554765
4805,6.227600786443835
4806,6.402435520985817
4807,4.706533383744405
4808,6.164564295793098
4809,6.093924702271194
4810,7.1385448592175145
4811,2.6594195712144018
4812,3.9312807085747536
4813,7.261445746036579
4814,2.8011105952515787
4815,6.470551279399974
4816,5.444262259162659
4817,6.371624497848544
4818,5.870095604370114
4819,5.173437932634955
4820,7.947700837959765
4821,5.656229566574855
4822,4.5867843901005205
4823,6.573939328239366
4824,3.75611159428711
4825,7.9311239657928985
4826,7.373960604243145
4827,4.923512761911264
4828,7.8577071877331175
4829,7.128080562876863
4830,4.818409668700666
4831,4.786222875652204
4832,6.66034117993132
4833,6.029092486150941
4834,3.5268155873354217
4835,4.585902486374981
4836,8.444043057399162
4837,5.305083648895354
4838,5.619705269923899
4839,7.743167311466922
4840,5.8477657966156364
4841,1.6531366833500414
4842,6.833355210930784
4843,7.721553683495773
4844,7.1305412467085
4845,7.723660805758505
4846,6.708837738274186
4847,5.226491418963426
4848,5.715153833474295
4849,3.3674521648215126
4850,1.6931981722242622
4851,7.585005157986088
4852,5.830444894038501
4853,4.175591480374624
4854,7.02246593805639
4855,5.294165931375552
4856,2.9113825626925944
4857,6.470929254917764
4858,6.0727664758741104
4859,6.58554358306323
4860,8.868391133920062
4861,5.816652399793011
4862,5.593150678245127
4863,4.592639913476635
4864,6.591834196505393
4865,7.140940422917969
4866,2.1636478035155933
4867,3.4496511915054167
4868,6.0443198214637714
4869,5.397258248799955
4870,7.466101739878971
4871,6.935498838070612
4872,5.488613064151853
4873,4.559744643523851
4874,5.321847391273676
4875,6.9735671721083206
4876,9.05468307737118
4877,5.766976416103194
4878,4.657837909754135
4879,5.736361100529217
4880,7.054800537043795
4881,8.809411496377775
4882,2.400044576796434
4883,5.039270533700047
4884,5.6885715472330975
4885,7.021359762461561
4886,4.168250608275092
4887,9.628871561095707
4888,8.522611619014386
4889,3.6611180584610694
4890,3.660766345061109
4891,5.506909498294983
4892,5.565459218229639
4893,4.870787756767958
4894,4.987704911231728
4895,3.859138050910443
4896,5.668909848185951
4897,8.109079938552432
4898,7.561250500369081
4899,7.200600333196343
4900,6.488736254549804
4901,5.301383456170422
4902,6.30481496486956
4903,5.3322673781276
4904,5.580962129290753
4905,5.783080240848174
4906,5.391526020245429
4907,8.389726219422448
4908,1.883586360459798
4909,8.010618267822222
4910,8.169058127249768
4911,6.173073879820846
4912,5.69286170250248
4913,6.92155107849652
4914,7.454157887640661
4915,5.06398860925799
4916,3.7601448877608217
4917,5.755087063997355
4918,4.190089219707798
4919,7.535392545774034
4920,5.916537856108547
4921,6.795935129277087
4922,5.223231058671267
4923,5.641885154099027
4924,7.944983962252795
4925,3.046605373294725
4926,3.2310722544539314
4927,6.2040388697211375
4928,5.637442342036413
4929,4.6092768470976635
4930,8.235430894103377
4931,5.431521950236521
4932,6.506345055971584
4933,8.256077193708593
4934,4.628622616080722
4935,7.859820748727018
4936,4.961940337870085
4937,6.754982579412171
4938,2.4429939328499013
4939,2.497984964191156
4940,5.994796000834282
4941,5.206708740688459
4942,4.372237837353819
4943,6.3290793866612125
4944,8.915354903473308
4945,6.3823091299452415
4946,5.6466073980611196
4947,8.049745217174738
4948,1.2952086696416567
4949,5.58753332069878
4950,2.8416901193018207
4951,7.746957728547792
4952,5.372707377122969
4953,6.176234898704954
4954,4.8130736868112995
4955,5.261437370017061
4956,6.736518165835126
4957,7.566971658466217
4958,7.169504619480514
4959,3.4207334892276813
4960,5.8307164765704655
4961,2.9528540416121114
4962,7.871940636478672
4963,6.104259646961659
4964,4.487650680617903
4965,7.33988025470915
4966,7.415900277986071
4967,7.461443475663899
4968,2.56635858060042
4969,6.3042024732942865
4970,7.194017671058576
4971,5.346205074675335
4972,4.89356240193028
4973,1.3617178779417607
4974,3.189600615813842
4975,8.386175367439304
4976,3.246617882860693
4977,8.024197381661308
4978,5.776684658497804
4979,3.114282073202032
4980,5.878895617637891
4981,6.102376011288028
4982,6.8255414481511565
4983,3.7909585718719567
4984,8.04219318939031
4985,5.371887605429901
4986,7.427542836236631
4987,3.900316397630279
4988,3.288133368947921
4989,7.167727741656354
4990,7.972313734124063
4991,6.173344012106923
4992,5.619099493846227
4993,8.247082029158069
4994,6.286284753090481
4995,6.921370315063365
4996,7.537966251362424
4997,4.648735882750222
4998,6.232421071214252
4999,7.383207793350647
5000,4.931009186661736
5001,3.623338011180851
5002,5.070113466359546
5003,5.396373076930973
5004,5.962590481808147
5005,6.828042515388165
5006,4.8828045621782685
5007,8.056877545909732
5008,3.685624872589974
5009,6.267146127744009
5010,4.412252985692031
5011,6.949669187144737
5012,8.005950247507027
5013,3.5321792600712385
5014,4.6148054941089205
5015,6.209746708721184
5016,6.673283721692985
5017,4.719085098361937
5018,6.334635343627947
5019,7.672178641903503
5020,7.688856334050509
5021,8.62474234553149
5022,5.627979453518463
5023,4.886691665467489
5024,6.8584789131461035
5025,3.6850690180765993
5026,7.631321094086003
5027,6.170651046070107
5028,5.224375444331054
5029,4.298449941260883
5030,3.932577539256987
5031,7.380675117737449
5032,8.848723554989618
5033,6.381513994941648
5034,8.81391928140941
5035,3.413423227592775
5036,5.682161638130792
5037,7.307368201225927
5038,10.0
5039,6.388883487556372
5040,6.221759499187497
5041,4.679332138041104
5042,7.716608431650452
5043,8.278516051257759
5044,5.387752153951907
5045,6.245379957716007
5046,3.9513520663366593
5047,4.217147593739362
5048,4.541236252135471
5049,8.521314680953136
5050,4.081451365880357
5051,4.145870100180831
5052,4.85102685492701
5053,7.240242040699064
5054,3.1766525332703472
5055,2.0077617946077386
5056,7.1647901878315166
5057,5.90516090140799
5058,5.671204061993754
5059,4.758042362966421
5060,5.56936176526071
5061,6.424004569209501
5062,7.125876613650995
5063,2.293107689528146
5064,8.869918954708229
5065,7.647669384056104
5066,5.763198394769412
5067,6.235686591571416
5068,8.736587944471482
5069,4.58719108029704
5070,8.659483829703772
5071,7.585078974208363
5072,7.0722773490209825
5073,7.695509926629534
5074,5.071791204681454
5075,4.634019518561545
5076,5.979322377304134
5077,4.253398142137073
5078,6.12649610473937
5079,4.043072704547912
5080,7.3542808560642285
5081,7.513825244377298
5082,3.923909918936888
5083,6.968746093688731
5084,3.993334880567145
5085,2.422636617943452
5086,5.650193165368392
5087,3.6576031614636304
5088,7.687461813029509
5089,5.5213281398032175
5090,5.840142830002958
5091,6.052399003166433
5092,3.8295590299095816
5093,8.33846134697485
5094,4.799820303199793
5095,4.922848313740869
5096,0.6924278788885253
5097,4.53058357999665
5098,5.544184960453769
5099,8.475391054923808
5100,4.523311116825437
5101,6.280697050651226
5102,7.861939726579008
5103,5.787818120754636
5104,8.844681851473595
5105,2.523764994657999
5106,5.87498099358754
5107,5.777310081817853
5108,4.776936832240805
5109,5.390379318719174
5110,6.376147724222131
5111,4.681163706393661
5112,6.797707136231038
5113,6.351174624960293
5114,4.673312717369266
5115,1.4701344786995516
5116,8.798207379175762
5117,6.286968578872698
5118,4.657082577371007
5119,4.086361142216328
5120,6.389945915932911
5121,5.785919946966777
5122,7.255546618011756
5123,8.17919207025054
5124,6.652186635563061
5125,4.352145911046654
5126,4.205572590581654
5127,5.378320895913183
5128,5.607450047889539
5129,7.637450291873648
5130,6.207188509707532
5131,8.850793199124304
5132,4.26558009858437
5133,7.779064466651912
5134,4.465387989538535
5135,2.8474599253348045
5136,7.555488077197511
5137,6.356854508997759
5138,9.136307009918571
5139,6.208948874362574
5140,5.072357944644513
5141,0.0
5142,5.856273471083769
5143,3.6894801820835483
5144,4.820149883289097
5145,6.948152732795161
5146,5.3637468892090325
5147,5.235630115578824
5148,5.950709734477085
5149,3.3438838099612305
5150,5.3251992271175315
5151,6.631558211436797
5152,8.638624923454671
5153,7.010412439065139
5154,5.97290263274641
5155,5.425480094172779
5156,5.0563508531800165
5157,7.220974712712387
5158,4.126109764705683
5159,5.326819297994494
5160,4.100625745309085
5161,3.934515670447687
5162,7.538215532070024
5163,4.720482698056488
5164,7.849805552006118
5165,8.037463185923329
5166,7.600066622786328
5167,3.3526000655395896
5168,9.643343525943415
5169,0.8778958062984543
5170,6.218572993477347
5171,4.80688683782011
5172,5.818275771774142
5173,5.733397849315445
5174,5.761254204133869
5175,4.828140607889561
5176,9.40354071542478
5177,8.852183508385352
5178,8.050555413449926
5179,1.112295383057729
5180,5.7219253565697965
5181,1.0832683972653012
5182,6.45145095056769
5183,6.435560252441132
5184,7.356676463759902
5185,5.368269872636836
5186,5.112832948557517
5187,6.05856717484606
5188,5.129572255864034
5189,2.7323886978918814
5190,6.023477949198014
5191,5.730254288042258
5192,6.194490272461217
5193,7.595209176883361
5194,5.356709001517569
5195,3.412685454087719
5196,4.315859321833852
5197,4.352731864383557
5198,3.6956493696214463
5199,5.44472926728191
5200,5.526305327683818
5201,6.122169104056405
5202,7.35115547001218
5203,3.0453054029079625
5204,5.163122640427035
5205,8.970102296903812
5206,2.7432216249017727
5207,6.875553411213668
5208,4.270512589477701
5209,3.605713304367627
5210,7.165733430279068
5211,4.696006388521319
5212,7.4931738001460015
5213,4.423070820506879
5214,6.997814441032514
5215,9.234187754152684
5216,8.332861615931973
5217,3.271267535365079
5218,7.0966914891331
5219,6.404598043672707
5220,5.9141771210827
5221,6.6136958929526
5222,2.9661760781907285
5223,6.250756096088617
5224,7.343420292301158
5225,6.84066057987187
5226,3.7157977303971905
5227,5.0535723237509
5228,7.007811423986508
5229,6.33785657336117
5230,5.719219763391759
5231,6.152270365917839
5232,6.703344507061348
5233,3.562249501650284
5234,3.6830346573561137
5235,7.784170372492269
5236,5.454522910057057
5237,7.24918015670906
5238,6.909505651788534
5239,6.691075460102953
5240,4.671568202873333
5241,7.4472951737282385
5242,8.620057984322226
5243,3.602870331691498
5244,5.803720777411328
5245,5.1884557514798075
5246,8.251609879423894
5247,7.866725398853441
5248,4.458482380848314
5249,8.527361445070872
5250,7.061762969612417
5251,6.593574949822027
5252,6.228175161831218
5253,7.0141788118500425
5254,3.391896340538579
5255,5.4999793543730355
5256,7.428297593392221
5257,3.2338622795990184
5258,7.305836749757823
5259,3.9839200879196106
5260,4.221520008418501
5261,7.744558394365717
5262,3.7872816701425114
5263,6.380349099017313
5264,6.378349605272641
5265,7.486842071595312
5266,6.307743207382203
5267,6.807489269700829
5268,6.252425207601498
5269,6.129542001566391
5270,10.0
5271,6.237004867574982
5272,6.735331721639159
5273,4.786421896006694
5274,4.729890666413091
5275,2.9292878398168165
5276,5.1037286829074535
5277,6.088446025194509
5278,7.488542055109561
5279,7.55826405342351
5280,4.756597457644576
5281,5.962381272570691
5282,7.9913724651540905
5283,2.423512226545008
5284,4.716422631696828
5285,6.123674284047224
5286,9.214939372804539
5287,8.568015572470262
5288,5.835266472908776
5289,5.744504635070529
5290,6.396207584229114
5291,5.442314470177592
5292,7.195279213246532
5293,5.447350091146187
5294,5.507120332495601
5295,5.355172259201504
5296,5.731462862989083
5297,5.752075039979905
5298,6.288552706096507
5299,9.227791258684023
5300,2.2154861483841164
5301,7.522032165552297
5302,4.232973668121925
5303,3.2841260540209998
5304,3.684477915661031
5305,7.866576289778031
5306,4.436861836112855
5307,1.9513731583011333
5308,7.853610084876923
5309,6.04351824905347
5310,5.1533449849221675
5311,6.3954461697987925
5312,6.364080720699908
5313,2.3675058974662475
5314,7.228955446598625
5315,5.321651006068412
5316,5.753026663947626
5317,3.9495320302615684
5318,5.216743184162682
5319,4.0067512926815265
5320,8.38807576168007
5321,3.1809708859666745
5322,6.275382651717531
5323,4.818687163797345
5324,6.549816402086277
5325,5.610160640332591
5326,6.398057427427389
5327,6.286115176433064
5328,5.609590375417872
5329,7.427594529687474
5330,1.707157143626595
5331,7.906944950536848
5332,1.9860210673547607
5333,4.324612495832961
5334,4.788320815914341
5335,3.1867755098784905
5336,5.821224674897242
5337,4.411287040066306
5338,6.671937114162209
5339,6.3751187729831384
5340,7.532434869583625
5341,7.682552862715591
5342,2.6217798726989607
5343,7.496425109269912
5344,5.493925506521699
5345,5.625003728092504
5346,5.206760434579238
5347,3.424723605461868
5348,6.51673460787978
5349,6.730985778348941
5350,3.6855736023248293
5351,3.8957535475074225
5352,6.335878880023172
5353,6.824139452730228
5354,6.613470466836809
5355,6.075440564618175
5356,4.892095992800335
5357,2.6614868199958948
5358,9.125546885629623
5359,6.646072045779654
5360,7.029736755441614
5361,6.576776906687822
5362,7.192750966481263
5363,6.854064407946398
5364,8.791614948381783
5365,1.1795310562469248
5366,7.059356261449108
5367,6.1049575609893285
5368,5.25335850811532
5369,1.7718590957379037
5370,7.691476801137667
5371,8.129650333560654
5372,8.420983764621406
5373,2.056811349932571
5374,4.955513884511872
5375,6.16017467796028
5376,8.133108014430285
5377,4.443086604497633
5378,6.310635879297282
5379,7.28153355145002
5380,4.806685894654055
5381,5.4100393187124824
5382,5.533905149747384
5383,6.606047029673061
5384,4.7878117187723594
5385,7.412375911215244
5386,4.38253902639319
5387,7.927073533574898
5388,3.5906156362757575
5389,7.327832391968832
5390,6.996557429164082
5391,7.6121570059036205
5392,6.061496213384268
5393,8.863882073918733
5394,6.241112577243692
5395,8.833478860708864
5396,3.394438837097558
5397,1.6239188101982762
5398,6.996558487511735
5399,4.162277615701357
5400,3.4503196706497934
5401,6.459157209327446
5402,8.32804002915496
5403,3.1103427733875564
5404,4.323901321779284
5405,7.729972218008582
5406,6.459376148103325
5407,5.8369516379298405
5408,5.277987609912031
5409,6.860144496013377
5410,3.9640335027319202
5411,9.973685993008374
5412,3.6837476732603633
5413,7.355739060284344
5414,8.30385483085624
5415,6.420923313955501
5416,6.628068422041338
5417,7.637332053577641
5418,4.265806735274838
5419,5.156024731648627
5420,7.3724529859124575
5421,6.199487165083967
5422,3.8973347106065543
5423,5.243105403944001
5424,5.114869787067652
5425,4.628430482889654
5426,5.642282011725731
5427,2.587674388248298
5428,6.020717030782193
5429,8.470155180448605
5430,2.514976380669327
5431,6.178662091121862
5432,8.995398246112488
5433,3.06671052595082
5434,6.078667203639722
5435,6.631292852134943
5436,4.203806702822229
5437,4.707087081770301
5438,4.122713292452901
5439,5.929114440080181
5440,3.996050395302525
5441,9.293249425823001
5442,7.6912460292019755
5443,7.208435941262937
5444,8.487723662135782
5445,6.299463020572908
5446,8.217246548914847
5447,3.970742850919443
5448,7.502349332857693
5449,7.0355937022849195
5450,3.2975500311789085
5451,6.731152569711679
5452,9.808622048607733
5453,4.443354834410681
5454,4.871724359222433
5455,2.8591307039200253
5456,4.490661547369301
5457,5.319745404948059
5458,7.019806677595459
5459,5.525187458793833
5460,4.054059716799672
5461,4.692101999357959
5462,7.225741122538414
5463,6.337206140942088
5464,6.743636089383748
5465,5.772095234887485
5466,5.037552977061879
5467,2.528974861597058
5468,4.698684629370139
5469,6.527709925385441
5470,2.8877909692539525
5471,8.844647944254774
5472,3.3195973949926927
5473,7.620864516302104
5474,5.78933898109833
5475,4.963862657793567
5476,6.034187622715409
5477,7.805539822804979
5478,5.7539060627387375
5479,3.6125074032813256
5480,5.1780390217945955
5481,8.717018003683034
5482,6.299051059773255
5483,4.770357543441816
5484,7.305895140237992
5485,7.480973919023738
5486,5.945416808078697
5487,7.608611310779236
5488,4.413893604147645
5489,5.338895034919697
5490,2.363531751237895
5491,8.80989681061509
5492,2.5627207237959513
5493,3.638161371087278
5494,8.124703235867406
5495,4.297002554066297
5496,4.605430477324231
5497,8.340199585194297
5498,6.984940784721536
5499,7.567166317533369
5500,4.824084954310724
5501,6.378856237966372
5502,3.9333554980912266
5503,7.670847067374471
5504,4.353019580153329
5505,7.254849319465777
5506,5.370373832510641
5507,6.376940608002826
5508,6.4227355310035
5509,4.294984075553075
5510,9.160097187171953
5511,7.428029291201112
5512,7.123591707102284
5513,8.793727490925358
5514,5.602400757237127
5515,8.15491532087811
5516,4.711068712562588
5517,6.659750204950658
5518,4.3846690337252126
5519,8.590083872762479
5520,4.435550602785426
5521,7.5774412272151475
5522,3.9630528737913577
5523,6.950221412492704
5524,2.950846765715019
5525,6.075121641766952
5526,6.845616764825425
5527,6.609980809719237
5528,6.347571673101014
5529,6.582241223349573
5530,3.829787713153404
5531,6.06942909115073
5532,5.539692521460267
5533,6.728030571752265
5534,6.673007020131555
5535,7.363447011323757
5536,8.813154413654377
5537,6.430363461770757
5538,3.5590837821890027
5539,4.091886562736737
5540,3.041633220581068
5541,5.183658809494172
5542,4.974542790831347
5543,7.100429779987945
5544,5.526180551950179
5545,7.574470124252221
5546,4.037835736877811
5547,5.822961494013872
5548,5.719913726636504
5549,8.048889326238637
5550,5.55552432917983
5551,6.687582924284814
5552,8.484972082950224
5553,3.5578093317787065
5554,5.947369432177608
5555,9.301638445906985
5556,5.784771915637533
5557,6.702370415766269
5558,3.5638562877374373
5559,5.465815684842268
5560,3.850555120987854
5561,4.320835880846638
5562,4.875101589541171
5563,6.65826582078685
5564,5.800371777506267
5565,4.596958743074971
5566,5.986273731001386
5567,3.830240282319087
5568,8.121717351413395
5569,7.534324227045752
5570,3.412661472593019
5571,3.9983778570380015
5572,5.726531110438956
5573,5.866703265099164
5574,2.6046316799949136
5575,9.694769356783965
5576,6.911184454064228
5577,1.6350829988745015
5578,6.071401643272569
5579,9.4854115945668
5580,6.3422900614012985
5581,5.887915193909747
5582,7.201539236122653
5583,8.797638153975745
5584,8.218635486704379
5585,5.837162553426383
5586,4.5887672947067575
5587,2.516136420361625
5588,10.0
5589,7.037935957306832
5590,6.7521346212328375
5591,4.852066971812238
5592,3.710439880331892
5593,5.870886783487576
5594,6.560438049386547
5595,5.555442034359042
5596,4.030749828729153
5597,7.681047753800824
5598,8.414759958965337
5599,5.243841381088038
5600,4.844019227078865
5601,4.977134527084097
5602,3.503198500869795
5603,5.1674130815259005
5604,4.989933531483671
5605,7.1635723088397745
5606,4.860559024248402
5607,3.5112001667016814
5608,8.403746875901225
5609,4.4176843698816315
5610,7.279147323207492
5611,5.1153941021607405
5612,6.751221494868847
5613,6.025888873744066
5614,3.3658980106594956
5615,5.639688371054841
5616,6.979179910675184
5617,3.9302330692996037
5618,4.26688020129184
5619,7.240680708438415
5620,7.864069838624277
5621,3.7900467679974397
5622,6.681923451110081
5623,2.8176073012960288
5624,4.710603717770121
5625,5.434517208544137
5626,6.413669757299028
5627,3.668152114033225
5628,7.7802926323567965
5629,7.601112487728755
5630,5.441496677747773
5631,2.938755209586245
5632,5.087241717627808
5633,5.74154146705
5634,6.910925075939327
5635,5.678260045604422
5636,7.000538736388538
5637,9.313784209724254
5638,7.038305012195796
5639,5.439510994684434
5640,3.4503008768278747
5641,4.157421340102657
5642,7.669591270435432
5643,4.703911919334952
5644,6.15990996929631
5645,1.5607945784528012
5646,3.7176776490791124
5647,4.874894560891447
5648,5.189842924107517
5649,2.7206584759163963
5650,5.880662998735248
5651,3.2188759213877565
5652,1.964202216082879
5653,6.789073904565586
5654,7.216018272406964
5655,6.1882475330162325
5656,8.486861653788825
5657,1.1970235178089517
5658,1.846029568432543
5659,5.3709641371035275
5660,8.321721830313793
5661,3.7686381529011457
5662,7.933652173092539
5663,5.921897655317942
5664,6.094509818512546
5665,6.751461487764447
5666,1.3386251356599002
5667,7.002167466581766
5668,2.165122247116927
5669,8.99152866997673
5670,4.246860131576189
5671,8.49217252263926
5672,4.993526178424717
5673,6.715848680267136
5674,3.570953400052267
5675,6.434662935081738
5676,7.328601834886169
5677,6.704426238842506
5678,7.101093475912727
5679,8.743695667928911
5680,6.948393532751728
5681,3.4881914275558685
5682,2.0863420415075167
5683,8.44836297418173
5684,7.066059692397965
5685,5.591324210363892
5686,7.847937257539881
5687,4.3802311574395345
5688,6.482714328037628
5689,6.388726217996834
5690,6.711303294388777
5691,6.632264625976454
5692,8.233809560954894
5693,7.175998121092984
5694,6.514178485792239
5695,4.148370609101592
5696,7.070207416642193
5697,3.7066517064813467
5698,7.158302275813717
5699,4.8870722451276185
5700,6.919913117672507
5701,1.6360249240526494
5702,5.275112024709141
5703,4.632746746585914
5704,5.727117971817918
5705,6.218604361274618
5706,2.133364554561167
5707,6.916412571403853
5708,8.129169583390357
5709,7.003234333887274
5710,7.299779543228914
5711,6.210573545330748
5712,8.367893439464336
5713,6.578539388966312
5714,6.455735719179699
5715,6.890228104721984
5716,1.2366531865222536
5717,6.269225332438623
5718,2.844564876105472
5719,6.402989639603495
5720,4.943971693591989
5721,4.011373984899021
5722,8.659406232166475
5723,5.125989740556341
5724,4.174471036916074
5725,8.331761400546306
5726,5.2339932498979564
5727,7.588115592507779
5728,5.269401346204061
5729,6.592601219124525
5730,2.568926953053106
5731,4.335479283495089
5732,6.646153406080165
5733,6.630728664259095
5734,7.422026811248368
5735,4.780099497519694
5736,6.643934985868468
5737,5.541585481957363
5738,4.866148289716156
5739,4.154952868004624
5740,7.416027684490794
5741,3.0969283458760124
5742,9.623471320886031
5743,5.718683573532944
5744,5.050128295183854
5745,6.9963761744857145
5746,6.152794560314723
5747,3.3285332425614684
5748,6.148754292367085
5749,4.780776224089344
5750,5.843862636033038
5751,5.492672373614125
5752,2.753974444540783
5753,7.473430317743078
5754,5.996264217800284
5755,6.811715880010698
5756,1.5160968146124485
5757,4.663758858134381
5758,6.534031914412711
5759,9.463260030903252
5760,5.133194002895719
5761,6.218910121809013
5762,3.740400349805209
5763,3.690501433331428
5764,6.713242398548729
5765,6.54789567163523
5766,4.170864637705314
5767,7.783610967538466
5768,3.3283883582827443
5769,6.801874955693764
5770,0.14310006025786878
5771,4.8875991873773685
5772,7.9481153906382005
5773,4.736062593373014
5774,6.384049473272581
5775,5.481827605374329
5776,3.033056914237097
5777,5.917361380000217
5778,4.682828093438017
5779,7.678028321873405
5780,5.561440696169384
5781,6.229703046112408
5782,2.3674818796859296
5783,2.784857867813754
5784,4.613144148981908
5785,3.153701509741356
5786,7.801282866869712
5787,7.603264175215937
5788,7.3993565999588045
5789,5.889675650700261
5790,8.51405352278188
5791,4.093314933207884
5792,5.489499459930048
5793,6.9420745781513835
5794,3.609856111141782
5795,8.925662568253315
5796,6.119965179004034
5797,9.702962016023907
5798,8.771065424675554
5799,4.042214376274255
5800,6.5671859878806105
5801,5.226654284813788
5802,6.091324265815906
5803,8.328561279399217
5804,4.381956575081738
5805,7.906957260452743
5806,5.680616020953747
5807,9.49508813732291
5808,7.320487470797016
5809,5.733903685160021
5810,7.2725097154448015
5811,5.21272547741109
5812,6.4891622311870405
5813,8.878019723173715
5814,5.220370409325895
5815,4.92425394995575
5816,6.717608330923936
5817,7.1846595981473556
5818,5.426185527386243
5819,7.601967234835313
5820,8.253695929366398
5821,9.03735668809833
5822,5.93323891126484
5823,6.884115165102431
5824,6.903649427226247
5825,7.572596997134383
5826,9.320283737471746
5827,4.729394686752652
5828,8.750638228578644
5829,5.194639070867567
5830,3.051696149212413
5831,5.636733923480027
5832,4.251009433286392
5833,4.744982900626525
5834,6.149568524099653
5835,3.244396534789501
5836,4.676488272614246
5837,6.197317781545952
5838,6.440388504161594
5839,8.046799257971015
5840,4.984366572148201
5841,4.791271359693868
5842,7.766094311549626
5843,8.428729289697513
5844,8.481387326014406
5845,9.057060951156542
5846,3.197977145005388
5847,4.997340098115669
5848,7.453419868929942
5849,5.695554145479916
5850,4.593605452766186
5851,5.689826264229276
5852,5.5346138633363315
5853,6.916585074500881
5854,6.912303512030531
5855,4.558079858616041
5856,7.198115405398098
5857,6.521746793618388
5858,8.922010548860968
5859,8.342829630748897
5860,6.554336977971474
5861,5.425416490565498
5862,5.28665761151162
5863,5.28263943290503
5864,8.73082098569537
5865,6.448595704956612
5866,2.432824887194503
5867,3.46565177373352
5868,3.560402184047912
5869,6.538670212757279
5870,2.291145932539305
5871,5.7982400099937745
5872,5.491570175166556
5873,6.817732500408491
5874,6.716729284240369
5875,6.508527067538442
5876,3.741815644086747
5877,6.482899829226785
5878,5.673219543551786
5879,3.5573059134080722
5880,6.30251410935406
5881,5.488063403471445
5882,2.4996836773114945
5883,4.7529958349847385
5884,7.0676459422213425
5885,4.563231888855528
5886,5.677242710589303
5887,7.737505309446938
5888,9.250160174316138
5889,6.197793948896803
5890,7.061700153299562
5891,5.1779841376352005
5892,6.515588327294907
5893,8.441237937365925
5894,5.571269522886106
5895,7.8092205398926104
5896,5.98999926214488
5897,3.930234959854809
5898,7.354705241562881
5899,5.7506624119158385
5900,6.694330496463912
5901,5.807356740747652
5902,4.350831451946891
5903,6.688053964520099
5904,8.768797108476832
5905,7.203913489070439
5906,1.4113972381276776
5907,5.592421159103377
5908,6.480270644914638
5909,4.390631633521169
5910,2.6405533657332576
5911,6.230804574370359
5912,5.588856605755774
5913,6.68670204477271
5914,4.150356405335731
5915,6.852829304244476
5916,7.460345798038712
5917,8.554535622005877
5918,6.821834476635679
5919,4.064521582402268
5920,7.349331306247316
5921,6.427064270338928
5922,5.872169992266829
5923,4.850117527328927
5924,9.77937313519189
5925,8.761608712495189
5926,6.318177647515666
5927,7.537570790207733
5928,4.102429298595003
5929,6.414173215802939
5930,6.619262878179881
5931,7.388310251694421
5932,8.016541741796084
5933,4.976680457188189
5934,7.993265717497723
5935,3.895820526091008
5936,5.747486142148642
5937,7.134297900814461
5938,4.880747639786402
5939,6.413261213419591
5940,7.615112747376672
5941,7.461985455374712
5942,3.9140220863813804
5943,5.869391121772826
5944,7.352608045703431
5945,8.663718158865535
5946,9.741402188451762
5947,4.760800737031249
5948,5.207619378890502
5949,4.587356481101748
5950,0.19894272374270253
5951,6.040964487112603
5952,4.129280458058239
5953,4.8365303738244885
5954,7.711961058984971
5955,7.384363135645885
5956,8.800298507196153
5957,7.955425218254917
5958,5.612217333269172
5959,5.847013430035208
5960,5.131592418778572
5961,8.017058049198441
5962,5.071993645024148
5963,3.8148326722972623
5964,4.277251827974366
5965,5.751882966725623
5966,6.437510715818003
5967,8.50574820343428
5968,3.094776498483613
5969,4.9670851324676715
5970,4.8343658783448005
5971,5.433738062979237
5972,8.899931934410045
5973,6.300585584296807
5974,5.824435767503599
5975,8.094719709747983
5976,7.4305803378970445
5977,8.844683772103174
5978,6.264971593901704
5979,9.289790027967966
5980,4.9275543656307805
5981,7.043016275547308
5982,6.480325907595379
5983,7.353851220388406
5984,6.469473103133254
5985,7.581531914409068
5986,6.632461895946682
5987,4.938967652004648
5988,5.555424674569905
5989,4.651855394808807
5990,6.332570315201224
5991,9.112531818473677
5992,5.704616777514272
5993,7.5617502151431495
5994,4.19476084337417
5995,3.2669680611163603
5996,5.717767616704192
5997,5.793334398355119
5998,6.2414227847524275
5999,5.354083823152454
6000,6.188129768982006
6001,7.640274149792134
6002,6.398253079221649
6003,4.624980126233133
6004,5.030412007988328
6005,6.040095254690766
6006,8.956839849042826
6007,8.57779508177627
6008,9.390804708013356
6009,5.116307498394982
6010,7.214052548148114
6011,6.101598824027789
6012,1.1791687559307833
6013,4.215323274620752
6014,5.700783502992811
6015,6.352184092737167
6016,8.325421991322257
6017,5.562454899108428
6018,8.663760882404297
6019,8.096857306646346
6020,4.149621710008963
6021,8.912532890740872
6022,6.576433119129941
6023,3.9368529804735197
6024,4.575830039568899
6025,5.987000925186121
6026,8.293638262564007
6027,8.546358267907804
6028,3.84004757987153
6029,7.5487631756328195
6030,6.953575920045182
6031,7.497434193694927
6032,9.92030327926458
6033,6.769336519268087
6034,4.923713865293324
6035,6.244289500189746
6036,8.674374060274953
6037,7.928242640267514
6038,6.50741145459102
6039,8.413238982017177
6040,3.8053287754607505
6041,7.294272351584567
6042,7.330739644430666
6043,8.863305117823534
6044,8.272392245936715
6045,6.127013393943187
6046,6.5727268400458625
6047,1.6246827930399996
6048,3.781474828815386
6049,6.780282401452787
6050,8.37624234192277
6051,3.8864965813790437
6052,4.822105892375942
6053,3.381351977601771
6054,7.319493789448904
6055,5.098029413440276
6056,4.194589273537283
6057,5.077589944267326
6058,8.830408927857025
6059,4.4745890149266945
6060,1.5560817709641657
6061,6.836982820405864
6062,7.53455244000059
6063,6.458907626218403
6064,5.343448482601045
6065,5.469299627319867
6066,7.0921673263978136
6067,3.7466276280042923
6068,6.925488164938095
6069,2.327690311635496
6070,4.073701744342559
6071,6.330028508291303
6072,5.37687575948895
6073,4.387143463864995
6074,6.0234092295016515
6075,3.21285370621962
6076,6.1514081442035256
6077,4.623667226852782
6078,6.452833699392646
6079,3.126550579573695
6080,3.5774227804510716
6081,8.558193519202378
6082,3.5236311224155172
6083,6.439711715356962
6084,6.527735804854206
6085,5.321105697174223
6086,8.032128277671193
6087,5.313267599817022
6088,4.75397367389771
6089,5.606610016442479
6090,5.466608947467139
6091,5.135772090483122
6092,6.4989709364413235
6093,6.345311084740655
6094,7.494560502527404
6095,6.629540514874812
6096,7.903806157924681
6097,3.796363226158483
6098,7.623083084049363
6099,8.165623921109919
6100,4.834739690206325
6101,6.396097304883777
6102,5.828933310997536
6103,3.62240899830557
6104,7.450631943937056
6105,7.9420728041120565
6106,6.682678028206057
6107,6.851015256793295
6108,5.652746959036028
6109,9.20503070201256
6110,2.956425519809361
6111,5.9670496924034975
6112,5.3259061029830015
6113,6.140088590519066
6114,5.1447308620856695
6115,7.28996094286072
6116,5.0815385281811265
6117,8.275357606341782
6118,7.902569205705393
6119,4.82902893654498
6120,4.315609533792215
6121,8.5889015941385
6122,3.7082514189272326
6123,2.9993227265425486
6124,6.689560830778681
6125,9.68729070230784
6126,7.8666140333612615
6127,8.705655146558154
6128,4.561545501498775
6129,3.435642302029786
6130,5.008836811533154
6131,6.623009862601551
6132,4.769919102544144
6133,6.371676102556134
6134,7.808499662152443
6135,3.02768560561173
6136,3.9939371531457852
6137,4.539152188945152
6138,4.551234852629454
6139,4.9337596366574115
6140,6.3192879634242995
6141,4.707657641260947
6142,5.5585395604571595
6143,7.94752995002049
6144,5.883431974915445
6145,5.300599304154414
6146,7.042025798070821
6147,6.8515193990785574
6148,7.39433892629951
6149,4.581371204138719
6150,8.051425618248018
6151,2.765003657065039
6152,6.891898423135072
6153,5.828317966637557
6154,6.084264549330017
6155,9.2947193297089
6156,2.9674369740280526
6157,6.4671853748733605
6158,5.2959539160384965
6159,6.1966546913089555
6160,5.219292000246714
6161,5.233694621683553
6162,7.403312950511505
6163,6.352536730009994
6164,5.314178039355368
6165,3.3940864174155942
6166,6.560549401918596
6167,6.864194628453376
6168,5.789977788009394
6169,3.724767984783182
6170,6.51644120606096
6171,4.1820370754566
6172,4.750573176594507
6173,5.615349733160787
6174,3.6833095813200147
6175,5.864146306662961
6176,7.711014792719099
6177,6.985824896410974
6178,7.75291639279712
6179,9.162011991265112
6180,7.530260855570142
6181,3.1904131321490823
6182,5.05093862412508
6183,1.8680452891786785
6184,4.254530837045102
6185,3.8781956490625933
6186,7.642049933312081
6187,4.327095169081858
6188,4.462400361029644
6189,9.709725621561654
6190,7.037256241231672
6191,6.464366679142891
6192,6.273347553188487
6193,6.7688715016288725
6194,7.29982936721658
6195,2.1898258967274637
6196,4.6834689892623365
6197,4.865639146255099
6198,4.806569489535765
6199,7.596564478774318
6200,7.924662622196283
6201,5.415453912305494
6202,3.848400339745187
6203,4.417936531305896
6204,3.197007785784173
6205,7.641740541001922
6206,7.210144950155201
6207,4.057734516001701
6208,7.770111160417743
6209,4.226838740041645
6210,4.905724011855902
6211,4.4158494181591745
6212,6.068460811658395
6213,7.27353078533609
6214,5.874934985523936
6215,4.43164185470399
6216,7.684520535836249
6217,8.785802716984088
6218,4.585087985396376
6219,6.432835723521406
6220,3.627421246274479
6221,5.680517086183294
6222,4.39852100557592
6223,5.746153074984666
6224,4.550695136488732
6225,6.241577921421515
6226,7.399104249291902
6227,4.846240363737618
6228,7.190391761007104
6229,5.407272049748158
6230,7.468189566688621
6231,5.729165937959488
6232,6.043788197129456
6233,9.517754284031435
6234,8.13881445805901
6235,7.38604387210229
6236,5.120400573370485
6237,6.7202771093983005
6238,8.95028538187185
6239,5.063494339383261
6240,7.163453654198444
6241,5.092082744403633
6242,5.741875819538591
6243,4.51047189411132
6244,6.289822974050138
6245,5.08202191565644
6246,7.96147967085709
6247,6.060720215474158
6248,9.070444688307498
6249,5.114654141237715
6250,2.7930302518774504
6251,10.0
6252,3.9937345479081325
6253,6.605451838413881
6254,5.4902571778623
6255,7.025396407412697
6256,5.629377628171715
6257,5.742521253988493
6258,4.234595112575001
6259,3.2908253348948464
6260,3.132968331389352
6261,6.03674661885273
6262,8.602530278949793
6263,8.566172539468447
6264,5.966609899770129
6265,6.786870905372446
6266,2.6211425487666578
6267,4.6675872202186515
6268,5.040903187728946
6269,6.485239835864217
6270,5.777630051157276
6271,4.171268245221579
6272,1.5540747941385589
6273,7.581614034595141
6274,4.389470821137896
6275,4.4800122020021
6276,5.3923739602149645
6277,4.97851927764135
6278,7.250082762703223
6279,7.167935189291986
6280,6.6037443407688095
6281,2.7001941951309623
6282,4.782279139782482
6283,5.736922523549676
6284,7.245250347854453
6285,8.02189056724332
6286,4.29817951120526
6287,5.216727077327048
6288,9.148728912427496
6289,3.4397255192248744
6290,6.354781944503922
6291,3.7245251459329145
6292,2.5744575372905794
6293,6.084735363329001
6294,6.006032871240934
6295,5.85280597558772
6296,7.700893063208439
6297,6.606667497353858
6298,6.7634253116119
6299,4.138068765909945
6300,5.182472670886473
6301,4.688109671945174
6302,5.88276575500967
6303,3.8670397268012633
6304,3.5845416943596944
6305,6.9629116000698055
6306,6.222758186460697
6307,6.766980522757199
6308,4.982488627982615
6309,5.238303000964083
6310,5.1929830671052075
6311,8.549503357005339
6312,7.141844564392297
6313,2.9499573693710373
6314,7.166409825475883
6315,5.018250032362659
6316,7.95617135573556
6317,9.412640778874968
6318,3.537973246339286
6319,3.8704248617981425
6320,5.355534102793278
6321,5.055970711664747
6322,7.848082655493116
6323,2.904552395747174
6324,3.906496836286711
6325,7.116725879400704
6326,6.3260121971228385
6327,4.429109166723102
6328,5.045248095600981
6329,9.180605871535535
6330,4.895628500281235
6331,7.018200257918343
6332,6.389986503843352
6333,8.030818493698725
6334,6.847145182450553
6335,6.053614742327796
6336,7.140347191252306
6337,3.281048850573873
6338,7.604989902384776
6339,2.756388476405097
6340,5.283951063268699
6341,4.6275351205560415
6342,4.8241405063664295
6343,6.963782490424765
6344,1.6505350044757672
6345,3.4958395548780694
6346,6.95830001871817
6347,6.402442404165545
6348,5.436923443001038
6349,7.199346939307986
6350,6.94091463463839
6351,7.851528528564712
6352,2.4127921551445035
6353,7.180864920453128
6354,9.291551156649435
6355,7.231049737318258
6356,5.570927713388916
6357,4.353800423608354
6358,6.181017818708454
6359,6.764793507181246
6360,7.527945050373297
6361,6.227171517610218
6362,9.352570207014692
6363,6.826831552404262
6364,5.576154295192483
6365,6.55482940117993
6366,7.940066265735741
6367,6.501704606674007
6368,7.720100143574261
6369,7.790760013769298
6370,4.406213011046477
6371,8.243729531260673
6372,3.877868168178742
6373,5.638986581462608
6374,8.995115162190672
6375,8.82581507733687
6376,4.649993263653544
6377,4.461034887628281
6378,3.445821313373068
6379,9.015139059376805
6380,4.349038560014053
6381,1.6495575442887473
6382,2.189251690293779
6383,6.991673499205326
6384,7.202345230867038
6385,8.048797149321649
6386,7.699956232164216
6387,5.457157953157628
6388,6.168942141244942
6389,6.0012383033637215
6390,8.775590317573954
6391,7.346288377675186
6392,4.3039157768282195
6393,4.50210990841756
6394,3.2956735776549055
6395,6.1343681728643515
6396,4.270447793740689
6397,4.7863455760714535
6398,5.620741425658497
6399,5.210868263299827
6400,7.369081491351386
6401,6.923512284461713
6402,7.6879264336877196
6403,8.283551019894158
6404,0.9636684916848789
6405,8.529009137659516
6406,7.146889500698556
6407,5.2656259491477
6408,7.781436413577774
6409,6.380898490170441
6410,5.665360570982268
6411,9.232077036618179
6412,4.15066342445981
6413,4.362551619101444
6414,2.297545449696573
6415,4.186981903047968
6416,1.6620753504593346
6417,4.217274475222286
6418,6.325439209650377
6419,8.931490380827807
6420,5.971973074357356
6421,9.637442791556058
6422,7.861394602230002
6423,6.470430900270912
6424,9.645354568155714
6425,8.414290359716379
6426,4.849034758034356
6427,4.889748550521401
6428,6.380734732443309
6429,3.5594898457798667
6430,6.438155508740596
6431,3.464132775365234
6432,7.978498439529128
6433,2.9634707297010325
6434,7.545975981060411
6435,8.526279397320788
6436,4.544112875711235
6437,6.845315594683698
6438,7.561834322533243
6439,6.137090041247247
6440,6.1085388783506565
6441,6.421293866771414
6442,2.445483810754265
6443,4.094304173279296
6444,7.613605079800864
6445,8.08536873396034
6446,9.78297110792503
6447,5.8320752324507765
6448,4.715910555799784
6449,4.5097642784279515
6450,5.941110804542112
6451,9.03537456885621
6452,9.941108123986327
6453,3.947569513050463
6454,6.850639579040855
6455,7.4984578966958315
6456,5.785166049369104
6457,8.344318683925302
6458,4.4997400985894505
6459,2.9976174380011886
6460,6.42626184649778
6461,8.198703933460894
6462,7.803711695353111
6463,6.579108165120337
6464,8.03661512284496
6465,8.659446015700686
6466,5.040468727548889
6467,7.049868567110921
6468,4.179045547075644
6469,7.1275863086421305
6470,8.571133710623192
6471,7.1286050441730096
6472,4.901799707356639
6473,3.8778625895351198
6474,7.373232054867498
6475,5.278495103424864
6476,5.056879792762222
6477,8.440819900085494
6478,7.2057979192954935
6479,8.16409075336356
6480,7.988696916718313
6481,6.395142360547359
6482,5.0497579114326765
6483,5.847927743636003
6484,5.860427266626259
6485,7.65728716589533
6486,5.155902971433611
6487,4.157827175895892
6488,10.0
6489,5.455049951510154
6490,2.672888587734237
6491,4.714670934013248
6492,5.8824161655272835
6493,3.172215714565295
6494,4.577101932806175
6495,5.32689789725217
6496,7.656993081360839
6497,6.0201093838675215
6498,5.936373114967747
6499,5.875134335321872
6500,8.841163665300613
6501,2.7019610757117474
6502,2.4248249513014315
6503,7.8953983233887515
6504,9.227258225804473
6505,4.622563186605226
6506,3.9100524011694726
6507,6.644105042874438
6508,5.518116340436991
6509,6.312073441696535
6510,6.784248388820054
6511,7.390992721132185
6512,6.622971484039388
6513,6.373838553758537
6514,4.332152218102442
6515,3.9465454695585196
6516,9.411578816439656
6517,6.232138859133012
6518,4.762981888669726
6519,6.110283523909726
6520,7.741313177309833
6521,2.8653252700787717
6522,3.8943916184581777
6523,3.2512446226092107
6524,8.462156717588798
6525,7.946994212608065
6526,8.83517601093409
6527,4.4398315701045625
6528,6.36230981345812
6529,4.214975580270697
6530,6.2531241836904865
6531,7.456718741753989
6532,3.205908268882324
6533,8.7102391911151
6534,5.477425560173727
6535,5.981907179590594
6536,6.6550630156886035
6537,6.530480308179375
6538,4.987570088109793
6539,7.044291871963314
6540,5.928474651426633
6541,6.780635128680847
6542,4.33354980068594
6543,7.385557588096548
6544,7.016102671352598
6545,6.024536882048373
6546,8.229875147934887
6547,3.8857150515093144
6548,6.117998803872841
6549,3.5789809924156146
6550,6.790471393106716
6551,3.290970558037271
6552,5.309365214888221
6553,6.796060615532661
6554,5.6591630857700865
6555,2.260800022147162
6556,7.528450285314655
6557,2.5392556817923246
6558,7.24639808916427
6559,6.67212387877017
6560,4.435435048563133
6561,6.311035968030698
6562,5.133664866088253
6563,5.74193654798103
6564,3.3722049470697217
6565,4.370683283850538
6566,9.209091428756402
6567,7.914236351870171
6568,7.4215329448537695
6569,2.7282197579011926
6570,7.600198624776046
6571,7.464469791856596
6572,2.919221728164669
6573,3.9922092743457966
6574,8.039759624099354
6575,5.935248571485917
6576,4.570681951485639
6577,6.798782686807003
6578,7.807905989787657
6579,4.563583779837864
6580,3.7658437812622014
6581,4.080734685768859
6582,8.624836278875867
6583,8.80257219572007
6584,8.420033889876965
6585,8.68604579420285
6586,8.356690569725908
6587,6.6222078498114145
6588,2.2240246881698607
6589,5.772678705955207
6590,5.924109095392454
6591,9.369343047803918
6592,7.781001901767288
6593,6.382863906630112
6594,5.7934107004052064
6595,6.822776132031264
6596,6.344199119585469
6597,6.186781948601332
6598,7.1919621424604845
6599,5.430423244348269
6600,8.386032117957319
6601,7.716926282593515
6602,3.952266046657147
6603,7.737056580720013
6604,6.726757861245576
6605,6.579009996158676
6606,7.627759047860227
6607,5.13465992180034
6608,6.749872203706349
6609,2.465401200022131
6610,0.33631188897127323
6611,7.1507197553116875
6612,6.067864690627498
6613,3.8167720228790016
6614,2.6996323533435027
6615,6.518099392263574
6616,4.576730575611852
6617,3.632680806083938
6618,7.553495783260932
6619,2.7900965561865414
6620,2.155411546565225
6621,5.171212890420183
6622,7.988562245823122
6623,6.61143819082191
6624,4.181879439900328
6625,6.99389485364444
6626,3.5227960716037843
6627,7.90431645224253
6628,4.498041823875648
6629,7.669997112853024
6630,6.065645867539461
6631,6.7240329902627725
6632,5.8416137441675415
6633,7.955424940936508
6634,7.45392991210649
6635,7.528206397276402
6636,5.397875462734058
6637,1.9317630252953613
6638,4.284263696678156
6639,5.478750092879466
6640,5.64584446455647
6641,6.707814059117405
6642,6.504136227853906
6643,4.2910957527582
6644,5.835092272819829
6645,7.583704209210733
6646,9.10600735753888
6647,2.84786102531076
6648,3.6174744426067544
6649,5.601234140664446
6650,4.644386300991018
6651,5.37045680794758
6652,8.717338621243671
6653,6.13413294083821
6654,9.28841550494898
6655,6.229401442094016
6656,7.1765442396328245
6657,7.544038709169062
6658,8.141027199158685
6659,3.272028476241086
6660,3.657425675348522
6661,7.329926058908073
6662,9.42363859192905
6663,7.903087470126605
6664,6.70406932871964
6665,6.107749034286199
6666,8.618536421025647
6667,5.866261587101081
6668,6.233505719291871
6669,9.436287733980041
6670,6.254742075060694
6671,5.918755589754662
6672,5.076455442566685
6673,5.982554654479489
6674,7.317493289951038
6675,6.319571638994059
6676,7.328648708453493
6677,8.75056949014451
6678,7.260456861182861
6679,7.1557967277026915
6680,6.9188731891567
6681,5.004257882633821
6682,6.775058773032137
6683,7.066141210867915
6684,5.768559491873671
6685,5.548825224849116
6686,6.34308672235295
6687,7.302745667578285
6688,6.173111810961896
6689,7.062294151755968
6690,6.716672407853409
6691,6.330997461862497
6692,9.173645832744187
6693,4.112422986722007
6694,7.551824763245404
6695,6.813277032191641
6696,4.425522935588611
6697,5.654741567141768
6698,5.859840508464221
6699,4.492258518946414
6700,3.7608396878726738
6701,4.185486950663665
6702,8.723396000674663
6703,7.772397256837888
6704,6.793209917845834
6705,7.3382543901593165
6706,9.42105052111518
6707,3.929322193492553
6708,7.8842990190120785
6709,3.3844784678502298
6710,6.96628088684628
6711,8.136198087470326
6712,7.749412374931849
6713,5.049338109691574
6714,5.7430600978600745
6715,4.5215230382589855
6716,6.9468757292753915
6717,5.510854422228837
6718,3.509944048100223
6719,6.63880148750957
6720,6.104654038796105
6721,3.74938781822255
6722,4.4384230421842705
6723,8.66413821301632
6724,8.818159023356927
6725,6.125950834559172
6726,1.9494899212122272
6727,7.501796280171797
6728,3.002656378023974
6729,5.424707020197516
6730,9.141621227869324
6731,3.758115325184503
6732,4.495797244122755
6733,7.177576728461248
6734,7.859981480072062
6735,3.427900390358573
6736,7.604071467706028
6737,4.9022956629767895
6738,6.028920341200348
6739,6.287931803049002
6740,7.170364315613833
6741,7.261625121047605
6742,9.03864524490116
6743,5.585314935899781
6744,9.039558918774794
6745,1.3848200803830728
6746,5.932106296607149
6747,7.9570619432867575
6748,4.016549884167507
6749,8.766858988150677
6750,4.955721794908354
6751,5.441241119791034
6752,8.970414986486722
6753,7.059203081589597
6754,7.127749483903764
6755,7.373618119736394
6756,5.111777268411947
6757,5.093739251732631
6758,5.24868081275583
6759,2.211246392422238
6760,7.254018542648409
6761,5.178107474437086
6762,5.739807668240865
6763,7.205677100960652
6764,3.7966519711110958
6765,4.181621148660188
6766,2.7572244291603276
6767,8.173513453778183
6768,6.58606337960993
6769,5.570668332268572
6770,5.793168402616553
6771,4.173380560818978
6772,7.993954191982828
6773,1.269116012929117
6774,4.747994150414772
6775,6.92905604324847
6776,3.016577423166054
6777,6.740380160983107
6778,7.123547296544488
6779,5.649377180388163
6780,6.588769384955871
6781,5.458871539087884
6782,6.88687082636065
6783,6.02101762243848
6784,4.866358358689397
6785,6.399365371513624
6786,6.1182833618519865
6787,6.6441674293518105
6788,5.823912094500332
6789,2.536743084933642
6790,5.0566766410279165
6791,3.881864486360136
6792,6.8565155787607726
6793,6.1627156389212745
6794,6.50198574947736
6795,4.6947450031310645
6796,8.285460121140614
6797,5.586454474674215
6798,4.267663905975068
6799,9.054736066594467
6800,8.264205778431593
6801,6.073003225745647
6802,6.146960617180584
6803,8.40776645707573
6804,5.659167434495199
6805,4.9175799896146914
6806,2.858846965177449
6807,3.210351517536993
6808,5.110483383311116
6809,7.188612519934202
6810,4.628136922555557
6811,4.589208022493751
6812,6.052540386168734
6813,8.929613204834306
6814,6.509228462931375
6815,2.761484675995136
6816,9.373705379383397
6817,3.791939660105611
6818,7.206576301394993
6819,6.2884519216469625
6820,6.342098259588758
6821,3.172506987792377
6822,1.647347316234016
6823,7.0288410960663645
6824,3.4723176559945785
6825,6.243587655808877
6826,7.46709958306157
6827,9.409825978151032
6828,5.496253169786704
6829,4.377247715128002
6830,6.097197288892544
6831,8.40028136539799
6832,2.3525351255301414
6833,7.613586059514178
6834,4.710480812997952
6835,7.2084512847208755
6836,7.341450272149933
6837,9.95936989477001
6838,4.0573700032053726
6839,7.800621372823194
6840,4.9246427001056
6841,5.958920242208367
6842,7.631362926573588
6843,1.7503990961399885
6844,5.47004608627484
6845,7.821851403089344
6846,6.533439688898908
6847,4.9894524130649955
6848,6.687964684755867
6849,4.308908827770626
6850,5.190490070259009
6851,3.2657416419635212
6852,5.579716994347069
6853,5.84272064793008
6854,8.906291042229356
6855,5.4843900751708485
6856,2.4579567609443536
6857,8.815741467623482
6858,6.95080809113654
6859,7.805396780786026
6860,4.292571502151208
6861,4.30602095232542
6862,7.762172185214298
6863,4.5176112637378365
6864,3.7215730101704363
6865,6.75202655915211
6866,3.2983999777940984
6867,8.853745415339557
6868,4.834218645542133
6869,7.654479551450193
6870,5.221230811708028
6871,6.3154553988802915
6872,5.189247738017846
6873,3.3245625356690853
6874,8.635482095142589
6875,4.566874929240492
6876,6.766872295088025
6877,6.439732287844426
6878,4.549388252737078
6879,4.232398651828902
6880,7.585443453278269
6881,5.466113300563764
6882,5.933560666210318
6883,5.914032374817307
6884,8.35148692086802
6885,8.083833080957907
6886,4.035503829597523
6887,5.272194233922954
6888,5.018920824244289
6889,8.156966052046931
6890,3.6238959551164767
6891,6.501663262265495
6892,7.653812324423719
6893,5.492119399654663
6894,8.479698108678745
6895,7.732876432979539
6896,5.445461040998339
6897,4.062556475409441
6898,8.370396383270874
6899,7.124162495870745
6900,4.432918891426783
6901,9.726623096686513
6902,8.429547781733625
6903,6.818848329860302
6904,5.1378130356531155
6905,5.864398001891144
6906,5.890752405703086
6907,4.3258205045878775
6908,7.763109337093464
6909,8.215684696152115
6910,4.258150672751238
6911,4.7369521494421285
6912,2.611273592333335
6913,7.17327956010419
6914,6.645235141145433
6915,7.211221308289191
6916,5.556595142999796
6917,5.803097413699382
6918,7.293361129301553
6919,5.96050199978165
6920,1.9626580079612435
6921,5.249371519019211
6922,8.611317001868947
6923,7.413435324458438
6924,7.478798022804783
6925,6.320057222877784
6926,2.681932070269204
6927,6.25033033237131
6928,7.733358909747663
6929,7.421583000107994
6930,9.086491277743198
6931,5.44422188228521
6932,7.250628432722208
6933,6.214967197805777
6934,6.3418740792048975
6935,9.527690892787803
6936,3.1289766857478023
6937,8.77104321973482
6938,7.965421303304833
6939,8.2422260339284
6940,2.552988139488124
6941,6.491992509345449
6942,3.916816238949793
6943,3.8572664581995353
6944,5.05733932176275
6945,4.461621238496896
6946,7.150722485334184
6947,4.729153738994703
6948,4.6154793085539305
6949,2.996464267138522
6950,4.919837683711068
6951,4.5502408740886775
6952,6.158838259028205
6953,2.4767548509316373
6954,3.617904619892293
6955,7.0276162965248385
6956,6.880763819304427
6957,7.328213127465814
6958,5.88387538407284
6959,3.998101141918557
6960,4.337802470890914
6961,5.674237029006593
6962,8.203228237793319
6963,7.438571993978067
6964,3.7893491918524354
6965,10.0
6966,4.915313281870141
6967,5.532274309997719
6968,2.720212191715746
6969,5.702955765595104
6970,7.2818083447839514
6971,7.230851387584742
6972,4.113124206985429
6973,3.332266352054916
6974,4.2927753237275255
6975,5.83142928623039
6976,5.897497959791251
6977,6.181137041410139
6978,7.642287520132708
6979,7.954323909100923
6980,4.17494400887186
6981,3.2915277253416115
6982,4.548568477219226
6983,5.3136989450534005
6984,6.4357588704073
6985,7.8662843420547555
6986,3.813847124314529
6987,3.02837199544859
6988,9.006650756777642
6989,5.561803148223903
6990,3.668737537142647
6991,3.3242849472900953
6992,6.870232505333858
6993,4.44437993947625
6994,5.911700642679897
6995,5.099008895265247
6996,3.113122432085871
6997,3.6521699694183503
6998,6.983067093245108
6999,8.096134628670287
7000,4.4061502862957775
7001,8.115680788506236
7002,6.860256146191341
7003,4.350894732772805
7004,7.913762210365616
7005,5.906710096241979
7006,7.441134558514439
7007,6.271168574794724
7008,8.346855577331466
7009,6.871512120540756
7010,6.406143742032304
7011,2.7507833741895933
7012,7.165818558856044
7013,9.402060209666619
7014,3.3003134146466606
7015,4.482882068436911
7016,6.413780410339709
7017,2.742940762856417
7018,7.404161104028739
7019,5.696320252907718
7020,9.211177106548305
7021,3.9817411496965005
7022,3.0959550508880205
7023,6.319780970803525
7024,4.974617192042821
7025,2.952586964703791
7026,5.111343503448935
7027,8.244266913551959
7028,4.327391757448137
7029,7.735082368754336
7030,7.918439141097805
7031,8.793224617214179
7032,4.0204848232452886
7033,6.717292168531001
7034,7.059532982540813
7035,6.017812683501901
7036,7.563130506732497
7037,7.506521980800631
7038,8.267765649652056
7039,5.909928124047032
7040,8.803112050188185
7041,8.763747705821354
7042,4.869079216644978
7043,2.8237361688654685
7044,6.053680804780199
7045,4.644098813896271
7046,9.23697425718014
7047,3.261352803717234
7048,5.019560380259069
7049,7.976803486489803
7050,8.864293462277027
7051,5.7285903958463775
7052,7.1377120033071115
7053,4.6248540477482
7054,5.200208222198318
7055,6.482575912459097
7056,4.257443716852974
7057,5.143658572132563
7058,7.104740257282878
7059,8.028603709239375
7060,5.573535062022345
7061,3.602230588574861
7062,6.00972991888276
7063,7.926255064067158
7064,4.363316490555293
7065,7.131767048892135
7066,1.4662286956473336
7067,4.284475073970301
7068,7.313136915952526
7069,3.8327152012604553
7070,2.7701706701452555
7071,8.302864043692242
7072,7.3893659774624645
7073,5.0356684918756836
7074,4.9787701734519505
7075,8.557640263792337
7076,9.420330960942827
7077,8.345618767494402
7078,6.353174834903611
7079,8.366216831697221
7080,5.165546913846915
7081,6.457010947972816
7082,7.652310658390515
7083,4.245473454446075
7084,7.048082349726149
7085,3.4721245695231087
7086,7.810794669669776
7087,6.4769801112246475
7088,4.1306664704532565
7089,6.817251497024293
7090,9.584295518946076
7091,6.253835483130235
7092,4.653640470662805
7093,4.939607799053253
7094,9.017608770276262
7095,4.293582407102908
7096,4.749576081007147
7097,8.157783238234867
7098,4.716591256055476
7099,7.723502821280969
7100,7.086277549895551
7101,6.083091740492523
7102,8.18323455217402
7103,6.825149309128854
7104,7.743690731392386
7105,6.108462017684044
7106,3.196784748085508
7107,4.7013965924358025
7108,7.257163899068418
7109,6.539811568171493
7110,4.208368578724808
7111,5.4968618513641925
7112,4.101593192891491
7113,6.5662126661527545
7114,5.960252569760126
7115,8.399994081831808
7116,8.835009507952295
7117,4.893756655740425
7118,6.267904263406594
7119,7.692185732747606
7120,4.828337785079324
7121,5.291221763617863
7122,4.839940077719657
7123,4.736691721486759
7124,3.837116171600261
7125,5.2455668483545
7126,7.791987679841212
7127,5.409224072323105
7128,7.157437752438971
7129,6.676714341180105
7130,7.274915861177256
7131,7.1669114765524835
7132,6.696754444858587
7133,7.463494284218072
7134,7.3517468351318245
7135,6.347543075373377
7136,4.284791636683985
7137,6.100868257787847
7138,4.9822531110874575
7139,4.535142659669109
7140,3.9992079855618883
7141,9.606648785822484
7142,5.385160321199508
7143,5.177727344873196
7144,3.256566050614487
7145,5.387476145615672
7146,4.670037045141346
7147,7.936427566703847
7148,5.587046199444244
7149,7.320958812739542
7150,5.782803144023609
7151,7.7836236591804155
7152,6.397243165846821
7153,1.7240999803519221
7154,9.169709136679346
7155,6.8214157619083915
7156,1.9610553079620747
7157,4.820538198169352
7158,4.167586807896646
7159,5.570319198976128
7160,5.242038610668695
7161,6.733763852917847
7162,5.988151206036141
7163,6.356223892675771
7164,8.494054061481478
7165,8.627548232011055
7166,3.379784567593298
7167,6.405812668977701
7168,4.470909407847813
7169,5.491094743237643
7170,6.562479151963734
7171,4.461717366125856
7172,6.286037125696876
7173,7.859421710084136
7174,9.095909591128233
7175,4.210288141781336
7176,7.46185717599341
7177,3.6904831268192515
7178,8.320111676344398
7179,6.4446532357810185
7180,4.86356426985191
7181,6.488980318724517
7182,5.815181319267164
7183,7.680851599636906
7184,2.0924124902182637
7185,6.36384218533938
7186,7.289072362200745
7187,5.306666237647684
7188,2.504556612964247
7189,5.942059845349163
7190,5.259098090892397
7191,2.9854171150912125
7192,8.66850722329776
7193,8.335162842989321
7194,3.3763993142513344
7195,7.636168297028763
7196,5.877590843973233
7197,6.756843367632187
7198,6.048195427864962
7199,7.858211639846876
7200,7.3582099924601065
7201,5.555779464242421
7202,6.495878691435814
7203,6.398602147081558
7204,6.166466820619981
7205,3.0006992275819093
7206,6.726578651790237
7207,5.794442797049464
7208,6.223498668200228
7209,6.010327719085631
7210,6.826856435934678
7211,5.676374944071109
7212,5.160596890299319
7213,5.673979729137425
7214,5.920499389514239
7215,5.155448578612919
7216,4.184772784710361
7217,7.303770141272624
7218,5.630932066715785
7219,7.9448623550569515
7220,3.975491979059476
7221,7.318011189824701
7222,4.57698740433097
7223,6.7944937458461405
7224,5.980360801591908
7225,7.228862140240058
7226,6.722206121668523
7227,5.968841610261727
7228,3.72128513298961
7229,8.484938506037164
7230,6.240158291288261
7231,3.0307296963599457
7232,7.48675914648982
7233,8.205126149594223
7234,2.7905306377207997
7235,5.341584570310786
7236,8.12327791054401
7237,5.977938144582435
7238,8.46944316639689
7239,6.0254348088515295
7240,3.5893593266404835
7241,3.990054900074544
7242,8.333869155425162
7243,8.916114088818548
7244,3.124751849301754
7245,3.815410753925708
7246,3.446605071620034
7247,4.085648184433483
7248,3.7069483978396165
7249,5.736805635813875
7250,7.437233818993965
7251,6.183460811243347
7252,5.15144319990942
7253,7.590569363961942
7254,7.840783255009008
7255,4.101795283916706
7256,6.901962618564451
7257,4.256947112423529
7258,3.011136712127466
7259,5.892313471697691
7260,9.55852462068517
7261,5.811456909005132
7262,5.822508579780147
7263,4.652598360370627
7264,3.0114821887747203
7265,7.961064954638917
7266,4.353227595708312
7267,2.932601977861162
7268,6.3003914715596805
7269,4.930969245286207
7270,7.048952634795196
7271,4.016741729596173
7272,7.249808484388395
7273,6.617090569873281
7274,5.125464974314481
7275,6.704875383473614
7276,6.015232245192339
7277,5.303746331209832
7278,5.969683096736681
7279,6.306148827908393
7280,6.550969336967888
7281,8.821430891929818
7282,5.985502417054797
7283,5.412435154273862
7284,8.558322897547404
7285,7.5689102927372724
7286,2.891393431273975
7287,4.800769249988949
7288,5.854021887715998
7289,4.995108577214266
7290,6.706626113350134
7291,3.5486739919526
7292,5.559849447167545
7293,4.600271813254016
7294,5.173313324908842
7295,9.636967451977396
7296,8.038878634509823
7297,6.828244447162095
7298,5.439190883485602
7299,7.316569036620887
7300,4.525379034138386
7301,6.96813973759924
7302,5.346480380178108
7303,5.050672020066937
7304,8.315135105238847
7305,5.707828181010784
7306,5.166463560496974
7307,7.029587286004066
7308,4.821557039151473
7309,7.676728708189181
7310,1.8481948530319916
7311,7.14753523161119
7312,7.726842964685683
7313,6.360977729519886
7314,5.714612825916197
7315,5.78874864634995
7316,4.439594989219282
7317,7.446264725570743
7318,2.5403252999828676
7319,7.290742878790477
7320,3.948997143758143
7321,4.546031360868836
7322,5.6378861079200195
7323,6.054913477824753
7324,4.701105181631737
7325,6.53239972133133
7326,6.001473128445342
7327,4.076819286185164
7328,7.130780554195571
7329,3.3460671434169007
7330,8.065986308164437
7331,4.000676172639317
7332,7.403446295873028
7333,7.829334399283954
7334,5.805314555787006
7335,5.996692120534273
7336,6.117738371919663
7337,4.1645626636244115
7338,4.4928072523729226
7339,4.934423217994819
7340,5.649980530532921
7341,4.361109992170281
7342,4.63558439950331
7343,7.788066984928303
7344,6.054829659961455
7345,3.25014651610146
7346,7.561942413848034
7347,8.051376396369546
7348,7.298861931435145
7349,6.388438343865304
7350,4.644044077820407
7351,5.365821009863974
7352,6.2451191901902465
7353,5.29689274270013
7354,7.029664105792215
7355,7.773664836701773
7356,5.402950062769846
7357,8.759676906199886
7358,6.697546276977736
7359,5.875267034808508
7360,7.881610267082611
7361,9.225316044543161
7362,7.309075297811681
7363,3.546362505482836
7364,6.483055361464771
7365,6.397784093737051
7366,6.240711902399628
7367,6.048638364595665
7368,3.6282977994212686
7369,8.379962921679697
7370,6.302693884553638
7371,8.769212951735847
7372,6.328453952570397
7373,8.5701856165766
7374,6.562654412462937
7375,4.049406637578641
7376,5.015844895729117
7377,5.788469170207627
7378,2.9970015403165284
7379,9.278580460825365
7380,6.83631880030859
7381,6.116391043824933
7382,7.929569764913452
7383,3.2558249816887535
7384,8.14005028571965
7385,4.832633351248884
7386,5.956320797828585
7387,6.50578854190781
7388,5.6631522120163815
7389,4.772088325330504
7390,6.4180911877361675
7391,7.120474715545793
7392,5.971209605167456
7393,9.448420379938137
7394,7.847931714687673
7395,3.348201840132942
7396,5.854822641354902
7397,7.954816620285447
7398,2.1130484554832907
7399,4.3569001714191895
7400,7.981508292682994
7401,4.16040675131642
7402,3.1631976236014765
7403,9.333570182101672
7404,6.280221059205828
7405,5.240388812206305
7406,7.649176410378627
7407,7.722089340384669
7408,7.58840832015928
7409,8.430642467053575
7410,7.422302160607512
7411,8.01850200772496
7412,3.417313815852552
7413,4.916754810883362
7414,4.739171401548361
7415,6.194823367354809
7416,5.579947693371565
7417,7.051614249958847
7418,3.9955883971476243
7419,6.1454817657519465
7420,5.13680898521403
7421,3.435965885808994
7422,5.860822010851958
7423,8.522305860000031
7424,9.465554271275423
7425,3.0228258683287024
7426,5.137191929320315
7427,5.615579757360965
7428,3.961399629238391
7429,3.545078175671348
7430,2.104956734165249
7431,6.029277428883613
7432,6.516067397034421
7433,5.188674425259091
7434,4.308154998466744
7435,4.916419508714015
7436,7.662070348297547
7437,8.883561731984729
7438,4.79959125254277
7439,6.138274076728765
7440,8.20916206097318
7441,6.396402230538732
7442,4.079054618066235
7443,8.619824801794413
7444,6.160922173423312
7445,7.771839389988681
7446,4.1654262343013135
7447,8.197320830027909
7448,4.982580461462051
7449,5.445902086093068
7450,8.611594099807649
7451,6.323753380674527
7452,6.33644899376017
7453,4.185002860358904
7454,6.766076752230253
7455,3.927527767251869
7456,6.864538312316737
7457,7.089206198233143
7458,5.505213369157658
7459,3.736995629519719
7460,7.636821484060553
7461,8.185651748895891
7462,3.1668843727999136
7463,7.947262013721214
7464,6.005131852249256
7465,8.691000867373294
7466,6.783775867890579
7467,8.907427681452745
7468,6.636262922860885
7469,4.217210148740174
7470,6.438906963353557
7471,6.320533399690012
7472,3.345134191554668
7473,5.993732091354769
7474,5.1793133936973454
7475,3.117131638312474
7476,4.783575578062246
7477,2.319554600452189
7478,6.563671022508155
7479,4.85970996214717
7480,8.92738639241896
7481,6.797045344326709
7482,4.717152353644481
7483,7.565156637776325
7484,8.070596695338985
7485,5.01078733817129
7486,8.877910584624887
7487,4.828289117939097
7488,5.348925263581471
7489,5.432196996022052
7490,5.438239427734953
7491,4.1814008049700915
7492,4.52335596837071
7493,8.360583598957218
7494,6.155888277091993
7495,6.995737120814696
7496,7.363634682292214
7497,6.4786595276711685
7498,6.419108140269554
7499,9.3762348785616
7500,5.569376925625698
7501,6.230670267421841
7502,8.22189757382752
7503,4.548115857881944
7504,7.157372167630614
7505,6.149992475301059
7506,6.336533747981581
7507,8.696900599889078
7508,5.242125819481351
7509,0.9268564799840431
7510,8.827971057183966
7511,5.282507397230287
7512,5.444122192676391
7513,5.64941747319767
7514,8.072316261556843
7515,4.801925051355269
7516,7.474689389178885
7517,2.7955958412330717
7518,5.518426501348041
7519,2.7891070702400946
7520,4.511750619929452
7521,9.183782367884543
7522,5.656577445912891
7523,3.3270704529390813
7524,8.11482959486434
7525,6.50136420719516
7526,7.54413468016698
7527,5.941140362374185
7528,3.494473766135671
7529,7.570760072606757
7530,5.689958827116892
7531,5.5196341199058025
7532,9.379122082014746
7533,6.9904206806630045
7534,6.825677664946424
7535,5.335514024288683
7536,7.778656505393298
7537,7.813883653323852
7538,6.431030710771553
7539,5.9589225055535096
7540,6.029111096123232
7541,3.8545663675730055
7542,7.7690874931119565
7543,5.463663222129076
7544,2.503755760037239
7545,5.120774944697307
7546,5.350342568158131
7547,4.253962549406033
7548,7.249436288901304
7549,8.026393455299274
7550,4.833505832672378
7551,7.984570462436789
7552,6.2012152650385675
7553,6.6509195704885995
7554,9.030050937217734
7555,6.767698769618845
7556,6.16831335728081
7557,8.009773621051082
7558,4.303643726318575
7559,2.863857175346362
7560,2.4195821054626037
7561,6.100262674297189
7562,4.7315163248587915
7563,7.582627332147302
7564,6.510728527034909
7565,8.686187672681283
7566,5.538595310977555
7567,6.9635910178751805
7568,7.540233709694739
7569,5.896618593224394
7570,3.1767826259763536
7571,6.572371074016829
7572,7.2551023878041185
7573,9.790867222370775
7574,5.825048055758996
7575,7.60400975022014
7576,5.1075080092450715
7577,7.020849587640173
7578,6.160173775812516
7579,7.847677335017886
7580,3.9973237731947453
7581,6.960277048184297
7582,1.8699846288016406
7583,5.925263235715831
7584,4.214187256853901
7585,6.309617975008211
7586,3.87677518053373
7587,6.318662622559366
7588,4.516684738812768
7589,8.17534739784332
7590,1.9542940992996625
7591,3.3417532789211517
7592,6.1451336474123455
7593,6.641574520084123
7594,3.8230103741363943
7595,6.468715595997841
7596,3.3403685055039194
7597,6.487308747035182
7598,6.058903488432278
7599,4.0925240149340745
7600,7.40487501421297
7601,8.905901209885155
7602,1.1941010320985677
7603,3.866374620775942
7604,3.594510224262403
7605,5.49295778562454
7606,6.281767012131327
7607,8.363265542225875
7608,8.582985985006157
7609,7.728906466124928
7610,4.8802290781946605
7611,5.0944857754556185
7612,6.657506189356821
7613,7.879227805892276
7614,7.043114180471605
7615,8.048854819436237
7616,6.401541359134195
7617,7.0601370580103255
7618,5.815916466962572
7619,3.619483684200332
7620,3.932778585320174
7621,8.030433236487644
7622,3.808005035153054
7623,7.5109836356530595
7624,6.733958188975957
7625,5.528280911849454
7626,1.2540874871870473
7627,5.462060675524277
7628,5.759053483481693
7629,4.1688915734620045
7630,2.9760971073993203
7631,6.303222450093623
7632,8.3589100621774
7633,6.9637563469974175
7634,1.5306879209501607
7635,4.8482049722584195
7636,7.660101915471299
7637,2.401687095605187
7638,6.787283176773486
7639,7.5918542255590635
7640,8.29806936358061
7641,6.617133846341036
7642,9.01959044335225
7643,5.653041567614638
7644,5.725360371244907
7645,6.66189801122308
7646,5.330323806581127
7647,4.623043235260666
7648,3.31444135575686
7649,3.843886371703551
7650,6.6511551157900115
7651,5.510570487773571
7652,5.954480524603199
7653,3.0742373823225346
7654,6.062013497414752
7655,7.510667763060498
7656,9.64059438681184
7657,7.303591716333101
7658,4.640161645806055
7659,1.2733275933574022
7660,3.878578314834573
7661,4.084377377375018
7662,6.967523152941936
7663,2.6563982995078717
7664,7.737096684327787
7665,6.470086803982499
7666,5.764249013868245
7667,5.0974112121319894
7668,4.78980398442627
7669,6.822300549313651
7670,8.674927536305468
7671,5.872579928509361
7672,6.1090002452568966
7673,4.784827290373306
7674,5.043124476288658
7675,8.957479902496813
7676,3.210163454546393
7677,5.211659522173951
7678,8.77755885432619
7679,7.967151686534508
7680,7.7050154302661795
7681,5.483340563712616
7682,4.020279460472957
7683,5.408194033735949
7684,4.894789268503569
7685,9.664198405340219
7686,6.482139527994916
7687,8.80881626518775
7688,4.072126464821651
7689,2.9098248819043966
7690,6.641059951585446
7691,3.4679525969154397
7692,8.528782070233412
7693,8.01115821713737
7694,5.02191292280714
7695,4.680799128861376
7696,8.719919825583487
7697,3.503488660539337
7698,4.986578055602747
7699,6.89158319660529
7700,7.0850823794906574
7701,5.049165121326552
7702,3.41246288901946
7703,5.423382795258376
7704,5.007989988828607
7705,4.2189694440837
7706,2.129102781951107
7707,7.136241492264222
7708,6.34435325900373
7709,7.643373203948057
7710,7.031037195482917
7711,7.8981508855582385
7712,8.088875071481452
7713,5.094363300135835
7714,9.43729020107211
7715,5.596321861829575
7716,6.878629315558844
7717,7.080879085995764
7718,8.059616243213425
7719,6.332236117925476
7720,8.739379361806206
7721,3.4479088596330185
7722,3.6112191621379366
7723,3.7117439788039874
7724,6.260220014234035
7725,5.573369490659023
7726,4.97343842142715
7727,7.062987075665814
7728,5.771207831029401
7729,2.825878770840317
7730,6.042332455973561
7731,3.538614206321611
7732,7.597059373515019
7733,5.739004333365937
7734,5.797071147636521
7735,8.373822732237338
7736,6.822508816893587
7737,5.314695517726382
7738,6.4828265266592044
7739,4.36169602229653
7740,6.608598906371327
7741,5.64883845235171
7742,4.837529553602469
7743,5.232190499272218
7744,3.4060366758520213
7745,9.410623047094953
7746,6.159880776475666
7747,6.151709798197778
7748,6.056330183358752
7749,6.519675398416394
7750,4.066896772509125
7751,6.700544430037386
7752,8.108182147646534
7753,5.68982256919114
7754,4.91055137577874
7755,8.464114644422422
7756,8.233328776249198
7757,7.654522465721398
7758,6.551480874481958
7759,8.934143309972448
7760,6.990261411199093
7761,7.60039698606441
7762,5.168595743317527
7763,6.295212270798064
7764,7.2583764419064325
7765,4.9858159354126785
7766,6.778871486790024
7767,4.6363447692676445
7768,4.89013219325271
7769,3.4765963061135365
7770,8.921197286271237
7771,2.6820304351582056
7772,5.414078509161823
7773,4.843152681590663
7774,5.214961628560301
7775,7.6336551675364746
7776,6.302553353575669
7777,7.2233865310016085
7778,8.0875168320899
7779,4.6902177374795775
7780,6.5308201726723825
7781,5.363325418204163
7782,2.577446474771222
7783,6.358677126552874
7784,8.601990048256566
7785,2.3732825872408143
7786,1.9260122169794824
7787,3.0773249617492198
7788,8.669117800522079
7789,1.5982927770070512
7790,6.553281397507133
7791,3.9375312986627304
7792,7.598687790371171
7793,8.088962499966527
7794,6.281125433345263
7795,6.929369072173329
7796,6.800769420418993
7797,6.080736094406033
7798,7.99542508676244
7799,4.941591827784147
7800,3.771576010517999
7801,3.0474287848992954
7802,3.0707770294893892
7803,4.653545964451122
7804,5.2666179348842785
7805,7.61907088478178
7806,7.3834778124413765
7807,4.649080663653714
7808,6.296127815901824
7809,7.83889789099774
7810,5.643279530677571
7811,4.6732787435242376
7812,5.128327381080974
7813,6.46166758108808
7814,3.944346574114985
7815,4.189254970876855
7816,6.895960875976068
7817,3.3459325253091188
7818,3.462103199672417
7819,6.310969700300525
7820,5.5489579293968125
7821,6.794852449518023
7822,6.6320192548831995
7823,7.540828306375197
7824,6.61686623904876
7825,6.216163531154548
7826,5.745783604829446
7827,4.17013809513803
7828,7.867388778724197
7829,7.551647012420514
7830,6.978595263836397
7831,7.227251512725871
7832,2.8735397214757454
7833,7.758550013145252
7834,7.992949723601382
7835,3.8942058879850143
7836,7.523478492330692
7837,5.735436401460796
7838,5.2009298869821645
7839,5.1449226257168394
7840,8.653180087117677
7841,8.372624583385024
7842,7.8474260928460815
7843,7.346051750071518
7844,5.0067275425511
7845,5.838304312874554
7846,5.708000334320969
7847,9.0016033747885
7848,4.4345870507130885
7849,2.3574798565860373
7850,4.063830939851906
7851,4.21215824873415
7852,7.87618441680052
7853,5.626100033648407
7854,4.4366087334385655
7855,8.298123483032553
7856,6.574403408307377
7857,9.65322075965251
7858,7.139697435489605
7859,9.79391098075431
7860,6.81599966531359
7861,9.68910658142205
7862,5.132186125061431
7863,5.3034886545612085
7864,7.6989738270196755
7865,9.171973816414202
7866,6.640585617163253
7867,9.729853444637545
7868,4.9426264081610265
7869,7.5243318506100305
7870,8.670838492760016
7871,2.0030356008964283
7872,6.344630149062164
7873,8.326842641895688
7874,6.973379211587029
7875,3.906908129387451
7876,3.97093881277888
7877,5.709733986382089
7878,4.61643380538774
7879,2.15889000654673
7880,4.031230986268734
7881,5.874547483992535
7882,7.733493832287898
7883,4.520640780866525
7884,4.038095770691156
7885,6.95511587385824
7886,4.746362869896439
7887,6.279023807979487
7888,7.418643732307332
7889,8.544891045726079
7890,4.098675152685839
7891,6.072101953818305
7892,6.385394533869722
7893,2.450735004535844
7894,7.311171544820461
7895,3.6688300831026623
7896,3.7291628256555165
7897,8.442701240303595
7898,3.2842380468544428
7899,7.627344811215854
7900,3.989662842172365
7901,7.341731026700457
7902,4.122081685729888
7903,4.530471475227093
7904,6.2650955262264
7905,5.055673337990792
7906,8.023003791903617
7907,3.9501082179897624
7908,7.595990423923487
7909,7.949522009979597
7910,7.197940387210344
7911,7.077367887784866
7912,6.099198790533417
7913,4.285472559078511
7914,3.8475231142178754
7915,5.3175535165194505
7916,6.807226684003089
7917,6.827791311332082
7918,4.443664908311285
7919,7.463460484044851
7920,9.38133782164466
7921,6.204420364005908
7922,4.910299930308137
7923,6.594968799333801
7924,8.263133734331552
7925,4.245856304243544
7926,6.25791972211832
7927,5.543221078969699
7928,4.73348138226895
7929,8.679624500224516
7930,8.050706435826108
7931,7.558865373272948
7932,5.4455062176499744
7933,5.394220097516782
7934,7.982279233020954
7935,8.413838012027133
7936,5.468826129033477
7937,3.4452893942688165
7938,5.999571557741885
7939,8.212558968656111
7940,3.646098072530747
7941,3.7955379287115814
7942,3.9350663072250422
7943,6.293854787400302
7944,6.1527967996171355
7945,5.627605123060184
7946,4.521373107029257
7947,5.233411323654471
7948,7.45592596935478
7949,5.853937327036529
7950,6.8022753910917695
7951,6.700404141629941
7952,7.602616123868311
7953,5.946622320010167
7954,3.6501705825366364
7955,5.311446061213412
7956,6.696186219807214
7957,2.9935995468786243
7958,3.297831107820655
7959,4.815430527353269
7960,6.308981404704116
7961,5.715119637649429
7962,7.112759407874497
7963,7.1375120636530225
7964,6.196695126287968
7965,6.197545188191369
7966,7.3561643583439835
7967,4.507032928884435
7968,6.240722358252116
7969,7.466886409932731
7970,7.473944317395081
7971,6.4006900333776064
7972,5.612725100060765
7973,7.786043996304963
7974,5.971749906253757
7975,7.140028619386333
7976,6.426625319915238
7977,8.08453951913924
7978,0.8618175487585561
7979,5.724677796342054
7980,7.683707293310076
7981,6.4133093625559745
7982,3.3565061828445635
7983,5.549601947759298
7984,5.815310154442259
7985,5.438612640067626
7986,7.006680928653649
7987,4.304280064945604
7988,9.810069647042226
7989,7.38997771011309
7990,7.939158802863794
7991,0.7115892623829633
7992,2.823416615573501
7993,6.714205774285545
7994,4.17970863404789
7995,2.947927119044739
7996,5.946423015409253
7997,8.078311385131018
7998,2.08502427511985
7999,6.641222393362582
8000,5.551840042941787
8001,6.94919739756835
8002,3.428839336400102
8003,8.274661764543795
8004,4.704153783464034
8005,7.90809877226077
8006,6.293087819473689
8007,8.787840336066663
8008,5.552492558468983
8009,5.600250654066965
8010,6.474151064737163
8011,4.722164628005284
8012,6.578093259822989
8013,2.472407948811403
8014,5.508499113088099
8015,5.131690422021845
8016,6.269488367779549
8017,3.9332100293649264
8018,4.2763273427325466
8019,5.859891403233451
8020,4.479366550081969
8021,2.747041939651224
8022,5.479664925096333
8023,2.5858349035399564
8024,5.79404685649461
8025,6.506319942389172
8026,8.661014484161651
8027,8.831163811547068
8028,5.564994102762719
8029,6.607869152671754
8030,3.1609383472018724
8031,4.761614640103406
8032,4.377347467826432
8033,8.720934469284261
8034,4.25088362404785
8035,5.125617872900942
8036,2.19621038441137
8037,5.213173887164193
8038,6.990231026353848
8039,7.718068277647562
8040,6.234371883888894
8041,6.1952303606721175
8042,8.119249247747756
8043,3.2877215265588595
8044,5.866098956090809
8045,5.910569182208415
8046,7.919020313622254
8047,3.520303040789095
8048,7.306992957939598
8049,3.451527359348069
8050,7.315486464701642
8051,6.822171513956117
8052,9.026224541662538
8053,10.0
8054,6.934198244953187
8055,7.854542306585002
8056,5.413165879012045
8057,6.994864383370638
8058,2.5555360154838556
8059,7.998814131044761
8060,5.294159722041593
8061,9.042703312295929
8062,4.711709744452549
8063,8.179388057315526
8064,9.056087497583453
8065,6.469481510955658
8066,6.007814347591433
8067,4.3684643726578045
8068,2.949709005260005
8069,4.653845159831602
8070,5.071273697511916
8071,7.9310158329677884
8072,5.313332183238674
8073,9.408604564390082
8074,7.702253340258012
8075,7.137322414382871
8076,4.9118853886389235
8077,3.798080190569557
8078,5.39678632531984
8079,9.729696520228407
8080,8.623722421266066
8081,8.094543101769128
8082,2.6743376047747756
8083,6.46109005613188
8084,7.774966022786472
8085,8.63265693042378
8086,5.7721466034893725
8087,4.919725144529725
8088,7.348164105971883
8089,5.518772685089324
8090,5.1671561392062015
8091,5.787922788336467
8092,4.548720573780731
8093,3.578627169939802
8094,5.863045812674856
8095,6.874357396507703
8096,2.7735736439646526
8097,8.979233855218594
8098,6.142165474281307
8099,7.039313040670554
8100,5.597613000540486
8101,8.022782368784306
8102,6.43232551228424
8103,8.784168546812705
8104,4.364124661373362
8105,4.7362591804655505
8106,1.3102492732768698
8107,4.6522958337736435
8108,5.291824258240819
8109,4.632089680746224
8110,5.111484728547415
8111,5.064874012045123
8112,8.488945279551313
8113,5.822680996961657
8114,2.861615479922668
8115,5.801186528033818
8116,8.129953211604922
8117,6.520199245613377
8118,6.703623389622212
8119,5.68330452331929
8120,5.275988607629987
8121,2.4790956182773276
8122,5.768511580220282
8123,5.725215901632154
8124,5.781818109292119
8125,7.142764305546213
8126,7.97539306607576
8127,3.3046071226400136
8128,9.077360846432565
8129,9.248815494938201
8130,4.2895955704099045
8131,7.474659779149993
8132,8.866512993380121
8133,6.400313759892799
8134,7.315528938593864
8135,4.247089741418331
8136,6.1446267438395985
8137,4.779763525941726
8138,8.256570688069312
8139,7.606587272132769
8140,2.744827773431234
8141,2.5648874085330693
8142,8.60229376960929
8143,2.8462409543608644
8144,6.120309526351247
8145,7.084816650803817
8146,4.525064860535455
8147,9.342206772848144
8148,4.964524179992332
8149,5.011337472126327
8150,8.716428335186501
8151,4.490827012734212
8152,4.0168595615021765
8153,4.491432164026258
8154,4.620243788424503
8155,8.5816846705508
8156,4.6545937205108405
8157,4.368174095739913
8158,4.828736016785049
8159,8.692452168770963
8160,1.8821917655627391
8161,6.552010339651614
8162,9.19241479792838
8163,6.378431390685252
8164,7.534959619509649
8165,4.943320014468082
8166,4.896831169969976
8167,5.949965922088528
8168,4.4303705140563965
8169,3.280463152237481
8170,6.514146323058667
8171,6.176134312444034
8172,7.550671421185304
8173,4.458215770596414
8174,6.60685472314717
8175,5.331898893067383
8176,6.950329472921788
8177,5.617687679029247
8178,1.8084573980492442
8179,5.853409241574755
8180,5.122051357564497
8181,4.554729184897997
8182,6.8829778317538475
8183,3.724319436375974
8184,7.895699109635936
8185,6.781284675710899
8186,7.579249136507299
8187,6.069518036897698
8188,8.262352504483802
8189,6.9766799963838535
8190,8.698412116334143
8191,7.862168859472061
8192,8.804864689540386
8193,4.563680562267836
8194,7.066852662353153
8195,7.144088304853146
8196,4.2153283009295555
8197,3.4896291685125607
8198,7.149338824065013
8199,0.47708965101891526
8200,5.244182243056884
8201,7.263307763159005
8202,4.1583200218790894
8203,4.367759428675195
8204,5.680905050554244
8205,8.986608262556262
8206,4.699149986116462
8207,8.141214645699648
8208,4.524577366411027
8209,4.802142465380944
8210,5.265485343756556
8211,6.72110882777049
8212,4.556053937964429
8213,5.498873842829103
8214,6.231588537906897
8215,6.190216591996623
8216,2.8259668188708016
8217,5.809862883908863
8218,2.6716791577141534
8219,7.017665252293645
8220,8.945321078961506
8221,4.304197918882943
8222,4.364534431311571
8223,7.8999633156863265
8224,3.901789095126997
8225,7.19540973878972
8226,7.052235733013178
8227,5.124457358552862
8228,5.04257564193024
8229,3.9281013174913597
8230,8.892265311311897
8231,7.541662328883288
8232,2.2313149042716556
8233,5.213707637150546
8234,8.313498884182014
8235,5.27561622750444
8236,9.16153080363483
8237,6.780556220818814
8238,4.215974099146722
8239,9.780062462437542
8240,6.374960200254807
8241,4.8778125989864485
8242,3.4015864299803704
8243,6.882103953237799
8244,3.4328515204132395
8245,5.543099340402775
8246,3.4066470243242613
8247,7.489691590154275
8248,3.5374517281250615
8249,4.694397521875295
8250,6.91525361815827
8251,6.264202832198239
8252,6.271086201686937
8253,6.894070221910764
8254,5.0429777427533855
8255,5.812824488263387
8256,5.226446374896181
8257,1.921251909097049
8258,4.506236213536131
8259,3.944715883642463
8260,4.43604907227248
8261,3.631807320705304
8262,7.129077318979129
8263,3.463336114561036
8264,7.742855795455909
8265,4.771659443575642
8266,6.4647479255933815
8267,7.693578114767045
8268,6.1819514593896585
8269,3.3219581412643344
8270,4.6482521317595555
8271,6.50695534167167
8272,3.9705888549023096
8273,7.942224926648054
8274,7.241369380595212
8275,9.903970159372022
8276,4.9131863601810535
8277,5.497293227817702
8278,4.219961464761893
8279,3.9817565962888746
8280,7.3996564816118555
8281,8.204779593584158
8282,6.9333962444482715
8283,4.583380869609354
8284,3.82017840852589
8285,8.446243828931996
8286,7.8295059971166525
8287,4.717198486188584
8288,7.975247126138635
8289,5.020980079313141
8290,6.3160696675882235
8291,5.1433887046140185
8292,8.842074911934839
8293,7.1019624292779024
8294,6.11509783250951
8295,5.4698376141314675
8296,2.784497090280134
8297,7.498131713549795
8298,4.121475508022774
8299,9.528882679885601
8300,1.3520023743539018
8301,8.209172582424454
8302,4.258076160122257
8303,2.844544898247354
8304,5.635460534036387
8305,4.535001498579931
8306,2.360452078239282
8307,7.6755027377062115
8308,6.923532429913575
8309,5.902822265282217
8310,6.348510523197676
8311,7.438095648627351
8312,7.647822737139593
8313,5.368810767800698
8314,6.646094675571062
8315,2.5856184672290543
8316,6.976942278820309
8317,6.767641540597012
8318,8.654615633296267
8319,4.1514689566284595
8320,4.889331728995128
8321,5.361329122094008
8322,7.4834518722465955
8323,6.103656587202991
8324,4.160587141669629
8325,4.593400444275658
8326,5.150860111299014
8327,7.888255975652272
8328,7.432523059436498
8329,7.923013019811684
8330,7.751456529497343
8331,5.733579529759998
8332,3.0977264612877553
8333,6.297002589245708
8334,4.391822548622931
8335,5.907755992261337
8336,7.051436208940865
8337,4.372201699548131
8338,2.3241509103491476
8339,7.990835466308568
8340,5.0197473164162085
8341,8.769584510331995
8342,1.8589302255035818
8343,8.651001930698069
8344,6.503604654574054
8345,7.423354727748831
8346,7.113606500225571
8347,7.201359535548201
8348,7.821970246553526
8349,5.1575991472920375
8350,5.3750396555013165
8351,6.558603538621135
8352,8.258482159951818
8353,0.9401892949908885
8354,9.66440265020799
8355,5.738481546639513
8356,6.944886993827834
8357,1.7280626272761501
8358,7.067194968757879
8359,9.22127792419696
8360,4.577665915112777
8361,6.36858743373746
8362,9.720569742456629
8363,6.876222079452045
8364,4.629881043032404
8365,7.922635388465399
8366,8.980969543077542
8367,3.3685590829385745
8368,6.944389927505141
8369,5.6364308171903685
8370,3.091337584812041
8371,5.517299879813802
8372,6.091854268001556
8373,5.126268005599273
8374,2.5432548694530284
8375,7.4002070142007055
8376,7.88295780386701
8377,8.256136435613671
8378,4.178421411197738
8379,6.479533933702252
8380,2.4279687599171487
8381,1.9418056046440406
8382,5.4582030751233725
8383,7.3577657440637445
8384,8.05852205458145
8385,3.825339055590735
8386,8.118894549665331
8387,5.130078055591433
8388,7.875309614449779
8389,7.343794222572566
8390,9.214419258863838
8391,9.354831078245695
8392,6.520413669884841
8393,3.8243294498854716
8394,7.726127908489368
8395,5.701748444821288
8396,6.135933693789855
8397,6.087637120467392
8398,6.5744152866958485
8399,6.0976610587931495
8400,6.5772845986001665
8401,8.848102837497828
8402,6.142610035844406
8403,7.265496294496589
8404,6.737530705864101
8405,3.697266462103882
8406,4.909772385418468
8407,5.879116026367502
8408,7.673056814496721
8409,7.636744516451382
8410,5.425132153372323
8411,6.453996586914725
8412,6.881456915509327
8413,6.153487057299962
8414,4.2818392289387015
8415,8.552958861540889
8416,7.638373292161234
8417,4.020660048207867
8418,5.5213486219941315
8419,6.344425503438051
8420,2.7922690208360077
8421,1.1865591919437848
8422,6.108620904589291
8423,6.1585414675073915
8424,4.80738230064839
8425,4.393995810925254
8426,6.945650834058942
8427,5.355051810306156
8428,8.689625114795176
8429,1.6712352722621742
8430,6.264784316654089
8431,3.887562656351723
8432,6.592678286366635
8433,7.827287503696051
8434,8.006243349050491
8435,5.429745627698533
8436,5.107515182697957
8437,3.8912451688415617
8438,8.183151980167885
8439,7.237984865371422
8440,3.2275873053694224
8441,3.344557254542633
8442,8.572906194333958
8443,9.846289613806091
8444,8.158435466851042
8445,8.436659846822412
8446,7.9535430636627
8447,7.252184009454655
8448,2.661051612821851
8449,3.6712437121893196
8450,3.2669919790759536
8451,6.417906539163957
8452,6.627513363269796
8453,2.4307605175844933
8454,2.9393179293029705
8455,8.40182541008029
8456,6.180293204348768
8457,8.762109723634923
8458,2.4489274484580377
8459,7.5300497453448285
8460,8.666933052327268
8461,5.87763073298434
8462,6.0157980163545215
8463,7.753422936788909
8464,2.575319224568133
8465,7.292454161488585
8466,4.06886642830388
8467,3.0552223064038664
8468,7.607534257163541
8469,5.952742220634728
8470,4.507281706241944
8471,8.230559376495734
8472,4.168707716852778
8473,4.957468691929947
8474,4.425105635239618
8475,6.20395307596994
8476,6.505038600915554
8477,7.82049437432706
8478,7.046327438702898
8479,5.830572970861551
8480,4.465659275130449
8481,6.780315724944501
8482,6.563536771724416
8483,6.091998860371287
8484,6.000632901432065
8485,6.158398361355246
8486,9.211053667825299
8487,4.202342714005207
8488,3.9593817690034805
8489,6.544836547701732
8490,4.995116572702687
8491,4.639023561306687
8492,6.188286828796517
8493,6.448014686083032
8494,6.960393599538095
8495,6.556174239016005
8496,3.3212831814297132
8497,6.880518513325278
8498,7.247976177234485
8499,6.352184217544735
8500,6.300971196750883
8501,1.6752820704017017
8502,4.741050365085737
8503,2.649013271466571
8504,7.193357126434961
8505,6.736346075339368
8506,5.763189270095168
8507,7.115334361723105
8508,6.99287850033803
8509,9.13611709279321
8510,8.476154815545605
8511,6.941235939257637
8512,4.845622967042549
8513,6.909947243997746
8514,7.378154769283894
8515,7.152829537498775
8516,7.017492881324617
8517,6.573647969111478
8518,4.989326618493913
8519,6.094885677023751
8520,3.3898590896883283
8521,9.617862701519112
8522,3.801751780046631
8523,7.760225050052821
8524,4.545070663584729
8525,7.779769125252198
8526,7.744892184446028
8527,7.454447184269191
8528,5.886232883572462
8529,5.2237225623896775
8530,5.766895970252595
8531,3.492947832308087
8532,7.572910905266897
8533,8.709243494355098
8534,4.035608862953982
8535,6.20041824669748
8536,2.7474478363870243
8537,8.013592755875779
8538,9.61514031588663
8539,6.12682992573992
8540,6.861708111094396
8541,5.545393161470987
8542,1.6892541318599044
8543,3.4545331506298607
8544,8.434804684062835
8545,7.355436006639015
8546,4.1368241515143875
8547,7.278826822896618
8548,5.528589783687946
8549,7.587940633868724
8550,6.873002290256784
8551,7.5265274539837765
8552,7.387625801659369
8553,5.822376352707164
8554,2.604113310560142
8555,8.045159207397266
8556,7.015266842974954
8557,6.079758599415657
8558,5.041844388714236
8559,6.242352451565281
8560,4.061169606230259
8561,6.035292176387775
8562,7.535137900911324
8563,8.919379419771877
8564,7.2704517340155475
8565,4.857348153777719
8566,6.831119686794942
8567,7.659073739269097
8568,7.179985706548469
8569,8.241102915265198
8570,9.790059911316837
8571,3.2625165203812574
8572,5.170264444694575
8573,7.3319157983689776
8574,5.064524693593384
8575,1.9077561903401428
8576,6.095838455233678
8577,7.295182142877471
8578,8.314915138885103
8579,6.154478282995825
8580,5.294257150170834
8581,5.297015383501744
8582,6.688716897919582
8583,6.143275518141076
8584,5.6042421103875535
8585,7.742728900057519
8586,3.203827518945724
8587,7.992590013526451
8588,6.217189091923805
8589,4.979534149154441
8590,9.293451549977394
8591,7.039873639251621
8592,3.1696726230156185
8593,7.184630863715864
8594,7.827497402670235
8595,3.822703627509937
8596,8.052418077845179
8597,7.231379037615655
8598,6.0655570358538515
8599,3.23871618021963
8600,2.48547926427764
8601,7.522478478207719
8602,2.5424791668020705
8603,1.4690330940443204
8604,4.977750460424043
8605,6.208143868865608
8606,7.001584524389481
8607,3.2203009693645743
8608,7.818165515117634
8609,5.987854717378614
8610,6.244747394478196
8611,7.964625000833375
8612,4.3979130191446165
8613,4.861670870905217
8614,4.689292886611377
8615,7.709415421072162
8616,4.96867873223934
8617,8.377154931311795
8618,5.358238129966871
8619,7.3176227271655385
8620,7.875238363212785
8621,8.690614166425858
8622,7.8023669212450875
8623,6.21462963410644
8624,6.491342644413275
8625,7.214632529205902
8626,4.955441134410852
8627,5.664205273718602
8628,6.681267891063819
8629,2.2524463653729057
8630,6.276893262341138
8631,6.8835447402010015
8632,6.573801593479506
8633,6.54318951451787
8634,5.683540722691681
8635,7.704319871755388
8636,6.480291330531733
8637,6.442139364464546
8638,8.608335377692221
8639,4.510046730498485
8640,9.32603790504684
8641,5.299353535907569
8642,1.23271654980679
8643,3.8561941787789173
8644,6.6128225176724955
8645,7.859859929932137
8646,6.516675007449339
8647,7.399637793164313
8648,5.191483259635825
8649,8.628918398395285
8650,6.785423633046791
8651,5.609397932010985
8652,4.69538993667941
8653,7.995532342132853
8654,4.512375717201008
8655,7.602830839566593
8656,5.48439669792381
8657,3.85186534799207
8658,7.237839480921371
8659,4.944724937952775
8660,2.7893395954412425
8661,4.934599841719992
8662,6.976748059849279
8663,4.733687213270649
8664,5.895954112367022
8665,5.785454505489455
8666,4.26030241703944
8667,6.917677096575852
8668,4.934445303079292
8669,6.016255100921104
8670,7.031513452814055
8671,9.0324255145653
8672,4.874807079927126
8673,5.707577875029763
8674,7.118295746880474
8675,4.367850151485866
8676,6.873302427530867
8677,6.513295948807181
8678,6.693752574961271
8679,7.356244382673813
8680,8.255050100963457
8681,8.165790800112783
8682,4.253819721214078
8683,3.626788847957761
8684,9.956116795375788
8685,4.1977663946611905
8686,6.147102291965106
8687,6.789236969173206
8688,7.995834600929499
8689,7.12016826266299
8690,5.6426029780688305
8691,4.339011400783725
8692,8.2599628355661
8693,10.0
8694,3.6177236332130587
8695,6.228274813826666
8696,6.380732779465491
8697,3.0040684132192954
8698,6.125506800833861
8699,4.688274319879983
8700,8.728142096129057
8701,3.514471884450001
8702,6.686628708879067
8703,9.97687671344329
8704,7.562304059594644
8705,5.9628922202777765
8706,4.93704797256085
8707,7.676814298575547
8708,3.2954296054484087
8709,5.233126560756251
8710,3.71472402564611
8711,7.173585699676269
8712,3.2172908863608636
8713,4.889567123050996
8714,9.50551695606582
8715,3.650142781153837
8716,4.238986773663475
8717,6.0803844660301785
8718,6.77964294988813
8719,6.127894596044738
8720,5.681166157696445
8721,3.742405783705852
8722,4.2868930977866215
8723,2.4337787012892296
8724,4.803721741104737
8725,3.4378841166245437
8726,3.732545718517983
8727,8.082491106784913
8728,8.962784369109325
8729,3.814578738490532
8730,4.789206230997438
8731,7.766863119766258
8732,9.682952704071672
8733,8.386287248134126
8734,5.648228774568007
8735,7.312457933824757
8736,8.108521027496277
8737,7.903663554696729
8738,8.260769981390172
8739,8.120693578940998
8740,3.298463395477628
8741,5.518185973039025
8742,5.871963477339534
8743,5.325224941207548
8744,8.63820281363115
8745,6.557306444335088
8746,6.998896977155496
8747,9.321008786244672
8748,3.188629835409453
8749,4.303367922198723
8750,3.3933323242470905
8751,5.117931119135016
8752,5.4337092004242145
8753,7.8193296241744585
8754,5.3034423659585626
8755,6.594255586702758
8756,6.848638098334197
8757,0.28352391625195356
8758,4.775392811752759
8759,3.3376907172574253
8760,5.202389920613531
8761,5.80638425309672
8762,6.265618566347158
8763,7.710325502806007
8764,3.2760171431778025
8765,9.187425408471851
8766,6.993373079902059
8767,9.158583185964838
8768,3.9112575949118527
8769,7.396646290586373
8770,8.873232030600237
8771,7.717510579627106
8772,8.302291533518934
8773,5.379926118119352
8774,5.682246227894426
8775,4.965304708744235
8776,6.639251871132621
8777,6.811365577816322
8778,6.765268902853238
8779,6.062694556568668
8780,6.7817438769698715
8781,4.975406956415863
8782,6.228286361542042
8783,6.99401033118707
8784,7.974186791617136
8785,3.2856027146574474
8786,3.554297193327805
8787,2.5733056762027013
8788,5.5183973267059585
8789,6.576648335480604
8790,8.582797836108176
8791,6.882975592633229
8792,8.329423988385507
8793,5.4182866117318875
8794,5.090880640402644
8795,5.207713402290627
8796,3.1442553268297244
8797,4.125689221149443
8798,7.341061100019455
8799,5.376129400882888
8800,5.0099430008275245
8801,2.9523240846533536
8802,5.114013024371881
8803,6.698656167425384
8804,7.853211387270067
8805,7.320047892724387
8806,7.164613137914986
8807,4.3490413671602255
8808,7.207972561242824
8809,5.77001437506854
8810,4.8368598221026105
8811,4.966170347456362
8812,5.961211097863258
8813,6.432299630962245
8814,6.872759894537337
8815,9.374997181606892
8816,6.687083207481795
8817,6.606630516525379
8818,5.802835175885978
8819,4.863372626848017
8820,3.009768168375985
8821,9.331083355512032
8822,5.418041239878383
8823,8.04323477504492
8824,5.931733680000114
8825,8.241410851257347
8826,9.394798577769572
8827,5.593188970482357
8828,6.357527237549115
8829,6.136244820425573
8830,5.015640908207744
8831,6.91469882847053
8832,8.96585074921526
8833,5.725460127878239
8834,3.145123567706855
8835,7.807073737939593
8836,7.578674947268876
8837,8.168196365103453
8838,5.732660032957087
8839,6.557877502100819
8840,5.897084511725905
8841,5.615824412317246
8842,4.785188907523709
8843,5.8789205966853135
8844,8.513386983208811
8845,3.9719877923908147
8846,6.327189663529035
8847,5.099585976903408
8848,6.46582322327237
8849,7.725341323835164
8850,7.1704917441285305
8851,5.821540475760335
8852,4.586784700382667
8853,4.212212599105819
8854,6.5585938162523
8855,9.216831596125239
8856,4.989086555796664
8857,4.50582558046479
8858,8.706650806850352
8859,6.017786853014583
8860,3.727006354374276
8861,5.749290180232247
8862,4.343413689478861
8863,6.711953380724569
8864,6.461530462962347
8865,6.327276991091171
8866,6.645612303036578
8867,5.234864341185675
8868,6.734720963033702
8869,6.799505793269219
8870,6.593356516782911
8871,8.332812495009735
8872,6.774795656626936
8873,3.5563260567737753
8874,3.1392937158215535
8875,7.129316519937151
8876,2.3055639065505504
8877,9.19741306843344
8878,2.7348828944182393
8879,7.463045859999417
8880,9.05256213229104
8881,7.893414549694263
8882,4.770878318192213
8883,7.34023284086269
8884,3.9784938083558963
8885,5.127133969618573
8886,5.039050838542692
8887,5.188598858415556
8888,4.951579353869638
8889,5.58285760501874
8890,7.7792026958347185
8891,3.6307057782600527
8892,6.319552044198989
8893,5.9684570085735436
8894,7.663324198549177
8895,2.5170319207910334
8896,8.226282344043124
8897,5.26453199834473
8898,7.642639880730124
8899,5.1569581141186225
8900,3.776832638240684
8901,7.661393929997457
8902,4.4703127901127955
8903,5.972770332562123
8904,2.7305974254260152
8905,7.2142651121531465
8906,6.6291484828650935
8907,6.135692962553681
8908,6.653265290470509
8909,4.059254723736153
8910,7.905076852326846
8911,5.776542783649549
8912,5.219531061150824
8913,5.331077125194146
8914,5.591592909706859
8915,6.3871036105745596
8916,3.331422041160509
8917,4.9481809681025934
8918,3.6909402931172686
8919,6.704700285598644
8920,5.184998477802083
8921,6.734098274499231
8922,6.657640869319661
8923,6.355764381547833
8924,5.967493061484553
8925,6.021737900741258
8926,3.423597233145959
8927,6.591256126697858
8928,5.297898526151961
8929,5.628653909965678
8930,6.6386152492797
8931,7.1674070939179
8932,7.752996922616951
8933,7.896588237437784
8934,6.341901399331597
8935,8.627232496842781
8936,7.5231358446366015
8937,7.925088448880056
8938,5.5040978997559815
8939,3.5046419680936385
8940,6.7912502779146084
8941,5.773747305252064
8942,2.3297755421004576
8943,6.951164389035046
8944,8.661860651904867
8945,4.902190024254852
8946,5.994150076345287
8947,6.518567493399969
8948,7.944805019362282
8949,6.263536738394472
8950,6.319089359486451
8951,4.639256040664774
8952,3.436927672148083
8953,5.957557634864221
8954,7.456154315554445
8955,4.239079045169984
8956,5.277348445232636
8957,4.8446165149446365
8958,5.317505899882899
8959,7.083018608061364
8960,9.139434988074001
8961,5.849150166433505
8962,3.709987491276338
8963,6.678211600880564
8964,6.08081461786592
8965,5.061763563551653
8966,5.429194271218517
8967,9.332786933993876
8968,5.0409268675383325
8969,7.635631460821665
8970,5.852416115433721
8971,4.297645486223546
8972,8.290573258784768
8973,7.835257330358008
8974,6.354344361433029
8975,5.252946635880863
8976,8.392110499977562
8977,5.986015801711983
8978,9.152459997020834
8979,6.633629598714148
8980,4.655762724460144
8981,6.5988218583917355
8982,7.66099973715445
8983,8.679507259259294
8984,5.769493286057977
8985,4.013593779553835
8986,3.849069418060198
8987,5.1475200825545215
8988,3.878954104058139
8989,3.8392013453590645
8990,6.967560365220742
8991,4.918776621502703
8992,4.244832865014538
8993,5.8511733762491405
8994,4.15480384076733
8995,8.33222299895457
8996,5.370873521710568
8997,6.951123764530971
8998,7.010588418046474
8999,8.042458707678776
9000,7.1580038501227925
9001,7.2584071515945014
9002,8.167651322164035
9003,6.240769409487254
9004,7.653261392140478
9005,3.158247987102803
9006,6.715976993566708
9007,8.732558863341604
9008,5.876202180382586
9009,6.247483869663826
9010,7.87639620665444
9011,5.046422122620474
9012,2.5929595473368354
9013,7.083301894676282
9014,7.475093583009407
9015,3.6753753761882613
9016,4.758929366214188
9017,6.501293792541834
9018,5.911324019306898
9019,3.522105951110634
9020,6.455423527452567
9021,4.692684201020087
9022,7.812457385598867
9023,6.235326196920415
9024,7.181130516269443
9025,6.266117474546947
9026,5.677789274564099
9027,6.718737149763729
9028,5.2899169902429515
9029,4.484083558589106
9030,5.111976938404411
9031,6.0680399452019245
9032,5.281925069661885
9033,4.754010335963053
9034,7.474206935342117
9035,6.376250292171132
9036,1.7579658702802041
9037,5.758054612432523
9038,6.54610479023567
9039,5.456878890903415
9040,6.889344191828351
9041,4.6195782957173686
9042,4.164766886672831
9043,5.810297655390011
9044,4.5621496149909655
9045,2.0422174925499137
9046,6.333671074168751
9047,9.585863792341595
9048,8.113171125241713
9049,9.859109054218058
9050,4.163443188478348
9051,4.5494548189739765
9052,7.1324224189499645
9053,3.4613651402185375
9054,3.9808402710289728
9055,7.9195211462241675
9056,7.956812759911112
9057,8.560830867622833
9058,9.341439055958348
9059,5.761255672527536
9060,7.453537439933505
9061,2.514665778801424
9062,5.326394177270413
9063,5.0033859273750245
9064,6.430997670221437
9065,6.575673974506485
9066,5.204282742259927
9067,3.5600747644086908
9068,6.486760018453825
9069,6.530923911532426
9070,6.7561196166340425
9071,5.84054031733928
9072,8.728272716695704
9073,4.392641740358742
9074,2.76501634631324
9075,5.8216550289677205
9076,4.766052560240058
9077,4.924396556768648
9078,6.034650530465828
9079,5.354270424155278
9080,3.66001110965714
9081,4.026786278668017
9082,7.087908526540226
9083,10.0
9084,7.221078124826566
9085,8.310334126557043
9086,4.568511663696113
9087,8.094404169871964
9088,4.3877718151637275
9089,7.010391656482876
9090,6.50414605311329
9091,1.7385774648460397
9092,4.315119132400427
9093,7.968742091174246
9094,4.200587057280799
9095,7.294618993685679
9096,9.319537005853988
9097,7.220837120968462
9098,4.419872565612187
9099,5.125982869878995
9100,9.347541904892918
9101,7.512483678499528
9102,5.325713194060193
9103,6.266326203902221
9104,4.670265691094869
9105,7.794412435731191
9106,3.981309932714024
9107,4.906382161226813
9108,3.7432210489785356
9109,6.678267271341792
9110,7.527394116094662
9111,5.456843321094297
9112,2.248383603633103
9113,6.17509323960556
9114,4.646259017477246
9115,6.032951832829918
9116,3.647197271484558
9117,6.325833032332258
9118,7.7912504283158865
9119,6.612105909224841
9120,5.441878257136465
9121,9.489590837005538
9122,4.4111300818352515
9123,7.7260151186081165
9124,9.805970698178049
9125,6.103555343976601
9126,4.9385390360816706
9127,3.892904157551613
9128,5.777869427482579
9129,4.4139782678767485
9130,5.9574124615960065
9131,5.323831210232485
9132,6.971939002966889
9133,2.416107761391966
9134,4.783633401300311
9135,4.662582361846264
9136,6.728145844866865
9137,7.563956518846998
9138,5.034996253212504
9139,5.396208066239358
9140,6.091349578952266
9141,5.565015975733298
9142,8.117545877642542
9143,5.717558169656626
9144,2.01799866728776
9145,4.0689695538187385
9146,6.078706692738452
9147,6.50312594027637
9148,7.143560539390957
9149,5.548560659571456
9150,5.836584400368314
9151,5.4313951987140525
9152,6.937206930449136
9153,4.801099849566039
9154,5.519307726779853
9155,5.60275118801313
9156,9.268902542774518
9157,5.325816623327502
9158,5.303631169576594
9159,5.406466537051169
9160,4.7079277539853726
9161,7.824143772790282
9162,6.6281150654585295
9163,4.920384442014934
9164,6.694061000574973
9165,8.214329805346235
9166,6.305312157367849
9167,4.090134907184823
9168,6.4378180872786395
9169,7.435314180836532
9170,5.847221087068041
9171,5.06051186586311
9172,8.299721674382178
9173,6.341950797570735
9174,5.53088055933984
9175,5.291631073888717
9176,4.044737335266519
9177,5.164832914572867
9178,4.3862022095428435
9179,4.476007667627054
9180,7.2546653662745895
9181,3.7947440023855035
9182,6.546452505037718
9183,9.954088582988613
9184,6.912818993604232
9185,5.609043227062368
9186,3.683684914875841
9187,8.323537206033345
9188,4.885226397520054
9189,4.594053772459697
9190,5.573580769161664
9191,9.524915289933451
9192,5.98476960884152
9193,5.311068611103684
9194,7.4287395215438075
9195,8.375599805936076
9196,8.935609563953516
9197,5.410327799247127
9198,4.0219816000633966
9199,7.631783181247658
9200,4.900754559963233
9201,6.797356751875546
9202,4.323641228608253
9203,3.682815409119902
9204,2.056331572860162
9205,7.9583645334947235
9206,7.201677092427498
9207,4.404271445940694
9208,3.449055233342765
9209,4.554896585174521
9210,8.760979323822346
9211,5.687108399851171
9212,5.348798595409728
9213,3.9129056074132516
9214,5.839533003004058
9215,6.659227678701843
9216,4.203895039744902
9217,6.70432568996755
9218,6.003268517825063
9219,4.220782537988643
9220,6.3922480466166105
9221,5.198056653879612
9222,2.2695870141931964
9223,4.691143751558052
9224,5.904109616644391
9225,3.3535508860458965
9226,5.132442951282474
9227,5.90158165551732
9228,5.0367216451087495
9229,9.510411675558725
9230,8.825672555899237
9231,0.9722713533521962
9232,8.857649599010696
9233,5.683260530395044
9234,3.731554396565232
9235,3.005919388980071
9236,4.516770771538401
9237,3.939943967195007
9238,6.658192083968095
9239,4.0292271431178674
9240,2.92053172505769
9241,6.653649998918635
9242,2.9016914897200627
9243,6.000577084546848
9244,5.899279664829004
9245,9.19079472222324
9246,8.185568015233285
9247,4.424773780055177
9248,5.621352919333946
9249,3.6739126919114935
9250,6.309528541000711
9251,5.670153935719142
9252,4.965698827124755
9253,6.058345953838009
9254,6.222594658743225
9255,2.7666242685307436
9256,2.8111492552479045
9257,4.4392378043138665
9258,7.332768497712561
9259,4.071599965134994
9260,6.805840573232458
9261,5.027267947603857
9262,5.5360352347492565
9263,8.417064804386753
9264,2.7131594827904735
9265,5.330566425793535
9266,6.397597052252802
9267,7.465830423945315
9268,8.67850222206906
9269,7.144269255715172
9270,6.160765410315165
9271,5.726918588060616
9272,7.099244401126195
9273,8.383030872866913
9274,9.349387167339955
9275,4.774242871541206
9276,9.406043374108043
9277,4.220611819376769
9278,6.356568430265612
9279,8.491489875647053
9280,6.083175070920697
9281,5.455252219162633
9282,3.586395033207866
9283,4.05116978097816
9284,7.215556867633124
9285,4.359575589954771
9286,5.897025222943756
9287,1.8126727927421584
9288,2.2163780454739572
9289,7.274261406455428
9290,8.550047613950907
9291,2.02689984381456
9292,7.53489979786101
9293,5.707302960179686
9294,2.4021171891740645
9295,5.082218326201261
9296,5.542322108340259
9297,7.509941149369486
9298,4.864792877562669
9299,6.221511070421078
9300,7.3725269450510575
9301,3.9306137016287255
9302,4.994024973274535
9303,2.366973086617816
9304,2.9203934680051944
9305,5.481004622151423
9306,3.2109736865630443
9307,2.034921258773184
9308,5.271131243075973
9309,6.265344104210954
9310,7.925094724143724
9311,9.069014724783054
9312,2.39901045900684
9313,7.264938482182059
9314,9.302820076450825
9315,6.934370928178099
9316,4.318213982541184
9317,2.2266326589870653
9318,5.724371611089063
9319,6.65910561252461
9320,6.9226056225465085
9321,8.249111907835449
9322,7.889771584882713
9323,1.7440602995836558
9324,2.5634695690831815
9325,6.201377154992757
9326,7.611892746859248
9327,6.864580003068354
9328,3.8928788472739697
9329,3.7365346649983806
9330,1.8934354573020504
9331,4.76910254281074
9332,2.9473858264846275
9333,4.472595420710557
9334,7.414383459386731
9335,6.783833429556938
9336,4.61132877719661
9337,8.89926896912822
9338,7.166658742533005
9339,9.02666903832405
9340,7.273703364712897
9341,5.742953070856072
9342,6.230570593357791
9343,6.562848069677438
9344,7.550902571002792
9345,5.528205877556486
9346,4.942703664549789
9347,9.387807465400938
9348,4.880997519621432
9349,6.440512352831543
9350,4.880719269925208
9351,5.309066537478112
9352,7.037350050788981
9353,4.810158588322076
9354,4.670947828823496
9355,8.568150330197886
9356,5.4058631470116465
9357,5.403057200496213
9358,4.433669229868698
9359,7.921469975205115
9360,6.093935331710196
9361,4.70228917793937
9362,6.19886384810102
9363,4.712287682815928
9364,6.915697254010223
9365,3.394418893452503
9366,6.995227119033016
9367,8.73925822627593
9368,7.825396193677314
9369,7.786618563963182
9370,9.48827342844548
9371,6.316024725396874
9372,6.3623940139115005
9373,4.733424248411916
9374,4.096786417893024
9375,4.482753528424783
9376,6.950701032119932
9377,7.6048853868736
9378,3.242493257524611
9379,6.199545469210105
9380,3.908963080652986
9381,6.588050341205604
9382,3.133370790944467
9383,4.876344321842046
9384,8.34821328050046
9385,5.752483584653177
9386,4.340523934202157
9387,4.896921017316168
9388,4.680876151498975
9389,7.840933980953189
9390,6.27383933453633
9391,7.237264586058713
9392,6.320867809370517
9393,6.743108562067761
9394,5.258456271566051
9395,7.063771693565783
9396,5.167870825563667
9397,5.102260732556193
9398,5.072609249866286
9399,2.6651130844552875
9400,3.659608275303246
9401,4.994202956998672
9402,0.9794789683789159
9403,8.126107776152587
9404,6.351703005118471
9405,5.621775637696955
9406,4.922569317853588
9407,7.146341630330151
9408,5.339506887951545
9409,6.450247128073873
9410,4.973222276405646
9411,3.393728945858672
9412,5.548926464445329
9413,7.148995839202775
9414,6.210605156486623
9415,2.72613900251497
9416,9.557520059601147
9417,5.40414412399177
9418,7.893023737305865
9419,5.079144116319218
9420,2.970177527789303
9421,4.0091463047652836
9422,5.7118440470000085
9423,4.020391274669466
9424,8.218755324336609
9425,5.719622957450753
9426,6.998861679589131
9427,8.887137012006177
9428,1.9818440719959558
9429,9.031109798388648
9430,5.060240935625526
9431,6.656627985749658
9432,2.710239217025628
9433,7.562896235599058
9434,4.611593238891819
9435,8.408442187272053
9436,5.627029255966695
9437,7.453231160807415
9438,7.067057632224106
9439,5.932112950638208
9440,0.7145637373665722
9441,1.0274242328407388
9442,4.012885035311422
9443,4.02027465858826
9444,5.008041996921314
9445,8.341135696805514
9446,8.178876445038702
9447,7.53153118400857
9448,7.720093544615281
9449,5.594739657426306
9450,4.903167751431658
9451,7.547830397817979
9452,8.641844742892161
9453,3.229586112874904
9454,8.560394802447501
9455,7.354980202341049
9456,7.581738983884764
9457,5.72634166074103
9458,8.094512067804324
9459,4.474973210939022
9460,6.858342337986103
9461,6.4536344324907455
9462,7.952977811065266
9463,5.212748165471555
9464,3.1893898782817476
9465,4.120821206299449
9466,8.086402788848373
9467,3.778938911852832
9468,6.225564484840676
9469,2.9598908895331957
9470,6.014714069471091
9471,6.763918156180102
9472,6.216520719816785
9473,4.84371840566927
9474,1.020341088646052
9475,6.564041710691271
9476,3.712846553784093
9477,5.811703165019485
9478,6.953332596936763
9479,7.3963328523423035
9480,6.56051071189734
9481,6.1107963547352355
9482,4.5301735138065915
9483,6.758150965905569
9484,2.8671512191551805
9485,8.609754578161331
9486,6.037411887688204
9487,7.709093635057671
9488,7.790620386175536
9489,5.692831844920463
9490,1.9589793230773656
9491,6.244982518456189
9492,6.632190873161517
9493,6.4653497636774855
9494,6.854434390537353
9495,3.437327798382286
9496,2.8604412638870347
9497,7.078508862249163
9498,6.015892063884828
9499,6.009758216527006
9500,6.2251697469701135
9501,3.5263679064539297
9502,9.148617894920175
9503,2.484450983551097
9504,8.924501956128639
9505,4.590694957407308
9506,6.817215255065449
9507,9.272647181370782
9508,7.625896531860003
9509,3.205996646807443
9510,8.401860367173601
9511,4.69046616665542
9512,4.707038721464305
9513,4.009582281860216
9514,5.350266781172399
9515,8.903375035473184
9516,6.33095702526483
9517,6.555756786907102
9518,4.839472946299675
9519,5.453207204567094
9520,8.346076442505517
9521,5.685290774113057
9522,2.623321590980379
9523,5.252409833974727
9524,5.999318095459242
9525,7.128455021814197
9526,9.178466808707968
9527,7.632424607616311
9528,5.681550941350117
9529,3.4087868322305193
9530,4.851885552967448
9531,4.502498275031108
9532,6.7683007534894095
9533,5.174285026645941
9534,5.260485065879926
9535,5.364477643734518
9536,5.226230663029306
9537,6.440864038522628
9538,6.187768378952729
9539,5.855800830232402
9540,4.079343697537481
9541,2.8187206564670824
9542,5.381084519194921
9543,4.83734291162884
9544,4.123423579949946
9545,5.846309670295443
9546,3.1554537007213996
9547,7.443789226561709
9548,4.648031914351315
9549,8.826501187765016
9550,2.1925250941245196
9551,6.496731342135138
9552,5.396681885990283
9553,2.2365396242901
9554,6.081151961160282
9555,5.24250653971641
9556,5.703363423251094
9557,6.695335310248433
9558,5.3694180243679215
9559,4.525881687108689
9560,4.285462577228322
9561,7.1241127096649235
9562,8.444381720153531
9563,2.2007180446214654
9564,5.6875986987251865
9565,7.831206693039669
9566,6.080517827118903
9567,3.6286932943922117
9568,5.592823617903634
9569,4.431412847636015
9570,3.4130499205906193
9571,4.549573277290526
9572,4.3758251481461405
9573,6.940565098763923
9574,7.852925155395716
9575,6.8423671305964
9576,7.918383442930973
9577,5.3318230520523455
9578,6.087412994389637
9579,6.100923039051036
9580,6.317988761752633
9581,7.918011918673826
9582,4.696528308229355
9583,8.71812425494657
9584,2.8293150468333925
9585,6.484539070235822
9586,5.475035590065895
9587,7.494201325799406
9588,3.975646243422206
9589,6.299670612694255
9590,5.990118504844018
9591,5.874538699504104
9592,8.109419377158586
9593,5.263257684829866
9594,5.713230671856378
9595,6.170900311039117
9596,9.015131405578904
9597,6.523106039175454
9598,5.556840547279117
9599,6.463781386199416
9600,6.261837238230574
9601,4.428852522958079
9602,5.906535412879264
9603,6.49613218126752
9604,8.896873267927818
9605,5.258637882039537
9606,6.818154791381018
9607,4.9590893750571565
9608,6.2107379628208506
9609,2.8017811384347833
9610,5.917267223531511
9611,8.312072476438697
9612,4.129075060423888
9613,7.184673003024992
9614,3.83634345963758
9615,7.72603804025984
9616,6.877918216149617
9617,6.054997747353754
9618,7.124236668695669
9619,6.098539169971547
9620,4.604428367405947
9621,5.118867566369061
9622,5.312893109569873
9623,7.7413674343795895
9624,6.130604151415913
9625,6.181260933969135
9626,7.179789362393782
9627,5.0577827849215895
9628,7.464247929275645
9629,4.391705388529156
9630,7.5801598512247
9631,3.1753476887637966
9632,2.15706435751431
9633,3.940702205002089
9634,7.126660700712125
9635,4.339020619631765
9636,3.5419902514982593
9637,4.073791426011058
9638,8.204743837816112
9639,5.671772866272508
9640,7.262233777038123
9641,3.7935609056783917
9642,3.795153589955167
9643,4.434238342048309
9644,6.313401236936549
9645,5.826792744646291
9646,8.181058948421137
9647,8.032644073425159
9648,2.6280619174107795
9649,8.594844267163916
9650,5.629351654832491
9651,7.951358131725034
9652,9.231323736070657
9653,5.877974077304803
9654,8.32048857899505
9655,4.152396375708274
9656,9.989085973974024
9657,7.9243597687105485
9658,3.4856730354526606
9659,6.9002670988995005
9660,4.900356928341833
9661,7.822447457456823
9662,1.7122837417189913
9663,1.9721697268530516
9664,3.346613667397904
9665,7.7921638151848205
9666,7.801180438392077
9667,7.922372049843626
9668,2.9970336331557346
9669,6.643488446810412
9670,4.11090812061668
9671,2.1975798725973137
9672,5.54254751674415
9673,7.8871231061899145
9674,4.467369593250032
9675,6.144132587324125
9676,6.409548838325569
9677,8.383899386077912
9678,5.018494560940138
9679,5.352831449760371
9680,4.951385806801781
9681,7.609401762032
9682,4.37512169862636
9683,6.056248372775804
9684,5.8362757613353375
9685,6.148569667113603
9686,5.740262344639261
9687,8.384380823814212
9688,5.962022444165713
9689,9.216844849306044
9690,6.01027936686198
9691,6.9949291776119304
9692,7.165669958767279
9693,5.612709582824573
9694,3.5707455028957913
9695,5.9361098369641585
9696,8.832870999300411
9697,7.691499342286922
9698,6.56075273907491
9699,3.952282647671557
9700,6.271325971403961
9701,5.8309008115903955
9702,5.205885822779124
9703,4.8944149488799695
9704,10.0
9705,8.524499809906521
9706,7.229333636410334
9707,6.200469405241133
9708,7.156972077176066
9709,5.62916727217691
9710,2.620274775069364
9711,5.552861321123356
9712,9.083702809172163
9713,8.031667684622816
9714,6.928427249057683
9715,6.787553956530566
9716,4.5216869567964535
9717,0.9182254371681114
9718,7.022915919872508
9719,4.705504188805668
9720,8.522189721180245
9721,3.028555860066753
9722,6.054619332273084
9723,4.413593742776861
9724,6.879292908661739
9725,8.568480683593732
9726,7.097407181168618
9727,6.314066700089222
9728,6.872132828793057
9729,5.430683174231047
9730,4.631322169482827
9731,3.2321958580850048
9732,6.704165088498091
9733,8.641613598040575
9734,6.923798071128575
9735,7.4835560170723205
9736,3.3288562957971934
9737,8.321369213283925
9738,3.3345661083870404
9739,7.836256520386797
9740,5.8320805117088605
9741,6.72954548349159
9742,3.2862488230864826
9743,6.837361349287651
9744,5.125592904848572
9745,6.191284296596944
9746,6.5140568769573175
9747,4.605081753885825
9748,6.199546766939293
9749,5.307381832697325
9750,1.7081279730198458
9751,5.730789430383933
9752,3.9774574212019793
9753,9.146892954827496
9754,8.679777609422286
9755,6.708692339234257
9756,6.5306966798459705
9757,6.767349296415584
9758,6.993568341106178
9759,5.852730646956585
9760,6.774576054608617
9761,6.735708865996592
9762,6.97849884123269
9763,3.3626441822682542
9764,9.169516479808713
9765,5.7819724711545755
9766,5.439565280860025
9767,5.866451941676609
9768,2.50748098152671
9769,3.863483535827079
9770,3.4023982272506443
9771,5.599167639869331
9772,5.1434528576354275
9773,5.648735428477031
9774,9.61742923112437
9775,3.3493309501050783
9776,4.7880361111710155
9777,6.613310850897342
9778,7.866796856189181
9779,8.287064153602984
9780,5.435844991159972
9781,8.892833496606483
9782,6.791263426288189
9783,7.483541095672694
9784,5.436387925442652
9785,6.036440663104824
9786,8.735450115571597
9787,3.288563440133601
9788,4.101172673383969
9789,8.3091705299781
9790,4.683608771709487
9791,2.4657056619814566
9792,3.6143347186099875
9793,9.702482583655383
9794,6.48387802723306
9795,7.314589928833023
9796,4.156243622697634
9797,5.924089920203498
9798,6.967013725910993
9799,4.562644713550746
9800,6.291120716622534
9801,6.869526167688432
9802,8.629633624254932
9803,3.856141656678153
9804,3.4807742910376276
9805,4.770907377515832
9806,5.714573155908325
9807,5.417762451432152
9808,6.44004036573837
9809,7.351448034916597
9810,2.3558690710021497
9811,7.873601459596319
9812,3.383246231735298
9813,4.362622579529003
9814,5.690470678736134
9815,5.111236167019456
9816,2.327226282839309
9817,4.906781736891523
9818,8.044114274159206
9819,3.2658661778223967
9820,6.899971512549406
9821,5.019727955766443
9822,5.10690661767789
9823,6.6215888574173505
9824,6.471845962564775
9825,8.360383832691163
9826,7.8409114711117605
9827,5.347406652868029
9828,6.516498856898599
9829,7.039528800058565
9830,4.223664561055965
9831,7.124544097947193
9832,6.525097185135398
9833,4.777170383536632
9834,7.977105819318909
9835,5.539633012655048
9836,5.755295990193285
9837,4.725036834931345
9838,4.6013863573256115
9839,5.137236438327001
9840,7.49723980900189
9841,8.915545355477022
9842,5.026431072612857
9843,6.367466230525622
9844,9.756005543888422
9845,5.320844419636331
9846,8.39739885178477
9847,4.33293526132011
9848,8.56776305066918
9849,3.2657670015431988
9850,6.61677405191348
9851,5.752371079114792
9852,7.974611588198363
9853,6.400041010064005
9854,6.556296456027095
9855,5.890172927225246
9856,5.6800187145524195
9857,3.682582430223971
9858,7.482678646180617
9859,8.16394885641354
9860,6.344027233676329
9861,5.672875152390134
9862,7.056995616519684
9863,5.813877740975936
9864,4.597328206605989
9865,5.056363653990568
9866,5.942968784787301
9867,8.405387365630716
9868,8.713924276599851
9869,2.4687317896946253
9870,6.386124055713276
9871,3.0201854440816907
9872,9.444035217947837
9873,5.802663567988839
9874,6.775575502115958
9875,5.368958296746206
9876,5.2203787497878436
9877,7.725571838353696
9878,5.061798519398266
9879,4.196461634721087
9880,5.8028393995545375
9881,4.78253477218468
9882,4.896326241407432
9883,7.2917136465679775
9884,5.560238951320695
9885,6.553657349745147
9886,3.8660585009930317
9887,3.731684182719909
9888,3.569172137706965
9889,7.585947061141915
9890,3.623469128398138
9891,8.065683279635232
9892,7.582829403800656
9893,7.543676172053007
9894,5.449483428781643
9895,6.893952815115646
9896,4.484901528050461
9897,6.959004710374471
9898,8.292430492801289
9899,6.694805867693521
9900,6.73749546810984
9901,6.716867443674083
9902,2.810763924658005
9903,6.894657769859433
9904,7.248308973692774
9905,2.3224995928605456
9906,7.928432700353323
9907,5.133677276627341
9908,4.686897245319692
9909,3.8468971317984413
9910,8.502656432916956
9911,8.226959149610453
9912,7.774489239425064
9913,4.261486035287711
9914,9.216252379210994
9915,4.048646142227767
9916,5.275989129138683
9917,7.080442417159659
9918,4.925521402074164
9919,5.081353557416364
9920,5.801753443003507
9921,8.35884927666592
9922,5.198625329271741
9923,7.361767450764046
9924,6.736692610439887
9925,6.854167479710453
9926,3.173294079458249
9927,3.687844798503767
9928,6.488858027793891
9929,2.595589122866443
9930,6.348339852272053
9931,7.05789632704431
9932,2.8914294958723175
9933,7.639286566406127
9934,7.1968426240700385
9935,6.990230631953979
9936,6.219170620478532
9937,3.480379072626227
9938,5.7174907658034755
9939,7.265759078219989
9940,5.2792165092255185
9941,9.196491358512878
9942,5.202736101003434
9943,2.6752450192903177
9944,7.178179471084365
9945,4.820712495892767
9946,2.1821834601918946
9947,6.658849029038464
9948,5.533091103193274
9949,6.425725574071202
9950,6.560446007562782
9951,8.08603786411179
9952,7.170004536903359
9953,4.853067104477889
9954,4.627859771122677
9955,6.184632814927235
9956,4.221515538876284
9957,5.7108871302918836
9958,5.0041918036177035
9959,4.1123556675007
9960,5.342990517953806
9961,5.587465523662803
9962,5.532712553684143
9963,5.817668578262235
9964,4.3093662683754514
9965,7.483362353092858
9966,4.045428039874902
9967,4.367964665084867
9968,7.732030674130016
9969,6.979334941912118
9970,4.773674404068491
9971,0.5366402736771739
9972,9.99707805702965
9973,4.2054831684185485
9974,6.189816831526189
9975,5.15791073839438
9976,3.948753129229441
9977,6.322539282735338
9978,2.0610440706779865
9979,7.197312615711635
9980,3.873798018707886
9981,5.4992680776685035
9982,8.47629704516877
9983,4.859184422335307
9984,8.045520870546255
9985,6.8856973483108455
9986,8.6259921419889
9987,6.801351563153607
9988,8.243177642006408
9989,3.117040634044335
9990,6.375965526253618
9991,6.104739522469933
9992,3.0289177878661624
9993,2.7099930632641063
9994,4.315862923105977
9995,5.89986074000349
9996,6.95176852541888
9997,7.592036741203797
9998,5.698162076705965
9999,2.895144672223046
10000,6.768210020472246
10001,5.244214676559487
10002,3.714186038957866
10003,6.628940836074345
10004,5.422726827353479
10005,1.714612277947259
10006,8.28123783997936
10007,8.857385931682963
10008,8.261125860114912
10009,4.721984523358333
10010,2.807083697272914
10011,6.2071725801825695
10012,4.576354692496981
10013,5.9253455992301465
10014,8.214665129894431
10015,7.3591691144603475
10016,6.500070063740011
10017,8.242534433279744
10018,4.300723983078548
10019,5.178199469752979
10020,9.434057322317225
10021,4.5819867291034635
10022,5.460967213217241
10023,5.361086501846834
10024,3.265897446675245
10025,4.021116257159387
10026,5.918321038254267
10027,6.157593520196683
10028,6.822516489619621
10029,4.540387972901608
10030,5.626115000889436
10031,7.20539510457578
10032,7.883501048029654
10033,6.079845606703083
10034,5.898785528509079
10035,3.02126272569994
10036,3.784126612170843
10037,6.434028896493468
10038,5.43100952406703
10039,3.8525886332520707
10040,6.983309523075265
10041,1.1647876668191894
10042,6.781173752898475
10043,2.0148710910821244
10044,5.095969519091697
10045,7.259088504128318
10046,5.803640549974643
10047,3.620757018746327
10048,5.116448821386494
10049,8.241634042120966
10050,5.943032023472071
10051,4.8134350533423955
10052,5.7038141004041005
10053,4.9270156927828355
10054,3.683688379951281
10055,5.239327031740615
10056,9.317764944347237
10057,6.370634310904471
10058,5.247266237613972
10059,5.801190358193717
10060,8.34109768699177
10061,7.4852021188896485
10062,3.560265235013929
10063,4.8266068704355085
10064,5.819043530759798
10065,3.145315333609638
10066,8.648744873158599
10067,5.456030713323897
10068,9.322559298404004
10069,5.8734189595506425
10070,4.771834661874631
10071,6.714057034119914
10072,3.6457747463045416
10073,4.215498145066164
10074,8.502200424087931
10075,8.173648850050043
10076,4.4197332706931265
10077,9.1974738468883
10078,4.262128600200558
10079,4.849002960136365
10080,7.888200496363075
10081,4.039050179546019
10082,3.769484525526367
10083,7.482006724849751
10084,5.38876547780515
10085,3.5339443760444085
10086,8.166738964615131
10087,2.6396730916210736
10088,5.2712792541028115
10089,3.759372108715035
10090,6.872745361141532
10091,1.6053700243946196
10092,5.434833152946537
10093,7.81352461025914
10094,6.726168818840787
10095,7.885522419793271
10096,2.4572270543486168
10097,6.785795520181745
10098,4.974331023640035
10099,7.5772759060888015
10100,5.1139463121359565
10101,7.1902995298973735
10102,3.674225665519572
10103,5.2251286946871724
10104,7.797379122351158
10105,6.831808186613558
10106,7.157568700678384
10107,6.75308196406076
10108,7.918821703131007
10109,3.2484289232664465
10110,2.656208682429151
10111,8.23077971079254
10112,7.071769120116073
10113,8.477014671465648
10114,6.995482920936051
10115,6.723254467939282
10116,6.637479711311499
10117,6.837392837541855
10118,5.5369048544840425
10119,6.879431707263177
10120,5.759117964642636
10121,7.033013530793246
10122,5.477807642382535
10123,7.159271363351256
10124,7.893046564144932
10125,5.805892432690784
10126,4.838810564925905
10127,8.97896474052155
10128,6.83895824810625
10129,7.782531733108441
10130,4.921666374799154
10131,7.993735763468797
10132,5.570541825851722
10133,4.003830127755596
10134,3.565294642262187
10135,5.719681274200258
10136,3.40492769961835
10137,4.255156196940318
10138,4.276106369597341
10139,6.578132445550259
10140,7.756454411748316
10141,7.984625245661494
10142,3.6618128330103867
10143,6.458112457679297
10144,8.879057916109941
10145,9.875183622328864
10146,2.3474532514203528
10147,3.9666871014678367
10148,7.668065326051255
10149,9.265667529436366
10150,7.215238174476281
10151,2.44239710205462
10152,7.629721322686203
10153,2.686541381121127
10154,6.409483297862793
10155,6.1038207118484555
10156,4.921450412131721
10157,7.841819326215045
10158,5.331164910508525
10159,6.796795079558584
10160,5.832141075397118
10161,2.308595349665797
10162,7.721651941682254
10163,7.149885322818275
10164,8.257380706391555
10165,6.925663179069503
10166,3.668062927140408
10167,8.447046425989953
10168,5.189838968083922
10169,8.746768175046657
10170,6.424595977695573
10171,6.19059834299821
10172,6.61447796871182
10173,2.0282386747858343
10174,6.642958986039467
10175,7.5084740032372475
10176,5.059315568870547
10177,4.675451077318722
10178,2.7972103181395496
10179,7.345338912768763
10180,6.499203849252092
10181,3.7554115326254642
10182,6.303878235296685
10183,3.2470939037918076
10184,6.281570722919125
10185,6.474510320731863
10186,4.667100165620768
10187,4.447343042190963
10188,2.176707023722069
10189,8.60319372090736
10190,5.414806215981955
10191,9.71800938093871
10192,5.273575177322743
10193,7.312149711720392
10194,6.71477628295056
10195,5.5454292185534415
10196,7.1018859804088645
10197,4.919443154693595
10198,5.829752862288283
10199,4.955145721346019
10200,7.110280989177535
10201,4.080310622405487
10202,1.5689659344635134
10203,8.264549655312715
10204,7.88063687463611
10205,7.601153051409491
10206,5.837733749819852
10207,8.132345863584186
10208,5.360969002889463
10209,3.3594059503593923
10210,7.43345665726345
10211,6.750061051437008
10212,5.1551646668566935
10213,5.642206915275546
10214,4.662285419398542
10215,5.1723975703025
10216,7.205438477863067
10217,8.44269533859067
10218,6.441370260774626
10219,7.033856277811355
10220,6.9623432367922975
10221,4.863722116432526
10222,7.348497971686348
10223,2.605412159787929
10224,4.602366444930957
10225,7.923846908138463
10226,5.74539157629092
10227,1.9473843513206364
10228,3.1493815035222696
10229,4.116610687277132
10230,6.897993867623484
10231,6.123631209195941
10232,4.896191631537029
10233,3.8596957192280046
10234,8.094778662361282
10235,5.937326289565953
10236,5.72275048894192
10237,5.905275211588245
10238,4.268465977370607
10239,3.7537376705667973
10240,6.2230570339933236
10241,5.594832745799885
10242,3.201918463290297
10243,5.286111125303277
10244,3.505476326418759
10245,4.382394169463198
10246,3.0819771889309604
10247,7.46955707077016
10248,3.593119660499353
10249,7.744899193069498
10250,7.9719659682510216
10251,8.607823542418235
10252,5.894531436858269
10253,3.914178770269223
10254,4.952263863529226
10255,4.335421485441615
10256,6.952665184905419
10257,4.735414718200664
10258,3.862107691580123
10259,6.341605775442974
10260,6.176333166213423
10261,6.317072574050212
10262,5.540769615707424
10263,7.704562083812644
10264,5.907895851851041
10265,3.0134929735924696
10266,6.245904652330714
10267,4.434223546738401
10268,7.23583210884938
10269,7.500716175891243
10270,7.319605153136587
10271,4.206756310095334
10272,5.216675582350385
10273,8.47309174222558
10274,5.641194687358641
10275,6.053756515204339
10276,5.10069623224146
10277,5.814234942879271
10278,7.737855009079243
10279,5.17270326224718
10280,8.643154129840925
10281,6.868260981121085
10282,5.856621506498235
10283,4.389709620072064
10284,8.642146176066687
10285,5.538526754718164
10286,9.156230474181914
10287,6.663218680816453
10288,7.199339829037042
10289,5.5402357843072565
10290,4.434480926241689
10291,8.106721914075539
10292,8.032417471325358
10293,3.6273224193279496
10294,6.089856398586401
10295,5.794198391877159
10296,9.096527293047817
10297,3.1174234743030995
10298,8.761051657925375
10299,6.407454815927928
10300,7.221694348954809
10301,9.441407553373674
10302,6.877942840300612
10303,7.191210857255301
10304,7.818332836550241
10305,4.258956497829269
10306,4.210677577563401
10307,7.191875708560904
10308,5.147324485126318
10309,5.672891309783726
10310,6.574397168191074
10311,2.9262503342412916
10312,4.553671590897948
10313,5.322325854039947
10314,5.781851857581018
10315,5.20655919301034
10316,9.352798849722369
10317,3.3537415332830594
10318,3.240790348317308
10319,3.8635276688363063
10320,5.663855393436425
10321,4.254325326142843
10322,6.862540892781781
10323,7.614845217920277
10324,2.3942222205023
10325,6.285287924774275
10326,4.0069751760832935
10327,7.317690964893424
10328,4.4320087115075735
10329,1.0616604676010069
10330,8.729952579569739
10331,2.9228984777823768
10332,9.04122188998497
10333,4.218817355694049
10334,5.543821758993882
10335,8.315209777197918
10336,7.677199159109846
10337,9.33761025117674
10338,3.8573399699009614
10339,4.161616740513993
10340,7.916325130214723
10341,9.772493976002975
10342,5.948032093805898
10343,5.191094628172289
10344,8.720277273876846
10345,5.6592639736933315
10346,6.241626353785032
10347,1.8248541400164384
10348,6.997700000103813
10349,6.117896761189849
10350,4.321861285786401
10351,3.3752498499648884
10352,8.443701677108852
10353,3.936578254604719
10354,5.756698055227249
10355,6.222100197851107
10356,4.873468685210912
10357,7.229516824434852
10358,3.959248417174013
10359,4.783640421611468
10360,6.396371231862839
10361,8.498731864885663
10362,3.5017084952815467
10363,6.349558916623181
10364,3.5499209520367954
10365,4.526444415363661
10366,3.3905158219797618
10367,2.8158679998405964
10368,6.991608017061324
10369,5.463771724627438
10370,9.178084275635861
10371,7.120928748983433
10372,7.577185077836108
10373,3.7936479123906595
10374,4.864233568245233
10375,3.5910594906798106
10376,4.203974013465794
10377,5.048296086420035
10378,3.897508686657324
10379,5.2298856067487804
10380,7.708438879093225
10381,4.5223990380096595
10382,7.741350382247495
10383,8.162433255051935
10384,4.139274302085274
10385,2.408649797118248
10386,5.380908993660542
10387,4.233945387556779
10388,6.330599393320282
10389,8.3105045792004
10390,8.564148799033529
10391,9.3912788330439
10392,6.189363974110332
10393,4.915335308185301
10394,5.052184061226011
10395,3.7740301520121213
10396,2.115202855634087
10397,4.103978062606288
10398,6.852203066880282
10399,2.8864259654737516
10400,2.0220849017998805
10401,5.963564928054838
10402,8.20074194645989
10403,3.2057967842528137
10404,5.910242709669736
10405,7.430761574177173
10406,2.17094714642356
10407,9.067955053017988
10408,3.2877995534015403
10409,2.1558210631714196
10410,3.229762272183909
10411,9.923417486636367
10412,4.164719759130231
10413,7.941737960507546
10414,9.184376434997768
10415,6.44243390904661
10416,3.2432569684633186
10417,4.160502340234575
10418,8.45948158945601
10419,2.757978929417847
10420,6.4355117949484475
10421,7.104383345683482
10422,8.939353263831679
10423,6.491025626328997
10424,6.142133667891511
10425,7.051993895000255
10426,6.48932385500963
10427,8.689786942521422
10428,6.3149020848046185
10429,8.086298610730012
10430,6.8124995105606345
10431,8.405649420182712
10432,7.922038555064208
10433,6.768048432606601
10434,6.235880394704997
10435,6.752452714353266
10436,4.855474148679742
10437,7.7995707346118
10438,5.151819891583682
10439,7.0891769894356
10440,4.5206188749607215
10441,8.047339345023138
10442,7.297161752415721
10443,5.538616646860113
10444,6.522998874917471
10445,3.44893175989225
10446,5.895332780786878
10447,4.6028906788440755
10448,4.65122698804065
10449,3.362652874543165
10450,7.158983437388341
10451,3.6494878902597
10452,8.168786978404674
10453,7.165353744735179
10454,8.046324059736486
10455,5.258123537283657
10456,6.100173774595593
10457,6.3687167461302545
10458,7.050112740186666
10459,6.796623079899299
10460,6.2491344654951275
10461,6.013034039533868
10462,4.177116454888161
10463,1.3069737845644014
10464,5.791769343357353
10465,1.806755044590603
10466,9.212765474576907
10467,5.159964622006523
10468,8.793325246015348
10469,7.474850455448853
10470,4.0728865719401925
10471,5.261115637735677
10472,7.148082157694619
10473,4.348349757626757
10474,8.549318185787955
10475,7.911767685105579
10476,8.119803510897784
10477,4.982269611189919
10478,9.405498176001949
10479,5.301459717391364
10480,6.442408298282843
10481,6.076521357656853
10482,3.951485793379218
10483,4.798544680899858
10484,4.696477269676831
10485,4.175838151018721
10486,6.837217969267208
10487,2.5969449641223257
10488,6.196358696018174
10489,2.592858125860407
10490,4.020743991687203
10491,7.747788036988204
10492,5.9263261907784495
10493,8.161597775115556
10494,3.077611773313835
10495,9.491186531186976
10496,8.758759738831989
10497,7.052218990768707
10498,4.421080843237007
10499,5.896697101718229
10500,6.100369466140037
10501,7.9174653702650994
10502,3.951002186918047
10503,3.335322699506302
10504,8.077303044629748
10505,7.454667692453958
10506,5.61305617850941
10507,9.48544624276425
10508,3.9595678324714667
10509,3.0448670337806663
10510,2.089911229986863
10511,5.186491248794092
10512,4.3881674278583676
10513,1.555390273068348
10514,5.942344104059506
10515,7.366184637648521
10516,6.647454351450538
10517,6.33459059424034
10518,4.9951787342489595
10519,3.826466682895278
10520,2.23299224397338
10521,8.058158677104801
10522,10.0
10523,8.17845394750101
10524,8.681287584144215
10525,4.538955488284867
10526,6.921726739875817
10527,6.572161348701741
10528,10.0
10529,8.56806323643577
10530,3.499517612826124
10531,4.687470469064601
10532,7.0943724974749145
10533,7.2355883021540475
10534,8.96281028322008
10535,4.55426269867159
10536,6.822792165907521
10537,5.747889032906863
10538,7.284561109913284
10539,8.067761390172048
10540,8.204850822180696
10541,5.558589377468504
10542,3.2122676422445195
10543,3.6456196157160714
10544,4.641497922645531
10545,6.831842880467001
10546,6.231158555138641
10547,7.8233408025527815
10548,7.603922580058333
10549,6.830895574686135
10550,4.038942108472253
10551,4.677907970504388
10552,6.885875122824088
10553,4.695613048261769
10554,6.3364237748878764
10555,2.1818780673573905
10556,7.865311717170249
10557,5.213745271274609
10558,5.923573082487275
10559,6.013034013688105
10560,7.389204690184454
10561,1.5196961894317922
10562,7.759761562394045
10563,4.862027888323666
10564,3.8021051657639826
10565,6.150570265724388
10566,9.65893865038681
10567,5.5445839564436765
10568,9.660124203805601
10569,1.7007781514842901
10570,5.597649676320946
10571,8.405955784734175
10572,5.47647815735978
10573,3.987601306520631
10574,5.229307114982476
10575,6.045865817648884
10576,3.5745827509897095
10577,6.869354989511255
10578,5.767642994750884
10579,4.521773197147277
10580,7.676816428438406
10581,6.058747509079848
10582,9.412138644222622
10583,7.467250904117462
10584,3.9811400863041455
10585,2.2775511790700325
10586,4.786364874732
10587,5.789426734600981
10588,5.571821630129685
10589,3.7100675712832385
10590,7.16677911858541
10591,6.487037713848285
10592,3.329277911783447
10593,8.642848174021815
10594,6.939929186017581
10595,2.707580139169971
10596,5.941098947853945
10597,7.770283868321242
10598,5.179365351448313
10599,6.199312050122669
10600,3.228480233299372
10601,4.574413734062017
10602,7.987850676716874
10603,7.509517586822879
10604,4.507936014721296
10605,8.537749228185477
10606,4.00212239988027
10607,8.00816165628919
10608,4.413492724392438
10609,4.4460650432923385
10610,5.578796883978799
10611,7.071878446633719
10612,3.4928518053471684
10613,6.572072734018565
10614,5.775549925174326
10615,6.758038005637134
10616,3.1818782452555148
10617,5.582829944591643
10618,5.500630097719585
10619,7.406844785752658
10620,4.521493456309434
10621,7.6578250480836845
10622,3.862577542157203
10623,6.876609207769261
10624,6.77550732028113
10625,5.85798241684286
10626,7.843412987848466
10627,7.492253041829989
10628,5.122388346191932
10629,6.467839727797484
10630,6.244244937006124
10631,5.5644482272754505
10632,8.691419518563297
10633,5.9949623634527125
10634,5.703951875754383
10635,6.773202989615691
10636,8.118866310618412
10637,5.666774638168747
10638,4.873802981558364
10639,3.83037298057231
10640,5.783349666328968
10641,1.977742040363881
10642,8.686673081338814
10643,7.65362713257618
10644,8.86479628523176
10645,5.508442328179553
10646,3.536875565330649
10647,3.69180768492342
10648,4.254384569868524
10649,3.101966524250963
10650,7.613417560824874
10651,7.519474962615825
10652,0.9809745581567685
10653,6.798609276699349
10654,8.515759623707241
10655,1.8440768463871846
10656,7.819055259364346
10657,4.672489446881188
10658,7.212759369903797
10659,9.786328284460364
10660,5.373153271800976
10661,4.541127584010756
10662,3.9678187592730896
10663,2.285828486958316
10664,6.065875306044842
10665,8.174432670610738
10666,9.487684257259176
10667,6.4420392161072755
10668,5.531901558285942
10669,5.594636528678522
10670,6.7647568052388465
10671,8.478292513369041
10672,3.7982470850489376
10673,6.377894293104996
10674,4.346867490220781
10675,8.908934141733424
10676,5.518903842552843
10677,5.787156383207122
10678,6.728503602365554
10679,2.548263931249033
10680,6.9755134308820725
10681,4.938135861798301
10682,7.257892118151118
10683,9.146961092307619
10684,7.85481077805905
10685,5.727064278508915
10686,4.821420284569373
10687,4.46848012078717
10688,5.904549980937563
10689,4.0719500586728365
10690,5.82037165938909
10691,4.385929820611908
10692,8.73007426175388
10693,6.11796935348344
10694,2.239696306063346
10695,8.414774972487049
10696,4.521755111259072
10697,6.482673122511367
10698,8.977082037442136
10699,6.86988594184856
10700,7.389009903938418
10701,8.900724268233567
10702,5.833779756769188
10703,8.273824786103667
10704,5.126152279915843
10705,6.388503489671819
10706,8.930631515891912
10707,6.640001706726864
10708,6.4598790727205015
10709,3.8555051003108614
10710,4.695057709882765
10711,8.250939437611326
10712,4.253855477900755
10713,3.9743284131836205
10714,6.269394713809172
10715,3.2572173881162474
10716,4.953195511322631
10717,7.417603048092584
10718,4.295585166202585
10719,5.82854208056813
10720,6.557287629793586
10721,6.763208216843556
10722,6.027335101169006
10723,4.644597540776336
10724,3.801283128567588
10725,4.986975288111978
10726,4.96568784583476
10727,6.842018376746404
10728,5.510993522226176
10729,8.168935783286772
10730,6.613665675703567
10731,6.2743737708924
10732,5.4328105660128685
10733,8.127340369201745
10734,7.963554414681612
10735,4.052796981739891
10736,6.610341170395211
10737,2.7870880001203773
10738,4.868913693716887
10739,3.6841759322228733
10740,7.205938445323129
10741,6.670466750827877
10742,6.078835725035755
10743,3.7356944901438554
10744,7.6907986096783185
10745,8.031216952894303
10746,7.414581354924905
10747,7.335490098682592
10748,7.711883621331862
10749,2.875646433905553
10750,4.795018970257187
10751,1.0575941378690372
10752,9.07464918182533
10753,6.543246525290063
10754,4.3259066184221995
10755,4.357234941652283
10756,5.7756756262619255
10757,8.491631801184566
10758,4.57137382594457
10759,4.728488266085088
10760,3.501803443608459
10761,7.329856630815598
10762,4.846483233959279
10763,2.7676288863492666
10764,0.7330699127497451
10765,3.1865645765534865
10766,6.544220215460399
10767,7.790830014002732
10768,7.595344694458475
10769,1.5217843752772102
10770,5.0867276833796895
10771,7.5019002958761485
10772,3.902588668903744
10773,6.609562479455663
10774,2.284601620327757
10775,4.449774013250342
10776,6.494059214882235
10777,4.859178393346049
10778,4.62616239410611
10779,4.944175662831341
10780,3.3505036029435127
10781,3.8597280529486873
10782,7.591483129119595
10783,4.411440324533678
10784,7.703753901539171
10785,3.6351057385343633
10786,5.8345058485621255
10787,5.369531808290649
10788,6.621444851322148
10789,8.08535381108739
10790,3.518255958841547
10791,4.358002687036998
10792,8.39494757930554
10793,7.714040255548646
10794,6.394189506910331
10795,6.938044539678206
10796,4.747340373977847
10797,6.114043928251812
10798,3.0803323793972957
10799,8.010012830239628
10800,4.7237775997494795
10801,7.710996599236156
10802,5.231962829358403
10803,8.529156621725026
10804,7.2665860638197595
10805,3.8503953839013896
10806,5.145625362691833
10807,7.477916243608492
10808,8.611964713155823
10809,8.089270882970355
10810,6.153723323032395
10811,7.087447334811499
10812,5.974048225267758
10813,6.401666082914227
10814,6.397804875952838
10815,7.595745470706017
10816,8.39135725495398
10817,7.769123775002612
10818,8.086806382654078
10819,2.7827933960539206
10820,8.167205640408374
10821,6.146245382668433
10822,6.77258145161705
10823,1.425866533039525
10824,4.111507396296019
10825,6.068244872182315
10826,9.256058261426675
10827,4.837362381010431
10828,4.768031043999506
10829,6.647546978951132
10830,4.806735687101782
10831,8.008243459231704
10832,5.619884980582058
10833,7.751857085099135
10834,4.819576100057677
10835,6.171581302218045
10836,7.961553401464887
10837,4.09709140706237
10838,6.754601360735789
10839,5.023117474729901
10840,3.2789032898860686
10841,8.105356704174906
10842,2.3137801975198813
10843,7.229041368017403
10844,7.57616881560306
10845,5.294699438330778
10846,7.2637084969851795
10847,5.622325480732236
10848,7.3922835590326175
10849,5.7142401090086885
10850,4.748205762589036
10851,4.357520188488758
10852,5.542936149186775
10853,3.6193819408486045
10854,4.548252032800238
10855,6.097484173696251
10856,5.497473089986829
10857,4.902388230849572
10858,0.8850410263271523
10859,7.991321312842152
10860,7.467938178190577
10861,6.035807360502855
10862,5.852147265891086
10863,6.4828300434460076
10864,4.902938602610149
10865,4.061213323609867
10866,5.912662681390718
10867,5.925615862072488
10868,5.74315679045544
10869,7.08009127975939
10870,4.53715711601628
10871,6.652033198456091
10872,2.4050932678904795
10873,5.195155402346081
10874,7.174306259810867
10875,8.775503372504895
10876,7.027909360403112
10877,4.577672729747721
10878,5.719447343350777
10879,6.6179797384010515
10880,3.252732380145713
10881,6.926113933111485
10882,6.126311696370427
10883,5.281826356377382
10884,4.180899482465126
10885,6.431914084055588
10886,4.326910092616404
10887,7.136827370882345
10888,6.126516562573148
10889,5.4152623098101085
10890,5.88647844197615
10891,4.088422285537341
10892,7.345157727881833
10893,7.194217331606949
10894,5.15480137350033
10895,7.336644362379844
10896,4.730849236535755
10897,7.203470302490599
10898,5.426808059408678
10899,2.242466629392007
10900,7.896714846740525
10901,6.162506717086653
10902,6.62722541688103
10903,4.431097644442499
10904,4.325415809155212
10905,2.0305108392321194
10906,4.577287691214682
10907,3.017046567641275
10908,6.052608647031719
10909,7.362213524780639
10910,4.824585827487642
10911,7.922625413690561
10912,8.189857712103414
10913,5.820756323588718
10914,5.941814185616376
10915,7.349592695737763
10916,1.813433238864706
10917,4.282543123055304
10918,3.985511357813991
10919,5.7920054176885
10920,6.1332555075020405
10921,7.166043411362045
10922,4.999625402601711
10923,5.0650148580164105
10924,7.785304118175893
10925,9.166199422751296
10926,7.5788789295118555
10927,6.075989588717733
10928,2.3697402076322995
10929,8.05800473870598
10930,2.9112684247078175
10931,7.519981912059266
10932,3.1822350231187597
10933,6.660364859676744
10934,8.055125973394448
10935,5.676371586548516
10936,2.2003043273520486
10937,5.847535475436249
10938,5.905190679335363
10939,2.4421590050771913
10940,2.8686947411247927
10941,3.0833322990744394
10942,6.526526933972383
10943,5.637954276143055
10944,4.446621058944697
10945,8.694838255585541
10946,5.451243794745962
10947,5.56662892478167
10948,7.366029285912638
10949,6.8687406236985815
10950,6.271115422904536
10951,8.929947307645145
10952,6.789316353735817
10953,6.64439229385904
10954,5.577018342686881
10955,7.020117568743107
10956,6.552655350198165
10957,6.663396026662591
10958,9.822490568981271
10959,6.401576625079996
10960,3.8458551434898944
10961,6.378218678820029
10962,2.4880101079917356
10963,4.666315796887178
10964,9.098350454202093
10965,6.547564618491176
10966,4.699552867748756
10967,5.421064945255371
10968,7.742426630623625
10969,4.4261504862940395
10970,5.303700768075935
10971,7.346144841149202
10972,9.01898148975395
10973,5.767681414687871
10974,3.6353681057447056
10975,2.9441004832219875
10976,4.730768538353471
10977,7.701522639752466
10978,4.906062148569738
10979,2.9382682408177496
10980,9.020882623368628
10981,6.731063340630177
10982,7.239308347723289
10983,8.729323623045307
10984,6.6460289158861565
10985,8.719014052178581
10986,8.553552818117867
10987,4.189509122177046
10988,6.669410648311031
10989,5.431750631448501
10990,2.7917344256134906
10991,4.847090214887344
10992,6.0622049908417734
10993,6.2776110611012665
10994,6.587491906499212
10995,6.739795653762993
10996,4.925664125846798
10997,5.950950835955273
10998,5.151872295695274
10999,3.01040461861334
11000,5.823744374819062
11001,9.087758245277184
11002,6.6718493701995305
11003,7.3265241902641565
11004,8.461192098890315
11005,8.190836452224543
11006,5.803277112292527
11007,7.33053024524284
11008,1.958656500695555
11009,6.513309538783878
11010,5.625367040679687
11011,8.241252616783349
11012,6.120020352164543
11013,3.163498696323817
11014,8.037209066505827
11015,6.6785795426138685
11016,6.387186534783159
11017,7.419524914149959
11018,4.152655556823445
11019,7.060940905933918
11020,6.285919521308812
11021,7.696167283374908
11022,4.5247835275045345
11023,2.008801192865205
11024,8.14590901422103
11025,1.7814471629259208
11026,3.031757716498545
11027,8.138021257050761
11028,4.054806579200931
11029,8.36650526778524
11030,4.333773016579886
11031,9.359733833607597
11032,4.229802826538298
11033,5.313584995919158
11034,5.9177851192657
11035,4.977478167564937
11036,6.342984963563249
11037,7.380839880980507
11038,1.4581212791575517
11039,6.869320886309383
11040,4.594746407993078
11041,9.739761194896602
11042,1.727300082574563
11043,6.5520444157845015
11044,7.448505340307143
11045,6.893289653317645
11046,6.384777511861592
11047,6.60974269960905
11048,5.812970979239017
11049,3.156383235675376
11050,2.7432723630924034
11051,7.934989613876144
11052,7.697690802551265
11053,9.563599229551713
11054,8.029675635204434
11055,1.4492526219299362
11056,5.222563711408509
11057,6.069901054283293
11058,5.929952512943868
11059,6.384971717899253
11060,5.812787587653579
11061,6.278474287865237
11062,6.043247422861517
11063,8.658420795620493
11064,7.071732814565202
11065,6.733809984343632
11066,6.21307220829914
11067,6.944862272507669
11068,4.620626108888684
11069,7.41251830486784
11070,3.694632637514185
11071,7.841983131412578
11072,4.994898722368512
11073,4.629368685257376
11074,9.975163583956007
11075,6.412762147657296
11076,5.773595431804557
11077,4.979374490161007
11078,7.09677947073224
11079,3.332389899027854
11080,7.146369848397927
11081,7.607786988568927
11082,5.4120000426110435
11083,4.004347162044476
11084,3.655040198505828
11085,5.711742566687417
11086,3.8301822927837885
11087,3.6870498968877543
11088,6.980356541693856
11089,6.421138184000313
11090,6.985559166727997
11091,3.0597638931872657
11092,4.326812929822388
11093,6.576433733020352
11094,4.738541055654785
11095,4.199561994979891
11096,6.654534897614246
11097,4.461088863076206
11098,5.079280934761555
11099,6.212868112772611
11100,4.521933484389114
11101,1.8141335937307614
11102,6.2131190790220305
11103,7.987624263956678
11104,7.478451205659168
11105,3.036076993677945
11106,7.088927615738624
11107,6.358946900556394
11108,5.516870330748029
11109,7.458038547502583
11110,4.25311814300258
11111,4.615526310622195
11112,7.545667939020613
11113,3.2635228732543116
11114,5.8629731509469645
11115,9.765182123754782
11116,7.5863625704091575
11117,6.691146950985154
11118,4.89495977647708
11119,6.797217629043127
11120,6.595903753630913
11121,6.642855449721036
11122,6.352308491073402
11123,7.339549831769174
11124,6.0896179478780645
11125,5.6659583363571775
11126,6.6516674307614805
11127,6.005245974617254
11128,8.570124662938515
11129,3.2091739844203855
11130,9.755914118195433
11131,7.600029409525828
11132,4.108251612485725
11133,2.6870523044140406
11134,6.494021057905002
11135,6.261615976913029
11136,5.72121786878386
11137,7.43406595496226
11138,6.551189123837072
11139,6.29893163173046
11140,5.096898080594603
11141,5.277267862255042
11142,4.789180050948298
11143,7.698827982973524
11144,4.656129694407981
11145,5.170696240546187
11146,6.906623472123765
11147,7.016703729453424
11148,7.631836317510112
11149,7.534478100416533
11150,6.129386524244436
11151,9.351480656431177
11152,7.2485630491167035
11153,6.820922444369839
11154,5.9542308538877196
11155,5.1194475919344535
11156,6.814165334601887
11157,5.883262463174288
11158,6.54301356219286
11159,6.683907970314773
11160,2.490076330083894
11161,6.278283283535966
11162,7.010994036313618
11163,6.160763297233765
11164,7.615982281155265
11165,7.144041731596294
11166,7.161992184029557
11167,1.5094746544499655
11168,8.202937368796453
11169,5.445401033297588
11170,7.246146372050325
11171,7.967640896398258
11172,4.0571492744129065
11173,8.21995572319987
11174,3.3356611420514404
11175,3.1155888984649525
11176,4.626772065296282
11177,9.007751108924953
11178,5.60067554375323
11179,3.21364885819759
11180,6.859864936013824
11181,8.726517884902302
11182,6.243255000697157
11183,4.270957538254441
11184,8.841947742370369
11185,8.685560450975535
11186,4.8194206447951045
11187,6.018795439448859
11188,4.089512915933854
11189,3.4557130284730295
11190,2.511012182706883
11191,4.864311534561615
11192,4.036189311954611
11193,7.257255749139469
11194,6.1454964268112
11195,3.6313310093154865
11196,6.388775715082623
11197,2.510209305688695
11198,7.7529784913420405
11199,5.923947724176919
11200,7.772032417512883
11201,7.53496091550481
11202,5.341831382526777
11203,4.709348764632746
11204,5.989030390846416
11205,9.152391406493804
11206,7.240439557419617
11207,4.889778760738329
11208,6.031707927785655
11209,2.34503862483498
11210,8.499439551657192
11211,6.980305955810745
11212,4.0883236922672275
11213,4.370535997171481
11214,6.277057199761999
11215,5.499221592018782
11216,6.9225095591194306
11217,8.633500725160747
11218,7.863217193510827
11219,6.889488489956308
11220,5.470629806335837
11221,5.531185241122154
11222,1.0116901098193114
11223,5.244512426944891
11224,8.632648447605577
11225,6.8520086516485925
11226,4.217141177480824
11227,4.645604069415259
11228,7.605043590799644
11229,4.883820377095636
11230,3.759120218557084
11231,3.4040079459973414
11232,5.515731385281033
11233,6.252101902312139
11234,2.3710866932566823
11235,5.171059331817684
11236,6.256644454988869
11237,7.853285250928661
11238,8.92645645719788
11239,8.947604393823179
11240,2.8851026410666902
11241,7.552589934346545
11242,7.977593221037684
11243,3.9718008704678183
11244,3.5991169161981618
11245,7.21953793131021
11246,6.487468511156097
11247,4.375135437004598
11248,5.123834156270005
11249,7.331257988839785
11250,7.998667281302747
11251,5.923713076913951
11252,6.080977836773414
11253,1.865172075590063
11254,7.662905411482421
11255,4.978433298607409
11256,4.9960717785561295
11257,6.864144523122137
11258,7.428146513096615
11259,7.822940362694425
11260,6.44350987966268
11261,4.207296446677916
11262,8.333367224991795
11263,2.1195464431559365
11264,6.911861438749742
11265,4.378395112652646
11266,6.933187298465442
11267,7.241727630560795
11268,6.661581951801271
11269,7.587961823057784
11270,5.6568622313370005
11271,7.791386197066948
11272,5.2648961299777
11273,4.959596107603713
11274,6.652676867090619
11275,6.783667620498112
11276,6.440888427514242
11277,5.163272162040843
11278,6.749215446283628
11279,4.647245562205186
11280,5.558565796752555
11281,9.715530185247417
11282,3.6554246469596854
11283,7.103545484462196
11284,6.655874433153627
11285,4.979933944062096
11286,7.199776390834481
11287,7.133312097485767
11288,6.675665880235282
11289,4.149741912649068
11290,7.605625935450515
11291,7.079684711419351
11292,5.833902884411946
11293,3.6099733763952946
11294,1.5735035891478677
11295,6.762169786084648
11296,3.8395899626636467
11297,7.640462732100273
11298,8.411902987561627
11299,4.89711357681969
11300,9.045899748997503
11301,8.394299669541459
11302,7.369554727124396
11303,6.963634066168767
11304,5.19474869071401
11305,6.8706825827944495
11306,8.045912828027559
11307,5.955979936815029
11308,5.540399584010044
11309,7.243982703609353
11310,5.636560388358284
11311,3.0474665512706256
11312,6.656640298636002
11313,6.552712203177337
11314,8.967258866262837
11315,4.985323832602167
11316,4.523925953724099
11317,8.181724980191822
11318,5.87882546005297
11319,8.9144146908236
11320,5.522395507073838
11321,4.929879500919576
11322,2.2362109163164816
11323,5.093696351125864
11324,6.2774180076487935
11325,4.308299582645591
11326,6.870782090257791
11327,7.33148368263176
11328,4.221154842779849
11329,6.876891315586271
11330,3.3423254078770244
11331,6.166648198474828
11332,8.997637916110898
11333,2.4371709769814447
11334,4.145068559134104
11335,6.359484233559395
11336,7.533612520436698
11337,8.150828889824176
11338,6.339484485007218
11339,6.600487536801077
11340,4.533942174665844
11341,3.745499405129314
11342,7.077234989873111
11343,5.512372111728612
11344,5.1547517915794625
11345,7.366671414348386
11346,6.466988912920778
11347,4.842523144224383
11348,3.385603027877821
11349,6.292886276353809
11350,3.4684147892102697
11351,5.527596100952961
11352,9.247593487860188
11353,9.226513099951164
11354,9.221771007769986
11355,5.7556832185999385
11356,7.839067876974099
11357,8.44901595942897
11358,4.717122556406998
11359,3.946108853942283
11360,6.430423111844655
11361,9.204259932589695
11362,5.913623256483971
11363,3.154671383054315
11364,8.7659379675362
11365,9.010942256324018
11366,3.391275953518293
11367,5.758632373406725
11368,6.410074549325821
11369,5.0898923328421555
11370,7.111182343893747
11371,4.9822499313586555
11372,9.306600189151851
11373,8.185832226097196
11374,9.090752508263787
11375,7.07208166746068
11376,6.005902263349497
11377,6.214066149173084
11378,7.217336293119899
11379,8.101344891440707
11380,4.044582636829637
11381,4.099761388145848
11382,3.0911328204326405
11383,6.52807899370511
11384,7.19850913331024
11385,8.230787325938428
11386,1.7330363970107885
11387,5.273893669839913
11388,5.382856015206609
11389,5.716658053584932
11390,7.3958202858210695
11391,6.699088386933849
11392,4.6287345006403235
11393,5.150397721639991
11394,5.698311944528531
11395,3.793717792071502
11396,5.758165385651967
11397,6.526981615922506
11398,7.817408693272398
11399,2.2144121938473225
11400,5.059164551245706
11401,7.110690729942886
11402,7.626881625963258
11403,4.810377356976828
11404,5.472876206168805
11405,7.386957977857243
11406,7.329823525175047
11407,4.304678593916136
11408,4.469849443859137
11409,3.80149703390602
11410,7.723352766243002
11411,9.069489498627641
11412,3.416674841023216
11413,5.524582596747171
11414,6.180449340291172
11415,5.138564045606839
11416,6.653299399741137
11417,6.277272021772657
11418,8.381652637666482
11419,7.276828498740929
11420,5.376583908688613
11421,3.931454645314177
11422,6.072687130621424
11423,3.433111718136568
11424,7.719526522090916
11425,1.019177293077812
11426,2.214269554205737
11427,7.470685439915577
11428,8.726739744255276
11429,8.035514121969424
11430,3.9590285628044724
11431,2.5558859913908303
11432,4.338373201600365
11433,5.971951913889991
11434,6.075168082764484
11435,3.340481350977436
11436,7.276125197264003
11437,6.261038961359709
11438,7.806753787857848
11439,7.713057280149991
11440,3.578845196152526
11441,4.794611191007072
11442,4.056873387085718
11443,4.950253061028821
11444,4.406642168232808
11445,8.746633257835326
11446,8.025548964711119
11447,2.2883385903636895
11448,5.878560164140106
11449,6.857844417876543
11450,6.306777563316257
11451,6.560086429489953
11452,3.1919324797564648
11453,7.938629411951974
11454,4.415254285942479
11455,5.797870162919575
11456,6.661719586330583
11457,6.620328308135135
11458,7.864182652839319
11459,8.843013260145097
11460,6.682194012921972
11461,6.0217384791137745
11462,5.114544233545199
11463,4.881843032435956
11464,5.873736722553733
11465,6.331102792835919
11466,7.976953776781266
11467,6.950416506622191
11468,4.976776722129202
11469,5.872333791759568
11470,5.004669711207491
11471,8.233189941863786
11472,6.583729127625324
11473,4.016751005583036
11474,5.266956887445935
11475,6.926031744936181
11476,4.964493493954958
11477,4.3229334537432145
11478,5.990526234802655
11479,6.244336764611192
11480,7.575425242745727
11481,5.90241652018285
11482,7.0307422523262035
11483,8.277490977865973
11484,7.335606756917582
11485,7.656536065223669
11486,6.5165331491110585
11487,2.395598666528754
11488,5.796509982740921
11489,7.53996505379926
11490,6.435418351585428
11491,2.9981146921291812
11492,7.296100602039117
11493,4.582051480621487
11494,4.832644863556025
11495,4.805762597807053
11496,6.251585576781906
11497,5.773261937595918
11498,5.3280283687438095
11499,5.983358614225328
11500,2.0348283287389166
11501,4.564552537459753
11502,5.412502638974122
11503,3.5522913308029347
11504,4.61205211193184
11505,3.0529946813445292
11506,8.494383384448783
11507,1.14359355450434
11508,6.198045602847954
11509,7.179378720375199
11510,7.8460926308658365
11511,6.306061706998468
11512,7.7592928103235215
11513,9.748693993642457
11514,4.901663928318464
11515,6.1108144389715475
11516,3.9757997440901676
11517,2.4983423774706686
11518,6.2764117100775305
11519,6.103332694699145
11520,8.496539956854361
11521,8.867961672018838
11522,4.717614120399338
11523,4.43301121136463
11524,6.838569993526419
11525,5.3080311788294345
11526,6.394094831058088
11527,4.376138723677031
11528,6.5052526220313664
11529,2.309703079232267
11530,7.025601199973961
11531,5.694038567355532
11532,7.034463555500933
11533,2.727239423406848
11534,3.6644656838277228
11535,5.6002350898829745
11536,4.4619728600000395
11537,6.070947790587338
11538,7.489337318827221
11539,7.255318333986027
11540,6.465265212344127
11541,5.119471223356669
11542,7.976817132056335
11543,5.634322190685169
11544,4.885115530505094
11545,1.6209211689908942
11546,6.820456501510409
11547,6.160306288149347
11548,7.503792866078597
11549,5.28050745934965
11550,5.492384406873844
11551,6.338128039435411
11552,8.120576756802883
11553,6.453621154006688
11554,4.346573338307853
11555,3.9862269484376713
11556,5.220481635085486
11557,6.171532286118134
11558,6.402436019721544
11559,6.606295615730453
11560,6.409571685372592
11561,2.4481277030969095
11562,2.885815290223242
11563,2.2603315740729397
11564,5.635297514847189
11565,5.604285554890794
11566,8.549703785995426
11567,5.337900794932675
11568,7.437580083749484
11569,3.8179894728223633
11570,7.288282730049321
11571,7.975814877502364
11572,6.367631587489753
11573,6.464441742060395
11574,5.397871058535907
11575,7.72505000320923
11576,7.673707467769256
11577,6.14909213552989
11578,7.375834722690134
11579,6.1405469664782935
11580,3.115591353017158
11581,6.064300807003239
11582,6.099169456622442
11583,6.764546985881969
11584,6.644478385178915
11585,2.956210697537182
11586,4.883907716977474
11587,4.24045335905102
11588,7.87643593594634
11589,8.788809085041615
11590,5.43129633392476
11591,6.760999701862385
11592,2.4034618106347625
11593,2.0634605928293843
11594,6.153697708948272
11595,7.761346910677515
11596,3.841626753360977
11597,5.037874405889748
11598,7.051795932493031
11599,5.180223467892283
11600,2.7445521064317084
11601,5.402932343226677
11602,4.036609530146071
11603,6.250307706668381
11604,6.892672309558603
11605,7.4199042458257045
11606,8.624087404339043
11607,4.555808694298361
11608,4.081651894653264
11609,6.470073486185356
11610,6.55227027465361
11611,4.452920412124493
11612,7.47441659473191
11613,8.71889562831001
11614,5.511766045182733
11615,7.741535275038403
11616,8.054920447733878
11617,5.445325537683066
11618,7.114043813195593
11619,4.44415912765521
11620,5.432512559270143
11621,7.7123441121540015
11622,6.797683357203376
11623,5.26238509416449
11624,7.590497138214371
11625,6.462124228649647
11626,7.065968016903361
11627,1.2667181562732492
11628,5.850318988896414
11629,7.56283646677468
11630,7.051763124433965
11631,6.750223267665711
11632,1.7199485497003693
11633,3.1092591321577094
11634,8.651762601467873
11635,5.670315567334128
11636,4.6747389191594575
11637,6.0396345484763705
11638,5.821337779859424
11639,8.00771327637257
11640,6.0975689783997105
11641,4.2944147668101005
11642,9.95499667459428
11643,6.544788650378211
11644,5.677454490768732
11645,4.824888679406814
11646,3.7415843304345633
11647,4.750278701049149
11648,2.87020914488494
11649,7.664767474142436
11650,5.931245602160559
11651,4.569888288349198
11652,5.47334482094538
11653,4.377373219410276
11654,6.701759285928304
11655,9.20237080384013
11656,6.865023134700007
11657,4.944508423673295
11658,7.404426797432016
11659,6.785017706386053
11660,7.569608772309543
11661,7.063500904193938
11662,5.991054380285822
11663,7.935999553658171
11664,7.331435606734337
11665,8.283018515252373
11666,6.732315399584221
11667,7.725231619640347
11668,6.336754817752148
11669,8.038783630900596
11670,3.7571678090771097
11671,5.022430012445826
11672,4.063018496252959
11673,8.470860208303787
11674,6.573865393145603
11675,4.836823921883271
11676,8.00132606827413
11677,3.6172216779199227
11678,3.176546637843559
11679,2.2016978236013784
11680,4.072963033457023
11681,5.489592948631909
11682,6.074690344709651
11683,8.976015149761826
11684,3.649635219067855
11685,4.0557407932977165
11686,3.8690618252956095
11687,4.311220928638581
11688,9.782280498663761
11689,7.9662679441848505
11690,3.2531325340443034
11691,5.478550511686238
11692,3.3329191347786566
11693,9.342487198507243
11694,8.00548392911215
11695,4.690639665821787
11696,1.8282155667833884
11697,6.102799051332529
11698,9.453218432111665
11699,2.8699595377288567
11700,7.0095771600705215
11701,1.2350715407430364
11702,2.5245747064724866
11703,7.290139312254852
11704,8.178248069852389
11705,3.348254943184996
11706,5.439222941047304
11707,7.389032348856454
11708,6.825045310475846
11709,6.359620316826451
11710,6.810726125029887
11711,4.112664719639458
11712,7.782069774407395
11713,1.812532280458052
11714,8.176522655919051
11715,5.907582748540019
11716,5.557500249036364
11717,9.400051401414771
11718,2.897108703752664
11719,8.708825467913268
11720,7.643321451423969
11721,6.7486262645261865
11722,1.323762077001036
11723,7.304664811552496
11724,9.248700497295031
11725,5.594946214674217
11726,2.4581639978917122
11727,8.276670813533867
11728,6.724474073033968
11729,6.271518659962532
11730,4.092127431228572
11731,5.831123734797292
11732,5.11666512760666
11733,7.465298843883939
11734,5.613134463804329
11735,4.94447235719587
11736,2.277086664228726
11737,7.233105049847366
11738,7.761252080134193
11739,5.915882808294096
11740,4.542307923334751
11741,3.610990262235674
11742,5.177370937142617
11743,3.152201720435097
11744,6.703783912457898
11745,6.576875813544262
11746,2.2557667339547547
11747,8.012410737610479
11748,1.766357718827511
11749,5.039055495556623
11750,8.465812537010587
11751,5.815372640796756
11752,7.436407190455034
11753,5.071966748965744
11754,7.806651753199415
11755,8.513708065629892
11756,2.364447362825297
11757,5.507250342747689
11758,6.510417543085941
11759,5.927496638036875
11760,4.665214213851693
11761,7.574592919963796
11762,3.824562736991417
11763,6.512043603380295
11764,9.738814056625381
11765,5.278185483517079
11766,6.130319534817445
11767,7.051106238950772
11768,4.865959448628627
11769,7.312537852505416
11770,6.798181935289511
11771,1.8304910557072462
11772,6.466271518416924
11773,6.303941903124403
11774,5.675384526601071
11775,5.41723764006566
11776,6.564977223511751
11777,3.1946349693733262
11778,7.291637217063067
11779,7.742658303946228
11780,6.3208568869921615
11781,8.051525145834455
11782,4.29778165452869
11783,6.647500971835792
11784,6.515028609119551
11785,8.390744409555225
11786,8.655840728629707
11787,4.813870160169478
11788,6.96985361499465
11789,4.819628781533161
11790,6.428477211762781
11791,4.130031044903542
11792,9.5473641483097
11793,5.939778567120024
11794,8.110984097114542
11795,8.485208349442319
11796,5.176718391541272
11797,8.610232779665921
11798,6.819366014078325
11799,3.3804515395707093
11800,3.8175906346048096
11801,7.158727350226881
11802,3.386640073080773
11803,7.909049851920002
11804,5.558448298662099
11805,6.670756851202688
11806,5.012302408790989
11807,7.907609209679095
11808,7.458127413325876
11809,4.444974310282175
11810,8.368735331157886
11811,5.728668961357386
11812,4.896670383129585
11813,5.841120473336691
11814,6.434717692790968
11815,5.848852700243703
11816,6.363299755493793
11817,4.229249506594773
11818,3.7220475967534115
11819,5.20029614038471
11820,6.899029672530232
11821,2.9393761824745166
11822,4.530883405154558
11823,4.870731483450639
11824,7.884185220473447
11825,9.901485575482063
11826,7.0197425846593555
11827,6.302821645187646
11828,3.617039252150971
11829,5.35258114486066
11830,2.8477646009479582
11831,3.1774788438505737
11832,3.8427062492793795
11833,5.1439291799693025
11834,2.9150644246601454
11835,7.325674703269342
11836,5.274313823596042
11837,4.500989976879313
11838,5.481773308694204
11839,5.444870591939723
11840,6.391553059800163
11841,4.513666281744377
11842,2.9694441968557372
11843,6.3968199878575485
11844,6.784678668542396
11845,4.4373979535360615
11846,9.16049256587795
11847,8.069410983016374
11848,8.089427582689698
11849,3.3830774650082485
11850,3.8762437439303747
11851,9.130035918288565
11852,6.982585175489518
11853,8.20126180729843
11854,5.419656979631195
11855,6.361816692182604
11856,7.293227373365258
11857,7.985781239315475
11858,7.269691185357685
11859,6.225070185122363
11860,7.615240166531189
11861,3.6455867165622404
11862,6.8829896621290425
11863,5.801449767633023
11864,6.245327775109021
11865,5.412033551811768
11866,2.977233337719545
11867,5.607027539481862
11868,5.546174788499678
11869,2.4787287224125345
11870,3.1356837275308167
11871,7.052379660312621
11872,8.882718227211328
11873,5.29283370391694
11874,6.815107464409386
11875,4.721219606806377
11876,9.490050749222046
11877,4.592939672403476
11878,10.0
11879,8.568417128824427
11880,2.8811325498975475
11881,4.677668774955065
11882,3.319589659563457
11883,3.164765897715491
11884,5.534270893938538
11885,3.87704241128513
11886,6.068998147135598
11887,4.939152792157726
11888,1.8967793609752759
11889,7.316714656593819
11890,4.8863679674558
11891,8.268978536216283
11892,1.5910227696043515
11893,6.0407169596067645
11894,3.735655159452979
11895,7.41272561834815
11896,6.6044760008884245
11897,5.835938331694722
11898,3.7797933526690732
11899,6.95561317190519
11900,7.697796871585103
11901,7.087590299513533
11902,9.256612064542308
11903,5.126393832545169
11904,6.9393112487632465
11905,6.629805264609051
11906,5.804399165056617
11907,4.872105352735329
11908,9.20632095657744
11909,7.246669874046201
11910,8.469237312682932
11911,4.9768984253264765
11912,5.925185339805646
11913,3.145696067422293
11914,5.101873760527606
11915,6.968212661608804
11916,6.118669820529005
11917,5.629312291045569
11918,7.044851359549766
11919,5.352039401328749
11920,8.714818613770108
11921,8.280870297985595
11922,5.848869029388706
11923,6.067172029907035
11924,4.251112102260738
11925,4.4355664090458236
11926,7.932959543872045
11927,3.7822140985391837
11928,6.774845382211172
11929,6.6423999102787405
11930,6.124617151969268
11931,7.760713613963426
11932,6.8560209822162435
11933,9.93650617912284
11934,4.740696765729522
11935,3.3337062295477153
11936,4.096709758026233
11937,7.438966352778068
11938,6.111415368871859
11939,7.15095549648642
11940,2.489131564504433
11941,5.628143649301381
11942,6.071815578472991
11943,5.515060628220927
11944,2.0378877950771535
11945,9.406955022476499
11946,7.885017416891881
11947,3.2727591147031663
11948,6.018460506050331
11949,3.7270862900156945
11950,4.0134356175818136
11951,6.586954458015991
11952,7.411792920330515
11953,6.245457924813384
11954,7.680168401490213
11955,9.993678289133456
11956,4.560709192641604
11957,5.450326429641811
11958,5.124547571915614
11959,7.107694079696915
11960,4.074961628860926
11961,7.143528026826405
11962,6.880870072369276
11963,9.87440730348039
11964,7.038255345805662
11965,5.3817047927322115
11966,8.41833544381045
11967,5.973556613806185
11968,8.215848162609566
11969,6.459604731966255
11970,4.770437147757898
11971,3.5761917386398308
11972,4.376538222527738
11973,7.404679507374045
11974,6.611046708263489
11975,4.029302742813199
11976,7.665176821955026
11977,4.3493612780611866
11978,2.2322563662085892
11979,5.805247724511917
11980,3.8332760577804774
11981,9.398401621598891
11982,7.372944685798668
11983,5.560176155948244
11984,6.731251299438933
11985,9.272511511832118
11986,4.993532592550254
11987,6.838257397232983
11988,5.358905937797849
11989,6.287734798838216
11990,7.677479059986439
11991,6.304705405819967
11992,4.724620094415979
11993,4.01389793798693
11994,9.320238063100339
11995,6.906513126540438
11996,3.7598498179038065
11997,6.454914548806804
11998,4.590615358534152
11999,5.419894994969368
12000,8.674296193660158
12001,7.875294547833756
12002,5.347779994107001
12003,1.5042202373063414
12004,6.612590111661093
12005,4.053238257303128
12006,5.243848440350742
12007,8.960335139342325
12008,8.197535633979594
12009,6.348102578007792
12010,4.3568600401321005
12011,4.199106735464984
12012,3.476002711603027
12013,4.9512190118895045
12014,6.686711817534014
12015,3.886825378737312
12016,8.102485290123395
12017,3.817381688750636
12018,4.325382677888932
12019,5.010779957153723
12020,5.220771380419415
12021,2.7988139040179862
12022,5.091968984434095
12023,4.064287251990367
12024,5.343519372285326
12025,5.311612974291022
12026,4.1645953681217565
12027,4.836591115737608
12028,6.411258237702339
12029,4.200124165781316
12030,9.348216823275832
12031,4.966115226960149
12032,5.316070882931348
12033,8.286707675138878
12034,7.771868071783342
12035,9.83200845630265
12036,6.6690205783422964
12037,7.60452931653294
12038,9.394812588212655
12039,3.0034349081797744
12040,7.658490679527921
12041,6.799322933236927
12042,7.405070903330951
12043,2.697078024209962
12044,5.0357605149385805
12045,6.397604917786501
12046,6.757040809915596
12047,4.331969239179911
12048,6.017930934976228
12049,8.226065702484345
12050,6.823921789019962
12051,7.83592167335655
12052,8.734173644969168
12053,6.930202182152217
12054,6.311739901793948
12055,7.683225601864686
12056,8.785642262071581
12057,8.879077420913717
12058,7.0265749865913625
12059,3.8780269254974855
12060,9.481973003777941
12061,7.921069784303507
12062,5.656154347264874
12063,6.592168544807962
12064,7.679702308003595
12065,7.764567137748555
12066,5.315255891736549
12067,9.704938935529361
12068,5.206172859049302
12069,6.002919707620687
12070,8.40479414528167
12071,7.093775079986345
12072,6.581583707777142
12073,3.5400477904136447
12074,5.9162526028119515
12075,8.55491220980606
12076,6.264630945620041
12077,3.043587081648969
12078,3.9824889081093575
12079,5.576689675052754
12080,6.444932476622723
12081,4.486442460046111
12082,2.133605486979815
12083,4.987166149855823
12084,6.81609509217355
12085,6.391803007141581
12086,6.639674341308466
12087,8.007524998971125
12088,7.039768472461909
12089,6.375418820254451
12090,5.36631383471218
12091,3.3294777854577773
12092,6.298837033226689
12093,5.772845355083517
12094,4.894200410110927
12095,1.9237811445227162
12096,6.437825140739637
12097,3.617252837265904
12098,6.1818734984257695
12099,5.97207872380784
12100,4.472616447321756
12101,7.8841582434080735
12102,8.774568605930963
12103,6.059697869280523
12104,6.000893313882013
12105,8.483015488757196
12106,5.398572412769738
12107,8.165324760248682
12108,5.71566570001742
12109,6.750177109975475
12110,6.8157386321789355
12111,6.21615727310177
12112,6.136815819711171
12113,6.073037341622285
12114,7.6142112385864245
12115,7.1381678666086605
12116,6.948882409508454
12117,6.032928751342396
12118,5.268572811359518
12119,6.9967037783758235
12120,5.734852121128973
12121,4.056950258547502
12122,5.083121328318739
12123,9.972650263665617
12124,5.740405691108973
12125,8.115124538224508
12126,9.006606403469382
12127,7.34296960987915
12128,7.741533532269975
12129,6.842235799069901
12130,5.6097777968670455
12131,7.764663955323374
12132,4.781241561712916
12133,5.9276523274081505
12134,6.255352824910379
12135,4.6571036929739105
12136,4.3565688104005895
12137,1.214314464862988
12138,2.7169279304035894
12139,3.2561604483423783
12140,3.6913547359515935
12141,9.227909059494413
12142,8.754052385354571
12143,7.557377515043016
12144,4.606572103795875
12145,8.476679833560711
12146,8.940131983255164
12147,7.519492261143501
12148,8.049653705330119
12149,5.914649071792514
12150,2.6006909988949207
12151,8.022742468764838
12152,7.952915268255257
12153,8.806520738136951
12154,6.777702461721194
12155,6.249298328902988
12156,9.254495573686206
12157,4.216355039412994
12158,7.273624776910208
12159,8.60697905483418
12160,9.366474490283844
12161,2.380950060528377
12162,2.796382149371387
12163,7.680508337912867
12164,6.244720928563915
12165,7.9565241187348885
12166,7.922006523570308
12167,6.244892258623654
12168,7.247767496118921
12169,3.519521827404108
12170,6.6935966576058075
12171,5.93136663720064
12172,5.742757903739983
12173,1.5035927434872352
12174,2.7288988596454833
12175,5.9214035920376205
12176,7.538840748664676
12177,9.711510596497591
12178,4.749710502775032
12179,7.340016447888832
12180,9.315039018933245
12181,3.482288157463609
12182,6.751165113432191
12183,2.740230276145566
12184,7.740994788672796
12185,6.486736653164718
12186,4.180726617818783
12187,7.563346736359743
12188,4.474559829170461
12189,4.854635907495248
12190,1.6252856106361433
12191,7.267130054118623
12192,7.9350420237215475
12193,8.456962109893217
12194,6.646697765514857
12195,8.147374133561277
12196,6.267278486402739
12197,6.889674842682714
12198,8.465953087322543
12199,2.722158487187708
12200,5.376322169888547
12201,4.60223733099955
12202,2.163003600426803
12203,2.6742218476432704
12204,6.198548815869084
12205,4.4892467634830675
12206,4.946134830014597
12207,6.1087033710858964
12208,2.94021110286013
12209,5.356355858231319
12210,5.159772957847961
12211,5.112636099073754
12212,8.249602065568522
12213,5.968924372350199
12214,4.361885217223086
12215,4.118342924693876
12216,7.52110658637671
12217,5.044106559852634
12218,6.035705123337631
12219,5.263747477743149
12220,8.564490437919437
12221,5.365441424480996
12222,3.3019365797142415
12223,8.243399174759615
12224,4.581987726412343
12225,6.363193885391794
12226,7.743456713177786
12227,8.488950292284345
12228,4.050923500809672
12229,8.263076132310918
12230,7.371158426070484
12231,7.900688157482211
12232,4.607096379016879
12233,8.174929291332964
12234,5.547026722746134
12235,5.851268991329305
12236,8.684189021523451
12237,6.733496667661008
12238,9.12425453294382
12239,4.057207894884097
12240,8.49882140215093
12241,3.144434948910143
12242,7.528407193650764
12243,6.171660366715334
12244,6.315814110726365
12245,3.487523385453392
12246,3.435330330883196
12247,6.522592648463895
12248,3.536046231657877
12249,7.33978247679094
12250,5.733819321857835
12251,9.17426228403045
12252,4.252906599933115
12253,8.85322169985759
12254,6.760119377453494
12255,7.754625327653548
12256,3.5844466076393333
12257,5.969954732737305
12258,5.131991368951955
12259,3.540203504422056
12260,2.5872195625729755
12261,4.098414699739803
12262,8.107519329981411
12263,6.147258243610296
12264,5.329017563909052
12265,6.508868076563445
12266,4.963728869615991
12267,5.800243841857688
12268,4.762359993358505
12269,6.912530420590115
12270,6.580621658755035
12271,3.1424444498668795
12272,3.914647958189104
12273,5.378130462333461
12274,5.377872667004832
12275,8.61221825659051
12276,6.037425729782462
12277,7.116006788673274
12278,4.0999276693123505
12279,6.755711754172677
12280,6.235616539334547
12281,6.349667618545758
12282,9.158309802638682
12283,4.36183730658832
12284,5.622884374288428
12285,7.561008600960698
12286,8.060043551717179
12287,4.737134825188382
12288,7.7741976846914325
12289,3.9756190740616333
12290,4.255036315215741
12291,5.103466789932541
12292,5.259182321002565
12293,7.3618178798813165
12294,5.881857467482201
12295,3.206531155163224
12296,4.278095352432664
12297,3.762900704767631
12298,8.23462784091284
12299,4.048721585922677
12300,3.8909709009210323
12301,6.898603989066159
12302,2.5247952840522854
12303,2.1091198426903057
12304,4.0828828656217615
12305,3.8333321660544226
12306,6.2336432248946885
12307,9.111749467333155
12308,4.64360168561965
12309,5.198485448966998
12310,7.213915270653315
12311,5.522085428039886
12312,4.930595810904792
12313,8.045923462449547
12314,6.579468672342495
12315,3.900624078900373
12316,7.8255073809552504
12317,5.569867086730652
12318,4.183301087605964
12319,5.270313283974202
12320,6.004699295632194
12321,6.666706105289671
12322,5.674974265482939
12323,7.511913467027027
12324,4.524610133987637
12325,8.0730962084629
12326,4.124345113025024
12327,9.118113223013419
12328,4.865847840776338
12329,6.789977185300542
12330,8.23338767534039
12331,4.039049101648247
12332,5.830295110599166
12333,6.880225938838212
12334,7.943308890024794
12335,6.433452978738764
12336,5.9529273077798575
12337,3.0621620745781786
12338,5.963397089150991
12339,6.719183033450206
12340,6.4609547213932785
12341,7.118746061626372
12342,7.197644285635431
12343,10.0
12344,3.0334224744893494
12345,2.0632767211671283
12346,4.751133010408128
12347,4.075524381395515
12348,7.576442190097684
12349,7.019640974193913
12350,8.909421653687673
12351,8.869938942743854
12352,6.541198947659403
12353,5.321771423781153
12354,6.891161072196849
12355,6.635777875871772
12356,8.805429868263927
12357,3.7421126536828155
12358,6.180641106179588
12359,4.608096315000498
12360,4.654850581555075
12361,5.889592772698547
12362,4.714480792479481
12363,6.790926667371842
12364,4.435669248360151
12365,7.9455528009807574
12366,8.486555408974443
12367,3.7882768925607886
12368,4.453005317003524
12369,8.97587134906506
12370,5.041552342820419
12371,5.418459846693897
12372,5.683030813300348
12373,5.827827203512574
12374,6.7840138729653425
12375,7.589759644192518
12376,8.821315592071487
12377,9.307974239381771
12378,8.814493418572786
12379,6.51666242094956
12380,8.456413659148529
12381,4.39792155213022
12382,4.817651680589293
12383,5.788794124806737
12384,1.0906943800782456
12385,4.272373159964124
12386,5.156054185772374
12387,3.7844113457847977
12388,3.091136027330137
12389,6.890915633971253
12390,4.465118913646052
12391,4.974945419164625
12392,7.36906553613652
12393,5.356979920094402
12394,2.97156174763189
12395,6.162377144683122
12396,8.755766234241
12397,7.076824109031746
12398,6.5964977556267685
12399,4.625474430113405
12400,8.380809803143903
12401,3.654510655658336
12402,7.010150408194588
12403,6.133488192076898
12404,5.783996913582729
12405,3.821239156737091
12406,6.121972121001543
12407,4.733108857887788
12408,3.7870425276302475
12409,6.391911412819667
12410,4.647198188720829
12411,5.3737121155219265
12412,8.971311577819508
12413,8.50540661666044
12414,5.869106624273713
12415,6.242417809305396
12416,4.1829452662394715
12417,1.04640180384241
12418,6.19897186296945
12419,8.832206338120912
12420,4.904379590191265
12421,7.336608620115161
12422,4.8901408359088965
12423,8.322368833254226
12424,3.146018261648065
12425,6.427223485547601
12426,3.3357622074111477
12427,8.054900376648792
12428,7.544126712131548
12429,4.794432641950765
12430,7.780673533014349
12431,4.038261938462355
12432,6.017140103114441
12433,6.4153519594524875
12434,8.934270280336246
12435,8.008810399881812
12436,5.125218600165387
12437,10.0
12438,5.552918865049851
12439,6.162530344775063
12440,9.405962440464604
12441,6.876121702098433
12442,4.453534500072712
12443,8.276978281258371
12444,6.295075973013426
12445,6.4730011343930665
12446,5.333668642599473
12447,6.649286774427329
12448,5.974616615969503
12449,6.581827140850297
12450,8.56529460959989
12451,9.077529436069229
12452,5.803008100442381
12453,7.47946512136877
12454,6.877449767566772
12455,5.0677063312279556
12456,4.715820262260076
12457,8.242577507646098
12458,5.8089445629688905
12459,0.26165381816922995
12460,6.13193143821599
12461,9.525424739420375
12462,6.036040531473827
12463,4.39066600420519
12464,7.088756441586625
12465,7.100278605236726
12466,5.319722892330611
12467,7.7773953102855335
12468,7.647730266269845
12469,8.200287407300417
12470,6.307601198579816
12471,5.443150488574087
12472,5.287677857260035
12473,5.576281861295104
12474,7.669160269087088
12475,3.374790903051044
12476,1.5412721294498393
12477,8.57778254347045
12478,9.171332227361324
12479,5.537724266300343
12480,7.767720985550462
12481,4.7600491009474615
12482,9.636227564023235
12483,6.463004802726015
12484,5.002884580398229
12485,5.080177707868889
12486,6.209005287483172
12487,6.662125281281717
12488,6.333665852783004
12489,5.1694007412821055
12490,6.735523403148154
12491,4.872426005941698
12492,6.214488793011621
12493,5.588869293609965
12494,7.486153339045029
12495,6.052380980241527
12496,8.296596497863824
12497,7.547565582870304
12498,8.531453973002318
12499,1.8254485889026102
12500,3.15947634375063
12501,3.928567422382419
12502,6.57206818173568
12503,5.576903852348747
12504,3.8765901330683095
12505,4.954864140065724
12506,0.9290751347557259
12507,7.227291378006586
12508,8.238064115333914
12509,5.17060884053589
12510,6.954701934564329
12511,5.4874359640351305
12512,9.321841294464386
12513,6.202951777914714
12514,5.789126584330952
12515,5.6450175875796855
12516,4.200957054779938
12517,4.317815067053633
12518,5.595942848977513
12519,5.918375969228842
12520,7.956036160109305
12521,4.925464835035403
12522,6.447717783767395
12523,4.017526820062607
12524,6.147710566153092
12525,2.206431490662937
12526,3.869432538028147
12527,7.080110114893443
12528,6.662499921970877
12529,5.5516105896846115
12530,8.68617685420716
12531,6.374285286621747
12532,4.604004694740706
12533,6.120664094413532
12534,3.831449382522874
12535,6.9410316901328395
12536,4.259968140653728
12537,4.752681684403144
12538,3.490837902397479
12539,5.260566606570103
12540,8.307272368779945
12541,6.842350817657267
12542,8.616953709159638
12543,5.559326398592609
12544,9.435292330984037
12545,6.214691978329717
12546,6.315439114453781
12547,7.195965267218562
12548,8.124582279572532
12549,5.944747180263628
12550,5.50711360947963
12551,1.5901337059017588
12552,5.110402794680446
12553,7.306396207292647
12554,1.9258435666330493
12555,9.88461079883827
12556,8.39297164545801
12557,8.39292207610763
12558,3.586263791684971
12559,5.607767535383772
12560,5.264369022757234
12561,8.682751053501665
12562,6.527594600133349
12563,3.3477870902744824
12564,7.801721434449877
12565,6.834041779981619
12566,6.378091976451473
12567,3.672772784657046
12568,6.095103907006557
12569,6.129071327297151
12570,6.311607463858863
12571,8.555856864806476
12572,5.242353060583003
12573,2.946443811163002
12574,6.846205775180391
12575,5.853927958545408
12576,2.5944727301308372
12577,5.536367371648666
12578,5.902159306285323
12579,6.462883036317852
12580,6.268722271867225
12581,5.6358519560543225
12582,4.27109782279707
12583,5.786309986565661
12584,7.587369207930144
12585,3.908019543747831
12586,7.342298816581759
12587,7.938890475230189
12588,2.1996933649818526
12589,3.342562424063887
12590,8.849912965577992
12591,7.257725575989007
12592,6.328491051381463
12593,6.735796092664139
12594,2.8318876230012333
12595,6.966405874425179
12596,7.830646146105554
12597,7.162243153676553
12598,4.870077435295116
12599,6.2623398806406
12600,4.302694650815735
12601,5.901665721044748
12602,5.235089112616528
12603,8.648047439891029
12604,9.400044978597576
12605,9.544961582983495
12606,6.186250339224254
12607,4.367203966961603
12608,7.13692105992418
12609,4.431282903743161
12610,4.819529847114444
12611,4.479340907076588
12612,5.725211465712546
12613,8.5158702774449
12614,6.469638410786527
12615,4.942401761447456
12616,8.277522037037777
12617,2.066421540373402
12618,5.106540396269361
12619,6.604769766502888
12620,8.373920119752913
12621,7.886140332570389
12622,5.6732908155529715
12623,6.529845256561821
12624,6.638661250231257
12625,7.332215367984193
12626,6.065977112908394
12627,5.514518437339067
12628,7.783362053777673
12629,7.942884352769436
12630,7.619947953309803
12631,5.851670686251442
12632,3.953461205009213
12633,6.820877287761626
12634,4.743241006862184
12635,4.912843790457843
12636,8.201449081292111
12637,7.508341607256903
12638,4.2730999679966795
12639,7.442846947593667
12640,4.383423726535544
12641,6.081150944114354
12642,5.630232455863818
12643,7.374220819721274
12644,3.037364054278997
12645,6.038582360260491
12646,8.315596763892914
12647,6.959988374108842
12648,7.653221220041684
12649,4.478220641193734
12650,4.237244738963118
12651,4.957548834086401
12652,6.637548316871515
12653,6.006222017663346
12654,3.782166303301902
12655,4.900453835060216
12656,4.74067710974485
12657,7.2655630966575275
12658,8.12030347808524
12659,6.061795699970533
12660,6.052343483385716
12661,3.26508706718425
12662,6.199742622540678
12663,5.845903860754513
12664,4.174612769311076
12665,8.652802881693644
12666,4.838656115867806
12667,8.40792324556993
12668,5.31963885909849
12669,6.513846266502811
12670,5.430389452678182
12671,7.863297433280198
12672,6.837497243561165
12673,2.872532221811431
12674,8.65311796548768
12675,4.489612845853227
12676,7.957184225096367
12677,9.986080657259492
12678,9.027090920662358
12679,5.909956447115709
12680,6.7048317334691285
12681,6.769383198664444
12682,7.546225405093002
12683,6.556440000130343
12684,6.916052405717527
12685,7.301697474193025
12686,7.454240661091477
12687,8.446977495432549
12688,6.155823491750443
12689,4.489520475844522
12690,8.894171535579124
12691,6.035131173451804
12692,8.122108777510917
12693,7.890619407085278
12694,5.462471684306771
12695,4.613702306575249
12696,4.547791913015254
12697,4.087991068076198
12698,8.192402418219022
12699,6.30484990650689
12700,8.153110248666781
12701,5.407158939891923
12702,5.4002684661181215
12703,5.929294869197838
12704,1.479559461012568
12705,3.1335799186152915
12706,6.744553746241822
12707,2.6788458881418316
12708,5.9104831650699134
12709,7.851740394797124
12710,6.4530350479514
12711,2.046542999553028
12712,5.265810703751011
12713,5.651033320854956
12714,4.0478411883694925
12715,4.926694599350739
12716,7.62697752063795
12717,5.980315456917751
12718,5.205676136401406
12719,4.834687413009063
12720,6.193539920379699
12721,8.790864856684783
12722,4.577497645988056
12723,6.472783173768486
12724,8.304115820476586
12725,6.394413864011379
12726,7.189667838826006
12727,4.79880257743269
12728,8.229966755395507
12729,3.8719749169924413
12730,7.4781355655938775
12731,9.201662389206582
12732,5.576222146991769
12733,4.585243236390358
12734,6.749196594170523
12735,7.540424292058452
12736,5.90481147680453
12737,8.296283362510867
12738,8.11409832930791
12739,8.57681758143695
12740,5.069202499794638
12741,2.08115063332105
12742,5.933168617720964
12743,8.660151593115456
12744,6.357213688043979
12745,8.690787574439373
12746,3.971370763574056
12747,5.711578339643752
12748,6.117506806837098
12749,4.1892382991291734
12750,4.703571604513311
12751,3.9571580011453773
12752,7.111805986422145
12753,7.871573735120948
12754,3.0426726357616434
12755,8.81732415431385
12756,7.121254497880692
12757,8.552087020821842
12758,5.269663167754443
12759,6.67968549128865
12760,8.44528606098312
12761,3.7161238808194312
12762,8.769996043029485
12763,2.064468206242988
12764,4.619270620698247
12765,6.964968837474938
12766,8.19518650951811
12767,5.296655061531939
12768,5.600318152974753
12769,3.8825849352042887
12770,6.56321884020478
12771,6.580774241413968
12772,2.545168520443259
12773,1.576207298706266
12774,7.793462248913318
12775,4.904712860083957
12776,5.186238090637509
12777,6.877624999034323
12778,8.176749999376655
12779,7.8863536977620114
12780,7.2942843295090185
12781,3.658644814444817
12782,4.5531360134051155
12783,6.963665051152028
12784,6.424832993665505
12785,4.541738339383722
12786,6.813719304460112
12787,7.702525154582184
12788,4.151766373651687
12789,4.464724406506567
12790,8.711899523237358
12791,6.260118469201686
12792,8.487079908341201
12793,7.261259875161618
12794,6.8054962131532015
12795,7.04844543953943
12796,8.28579703619074
12797,4.633870867423933
12798,7.521277987076963
12799,6.169563606520816
12800,3.2018944075712823
12801,5.977408801622595
12802,8.803920431703478
12803,3.7559649443516654
12804,5.341020090428025
12805,2.8285602268909926
12806,8.512608758621274
12807,4.469211452332692
12808,4.507457969010376
12809,4.846398020523641
12810,5.838945578846551
12811,7.603899425709866
12812,8.654554398736629
12813,7.715169391630357
12814,7.8043818848552595
12815,7.375449605542633
12816,6.354696074086155
12817,5.10718769474559
12818,9.093474361950728
12819,4.7527285035354785
12820,8.530774605237152
12821,3.2071932910725724
12822,5.751535844514943
12823,5.047063763840968
12824,9.782069526477665
12825,9.384781136417732
12826,8.583624744621371
12827,6.242641631481581
12828,6.358368912118409
12829,5.855079418986744
12830,8.963856102142818
12831,6.1328535186516255
12832,5.336907885197789
12833,7.768743747131326
12834,7.387640729969092
12835,6.407489162754624
12836,8.680085226451746
12837,5.005550261350559
12838,6.599330532046831
12839,4.340517725344402
12840,8.585042191695944
12841,5.208752959470343
12842,4.076295377412052
12843,6.9889931892599115
12844,5.419978682827563
12845,2.067671336781007
12846,7.763659546256122
12847,4.121407994164722
12848,4.959088722048465
12849,7.4092894099181486
12850,6.860119175805912
12851,4.74395427599623
12852,5.6532108136389585
12853,5.897623802890463
12854,2.923890334706604
12855,5.79440078995873
12856,4.320310608700588
12857,4.503652509490041
12858,5.144287752067366
12859,4.822203655360856
12860,8.486546640147838
12861,7.1168336946220645
12862,6.400076213419475
12863,8.895595327311003
12864,5.071173819558944
12865,6.223988510372959
12866,7.348855414405735
12867,4.2802751293613195
12868,6.110629989187176
12869,8.812320119530224
12870,4.9208143855596544
12871,7.078514451072755
12872,4.375779724177241
12873,7.860668424148831
12874,5.083655554739968
12875,1.8538348880966868
12876,8.096565790803332
12877,4.734722533937162
12878,5.007920282202327
12879,8.990201263844089
12880,7.305464426321079
12881,9.413532445902923
12882,6.2791215617554
12883,7.857912760201894
12884,3.8127222677566004
12885,7.848873030647673
12886,8.36732835613891
12887,6.714527278480947
12888,5.1816269984419945
12889,8.518141218428402
12890,4.352098717238568
12891,8.420928723781083
12892,4.70342576942336
12893,6.8141539868830865
12894,3.5040372412732945
12895,5.456698762820931
12896,5.764070727980373
12897,3.7205856013911447
12898,6.630560306788244
12899,8.297504333868691
12900,1.8352670190053513
12901,7.542156573738199
12902,6.536466873222673
12903,7.519991445126476
12904,4.723687381690231
12905,9.326585724521498
12906,6.780415636822756
12907,2.146668297979104
12908,6.584463632804398
12909,3.650056986179353
12910,8.921065235294666
12911,5.784164066713067
12912,3.195437742748045
12913,6.730784732875626
12914,4.662063049168556
12915,5.181041672735226
12916,6.903409446552535
12917,7.81519947964559
12918,3.29983289943933
12919,6.989024558823652
12920,6.217054610037321
12921,4.541332405791656
12922,6.801845324714646
12923,5.70732224075208
12924,6.819308018862986
12925,2.2975356040524506
12926,5.378535747334121
12927,6.155740241066216
12928,6.6106759489466205
12929,8.33977678822864
12930,4.043971117668165
12931,5.12351878750047
12932,8.412517627310418
12933,8.183069613135967
12934,4.562966348208983
12935,7.640136423484932
12936,4.74218505149704
12937,8.039558342514207
12938,8.283088360106811
12939,7.124207691757957
12940,9.674871086103373
12941,4.019083029905933
12942,3.884363670105955
12943,8.902068288871225
12944,6.627026399999769
12945,6.215062971586842
12946,6.965073992972821
12947,5.509586323749134
12948,4.8934290509629
12949,8.944650052940512
12950,6.526215736221574
12951,2.3569721820330374
12952,5.741796367555552
12953,6.210482024730377
12954,8.892609479722068
12955,2.212135218908746
12956,5.232110331052305
12957,6.088218899070957
12958,8.60225949171684
12959,3.6222803114685345
12960,2.2255495333259776
12961,7.2844867843907855
12962,5.34697509463955
12963,4.830035423859817
12964,7.710883585177868
12965,4.585425417071571
12966,2.9152751694164274
12967,5.45044332250012
12968,4.997995048585092
12969,4.660551099901262
12970,6.221881073927899
12971,4.400993637124755
12972,5.485975245817649
12973,6.940926172629596
12974,2.909458685743047
12975,5.687880799517608
12976,7.3999790788495154
12977,3.0027229300659433
12978,8.395547032665283
12979,8.100324098152734
12980,4.816103798522643
12981,2.8974246959960857
12982,9.750938717584669
12983,6.408956153500371
12984,5.222359529458571
12985,2.99214061439767
12986,7.853949498311331
12987,8.171158441788545
12988,7.5588516080933
12989,4.283093561678786
12990,5.886338835670965
12991,4.535547522976179
12992,5.356314532379413
12993,3.9677763666029757
12994,6.807372048089877
12995,6.499046287027088
12996,4.543625363384789
12997,7.066510675249816
12998,6.542583141794923
12999,6.17874320336266
13000,4.419931739847902
13001,7.694407025147708
13002,9.389821304545926
13003,4.822460368461208
13004,8.930163544767911
13005,1.3834138178338216
13006,3.737051393374426
13007,5.252552204304048
13008,4.437635725450089
13009,8.646496472495357
13010,5.023791631168878
13011,7.406287042421097
13012,7.975178650318357
13013,5.0761445010240696
13014,5.409481138695184
13015,6.159684667519778
13016,6.702754073726685
13017,5.877635127701006
13018,2.699734741805482
13019,4.569581623221304
13020,4.859052526310212
13021,7.104633968574022
13022,9.031346746228802
13023,5.841484765489586
13024,5.375325704828169
13025,5.691654085791863
13026,5.278922040290596
13027,7.511697706128046
13028,7.802988903354353
13029,4.714317080021599
13030,4.899684470474684
13031,4.729516515309872
13032,3.1672264350891983
13033,6.737866692884762
13034,4.277812060672694
13035,7.553379259578468
13036,7.165073314233256
13037,5.387669242899143
13038,7.11254598881907
13039,6.424444747251005
13040,5.048696984476951
13041,3.249045401297327
13042,3.619417779590123
13043,1.490662766826574
13044,5.511033203026206
13045,4.774085165696758
13046,5.1535448243891375
13047,8.636874300240107
13048,7.665036717609728
13049,6.954726039394297
13050,8.31536709662519
13051,4.270937870606909
13052,6.6089445822825645
13053,6.962125336880591
13054,8.957350536938044
13055,5.186796051764242
13056,3.5364687108475135
13057,2.0806986174296873
13058,6.596486898988961
13059,6.036184872381044
13060,5.674961158874456
13061,4.467816584537865
13062,7.228807942720896
13063,9.26589507921256
13064,1.7166139450523823
13065,4.427162286150669
13066,6.979667812903183
13067,9.064006708018315
13068,7.386086933084529
13069,7.427904458201552
13070,4.535642450661568
13071,4.943482753932634
13072,5.963145270679014
13073,6.4245412373599375
13074,3.9052761407465937
13075,3.599072832119229
13076,4.653550352417281
13077,5.799013154617138
13078,6.3156634630473105
13079,4.091990366413519
13080,7.478421170795509
13081,5.949976389024022
13082,4.284433919399628
13083,3.4636084537977414
13084,5.122943462774407
13085,4.49984119462535
13086,5.864290894720131
13087,3.1128532853382223
13088,3.311421398499549
13089,9.130973041519058
13090,7.789934875722832
13091,8.023057254342692
13092,7.56239175739279
13093,5.991982616021079
13094,3.147254409574928
13095,5.376083068545164
13096,6.017396557573841
13097,4.0699210287409135
13098,6.448358235408965
13099,8.516376905745783
13100,4.2688498056854725
13101,5.673221795465756
13102,1.3063328186137724
13103,7.163379434219219
13104,6.7076320024100005
13105,6.878748443468091
13106,6.192549058793721
13107,3.669042842079931
13108,8.54016097997687
13109,5.663705944367617
13110,4.563843441761235
13111,5.52667060338715
13112,7.44168647592899
13113,5.8987076730918995
13114,8.63243695167674
13115,6.567552312225437
13116,8.237895157220608
13117,1.8537312149552743
13118,9.74285747291896
13119,6.442841433104897
13120,2.9738638738884107
13121,5.49295391161884
13122,6.819439649419054
13123,5.88877607923432
13124,4.092639344812462
13125,5.285003483056631
13126,4.385951951483831
13127,2.112868192125454
13128,7.768638079945686
13129,4.627227446257309
13130,7.315965596864894
13131,2.2181034162982027
13132,6.000883749933993
13133,5.1287640009116515
13134,7.285853101627352
13135,5.028918370977458
13136,2.4036525963237945
13137,7.088144046511731
13138,6.78384702153299
13139,4.840375020817455
13140,8.799051911776674
13141,6.599718945261112
13142,4.498127105559592
13143,8.20390832471856
13144,7.732191042669978
13145,6.16177089039449
13146,7.206818123740399
13147,6.365016736975216
13148,6.563135660637247
13149,7.4253134953124595
13150,3.703951873401144
13151,2.87879979232544
13152,7.120461584337026
13153,3.6295409131487766
13154,4.434348241230178
13155,7.306829181404263
13156,4.734652760330172
13157,4.531538462450985
13158,5.058537420466462
13159,6.740938599874414
13160,5.648499993064918
13161,9.790354359668854
13162,8.11528755852193
13163,4.422816244374924
13164,7.453117163164182
13165,3.787199148806042
13166,2.7950772998956257
13167,6.257404888605507
13168,3.9680451107946553
13169,5.603895724186108
13170,7.4532602421746015
13171,7.099712959489916
13172,6.28659895146653
13173,9.454260083136306
13174,6.560985506197898
13175,4.420919325962193
13176,5.7202522516935295
13177,7.7863096854740625
13178,3.495322663373341
13179,8.62398708775498
13180,4.626571792003885
13181,3.5563184895185618
13182,8.212177023041903
13183,5.716760454510287
13184,6.835932737026
13185,7.363257639792334
13186,7.7421113673578965
13187,7.336342792878837
13188,4.399458331964597
13189,4.445298940960142
13190,5.81771361794288
13191,3.253284600114812
13192,8.561648869382413
13193,7.7339474511620825
13194,8.31925876230004
13195,6.047798422551816
13196,5.5552231820256175
13197,6.2868207477408165
13198,7.511911422359617
13199,6.276291487390825
13200,9.014496023179994
13201,2.674252241658528
13202,5.1931736969374365
13203,7.002755683255686
13204,4.488956186964916
13205,6.191026255953894
13206,4.138548312087943
13207,3.4263594240464967
13208,4.513620422034091
13209,2.527183864934335
13210,2.845518166482894
13211,2.57490668237868
13212,6.8845479149571895
13213,6.795191197515442
13214,4.963000633062943
13215,2.7480320168932137
13216,6.172643144457325
13217,6.294116287945325
13218,7.967281630924875
13219,5.810027423502629
13220,6.457944079797656
13221,6.299367531119617
13222,9.443871339132231
13223,4.897358131402971
13224,4.343350433251301
13225,7.706734367584338
13226,5.897136779806419
13227,5.382915859204911
13228,8.530951052213657
13229,9.099504446121408
13230,6.282199176859487
13231,4.298292966068842
13232,7.701772100528531
13233,0.3350775417505567
13234,5.3748788978072435
13235,6.761361694858253
13236,6.466533089840629
13237,7.30459331924159
13238,5.610564917643097
13239,5.208614320612743
13240,3.5804171430846097
13241,7.751274255802913
13242,5.034740002761793
13243,6.8777093190013865
13244,5.991733859230336
13245,5.020542718736792
13246,7.097118667411257
13247,8.22351386944043
13248,4.846107408990807
13249,4.71491051131212
13250,7.899714521222428
13251,5.380947777496618
13252,7.725407144060251
13253,5.605607576459476
13254,3.2235920032777803
13255,5.700420215155388
13256,6.6641137526786425
13257,7.215221024466293
13258,8.140460594351149
13259,5.177409706790077
13260,8.488178786734347
13261,9.426497955699967
13262,4.389116440871076
13263,6.501781595276658
13264,3.3367149043574145
13265,5.473300427990387
13266,6.408621153204833
13267,4.045279876297484
13268,2.8666354611519873
13269,7.0878203554960235
13270,7.630976550445945
13271,5.114425092120434
13272,8.371990000735165
13273,7.8404614058350015
13274,8.269840118542323
13275,8.16152982642547
13276,6.33378769452751
13277,6.887404713095448
13278,1.1642335572116513
13279,3.46826060912113
13280,5.220570294744454
13281,6.378648500102011
13282,5.651681779320373
13283,5.3190266759686216
13284,4.896473753336118
13285,7.113340847629242
13286,6.592838942775652
13287,6.897117435893251
13288,5.080430402731912
13289,6.982644006460946
13290,8.620668935947375
13291,2.7132576828646506
13292,4.743518808680502
13293,3.907777476219904
13294,6.898573135274048
13295,7.714501430188447
13296,5.800876455598143
13297,6.251702870619062
13298,8.248665736173516
13299,5.773951599230049
13300,6.270733614949078
13301,6.273270858025512
13302,4.662803781051213
13303,7.1777884855907645
13304,6.148769157216133
13305,4.45955084100955
13306,5.910014345762847
13307,6.868913723172165
13308,4.284303131569034
13309,2.8220844912614442
13310,3.0805481176173597
13311,5.556147205838437
13312,0.9702007472497605
13313,5.383707056817813
13314,7.583641075523801
13315,9.176822394989768
13316,4.589687222452986
13317,3.191490221621323
13318,5.31081280430787
13319,5.725065782823421
13320,4.6543007969596975
13321,5.912075049948231
13322,7.259649674999737
13323,7.700473124863306
13324,6.906986476295376
13325,3.2501315035330265
13326,7.941150433336232
13327,7.135642485505729
13328,6.559217186054069
13329,7.3180307918653815
13330,6.870899590572478
13331,5.96978943838357
13332,2.019396294965195
13333,5.246063102612792
13334,2.6458532532151904
13335,9.979725126231738
13336,1.8686253678857925
13337,6.993684066977071
13338,8.458663534330112
13339,8.676715713255474
13340,7.846210699037752
13341,9.140998632531456
13342,5.585090061092906
13343,6.141983735661614
13344,2.6653733837336158
13345,3.506892735895892
13346,3.557487765986981
13347,8.871709641293343
13348,4.035918181265228
13349,2.7800025519761937
13350,3.2824648310455777
13351,2.6330590898924453
13352,5.484564407480367
13353,8.105855515073522
13354,8.120701105612877
13355,2.9942761459728824
13356,7.235145719338305
13357,4.0341866196748235
13358,8.083290980724957
13359,5.503459640076935
13360,8.163813893771673
13361,6.689462668047336
13362,4.127327987521575
13363,6.865931548720504
13364,5.03988748557524
13365,8.44944733365247
13366,8.364760433487561
13367,5.0221776421529745
13368,5.472213292098697
13369,6.775101405393484
13370,4.295834062735281
13371,3.366372757698051
13372,3.849530929665497
13373,8.051792869624055
13374,6.705306812678982
13375,4.197727621955019
13376,4.931644357337519
13377,6.536168754163895
13378,8.751376009546973
13379,5.209584032653822
13380,2.411623224729735
13381,8.752258718618386
13382,3.9310212023388726
13383,7.389152793375869
13384,3.643744259913686
13385,7.716964461123461
13386,3.147780977936633
13387,2.653270094072214
13388,6.1958146222725095
13389,6.376354970607983
13390,8.661045390320146
13391,6.619310917196839
13392,8.253295409421034
13393,5.175146083350283
13394,4.696081632984048
13395,8.992325798949105
13396,8.898383726813954
13397,8.153833692867602
13398,4.740312732035537
13399,7.031947134853487
13400,7.7900980441857035
13401,6.201753241271427
13402,3.958292848526542
13403,8.525677181962493
13404,5.873451489314919
13405,10.0
13406,4.080825036017919
13407,2.9880753711755137
13408,3.600910012442017
13409,7.525265633709115
13410,9.166736101094129
13411,5.4011570655152905
13412,6.158338428328395
13413,8.577308480025403
13414,5.375261563412632
13415,7.121906598680605
13416,8.410959570724232
13417,5.976506378513135
13418,6.526547905773477
13419,7.04536203889225
13420,6.945600989405366
13421,4.879474415821488
13422,4.883956653605878
13423,6.510775251103325
13424,8.486602456553069
13425,6.624797283288045
13426,5.710750249486931
13427,6.414833281046787
13428,5.318964990149311
13429,4.058303133357334
13430,3.8551989891351637
13431,7.816105619677479
13432,7.5579534339012735
13433,5.336456296548392
13434,5.723045816125086
13435,6.232393926660159
13436,8.720646725492955
13437,1.816615986698665
13438,2.971917011319715
13439,10.0
13440,8.134327925585017
13441,4.342495614919995
13442,6.769449467067413
13443,5.7168219504665405
13444,6.02792490353709
13445,6.674782204706556
13446,9.12671133501247
13447,2.27107011962387
13448,2.7638074293190273
13449,5.560710448461093
13450,7.618890523573361
13451,5.6462409959867
13452,7.829304815109382
13453,5.010534668212526
13454,8.32771681582373
13455,5.024658709825748
13456,2.6539450001496703
13457,8.102893018470105
13458,8.139361757430372
13459,7.1299110521765545
13460,6.33630107412081
13461,4.29411974601253
13462,4.628023415072694
13463,2.994271607841885
13464,4.2026405269273175
13465,1.362516990733685
13466,7.9522511329117345
13467,4.0598989561397145
13468,7.406664340151973
13469,5.038638730854624
13470,6.30945683062041
13471,5.244088972700635
13472,3.695854509165003
13473,7.431529132600069
13474,4.794251284349915
13475,7.43065053039608
13476,6.728364794424228
13477,3.9115140548490843
13478,3.213445286677369
13479,5.185663531219583
13480,6.438791805118974
13481,4.755728649895975
13482,7.413250934567896
13483,7.5531337041713655
13484,6.0124011106455555
13485,7.055690979413811
13486,5.61902928777474
13487,4.969009382277697
13488,3.2365509896655613
13489,2.509562231870412
13490,4.271066387987222
13491,6.026236354010486
13492,6.344750076702075
13493,7.5712553152583215
13494,4.098485184870828
13495,4.670441370189059
13496,4.880810069953761
13497,5.967804869677825
13498,6.382991123952051
13499,7.612247253583149
13500,4.700495546263669
13501,6.76138309228818
13502,4.905389280195108
13503,7.052682530457919
13504,8.336400835341925
13505,4.543133963486412
13506,9.101811678842896
13507,3.5183997914809995
13508,3.458009268205589
13509,8.37687019201307
13510,7.914762481815561
13511,4.004039265172507
13512,7.002059007691264
13513,2.4430746331079276
13514,8.330121665966026
13515,7.698398392091858
13516,4.321064590007886
13517,5.977094665289224
13518,8.791274825353169
13519,8.441774300936387
13520,5.9426015247630914
13521,5.503334936134483
13522,4.3789865069591
13523,3.9155711545879877
13524,6.250623353579831
13525,5.9668867499327325
13526,3.1554751635001894
13527,4.1384315508381375
13528,9.225341726296975
13529,7.3434939441794045
13530,2.3520495192969118
13531,6.463359207884828
13532,6.9259494739715715
13533,2.7034616811017824
13534,6.1243023579326605
13535,2.9978215950842455
13536,4.768157915112022
13537,4.791916876274512
13538,6.327712504769113
13539,3.948512130273893
13540,4.693653622358369
13541,8.732772922512204
13542,3.378540029460905
13543,5.320835737250951
13544,5.394081062967236
13545,7.652809047317772
13546,7.626199773902296
13547,8.312088254242338
13548,4.147521021513263
13549,2.722427340858164
13550,4.931743172833741
13551,7.552241697556625
13552,6.698428971689478
13553,6.757275218479367
13554,4.402223496843602
13555,6.836946950494918
13556,6.311706991719628
13557,9.853446278874786
13558,6.893556962017845
13559,9.123906733056796
13560,5.68315271486413
13561,4.343529410054315
13562,5.145012893942861
13563,6.7913299227677975
13564,6.663280750382171
13565,6.3222638765718475
13566,4.454305419009533
13567,5.472956763067635
13568,5.48437109309494
13569,2.5686468513893943
13570,5.020398792973611
13571,6.435666907514092
13572,7.161639708642006
13573,7.381777725990499
13574,9.184194798466324
13575,7.750799832689134
13576,6.022007032750702
13577,8.909046802530916
13578,2.4300375130467557
13579,4.435450701565137
13580,3.7564684001089184
13581,6.021205927653577
13582,4.589900661552142
13583,7.725676272635819
13584,7.125501853078765
13585,8.474240457072606
13586,3.233711375233413
13587,8.081701490945445
13588,1.315399430361566
13589,8.527234314421303
13590,5.40998191680433
13591,6.030589756636987
13592,8.865967758067328
13593,6.1099496717805595
13594,5.6904807315012995
13595,5.44027398936335
13596,8.53721080684105
13597,5.129274797030326
13598,6.557749507769695
13599,1.6266599231000396
13600,8.598501710930512
13601,4.75686805723753
13602,9.243552410599003
13603,3.479095792607803
13604,7.706112312797203
13605,8.12528875508795
13606,5.830604227663518
13607,4.627559462087477
13608,1.2766469033096937
13609,3.493002523942109
13610,6.2623200424067935
13611,5.4557496263997525
13612,9.523492454931459
13613,2.1579474596070245
13614,4.961633273386881
13615,4.619333005425351
13616,4.232598706515159
13617,7.11358949585807
13618,7.934214431265651
13619,5.88099979537704
13620,3.4127289504550715
13621,1.7474758576867173
13622,6.1638510717974
13623,6.347332457706215
13624,10.0
13625,5.325214436968545
13626,6.312905843302729
13627,9.435520147975554
13628,5.142395968577519
13629,3.6696003960781924
13630,3.928898155915727
13631,8.467893888911524
13632,5.1100329392073665
13633,4.693201311709879
13634,6.858968567074115
13635,3.9212979619453083
13636,6.294510737469322
13637,7.313240910806489
13638,4.614670257841967
13639,5.056585388508334
13640,5.614442953420495
13641,7.503168617118758
13642,7.276916754838083
13643,7.075253116124334
13644,3.3906850701813473
13645,4.052471054627167
13646,9.3334159089919
13647,3.97002811077062
13648,9.088300507198982
13649,4.8679807119980785
13650,5.331449377673268
13651,7.469297869137905
13652,6.591871922904138
13653,6.678556213647412
13654,5.64923767440148
13655,6.463660533660936
13656,4.429349058853802
13657,4.1232388407050085
13658,2.938910217846346
13659,4.823300973330656
13660,7.689694368734357
13661,7.543818931209826
13662,4.7641383707372285
13663,4.908003856684847
13664,7.161632843967876
13665,7.162448460346317
13666,6.790398618358128
13667,6.948585255753217
13668,7.076775839772891
13669,2.769958480737883
13670,8.18530870360167
13671,6.483497264051484
13672,8.562684334512463
13673,7.065222506775465
13674,5.3002796105949725
13675,6.012197609028051
13676,7.326595959612524
13677,8.76111825713664
13678,6.646279436526816
13679,3.534744900278824
13680,5.146827052864582
13681,5.48961289226682
13682,5.081669642246388
13683,7.639899950624774
13684,5.618684860324329
13685,6.630944983357033
13686,5.7290975691262895
13687,7.248766894464241
13688,6.82179281262552
13689,7.357014976212058
13690,7.524568981170464
13691,8.795521157135031
13692,4.3946590005944985
13693,7.1996781369226674
13694,5.045240617735408
13695,6.2339194976647265
13696,7.756818382769061
13697,8.133669215892832
13698,5.3396208735658375
13699,6.214293495012018
13700,5.1670916729719005
13701,3.66586454360568
13702,4.592497283271077
13703,5.838850716634691
13704,3.359824010638899
13705,4.470498692944097
13706,8.361024688271694
13707,5.6997795793327395
13708,7.564916591230571
13709,8.46850356719233
13710,5.399508515949131
13711,6.5466487806543086
13712,5.016328213250518
13713,6.503405937532865
13714,5.0085775172868425
13715,6.570350600594113
13716,6.086855099226052
13717,2.3098129210122726
13718,4.257533518112295
13719,6.992019163499064
13720,7.963067911247825
13721,9.03150265191121
13722,4.999397291602802
13723,3.4596458320518853
13724,6.840302104310225
13725,6.329022604642592
13726,1.8122486512074536
13727,6.557871327631933
13728,4.261029980925233
13729,6.95381248632677
13730,8.17226110361367
13731,6.695094272511111
13732,4.181462816294724
13733,8.743930635396882
13734,2.3597286787759004
13735,5.210477375294236
13736,8.259523472117303
13737,3.2577358271133545
13738,5.33785238022981
13739,4.720088900038067
13740,9.438438854167037
13741,5.51808241982697
13742,6.731228394806407
13743,7.739195805473983
13744,5.796788593331118
13745,8.300326070199704
13746,7.146371306620152
13747,9.194573610223827
13748,5.834304235638641
13749,5.242655201567138
13750,6.192230386616104
13751,7.68529931884356
13752,5.406976152647156
13753,8.587409372768208
13754,5.331371686415355
13755,5.885255809309344
13756,5.242378563681932
13757,6.93327883354688
13758,5.223663600927613
13759,7.191084282658644
13760,8.553486244190568
13761,9.2924485693178
13762,4.761244985711509
13763,6.78020826231898
13764,5.8482987704191824
13765,4.094081040569821
13766,7.887354622171886
13767,4.1429212704503975
13768,5.318405733704348
13769,4.246151447158407
13770,6.424004605509764
13771,1.272428751473293
13772,7.125049678612255
13773,8.327412943604656
13774,9.195040049742772
13775,4.680441421528338
13776,3.359153430176146
13777,6.884915613794096
13778,7.658125144252106
13779,7.521718389109249
13780,7.433091902637016
13781,5.820910940546398
13782,7.559117166417938
13783,6.48056814319157
13784,9.292821532203337
13785,3.5814512843371036
13786,7.164996822402629
13787,6.821236339582315
13788,5.877745681382025
13789,6.18055832629842
13790,5.187965113269325
13791,4.837487244062745
13792,6.987043473190556
13793,5.490790786709147
13794,5.003600195972452
13795,4.977503203163047
13796,5.2544462776205405
13797,4.537022933237091
13798,6.292279973917119
13799,7.295001307675449
13800,4.772613360458531
13801,3.638304907213881
13802,5.61063080030767
13803,2.311113753913025
13804,4.257611551463775
13805,3.0152195851879933
13806,8.21363528936422
13807,4.139144158109695
13808,5.4615304243995135
13809,4.29536340531633
13810,6.785610511769997
13811,5.579961786220355
13812,7.165326416544184
13813,8.05528276507697
13814,8.387182630008878
13815,4.358495758091232
13816,8.342267477564732
13817,3.6957831709297913
13818,6.421090391340531
13819,4.810426335564316
13820,8.3393676094322
13821,9.020008520110014
13822,6.994573280473061
13823,6.606144962765979
13824,6.262995971552207
13825,6.674011205822232
13826,5.290651912824846
13827,4.940923238433674
13828,5.977601173914325
13829,7.723891635025628
13830,3.5554711961712515
13831,7.613963157430849
13832,7.7445766322436596
13833,8.241726185855363
13834,6.267436664812146
13835,2.506370681114002
13836,4.614189733759553
13837,5.610329010112042
13838,8.53684699236519
13839,5.836003895082699
13840,5.492401775291408
13841,7.931953651209997
13842,8.193355852781274
13843,8.477116674838575
13844,8.940540380036389
13845,9.603808631054882
13846,2.138748857538682
13847,6.672150379085415
13848,6.57140802175023
13849,4.863571255462325
13850,4.711652389923344
13851,2.263577059097857
13852,4.879139212830393
13853,9.637954587326202
13854,5.225993632750208
13855,7.149854825152143
13856,3.4871077614411665
13857,7.347110480738129
13858,5.566124301530094
13859,7.615544364287075
13860,8.965972276494897
13861,5.562008223841884
13862,4.736433203167258
13863,8.948365033701014
13864,6.984824817270074
13865,5.771312588949876
13866,6.69834936528266
13867,4.115988039781187
13868,5.153140654836945
13869,8.062591222316827
13870,8.607556276317627
13871,8.98656132648772
13872,5.896998292017144
13873,9.488372654813032
13874,7.453514584648074
13875,9.104825261367262
13876,6.972698515377784
13877,6.310267151319163
13878,6.259394640432031
13879,5.7510419785187175
13880,7.862520383603924
13881,5.887087381985602
13882,5.484369646356645
13883,7.78440075519357
13884,5.932343606375078
13885,3.4312095154814086
13886,6.075546256778159
13887,7.406997659209453
13888,8.275427839307568
13889,8.082993744606464
13890,3.1976220882754567
13891,7.28359682664568
13892,6.124967533578223
13893,9.324445223503789
13894,7.135583823557058
13895,6.470598202187861
13896,5.788852146410532
13897,6.794629508215863
13898,5.038728281163527
13899,7.4587422706604745
13900,7.148073000025823
13901,6.5995953768171765
13902,2.3767203366929768
13903,7.049222589086022
13904,3.1213094096364755
13905,5.680825065091536
13906,5.902679742958418
13907,5.499911953516037
13908,7.241205939925421
13909,7.728186130861448
13910,6.590977455167933
13911,8.050703318782416
13912,2.6705604102069
13913,7.319429248845311
13914,0.8665083509759635
13915,5.877904648414276
13916,7.416387295138506
13917,8.032601846545752
13918,8.018333718365469
13919,7.3003127819621065
13920,6.609110689704613
13921,2.692740394856933
13922,5.142977804114916
13923,8.503252434529797
13924,7.14427705834067
13925,5.483078655799249
13926,7.633825593286954
13927,8.308645751301077
13928,6.8561031798686125
13929,6.525981063245047
13930,6.364691882222968
13931,6.95079898540862
13932,6.858757045995238
13933,6.348316127143591
13934,7.284337154901921
13935,3.146735859785078
13936,7.353148967920682
13937,4.199594584944785
13938,2.5548693924396044
13939,7.100224489605587
13940,6.67857150709036
13941,4.478658412845919
13942,3.782661121846233
13943,5.317266185624258
13944,6.777705831988649
13945,6.519216113053954
13946,6.412802142817954
13947,4.545628034731474
13948,8.350398454619977
13949,1.806179562879511
13950,7.542807183476378
13951,6.994511512688157
13952,4.578800416992568
13953,5.052250212859235
13954,8.100330375407399
13955,4.193560837477499
13956,1.9685922498258606
13957,1.8180435434497455
13958,8.206288776355704
13959,6.176653210411468
13960,5.3963065087361795
13961,7.071509297312409
13962,5.769625546839399
13963,8.241710466093158
13964,5.297226806116901
13965,4.677313037073107
13966,5.327930517174557
13967,4.610747614289716
13968,6.048893836727745
13969,5.565471989418545
13970,9.25838186166217
13971,6.143789978910577
13972,8.867654038669913
13973,5.750766140155536
13974,1.5683375493015763
13975,6.561416384643586
13976,7.547939488049011
13977,6.390634710507074
13978,7.235956142630606
13979,6.711333457670069
13980,8.530680323533018
13981,6.705477290246563
13982,4.995256496831098
13983,4.854361297828705
13984,3.147562486461765
13985,7.499921100837099
13986,7.651315821056126
13987,7.4477927076480555
13988,5.800207720549845
13989,6.528960600398919
13990,1.9380832248699502
13991,5.256756247162632
13992,6.944910994635456
13993,6.677110970921464
13994,3.1649933504815486
13995,8.197167871181515
13996,5.953396435512811
13997,6.75912462500374
13998,7.28448098622248
13999,4.375769913920955
14000,7.5897027190539665
14001,8.914625412075868
14002,5.259666840700136
14003,8.848560584575695
14004,7.6690254145484
14005,6.873634043951805
14006,2.887442969503443
14007,7.8778820791050626
14008,6.730532657982046
14009,3.440940917184593
14010,8.429176998320186
14011,3.349805623853584
14012,3.3119158481848325
14013,6.716938291671372
14014,4.192376729691689
14015,3.1348211342745844
14016,5.464987340415143
14017,6.197429345732806
14018,5.925781623806541
14019,8.589191910033877
14020,8.997591063089402
14021,8.358521524013979
14022,7.0347283392823785
14023,7.127432429319172
14024,4.897200399066031
14025,1.3619352236759397
14026,5.921334438698166
14027,8.528745993714775
14028,6.064020491718134
14029,6.000203874276386
14030,4.780225751982016
14031,2.052042569915355
14032,4.602396059962822
14033,5.410811995312202
14034,8.063628924051544
14035,4.207847084906699
14036,8.457547108689326
14037,7.753687952231712
14038,5.85151725750333
14039,7.6652437223043
14040,8.320867167899312
14041,5.149011693660677
14042,5.2956253222947405
14043,6.134226601765839
14044,2.9280453185724187
14045,4.102885953312874
14046,5.122649313362721
14047,4.390736507914387
14048,8.379815494670295
14049,6.465594695902567
14050,4.8780283558612645
14051,7.572307154122831
14052,6.007456424708784
14053,3.3571871800701847
14054,9.104218632945793
14055,7.279848771094069
14056,6.901751111924692
14057,5.214681091029118
14058,4.948153264226593
14059,4.4152537169014865
14060,1.245243769802116
14061,4.069503797581867
14062,4.5947843404545035
14063,4.378863499630641
14064,2.418150102776361
14065,1.2933286960702257
14066,9.08106287481745
14067,1.995228540251141
14068,4.552847745201907
14069,6.35238511922685
14070,6.844033318985663
14071,4.855191185611349
14072,4.846186755554329
14073,8.26979629249891
14074,5.4866246233464775
14075,4.957683637751213
14076,7.065137012580082
14077,3.6681639018737635
14078,7.181499169091274
14079,6.269823398721711
14080,3.985508267283243
14081,7.560970439401691
14082,5.97429113161842
14083,5.136077527590512
14084,2.4822144415604024
14085,5.761519069736346
14086,5.667128050453328
14087,8.245911746080319
14088,6.251841989372254
14089,6.208373681380525
14090,2.0573187890804245
14091,7.109417201882892
14092,5.7386161312506
14093,2.719154631401442
14094,4.249104095858304
14095,7.234166927125621
14096,7.59918926677131
14097,6.061997981801352
14098,7.229608171830139
14099,7.64158922721957
14100,7.354138859001892
14101,4.700849767524879
14102,4.358914731208659
14103,7.591651570602688
14104,6.48175466339417
14105,5.2666758788008865
14106,5.628443851674033
14107,5.741744224567997
14108,5.212219579071192
14109,7.358545671122874
14110,4.448620906644102
14111,2.2852440844644732
14112,5.729999869654588
14113,5.040546318390458
14114,9.950109469325307
14115,6.274230617299318
14116,6.34883351631128
14117,8.387604206196226
14118,6.920405506484485
14119,6.286919664659565
14120,6.23680684357555
14121,3.652769824440217
14122,3.9323197973547517
14123,4.770781167250245
14124,5.369770620433582
14125,7.958496542788113
14126,7.066318554903848
14127,8.211376833559003
14128,4.985669278828666
14129,3.2959838480903882
14130,4.0985777353045725
14131,5.833060768546142
14132,7.475811503311913
14133,9.93125151187508
14134,6.580827563034429
14135,6.277549893974964
14136,6.592975703655201
14137,6.51237941845395
14138,4.260739891798598
14139,7.551989054020651
14140,8.762930615627118
14141,7.338754693248124
14142,6.409814529607469
14143,6.21042147316179
14144,6.326708168128384
14145,8.001205744164634
14146,4.338242427468883
14147,4.851612258674777
14148,7.870570948894596
14149,9.58055328440968
14150,3.032802856557822
14151,5.384089150673009
14152,3.0378944001420316
14153,9.704802829270696
14154,6.3709585856710165
14155,7.347043513835741
14156,7.842036024743968
14157,5.931552040384985
14158,7.197059691301119
14159,5.289536915203957
14160,3.752440129343397
14161,6.979102174978099
14162,4.421919077928877
14163,5.1450885664474875
14164,7.728651021395102
14165,6.2589657549592115
14166,6.815516022163357
14167,8.874515554769943
14168,7.076348207008558
14169,9.317661494676054
14170,6.2782179417632715
14171,2.240065898223503
14172,4.278422588902049
14173,6.523341649427689
14174,6.5263348423003755
14175,5.056678850277394
14176,7.713151845954766
14177,8.480960103741936
14178,8.098763817787148
14179,7.0514625663758315
14180,4.871027167908048
14181,8.805407826709242
14182,5.42655782226726
14183,7.509685346736679
14184,8.485451424237628
14185,5.630847245697662
14186,6.506497630929018
14187,6.202372121373968
14188,7.030509812722926
14189,7.066524141170634
14190,6.142069852535873
14191,8.279436603119175
14192,7.288670253917818
14193,7.321364984869145
14194,6.944121729027425
14195,4.860247691717301
14196,6.854843090367821
14197,5.911302147585615
14198,5.449688496076764
14199,5.22672732574274
14200,7.679980717793445
14201,4.003384511458158
14202,4.354903983578872
14203,5.94384002168243
14204,2.8718608177947753
14205,8.446020326835752
14206,4.792094534860914
14207,4.210879546118538
14208,6.197750391301078
14209,8.878421184717675
14210,9.126215954103914
14211,6.306155295174783
14212,6.841932798802427
14213,8.401969344191926
14214,7.694655060089539
14215,2.3646748140263996
14216,6.721182798361186
14217,8.996764578654293
14218,9.151016159611554
14219,5.368777543410035
14220,8.470246653227978
14221,2.794920997592801
14222,4.71832857137125
14223,5.202071421153005
14224,5.8882584508043045
14225,7.4242581981349725
14226,2.236950231979824
14227,6.155927854509035
14228,6.6465528055750696
14229,6.049228864808609
14230,3.8416360380873837
14231,5.111760458641441
14232,7.198479349809173
14233,5.181948979562487
14234,5.819964322887678
14235,3.804220649186495
14236,3.652301868596384
14237,3.8584287594382816
14238,7.14889157960306
14239,9.093984552814167
14240,4.459496562385986
14241,8.394869547846042
14242,5.189689777106335
14243,3.7083185788190107
14244,5.394435150773969
14245,5.631097918642848
14246,7.3381567506886425
14247,5.0902947259619165
14248,6.56933380751471
14249,5.2545075134027694
14250,8.937531755596227
14251,3.2874099110055064
14252,3.460318490501937
14253,9.878427868137573
14254,6.92141816812349
14255,8.16227585992224
14256,5.408102883454822
14257,4.547746360005913
14258,7.873868564609559
14259,6.0923541407952175
14260,1.7696755318112833
14261,7.505006749685531
14262,5.3840439324004405
14263,1.840174777505055
14264,9.558469126614547
14265,5.502051844408503
14266,5.634683624203033
14267,5.420212129360656
14268,4.485599709297238
14269,7.296584502898937
14270,2.6476378108738725
14271,1.7532309493349274
14272,7.442081341521334
14273,7.115591127853967
14274,6.606657723798505
14275,2.0104799081537705
14276,7.685091211287175
14277,8.277475797485922
14278,7.793212896676163
14279,7.241945287731276
14280,6.167646668847903
14281,4.866385572084074
14282,1.914192161376888
14283,4.752818003065001
14284,6.679146282842531
14285,3.809258095427163
14286,4.726152143282802
14287,8.98874985212018
14288,5.103240292024951
14289,7.843684850531677
14290,6.79194999069373
14291,5.871693832363305
14292,5.915295804398901
14293,7.710036790140832
14294,6.383019870486769
14295,6.48470068523823
14296,5.968520261138387
14297,5.135248528364397
14298,4.628895279792394
14299,6.2897997165510695
14300,8.339384850259
14301,5.218104269596653
14302,6.494193241050008
14303,6.777299140892699
14304,2.131789497798422
14305,7.076542166037778
14306,3.1876971241648455
14307,8.262997326415519
14308,3.411855862921698
14309,6.175705469931789
14310,3.6765155953329725
14311,7.783023972903224
14312,4.324281524683316
14313,7.5725037178882735
14314,3.372954753800166
14315,4.372662638515796
14316,2.7976575012787204
14317,7.668426486393671
14318,6.511855635102244
14319,5.841416515281916
14320,6.399958408598782
14321,6.928091749266187
14322,6.056568881335724
14323,4.525966486994488
14324,3.8033223061089223
14325,5.426209967293108
14326,9.541170088669316
14327,5.068439044188085
14328,5.482964995032788
14329,4.504729705479575
14330,6.957871727010728
14331,7.880478884855212
14332,8.539899588453276
14333,9.110790550198782
14334,9.613682519684115
14335,6.297389659619992
14336,5.566723918645508
14337,4.339163487808192
14338,6.574053771570341
14339,7.68424974846874
14340,8.853998704598352
14341,7.18022997257161
14342,9.302536535863153
14343,7.249850565724299
14344,6.027561247649654
14345,9.64600262839237
14346,5.665898821044211
14347,5.287938441520885
14348,6.590264870007882
14349,4.176376204466137
14350,6.952943891907223
14351,4.312715100692387
14352,8.25211452218503
14353,4.597410055453613
14354,8.375454592906777
14355,6.489078278272073
14356,7.474347392451516
14357,8.291375014574852
14358,2.782838466957305
14359,7.015443201402216
14360,7.6843537946449985
14361,8.362741671073323
14362,6.352574523451857
14363,4.78926204540031
14364,8.568210213367086
14365,2.934281044089993
14366,5.661486263247266
14367,6.595706140861174
14368,5.182997069962119
14369,4.992081539343024
14370,7.443380417431932
14371,4.230432825369021
14372,7.442109745650312
14373,7.536707817231859
14374,6.7370475815133535
14375,5.813227994749642
14376,2.1987552702931694
14377,6.029864761301126
14378,7.242534367226102
14379,3.8408092130686047
14380,6.717128904391794
14381,8.712470418015332
14382,9.27790935298128
14383,7.382569471238508
14384,7.136829304602464
14385,9.550845710625277
14386,8.859107489397308
14387,7.113665636015361
14388,6.949574577977667
14389,3.5553541828382484
14390,6.163219738112961
14391,7.423326585741432
14392,7.3077659508598565
14393,2.47055763980922
14394,7.869378572112875
14395,8.672824270083105
14396,5.362170092695133
14397,6.94088749940929
14398,5.132616704059295
14399,5.494574324974264
14400,1.1529303360851515
14401,5.523121418880832
14402,6.003119137320974
14403,7.947694873062591
14404,5.689156447004211
14405,9.121322006257518
14406,6.469053576213901
14407,8.12049272273984
14408,7.634684957332638
14409,6.38699215242933
14410,7.964943340195705
14411,7.662364124501412
14412,6.247942670820142
14413,3.0289251554824723
14414,7.427521626685197
14415,6.891981910020912
14416,5.7718069413057895
14417,5.81415237961591
14418,3.4303359013497374
14419,6.222387304570539
14420,5.154552332861871
14421,8.180629484115354
14422,1.0806542834984771
14423,4.559381377511868
14424,3.1732298542621047
14425,7.107455370191679
14426,8.247101183872788
14427,5.5333397853923145
14428,6.664204523429817
14429,5.698516461218045
14430,7.471758528075578
14431,3.5790711720882804
14432,3.224701692946394
14433,7.101674145811194
14434,5.304905502021851
14435,8.708161444704299
14436,7.917028683581956
14437,7.305066004198721
14438,6.859922883978098
14439,5.044340831841927
14440,6.014179935856752
14441,3.7457896196328586
14442,2.7976403935133973
14443,7.793255673151318
14444,5.630914917888535
14445,3.543673351015127
14446,1.4918420534856203
14447,8.034469115187708
14448,8.22618003036424
14449,3.306937727141771
14450,2.697481696878277
14451,6.463670819514173
14452,3.150009205430478
14453,5.178365995897003
14454,8.29042175820478
14455,3.9906228037340985
14456,7.552432429876763
14457,6.860160082168377
14458,7.098464747281592
14459,3.6569693547571105
14460,3.89941978439257
14461,8.853013875693618
14462,4.148653015509636
14463,9.691788369668025
14464,5.252986359949864
14465,6.95698695572421
14466,2.224488178111489
14467,3.654970822415059
14468,5.442605675953793
14469,6.696790489416856
14470,8.701749113718128
14471,5.012201898529801
14472,8.78393937148777
14473,4.673408819506184
14474,5.169372593033926
14475,9.002143399047409
14476,4.096587384279562
14477,4.5098886028216745
14478,6.057038268907112
14479,8.076130396934799
14480,4.791315969657248
14481,4.624107072904786
14482,0.6969123349704038
14483,3.781018091261027
14484,4.971807521741538
14485,9.11998213210441
14486,4.907266405972365
14487,9.251650072824189
14488,7.437179669819801
14489,3.895712976700566
14490,3.1661196746307714
14491,5.60476103947579
14492,5.760320841298409
14493,6.389466803886029
14494,3.3246387190604
14495,1.813814692793727
14496,2.0098759222884635
14497,3.882050877106377
14498,3.8513417047370484
14499,9.426078872834626
14500,8.134068224379265
14501,6.282646719828133
14502,6.135486708790055
14503,1.6820319235630092
14504,4.722034910223292
14505,7.415508676071811
14506,5.05935296202036
14507,7.477927476979601
14508,6.639851450660171
14509,7.870004046069271
14510,4.630620880966893
14511,4.865695938257156
14512,6.0283348594686235
14513,9.432751991316428
14514,5.969554428029074
14515,4.433529320215667
14516,6.848340780625215
14517,4.2403931030894855
14518,3.332421969372352
14519,6.116289470307428
14520,6.310537640411914
14521,8.181056209804613
14522,7.337582574321893
14523,2.445089245105804
14524,2.362157046731992
14525,3.2222978902206934
14526,4.348428808126451
14527,6.81304593807716
14528,3.5025812479991076
14529,5.512285654501523
14530,6.9109425864470975
14531,9.218135125593877
14532,6.473437097571696
14533,8.310020705929077
14534,8.793170101632493
14535,3.415435224697101
14536,5.1043146234611125
14537,8.132834483430859
14538,8.213642749875525
14539,7.0696005590470765
14540,3.8111872670702045
14541,8.181475813929236
14542,7.615224404776616
14543,7.33067202280299
14544,8.270915790033296
14545,6.423012896374591
14546,3.822479442398388
14547,4.2681298539684684
14548,4.903785600635793
14549,7.372070102898273
14550,5.340290596182218
14551,6.036486416020705
14552,2.237676034689479
14553,7.257076920439436
14554,8.034266061989513
14555,7.350931770395537
14556,6.975561902555887
14557,3.644642104972136
14558,5.99964170369364
14559,5.909764044736555
14560,8.290295102530072
14561,6.6747572976807445
14562,1.9555110614174083
14563,8.79984260094821
14564,6.168731487777616
14565,5.5215509653914
14566,6.716781396038086
14567,3.357865387309901
14568,3.2608557158851155
14569,6.120642925157658
14570,7.542899604697784
14571,4.129588896850709
14572,5.997137359627884
14573,8.18216310380163
14574,9.008388982937872
14575,5.48647641666827
14576,1.6506299180544008
14577,4.397936535395215
14578,5.970142280802671
14579,4.369821890729777
14580,7.433849871036956
14581,0.8258405293813031
14582,3.4846153827214152
14583,4.811836430391186
14584,4.783083234685468
14585,6.763283286372435
14586,5.165852226617831
14587,7.221104249257739
14588,4.025605138347263
14589,5.779974519160534
14590,8.795318779097519
14591,4.5336501524675175
14592,5.553976961825239
14593,3.844445339802768
14594,8.702488373963723
14595,2.1992325882046133
14596,2.4132041197032166
14597,8.123518999777406
14598,3.2930382497677444
14599,8.722194389513664
14600,4.5020933797602645
14601,5.798880139953871
14602,7.047542426814861
14603,6.810167131754803
14604,6.113977187740433
14605,6.373977662803076
14606,8.7133236955053
14607,8.321466222416392
14608,5.723166988365946
14609,7.617342152385554
14610,4.485550762115556
14611,8.21853281672556
14612,7.605265584368137
14613,6.477602605080108
14614,4.401649815960086
14615,7.549562363128858
14616,3.998497353093851
14617,6.286655680345591
14618,6.583821939493181
14619,4.391665275021002
14620,4.540371436146419
14621,4.795243687223006
14622,7.46766461604594
14623,9.469756899112978
14624,6.152951013865805
14625,8.481057902139405
14626,1.9947733036147535
14627,7.631879064367517
14628,7.470796789365033
14629,6.394778342560187
14630,5.678393144287629
14631,7.924747603697418
14632,3.4745882342405108
14633,4.587982252570411
14634,4.787358817115723
14635,5.572981034940744
14636,5.786385433505191
14637,3.2155583460251043
14638,6.0202932936501306
14639,6.585479131563673
14640,4.983682112010687
14641,5.638411876643116
14642,4.775528930738433
14643,5.507577599058429
14644,7.618591069142038
14645,1.1188629312319323
14646,5.580729565839851
14647,3.8131832433846475
14648,7.701031334020147
14649,1.6553776860459293
14650,7.596026457451506
14651,6.112220720686169
14652,5.902314476070649
14653,2.553393706692184
14654,4.288380582275559
14655,4.646002968645392
14656,6.286508115377613
14657,6.1658168229241666
14658,5.464771622527445
14659,8.340546978886598
14660,9.338654744320996
14661,4.474319239722374
14662,3.51018574690053
14663,6.684080468814129
14664,8.87596906879721
14665,7.624690445607192
14666,7.908180329128992
14667,2.6078430466138074
14668,8.493385727679398
14669,7.884644161901401
14670,4.708107845334067
14671,8.43010342895549
14672,8.881362393757891
14673,6.802451407498848
14674,5.973834175119608
14675,6.9289191869808215
14676,4.280443070289804
14677,7.411636689132158
14678,1.332355269020411
14679,6.857841238598331
14680,6.583950680902732
14681,6.129552715484474
14682,4.855197356758353
14683,5.28482129659175
14684,3.7006565186387697
14685,6.145033955358363
14686,5.364728728891212
14687,8.314920438922803
14688,9.674202326891262
14689,4.757888522246892
14690,4.572472344617889
14691,4.26375090529907
14692,6.01858117077483
14693,5.285171262649291
14694,4.713695097985863
14695,8.3436614322003
14696,4.082383386042683
14697,3.0464124742365213
14698,8.672833761393724
14699,4.014427948312624
14700,5.14302454622077
14701,5.854605618760223
14702,6.988377171931884
14703,3.752942737027375
14704,4.728498777099394
14705,2.3886138904296277
14706,3.1683194998400976
14707,2.2864213985559165
14708,5.951865469867006
14709,3.7284190591979973
14710,4.489742216698082
14711,8.029121425564304
14712,5.185102900248842
14713,5.85387296117304
14714,6.222198808012096
14715,4.924043270731558
14716,7.256738778291977
14717,4.543128670746945
14718,3.3088393574727544
14719,5.833383649889987
14720,7.084382099980062
14721,6.246601314593005
14722,7.826176229395519
14723,4.381846120800726
14724,9.273494909837913
14725,6.045277140136629
14726,7.894477451194473
14727,8.509435035058196
14728,6.745153986105351
14729,2.5497051226037546
14730,4.7689380730198785
14731,5.702118107512506
14732,3.339726606759771
14733,5.132921198018388
14734,3.3909665720994044
14735,1.9470311258779058
14736,7.386427851161384
14737,7.938517921429472
14738,4.085252325489069
14739,6.227522283441955
14740,3.159666786873689
14741,6.695551897979703
14742,8.283712988331214
14743,0.6560384580256748
14744,6.047584310275129
14745,7.108514289832643
14746,5.289832674765505
14747,9.121857405980226
14748,7.039627750552711
14749,5.859746759078275
14750,8.640523189540344
14751,4.21103908251837
14752,8.58036603654702
14753,4.701538078961815
14754,7.030413293896875
14755,5.071267898984137
14756,4.809243747071507
14757,5.391609018013009
14758,8.075909855630382
14759,4.45685548183065
14760,7.104149226560777
14761,7.04026221889847
14762,3.1727797992149607
14763,7.966835244973778
14764,7.426094364055247
14765,2.925819142178195
14766,1.6141238350873723
14767,5.2088054494515506
14768,5.542563828347921
14769,3.6811268932256267
14770,7.537523631350724
14771,3.3959140036351068
14772,5.123515664785113
14773,5.882551655771539
14774,4.946463360080953
14775,6.046569078614932
14776,9.028032696389328
14777,5.855176560137773
14778,4.530679238371061
14779,7.554595034340233
14780,4.78341493044362
14781,6.610904740110998
14782,7.454081913070395
14783,6.811161745381644
14784,6.309943667122683
14785,7.689814367347696
14786,8.010284922520777
14787,6.349724008572998
14788,3.9921069562815887
14789,6.125631749140039
14790,7.249770514784154
14791,7.396210271796597
14792,6.107727575778186
14793,1.9571984582231985
14794,2.328026207281728
14795,8.507219196333503
14796,8.101958047816604
14797,7.607788983401626
14798,5.307111025875892
14799,4.836242773789372
14800,8.40802718457284
14801,3.1566280289079685
14802,2.028185232514819
14803,8.574627313867753
14804,5.223223986721156
14805,8.394952180123811
14806,7.153818299002409
14807,3.9900952938593566
14808,8.523818852348967
14809,5.949812133409074
14810,6.886141971177553
14811,7.245533930551734
14812,7.936809964848103
14813,2.25330412480376
14814,4.711886612146466
14815,6.456325843621777
14816,5.137827881050961
14817,2.24631528724591
14818,4.407326337394543
14819,4.8992161597641495
14820,7.758178987167518
14821,4.544818712996758
14822,8.02503190040415
14823,5.423474322229762
14824,5.012122504028308
14825,5.040466844235484
14826,4.405678719206874
14827,5.7729624617674835
14828,5.189223841645071
14829,7.596827503288184
14830,4.673729453877661
14831,7.770985107369605
14832,5.681319360793112
14833,8.111729382869418
14834,4.0912261637764615
14835,7.546317902931653
14836,6.0731289180296475
14837,6.01740850853913
14838,5.067282266890202
14839,4.5025315768959935
14840,4.524237539099623
14841,4.237110690326143
14842,7.934370826894578
14843,6.455440343109634
14844,2.2522540363144876
14845,7.0099115849571385
14846,8.424258914511805
14847,5.800011569810973
14848,5.665599744909694
14849,5.539886648062111
14850,6.082419693740719
14851,8.749441122558254
14852,2.1808231789262766
14853,7.12742253259997
14854,8.130591170274853
14855,2.890525642084615
14856,5.7435522582334
14857,4.189813985079394
14858,4.80407183226697
14859,3.7464923329484785
14860,2.311452781913514
14861,6.66460746998201
14862,1.2628546591773553
14863,7.589183180333024
14864,6.387340404022362
14865,7.333045540585711
14866,6.988470194500844
14867,4.346638205742685
14868,5.979349851201872
14869,3.3261482112419425
14870,3.930021664894284
14871,6.849855641739909
14872,5.253846172311436
14873,6.770852002570388
14874,6.8213229923655465
14875,2.5356625481304125
14876,3.683292641344738
14877,6.00023124073404
14878,6.810735333892408
14879,8.801165566296474
14880,2.101544594767943
14881,6.631947950929776
14882,5.162508811213197
14883,7.175365001426496
14884,4.072821722969817
14885,4.7374716753615145
14886,6.395505698714922
14887,4.987305498634474
14888,7.492955359338441
14889,8.020544531990723
14890,2.8535636872933794
14891,7.233078951198925
14892,4.759785674275306
14893,5.270342748963049
14894,4.889638947499981
14895,7.989507878369298
14896,3.2542960637827347
14897,5.649409236028487
14898,4.562293723323546
14899,4.386787169315418
14900,4.12665225629329
14901,9.572159992476974
14902,7.064093644093682
14903,6.725137606213561
14904,6.8143462782444955
14905,5.014661757467992
14906,8.451914969889089
14907,4.672745212649074
14908,6.047916204279614
14909,6.491309215572979
14910,5.335175721057656
14911,7.19783650161924
14912,4.788551731154
14913,8.64864822218758
14914,5.92104000702262
14915,7.538758745636072
14916,5.683286155103426
14917,6.840400716779744
14918,1.9255217406180596
14919,4.825060145584425
14920,4.827749279664707
14921,1.4067122516930224
14922,6.169551085945611
14923,6.122885395383706
14924,6.372255129678133
14925,6.892489324820781
14926,3.155881703671921
14927,4.273779789707903
14928,6.48935938024405
14929,7.502034089944164
14930,4.420029595996282
14931,7.423028738234783
14932,5.620426694059394
14933,9.540279602417169
14934,8.527751767299897
14935,4.6923687363483815
14936,7.877628823257714
14937,5.702948907327688
14938,4.858377006371522
14939,8.44424831919824
14940,8.173933095523285
14941,7.328746689599369
14942,7.702891108599979
14943,8.459890663485181
14944,2.9127719926566886
14945,9.328222759443621
14946,8.244054441230222
14947,5.603690114883386
14948,5.52855285765061
14949,5.008172195219634
14950,9.413749044307101
14951,6.556683384158966
14952,7.200155060524308
14953,6.042358192471919
14954,4.2515551971160495
14955,4.227117342672249
14956,7.195073420552202
14957,7.52909851066135
14958,7.563121299966908
14959,5.850989301973486
14960,3.36366903612547
14961,6.229501721872107
14962,5.071582140292827
14963,6.91154041619261
14964,6.386798096971862
14965,2.851236214245012
14966,5.671441279182122
14967,6.109572741111378
14968,3.666090799436026
14969,8.622166429113737
14970,5.715406962326468
14971,9.519697245977959
14972,7.3520516990856875
14973,4.712780498079741
14974,5.934451237593852
14975,9.452877895460931
14976,5.44989569917961
14977,6.13787590068723
14978,5.756645978359113
14979,7.915406422046877
14980,3.9154919557929735
14981,4.042710871325621
14982,6.640622788550704
14983,7.0396136347482745
14984,6.976965244578628
14985,5.43107579949945
14986,4.8078803657749845
14987,6.73922799750943
14988,2.3135117393248223
14989,9.335887596894361
14990,4.212631901583708
14991,8.438964716696958
14992,4.4408804744643975
14993,5.2276789437399
14994,3.752842970141738
14995,7.7926546615692915
14996,9.130293388944205
14997,6.443494535703546
14998,7.30172897588196
14999,6.137115381695144
15000,5.125320314636134
15001,4.603844935644611
15002,6.933315962540526
15003,4.63116048495413
15004,8.948118066992597
15005,7.85962044811165
15006,7.389001956025451
15007,3.32389975762609
15008,5.981876301274207
15009,5.194330180411632
15010,0.2041348629048027
15011,7.0497875448744525
15012,6.050175634973505
15013,5.186700040012213
15014,8.54198315470082
15015,8.188845233164281
15016,6.418495142726843
15017,2.441299396363589
15018,6.7779208082920945
15019,3.5754742557364287
15020,3.588731113612823
15021,8.671225012427136
15022,7.270322051898612
15023,4.362492357615612
15024,7.626024861086146
15025,6.845504575959512
15026,5.869911787963316
15027,7.670242596810126
15028,8.059395073533363
15029,5.450845178420575
15030,8.89847976489271
15031,6.957837588123716
15032,7.333976924397518
15033,4.821644048422244
15034,5.6120752228554345
15035,5.2965128731801565
15036,5.90718488141809
15037,4.454643952484277
15038,8.895332214146578
15039,5.322919072795631
15040,7.207203774873605
15041,5.612040375365048
15042,7.390198387299624
15043,8.339359682344403
15044,5.168057393339925
15045,6.872941038719657
15046,5.051671239331725
15047,5.652879376857476
15048,2.8939341371803007
15049,1.0389135310862458
15050,8.664782947093713
15051,4.877861813474539
15052,6.340254670349118
15053,5.381944827010717
15054,9.317848100675839
15055,9.216258933371147
15056,5.788293331591243
15057,5.330629118293617
15058,6.831434901902395
15059,5.721844752063611
15060,8.017923495067203
15061,4.020953934958204
15062,6.574328162890237
15063,8.333874865240505
15064,5.557458376881269
15065,7.675064013727756
15066,5.792166737574412
15067,8.52559475705183
15068,6.594205942265816
15069,6.3899960065628925
15070,7.574701087427242
15071,6.1568513407936605
15072,6.948700162288049
15073,6.901992255900622
15074,4.770842227468905
15075,6.241192011274458
15076,7.752438797564298
15077,7.294170377457873
15078,7.181618777799287
15079,7.749173865618765
15080,5.888555000326135
15081,6.785179109542225
15082,7.502878050364498
15083,6.187150013368989
15084,2.3115229951878304
15085,4.133928880258492
15086,5.539179634543692
15087,4.989831979075146
15088,7.996672218755764
15089,6.834908714577699
15090,7.472249078469189
15091,3.2750380169027538
15092,6.592074773266955
15093,2.999014021691858
15094,3.992704373911243
15095,5.452534222300094
15096,7.4006316567304395
15097,5.9524085128609325
15098,7.049792469578838
15099,5.88677597099032
15100,6.073198779522633
15101,7.063856003321427
15102,8.17272941831769
15103,6.3161908219604355
15104,4.860273430014973
15105,2.397170686590007
15106,4.006146221055039
15107,6.602903241925099
15108,7.557434997834998
15109,4.502839641598292
15110,4.554522085002707
15111,6.662161473569592
15112,3.3748837037212733
15113,5.510422160996242
15114,6.221530710299136
15115,3.9246176355006814
15116,4.921976852566731
15117,6.205996283942374
15118,4.382287160452727
15119,8.769022578333189
15120,7.690878768830154
15121,5.614606614922014
15122,9.00654509533427
15123,4.355453416691762
15124,6.3095802197886375
15125,9.614598767406394
15126,8.38473808925643
15127,6.877896352976317
15128,6.976484689188293
15129,8.127777972291486
15130,7.390096140006218
15131,9.860983829120297
15132,4.820601743262365
15133,4.169512233343846
15134,7.3201422557443525
15135,6.5983891339941065
15136,6.003347258779099
15137,6.953942261332368
15138,6.420186326426394
15139,4.694805707438575
15140,1.3252638926163727
15141,8.725668697791468
15142,6.344087556206911
15143,5.0215293469956555
15144,7.070914734141013
15145,3.321807945248635
15146,3.3203643248544212
15147,7.521036828332881
15148,8.036450671420466
15149,4.368958525106482
15150,4.079591030245171
15151,6.410417873251932
15152,6.399400679699688
15153,3.899411602149946
15154,6.350626923518313
15155,7.956979382755511
15156,5.357759184656625
15157,4.920110746969974
15158,6.382140283612646
15159,5.908786524589593
15160,3.943229877907528
15161,3.2041835626781907
15162,8.338639726493453
15163,2.054894365344983
15164,3.256826973723454
15165,5.265416866555214
15166,4.074928047494936
15167,4.567670790044707
15168,8.27694208402754
15169,4.724031172656921
15170,3.788977956494047
15171,5.70246182889285
15172,8.924754127507082
15173,5.69076102230239
15174,8.389866880687773
15175,6.961286883959213
15176,4.878226586367592
15177,4.924653539425673
15178,8.515081890276267
15179,3.8185087383711522
15180,8.566218353501265
15181,6.143459127458138
15182,4.33298090233284
15183,9.003063931671333
15184,2.782391784188868
15185,7.289587509962957
15186,4.437031973861386
15187,5.502377273156738
15188,5.291645612906854
15189,6.012933436375062
15190,7.882556669515457
15191,8.762755782126808
15192,3.3404123105284724
15193,5.043169243533169
15194,5.470002938909276
15195,7.10420926431586
15196,2.559941905880301
15197,6.989956884843097
15198,5.5149955838405145
15199,6.6398138636803035
15200,9.554329399749122
15201,6.072792400296224
15202,2.345148302911317
15203,3.8415632819365126
15204,4.793973354171494
15205,5.916150433434381
15206,4.7330131997153195
15207,7.463728725052547
15208,2.669015627460352
15209,6.580277497192254
15210,3.9519704500130275
15211,4.399731618940421
15212,7.0506545009384585
15213,7.114281508534118
15214,8.432213086841358
15215,7.775426927667172
15216,3.9136055136183496
15217,3.8119733261532116
15218,4.6077870801232885
15219,3.6895294106357848
15220,5.959893171125857
15221,8.642464479271535
15222,6.885832494761205
15223,5.286856714358196
15224,6.130553636494837
15225,3.630949568507221
15226,4.335539765265668
15227,7.456260677693469
15228,4.920745548294238
15229,9.071505350012961
15230,2.8944906442669436
15231,9.159600007099707
15232,3.606601607982539
15233,2.1141435421473984
15234,5.529768595042102
15235,6.952065604102152
15236,6.963579858287334
15237,7.171916996044278
15238,3.7376798259304964
15239,7.152795188721429
15240,8.37075451559644
15241,3.121500593408073
15242,3.8019535056069094
15243,3.5114300722685887
15244,4.883486412923894
15245,7.2274779103616185
15246,8.029792493002986
15247,5.40298511499349
15248,4.979852318058935
15249,5.782719236044894
15250,8.848596565896457
15251,8.718340042283183
15252,6.180986495276451
15253,8.770014597124558
15254,6.145103030110751
15255,3.447173266520615
15256,3.075687350808178
15257,3.1097672377797583
15258,5.275969399312349
15259,6.587364818581014
15260,6.501240046246941
15261,5.896366748662179
15262,6.101261421690284
15263,6.081656147173403
15264,6.917383308217215
15265,2.684456360477122
15266,5.537487984673945
15267,3.0615451327576806
15268,5.9348477659105265
15269,7.313258434137964
15270,6.939526486706031
15271,2.9005013412404814
15272,7.700399331532409
15273,5.676746920369459
15274,2.1143616491124084
15275,9.130510705512972
15276,3.9423406867242714
15277,6.741279984783933
15278,6.221529805103706
15279,4.044631004667927
15280,6.743905520784108
15281,8.078443555847787
15282,8.12113004102818
15283,5.3745168894204305
15284,7.2951878387312155
15285,6.615175276279042
15286,4.423539057230708
15287,5.343670001210776
15288,8.011749552367531
15289,6.377349729115156
15290,5.350035197407999
15291,4.038588135802182
15292,3.8216373621660096
15293,1.7337008883356166
15294,6.7740239308224615
15295,6.614776906362892
15296,4.910418591618014
15297,8.112144929722035
15298,2.174101285042617
15299,6.8540232240344725
15300,6.250590344647037
15301,9.58348353155347
15302,5.825631754283389
15303,7.5258700353927726
15304,6.664030446582346
15305,7.62961600617242
15306,7.0916123417342956
15307,9.464913932414545
15308,5.884456728863153
15309,3.0238991711061023
15310,6.77945144015295
15311,4.9065056321640546
15312,7.20162837307029
15313,7.975596600600201
15314,6.956771433128305
15315,5.032698824387733
15316,7.168470299393664
15317,4.933157841984774
15318,3.792753352806226
15319,5.474299237146009
15320,6.112555804821551
15321,7.4457270707542955
15322,4.847969094901514
15323,7.2043761785404845
15324,9.118819780208492
15325,1.261999201040157
15326,7.617371704641128
15327,6.632202729717568
15328,6.173382526072399
15329,8.448854966589963
15330,4.484726874498678
15331,8.974389719261113
15332,5.054205816782488
15333,5.150456705435297
15334,4.718932875746543
15335,6.408685211117421
15336,6.567246013577946
15337,6.4711944209277785
15338,5.896181124518367
15339,5.946039377177719
15340,3.3431510755717824
15341,5.416302439247681
15342,4.855573337908
15343,4.226059805540252
15344,5.314783246147473
15345,5.372725168784358
15346,6.616450513779173
15347,5.103354565184569
15348,5.194753472704766
15349,7.187109759164322
15350,7.144451743697367
15351,6.7106339763893175
15352,3.4059019391903567
15353,5.174678112394763
15354,2.2704470324505195
15355,8.50673644608831
15356,5.167351803466324
15357,6.121488251698072
15358,8.074571497741898
15359,7.218253206252414
15360,6.458254884915701
15361,5.879304440448744
15362,4.747846104261004
15363,1.1747560610081673
15364,5.642876377558419
15365,6.28038073507793
15366,4.624988363912024
15367,7.905049471138497
15368,5.25877042096686
15369,5.007958174902923
15370,2.2923731996587713
15371,4.400408741662322
15372,4.146761177498841
15373,3.1479797010483423
15374,1.839338802102417
15375,8.285829390875296
15376,8.12698239231735
15377,5.524779075668552
15378,4.626211753376488
15379,5.727055339900257
15380,7.774467776099141
15381,7.083136530781758
15382,7.326663350939781
15383,3.9713003409818386
15384,3.486978965554215
15385,5.778227098111709
15386,8.765212228862818
15387,0.4797894909759197
15388,6.662851152475916
15389,9.32331469958365
15390,4.400835947902463
15391,6.295107608389149
15392,2.933368383868729
15393,4.685592417198298
15394,5.207828646760061
15395,6.592209357817961
15396,5.111611266064655
15397,6.734848439919131
15398,2.7387690057988467
15399,3.107976875068617
15400,6.339911392584814
15401,3.0109654953725435
15402,6.4079800496658885
15403,7.178450715338327
15404,7.891988384621281
15405,9.42846230349778
15406,6.404985680338733
15407,6.1553568876747145
15408,3.721802349183776
15409,4.7783614964898
15410,5.440704900048122
15411,7.534312888103098
15412,6.190315952570317
15413,7.722247410427324
15414,3.4735342152476094
15415,4.03606446486693
15416,5.733685763276412
15417,8.880204299839146
15418,5.626188328653528
15419,6.425187529429264
15420,5.193576460735078
15421,9.66514237869205
15422,2.246852551730393
15423,4.008319149159278
15424,8.207170612978851
15425,1.2029035276290945
15426,7.102244390741048
15427,7.475179142830674
15428,7.515570510408365
15429,7.546926122410119
15430,6.269653830729748
15431,3.691860292641392
15432,6.757300755181791
15433,5.297585861518348
15434,5.936738724572698
15435,3.5604070047878382
15436,5.633705123269381
15437,4.639577930219296
15438,7.651674064130637
15439,7.630026332626748
15440,4.818470991608569
15441,7.835607877235432
15442,6.957470626069154
15443,7.046574187711418
15444,7.083193767849507
15445,5.867873884054032
15446,3.6709221146920417
15447,5.467268635560198
15448,3.4993506954689324
15449,7.8929725928589045
15450,4.479855319572541
15451,1.4534006135452135
15452,5.17115306844033
15453,5.979141795774148
15454,4.20058909402619
15455,7.598236104915704
15456,6.331426444376067
15457,9.284013575964048
15458,4.601269777294317
15459,6.608419810843365
15460,5.235135299237428
15461,8.9469108841294
15462,1.2968665495249219
15463,7.340306031105823
15464,6.162610193154688
15465,8.321227642291335
15466,6.105119382511267
15467,9.156868029090042
15468,5.638899292199654
15469,5.483222767438777
15470,3.998470216753399
15471,3.584627364155003
15472,8.408505157177713
15473,6.73262816032299
15474,8.129551635846829
15475,3.917479237138692
15476,5.926725490801458
15477,4.436331103336743
15478,6.650869721753964
15479,4.974663360183457
15480,7.961495909498097
15481,7.667043801451618
15482,6.44908299923911
15483,1.6652666921856947
15484,9.707133431078358
15485,5.8575040443987625
15486,6.653008359014952
15487,5.158979228025374
15488,9.326209501974757
15489,8.415654230389272
15490,2.5857428099346653
15491,4.369743955075633
15492,4.445441621346521
15493,4.382964219300545
15494,4.118959326484099
15495,5.05640900052347
15496,8.714231116622296
15497,4.229351399096953
15498,3.97308894501302
15499,6.645298358204191
15500,7.114552261912943
15501,5.102358895454021
15502,7.969210087712921
15503,6.937181584304761
15504,6.909453211053193
15505,5.1718401600051225
15506,8.270539565034005
15507,4.019394072629762
15508,7.686676748826963
15509,4.378229536077589
15510,6.1517479761696405
15511,5.717127937202967
15512,3.1771580682271012
15513,5.111757642935571
15514,7.076430275798338
15515,8.288106296343996
15516,4.252573828180475
15517,5.513476223965926
15518,6.965976974384472
15519,8.113572902653768
15520,2.716896162896809
15521,3.767643441288781
15522,4.190131340932782
15523,2.4617714997635773
15524,3.994986015741561
15525,8.050828222480806
15526,4.437313112525227
15527,6.984507653052082
15528,1.972061147171725
15529,5.957173839237053
15530,3.2413555845528417
15531,4.71392511976723
15532,2.5830790846628857
15533,8.005472345526766
15534,8.331976425795707
15535,6.540685855201205
15536,4.757029720451229
15537,5.991664207871305
15538,6.177829298193251
15539,4.945386302698078
15540,8.657247013046721
15541,6.874160335272809
15542,5.388253281862935
15543,6.930970451620991
15544,3.439826963064203
15545,4.305403232445419
15546,4.038416348211887
15547,5.119930632980758
15548,7.467241090693681
15549,4.006893816230811
15550,7.400158839444219
15551,8.07229466322768
15552,5.264241519924739
15553,4.307750803206065
15554,8.373392622117219
15555,5.898680163652482
15556,4.260404905783255
15557,3.847752097662856
15558,2.077133639450758
15559,6.211184155042557
15560,9.381998851843827
15561,8.11389978350329
15562,7.463221363743513
15563,6.107294571087996
15564,7.835408054163887
15565,5.226920742417033
15566,6.240025759843726
15567,9.144261207827578
15568,6.115090164005227
15569,3.9973798329625536
15570,8.81127771443219
15571,5.7312250901837825
15572,3.859434369804697
15573,6.552602921233813
15574,5.9426904311308855
15575,3.057078887368782
15576,3.2488530097432116
15577,8.709276667915324
15578,6.256208054313119
15579,5.969194937208649
15580,3.2336802080759472
15581,5.501969550091715
15582,3.479086274083671
15583,3.6058089013729067
15584,2.697616145686658
15585,2.1002485275952125
15586,6.747276316438766
15587,4.0118626823411745
15588,8.045795157718565
15589,7.0258468151239235
15590,7.22529601512274
15591,2.1655473219630976
15592,5.8266886225138075
15593,3.5167716703108898
15594,7.581877208862215
15595,7.4754238328211295
15596,7.386911482162099
15597,7.881834655447242
15598,8.571493905870867
15599,7.5060239715833825
15600,5.803016489589228
15601,5.837613476033073
15602,4.818487307697454
15603,7.377751820501491
15604,7.381655204989004
15605,3.6833838282159026
15606,7.487751568574975
15607,0.9094345004675886
15608,8.350396371775947
15609,8.410814173528317
15610,5.445288147044331
15611,3.146683603013337
15612,5.634271166066418
15613,4.964906526355977
15614,4.938783625405173
15615,7.764165498417973
15616,5.615609794274183
15617,3.8513396656876884
15618,5.034015818205957
15619,4.374973064887428
15620,5.313877004071733
15621,4.608684087507392
15622,8.231892490793335
15623,2.5768362992469505
15624,5.1840029996939645
15625,6.3250218119026895
15626,2.430036990888591
15627,4.609419362432341
15628,8.755598082907984
15629,5.642612737097473
15630,4.53804369580373
15631,4.268823974071032
15632,3.0020846196659177
15633,2.8630482914931066
15634,7.5737265906915425
15635,4.269743366235118
15636,4.457940530380287
15637,1.5391335571994975
15638,5.3685919376215665
15639,6.595686057622702
15640,6.656650881092577
15641,7.645530099508997
15642,6.500685663821918
15643,5.69577741502314
15644,6.992529230773985
15645,5.462957802965115
15646,3.102840558119458
15647,4.683085822269518
15648,4.2301142132336
15649,4.900799106737593
15650,7.686624155607358
15651,5.749916233059897
15652,4.650441755357033
15653,8.021568867280479
15654,3.012327370229394
15655,7.457481714311475
15656,4.279449059644606
15657,6.256106545245634
15658,4.1697720557988305
15659,7.1071629921516415
15660,6.1955016536377405
15661,7.9152536157429605
15662,4.035484892367607
15663,5.231510495550231
15664,8.71786556242595
15665,8.506748568517857
15666,2.7380444965299096
15667,6.6341360568638725
15668,6.344679686704977
15669,7.232512492193021
15670,1.8559126772452905
15671,6.5152833059882305
15672,6.495015188621845
15673,6.681299329106641
15674,5.846915812375613
15675,8.408345351127826
15676,8.575300647990447
15677,4.582636488769085
15678,7.696277977356069
15679,4.9270875424033544
15680,6.400219512199594
15681,6.24506279500894
15682,4.23876850699933
15683,8.899389128089341
15684,4.555095593194183
15685,3.143125592280513
15686,8.054040942264704
15687,1.4633648527330805
15688,9.400835018409555
15689,6.737710483863964
15690,6.037894456693953
15691,5.873562240609389
15692,7.467301299470456
15693,6.942031508710514
15694,4.873687355850906
15695,4.418131928802226
15696,4.141750399528364
15697,8.570836084403169
15698,3.5737879091482383
15699,6.590920440099729
15700,4.202836182447711
15701,6.104788486207305
15702,9.121444275512788
15703,5.920240149885374
15704,3.992286671555349
15705,4.185610501775441
15706,4.437130885855777
15707,5.882550499439541
15708,1.9276257059380648
15709,6.00425486007405
15710,6.030858129632116
15711,6.614778251152982
15712,5.416368845779597
15713,6.557610975483876
15714,4.021766860416337
15715,2.3909980597348084
15716,6.320146903247278
15717,8.792294925559146
15718,4.216476364617831
15719,4.758246191771882
15720,6.6240251883338805
15721,6.39487092724955
15722,6.768433292987472
15723,8.717055894497403
15724,2.8103891116812045
15725,4.924701422634534
15726,6.199206689970563
15727,4.611950261753267
15728,6.35110127047208
15729,9.68546386751872
15730,6.726040713589413
15731,5.991635372768655
15732,4.438708938726146
15733,5.152640241886424
15734,2.108153267135662
15735,2.9491416397343246
15736,5.417841815800575
15737,4.9811426102728955
15738,4.349983536081504
15739,5.34509881068362
15740,3.304254898141065
15741,1.4142724356796212
15742,8.372657582179293
15743,4.514379453706192
15744,6.423382843551772
15745,5.4043433803816
15746,2.3229456875503103
15747,6.905203034112372
15748,5.056852380115513
15749,7.015422128661995
15750,6.65253447710951
15751,3.684977785547538
15752,6.092273219382217
15753,7.774233078069171
15754,5.033740544818773
15755,4.706265243365518
15756,3.311651188081996
15757,4.2119123801556215
15758,4.816051792273813
15759,8.324652715380479
15760,4.0757282513917605
15761,7.065385165930263
15762,3.387904896053809
15763,2.8265939440197316
15764,3.7952551903357556
15765,4.62875466009599
15766,5.155322637920708
15767,3.6581655743734918
15768,9.20005071369924
15769,4.616406593420152
15770,5.164587006401463
15771,4.861242944787011
15772,5.2978570714183935
15773,8.384019287670231
15774,3.4919990653474535
15775,3.9972582654772317
15776,7.795584363972962
15777,6.007199136031222
15778,6.757214111799659
15779,3.4469289236330716
15780,6.510499299020588
15781,8.776904201929964
15782,3.7809312604894485
15783,7.37084700734716
15784,4.164263229394954
15785,8.465104543718903
15786,4.279039740887473
15787,5.73669729414587
15788,7.224605473606304
15789,8.179688461994907
15790,3.8745761751561543
15791,5.104835453432274
15792,4.347847992507127
15793,6.628119903306759
15794,6.360614667357229
15795,5.878997392174094
15796,5.700616681148988
15797,9.767304244635596
15798,7.059004031096271
15799,6.115179862573506
15800,6.9794552841023085
15801,5.043734998140115
15802,6.9140854463812635
15803,2.830798009126899
15804,7.53123392436846
15805,3.539694232496689
15806,5.1093599487634025
15807,7.519702083450829
15808,5.9460920274647755
15809,8.454989278750274
15810,1.4354219720398937
15811,2.575938245780015
15812,6.025661009029529
15813,7.803117817209692
15814,4.76251144993478
15815,4.848626801578139
15816,4.223419758936991
15817,6.368171608376786
15818,5.6678737850211505
15819,5.153325463003039
15820,8.945072630165466
15821,5.413046986782222
15822,5.811323592564814
15823,4.850274481687894
15824,6.60856638386007
15825,7.745359700849687
15826,5.955678063844425
15827,5.265762739649439
15828,5.40806605333304
15829,7.191065637281052
15830,5.79520490327649
15831,8.75910562242629
15832,3.574170131555208
15833,5.674421008889858
15834,8.037994806667369
15835,6.476285997810443
15836,6.905055695894275
15837,5.375737996217737
15838,4.3760489351642216
15839,6.957544689587423
15840,7.225813875578433
15841,4.301617641339428
15842,5.525360660748429
15843,3.8597494171299163
15844,6.1849901795105815
15845,6.606735326274535
15846,1.358574859972611
15847,1.7183873981271454
15848,2.330935739004606
15849,7.75952702605268
15850,9.551242254985395
15851,4.546320093403908
15852,6.6107734739267645
15853,6.569625751139585
15854,6.453335783954512
15855,6.550551077991757
15856,7.751741533209721
15857,8.434761106250996
15858,8.875543718670816
15859,3.233784984848036
15860,4.7080513554088705
15861,6.250401574910756
15862,8.402719728446133
15863,8.491968382432265
15864,8.786680329969695
15865,7.528303370006986
15866,7.890576490546912
15867,7.122457239863138
15868,5.707911029026932
15869,4.4928366551881
15870,3.962451230549508
15871,8.502560864825995
15872,4.691100749212035
15873,4.618796789049174
15874,1.2131065351085115
15875,7.393218846737648
15876,9.593241251711072
15877,3.1458430357897993
15878,6.534573203802849
15879,7.162325526752244
15880,7.029585347579739
15881,6.552864659807191
15882,7.04144630455078
15883,7.703839779388257
15884,6.752751914018324
15885,5.459824196561632
15886,5.948005834986088
15887,9.426405665670957
15888,5.270843395308916
15889,3.413769515289426
15890,5.78695870572261
15891,5.438800774105624
15892,7.590998719376041
15893,5.84653208942391
15894,3.6712895079840644
15895,9.416511011812586
15896,4.6660942273270845
15897,3.4813396767262197
15898,5.686352593449859
15899,8.532932613000286
15900,3.0262952053511323
15901,7.290727036312171
15902,6.396575551312759
15903,7.20907714264326
15904,4.864349699452942
15905,5.016497012839497
15906,9.359508727873317
15907,7.67485882496988
15908,6.14882971965579
15909,9.130904026311436
15910,4.51259999962674
15911,7.419598658629369
15912,5.617717379244581
15913,2.9763320735777694
15914,5.142217980312708
15915,5.531336608132719
15916,8.116584884569004
15917,7.627269568660586
15918,6.808437545265523
15919,7.494667634796765
15920,5.939546592719489
15921,6.5189103182582375
15922,6.4350973707043355
15923,3.4309345885794404
15924,2.6371279525787825
15925,7.274226508837942
15926,4.119774207876481
15927,7.325939224137615
15928,3.4401609425132524
15929,3.543629544130436
15930,7.059070622002042
15931,8.286113511491905
15932,3.536399418259408
15933,6.890051563486145
15934,5.325638535607639
15935,5.628739849367357
15936,5.149705829281065
15937,5.958634677243203
15938,5.225629124379479
15939,8.677438917401773
15940,6.313626804655937
15941,7.419758457182352
15942,5.406280030886061
15943,4.300305075030423
15944,3.290776960707296
15945,8.691245538486523
15946,3.6500376888336183
15947,4.856557133437223
15948,7.289897937064677
15949,5.765853446631531
15950,6.6879196895906095
15951,6.105052688776275
15952,3.505706778664497
15953,8.86417455697352
15954,7.542899114373906
15955,2.1163816755003033
15956,4.331360008002919
15957,7.764868875416609
15958,4.217874925783891
15959,2.6556622698280674
15960,8.09438202745137
15961,6.5310906453602735
15962,6.102373326413176
15963,5.402716136582424
15964,6.301434973900863
15965,3.6276898474827513
15966,1.9854207890018511
15967,3.139172727572095
15968,6.470500909017431
15969,4.091899548019487
15970,8.40041082510561
15971,4.9658169886059245
15972,8.95963031378037
15973,4.44243427103568
15974,9.239839498213351
15975,4.573890940839593
15976,3.3540274129156336
15977,8.243096112405018
15978,4.968169095349077
15979,4.867108599625211
15980,6.239989213673414
15981,0.6107528297001007
15982,6.2833083749060705
15983,4.078432751816456
15984,8.22314291953956
15985,5.838751891017802
15986,7.016609718386328
15987,4.825052656464871
15988,8.474980184660824
15989,5.60552948292185
15990,3.5658132832340454
15991,8.672768966545005
15992,6.097235792876873
15993,5.156553444952449
15994,7.00798833716478
15995,3.508257307984911
15996,7.386750256060965
15997,2.754043582938857
15998,2.954952823453983
15999,8.48121977379215
16000,5.62766919846937
16001,6.265553902397533
16002,5.183358933853461
16003,5.387947609003807
16004,6.245353175214749
16005,7.797548331347742
16006,5.644638284110346
16007,3.127272228876347
16008,3.6218438490062885
16009,6.579279018627393
16010,7.496203178296443
16011,4.546060833790617
16012,7.155448301929922
16013,8.735684387786929
16014,2.7524396218650446
16015,8.030117542307716
16016,6.593909934542306
16017,8.02164858945154
16018,5.559900714089332
16019,6.095125855876338
16020,4.765610025822461
16021,6.194913946792263
16022,3.733786756073624
16023,6.037514747734293
16024,1.3814027493035086
16025,6.662202250028224
16026,5.626281970192203
16027,3.2269245214599867
16028,8.511910769482334
16029,6.414922570422382
16030,8.738003877280374
16031,4.100318106857622
16032,9.380138155570602
16033,7.587193054020359
16034,6.906243905326329
16035,5.033838849241757
16036,7.252898530340666
16037,6.1084873934527915
16038,5.76154478629839
16039,6.641870292781796
16040,3.8018443221833125
16041,5.752375741584868
16042,1.6391790422907324
16043,5.396169986590704
16044,2.9350797070677124
16045,5.667188859910569
16046,6.9618457615814675
16047,7.809896403074657
16048,6.680874860411971
16049,7.504840543093672
16050,3.9759878048580033
16051,8.151194231591075
16052,5.569368713267407
16053,7.4431408402951185
16054,7.752621366178305
16055,6.648446244972525
16056,9.383886899870364
16057,4.493984777017659
16058,4.684570861786871
16059,5.68680294648981
16060,2.1926880183379214
16061,5.865650406245292
16062,5.768846865265881
16063,5.1817004256950705
16064,5.1559390402228145
16065,7.271039491658102
16066,6.429543264367517
16067,6.401192259331742
16068,4.602754911111206
16069,8.025996094272214
16070,4.771006604249866
16071,5.3156122534648755
16072,5.740852357867193
16073,1.824810340634235
16074,7.311767789227991
16075,5.860494902045137
16076,8.750249262176196
16077,5.136262269186822
16078,4.243754999824158
16079,8.513569205594225
16080,4.686777656470396
16081,2.6493493157190016
16082,7.083777434156404
16083,5.311001394801167
16084,8.027939598275847
16085,5.644299182036552
16086,6.531701437760355
16087,7.455083173903304
16088,6.9256346656383165
16089,6.9653895762587075
16090,7.854427819225623
16091,6.239577759438103
16092,6.14070602217011
16093,1.9999775937779503
16094,3.6197023933873904
16095,6.662024505669322
16096,5.924428622281527
16097,7.468213458419245
16098,7.506752383747816
16099,6.048046197417217
16100,7.357436228710894
16101,4.611134049675417
16102,6.528111451700097
16103,3.516554763162063
16104,4.973673494980726
16105,6.252195597477898
16106,4.97651069387621
16107,5.714179833005243
16108,4.767887685510516
16109,6.387412405779568
16110,6.104898157640718
16111,4.5059542731416515
16112,3.3800689012168648
16113,5.746188153174488
16114,3.736982351073173
16115,9.718380077626865
16116,5.069379573208931
16117,7.681583621604108
16118,5.3932040178950755
16119,4.660671112977678
16120,5.3024594233416344
16121,3.3846338739768362
16122,8.789148749088653
16123,7.060425543600498
16124,6.437807356105536
16125,5.47025863587912
16126,4.376817380437727
16127,5.665972132507476
16128,7.930524210955908
16129,6.37664804872397
16130,5.817903865367639
16131,4.470355885439974
16132,6.20216253907353
16133,5.66837106361603
16134,6.768757184902833
16135,7.929816476104667
16136,9.463760778554793
16137,7.247210103076714
16138,4.280343048799164
16139,5.202566355786332
16140,2.8592879112596696
16141,7.613894496331319
16142,6.698817200755115
16143,7.4776424192721915
16144,5.657883434932842
16145,5.542150248025927
16146,8.107983136281833
16147,5.826233520235401
16148,3.7242116089465176
16149,6.495245106165483
16150,6.234263115127184
16151,5.367908000701873
16152,3.1669786918308875
16153,5.125528217135854
16154,6.867718688142307
16155,3.6314194720018658
16156,4.393060770651495
16157,6.5374627852819405
16158,4.565613281189305
16159,9.484034090453937
16160,8.662517276414711
16161,3.2762720540091306
16162,7.3352371263703375
16163,4.529647853296892
16164,7.826848657318309
16165,2.083823042792574
16166,7.633136087244775
16167,8.213252530980453
16168,6.261087085458357
16169,5.929237600945929
16170,5.208053540875573
16171,7.445290467045605
16172,8.878383571625976
16173,2.8266682053430765
16174,8.787362567107058
16175,5.136638821326841
16176,8.103063454045683
16177,4.141451354847528
16178,7.760597116461699
16179,6.110944597006831
16180,6.903288595559961
16181,5.010784937970736
16182,1.888775282415592
16183,8.590213475021251
16184,6.102925692534329
16185,2.836058314762134
16186,4.1225043802519545
16187,7.163124695209729
16188,3.9905292930102036
16189,5.129993095287978
16190,3.8360129239593186
16191,4.509975311241311
16192,8.971229491928533
16193,5.513549206993735
16194,6.748852996323148
16195,9.3327380187156
16196,4.431608236538932
16197,4.336057599046659
16198,7.4343646909053405
16199,2.799604550106198
16200,7.577010824718296
16201,6.676658999357385
16202,8.967706920008608
16203,7.492166282040413
16204,7.958020282129105
16205,5.141011517279144
16206,9.408368532115343
16207,4.219366710954023
16208,6.997840037939605
16209,3.429451391805654
16210,6.277932745122557
16211,5.582882026410134
16212,4.190108272152217
16213,4.555982587097327
16214,6.841738714331581
16215,6.90336786104306
16216,8.124315447067932
16217,2.350806328709937
16218,5.4944796704217325
16219,5.841901044343135
16220,7.058414940897662
16221,7.860147094339353
16222,4.261600313325652
16223,8.698054795356446
16224,5.214260184014703
16225,9.031088281817
16226,6.5602124819538306
16227,3.7151540117005233
16228,8.511127951526674
16229,7.665464872139882
16230,5.967098023326476
16231,6.052386734827672
16232,5.184407592255406
16233,5.701467256540554
16234,5.734908362035473
16235,2.758208773492734
16236,6.476544363518691
16237,7.671772345038986
16238,2.3476689828996653
16239,6.629051281605511
16240,8.454903432204478
16241,9.304417355855085
16242,4.818401305814605
16243,7.266976488819105
16244,5.165334415739137
16245,7.726875296219651
16246,5.884780903796069
16247,3.8440227318437032
16248,8.172103308423551
16249,7.764414029791338
16250,7.503716315610401
16251,6.40215541461682
16252,6.086229686630448
16253,6.921804818174633
16254,3.432722491606102
16255,9.601624164597553
16256,4.888844268200949
16257,5.101252779663318
16258,2.5034197021863456
16259,4.941292055986643
16260,5.675318422459308
16261,4.789021005157743
16262,6.354827602542719
16263,6.13276150951942
16264,5.157509796338588
16265,7.284917177017994
16266,4.126433321761022
16267,6.926347716508652
16268,6.423348728719366
16269,6.21529241835638
16270,9.281393690697044
16271,4.219410246891184
16272,6.7515657062520456
16273,5.570041276606717
16274,2.3188432392191203
16275,6.1748986043457545
16276,7.477812767744158
16277,8.958898956693714
16278,5.412069404184455
16279,7.415860673945111
16280,7.879374967396922
16281,8.679468278331468
16282,2.24972137409836
16283,7.464202158051471
16284,6.5934813151538965
16285,6.447749163516469
16286,6.749561556299541
16287,5.010816709029054
16288,4.85244671609841
16289,2.917515191618923
16290,6.329714077808388
16291,3.048599872594293
16292,6.469179320313787
16293,7.451894980374387
16294,7.587257836972337
16295,6.923404240089822
16296,3.675404964911125
16297,4.601769885660461
16298,4.929438965997957
16299,4.365535113334035
16300,5.752279973811906
16301,5.175247443714101
16302,5.812391664423363
16303,6.832164404963057
16304,5.843492961622518
16305,5.536732570610828
16306,9.249794235415823
16307,4.285127526209316
16308,6.54232505098213
16309,5.946909368138146
16310,5.219849796272179
16311,4.642601293125248
16312,7.426886123462534
16313,4.877578594578238
16314,2.6593105659647773
16315,1.0875791329913609
16316,6.273966738705859
16317,4.963148190107383
16318,7.548008560485152
16319,9.537532113931837
16320,7.673030505260793
16321,6.189070700632661
16322,0.7186365008406883
16323,7.839988247369149
16324,9.420290769922584
16325,7.137447503414785
16326,6.8042070012426015
16327,8.441181077635528
16328,4.71620924190953
16329,7.684003738909492
16330,5.964756216033074
16331,5.331679988159173
16332,7.903673638365988
16333,8.267952869120581
16334,5.985538041713506
16335,3.385909998339663
16336,3.1174267133416977
16337,4.605948658244899
16338,6.9316513130451325
16339,8.240109995497262
16340,4.099111094999657
16341,6.574685238598727
16342,7.795852774274115
16343,8.0011566866742
16344,7.409061158905511
16345,7.391065955149255
16346,4.437622407259751
16347,6.651994418989382
16348,6.058319210182382
16349,4.381375323766091
16350,7.614908343037255
16351,5.294520445936311
16352,5.181813492426289
16353,3.658591845239428
16354,0.5774970039514139
16355,6.692907446385536
16356,6.58462474288041
16357,8.529083731763096
16358,7.664889042925765
16359,5.326406473360155
16360,3.9679681196493464
16361,5.17711171433665
16362,7.216553537995823
16363,4.929703538424304
16364,8.375113335760384
16365,6.9053013114744575
16366,4.214110572499347
16367,4.661629035729013
16368,4.124036061167288
16369,5.970670769286495
16370,7.520578770800737
16371,7.029670463629886
16372,1.8827399832990548
16373,7.413309268147794
16374,6.285254254722753
16375,1.9201769631313932
16376,4.181172477167598
16377,4.755612830535682
16378,4.50427629384948
16379,7.702842721226966
16380,4.618302058763719
16381,6.7676015861000165
16382,4.647840315515947
16383,2.3422640806788624
16384,6.0120087652922285
16385,8.19261999190327
16386,3.258784510556513
16387,8.178795506321034
16388,4.960874559098919
16389,1.8702817398819231
16390,6.248243261754848
16391,5.211239495634952
16392,8.405894837998053
16393,2.712926876349759
16394,4.381259612234117
16395,4.615110378748864
16396,6.650425910326487
16397,6.57781371327587
16398,6.906799345187335
16399,7.751137406090878
16400,8.13821566845661
16401,8.229318827994762
16402,8.672180350133305
16403,5.383462947493417
16404,8.157123777057798
16405,4.173808534633513
16406,5.803639045087083
16407,3.00034380871075
16408,0.6285163068741461
16409,3.5840981519421327
16410,3.7793491107694233
16411,2.7159385340070155
16412,6.147334512861594
16413,8.987532916492118
16414,4.443765943802913
16415,4.536207958206129
16416,4.490084735489825
16417,7.343522066889556
16418,6.560062144206952
16419,8.289993850665361
16420,6.636558362111927
16421,7.660315167688802
16422,1.948375051234877
16423,3.4941947947388714
16424,7.415258004486669
16425,6.692086283737539
16426,5.958870546066827
16427,7.154194205480581
16428,5.422457359049372
16429,6.872064885834028
16430,6.212998014786542
16431,4.656322292656596
16432,8.131337930202587
16433,4.465209859218918
16434,6.852847982905484
16435,5.37472230054801
16436,6.631183917340226
16437,9.404749974879696
16438,7.553890395978623
16439,5.422458074527498
16440,7.17677432431237
16441,6.086682999454657
16442,7.62968742959915
16443,2.233811026128473
16444,7.906819865628801
16445,3.2806728546569834
16446,2.6976670540481096
16447,6.299663846572124
16448,6.295844312105001
16449,7.887085278990437
16450,8.125997469146599
16451,4.680704646973129
16452,8.519521067928414
16453,8.691487060613294
16454,5.40106739679152
16455,5.266747897721149
16456,2.344620080988489
16457,10.0
16458,2.021467672198779
16459,7.326534119121686
16460,1.8298341994288303
16461,2.96383049991105
16462,2.6832467805146383
16463,5.791963707123314
16464,8.828740456594021
16465,3.780403375744865
16466,8.547234313832337
16467,2.5666349968657807
16468,6.783068828317955
16469,7.57331078279311
16470,7.032026600852793
16471,4.541245734698173
16472,3.3084555804088573
16473,4.940297102225883
16474,7.2236595479342265
16475,3.7561412740123203
16476,4.6032274361862395
16477,5.82787805874345
16478,4.7226672980008315
16479,5.306905692528191
16480,2.910769691850977
16481,2.5963129080838736
16482,5.041634626987444
16483,3.2000699780950157
16484,6.020811122772303
16485,6.933755109813567
16486,7.955830919825766
16487,6.36389540067993
16488,3.1196741682088946
16489,7.784818202142551
16490,5.049840288775454
16491,7.545635412879905
16492,9.101722584306687
16493,4.282308254973046
16494,7.503039896318748
16495,4.315498754766478
16496,6.960831553791166
16497,8.534088580741598
16498,3.9545860829738624
16499,8.531549444713626
16500,9.711541552213415
16501,6.033979716937352
16502,9.094168283082373
16503,8.863673499367875
16504,7.459114026197337
16505,2.965253399675938
16506,5.990724618123044
16507,5.533969277034491
16508,7.776809139285167
16509,9.1758443823338
16510,9.552626324108365
16511,5.632922538265453
16512,4.831047737953116
16513,9.165290662114204
16514,6.729924392296023
16515,5.6448287739422796
16516,8.210537002319075
16517,9.299466671665876
16518,5.3585919280596475
16519,4.358858298776355
16520,5.697534358296216
16521,7.536004520151362
16522,5.058444508812816
16523,3.1011009243776595
16524,4.994430085811173
16525,7.449107436845392
16526,6.444159161784821
16527,3.8124168274650803
16528,9.007341252156163
16529,5.240325576694261
16530,5.008746214357982
16531,8.575566182033063
16532,5.378012221124371
16533,4.181788778246149
16534,6.778496900229574
16535,4.434177814117099
16536,6.018959797334714
16537,7.875059121127585
16538,6.78156164078564
16539,9.051880477429798
16540,5.841930379379521
16541,4.3704899347728645
16542,3.5772753109959043
16543,8.92014384690912
16544,5.455014997380181
16545,4.098667627623456
16546,6.717044740404416
16547,6.767478281721222
16548,6.0918544502730505
16549,6.26910150275741
16550,6.332932498995565
16551,4.081710507944183
16552,5.8899154198023185
16553,3.727791688123565
16554,7.2784792771160465
16555,7.492285678167616
16556,5.6022062848388705
16557,4.68050684961487
16558,8.595891131814701
16559,6.779476308727365
16560,9.141038158227854
16561,3.5699045459293908
16562,8.896070415756506
16563,7.357402382577914
16564,1.7896597610155414
16565,6.423798541992614
16566,5.308903885263442
16567,7.876693765029542
16568,4.422622833890052
16569,8.08640798705387
16570,3.791031996870789
16571,6.355497568634761
16572,7.423308803146521
16573,7.366760868214202
16574,9.10573487677311
16575,4.1888325940133875
16576,8.504160898625589
16577,7.416371125998742
16578,7.730531507325664
16579,7.583692952197537
16580,5.6677664915664066
16581,7.134287225476443
16582,7.208042642276502
16583,5.840277722890762
16584,7.062821541731093
16585,2.6421370253169516
16586,7.035183832626094
16587,6.672978148928914
16588,4.958506325924036
16589,8.288801789487279
16590,7.9080943730815205
16591,7.936439596341361
16592,8.23866478383494
16593,8.415557832981957
16594,6.80567740335188
16595,6.8624221451115295
16596,7.3379486196117885
16597,4.767371417856628
16598,3.374943290787113
16599,3.5708682722359075
16600,6.267954939145303
16601,8.048117974603155
16602,6.1488232299284284
16603,1.773769374962195
16604,6.561840227100139
16605,2.0876078578306085
16606,6.017429827445698
16607,4.99655232609147
16608,4.984729136819298
16609,5.430912660024165
16610,9.446156604429913
16611,6.18700834363074
16612,5.098251054884863
16613,5.323354661021342
16614,3.56541049340321
16615,7.740645482609688
16616,6.502050178733296
16617,8.981382619609672
16618,6.587563756656622
16619,5.4367876677264375
16620,3.8846974907656646
16621,6.753744204256174
16622,6.659955164760949
16623,2.5727995633143648
16624,5.308826446256604
16625,7.358940297726302
16626,4.660550075696168
16627,3.8329467503953034
16628,8.962436416362843
16629,6.728233204991629
16630,5.82353085829767
16631,5.141961694930645
16632,4.064624494978717
16633,7.908885298719472
16634,8.473909761520313
16635,6.432993279921359
16636,5.907131568354486
16637,5.745877703041493
16638,4.068434378331872
16639,5.73165710119251
16640,8.264410273879678
16641,5.40486110532477
16642,6.592552313789647
16643,6.0127350823457055
16644,4.8039635476044715
16645,7.54006794273782
16646,7.427542496494669
16647,7.67324727726297
16648,8.595879614109325
16649,7.847401043392048
16650,8.820439319570507
16651,8.11399982004049
16652,2.5522879832728225
16653,6.792500009222835
16654,7.509516026300012
16655,5.152031435401587
16656,6.384108940172571
16657,4.635202596720311
16658,6.837416698260623
16659,3.970062248290949
16660,6.943798348710506
16661,9.77957390474203
16662,7.493846656744753
16663,7.197884047975608
16664,5.965263504485344
16665,2.1645358662607572
16666,6.204378265468674
16667,6.182275274027391
16668,6.388487793321441
16669,6.949692655990359
16670,8.029598612681566
16671,8.460514798993032
16672,3.049400090741133
16673,6.293971680925754
16674,6.641875150541892
16675,7.611913669648895
16676,9.653049095389214
16677,9.323227733619312
16678,4.875954126233825
16679,5.6873290920809225
16680,9.175123030067246
16681,3.6299259091071368
16682,6.939949191355319
16683,6.941707645143951
16684,5.748639166849426
16685,8.299529934889813
16686,6.750942869257052
16687,6.143789222506417
16688,4.6763967267110615
16689,5.805664579757332
16690,6.490373810286777
16691,6.397594459408385
16692,6.469331980126389
16693,5.276318702972147
16694,7.104277929044379
16695,7.205046783047805
16696,5.770791435216474
16697,2.9368502904603604
16698,5.303554986571769
16699,6.742614054197616
16700,4.838163972474873
16701,3.626683080212082
16702,6.783373374740271
16703,7.096096940863166
16704,6.238861990358444
16705,7.22280473105401
16706,7.0361658236405935
16707,6.401526795957049
16708,7.181847121258055
16709,2.828488747821707
16710,5.659028336779611
16711,6.806126190993857
16712,6.51986686683696
16713,8.80121681153019
16714,7.452368409022459
16715,5.266606290445091
16716,7.659428513013185
16717,7.600175501740057
16718,6.284078153744691
16719,8.670506026893321
16720,4.559969651433404
16721,1.8377453798020162
16722,8.017051860682626
16723,3.00424571154572
16724,4.505050345136802
16725,4.625478155549413
16726,4.503372809934004
16727,8.07020806209248
16728,1.9489191464341156
16729,5.875999503525808
16730,5.100925087327401
16731,7.420971795144908
16732,8.400441310541282
16733,6.343512355415637
16734,5.0228210449411845
16735,2.1273461468040145
16736,7.654056357068642
16737,3.878387714894467
16738,5.5267601515600395
16739,8.022189832281867
16740,7.909781506814165
16741,8.303604264827246
16742,7.592169786581386
16743,4.257697487546085
16744,6.738295341121418
16745,7.91197054635377
16746,8.55747507224753
16747,4.255742602610443
16748,6.166520817893687
16749,6.806269426511708
16750,6.174276173530613
16751,6.4166640740637275
16752,5.756408157278085
16753,7.48487040506432
16754,7.3433976352813595
16755,7.369300029171378
16756,7.039702705138511
16757,5.578567775709213
16758,5.620510650914568
16759,6.663749910488029
16760,3.4067147034775123
16761,6.5838449362694895
16762,4.875933415306286
16763,4.408069179536489
16764,1.8665324258920342
16765,6.377032071706702
16766,3.897505080316241
16767,9.451393025131164
16768,4.6561970457330295
16769,7.4613533757301855
16770,2.842700346601107
16771,8.436456802011474
16772,4.201566907567673
16773,3.4986906728622165
16774,2.867884119445331
16775,5.593761101199941
16776,7.040629785698774
16777,3.5941388002570065
16778,7.2055492555912
16779,6.149882223747875
16780,5.982445485122248
16781,3.994704023390176
16782,8.39142106450714
16783,5.195205113877509
16784,7.7207552115890525
16785,6.726771541989709
16786,7.771675372665643
16787,4.948515658651321
16788,5.438495714439606
16789,8.318370697439867
16790,8.409081995219013
16791,7.754145815438317
16792,8.808133022566967
16793,5.756835961878213
16794,3.25434050379721
16795,4.232086423534721
16796,2.4770174372259968
16797,6.4083119427935875
16798,5.055369736025867
16799,8.515375865332874
16800,8.675547065272298
16801,3.377988167559561
16802,6.163369304656806
16803,1.6451748979729293
16804,7.074737310618756
16805,6.9150034539285
16806,7.337457214964609
16807,7.422824128938017
16808,3.1524983443637637
16809,5.552581796827519
16810,5.7835069916610955
16811,7.141412290611861
16812,5.777406541026837
16813,8.243633284829802
16814,7.077772615387695
16815,8.21665159169831
16816,8.455798508967508
16817,4.58088196225511
16818,4.0797487862857675
16819,5.573065504991922
16820,5.030671998869379
16821,5.108579139070623
16822,5.519538357381502
16823,5.857440648683531
16824,6.228496111287927
16825,7.499548197054459
16826,4.478099931679361
16827,6.807117966651888
16828,5.838753473296398
16829,2.490257040812429
16830,3.825751375895349
16831,6.315430239107559
16832,7.1027131179140595
16833,6.733306714038968
16834,3.0381222595391395
16835,8.185576851141755
16836,5.81115888324468
16837,5.157120584609375
16838,2.8787996273102645
16839,8.635505993855979
16840,5.4232066250929485
16841,2.1563942333135104
16842,5.905608845431055
16843,4.699318779695648
16844,7.20200036079219
16845,4.86901475278066
16846,7.942093707962434
16847,7.083771632193559
16848,6.144331164848174
16849,8.479080346507095
16850,5.723583329234941
16851,4.05221835713114
16852,5.432201622285764
16853,3.7666485466685047
16854,9.386164906332734
16855,7.536597421346395
16856,8.006847700444322
16857,10.0
16858,4.8709637512291115
16859,7.040175906743235
16860,9.43690290971621
16861,8.974299918474253
16862,5.238111598437074
16863,4.78133277754341
16864,6.280004260129534
16865,9.659500649798938
16866,2.715232679167644
16867,8.49094436292541
16868,6.086233440336505
16869,7.091229009230554
16870,6.546754954094124
16871,6.143641173864342
16872,5.261320214215727
16873,8.169774083247964
16874,4.828622391317219
16875,5.31038824224161
16876,1.3909238583551786
16877,4.386645341991296
16878,5.852743196673723
16879,4.908714645970643
16880,6.686158928799485
16881,7.794386621900033
16882,9.20026028177097
16883,9.40301723593728
16884,6.40594110182418
16885,7.5892680541153865
16886,1.899368194031172
16887,5.480233277152115
16888,1.7151579443319664
16889,6.4291560280168945
16890,7.179734891291578
16891,3.6692850533923305
16892,7.2987371226392606
16893,8.78588460886653
16894,4.241226435409664
16895,4.239583333045184
16896,7.12544304246621
16897,6.668525032986764
16898,4.818459599635576
16899,9.142287917731704
16900,6.910443121449618
16901,6.484337470216963
16902,5.391304963315733
16903,8.49410832458935
16904,8.275361141117184
16905,7.685761457366601
16906,3.4652137371130913
16907,9.221161419333079
16908,7.263340788353322
16909,3.381938947678107
16910,5.944589487758146
16911,6.488524766979521
16912,3.093945466024472
16913,2.2591956665428374
16914,8.863131187068259
16915,8.140533137446784
16916,4.193711853786778
16917,7.289041886993044
16918,6.636855024933923
16919,4.065762101046717
16920,7.0351868311450945
16921,3.2450212314178493
16922,7.7488797273238905
16923,7.209898645930973
16924,7.475907135504777
16925,9.24011651482793
16926,4.31022189370843
16927,1.8337767175893191
16928,3.944052417932388
16929,5.590857295518861
16930,6.384316030208457
16931,2.8277108260255313
16932,4.1554977784661435
16933,4.327571887460659
16934,9.106340854559804
16935,2.969576915683207
16936,6.576915508056545
16937,6.463299600496037
16938,8.073793736338814
16939,3.6148843017359287
16940,4.100830685408133
16941,7.270170411035047
16942,4.960180594491678
16943,5.14466481985036
16944,6.737309477981578
16945,6.7921748126534816
16946,5.3560259855320105
16947,4.014980679336147
16948,5.666684586790707
16949,3.5518483266764145
16950,7.5363442698689065
16951,7.0376017918086795
16952,7.814344499312717
16953,5.484300538081009
16954,7.554538163572299
16955,4.7570647917467745
16956,6.762812678025199
16957,4.808034194143349
16958,0.779980955732307
16959,3.526067503301048
16960,4.162189028932184
16961,8.012770737882509
16962,4.179269437872008
16963,5.90625667410087
16964,8.274672358688308
16965,2.867959645596851
16966,2.989519820189011
16967,5.857625450598623
16968,6.958391006553499
16969,9.87638126179662
16970,3.4078820701892565
16971,7.5212212142563715
16972,2.4182993036121267
16973,1.2115152978806814
16974,4.272096121482041
16975,9.447953680616758
16976,8.423890502965067
16977,8.6778464924563
16978,6.991616259560877
16979,5.040627920485876
16980,7.171283764991648
16981,3.323138666563021
16982,5.54599322072849
16983,6.923430613641859
16984,7.1757827278913355
16985,5.136147410129772
16986,7.309724432036075
16987,3.6626109430158973
16988,6.547973744275811
16989,3.988139779789655
16990,5.6092651693765125
16991,7.480845112401887
16992,7.043742980749363
16993,5.040756172328309
16994,7.054577822667909
16995,4.725338726082892
16996,8.807538341776482
16997,3.873267452653426
16998,5.298577708710267
16999,3.5295610136250146
17000,7.424923089754669
17001,4.244272518055758
17002,6.753395135331711
17003,8.333851933031603
17004,8.900951080304456
17005,8.867766411804014
17006,4.305733332467119
17007,3.705711219093875
17008,5.1736268347614045
17009,5.338693495612806
17010,4.111653811302306
17011,6.5882371190835505
17012,6.147200380054147
17013,7.342175046215307
17014,5.320272099307341
17015,3.19226423903683
17016,6.936838571270259
17017,7.1362196099405715
17018,5.269330027114941
17019,7.492424275411371
17020,7.35230998748386
17021,5.234256539364146
17022,6.132180459551287
17023,6.754102222765364
17024,3.491464840439377
17025,5.731650743912577
17026,5.198564505892252
17027,9.311041330193241
17028,1.356910982629868
17029,4.231957049773814
17030,6.41023221884005
17031,9.233580654568417
17032,3.582398170142262
17033,6.201656357455121
17034,3.6472872975279533
17035,6.766351623250595
17036,9.016750687842944
17037,3.081994012188617
17038,3.4616656498848255
17039,8.773854222432504
17040,6.567253785103166
17041,7.085000602661666
17042,4.149217833135647
17043,5.311495494742821
17044,5.752946583360053
17045,6.996276439771577
17046,5.432338166031587
17047,9.055672168355915
17048,4.594807142517561
17049,10.0
17050,6.849510373732207
17051,8.04329857856882
17052,6.632261970968575
17053,6.557732701535911
17054,3.8094254665311924
17055,7.756521574744334
17056,3.671099047667134
17057,5.547962149280239
17058,6.732750979806024
17059,7.262186758255041
17060,6.166805120154042
17061,5.6684981167980375
17062,3.122487147813342
17063,7.167659480613443
17064,6.935925639066316
17065,6.860825430268997
17066,4.24278437346908
17067,4.806263163391282
17068,7.41667942720022
17069,8.389247598501163
17070,6.1964852352502335
17071,6.043643488639199
17072,5.77772786451044
17073,6.408879212841269
17074,4.096593048844335
17075,4.684622957992143
17076,6.190528614746738
17077,8.265505932031887
17078,5.026396482623925
17079,6.393854270306956
17080,4.083123939512474
17081,6.103938168780289
17082,8.21989765865382
17083,5.111738724887628
17084,7.98985408638064
17085,3.7839417676803495
17086,0.9600479030668582
17087,2.366509882448926
17088,6.841857361205537
17089,7.833813430353563
17090,6.47125474030132
17091,8.11594538626233
17092,6.66312031712962
17093,8.103328347090839
17094,2.1283041143492856
17095,4.825701494022835
17096,1.6904019391690175
17097,2.662088482572685
17098,6.2189433788403505
17099,2.1840042064446465
17100,8.056932335125678
17101,6.188090577880779
17102,7.712712723684222
17103,4.5174448042710615
17104,6.791362232803657
17105,7.412713088681365
17106,5.848913212335942
17107,1.658704547688349
17108,4.188489208758928
17109,8.484693619940915
17110,5.583178875794301
17111,4.7656199512467365
17112,4.7548716481475
17113,6.4973873978320045
17114,7.295336383753189
17115,6.767028038816387
17116,5.0451980366076965
17117,4.605992824980696
17118,8.37502053589502
17119,3.564029279174514
17120,5.608849005481586
17121,5.611940588754174
17122,8.533677470877167
17123,5.124835068589076
17124,7.664184186822281
17125,5.650739660966468
17126,5.088471077254422
17127,5.691435304463724
17128,7.972083730170223
17129,1.7889673312980605
17130,9.773503459883644
17131,8.627517797835193
17132,5.6800888380934325
17133,5.9356776336476855
17134,5.131079112367528
17135,6.279982378581481
17136,3.704397700437443
17137,7.8470157279155135
17138,6.64759295282244
17139,9.866452485298854
17140,4.955272968390402
17141,6.0555823854263435
17142,4.217865256360587
17143,4.410412358724229
17144,5.070588524250817
17145,2.7052056268330706
17146,2.714253542311011
17147,7.677863910512492
17148,4.076726801160138
17149,6.6025463957719035
17150,1.4536899111987671
17151,6.075444112521254
17152,3.1436232413056873
17153,4.013663844287819
17154,3.4391933868467586
17155,3.3502039754358925
17156,4.42837398777666
17157,7.389834208581654
17158,7.2920315289627275
17159,8.155841838646866
17160,4.198984994915888
17161,6.5863003359894154
17162,5.8494896885710395
17163,8.204168663477521
17164,8.202067259638023
17165,6.108498923792571
17166,8.958984697121156
17167,6.2148544261099685
17168,6.919666839188162
17169,6.244728798628314
17170,6.942020251438029
17171,5.008572976962831
17172,6.893618100849154
17173,8.555604159736248
17174,4.693221296455803
17175,7.169150563783117
17176,6.280459781469695
17177,9.248852539983037
17178,6.336618246437509
17179,5.486687814146507
17180,8.115187817400482
17181,6.878134017229935
17182,4.099562655098725
17183,6.738327359108949
17184,2.899230329107253
17185,8.277522248694757
17186,5.176557598286356
17187,3.2992163246053
17188,6.450760511688883
17189,3.0147084970504743
17190,4.541879146333167
17191,6.245765522210806
17192,4.076187076872385
17193,7.990890175659221
17194,2.8336509437053468
17195,4.0858438674562505
17196,8.643825026603237
17197,7.702585324183348
17198,7.720438933309338
17199,6.937583440648661
17200,4.95977301115046
17201,6.289121633442083
17202,6.806126207102158
17203,4.637341540119848
17204,7.173303154510391
17205,5.9580608904631855
17206,3.717317439397649
17207,4.132194818795852
17208,7.996041288845549
17209,8.635801061589113
17210,7.294627912161172
17211,7.877409023324659
17212,3.1323541550349336
17213,7.077772892610689
17214,9.250369925226108
17215,6.221130467776386
17216,9.712163063524073
17217,5.316253183764367
17218,7.162969972756685
17219,8.456582344498841
17220,2.8357411962690153
17221,6.0119909103006846
17222,2.070266940182597
17223,7.322489298060563
17224,5.647950817544117
17225,2.3079809621816634
17226,7.270815140801701
17227,5.843424771270993
17228,8.145004149997344
17229,5.416757481924225
17230,5.200121145281358
17231,4.130159060519619
17232,4.698227041491057
17233,4.7448316327023
17234,8.576149926942838
17235,8.5361148319005
17236,5.4762011755062305
17237,7.324868910130278
17238,4.0181612259194495
17239,3.965180989088949
17240,4.04711798324978
17241,5.2062502821241905
17242,4.083017904281798
17243,1.7448338407907824
17244,7.69682286373101
17245,5.625202376079219
17246,3.698959548515136
17247,8.801367570347958
17248,4.732070555749066
17249,5.607855863053732
17250,4.040822653721038
17251,6.277717318098603
17252,7.237448948248242
17253,8.65448777482149
17254,3.507954656327769
17255,4.594689024893047
17256,3.672191562519042
17257,7.791668982466418
17258,8.583558353226525
17259,6.573172454508596
17260,1.98524963921361
17261,8.44951779015634
17262,3.061272709974902
17263,6.9387101522036385
17264,4.845151166147324
17265,7.5099233932879335
17266,5.466378374286882
17267,8.290248708462958
17268,3.065981810763215
17269,4.778595533927722
17270,7.1338393981298776
17271,2.059449769758823
17272,7.138605137241012
17273,3.6409856921433565
17274,8.423842904553043
17275,7.078079522422455
17276,3.02530961917067
17277,4.274987094854222
17278,4.288809875816736
17279,8.86151016703891
17280,6.287459128187371
17281,5.619299375838433
17282,7.3305837852349525
17283,7.227001155012554
17284,3.3311544956036285
17285,6.413348410564279
17286,7.2723938741639715
17287,8.320763566053756
17288,1.5434833339316716
17289,4.753842745103081
17290,5.238515395600977
17291,4.312369021748325
17292,8.503464383052007
17293,3.893218581294214
17294,5.421912382764619
17295,2.897655344651114
17296,6.693248372304887
17297,5.007376346086218
17298,6.963562849147171
17299,6.507776960273733
17300,5.485113738076833
17301,3.8798835238724143
17302,8.670564357683643
17303,6.319246483755385
17304,5.262809772940433
17305,5.98881857435555
17306,3.267127599917159
17307,7.544448169921925
17308,7.3062347602552125
17309,2.219521561155192
17310,5.824280376939128
17311,7.1301337648259855
17312,5.774385185264225
17313,7.978844727056474
17314,8.46966806801825
17315,7.678346608397514
17316,9.16638428539279
17317,6.866777765550856
17318,8.042009811160087
17319,3.142204338878235
17320,7.135451498415869
17321,4.617697047441966
17322,3.734430381528008
17323,7.98475265487568
17324,4.724518843750475
17325,6.364231343696678
17326,6.414270910684701
17327,5.966050280967421
17328,4.817029765141636
17329,6.58034635584573
17330,4.686428818210657
17331,8.271801949273627
17332,5.745430619497759
17333,8.824632828539857
17334,4.765908666854647
17335,7.349034223880611
17336,4.627793830477733
17337,3.4028296577625534
17338,9.178813428531413
17339,2.270109501162742
17340,7.059378784421824
17341,5.4840619409671145
17342,3.7587701948359222
17343,5.737054357821552
17344,5.604282087498382
17345,8.575164648020209
17346,4.497195460033937
17347,6.484004646750857
17348,3.0454714402188707
17349,4.513259511845432
17350,6.539455417867847
17351,6.780880148009918
17352,6.24308756253873
17353,5.956668785045054
17354,6.927013332687494
17355,5.737810710850744
17356,6.900142684370705
17357,4.25994852298186
17358,6.458936191253747
17359,2.5646298802338525
17360,2.2052872863864232
17361,5.678242589545794
17362,8.562649179110206
17363,5.508747721615563
17364,7.632252821452398
17365,4.7156012496632
17366,6.94631795725649
17367,8.383045349648812
17368,8.355129412827171
17369,4.972763735032303
17370,5.4109295814136065
17371,8.14074259047668
17372,7.056040845513693
17373,7.4117766117328365
17374,4.454571443387148
17375,6.131110988660113
17376,8.138774806732886
17377,8.094128454172063
17378,7.405083979043314
17379,5.727465054636492
17380,8.625453378832843
17381,3.9985570779545343
17382,7.057765058389207
17383,4.001906113986931
17384,8.208836188857928
17385,6.623478598375504
17386,8.638097880654412
17387,8.948800940767395
17388,7.691655968434468
17389,7.605641608679955
17390,3.1236494187851296
17391,3.8691213985973185
17392,5.305166068985576
17393,5.503958572173671
17394,7.399075615836137
17395,5.298081623455205
17396,6.973840628299255
17397,7.32922401238124
17398,3.618245775203082
17399,7.5088817617217165
17400,6.280332893609923
17401,1.4913649676242828
17402,4.214484730383148
17403,7.060791605706271
17404,6.0519038955651805
17405,4.306296566306849
17406,4.103889557273151
17407,4.217918639975297
17408,6.164840372012257
17409,5.3799784318103905
17410,8.43641309315457
17411,5.324220333760174
17412,2.3779025718364926
17413,3.6875104693693883
17414,5.627051956486492
17415,6.001454774314908
17416,6.71616535027693
17417,5.453507984166299
17418,4.632782646789709
17419,6.427257781029472
17420,5.092580873076484
17421,7.572409521771453
17422,5.735486925090561
17423,6.39450607384136
17424,5.407728099092827
17425,6.753797416896609
17426,7.35715909365155
17427,4.564207853763944
17428,6.696195518594202
17429,6.293026746103122
17430,7.856857964254649
17431,4.050417595016106
17432,6.741487813004859
17433,7.894929652018811
17434,4.927415350492942
17435,5.297436585299779
17436,7.009775921314758
17437,5.678320735848266
17438,6.71513950402087
17439,7.391405315377451
17440,6.306578987928476
17441,3.5748249921495705
17442,7.927207645189387
17443,4.707781767873387
17444,9.025205879256202
17445,5.498802145107326
17446,6.549553692053998
17447,5.52618516642683
17448,5.851495432450944
17449,4.175562606874213
17450,8.900709449134718
17451,7.60570081832745
17452,8.617690636976466
17453,6.233764238027346
17454,6.8950887940198236
17455,3.354058896664759
17456,1.7928468251077314
17457,8.310280597278584
17458,5.240184043612698
17459,4.5158311218146485
17460,6.977590464514874
17461,4.11406033424756
17462,5.349226145368607
17463,7.5035334808800025
17464,1.5347410053774069
17465,9.537836516799137
17466,3.319084060708983
17467,5.8321961784004275
17468,6.756878680073754
17469,3.7543441575863716
17470,4.152367711949263
17471,9.801761970167838
17472,7.9975540370052585
17473,4.390599160246781
17474,4.060713811942277
17475,6.687734583171523
17476,6.932129384068292
17477,8.473995927368742
17478,7.190881775436807
17479,6.893268059631774
17480,4.662917402250697
17481,4.87452799516407
17482,1.7837261186161473
17483,5.593037146878859
17484,6.15762755209634
17485,4.948410371212901
17486,5.183876659810379
17487,9.117579805408344
17488,6.603930150872062
17489,5.388048277053345
17490,3.706283252635585
17491,6.886655776713574
17492,5.813661073978527
17493,8.04065109139308
17494,6.139011704574083
17495,2.6413194447561237
17496,8.345419486846803
17497,2.6781674594473315
17498,6.888312749649312
17499,8.546272301238048
17500,7.660499981449753
17501,3.5315281983912947
17502,5.816243438533457
17503,7.2056342721843505
17504,2.822186595642011
17505,2.3975709429018877
17506,7.475109227565749
17507,6.105360132636744
17508,7.397859664766317
17509,3.7897462949916476
17510,5.611085540455373
17511,6.77695782931793
17512,3.146571325056394
17513,4.875861256630378
17514,1.879135061311308
17515,6.450292506801521
17516,5.489607082782459
17517,9.254750111388514
17518,2.2227624667349057
17519,5.860837278603155
17520,7.606690010650148
17521,3.874443716801401
17522,5.040655573027935
17523,7.564770403093798
17524,8.66854655867607
17525,4.873701706844662
17526,8.735851531030363
17527,5.459158295469759
17528,4.2085702534734395
17529,4.921985049348887
17530,2.4424909198415716
17531,3.7278851527311687
17532,6.4908571144158485
17533,7.930706294080402
17534,3.0114741137002925
17535,8.420192442110597
17536,3.8280463096062887
17537,5.421934150973318
17538,6.506819595331331
17539,1.3008119106831748
17540,7.491457567252082
17541,9.38357519964887
17542,4.653012311278383
17543,6.447050033334477
17544,5.198191695315607
17545,3.6720686037709114
17546,1.4395873940886346
17547,7.450466116918573
17548,5.195648512990717
17549,6.491796890822352
17550,7.690100251679549
17551,5.951838809485853
17552,8.04294375768504
17553,6.567706971265491
17554,3.8038373175378917
17555,7.302921784431834
17556,4.346820062917828
17557,6.264418325448781
17558,3.0758543401185787
17559,5.777477373785357
17560,6.172284785304349
17561,7.702452420919579
17562,8.35332487913422
17563,8.691462221471877
17564,5.977695843204409
17565,3.273148322432567
17566,6.294462288817197
17567,6.549297907305085
17568,7.282366903643709
17569,6.6277228519597875
17570,7.879566451125201
17571,8.403541998551672
17572,5.490030214093976
17573,2.8331082094673894
17574,5.502809615665358
17575,5.526209832148023
17576,4.91136882969368
17577,5.954215563905586
17578,5.44895128371133
17579,7.449145462225884
17580,8.27172594925112
17581,2.1249268565816632
17582,6.612676091375056
17583,6.818561535076886
17584,5.703920436058148
17585,9.011089852634349
17586,5.49620249955728
17587,4.066781852952509
17588,5.505732733588514
17589,5.193212233959375
17590,4.457833948330038
17591,5.585496036512171
17592,4.273816189831413
17593,6.583163482054727
17594,7.460151149722495
17595,7.497721226549363
17596,9.730762672357132
17597,5.155946053716675
17598,6.7842773660396185
17599,3.942687189934156
17600,9.500471560852118
17601,9.000665792596712
17602,5.07882158611274
17603,7.267948644482656
17604,2.886846598097642
17605,3.8394775323459114
17606,8.315242641356413
17607,4.881213484584207
17608,6.715763813961399
17609,5.645388033083413
17610,3.9109327597480545
17611,2.269603499921798
17612,7.53633344809023
17613,3.4476112157945935
17614,8.66917485742606
17615,7.6092916589408555
17616,7.841636938684265
17617,6.769169738853505
17618,6.756117328811098
17619,6.160086151239149
17620,8.644387859664329
17621,6.162024485906774
17622,4.181167353400878
17623,7.9097341299741695
17624,7.0219940608829825
17625,3.8600256193241793
17626,5.1353565296642945
17627,6.780877259911446
17628,3.415490369928293
17629,4.831651573718503
17630,7.336168218096002
17631,4.9126477981123475
17632,5.900336532415771
17633,6.165359735226944
17634,3.664388435170672
17635,6.214719315559338
17636,7.513579009211963
17637,3.5498043202892298
17638,6.306967921061118
17639,6.457160060508888
17640,8.34183454738024
17641,8.099312910266466
17642,4.73385732504306
17643,6.057808224805583
17644,7.881646904616352
17645,5.308681834725486
17646,6.446608577752307
17647,5.996330989769259
17648,5.953563527207449
17649,4.340622160767568
17650,5.786635956050566
17651,7.030130412138461
17652,6.258657641501469
17653,4.734353182334673
17654,1.534919348011727
17655,8.108974416464314
17656,4.168971129477953
17657,6.439693194882184
17658,3.673956714857141
17659,5.569364549444815
17660,5.910161970398937
17661,3.1958786035186733
17662,2.1623673816217646
17663,7.351544516167856
17664,6.5983491323296475
17665,9.719069366053695
17666,4.505509460016426
17667,5.966907660289918
17668,8.594437424298473
17669,7.817292148687282
17670,2.6538644163730982
17671,6.105656312799765
17672,7.270047840948497
17673,9.068874933264754
17674,2.377365078976201
17675,3.107661582681226
17676,2.7943401577652347
17677,7.255177892776885
17678,5.168431426389428
17679,4.740628694303309
17680,8.937424645389857
17681,4.813050461695863
17682,6.738086291845112
17683,5.399830811892494
17684,7.7745594859604115
17685,3.831015305594203
17686,5.901669406964849
17687,6.719547621340509
17688,4.213108309251024
17689,6.276135967548156
17690,9.568394906600343
17691,6.444238448914881
17692,5.857436656578601
17693,7.187359145958268
17694,4.968250391770437
17695,5.377445194221653
17696,7.728614800901594
17697,7.805422479563353
17698,7.91172138354183
17699,1.645225947640917
17700,6.464608803976367
17701,6.520180676863497
17702,7.38589330641078
17703,8.141792513807735
17704,4.0892928547661995
17705,6.937600270725833
17706,5.397495220199681
17707,4.252903844531037
17708,4.354688309681664
17709,8.876136101474287
17710,3.770869771056648
17711,7.837303955744213
17712,7.542138968542664
17713,4.1627085199559115
17714,6.640192484256875
17715,8.907653221963665
17716,6.078221339474853
17717,4.1138131514497855
17718,5.7984913865846055
17719,4.846147180970916
17720,6.584408224073857
17721,6.27510625454082
17722,6.254665304058757
17723,5.9954620689266225
17724,9.274110225010578
17725,6.240896433476578
17726,5.898757323140463
17727,7.911457662002711
17728,2.12110602706221
17729,3.9223858684364536
17730,8.592421072104203
17731,9.75178298139665
17732,6.610884726021207
17733,7.458836662097436
17734,7.946213409874877
17735,8.01379962734383
17736,4.497437321572502
17737,9.09239720659782
17738,5.589916333037455
17739,4.077316276601926
17740,8.01590289622112
17741,7.248827523873557
17742,9.326906400828463
17743,6.094268725520986
17744,7.3431628609865545
17745,8.52272285891674
17746,8.384133123009361
17747,4.546854873667467
17748,8.023172276125178
17749,6.258707539690046
17750,4.87909799637806
17751,4.236766618010621
17752,5.685496589256401
17753,6.86813238951597
17754,9.949589152068747
17755,4.9432732024606985
17756,4.3102123875390825
17757,5.696540590570557
17758,4.592331356251041
17759,0.0
17760,6.4471174521712475
17761,6.0853790108392705
17762,7.038223743936448
17763,8.752320199501614
17764,7.309308503054761
17765,3.6013752916060278
17766,7.220990493591727
17767,4.610580961634131
17768,7.08495011505126
17769,7.172104330713703
17770,7.467521059389934
17771,2.731562911260315
17772,5.976643499966427
17773,7.948809082878277
17774,7.974858666536037
17775,6.073298354932765
17776,6.279874321829643
17777,4.801258632078648
17778,9.337537270299592
17779,9.06857282259865
17780,5.191057205921041
17781,4.50179235553698
17782,4.703304675621452
17783,3.9556147882948864
17784,3.503385314758765
17785,9.507248024890451
17786,8.128764777842694
17787,6.14365859701664
17788,7.682303018977581
17789,5.534699878140148
17790,7.857219104245989
17791,5.530960177635022
17792,3.99112139099863
17793,6.31911938982183
17794,5.487974616746218
17795,4.66610797271952
17796,3.8404432837753055
17797,7.265040825276585
17798,5.690617929450665
17799,6.3073664860516105
17800,5.11517672739447
17801,6.193694781294991
17802,8.28546193953847
17803,5.6212533714636645
17804,1.4332545555946443
17805,7.5836447239051
17806,7.126571447925201
17807,7.108711476278609
17808,5.901884385094685
17809,7.3036891194437645
17810,4.971136987920778
17811,3.726936300427834
17812,5.1004648998237965
17813,7.962342258491928
17814,5.350855086853337
17815,1.8728694399305457
17816,6.357888824378379
17817,5.073468034444182
17818,5.534340128902632
17819,7.012173605381251
17820,6.998144845755324
17821,3.865883464790485
17822,7.502851779575001
17823,8.56390830960237
17824,5.767346216071456
17825,3.2777878213270286
17826,6.780144736827794
17827,4.683425770562638
17828,4.617155476307507
17829,5.946897388008577
17830,3.543005856129609
17831,4.2423201721136286
17832,8.046449201992134
17833,7.635532279005191
17834,6.202739893233512
17835,6.050287837278721
17836,6.676929311552332
17837,6.993151887877779
17838,5.2776230626142135
17839,6.33608338829114
17840,8.293924013890456
17841,3.927603612524413
17842,5.328633078192366
17843,7.636705390466715
17844,6.375246771406041
17845,7.531950292319573
17846,4.505699836134463
17847,5.219905644161534
17848,1.457407856650731
17849,6.236149646577445
17850,5.292155327214303
17851,5.300540120490176
17852,5.151684090986788
17853,2.8287624334733503
17854,3.860010765757119
17855,8.906212663439467
17856,6.483716081283913
17857,8.320377182675964
17858,6.226263479469761
17859,8.511652243520112
17860,6.948669474057949
17861,4.472795014891315
17862,3.408531354023255
17863,6.832585831409535
17864,4.934754339994395
17865,6.7912374932733535
17866,5.940737056313079
17867,8.431238932166687
17868,9.051179488979162
17869,4.7631531180438555
17870,7.305141859908439
17871,7.657959462450547
17872,8.4383953170834
17873,4.010488949566107
17874,9.42618435809395
17875,4.935829102409356
17876,7.4560390639738365
17877,7.950995438044233
17878,6.28527129253674
17879,5.254637361096773
17880,6.316346533151912
17881,5.57709603844687
17882,8.1110706929169
17883,6.111614063491323
17884,1.474049877636251
17885,2.8223366450660654
17886,6.136844859981378
17887,1.7047405019658213
17888,2.6189660930243783
17889,8.143883567971882
17890,8.860648594894247
17891,7.103615914126453
17892,2.8630958994978757
17893,7.319578848795362
17894,5.147602856362678
17895,5.537209774375153
17896,4.009523033642887
17897,3.5367294847965955
17898,5.8771117224674665
17899,5.275328252475989
17900,5.6936509204057115
17901,6.076587400376686
17902,7.8272988837301085
17903,5.8633126536718185
17904,4.712125315229054
17905,6.616724040351092
17906,5.7171956867819995
17907,8.680630825573738
17908,4.893040448174159
17909,7.583218500374413
17910,7.406721567625369
17911,5.499511911796217
17912,7.019846707429112
17913,7.910070487388726
17914,7.39634108137773
17915,5.960141146872037
17916,5.724889095077698
17917,7.667979150436031
17918,4.915801890460242
17919,3.6396267587882254
17920,6.993410647482789
17921,3.9815489100030543
17922,9.020373762297112
17923,6.410026145060165
17924,2.627654926688191
17925,4.537100459608982
17926,4.757527391678552
17927,4.176295677564069
17928,8.662029211610545
17929,8.625610865020425
17930,5.77262218730821
17931,4.239141674628813
17932,1.3704513872705666
17933,7.145207394845619
17934,6.301554667339855
17935,6.6190241140796084
17936,6.8313131554331425
17937,6.3978746170707925
17938,4.610289218358981
17939,9.38347415025835
17940,8.705465240033996
17941,4.679887327509151
17942,5.067697605556076
17943,7.152408145584361
17944,5.392252396696588
17945,9.20877078112108
17946,6.48939622314154
17947,9.148143771157985
17948,2.5034506855812846
17949,4.059316797070334
17950,5.436324409508467
17951,7.858000239945147
17952,7.121578559989418
17953,8.743067526818535
17954,4.005638497361172
17955,9.834790731126855
17956,9.615396642043597
17957,7.570184574810121
17958,7.540435593506833
17959,7.184257213310026
17960,4.103958203326426
17961,5.866198602997304
17962,6.321642383803219
17963,6.337648361615327
17964,5.022025664574175
17965,7.949273147210814
17966,9.012667569551333
17967,6.321440234439908
17968,7.551787968377454
17969,5.873214048254766
17970,7.260340955097525
17971,3.966290378176508
17972,7.519644869468932
17973,5.351745726833419
17974,7.9462120370740825
17975,6.289360831968112
17976,7.796279922786885
17977,3.616704933090306
17978,3.9716660372309187
17979,5.5342695773932284
17980,6.410194738534872
17981,4.4795216674712846
17982,7.26394182470602
17983,5.8901980537515986
17984,4.02904419410432
17985,9.429300585313987
17986,8.544619309319168
17987,7.966944647622408
17988,5.686270177017331
17989,5.761560575771457
17990,4.619821513732406
17991,5.891973816653016
17992,8.603130268731308
17993,5.492185976565666
17994,4.2674284400614155
17995,1.878966236160159
17996,6.598321681901708
17997,7.054370910782204
17998,4.989816520182156
17999,4.944970023364708
18000,3.818599739355725
18001,4.658898025666684
18002,5.337396218950089
18003,7.005129647845597
18004,4.610767940491409
18005,3.6449651381503907
18006,4.884269730415196
18007,4.082414273843211
18008,7.675846738158208
18009,1.7820597673231238
18010,5.830641438136895
18011,6.960233745703051
18012,3.9822536827740205
18013,9.143214033254445
18014,5.441011041236514
18015,8.771761641070954
18016,8.844099275027773
18017,6.962307231035216
18018,7.633887175854481
18019,5.943354191460196
18020,7.564690064551829
18021,8.27797948725615
18022,5.499569013510708
18023,2.85527476911756
18024,4.208688079174017
18025,9.101712898628447
18026,5.393762042176028
18027,5.00215457770286
18028,5.3167526793959174
18029,8.557154693363914
18030,7.724510268295701
18031,7.2301461833585785
18032,7.947307216745929
18033,8.072740912421429
18034,4.572690554618733
18035,6.326642911558895
18036,4.358010465596645
18037,7.504587019474423
18038,6.699853668850398
18039,7.3451513582753405
18040,7.1578221372951
18041,2.4538556802103977
18042,5.941065760676119
18043,6.609476301681065
18044,4.002264768027636
18045,6.505728308902962
18046,3.697097664863418
18047,3.354417730564225
18048,6.3814983038387085
18049,7.021065222865917
18050,8.65634925314151
18051,5.434499480202706
18052,5.229178002036753
18053,8.48596393790737
18054,5.979651809238322
18055,6.362574110939608
18056,5.840557064104735
18057,7.156603750272896
18058,6.831192613341486
18059,5.4881590012847
18060,5.589645835118504
18061,7.5352978150865155
18062,7.602933431012129
18063,2.3337608548936846
18064,6.307922167039134
18065,7.623493212343527
18066,4.983266014759249
18067,9.08160177965484
18068,7.329219150610299
18069,7.346693387599066
18070,5.636818572996075
18071,7.079871801859077
18072,8.268934483822479
18073,6.575144356276664
18074,4.32540599830067
18075,5.268290345754649
18076,7.002191961508071
18077,7.170165322284953
18078,5.834666124442669
18079,9.08716426043952
18080,2.130989942542738
18081,8.616526526321403
18082,9.144079079107293
18083,7.474334998201145
18084,7.317763303356022
18085,1.1449318187092496
18086,5.672303844799989
18087,4.948772394893966
18088,5.631719980084191
18089,6.794556224345235
18090,7.162649160190759
18091,6.078244177514123
18092,3.3947447497620344
18093,8.142504193699928
18094,6.085870175711284
18095,7.703514583855515
18096,6.191010521854124
18097,7.516933600028112
18098,4.696046654694462
18099,5.9386016627930065
18100,7.046375703173079
18101,4.069759040270385
18102,9.032156704260196
18103,4.419817570001251
18104,2.8705747173320084
18105,5.9951541828004915
18106,5.5285753970062395
18107,3.780676657993005
18108,7.2155374589066845
18109,4.911727997653037
18110,6.756355830995917
18111,5.065654133613873
18112,9.068883676698997
18113,8.737561947901506
18114,6.8011336356717305
18115,3.1295297362987813
18116,2.9749031517735656
18117,4.6724769086727385
18118,7.535024954832557
18119,4.792827106008144
18120,3.093681542742257
18121,4.932069694711391
18122,5.148538068748013
18123,3.77467622251146
18124,4.956189124959717
18125,9.03662360066076
18126,2.6905005109615416
18127,3.8825577008050365
18128,7.276316298443188
18129,2.0197717259502954
18130,2.371674399212156
18131,2.7023690901826005
18132,6.730309965101055
18133,7.113329969818967
18134,7.590706432660765
18135,6.345847531841028
18136,8.616336955429615
18137,4.65687872780655
18138,6.431491493175593
18139,7.071378704823468
18140,4.873956309319928
18141,3.410083710041152
18142,9.202261988080009
18143,5.460092947652278
18144,5.226784775980052
18145,6.062156256752143
18146,5.087820505178766
18147,6.765673368863838
18148,7.954137317485505
18149,8.340926022290652
18150,8.955985176918846
18151,7.634392688259424
18152,5.7973997681581215
18153,4.958507928883093
18154,7.630610246351132
18155,7.226878344376464
18156,4.996417838608687
18157,9.713223719487809
18158,6.472006969997472
18159,2.741215158746468
18160,9.014976594698012
18161,4.206422631302209
18162,5.163263505112747
18163,4.611445940107086
18164,8.858900143997293
18165,3.31357140765749
18166,8.451701903091552
18167,3.2090956362685494
18168,9.094721440765287
18169,8.207964001869678
18170,4.8490677024894495
18171,6.525845113923634
18172,4.953542769065308
18173,6.085802363747176
18174,5.264218032365623
18175,8.022285468985606
18176,6.739553869817409
18177,7.760332551327286
18178,0.9323144339688466
18179,6.473084862170033
18180,5.435228610488169
18181,9.292614644825491
18182,4.212441300371912
18183,5.506308396142088
18184,6.722579853875465
18185,6.745669650673711
18186,6.789188307900863
18187,4.09698690036737
18188,7.109091794547224
18189,8.067364828451003
18190,8.578609253019911
18191,5.508096111337768
18192,5.925069545775496
18193,5.067475506695646
18194,3.587981225945016
18195,6.537400061617366
18196,6.672139895629534
18197,8.232463808264253
18198,8.616833071543399
18199,4.466074269216177
18200,8.107490710555235
18201,5.843696844540824
18202,5.720630328624052
18203,8.888735851687988
18204,6.771298025781369
18205,6.932327411094938
18206,5.870092968431401
18207,9.47223144490576
18208,7.156178369276872
18209,2.858930855261623
18210,8.373729979685661
18211,8.53364438930335
18212,4.33940238410752
18213,8.791569440810925
18214,5.635650927430634
18215,6.9600477026533065
18216,4.424585569723175
18217,5.330821312132152
18218,4.2961819942420005
18219,5.056038361625139
18220,7.837116297533228
18221,1.618103437185986
18222,4.449578404307014
18223,4.761853305610047
18224,4.761582782895866
18225,5.538609156240831
18226,6.811917348628618
18227,4.835356524296919
18228,4.884274944629858
18229,6.538185118433644
18230,1.1091365295226643
18231,6.0047824326909875
18232,3.5452268684923034
18233,7.49602407762199
18234,7.1727229817550535
18235,9.698594696718033
18236,5.610323460683631
18237,8.926960964889272
18238,5.41283732964599
18239,6.347078944698122
18240,8.000813189901804
18241,8.577727692640902
18242,6.661548844128912
18243,6.838357488146319
18244,5.678750052486742
18245,7.667362042058074
18246,3.080345830900757
18247,5.052808549730047
18248,4.289546313612907
18249,6.866557592641483
18250,7.285271394556111
18251,6.172629369478996
18252,3.5410312515083224
18253,8.059690926414852
18254,0.7853386557106149
18255,7.588554104710865
18256,4.099789823400575
18257,8.304510977689288
18258,5.330081420965274
18259,6.446179840663325
18260,8.97577262324557
18261,3.522229897653586
18262,7.255429880401994
18263,5.033318931310796
18264,7.6597252262706785
18265,4.0033203047838954
18266,7.9784945512511705
18267,4.96671353605355
18268,5.807864433958036
18269,8.75854569714391
18270,6.727654328122299
18271,5.814766182621093
18272,5.7561342814321375
18273,5.677623560175851
18274,3.0517806799306015
18275,2.4790355295933764
18276,4.298078809956028
18277,5.668461792587866
18278,3.5923784071608424
18279,8.156980299361464
18280,6.112366254820247
18281,7.481671544905468
18282,6.13652690175574
18283,2.8094763983346347
18284,3.34217479420671
18285,4.874788139487556
18286,4.0700212226920565
18287,6.336863356019545
18288,7.1913768535605485
18289,5.093826221835385
18290,6.099802412543595
18291,8.962652660429013
18292,4.517930387286824
18293,7.7201743861875896
18294,6.493423487604235
18295,6.7635519210177275
18296,7.906651202565092
18297,8.997501393378496
18298,0.5276965111490054
18299,1.9300442602437708
18300,6.205273789797503
18301,5.359074140520161
18302,6.1023523971951334
18303,4.955018597962037
18304,6.864839078013137
18305,4.961333457963883
18306,6.688605133879218
18307,4.233166874261434
18308,5.890019846559567
18309,4.586192819876714
18310,7.209769404596779
18311,4.61423479323356
18312,7.445448837206095
18313,5.0481498387955925
18314,6.290847996475801
18315,4.55275404008437
18316,10.0
18317,5.630381459906916
18318,5.667477620743441
18319,4.071960024952167
18320,4.319203311864563
18321,2.8840425721158405
18322,3.5667247795228367
18323,4.478872858238026
18324,4.971139047613809
18325,7.086915794836876
18326,4.392976341200121
18327,5.360313588767435
18328,4.229143942612572
18329,2.9419099029984985
18330,5.6760069863278435
18331,6.925068780388948
18332,5.976006967169144
18333,4.642924528599165
18334,6.259785132715126
18335,6.749775118256707
18336,4.90865821594033
18337,5.824980125603962
18338,7.6394627391869285
18339,7.53414198916498
18340,3.7410802014900173
18341,9.500510867436391
18342,3.512973737100252
18343,3.6953631269079987
18344,5.426184232723623
18345,5.353305449275115
18346,3.759742475075877
18347,4.2370669669933845
18348,6.91221736727357
18349,5.092938711581108
18350,5.750654316737498
18351,4.823399130470647
18352,2.135879828809595
18353,5.801630857566638
18354,4.0203075648928515
18355,4.0043687862818995
18356,4.651092566327598
18357,3.799444907026239
18358,8.443315989225182
18359,5.08556543682769
18360,8.538712620365981
18361,7.417522137773086
18362,7.928391295554363
18363,5.265655110681606
18364,8.223066623308968
18365,6.88953949351351
18366,7.199237678718315
18367,6.881121657877431
18368,8.15629361982279
18369,4.294559859353337
18370,3.0127203677266152
18371,8.231844270191436
18372,7.147570752954564
18373,7.15005781169695
18374,5.864285560995279
18375,7.737743569631397
18376,3.9774860698870027
18377,3.3516725848621887
18378,6.142265583799555
18379,5.5852724398232
18380,5.782692988393213
18381,3.9898821647200977
18382,7.070951945840765
18383,3.809099075541575
18384,6.943206650436682
18385,6.019951782975703
18386,6.020446339787126
18387,5.992854463681952
18388,7.753284763611542
18389,2.931379438282903
18390,7.854213729519247
18391,2.888109130162414
18392,3.992409776797471
18393,8.159662459050809
18394,8.095920808823372
18395,7.046149996543038
18396,6.5981385636496555
18397,2.2508075429619145
18398,7.115378415716395
18399,7.841869336209927
18400,6.751776892705195
18401,6.473330719749903
18402,4.45256010666507
18403,4.217044534571027
18404,3.793971298437549
18405,6.846089010947222
18406,8.090753372016701
18407,6.0678923110455445
18408,6.231285489784727
18409,4.747373669544313
18410,9.548013939742289
18411,4.442458410122305
18412,4.971474056375112
18413,5.89027543683203
18414,3.37023782316145
18415,5.250592882010481
18416,6.874506499467969
18417,6.257348246669078
18418,6.462538458297524
18419,6.298096018615784
18420,4.825917220321402
18421,7.930260802555916
18422,5.171812753094103
18423,5.149019381522102
18424,8.228332214782808
18425,3.9680455831013792
18426,6.438797339893379
18427,7.576966721609924
18428,5.431946071707582
18429,7.727504838492568
18430,7.449816298009482
18431,2.4018855185116768
18432,4.603752118695805
18433,6.617367130647478
18434,6.407702196526022
18435,5.01595006522286
18436,4.00702085651057
18437,5.0021645468675855
18438,4.415395236787374
18439,8.971058145434395
18440,6.9930027626640126
18441,7.328852995429917
18442,0.5944337288763644
18443,4.896021221599285
18444,4.7511936190962905
18445,5.242671093620023
18446,8.027324822040631
18447,5.27802680143846
18448,5.774974456418983
18449,1.8401946166096994
18450,4.330203194638619
18451,4.770385851707132
18452,6.981544077406504
18453,2.4702718696935224
18454,7.965236845912444
18455,8.101365049327063
18456,4.911531010969232
18457,5.92867133661826
18458,6.74818346202513
18459,3.1901198063746095
18460,5.116426345860794
18461,3.960953588369812
18462,7.45908185413367
18463,4.499778713095017
18464,6.193176981243831
18465,7.553062966830156
18466,6.276516242529002
18467,3.9830472934616052
18468,7.706632553951421
18469,5.300034480397213
18470,6.55722225496004
18471,7.729730026051515
18472,7.989044841486371
18473,4.388017096618196
18474,2.0822173658807013
18475,4.68981322259596
18476,6.423512652996451
18477,7.090364571209424
18478,8.003357375806043
18479,5.024949676596021
18480,7.0376568646401765
18481,2.1587624820833797
18482,5.1115156756808755
18483,6.249244959271339
18484,9.254133793720898
18485,4.458620466033447
18486,5.335458217381307
18487,5.395947145781563
18488,5.779414129668848
18489,2.20516767771485
18490,5.441472662967179
18491,4.9063210012440015
18492,4.309932225449934
18493,3.78909960192399
18494,3.7037303667245034
18495,5.60746937372204
18496,7.429772829000958
18497,6.353139161077702
18498,7.594119540373213
18499,5.3574193205771135
18500,4.251687148113088
18501,2.1303330302500125
18502,4.774160206179692
18503,8.199165347398203
18504,2.6796418485288607
18505,5.480278738615849
18506,3.0917099524188516
18507,5.144624618919923
18508,2.0702505857299385
18509,5.208668056138709
18510,6.563965086951608
18511,5.160612271194823
18512,6.675534134211878
18513,5.732667870041433
18514,3.8080708348980283
18515,4.604471636156196
18516,7.787058982897201
18517,6.079014386498084
18518,5.1750198518891946
18519,6.470563424385365
18520,7.159172826576542
18521,8.498556653911807
18522,6.584516775843254
18523,6.8353152407125535
18524,0.0
18525,5.447122296899124
18526,5.552618847862324
18527,5.010934034001766
18528,8.703810828984563
18529,8.416051297139385
18530,4.694719185147857
18531,2.887460222748423
18532,5.806344722639107
18533,5.026640729501904
18534,8.052441137034991
18535,8.14789239461085
18536,8.17278634914725
18537,3.52534268789737
18538,6.179692744620817
18539,4.542845662006343
18540,8.22357210522884
18541,4.0307662144615275
18542,5.351447173527412
18543,9.261378896211069
18544,5.9038367626492185
18545,3.664170926824411
18546,4.544962067041329
18547,7.839409184612654
18548,3.650852054443609
18549,5.786701852624574
18550,1.2889241939897567
18551,7.873509340465248
18552,3.5840908641605047
18553,6.354689641646039
18554,4.2060828677320155
18555,8.376338085275481
18556,4.7091896428767415
18557,7.457262479376327
18558,5.3869708071560085
18559,2.0532504019872704
18560,4.908968888846652
18561,5.00677564434881
18562,6.939037049983687
18563,7.262114033301553
18564,6.92731846917368
18565,3.501126412527357
18566,9.256017738150058
18567,6.804950750850455
18568,2.322356122661953
18569,9.518113678818574
18570,3.166588056121732
18571,7.695382671644029
18572,5.880472324041584
18573,5.274217235516166
18574,8.48811377200003
18575,5.868416877316363
18576,7.1646833751210695
18577,6.449896254008326
18578,6.562607083149014
18579,7.821790430404325
18580,4.448677148025347
18581,6.531822991597053
18582,6.1778258978933405
18583,6.608485446785933
18584,5.875642969052004
18585,8.191338961985965
18586,8.056129899987706
18587,4.442227157105162
18588,7.810956405457444
18589,7.457178553783591
18590,7.663012445510926
18591,3.5949793677825586
18592,7.336849617740991
18593,7.993700646316558
18594,7.806912381584549
18595,3.5698498651709687
18596,5.5836304277090765
18597,3.4435937615860035
18598,4.519006321620002
18599,4.052671409745491
18600,7.2573328717857555
18601,8.463041509585462
18602,4.932139367827819
18603,4.78845437749625
18604,5.0131636290574955
18605,5.973594261762263
18606,2.5977182834087045
18607,5.297952808573797
18608,8.730857958715497
18609,4.75038080830777
18610,8.089578096397405
18611,6.690126700858807
18612,4.859828226430051
18613,7.253409022488331
18614,4.409146302162281
18615,6.437823827880042
18616,2.384878113190971
18617,2.953516314920964
18618,7.542107238754231
18619,7.136953549754933
18620,5.924144146060866
18621,4.0185187630483
18622,6.3629537332633825
18623,4.499370950524443
18624,6.84370486003432
18625,7.491247915885084
18626,3.7116965204877435
18627,8.347419681701565
18628,7.841491721922995
18629,6.57541531503978
18630,5.260265113416384
18631,6.999311543002548
18632,3.145686411555792
18633,9.391324930710704
18634,2.4739498879589727
18635,5.466419124531858
18636,6.64173641170861
18637,5.932222865289132
18638,8.861356135690716
18639,6.020080634869942
18640,7.745873779623823
18641,0.8602516891746986
18642,3.500931495421891
18643,4.942105436677294
18644,6.869157735090946
18645,7.190182888038711
18646,3.2959328051385084
18647,4.11718270276485
18648,5.922585107670438
18649,3.4989315132106906
18650,5.699342817391457
18651,6.06107333540474
18652,4.599011296466607
18653,3.812230492232186
18654,5.175647673251036
18655,3.1072321212673697
18656,9.385615341933438
18657,4.819786140618078
18658,5.327407626207826
18659,5.106930852543346
18660,8.109339846949625
18661,7.372547987626163
18662,4.745755616230038
18663,8.089053121150332
18664,4.620590432832032
18665,8.954438400645772
18666,5.3545723944369
18667,8.80744314558553
18668,6.4204866104856935
18669,7.030732425730045
18670,6.876420586145678
18671,6.69286088422515
18672,5.593404950921668
18673,7.402973842878811
18674,4.8741266377386205
18675,5.138428812716589
18676,6.056463859794712
18677,4.920993101410709
18678,7.884888693328237
18679,6.567916651667051
18680,5.030895301969484
18681,6.507478230635554
18682,7.2503157078664975
18683,6.75023276031327
18684,3.252808946240648
18685,4.355204780687217
18686,4.675956965193205
18687,6.22701325890488
18688,9.069973316247763
18689,7.397700839795356
18690,2.6439635534267767
18691,6.249637894607738
18692,8.880640928670905
18693,7.946768293911269
18694,7.147953850962139
18695,3.304793765941834
18696,8.84212718602499
18697,3.016816774413442
18698,3.762114145100415
18699,4.443362250221863
18700,7.572758466170291
18701,7.580938920662267
18702,7.803227935419856
18703,6.731784564643036
18704,3.9269424305453025
18705,3.9734030021542
18706,4.791380073294399
18707,8.332349986074416
18708,8.924028209100625
18709,5.557954817442677
18710,5.411102452733425
18711,7.706118368625612
18712,6.904803216398489
18713,5.435578606409557
18714,7.7235505134113875
18715,4.822803362825023
18716,6.8411310066949955
18717,5.337456489328739
18718,4.215538991862565
18719,5.46914437293736
18720,4.035144079933557
18721,4.952220331458043
18722,6.2270166985846105
18723,9.1425597493668
18724,7.595154616940278
18725,5.580663789369448
18726,9.150311072608774
18727,6.854913333207901
18728,5.897298718893333
18729,8.351444461642748
18730,3.681114013112462
18731,6.810163870588823
18732,8.072912109397455
18733,4.550694256180308
18734,7.23269001058267
18735,6.109470279701855
18736,6.179396909416419
18737,7.749603667213691
18738,2.6352220602446073
18739,4.164356526795876
18740,6.410998713912579
18741,6.14528164242988
18742,7.292118748290002
18743,5.270312594986702
18744,4.229589228449589
18745,7.823508497466798
18746,3.957962084298117
18747,7.67046653816378
18748,8.506344836754627
18749,2.494420616849885
18750,5.205767237266398
18751,8.333038271553404
18752,5.844177971683937
18753,8.263932779831073
18754,4.407965385430845
18755,5.004909552233222
18756,4.667946297087092
18757,7.350668068640315
18758,5.281663785125521
18759,3.9660072349105424
18760,6.4557389793086015
18761,6.698051309622226
18762,7.631984209474876
18763,5.204982219980002
18764,5.229865178482528
18765,8.334558852509154
18766,7.268509590404899
18767,4.777860216105265
18768,6.2290652720030355
18769,1.0794704082576374
18770,5.190398457468811
18771,1.767432569291652
18772,4.383598627435448
18773,8.353428103603232
18774,8.141425531914027
18775,7.342985858627228
18776,7.62183492908133
18777,2.026689286002808
18778,5.699743115174596
18779,8.397922430353805
18780,5.757403736708495
18781,8.855350643320927
18782,2.130047886862158
18783,8.092175335376611
18784,6.93345674228535
18785,5.868782628469754
18786,8.445496640840448
18787,7.044740543329699
18788,7.57955306651626
18789,6.241115198989674
18790,10.0
18791,5.696743552617504
18792,8.983510180118735
18793,7.0890948263376705
18794,4.074403536471171
18795,8.479417281971857
18796,6.635620932089371
18797,6.150270575042743
18798,5.834287603522224
18799,5.35388712020879
18800,6.112998191809591
18801,5.724913657894934
18802,6.991912908770037
18803,6.675144505984571
18804,6.877547532254149
18805,8.714282429162589
18806,5.319187728767103
18807,4.678267971067419
18808,5.240247533486031
18809,7.5993755222634505
18810,5.813748756008322
18811,5.083011202371959
18812,7.237799836110263
18813,7.779237082252582
18814,5.572181420552817
18815,5.821293622334973
18816,4.03161307680502
18817,6.319008061860367
18818,4.794486640298412
18819,5.375122969316091
18820,7.173633869149203
18821,5.1446007052926115
18822,1.4947916368420477
18823,6.043710239340871
18824,4.505577821002272
18825,2.7734539503543405
18826,5.684543495476147
18827,3.556241631622306
18828,3.3552118459539684
18829,7.425781020846044
18830,4.422770656671801
18831,9.3191621991694
18832,5.724908940692297
18833,8.347233939784195
18834,8.08616367136687
18835,7.25862855353892
18836,8.122311697690156
18837,5.084986976840703
18838,5.10087450693121
18839,7.990720340746473
18840,6.670742935720934
18841,6.372081203802837
18842,8.551423725020319
18843,8.696754802198665
18844,6.456066026005245
18845,6.679425526196315
18846,6.008153576278713
18847,8.016800767465222
18848,4.771994849107323
18849,2.943006514386347
18850,8.675492460420932
18851,6.017822650776925
18852,6.657060253041324
18853,4.905555466008111
18854,4.797062021138691
18855,8.927907387582023
18856,5.3996049676570665
18857,6.207784880713293
18858,8.525880247427
18859,4.775521694139109
18860,5.55248145348098
18861,2.7417267485094206
18862,7.0514082293456655
18863,6.477972971449999
18864,7.826152186093036
18865,8.966521153202036
18866,8.079408754670009
18867,6.951845417229046
18868,9.160871888974306
18869,8.504195267022284
18870,4.716592877279837
18871,8.08903682903665
18872,6.098662415850592
18873,4.076540714448148
18874,5.6460533387973335
18875,4.448611807801
18876,1.739725475048785
18877,5.887237911225972
18878,4.415195581560582
18879,7.042381413980637
18880,3.2409073484095683
18881,7.220155565022506
18882,7.827159965016833
18883,9.336724900185134
18884,4.608643854722858
18885,6.322182041703531
18886,7.873171210378046
18887,5.985527283176795
18888,4.481101372338282
18889,5.275848837959132
18890,3.5329342326018316
18891,9.020429499191536
18892,4.455708675704604
18893,9.664496012201703
18894,6.279144011204731
18895,7.907350456153376
18896,8.009185194649408
18897,5.873699179945438
18898,7.505495261995114
18899,5.1646227353687415
18900,9.49129107737927
18901,4.372054249787922
18902,6.601364530454428
18903,6.313248857622743
18904,3.2668547536949393
18905,4.270816170312338
18906,6.586490986258759
18907,4.905384037280868
18908,7.4198263419502055
18909,4.721771806348264
18910,5.177440444537092
18911,6.013937699420266
18912,5.994944255718971
18913,6.624054044021877
18914,3.5767225049892923
18915,4.19922993988322
18916,8.5790094362664
18917,5.447085462534843
18918,6.888374911273246
18919,6.1302990432240145
18920,6.823968485908598
18921,6.430221200061079
18922,7.3553068332094735
18923,6.272325496915542
18924,3.9118796166138594
18925,4.042270707065854
18926,4.587434070892235
18927,6.424582077964876
18928,6.666724530381009
18929,6.40081511375672
18930,2.3310371803651013
18931,7.061270465831301
18932,7.087073308456073
18933,3.2208161235314767
18934,7.63830541762981
18935,1.523060363743406
18936,8.328503399125617
18937,7.551290432217271
18938,7.061266316522186
18939,10.0
18940,4.08199243073353
18941,8.063381119098256
18942,8.51502660973968
18943,8.509380942871251
18944,3.4054031131334708
18945,6.181006298786171
18946,7.372789756837153
18947,2.028548695921833
18948,6.7144576406176295
18949,6.515535330925756
18950,5.4100881153001055
18951,8.020670593024043
18952,8.6299726760936
18953,7.605345891959844
18954,6.4331648142891815
18955,5.026075082912382
18956,6.140364456121185
18957,5.282083687500256
18958,7.409375715149837
18959,4.208092379010551
18960,8.012348430678498
18961,9.331671817330133
18962,6.821998774500697
18963,7.385609325301819
18964,4.6318190404766435
18965,8.390917625683178
18966,4.882384186410609
18967,8.995314965964932
18968,6.299851385850215
18969,3.212111105518002
18970,3.9517660607878042
18971,6.132611439881673
18972,6.388561688659236
18973,5.34030278267787
18974,5.7696729122690655
18975,4.870270067516915
18976,9.671432997464606
18977,7.118655240612846
18978,6.318954044874395
18979,4.843946824344303
18980,6.339724562120039
18981,2.479987541028554
18982,5.39952803899425
18983,6.680953015963456
18984,2.773755535256354
18985,5.994548228020256
18986,2.4397306294911103
18987,4.106229473913054
18988,5.494236661538525
18989,6.6974185560140365
18990,5.958688443310412
18991,6.600961580786664
18992,6.532018305895577
18993,8.915673570625907
18994,6.837531933240708
18995,3.7837831843705674
18996,7.785443548577276
18997,3.127206075182076
18998,6.209965596860329
18999,3.73207130142449
19000,6.615926212483672
19001,3.133567904852546
19002,5.016023611203415
19003,3.9439907947575907
19004,2.808385946892548
19005,5.433444730538593
19006,2.6137916825524043
19007,3.8311929988905806
19008,2.765831208616977
19009,4.339811870254265
19010,7.294285644820673
19011,5.458788390816691
19012,9.70503711301761
19013,6.446150114405784
19014,8.487127248980894
19015,2.7719478751314552
19016,2.129437506354081
19017,4.02310661212705
19018,7.479676303501017
19019,7.4458277745572525
19020,7.019571761889688
19021,5.989490124648498
19022,5.83370984798317
19023,3.4562700306593617
19024,7.9998023088897385
19025,6.905223298209395
19026,6.403318642892326
19027,5.616724061179832
19028,8.688733045170782
19029,2.179107466635007
19030,6.085566397716597
19031,5.2284479526374845
19032,3.9690006737921983
19033,6.2575459759846055
19034,6.552606127895547
19035,6.8050686772695315
19036,7.533379192353298
19037,3.7559230182101726
19038,6.825053723911359
19039,6.405961106287713
19040,4.731047637914608
19041,4.459137888949696
19042,6.929530300468476
19043,5.756749087442218
19044,4.908261350664264
19045,4.869590814512261
19046,5.515742819269903
19047,6.895468553473035
19048,7.31272834158884
19049,6.960024427862651
19050,4.569391325440866
19051,4.87649342424186
19052,6.058768296085497
19053,5.570245115037308
19054,6.777213879601441
19055,7.086168861974849
19056,8.342482188691225
19057,5.0357741103818725
19058,5.809389940840419
19059,7.530089929226128
19060,2.784186006282472
19061,7.212777175898468
19062,6.741190067826761
19063,7.332057954015022
19064,9.97081611452629
19065,1.0906790206950785
19066,3.856455961184702
19067,8.078239057686503
19068,7.770528123389343
19069,6.863705367017956
19070,5.938557868937884
19071,5.53179652059505
19072,9.620972215255447
19073,7.034099814939471
19074,7.519343238191093
19075,4.989662267477879
19076,5.617559115111003
19077,5.609641156982508
19078,5.743489038423595
19079,6.5898115629934635
19080,6.0978733875220685
19081,4.146285206093835
19082,4.544678746927164
19083,7.422969250192573
19084,5.967575283569609
19085,3.5832625657937105
19086,8.585162742436871
19087,6.35683719043414
19088,2.310085348313962
19089,1.8735424793521385
19090,7.644990849321097
19091,8.197066497449399
19092,7.298973603036402
19093,2.2005199648001152
19094,1.9821238609278375
19095,7.265732623698275
19096,3.821517572897982
19097,5.486210602473381
19098,7.465533941293961
19099,2.8964225553795213
19100,3.1050468961901845
19101,6.7236334675433564
19102,5.588969111052263
19103,5.892804828378789
19104,9.013842529993404
19105,5.948560077973902
19106,3.979569200296035
19107,7.02466512692525
19108,6.596907417672582
19109,5.483919831646536
19110,1.9194221922448482
19111,7.475987735440981
19112,5.123567465068845
19113,2.814293771742924
19114,6.9552361664214395
19115,7.333744332314371
19116,7.162008181752139
19117,8.08165123016198
19118,4.754986521290562
19119,9.047213371365167
19120,7.676915012115298
19121,8.994712220097362
19122,6.937751535228041
19123,5.158292969454072
19124,8.710670699450672
19125,4.872905904899962
19126,5.32050412552064
19127,6.706827892525679
19128,3.285265905611797
19129,5.2998024924509775
19130,7.254041889301734
19131,7.027271280086508
19132,5.969202086443847
19133,7.64778504478274
19134,3.112270529731264
19135,9.203473491065882
19136,3.7890173568341328
19137,7.729558842990192
19138,8.043125610099823
19139,5.9229773454521775
19140,5.855502521375529
19141,9.469881082027864
19142,5.148321745527048
19143,8.795249534634877
19144,2.866074970557308
19145,4.828066739942054
19146,2.798509238982343
19147,7.05289810298385
19148,7.98552961500766
19149,4.597089293464568
19150,6.754339514770105
19151,8.844424836190559
19152,6.829750661189917
19153,4.706988871860573
19154,7.539454143991779
19155,3.7196638117083842
19156,5.356074823368595
19157,8.08888890125382
19158,6.879301730743119
19159,3.5909601900922374
19160,8.655277097231572
19161,3.698164112174139
19162,9.427420939698116
19163,4.717745114051222
19164,5.293675782517532
19165,6.747443065748444
19166,3.7950449230375884
19167,6.3965068099214255
19168,8.428299690872125
19169,8.06055473773936
19170,6.615442061094559
19171,6.431870651061834
19172,8.365438140910447
19173,3.8998081849972004
19174,7.7926183212318145
19175,9.341223685445039
19176,6.511537878150266
19177,5.619546619898037
19178,4.810636124685096
19179,6.261141966204807
19180,7.149234291106488
19181,4.977008121479311
19182,9.03900172792278
19183,8.774394006077793
19184,4.831275548202248
19185,1.9831061615492367
19186,7.889401724659475
19187,7.653585063472386
19188,3.855891081651265
19189,3.3356529336044107
19190,7.895709124608361
19191,6.1163122820273745
19192,7.043864758138321
19193,7.887490854024222
19194,1.771395543786939
19195,3.908861752043673
19196,5.268721971990213
19197,6.490008012564198
19198,9.060877439654549
19199,4.669697280018045
19200,4.251468301032631
19201,6.590930371491708
19202,3.2479158595125086
19203,5.112319260999474
19204,8.704569453030105
19205,6.923690131087718
19206,6.292562397997244
19207,6.804973846834047
19208,3.6710450877821303
19209,6.2470239568819235
19210,6.863051778141114
19211,6.077665566369043
19212,4.778712949453425
19213,7.862551783599454
19214,6.389736033736761
19215,3.805305531642605
19216,5.98594503138559
19217,7.9337552849841355
19218,4.453521834779679
19219,9.49736777733114
19220,6.898918212520253
19221,2.585651516658425
19222,8.172005357761929
19223,5.431797994156736
19224,5.077273158345734
19225,7.118801609554214
19226,2.7836691546241994
19227,5.510508043492934
19228,3.0304703995975015
19229,3.836740639455506
19230,4.165282652523244
19231,7.267224720197638
19232,6.948685914384925
19233,6.892106227681279
19234,8.99762773072643
19235,7.32345975978151
19236,4.744189436984965
19237,3.178751785612798
19238,4.964830225127321
19239,3.917300128371598
19240,6.450521719310878
19241,5.313469617530419
19242,2.7232322462367815
19243,7.669069759514507
19244,7.965199354962033
19245,5.7969775270692345
19246,6.4500075429818615
19247,6.6431273026886215
19248,7.2399077177224145
19249,8.715873209084581
19250,5.666002031629657
19251,6.613282552064109
19252,3.5371481476136375
19253,6.182884441453403
19254,6.984219922730449
19255,6.28751820524247
19256,6.088580576413384
19257,7.710310434918978
19258,3.194981675793043
19259,4.780901228524409
19260,6.736865129311135
19261,2.237646449707931
19262,7.408279147318847
19263,8.39925226158824
19264,2.7747311742885543
19265,2.1271210525312805
19266,7.466899055083977
19267,8.082700450589828
19268,6.116042332207164
19269,4.462317878502329
19270,4.428313823868871
19271,2.8534907379911614
19272,5.614517062303574
19273,8.162948394858612
19274,2.6581885193164165
19275,6.044198571027265
19276,6.584078584126301
19277,7.560766307512872
19278,5.64703210773529
19279,5.555740385574309
19280,4.033658704903376
19281,2.33931373620416
19282,7.261640195661037
19283,5.414036587504622
19284,2.250205393234415
19285,3.7198603980171643
19286,3.9167994507444415
19287,5.638341888447497
19288,6.747393967364203
19289,2.2621743013033098
19290,5.458461050761211
19291,7.1255838792075545
19292,5.772691392763425
19293,5.398127780901277
19294,8.4890514580924
19295,5.087163609373278
19296,5.025287286374506
19297,4.737850372241023
19298,6.5105482009965066
19299,6.268577439548341
19300,6.045086738586
19301,7.164431845232368
19302,5.076843600569334
19303,6.9298329403869765
19304,3.0624617728285366
19305,4.836788381143458
19306,2.227537537810197
19307,4.8737108378715845
19308,7.921491134415939
19309,1.671999429571525
19310,6.742176332184502
19311,5.832617507461357
19312,3.8091125347101213
19313,7.178069833827728
19314,7.1233755578119204
19315,3.2227167954670417
19316,5.927036506138698
19317,6.238769098209371
19318,2.6887263264625183
19319,4.1473974024142075
19320,4.456335564173028
19321,7.834707351027131
19322,3.1641711024353016
19323,5.32048872455681
19324,6.489362738690905
19325,6.473317450206856
19326,5.552449063932752
19327,8.106473413053369
19328,4.936547977456093
19329,4.791832074794884
19330,7.23480249093397
19331,4.442907661360317
19332,7.412384791304113
19333,7.660369359897824
19334,7.843668172010484
19335,6.959975022135483
19336,7.611329653505777
19337,6.735412167146474
19338,5.157859016832341
19339,8.13765610261989
19340,6.115227495020367
19341,4.123304049090211
19342,3.4582309041100365
19343,6.006390961137888
19344,6.274071585159127
19345,2.8569914445195637
19346,5.731283174998747
19347,4.648926647168317
19348,2.807630865861675
19349,6.68667563710044
19350,5.517050720529635
19351,3.2296624824102467
19352,8.852225177280847
19353,2.2229796420345984
19354,6.445080685757487
19355,6.606997272103302
19356,8.001981469405829
19357,7.592267635236472
19358,6.552792358330841
19359,6.829292519648141
19360,7.840383818204921
19361,6.603270287723
19362,3.6626140850347424
19363,6.146158298134031
19364,6.149257422794125
19365,7.307095394197088
19366,4.681727034732597
19367,7.494533573599889
19368,7.94910957179082
19369,8.70779017891199
19370,5.147368661988023
19371,6.308062461910577
19372,5.992101363233301
19373,7.1814623450008686
19374,8.23401851225118
19375,6.322358568599785
19376,4.955254030456094
19377,4.177557623875216
19378,6.959536314888537
19379,5.51248387190792
19380,6.48841968830254
19381,8.601108817374586
19382,7.634274348729177
19383,7.045380523992746
19384,5.912839994830905
19385,2.6130414906730324
19386,5.892303698831489
19387,9.25870536278209
19388,5.8856516426129275
19389,8.546994183506074
19390,5.174823973253358
19391,6.771434816547092
19392,3.893196246286816
19393,4.162188458128399
19394,6.618496789847171
19395,4.676011669313389
19396,1.0075673309558804
19397,4.087498639348923
19398,7.807056889973815
19399,4.502865130011351
19400,5.433748642828481
19401,5.869614165238821
19402,8.588705608873124
19403,5.1578871211567
19404,8.286540525029874
19405,4.442351545633967
19406,4.495434381977781
19407,6.45264510204289
19408,2.465946030159516
19409,7.024640956916913
19410,5.829256747732286
19411,7.353818572555204
19412,6.31988934017287
19413,7.774951396235105
19414,3.476912580250801
19415,7.565038715704071
19416,6.27055215958742
19417,5.141745418184797
19418,1.6315748364408678
19419,7.759822749420428
19420,6.14900654628344
19421,5.67454315614695
19422,4.684298940765876
19423,7.5044540458651925
19424,8.250453922881242
19425,6.826445530081719
19426,7.021366131117313
19427,6.0839146169069975
19428,6.448125457220424
19429,6.66617617962227
19430,5.525116860134138
19431,5.915179118658491
19432,5.915335685140845
19433,4.609745242820028
19434,8.76382091344152
19435,5.178824610462357
19436,7.948855630839957
19437,5.3327351084464
19438,3.0386435849992925
19439,4.456904032003145
19440,5.60700602898507
19441,6.203932116740068
19442,8.13989276941395
19443,5.802414974579078
19444,6.960376135270879
19445,5.65894279032546
19446,8.622996779410858
19447,8.424268776549365
19448,6.541070932562524
19449,9.23131754286127
19450,7.664870384476984
19451,7.972251798424649
19452,5.591181363745949
19453,6.217685047434629
19454,3.9511350881214375
19455,5.326981243009027
19456,4.707601593773121
19457,3.9385193792788478
19458,4.133481034216139
19459,6.103697235177983
19460,6.068708109328306
19461,4.62463370948636
19462,5.781169485775643
19463,0.6995193249732197
19464,6.634222918368059
19465,6.976796418309735
19466,6.669478764462259
19467,4.0574697772075545
19468,5.434451702172457
19469,2.2332905320765004
19470,4.899216414491186
19471,9.002073327784318
19472,3.8226849983885
19473,7.146148663604196
19474,8.69309530037305
19475,4.43901179435652
19476,5.943734856947948
19477,8.16684235165951
19478,3.5646655477505864
19479,6.726511963067348
19480,5.859942129621113
19481,5.809809862617479
19482,6.545914398042068
19483,0.2217220081783571
19484,7.483316409452056
19485,8.161865485392108
19486,6.4047703578957345
19487,5.690943655232982
19488,8.078566454203157
19489,5.961854408161834
19490,2.0450610948649155
19491,8.220126556309204
19492,7.781962561682831
19493,7.762208334467032
19494,6.8328007319791055
19495,8.809130035158377
19496,7.048429340598109
19497,5.277052577247206
19498,7.8700625345302715
19499,6.004388919193373
19500,3.631286573619841
19501,6.135550596380152
19502,8.845030767495942
19503,6.933683178534377
19504,5.595712947691173
19505,7.262815947974005
19506,5.999562426154491
19507,6.710427712585428
19508,6.185721647866755
19509,4.202834839929653
19510,8.64157546368674
19511,3.687158430421309
19512,7.715829128087663
19513,8.463407712020986
19514,8.631537890563216
19515,5.903187844019557
19516,3.119593136089119
19517,8.487404692298844
19518,2.384071786505941
19519,6.830819293096148
19520,6.605956478638131
19521,3.7150099327298656
19522,7.788883549541388
19523,4.017304952194926
19524,6.432339536103545
19525,5.643066402197413
19526,7.784813143257718
19527,8.519173195793428
19528,8.405030923941109
19529,6.200335089595585
19530,3.290946310134151
19531,5.196246053672511
19532,7.036118289394232
19533,7.056750158011511
19534,9.111725014687076
19535,7.379137374020864
19536,5.853914742975127
19537,8.20841240955097
19538,7.890253494097859
19539,7.061628976062364
19540,4.810950648525077
19541,7.107021288466916
19542,4.97346540558626
19543,2.0562727746950715
19544,9.977774113599347
19545,8.906958006208692
19546,3.779728812909425
19547,6.836931789071288
19548,5.567445280156172
19549,4.913291958791388
19550,8.493603056294868
19551,6.655813005807867
19552,6.155957881237535
19553,6.093159992661144
19554,6.3027997203671
19555,6.119770697570057
19556,5.226349986943359
19557,3.8819265426976086
19558,5.119308003323517
19559,9.480284537198408
19560,8.39131441489364
19561,8.290507891735436
19562,8.254989178324486
19563,8.018527432229522
19564,4.077658598019214
19565,7.525298241333299
19566,8.422968821834365
19567,8.031798830977243
19568,7.828853580560565
19569,3.4377366462335104
19570,5.904043444358121
19571,6.136603041053499
19572,6.800502768114556
19573,7.143350585439719
19574,7.789883681338974
19575,4.840232632462097
19576,6.990534532147315
19577,3.6571439613180705
19578,7.945752129128708
19579,8.103840260791857
19580,7.81588909050841
19581,6.513806675429302
19582,3.5108006773746605
19583,5.260920149652789
19584,3.2716977400420117
19585,8.738076537115951
19586,4.127904616222774
19587,9.514648012631808
19588,9.652101936493716
19589,1.746537209141578
19590,1.7842635746534385
19591,6.3701890800955985
19592,3.7704638510870208
19593,4.304158436805035
19594,6.099221490633712
19595,7.860745240333584
19596,5.299657974846031
19597,4.493159933690236
19598,8.244781875199559
19599,6.406928610715503
19600,4.808843977054173
19601,5.6554801346601025
19602,3.7654082871822387
19603,1.8566049955460617
19604,7.314654751459767
19605,8.434208772684336
19606,10.0
19607,9.095282316407246
19608,7.793812248091286
19609,3.551466059257607
19610,7.237406035442791
19611,6.150735062095191
19612,6.865003848980595
19613,4.253867071382452
19614,3.640563030030426
19615,6.344652962253654
19616,5.515270598605282
19617,4.605666714769414
19618,5.845223311424506
19619,4.183407993352783
19620,6.892450763226407
19621,6.092272602222998
19622,4.407974100961719
19623,8.034445498755684
19624,5.221702027199037
19625,6.031431690472331
19626,4.609557207945923
19627,4.658463091282179
19628,6.707291369343076
19629,4.996671121491102
19630,6.222457567967311
19631,6.153514071626787
19632,5.630601172146684
19633,3.7176127005415047
19634,6.381979865853555
19635,4.0444595314010385
19636,6.314282412560336
19637,5.323033174170911
19638,4.899014172162946
19639,5.996377715172079
19640,9.366835661528215
19641,5.537547197558969
19642,6.9011742122394475
19643,4.404773073882571
19644,1.6753367007027127
19645,5.516561887701366
19646,7.36806219101869
19647,3.181827065094048
19648,6.2829926397841
19649,5.535120015794375
19650,7.187459629792088
19651,4.300852966575142
19652,4.411687458930192
19653,5.559138504748721
19654,5.750333962208039
19655,4.891612130339858
19656,8.820865874797379
19657,8.585969509293255
19658,4.152723937807527
19659,6.978505024779426
19660,3.037244845567716
19661,5.300177420272688
19662,6.412938862191116
19663,4.7578889429124
19664,8.041897504398742
19665,6.754585626203437
19666,6.621916612195291
19667,5.526505364542565
19668,7.781744707266076
19669,3.7499851131011788
19670,3.878335410470252
19671,6.830444425697025
19672,6.509118049084899
19673,4.78197843097712
19674,7.869242192728838
19675,8.805882349294649
19676,8.010216890861827
19677,9.186392077027758
19678,4.651154415332048
19679,6.957282644723342
19680,7.384202524832005
19681,9.417552412538885
19682,5.2162125292454045
19683,2.6883472447410717
19684,4.458589535490855
19685,6.743286143936443
19686,5.437701147547077
19687,7.1066067920773826
19688,7.231656570501812
19689,8.714890075398657
19690,2.3133977756714854
19691,4.6338534448963395
19692,9.354128350750488
19693,8.49611999988271
19694,6.665545943903253
19695,1.5441610309453784
19696,6.762855010595542
19697,5.566577628295911
19698,5.500265225367687
19699,3.0722192308261924
19700,7.524833023620998
19701,8.619221332517085
19702,5.519338629024342
19703,8.488541091109772
19704,7.8898894155405905
19705,6.692788776130257
19706,6.819855948933269
19707,4.594888502808153
19708,4.5599533545580195
19709,4.350187099585186
19710,9.531655422141661
19711,5.218167057285349
19712,9.049002181597286
19713,7.49600856105076
19714,4.587621874356083
19715,7.0715828628248305
19716,8.167314393944853
19717,6.850162432493792
19718,4.067409407576095
19719,3.673483489217273
19720,4.766442535653765
19721,5.4346666146583456
19722,7.96199068487223
19723,7.6161835142023895
19724,5.023842503992917
19725,8.069796850390718
19726,4.5138688826768005
19727,4.283871066763462
19728,0.6380219846244722
19729,5.538778420540012
19730,7.953093461281118
19731,5.403479246451199
19732,5.184516067786415
19733,4.491128923318877
19734,7.232569655685852
19735,7.949640487583184
19736,3.604874890377515
19737,4.722566057536777
19738,3.2709071844263877
19739,5.039687103480857
19740,7.0650926446883435
19741,5.661614409172224
19742,4.590330672301622
19743,5.909464449069603
19744,5.979502246571542
19745,1.0962034007382175
19746,3.2558171256182598
19747,8.381580328877375
19748,1.9545567976765887
19749,4.764415987479373
19750,2.024861172450065
19751,8.139460206683262
19752,4.058839599848646
19753,7.468718865241975
19754,5.645091317687287
19755,5.83983311193576
19756,7.391526556108912
19757,3.72076087560016
19758,4.185543591006234
19759,6.238022130515446
19760,7.110346544997478
19761,6.336094816649639
19762,6.25483095111785
19763,5.790975631628143
19764,4.90629133862423
19765,7.054336896282407
19766,6.912862453979676
19767,7.58134819100511
19768,6.390958237298766
19769,7.209671075402352
19770,5.8116575339524355
19771,4.197253574388124
19772,3.430724838893803
19773,5.471589782623596
19774,4.227511468915889
19775,3.267597786004288
19776,8.977498490694762
19777,4.863721794269662
19778,5.699143338618665
19779,7.405664656692479
19780,3.894560200000409
19781,5.473776282554166
19782,7.252218291799757
19783,4.250362553285457
19784,7.79561224842888
19785,4.660072292292977
19786,5.537312929013757
19787,6.510899865789271
19788,6.6586391316677425
19789,6.755849308365467
19790,7.222624292663705
19791,7.940318009993234
19792,5.783515521844042
19793,3.70802696649129
19794,7.484109938959699
19795,7.297307328544083
19796,2.755175677098657
19797,4.8584229349859305
19798,7.336983503781952
19799,3.314572573386027
19800,4.488073504250134
19801,5.4327171044607665
19802,7.928323344042606
19803,7.390928112002634
19804,5.633327270549761
19805,7.08651850681132
19806,9.47245610994484
19807,8.442468781046795
19808,7.909626105054353
19809,6.058518374056178
19810,3.757361059365595
19811,4.541014378071415
19812,5.104786622323556
19813,6.505823609536828
19814,4.178090467806543
19815,7.743155755968861
19816,3.2831657094384323
19817,7.399577084208335
19818,8.449888899448888
19819,6.180559163434257
19820,5.248537670649925
19821,5.487830445672497
19822,6.420420796744289
19823,7.4539220021408985
19824,9.161886268563817
19825,8.366902318092047
19826,8.424737054405279
19827,4.111669574094592
19828,8.3758392407469
19829,2.4438174596423448
19830,2.741274473224562
19831,5.577162961028833
19832,4.013642393933768
19833,5.664154751060054
19834,3.942715856622092
19835,8.559937365287617
19836,7.065582694814204
19837,3.2036693715310243
19838,4.057527314849054
19839,9.005185729224175
19840,6.8698832349411125
19841,4.111636619758904
19842,7.703353984672717
19843,6.201619544391917
19844,5.75763469284546
19845,6.969058495257484
19846,8.293387782899664
19847,9.131834080850306
19848,7.726167958397674
19849,6.2057315235668415
19850,4.340837678406163
19851,6.206806851203405
19852,5.002042097128945
19853,8.070166877370307
19854,5.984220172882533
19855,8.291060623667855
19856,8.844059904986645
19857,3.085377723511141
19858,5.4446074634717965
19859,3.452997060747515
19860,7.790713716106944
19861,2.61901987744483
19862,5.7222599181290015
19863,7.159841627303234
19864,6.315611064848505
19865,9.57068050234179
19866,7.793549275307406
19867,3.579734881495418
19868,4.36927458947455
19869,6.332355329356732
19870,7.822381629316724
19871,5.752754465985594
19872,5.832586975051672
19873,4.395423776366994
19874,3.389061715938319
19875,4.9987111151827825
19876,4.933843760055508
19877,8.265142315290074
19878,8.584820514418492
19879,5.02583985234321
19880,7.1852104997012685
19881,7.407004608337265
19882,7.213061040464115
19883,6.19964076597733
19884,6.467463934592661
19885,5.966369457623548
19886,6.159024888572457
19887,6.027340166267073
19888,6.355501526462295
19889,4.223226298456237
19890,5.788672527241107
19891,3.993243652611173
19892,2.152061773583499
19893,5.512770504217275
19894,7.833204981020553
19895,7.438417444939266
19896,5.207692213660678
19897,3.5901750732155735
19898,5.273181802372825
19899,4.92306136813513
19900,6.542865808218827
19901,6.2316353200602
19902,7.8034929887697215
19903,8.375388176654837
19904,4.357549984064779
19905,10.0
19906,7.339110961188579
19907,9.02868974600473
19908,5.270435067235927
19909,6.1964553133006754
19910,5.996290687734918
19911,5.915633568342356
19912,6.450723864346166
19913,8.062224305991412
19914,4.39385560517105
19915,6.587782004748125
19916,6.6132658472913946
19917,5.514992169378525
19918,4.426032132505285
19919,8.27570772044656
19920,7.8348153771914895
19921,7.734153377865019
19922,6.726194748910821
19923,7.292494782070697
19924,7.233484911300659
19925,6.616038745437164
19926,4.14835352297042
19927,7.032345948183415
19928,6.975868688965469
19929,5.347971739326771
19930,7.999910947726624
19931,4.4936449022863965
19932,6.738400911436277
19933,8.294499140810967
19934,7.776649359140027
19935,4.896666884713328
19936,8.368597067827912
19937,8.079575469875428
19938,2.9425175040441913
19939,8.034792049726292
19940,7.641188128495825
19941,8.93316931243077
19942,4.911606935307275
19943,6.809714463576102
19944,5.847314932710342
19945,3.6222912340203792
19946,4.059042741234181
19947,1.5698265933303168
19948,3.3635846619148464
19949,5.438999538996117
19950,8.707610184673975
19951,3.818910878689659
19952,4.434219445099053
19953,5.608546595248223
19954,2.098870238004392
19955,5.9853260021512344
19956,6.841218807685561
19957,8.476613345032515
19958,7.992807610509324
19959,8.581095614031044
19960,5.988365998453451
19961,4.160889509642804
19962,4.693899067267445
19963,6.387510401668569
19964,3.4782460163770907
19965,5.492927976602861
19966,2.362089356720515
19967,8.793329195615968
19968,4.747939211812377
19969,7.033352614542584
19970,7.48188518090351
19971,5.284436022334325
19972,6.376493099565138
19973,5.465498563414783
19974,5.526259842716895
19975,2.1225315709126793
19976,5.984940783504973
19977,3.1567541828807957
19978,3.7636450400139307
19979,6.979781611470172
19980,2.909005820657582
19981,5.598633609524954
19982,7.204798076702572
19983,6.575417102199585
19984,3.9976170161661844
19985,4.9950896069558155
19986,7.676612374352014
19987,8.566644928086196
19988,4.926563294985951
19989,5.103698231714363
19990,8.620359805716975
19991,4.323865916158753
19992,6.637302140880852
19993,5.987888443479445
19994,6.0284906109694365
19995,8.435902932293232
19996,6.61719879338297
19997,3.4156337347316654
19998,3.942859362825012
19999,5.423590307544125
20000,6.82868790149711
20001,8.710258684343067
20002,6.142392684213495
20003,3.391658149876318
20004,3.496454259958037
20005,6.075878506937528
20006,4.449542806533943
20007,5.30833449283563
20008,8.394369369828997
20009,5.576112576648418
20010,6.641235022566578
20011,5.687647671014766
20012,2.8968718645716343
20013,7.062393881652929
20014,1.7830529932140293
20015,7.78512875148602
20016,4.242277500669539
20017,3.6007705504916014
20018,9.917051806830122
20019,3.769994534087417
20020,5.3146457524381665
20021,5.126209251104826
20022,5.741439563792494
20023,3.3107215625897934
20024,6.437227072937838
20025,3.1206982817768445
20026,3.9693498022566427
20027,8.2487523113223
20028,8.53600963885264
20029,7.025191462323499
20030,2.942991822654466
20031,7.063254055504273
20032,5.356557356773832
20033,8.704156679720708
20034,7.81179393281425
20035,4.695398922280452
20036,8.10062673407646
20037,6.20563010864108
20038,6.113591248678557
20039,7.806098218722738
20040,7.19830011756412
20041,9.480315924465
20042,8.40358205917514
20043,4.863424189241805
20044,6.937194248969561
20045,2.665806792566359
20046,5.963721069677728
20047,4.520581506302529
20048,7.334210283502939
20049,2.9339516249697852
20050,3.6392634398605086
20051,5.594411393314241
20052,6.628063598235901
20053,7.3296573116216965
20054,5.1916650284029835
20055,4.176294789147391
20056,6.5368579124029065
20057,5.346104355156356
20058,5.67487879022237
20059,6.762354473572332
20060,6.203206550932855
20061,4.826455486402985
20062,5.371190311899553
20063,5.955625769377257
20064,2.049680329195798
20065,5.390466613999261
20066,5.295365950476366
20067,8.764303484449322
20068,5.483148621782052
20069,4.927615052853795
20070,3.6166557247544437
20071,6.838309201341447
20072,6.22694029298801
20073,7.552361981268553
20074,7.746140445948736
20075,6.732652622071373
20076,3.1303675880343853
20077,3.797671760916314
20078,9.383657777181782
20079,6.229971854446166
20080,7.380734289910654
20081,8.582097601630315
20082,6.316318367611037
20083,4.290367930340856
20084,5.482506049779942
20085,7.248048535747251
20086,6.941362531625584
20087,6.711953441977072
20088,5.8796820820541695
20089,3.662694344696364
20090,2.780637169741194
20091,6.3952417360982015
20092,8.002477434105982
20093,7.298210488699529
20094,9.5192729174324
20095,7.855366140484815
20096,8.123967639399842
20097,4.835863676754407
20098,7.814801115321225
20099,4.030624323253697
20100,4.984767837721361
20101,4.819738956156165
20102,4.064520622833212
20103,4.106383306315699
20104,5.711452449023066
20105,7.677957241813675
20106,3.7295954224919776
20107,5.116499596593378
20108,5.778442066846606
20109,4.074064973430592
20110,3.6497862379071773
20111,8.295562509230761
20112,3.6932402583594746
20113,9.655742265506142
20114,4.163803590397989
20115,4.871628333365693
20116,5.364391110903698
20117,4.68387598976691
20118,2.8747577085572766
20119,5.414658464946979
20120,6.90647393853904
20121,6.588215117016937
20122,6.963691936279784
20123,3.5112173488351637
20124,2.738170748526862
20125,6.871361870983738
20126,7.270953349865815
20127,3.3481208134489187
20128,6.802935348365389
20129,7.926961076567444
20130,3.852804015935331
20131,5.780500563227629
20132,6.756552152382996
20133,6.305136358591075
20134,5.658509043782578
20135,8.969362094889469
20136,5.576293576542893
20137,5.242936326910499
20138,3.6247420033439535
20139,9.333703993663123
20140,2.2320776143976864
20141,4.154557171689443
20142,5.929919084899956
20143,9.38769053708742
20144,5.657708282030679
20145,8.174227535640416
20146,8.581141388781313
20147,4.979190617613212
20148,4.973285066871729
20149,6.099614413587207
20150,6.2864235151323
20151,1.6645892913040958
20152,6.038165304420492
20153,5.225348674478336
20154,6.980659086162603
20155,7.049464635662352
20156,3.1673865887273664
20157,2.760717606554563
20158,6.073403877568759
20159,6.174381301293104
20160,2.5627447693925163
20161,4.737583664984791
20162,6.3950223883634685
20163,4.681284375153006
20164,8.437380814102953
20165,9.485119441287456
20166,2.1963818049313706
20167,3.747133983874301
20168,6.966735782903722
20169,7.768605353272547
20170,5.5977984023093486
20171,4.652550244506051
20172,4.305302523844146
20173,4.736744877763053
20174,3.4602906888639278
20175,4.992361122997924
20176,7.856905688666499
20177,8.753262096443004
20178,1.929912083840531
20179,7.9826909534740595
20180,5.991269779616616
20181,8.56701208548081
20182,5.763581303104046
20183,8.76835525221561
20184,7.03863327910777
20185,6.356597302495286
20186,6.620525909204105
20187,6.395821038717796
20188,5.82376447484143
20189,2.8432221962488358
20190,4.164950875645803
20191,5.673568159108812
20192,8.583546798494984
20193,7.407928489730139
20194,6.561005710927056
20195,6.959179008237015
20196,5.441101844451344
20197,6.531224976126346
20198,7.494321790277339
20199,9.03536687895551
20200,4.796915850652363
20201,8.4150860079328
20202,3.1454901118270233
20203,6.82178722291709
20204,4.657567063675091
20205,7.188197468098273
20206,5.1545194082200405
20207,5.941962261279988
20208,3.3231225657263535
20209,7.306217597817235
20210,8.490643638149875
20211,5.855703807277853
20212,4.191056675660881
20213,9.023359126511798
20214,4.484369302663675
20215,2.7482077204610795
20216,7.233356969663709
20217,6.672259832859061
20218,7.084606902623789
20219,6.244327240325388
20220,4.423416842530387
20221,5.806690414808227
20222,6.9231730843662405
20223,6.202578333432152
20224,5.803627164670033
20225,5.360205272075805
20226,5.209752760808172
20227,6.399694947176913
20228,7.953843394624417
20229,7.746387313690662
20230,6.079371896807
20231,8.047016304262504
20232,7.1848865935181445
20233,7.214455002930455
20234,8.754238522361895
20235,5.269597527980686
20236,6.833153968702836
20237,3.781094094640309
20238,6.702597958804878
20239,4.792648922968781
20240,4.997315215664061
20241,2.0627693891818835
20242,7.252238366461742
20243,3.7013970597900427
20244,8.2317270920815
20245,6.498488641913986
20246,6.967303021371022
20247,6.228765743548658
20248,6.039034342832315
20249,2.474177627057454
20250,5.832916610512992
20251,5.104829025549967
20252,6.739543037920863
20253,6.787784967859418
20254,3.214481825626431
20255,2.426655679355531
20256,5.910408872198273
20257,2.544687428598317
20258,1.7960246119147727
20259,5.2532503654536535
20260,7.984445465995351
20261,2.9332565494382523
20262,6.066280575505346
20263,6.446604978828461
20264,6.5130180045170905
20265,9.210439084537382
20266,3.409397995180567
20267,7.444659423016539
20268,2.722611502666388
20269,5.046763167404414
20270,5.9516250119643015
20271,6.554873175924912
20272,5.561456657774189
20273,3.7714737992280583
20274,1.52297186934758
20275,10.0
20276,6.821323618791248
20277,5.8814351085590735
20278,4.474429679085604
20279,9.715272541628792
20280,5.418704330836248
20281,6.886423561997426
20282,6.824016898298577
20283,7.679796022938338
20284,4.096772864503182
20285,7.808102901702462
20286,5.89535367868891
20287,6.2487212758309125
20288,3.847489203040485
20289,5.4310038832582705
20290,6.165437523227057
20291,5.243949271834828
20292,6.307202724018156
20293,7.65111062051599
20294,4.413149749341442
20295,6.750763733710168
20296,7.26084954642598
20297,3.1280078631876607
20298,6.4574910769437714
20299,4.578196239395484
20300,6.06710149753751
20301,5.005122011230931
20302,6.650767734508005
20303,2.306064024091502
20304,5.611248921961525
20305,8.649572861180273
20306,4.747468397517427
20307,8.579413924986813
20308,4.405579667685297
20309,6.150515001135654
20310,5.619745937361607
20311,4.698605056833387
20312,7.216189946138671
20313,8.277401164176359
20314,6.101831623712061
20315,6.771879917051979
20316,3.9409355693936834
20317,7.439212567873364
20318,4.965512190498251
20319,6.9921218192048995
20320,5.724853918631835
20321,6.229362250118091
20322,8.005601716721879
20323,7.80322142493995
20324,5.075547909679332
20325,4.959719308501532
20326,4.695092658911813
20327,7.555509623708224
20328,4.30002646465419
20329,6.792408748869486
20330,4.353797735507371
20331,5.987368535102169
20332,7.26961596545795
20333,9.649468074610066
20334,6.852901268165344
20335,6.291081076411536
20336,7.345655249005699
20337,4.013777499422966
20338,3.4715890919885606
20339,4.968349920082797
20340,4.736118239697413
20341,7.237160803384264
20342,5.950959088684056
20343,8.06248365391048
20344,5.911765808955421
20345,7.444872049961021
20346,7.328876986456675
20347,4.510567530548071
20348,2.0712351878240973
20349,6.029709838206187
20350,7.066595295945308
20351,6.907867725752631
20352,8.18169125361847
20353,6.513082925012752
20354,5.642995943886301
20355,8.197066692801506
20356,6.498215827989153
20357,4.3697051289429165
20358,6.470871942156843
20359,8.484020987601987
20360,6.497366617725109
20361,4.610123532675247
20362,3.4657510154564672
20363,2.745301068005972
20364,5.868441995444406
20365,7.593268429777192
20366,8.263744738883156
20367,5.758393201867792
20368,5.34370098690221
20369,9.154630986904786
20370,4.439474782125951
20371,5.815953760720171
20372,7.290173366882425
20373,7.11408655464254
20374,1.6515365584374953
20375,5.252829474231533
20376,3.583982424770406
20377,4.596572579423811
20378,7.567922592518093
20379,4.42377405931601
20380,1.4996765485791084
20381,6.713398313610508
20382,7.249941569216144
20383,8.899860500224616
20384,7.870221168220847
20385,5.317644027630468
20386,3.819834199522582
20387,4.775942587340209
20388,4.092825138985306
20389,4.287228745297821
20390,4.792085551946032
20391,5.655203892284582
20392,6.913639152141388
20393,8.761248865910943
20394,8.002853831084463
20395,6.828020057316817
20396,8.248027364100299
20397,3.606974874357404
20398,3.5903662153515423
20399,7.911370324525512
20400,5.333249448491747
20401,7.4408752668774865
20402,7.629816519193598
20403,6.583129317425876
20404,8.875361963291628
20405,3.2725997192863248
20406,6.711050066803217
20407,7.1002820582158055
20408,5.982029231474168
20409,6.06797161282221
20410,4.860445693101831
20411,5.450647634161188
20412,6.766281181124393
20413,4.345795242038941
20414,5.287456886077848
20415,6.565378863865686
20416,7.804889218440819
20417,7.037091418032243
20418,4.249266671650536
20419,6.3845215920276
20420,5.811823948390042
20421,3.696004667668042
20422,8.148696487582987
20423,8.129489050937446
20424,7.329739947142659
20425,7.727005990048806
20426,5.2031141409897605
20427,5.390886935065952
20428,8.767062721736467
20429,3.8303359231125826
20430,4.597659075957136
20431,6.2826018620521715
20432,6.490567508258781
20433,7.211230536181951
20434,4.674004908372399
20435,4.904363596091547
20436,5.120391993137789
20437,4.761100783296153
20438,8.271734980747077
20439,9.296661458194253
20440,5.281352945539582
20441,6.867791796336377
20442,3.9943541324911713
20443,7.946365693314226
20444,6.145176016059506
20445,6.917274863643078
20446,7.4413071386038165
20447,4.498211598742869
20448,3.3762100928690644
20449,6.615768561422334
20450,4.751066251000489
20451,6.405259983993725
20452,7.527600601822491
20453,2.957552509743752
20454,8.831286864120344
20455,4.440989621926248
20456,5.716985212084236
20457,3.09685943535596
20458,9.141272046610553
20459,8.99295464717993
20460,4.736190335589887
20461,1.4793280894581409
20462,7.111456906399291
20463,6.511194852682931
20464,3.0046903768497564
20465,2.77983035129449
20466,9.34162954392682
20467,6.135080066615698
20468,5.332081956364857
20469,6.202448915069146
20470,3.7774522202056624
20471,1.0557337392944866
20472,5.445601923141201
20473,4.866804941419369
20474,6.880010603275448
20475,3.7693182005833257
20476,6.292201760064124
20477,6.088901961707324
20478,2.4244463219739045
20479,3.5105302491219823
20480,4.0768155316827634
20481,9.090711690741164
20482,6.562511918749411
20483,4.96677513116438
20484,2.1532146652254758
20485,7.529044216148793
20486,7.343322631662578
20487,4.785389506340938
20488,3.161269900145424
20489,6.793900329613536
20490,4.2451808286247
20491,3.8135057243309562
20492,3.682356659248368
20493,9.767314498014391
20494,7.7410367669385645
20495,3.0670414441800484
20496,3.96912731626719
20497,7.905048819085826
20498,2.2085643135997963
20499,8.523420979379871
20500,6.169149479856174
20501,8.360077247675315
20502,3.9437103469624146
20503,5.9282190882155295
20504,5.743713413609466
20505,5.721076291307617
20506,3.7453029159591256
20507,7.734174763203046
20508,8.302116059937648
20509,6.382718157552241
20510,7.72749287208353
20511,7.448372446204109
20512,3.0078667434434103
20513,9.386350406932229
20514,1.5611793130624827
20515,4.338327409085806
20516,1.9782956864649568
20517,5.0953544678990585
20518,3.822959802204293
20519,5.6823403828509385
20520,3.3231342821919787
20521,6.806513654844874
20522,5.623272287817103
20523,4.012601079147585
20524,7.576902710356899
20525,6.405075010418136
20526,5.242266703719726
20527,5.532969509257223
20528,7.881766729316671
20529,5.180128552409994
20530,7.4007713774839425
20531,6.137113500881326
20532,3.306271106690611
20533,5.951581930778271
20534,9.269755333667458
20535,7.573019823954836
20536,5.781105210876734
20537,9.20689808263221
20538,7.1905773426688775
20539,5.309200536189285
20540,5.1320303206502755
20541,6.186332372362716
20542,7.956220745563533
20543,6.393916434779085
20544,7.112042786503101
20545,4.812036337225401
20546,5.610655295609673
20547,4.29651529581986
20548,6.07318848124814
20549,7.0470961137423505
20550,2.5182191107692358
20551,8.390821770858087
20552,8.305877532188468
20553,4.938830775170746
20554,7.514011284112702
20555,9.309296416633021
20556,8.295776883318826
20557,7.341443677627008
20558,8.564420992398928
20559,7.483586281621552
20560,9.945969825521109
20561,2.772825623615194
20562,8.276755121390545
20563,8.617569679536633
20564,4.365555283567604
20565,9.089612903597118
20566,8.061485815228592
20567,5.4089293391026905
20568,5.240838730224445
20569,9.011224478479887
20570,2.6097102577721847
20571,5.950635211180142
20572,7.218834886074204
20573,8.025665795951406
20574,3.977428027569142
20575,6.68146759042135
20576,8.902916783402505
20577,9.2399243362674
20578,6.047829708487717
20579,6.79449086680768
20580,4.780788017698017
20581,6.2316398989462
20582,9.426670934390126
20583,6.733464110603492
20584,7.002404901721873
20585,7.851542750452384
20586,4.00043208292864
20587,5.384585707660888
20588,7.4208779896190595
20589,4.301004928798512
20590,4.230235079151397
20591,4.771591767217295
20592,8.646364585642248
20593,5.962069983261105
20594,6.405648774929418
20595,7.743342970247388
20596,5.171550616244038
20597,1.7448199587037065
20598,5.803266159174365
20599,6.539790027392068
20600,2.184708300099652
20601,4.191442651595389
20602,2.5752303376061634
20603,5.32524803802033
20604,5.649494162533764
20605,6.901889656201491
20606,5.588559448718798
20607,4.328152901147893
20608,3.899550924627039
20609,9.0487795164887
20610,6.57718539518497
20611,9.564976542849003
20612,5.741737981988485
20613,2.8267694683599878
20614,8.781877162964555
20615,6.526536021422196
20616,2.0834977456282493
20617,5.475268832160265
20618,9.682235038436222
20619,9.389841387099429
20620,6.606263570900194
20621,6.476342760812329
20622,3.5886353833936884
20623,7.327133561610488
20624,7.341624793748198
20625,4.663561231539326
20626,7.128337642955667
20627,9.27445404199271
20628,7.455818874408073
20629,9.522976455958105
20630,8.180742201698179
20631,4.659229416409399
20632,4.550792091016639
20633,7.1680218878651205
20634,6.597751843904638
20635,5.9992667515255995
20636,5.645188259412956
20637,6.797581782959213
20638,5.539544783894532
20639,3.6565243197333634
20640,6.2374643184197085
20641,6.712141361773331
20642,7.673099272670053
20643,4.053173043682927
20644,4.9955779998395204
20645,4.3311845679760115
20646,6.507238363383739
20647,2.658117456517562
20648,3.772803289875714
20649,5.150302350673726
20650,6.079346996136388
20651,6.762568881334033
20652,7.556657485357044
20653,3.444287099806826
20654,2.4771548340242875
20655,5.911357893283587
20656,7.496900733414597
20657,9.35846454356197
20658,8.42158887613572
20659,3.6692883946270944
20660,8.161620110349524
20661,8.198974038885247
20662,2.2909805247510744
20663,8.981473344511336
20664,5.685583601641454
20665,5.787018713552715
20666,5.265591639412411
20667,3.1778276888679864
20668,6.911156924935924
20669,6.637653544325279
20670,8.023950368746199
20671,5.05169795732688
20672,6.86546752586111
20673,6.133185885783489
20674,8.020111717276977
20675,4.433155989077977
20676,7.505414051093835
20677,8.002683027410106
20678,7.631814633067935
20679,2.5968411890262404
20680,8.45156374803062
20681,3.6051137240966087
20682,5.646189470564976
20683,6.956292116803585
20684,4.359038831508895
20685,7.081290438955537
20686,7.557018716785604
20687,5.895027437207006
20688,7.499272318251516
20689,2.1883976101361187
20690,7.451492489932934
20691,6.690838527168733
20692,7.243060707494131
20693,6.710952201312831
20694,6.849942890003617
20695,6.110823102139361
20696,4.7810169673748275
20697,5.38122289120592
20698,5.282149672190478
20699,9.460804484688435
20700,2.5643591856058396
20701,6.785461988108524
20702,7.881120664849846
20703,7.984391105501071
20704,7.175735631412408
20705,7.8496707390813745
20706,6.438117193367564
20707,1.4474439154243388
20708,3.5668379544402113
20709,6.810413524559128
20710,8.300308280822028
20711,5.103444541190311
20712,5.3520519119420245
20713,8.975641165456835
20714,8.489237091824592
20715,7.444640530299929
20716,6.0057577012158685
20717,3.722401792783022
20718,8.66170660972932
20719,5.5220351975655735
20720,7.2172227151075665
20721,8.95305494771579
20722,3.155080886775062
20723,8.749443423513314
20724,5.568493113750362
20725,2.998443786598712
20726,5.631204746421855
20727,3.273173441868161
20728,5.706997079365565
20729,5.373288798446319
20730,5.35386054535902
20731,2.412150478751273
20732,3.60168871383577
20733,8.313409507799808
20734,8.786122350637674
20735,5.227486007320753
20736,4.249402744434826
20737,6.406825574976911
20738,5.138345010460565
20739,4.392238377046369
20740,4.469676346261422
20741,6.76004969267025
20742,6.194183991087515
20743,8.327360965144718
20744,5.4324590715399355
20745,7.413707163075457
20746,4.093296343180477
20747,4.453678971450501
20748,7.721201174961226
20749,2.145762917077935
20750,7.12302322200832
20751,3.9861999019090946
20752,4.701942933862625
20753,8.647588781054031
20754,2.5218721262925223
20755,3.1687880942062954
20756,6.537889994145894
20757,8.284772089995023
20758,6.761364921770012
20759,6.689172824648514
20760,5.984296345978522
20761,6.28850429238925
20762,4.014346709079803
20763,6.243525471368252
20764,4.75104088928286
20765,9.666133921028669
20766,5.24087963175549
20767,6.014539012444287
20768,2.925089386146098
20769,8.60241985878467
20770,4.398285226060193
20771,5.569537661914354
20772,5.316698318659456
20773,7.930994532285105
20774,7.765105730676612
20775,5.2153859897688415
20776,8.753200640659564
20777,4.43951888252227
20778,9.344913810852619
20779,5.180667522213911
20780,7.380500159532125
20781,8.285606437271039
20782,6.780260832069276
20783,5.520887904218939
20784,7.449627819399256
20785,6.036281047503136
20786,5.014839396244436
20787,2.685766716093939
20788,6.7411380430703
20789,1.6716408119084676
20790,6.024319798042638
20791,6.591032806781606
20792,7.45518506066744
20793,8.118190514326184
20794,7.629556946986394
20795,5.0111975908592
20796,7.280828608025992
20797,5.715248601379432
20798,4.391054616248406
20799,7.221891747624765
20800,5.21185145024902
20801,6.395513400329066
20802,6.336875984100433
20803,4.142110422011415
20804,5.713453917127122
20805,5.596350763868655
20806,5.891566791168366
20807,5.163136677194006
20808,9.495258565578887
20809,5.481935241317796
20810,6.868157568971875
20811,7.423745773236076
20812,9.077201144024052
20813,3.1779774856487424
20814,8.463022895769747
20815,7.081592323448883
20816,7.242570971731376
20817,5.746834468504289
20818,7.448284884167816
20819,7.414708129657299
20820,6.571197076227172
20821,8.014482780592518
20822,5.837350189471224
20823,3.688868569687972
20824,6.607085603847525
20825,6.803394391031184
20826,7.90610849431324
20827,8.590458691479192
20828,4.637183238530451
20829,7.803521157639
20830,6.489138149752033
20831,4.402805628180219
20832,3.1638754041069523
20833,3.404677204785559
20834,8.316228573686187
20835,7.349682007522211
20836,8.34539295025021
20837,6.46222441275541
20838,4.674506059674994
20839,4.643218020378957
20840,8.56364735739875
20841,5.836248776952326
20842,8.53226241333136
20843,5.348083755643712
20844,2.438032496749744
20845,5.486937515973613
20846,7.208056694103331
20847,6.498686207131067
20848,6.72854601963916
20849,4.968421983033859
20850,6.699818114172342
20851,4.905293115652719
20852,8.084140576940356
20853,6.169901003006617
20854,5.962668568022438
20855,1.8149502505462318
20856,6.317977119814452
20857,5.863745922551306
20858,4.8690610228428195
20859,1.9386727638178494
20860,3.101134562341006
20861,6.8219093589828645
20862,6.066784779576209
20863,5.980360325008654
20864,4.630529868852259
20865,7.41225047528688
20866,8.310394972366527
20867,8.28134286873964
20868,6.378444095370804
20869,6.8594068949070275
20870,6.810745507552669
20871,6.20323420699621
20872,9.031038441237625
20873,6.783302694121667
20874,6.473234700985535
20875,4.423278799253802
20876,5.076617264609785
20877,8.238744768313419
20878,6.4339148747436345
20879,5.8402962335920625
20880,10.0
20881,6.475252027256424
20882,5.770488606770547
20883,1.6122532811307253
20884,5.674695016853772
20885,4.250189168308811
20886,6.5878853357477185
20887,5.674477392033598
20888,3.8523795188368646
20889,7.765321161916884
20890,5.170986147278989
20891,7.807266536974354
20892,4.715656275016739
20893,2.840865466421047
20894,8.220529366517459
20895,7.8839602626807075
20896,5.694375550420726
20897,4.762239634980025
20898,5.13163531335976
20899,2.819623746148661
20900,5.443062863549874
20901,6.660466395625987
20902,9.36709008097253
20903,8.079416141545709
20904,5.407319978311696
20905,6.104987388490435
20906,8.683382267211503
20907,3.1425141894093747
20908,9.041456997446636
20909,5.156830212017788
20910,5.49364509828631
20911,4.067272247565408
20912,6.466892097214438
20913,2.895011702335001
20914,5.609164263958804
20915,9.070512202510134
20916,3.054208230866958
20917,2.5734950641191814
20918,6.5654651863639035
20919,3.441796902482189
20920,6.849751220853943
20921,7.016138622204984
20922,3.544836314312417
20923,3.903607273055912
20924,7.84544969838544
20925,5.704427961105828
20926,4.719685005415539
20927,4.146264996967665
20928,6.1015506079045
20929,4.389597179772776
20930,7.0250635142627305
20931,6.82871194832564
20932,4.899773040655191
20933,6.116566255705133
20934,3.935831580752392
20935,3.2253708676949864
20936,6.955622166320998
20937,8.160467921318915
20938,9.932282834696334
20939,9.141389936650894
20940,10.0
20941,8.472284086162515
20942,5.708904142196418
20943,7.17332858857294
20944,1.6517233284216255
20945,6.748450609077182
20946,7.663235823176071
20947,4.359725531779346
20948,8.122968511396216
20949,7.103098189089898
20950,3.379007046558998
20951,5.297094091339509
20952,8.619149653039809
20953,8.398983785593844
20954,1.2849902788210477
20955,3.6059362381726783
20956,5.048694237278984
20957,6.243617740851556
20958,7.636861829732796
20959,5.580614008476561
20960,5.124578010835869
20961,4.1995017164961235
20962,6.3656449788161895
20963,7.915820099221845
20964,7.364027353278473
20965,2.5882020910033585
20966,5.14733623288666
20967,3.5057761184384417
20968,2.6328078562123065
20969,5.294289927725618
20970,6.96834568896682
20971,4.1833509335512
20972,6.855433620734615
20973,6.632313726432841
20974,7.703363020176853
20975,7.839133590891487
20976,6.286520750837497
20977,4.078964679187899
20978,4.625190644123313
20979,5.521549752770026
20980,5.841437689520242
20981,5.374346042305109
20982,5.7221895063642
20983,7.903375649684034
20984,5.982570617127797
20985,6.843852304922444
20986,7.611255230054392
20987,6.186619466159583
20988,7.136157221318435
20989,9.532964906174598
20990,8.843334119340103
20991,7.1575889694267465
20992,5.323555276885662
20993,3.2042164658708354
20994,4.974355899539794
20995,4.79583879955077
20996,7.022054557104551
20997,6.863338734435027
20998,7.533040082534035
20999,4.477016665323881
21000,3.886952153272248
21001,6.956827859231095
21002,1.9654351176631868
21003,6.990201177243829
21004,5.577654619226991
21005,8.45846022287522
21006,5.217565164846506
21007,6.563650233016393
21008,4.588373907159884
21009,6.056669096872851
21010,6.3497081585766
21011,8.06138659405946
21012,6.6720211755825085
21013,6.5917422232134735
21014,7.774856598979418
21015,5.601247730301494
21016,6.879730082835465
21017,5.170747021585852
21018,5.713673758814724
21019,6.061454363774133
21020,5.890244450110856
21021,2.5599163140292207
21022,6.949230126004895
21023,3.895310379399161
21024,7.592965956841538
21025,4.888590011463937
21026,4.7501930638092205
21027,5.398288364427507
21028,6.394495052579586
21029,4.08912657326983
21030,2.4343679566280274
21031,3.7790825821039147
21032,8.181715741288889
21033,6.46064863786408
21034,3.8132175822357195
21035,3.462477809430467
21036,7.233595445810092
21037,4.36415680123431
21038,5.939679792504705
21039,7.558076269784526
21040,8.790558093632102
21041,6.817697026166201
21042,5.039875799822425
21043,4.765896116661185
21044,6.555482130339708
21045,5.677094033424988
21046,7.7803974361412624
21047,4.571548510109316
21048,4.350995772743756
21049,3.7252302855581765
21050,6.785661699890926
21051,4.83650880711585
21052,5.294156302570908
21053,6.866283482698012
21054,5.0805495344870035
21055,8.007759398752713
21056,4.852636392597393
21057,4.247341605678365
21058,5.8059430490857595
21059,5.087839115217339
21060,3.8822282712700757
21061,9.119716533572717
21062,3.153625048217882
21063,3.0854596235810523
21064,3.156453679470385
21065,6.236671753358841
21066,6.1035861756880925
21067,8.918129839618715
21068,3.055838740171523
21069,7.022225813622198
21070,2.311368076312742
21071,2.3832390675327715
21072,4.167441593719371
21073,2.2460241946325565
21074,9.393475491388925
21075,6.752933482310717
21076,9.456219529906276
21077,5.89785921429949
21078,2.0790247778130966
21079,9.099422246537017
21080,2.639010209084775
21081,5.864650112927841
21082,7.9574278528859015
21083,6.674022738622349
21084,7.381704647017049
21085,8.647797594844663
21086,8.541200260635728
21087,5.553053879375192
21088,4.097452005731846
21089,1.9227710951645836
21090,3.0537307105430407
21091,5.479728044735823
21092,4.960130554522702
21093,6.21631187242687
21094,7.65428470944467
21095,7.931402130488571
21096,3.9585615197059534
21097,4.2508227545151955
21098,4.771250371729307
21099,5.216083415810882
21100,5.424649613334378
21101,5.913852745770358
21102,4.8881744556068565
21103,4.607796978698156
21104,4.715907900051194
21105,2.277125030111016
21106,4.409353949186337
21107,5.676400456458454
21108,4.597417773127332
21109,4.5527234450537115
21110,7.938701628466941
21111,5.085748246266723
21112,8.320218766284096
21113,7.164103372254727
21114,4.89454887963101
21115,5.453745900364437
21116,3.091044016202489
21117,9.08911898708743
21118,6.742290369478525
21119,6.424547963315891
21120,3.1934293010355677
21121,4.18224073070514
21122,5.893675349319872
21123,5.007913277486725
21124,7.464722218043008
21125,5.760707381745701
21126,2.849982608510973
21127,6.875735166070068
21128,8.017791660171712
21129,8.14993949990026
21130,7.818703525484419
21131,7.389750738371637
21132,6.009372168633055
21133,6.5417179469621365
21134,6.24085358611205
21135,3.4603490380348156
21136,8.109148795988993
21137,7.794183875612829
21138,7.208200043585325
21139,4.609510821389107
21140,8.353262042696871
21141,7.464368667132119
21142,3.080545455894172
21143,3.6029742207917237
21144,8.590433065570156
21145,5.6751771241372975
21146,7.788031879264929
21147,4.956287623423306
21148,4.999228991280083
21149,6.669180902941489
21150,6.026618546583531
21151,6.25327074793768
21152,5.354937410739093
21153,7.446134455162669
21154,8.293264254050646
21155,2.843663936250919
21156,9.127820982734002
21157,6.323895249649715
21158,8.094292800057698
21159,7.928158044410677
21160,6.6662682768607695
21161,5.863929396613108
21162,4.1848694789316365
21163,5.087084796304252
21164,7.581062254529372
21165,3.341532792370011
21166,7.133495091381981
21167,7.4737484927810005
21168,5.4588827560867825
21169,7.045674244034495
21170,5.1359252902848915
21171,8.11524201551555
21172,3.611894525083183
21173,5.971349097225306
21174,4.862415484537471
21175,8.307012212972621
21176,5.55032783835958
21177,7.039936707033074
21178,6.156310642871535
21179,6.540154882749714
21180,6.157709914262187
21181,5.852384572188707
21182,4.184486823338745
21183,6.627107155637606
21184,4.962980397702585
21185,5.8568292886785605
21186,5.958929040815406
21187,3.5413472104166934
21188,7.858764855345012
21189,2.7479081557488176
21190,7.775900497688252
21191,8.054865250489359
21192,5.814002115649765
21193,7.718031606015276
21194,5.695567590549939
21195,7.216562101286189
21196,7.327899893013939
21197,7.096734787685684
21198,8.565085801815165
21199,2.0457269240703293
21200,6.209175803670775
21201,6.56272689994623
21202,9.09114217471156
21203,7.661890501856334
21204,7.599634422984443
21205,7.370473846061889
21206,7.319837090416324
21207,9.13821317540973
21208,6.027455494374013
21209,7.097612839480336
21210,1.1347793436622753
21211,6.594663949946627
21212,8.923779021829265
21213,4.232655606158709
21214,2.9332682125687084
21215,6.983061298124273
21216,4.4199752326706765
21217,7.023532418929915
21218,5.7874564245346845
21219,7.131737502146664
21220,7.763231048879447
21221,9.195563330041967
21222,5.782499947704003
21223,5.780066689107339
21224,3.2701045238800073
21225,8.03748573512346
21226,7.094816195419609
21227,9.060513087902166
21228,8.886290814478015
21229,6.320555616779197
21230,6.1664709045460615
21231,6.093130304574395
21232,4.15639620050115
21233,6.355646194068858
21234,4.96300565040566
21235,7.963391492198403
21236,7.263697153519308
21237,3.44871283084257
21238,5.901203866225855
21239,5.870269358393142
21240,5.027948654520079
21241,4.134467614620185
21242,9.76503506388228
21243,5.973666986548533
21244,3.01484284691582
21245,6.104153260923794
21246,4.608549623256992
21247,5.913270507472071
21248,6.098274929118698
21249,4.335037003765651
21250,3.9002918898045262
21251,6.8946396750172445
21252,5.710286233882334
21253,6.160406149906979
21254,7.666657482262419
21255,5.623457683045791
21256,8.223909124256775
21257,6.76150177879702
21258,6.218633073966029
21259,7.879106262082187
21260,4.73231844101763
21261,1.898453253156516
21262,4.916702320131119
21263,7.1092497332093485
21264,7.752746280930401
21265,5.425347720133518
21266,5.596687239230729
21267,3.055853445081009
21268,5.242390395093635
21269,8.132916917078237
21270,5.965466793651284
21271,4.044546371447952
21272,4.182154282727548
21273,7.486857366680128
21274,8.218660279120453
21275,6.118458213156209
21276,5.23702776170818
21277,4.814365535135886
21278,1.5809970376150584
21279,8.621241550035961
21280,5.863339603500932
21281,8.067221765358324
21282,4.336056861936289
21283,8.031685353134286
21284,4.602986801854856
21285,6.096469929541284
21286,8.612378754892328
21287,4.113485550149652
21288,6.055481640471285
21289,6.898983843200313
21290,8.839569756507947
21291,5.002558207174735
21292,4.836825586880439
21293,4.554818446374858
21294,7.112508794511546
21295,8.020118015926826
21296,8.081482334757256
21297,6.733677505604368
21298,1.2913296419970237
21299,4.863484356734081
21300,3.637292639692142
21301,5.1282657591648135
21302,6.0973978708028715
21303,6.238896567668389
21304,3.5724133817693504
21305,8.31922659959229
21306,6.091576099461075
21307,4.004728022356669
21308,7.255757018760829
21309,6.5754047881393936
21310,6.471940582589095
21311,5.741750578526647
21312,6.4123622967637015
21313,7.235212502570236
21314,6.108967771746607
21315,4.624755434223687
21316,8.540579751187813
21317,3.498175919997185
21318,3.1049439385513495
21319,6.537033692594765
21320,4.11482439077019
21321,6.273232660188029
21322,4.315903835333526
21323,2.631078160417329
21324,7.276950244889015
21325,7.5929351893608565
21326,7.895485264280164
21327,6.068809835070786
21328,8.114100806344164
21329,7.415876985982708
21330,6.550792671109131
21331,7.902742294592666
21332,4.15076858988908
21333,4.095657324875498
21334,9.230079215432516
21335,7.634377188919427
21336,7.044417400260324
21337,7.498673318745713
21338,4.827673843265899
21339,2.869532224586246
21340,2.3669391425604487
21341,7.412032312819284
21342,4.577422788184341
21343,2.6835493392318024
21344,4.158726198971775
21345,4.5981167189895835
21346,4.415989957525163
21347,4.068013053011138
21348,5.226978606224327
21349,5.258028758032457
21350,6.748804161152092
21351,6.245609287934089
21352,7.960282906049128
21353,6.401672070702771
21354,5.612090491000593
21355,4.355022480359459
21356,6.682486924363479
21357,9.323162236235797
21358,6.671622436892839
21359,7.669393671768879
21360,8.643034338025915
21361,6.246754177889397
21362,2.9455681711005823
21363,6.157833999356631
21364,0.6707239842724392
21365,7.0647484541468595
21366,9.202638068716805
21367,6.552199679565328
21368,5.680101514127896
21369,7.012477318234095
21370,5.391491021565154
21371,7.255272750419784
21372,4.7895851895528105
21373,4.89350606680014
21374,3.3224156525382122
21375,4.251100561413502
21376,6.880858461492728
21377,4.3085419102414075
21378,7.033576406700158
21379,7.8996702051320336
21380,6.054082868890249
21381,7.049527217674274
21382,5.484506327364922
21383,5.0503196928137
21384,5.332795443396727
21385,7.263745809064344
21386,2.4657336647459687
21387,3.0475880147502257
21388,4.977908702298413
21389,6.554745947418113
21390,6.310641066622844
21391,7.08312891381588
21392,4.735743653083023
21393,3.6407254036854635
21394,6.269938999583384
21395,7.90059705156218
21396,5.026465843791685
21397,7.791600744155535
21398,5.566000843625394
21399,6.758731773968715
21400,3.2000718331951883
21401,7.181653073143062
21402,6.208875345050892
21403,9.190875090850337
21404,2.824046154157772
21405,7.744051300608043
21406,5.613701821504442
21407,6.12940140677465
21408,4.809359893619377
21409,2.093455338287533
21410,5.895520157159249
21411,8.775272700325432
21412,6.379828304547462
21413,8.939286683271304
21414,6.685503283615008
21415,5.540785683100125
21416,2.7986838570331676
21417,8.190986226440803
21418,7.630503874590119
21419,9.43712604240163
21420,4.249885035050707
21421,4.49079685939807
21422,4.028433618712092
21423,3.514227748414812
21424,6.859256274283962
21425,3.6289845638085136
21426,6.9536821937767765
21427,5.479561578121204
21428,5.974823157735768
21429,3.6677505175532232
21430,7.53270995883445
21431,2.1820682895212182
21432,8.249078166894545
21433,7.963146727022747
21434,8.809364834565347
21435,6.213606098796055
21436,8.37192946161813
21437,9.244135234091743
21438,6.511299170311403
21439,6.4878150314238665
21440,8.099755313123465
21441,6.216316329109703
21442,4.019868435978831
21443,4.018341520712625
21444,6.428764940588008
21445,5.829651190448414
21446,6.138039941175614
21447,4.668241343671978
21448,7.3080099523752
21449,5.188986374837995
21450,5.05089323266996
21451,6.139340930866388
21452,8.516562285863383
21453,8.709724787552918
21454,5.267363165836461
21455,6.742303225093915
21456,5.071112362905574
21457,9.290412931469927
21458,5.773492202581538
21459,3.615073879169893
21460,3.8313046583791164
21461,7.146229215930004
21462,3.626091539522861
21463,8.50044989406806
21464,6.775875971344001
21465,7.961745111603924
21466,4.860539144464815
21467,8.906699778126866
21468,5.625144587861636
21469,3.5563519964666406
21470,6.345009828443001
21471,4.410720490721309
21472,6.593742860939414
21473,5.960280649144787
21474,3.773620664488369
21475,3.3006632253250876
21476,4.787780387994656
21477,4.225947839865338
21478,5.266847480350385
21479,6.48061049804715
21480,7.100639937108271
21481,4.248694393407895
21482,7.792098032530245
21483,7.717438739326377
21484,7.042400981741447
21485,6.131624259679272
21486,4.024143387801117
21487,7.744185713195629
21488,2.688565767536193
21489,5.900411267793703
21490,6.976295781960667
21491,8.337239917026956
21492,4.603794107231397
21493,5.850818670771189
21494,7.829899869197419
21495,6.756252556118611
21496,4.591023783007817
21497,5.502667500455888
21498,7.8288592783754485
21499,5.361258638445403
21500,6.101744296815982
21501,5.1701054821237316
21502,5.852748957793062
21503,5.186124341426015
21504,6.990844131300999
21505,5.005629735746393
21506,5.969209024819566
21507,4.816991403139546
21508,8.727333593337194
21509,6.6060384921197315
21510,7.683463444120024
21511,6.0910272447899265
21512,6.504251899873523
21513,6.102510114546885
21514,9.08019615592117
21515,4.407504011327797
21516,6.960292003271327
21517,5.078009744056963
21518,9.108411962188761
21519,6.062457065440883
21520,4.978310607157983
21521,3.8367903867830995
21522,7.262080603385496
21523,9.751527177648459
21524,7.0477351273264555
21525,6.766538490271965
21526,4.3268354499777875
21527,5.703095388160154
21528,7.858931747313605
21529,4.959274616030524
21530,6.415401891379398
21531,4.971773901073115
21532,9.684879917557112
21533,5.0554023088075155
21534,4.20887390054723
21535,4.214156999235729
21536,6.348266732626519
21537,8.590461505321187
21538,1.8417469487306983
21539,4.03014056569274
21540,3.590000009966553
21541,6.28000556913228
21542,6.217962012051387
21543,6.402275814098687
21544,8.49954551764118
21545,4.453526361603961
21546,1.892051619223787
21547,7.104389799208288
21548,7.630738288795019
21549,5.105502839482258
21550,9.008919688262342
21551,6.581323987144424
21552,2.2392513868572803
21553,6.54062972893415
21554,3.0495205414566944
21555,5.5520281030612235
21556,7.126572286308999
21557,6.993479686726946
21558,4.053434266289208
21559,3.2284699388333578
21560,8.908880130808818
21561,7.752810528064442
21562,8.342002781813786
21563,4.988002421350804
21564,3.284858009686319
21565,6.080802964943415
21566,2.7871891346772095
21567,9.104515948615942
21568,8.197142688170587
21569,8.41981766927092
21570,6.289795273435517
21571,5.0740416033650435
21572,8.490699191841221
21573,8.993338584171306
21574,4.149563118242123
21575,3.1830157845772433
21576,8.135918557602533
21577,9.20638684817688
21578,6.966960057239232
21579,6.970997660033133
21580,5.854060005832245
21581,4.344153551881496
21582,4.878430880018611
21583,6.369755092742587
21584,6.0799753161305485
21585,6.140663170568375
21586,7.182967309389255
21587,5.544270517378734
21588,3.5223899412109403
21589,6.228605406008586
21590,4.6398634447522
21591,5.695461121573664
21592,8.349574390042058
21593,8.30434148929993
21594,2.9309540904867117
21595,7.261670292898033
21596,5.737196948422696
21597,5.286552937914546
21598,4.3355090742032
21599,3.865790586031167
21600,7.844435078395899
21601,1.7716884263326822
21602,2.667645011847313
21603,9.381462001437955
21604,5.25666398300068
21605,7.750137595656532
21606,3.432695259727976
21607,4.875673387509118
21608,7.4657328015785875
21609,4.089377150595985
21610,5.847294644053353
21611,5.337209193442174
21612,4.174279821694662
21613,8.359038750081634
21614,6.2147231267978675
21615,4.591103693789658
21616,6.270849979141193
21617,5.516539470402209
21618,9.06488999541984
21619,9.266857856766304
21620,3.7710626884226577
21621,8.657468632713437
21622,5.780619580314003
21623,7.794131118680987
21624,9.057367401593275
21625,6.710988319488545
21626,5.0395407161335735
21627,6.233641492461799
21628,9.857486186033618
21629,7.377461613008862
21630,9.25815829653152
21631,3.508831676737534
21632,5.334260939014284
21633,6.064882909604432
21634,2.640017214988325
21635,5.800495127542433
21636,5.418763606941981
21637,5.175843649907904
21638,6.458719686467204
21639,7.755423839294387
21640,9.540206725704445
21641,5.220433729280673
21642,7.884773118000471
21643,9.231874310647093
21644,4.865387743616461
21645,7.450155139607787
21646,4.469822972917019
21647,6.492965644048656
21648,5.762350664259195
21649,8.170890079236436
21650,2.8610660453328
21651,4.131405686800599
21652,3.8230433887329274
21653,4.488505954538486
21654,2.913722640551122
21655,5.2802532245805684
21656,7.871310469169541
21657,7.673716772221107
21658,7.534568799427531
21659,3.9825452151761747
21660,7.434187898699694
21661,2.4399439826507976
21662,4.316030964571687
21663,8.202016745804634
21664,3.348236208137276
21665,4.786075463484317
21666,2.2994057457507746
21667,6.621236447895883
21668,5.954876716909322
21669,9.152624957053742
21670,1.6126546396296428
21671,6.860020806424127
21672,5.294521606669538
21673,5.579930068204721
21674,3.9985579365861295
21675,4.9378259559841045
21676,8.044151891643077
21677,3.857498763889739
21678,6.326195126448512
21679,6.4808484926532115
21680,4.977707304538465
21681,1.5786082095063414
21682,7.400310648529983
21683,6.432988136978391
21684,6.0902947911452445
21685,7.994523143021178
21686,5.415708803364005
21687,5.851113630486701
21688,6.697523856205892
21689,5.7304718833449195
21690,8.774602682891265
21691,3.744323982867213
21692,6.22229479050491
21693,4.0038872495886455
21694,7.405478784202325
21695,5.566091978485505
21696,9.689644965502373
21697,5.038155671953449
21698,2.3158884936184525
21699,8.278318869061703
21700,5.820004878343429
21701,7.867978284312943
21702,3.656944069807731
21703,6.147654149293082
21704,4.469757519485111
21705,8.84256943095397
21706,3.300893216462182
21707,8.668147011259984
21708,5.824202146973627
21709,5.288338188217495
21710,9.17798964497775
21711,5.250529441607298
21712,4.0397044671420925
21713,5.647385466662809
21714,4.899079658838666
21715,4.790194325700946
21716,7.142333734538598
21717,6.735249789614134
21718,2.5714099584454706
21719,7.68546332728402
21720,4.986820059796247
21721,7.246544573586194
21722,9.354965046006587
21723,6.407512817621234
21724,7.6508039932449465
21725,5.829328170308636
21726,9.004969301365293
21727,7.004729365219744
21728,5.263155393067544
21729,5.697123143169128
21730,6.230182981229934
21731,6.895507503606885
21732,2.294475295323905
21733,4.652771568359272
21734,3.586748621780971
21735,7.2815696922141315
21736,6.029798041969762
21737,7.490102107231506
21738,2.1366132348718634
21739,8.291200346601727
21740,8.990520298200826
21741,6.891253006884236
21742,4.11111754696953
21743,5.881171153538232
21744,4.3855515940209955
21745,5.321490105578058
21746,5.71413552180913
21747,2.9536424567828408
21748,9.766999492052875
21749,7.0169655753351865
21750,6.415997281679284
21751,7.035767568860222
21752,7.447676646387346
21753,8.593675879036903
21754,7.641056402331568
21755,6.833873175636033
21756,4.299829616799833
21757,4.630672884629981
21758,6.480742918982306
21759,4.914536280174355
21760,7.5888749888003
21761,5.171807288808409
21762,6.271440114235339
21763,6.125946967972177
21764,6.008671822668686
21765,6.119979303255554
21766,6.823218113503248
21767,2.7426670997975937
21768,6.812956877293861
21769,5.119992151813674
21770,4.337528509338359
21771,3.102706383035173
21772,5.884228685340356
21773,1.7177940121267006
21774,2.4433003539039366
21775,5.934357712160122
21776,4.906711914634684
21777,5.548151013919835
21778,6.0014320887315895
21779,4.332541760192222
21780,8.165164610775491
21781,3.3105455190565163
21782,6.18620233857137
21783,3.634356989983218
21784,7.358107621731296
21785,6.697099149363714
21786,5.571210202466086
21787,4.698956546994691
21788,9.199423066142982
21789,3.3983948834510644
21790,5.332195208089715
21791,5.500445825296697
21792,7.255180124071601
21793,6.516119442028445
21794,6.89249694899281
21795,9.661023944170745
21796,6.289005247092757
21797,5.563818465775795
21798,0.8062255090997228
21799,5.0800455916444465
21800,7.254359803027798
21801,3.08023798395058
21802,4.3833104926762685
21803,1.7716057315221128
21804,8.220182542760458
21805,5.466635048936013
21806,6.359201866892067
21807,8.142693498137614
21808,2.914354403988327
21809,5.099567996157915
21810,3.3077930249556267
21811,7.011931943351545
21812,8.184875527742381
21813,9.588560879410181
21814,7.395630794535484
21815,9.072225277154926
21816,6.462947377193351
21817,8.645144212219035
21818,6.331281244835696
21819,7.453526577725849
21820,5.692011164488727
21821,6.831152184313236
21822,8.234023804874921
21823,7.550853531064425
21824,7.9860250479657005
21825,5.5907947789689585
21826,6.38892528024688
21827,8.013105151862868
21828,6.292120923818793
21829,4.263157210532817
21830,4.272960040642514
21831,3.482726590503024
21832,2.448844753673047
21833,5.22846097575548
21834,5.485411621222916
21835,6.136759052727084
21836,6.140932209681206
21837,5.281948211445311
21838,8.716408959064154
21839,3.021565567574825
21840,8.129933335957707
21841,6.955757310591095
21842,1.1728503662249792
21843,9.499704104321099
21844,7.972156237710402
21845,7.245697413507089
21846,6.952929992232753
21847,6.012665402645969
21848,3.235710307097122
21849,5.392005723099973
21850,3.465744326951217
21851,3.897003911371755
21852,6.2236694160800745
21853,7.125027997170637
21854,4.983377563594155
21855,6.44234702228744
21856,5.2801621771557885
21857,8.103929463962432
21858,4.485886352543007
21859,7.68470854647999
21860,7.257163919521851
21861,1.8822556011633
21862,7.949606173514961
21863,3.6518478283307654
21864,8.952765441481937
21865,6.848569821185219
21866,9.871039166065412
21867,4.204595687153688
21868,5.813498989580199
21869,7.664154456775867
21870,5.401338489405553
21871,6.3984308904152885
21872,5.177829250662765
21873,7.121381638111416
21874,6.8554052316828065
21875,9.171830615220705
21876,5.592062243604664
21877,5.522340937733824
21878,5.33010294285316
21879,6.219620039827132
21880,7.855203912608438
21881,5.009121615918067
21882,4.758100977476743
21883,5.402188092633889
21884,6.835235124078385
21885,9.069435241910728
21886,3.71174458214731
21887,3.669430351180194
21888,7.909430702970157
21889,5.842528935348907
21890,6.3338402872677255
21891,5.6359661611217415
21892,5.5630831082687715
21893,5.6779448362005835
21894,6.280424217675311
21895,8.48602268261607
21896,6.4449822917959505
21897,5.030500415587241
21898,6.504154201362319
21899,6.825927307329351
21900,3.704165588776471
21901,4.633439730092387
21902,4.741273925343713
21903,8.02496608604118
21904,4.012965873185498
21905,7.693490808219191
21906,6.3164862937256885
21907,4.8245714759256675
21908,8.299393474658837
21909,5.562583651423195
21910,4.102675215364554
21911,4.2860109136547075
21912,4.960648973343024
21913,8.06988044829209
21914,9.480309597010345
21915,5.679742852778408
21916,6.462457407867202
21917,4.991398385066704
21918,5.682646467956862
21919,8.660725075955657
21920,9.628281764588293
21921,8.005900519155423
21922,7.4952825053434635
21923,6.624996717086251
21924,6.817172663161551
21925,7.252179866269259
21926,5.996791272704308
21927,5.777021689588076
21928,7.260637191151705
21929,8.637130444389602
21930,5.8954383293777095
21931,9.118718251793517
21932,5.21603506849436
21933,5.575973465726484
21934,3.0166922076342493
21935,5.895833095576618
21936,7.338659416605277
21937,7.434289201509517
21938,8.769446643047075
21939,7.73089045101086
21940,4.4771576231254
21941,5.891691915041786
21942,9.043137466509434
21943,3.973263887369053
21944,6.281583746805766
21945,5.835791735688239
21946,5.924619581682636
21947,8.6627998114284
21948,4.607582424104647
21949,8.650249530797742
21950,6.17803192305989
21951,8.177530938834835
21952,3.699542978711986
21953,6.277458936972727
21954,2.8717563020857315
21955,7.972851758153596
21956,5.220842854718282
21957,9.106993937491339
21958,7.741962755769455
21959,5.44798199374184
21960,5.084453494918085
21961,5.09235520204856
21962,7.386605447450192
21963,8.646002954745327
21964,8.53630114222081
21965,9.677713291820266
21966,4.850865591622678
21967,3.587253010444314
21968,8.242308490212965
21969,8.940456042437914
21970,5.730789713417973
21971,3.39131021106747
21972,4.803448029812686
21973,5.786314624197885
21974,8.025318979018966
21975,3.0027041922003135
21976,7.352023946374669
21977,5.249471570310194
21978,8.667720180582782
21979,5.320976494759088
21980,6.722401490058847
21981,5.313719741050748
21982,5.658741626619325
21983,3.052365562112574
21984,5.523748045817551
21985,7.068310866844035
21986,8.989544920187098
21987,4.113463909627069
21988,7.135097325126209
21989,8.68893352541928
21990,8.174016274801826
21991,6.408412431280633
21992,5.229532950030402
21993,6.006614334564497
21994,3.0378925197102564
21995,3.647645008120073
21996,5.767231069414598
21997,3.1526208260653825
21998,5.6414189606320235
21999,5.0022729770685865
22000,5.234488590835117
22001,4.954244086474557
22002,4.833110171522357
22003,1.8800603827141722
22004,5.641039544541181
22005,7.115453579745135
22006,4.8815227636279035
22007,9.65177394093601
22008,5.697322964864407
22009,6.6909266892575525
22010,2.886048738435515
22011,6.262317447285152
22012,6.490263702160203
22013,4.852118972768775
22014,6.596741121494026
22015,5.93523141826907
22016,5.674158825823214
22017,5.138473845654635
22018,3.844704831576726
22019,3.4293488560025884
22020,4.224351644336127
22021,7.62946960351069
22022,7.285016840397049
22023,4.257213785298454
22024,3.7527462981944866
22025,5.587937736054481
22026,3.565494181494129
22027,8.572112406955661
22028,8.524946902794388
22029,7.482455600009881
22030,7.792029230718737
22031,7.625116969950943
22032,4.221436063546653
22033,8.116806520935308
22034,5.11862498323383
22035,8.621533920870542
22036,5.514704552188052
22037,4.556501921254464
22038,5.607554498443621
22039,4.582334542265174
22040,8.540608862442397
22041,6.03042694290477
22042,2.9823031809590446
22043,6.774383157301578
22044,8.896995898718151
22045,5.360004775555181
22046,7.90337872355157
22047,5.300727568186216
22048,8.235887610346216
22049,3.3719018147326008
22050,5.28940070051026
22051,3.352056521410257
22052,6.8975237156883
22053,8.862879473032562
22054,6.431878832922006
22055,8.512358414164387
22056,6.480912004627065
22057,8.172993478687129
22058,4.144361614029963
22059,5.452765599566906
22060,8.181033999399908
22061,6.321680331213427
22062,3.3808819857222296
22063,6.245923867675899
22064,7.44501196522529
22065,5.306991657274283
22066,4.143686303880115
22067,6.976231762082509
22068,6.325408330968966
22069,6.948966003382842
22070,5.113071314818493
22071,6.221200008903544
22072,5.145013215126049
22073,8.192025279760347
22074,4.877566981821504
22075,5.691454912694272
22076,5.772954315698251
22077,9.35193632361319
22078,7.344826160926173
22079,8.589998853825545
22080,5.202273673008508
22081,8.5914008104118
22082,3.232619657970992
22083,9.301532936887611
22084,1.9410024589050272
22085,3.720621410566959
22086,6.19837630688676
22087,2.309441429967597
22088,6.0137820881080115
22089,4.60786092749226
22090,5.787518748841592
22091,6.899917339781589
22092,8.912081822861307
22093,7.353526067983414
22094,6.734105906937725
22095,4.929011626277334
22096,7.34677742893736
22097,5.815575692121784
22098,6.010737948242345
22099,8.244294825023887
22100,3.4822735671324363
22101,5.3540193456825085
22102,8.228414708722495
22103,8.471711962365058
22104,1.604087595604186
22105,5.430207247180935
22106,5.094828086977763
22107,7.16054048123106
22108,5.975928906206026
22109,3.6382230303740597
22110,5.536113955844328
22111,4.321795566778044
22112,6.052140901395793
22113,6.1810495802052206
22114,7.968845637379651
22115,6.3105588534174615
22116,4.115860762231527
22117,4.641154910612423
22118,7.6314082722607415
22119,4.787954175329846
22120,4.631444317060974
22121,7.481836916965385
22122,6.010368570555076
22123,4.506669832967743
22124,7.372181439532383
22125,6.056217362973507
22126,6.346611816797
22127,7.479242178006564
22128,4.122341772853837
22129,7.675171343089928
22130,6.993512812901565
22131,4.841361401512407
22132,5.022457059772985
22133,3.677509895548062
22134,5.407842253928411
22135,6.63972331864788
22136,4.92106202247985
22137,4.521058569443229
22138,3.9720278741690898
22139,6.074220681752032
22140,7.418898778371228
22141,8.020846886092787
22142,5.244798711729262
22143,7.246927878636557
22144,7.991349357511228
22145,4.8546168403182826
22146,3.015418983889192
22147,3.843109403092
22148,1.3109766272589147
22149,6.297948344545665
22150,4.542530574579616
22151,2.6713185470773437
22152,7.642642184449308
22153,4.067912209479804
22154,4.177635488819113
22155,5.908418373706062
22156,3.3864667663171937
22157,5.7826457577720225
22158,8.573358635269065
22159,6.858896704191237
22160,9.069998287554013
22161,6.046053458701299
22162,5.482826513164448
22163,4.234830573974084
22164,4.376959236077688
22165,6.897495766450547
22166,5.366055212335311
22167,8.035991736713882
22168,8.072320332785745
22169,3.87825938652042
22170,4.1199408185025685
22171,5.1616240110677705
22172,3.5001627254205334
22173,4.793349479195322
22174,5.498522186411601
22175,5.583026297174001
22176,3.8009465851279134
22177,2.007911306630063
22178,8.369702597075214
22179,6.731612161275011
22180,8.538723695601675
22181,5.257407529959992
22182,4.4936573555880495
22183,6.571562189390114
22184,6.3216556225559675
22185,6.699752091812188
22186,5.908843386637665
22187,7.923123921242167
22188,7.069075399534243
22189,2.7168446475013432
22190,5.893169963462911
22191,4.3607343445280975
22192,5.796147703526919
22193,7.000328371151152
22194,3.761722453375315
22195,4.63771158090898
22196,4.864911598481675
22197,6.313597106336755
22198,6.8552992497834095
22199,5.298726959793913
22200,5.166258394501277
22201,5.448481370640195
22202,3.9900231913946143
22203,8.940344624908068
22204,5.177816640840717
22205,5.413274220244634
22206,7.97249255011759
22207,2.0652903671128935
22208,3.260589053239866
22209,7.140880244962427
22210,8.065839485585204
22211,9.17629746066792
22212,4.292252436810581
22213,5.892768053199492
22214,5.24882598542614
22215,7.3719344794916735
22216,7.296005001231479
22217,5.127401079556061
22218,5.727372724613568
22219,7.913093948990981
22220,1.4205675060046405
22221,7.496584012147654
22222,4.285944322680755
22223,6.799730484995942
22224,3.4825996486791206
22225,4.548041573775489
22226,5.190922113730129
22227,2.988864064410402
22228,7.306801044080475
22229,5.426079053543271
22230,5.6081133590225924
22231,7.71969455552576
22232,6.330966062277728
22233,8.87749114982541
22234,5.045750719053762
22235,7.298845786777895
22236,1.078643038195726
22237,1.9483409462604282
22238,7.2198313440846045
22239,3.8357566492488497
22240,5.9019441633905485
22241,7.420621678619467
22242,5.641297191718896
22243,5.15523334703902
22244,5.120877511222327
22245,7.41423501640782
22246,8.138896248641338
22247,6.126889034029377
22248,8.803437865523364
22249,4.7683657772188885
22250,6.199952334628079
22251,3.2375959255448916
22252,4.33341230186208
22253,8.727055396925667
22254,8.936754503454814
22255,7.0412937837017955
22256,6.590280499854912
22257,9.191357678712865
22258,6.9444181607718045
22259,1.636261852442895
22260,2.313172198564084
22261,4.749994080366811
22262,4.343835195653814
22263,6.931022865432273
22264,4.389862535056967
22265,6.894791885073393
22266,4.849288186491563
22267,3.8387709222281736
22268,3.2024328515763063
22269,4.023689462563527
22270,5.8473494383696245
22271,3.8790821131403557
22272,7.382681172308018
22273,2.56123249040285
22274,5.395605884798193
22275,6.882864714991753
22276,7.218153495372175
22277,8.719997165418409
22278,6.6655392672645375
22279,2.3505965550708576
22280,8.628091943882687
22281,4.550831822889105
22282,4.26188577216431
22283,5.665737122732012
22284,8.630303480600507
22285,6.351326407420272
22286,5.016521573799162
22287,6.328607753290108
22288,7.606261767684056
22289,9.042163277503473
22290,3.9444518919390132
22291,4.501061180157378
22292,9.558141796342516
22293,6.035297535525559
22294,8.367550043359666
22295,10.0
22296,3.225294103782808
22297,4.009068462164888
22298,5.540471696988977
22299,6.059300076869106
22300,3.3028199972210213
22301,8.7463371562245
22302,6.157190236133177
22303,5.766036611191202
22304,5.293735328142742
22305,6.786468843468982
22306,7.690784811503823
22307,6.509674637961302
22308,9.350271673668246
22309,6.261303879345287
22310,9.516801667799331
22311,4.414840272392224
22312,5.927063615645888
22313,3.1688188785978983
22314,6.4131236919828245
22315,5.828918606168665
22316,4.415765524954781
22317,9.135919656001924
22318,2.829564050782687
22319,5.124715419572492
22320,6.162385146285543
22321,4.42921440018922
22322,5.386922452121903
22323,6.1088527205428536
22324,7.274866592261252
22325,2.643206543996157
22326,3.311836066495401
22327,4.163765249610082
22328,5.730044115793712
22329,6.254820602981647
22330,7.349615974018518
22331,5.179774763761899
22332,3.975707057834329
22333,7.886277510767089
22334,9.371240511142716
22335,5.910168855287185
22336,6.203002689256459
22337,6.060302603771382
22338,4.719535577465872
22339,7.772442548751172
22340,9.3403827118036
22341,3.2368462331231185
22342,4.519506720886726
22343,6.776826345298199
22344,5.0572189553213835
22345,7.659685086460517
22346,3.619424175799807
22347,7.939684134398606
22348,5.611733444329821
22349,6.565341526422279
22350,5.816036317917055
22351,3.1736789241722536
22352,6.506410998391213
22353,6.824147565389647
22354,5.605059439992222
22355,5.22838292018563
22356,7.152442039234216
22357,6.12836658910282
22358,5.5806526846551465
22359,6.542203325249606
22360,6.064420473252268
22361,2.503548256157958
22362,7.65718912892512
22363,3.8427276378918194
22364,8.820616626301403
22365,7.865954999962929
22366,7.514265254443559
22367,4.890725185534188
22368,4.6967207159776665
22369,8.752671048348873
22370,3.030818571686277
22371,7.227901444333553
22372,8.226225205556757
22373,3.3408734654285817
22374,7.3613695533530885
22375,4.448268366052012
22376,9.078251867760212
22377,4.769246528078785
22378,3.665412205414986
22379,8.099816078784364
22380,7.433503287848136
22381,3.3255697262408868
22382,7.650887957025763
22383,9.014931603951249
22384,6.362619241665751
22385,4.702837672310564
22386,7.94804676411722
22387,4.14143569206532
22388,1.414234455089098
22389,7.178182090524771
22390,3.3737018189981995
22391,4.8639463086014905
22392,7.171280803073537
22393,6.719647633552366
22394,9.473566385142997
22395,6.360308309508647
22396,8.571110880241815
22397,8.338999530011375
22398,7.017824857632187
22399,1.8339639118470596
22400,4.833368275699492
22401,6.7480485627164235
22402,9.053494127974606
22403,7.031839714247141
22404,6.800750941883936
22405,6.496841221690134
22406,8.416703206056626
22407,3.355168562459194
22408,7.948828003193372
22409,3.741464574621136
22410,4.975137005368715
22411,2.8009852430678217
22412,8.33009665194481
22413,8.032570718386536
22414,7.096456952528021
22415,2.6078177856155533
22416,4.781140671528352
22417,8.83534573620437
22418,6.439354642752026
22419,8.349272350014855
22420,5.958779545351779
22421,5.847271481147411
22422,4.523251151613388
22423,4.952368568024381
22424,8.282615275420921
22425,3.835398570122668
22426,6.679716765044739
22427,8.315171282139783
22428,8.512549300568397
22429,4.102314190223603
22430,7.397032541283836
22431,4.412532995478882
22432,4.6150767995819875
22433,3.0641805347234343
22434,6.040732813223771
22435,4.83208047568746
22436,7.05684080842831
22437,8.81648608318234
22438,5.366509746134704
22439,1.6321378192074032
22440,5.9363987887239755
22441,6.714395231874088
22442,8.96906712210145
22443,8.485551504035953
22444,7.076449190623066
22445,6.237168395757507
22446,4.00776714141394
22447,2.580363373219541
22448,8.505700279856036
22449,5.6212874156086565
22450,4.593863739392823
22451,7.355626018098922
22452,7.19487640181938
22453,5.253138538992677
22454,4.260879551310163
22455,2.9326418344013008
22456,6.665923659173664
22457,6.325554691296634
22458,4.757141717109184
22459,3.828525393107136
22460,7.352965176482935
22461,7.202132573183299
22462,3.025555240544103
22463,6.664382341999388
22464,6.6682027140871405
22465,4.977741510765849
22466,8.453703802473445
22467,4.533537155977338
22468,5.098093033170448
22469,7.71888870686634
22470,6.378045726070028
22471,7.994676154801195
22472,4.909403353700543
22473,4.995027372004621
22474,7.137731726930129
22475,2.1214961575807636
22476,8.828028252863344
22477,7.328455465454465
22478,7.792975388132227
22479,6.9244972845511015
22480,4.192051463729444
22481,8.580388929621778
22482,4.5522687945394855
22483,6.525931665107646
22484,5.657695495548524
22485,2.496234442525669
22486,3.2956780508986783
22487,7.328271096923935
22488,3.7061482580316913
22489,5.0566818996549685
22490,6.350120338759149
22491,6.771153429330431
22492,8.132208325922841
22493,6.817415558778885
22494,5.701225177119775
22495,7.4819941963857834
22496,4.05957871629896
22497,8.63575815347949
22498,6.041704868819291
22499,8.521683612551051
22500,6.430597428492815
22501,4.409554520350518
22502,2.6669642852035893
22503,8.70826731636237
22504,3.434848516747716
22505,5.004092670329318
22506,8.234213618745484
22507,2.825299566893695
22508,2.492126821450996
22509,5.806478252364906
22510,6.313192521799847
22511,2.4849777214219637
22512,7.032613703701445
22513,4.364963048511074
22514,5.865914100844104
22515,8.84905089624265
22516,6.036263840709582
22517,4.801531790219187
22518,6.697441096654679
22519,7.863239092531911
22520,7.269868600963708
22521,4.751662122078908
22522,5.6495647696595865
22523,9.616590280222244
22524,4.461742011883973
22525,3.3828513273637597
22526,8.01407748961968
22527,5.5073340337628665
22528,2.067031130860595
22529,7.492498078041459
22530,4.90808534729994
22531,7.390021938739013
22532,4.487453281342506
22533,5.187895985087939
22534,7.3549407772699515
22535,4.333733113283362
22536,4.791749616742079
22537,2.3037497091018264
22538,2.6703274854294516
22539,4.9258979788320545
22540,7.629665798397212
22541,8.247460674426355
22542,5.554910795373041
22543,6.491800113726629
22544,6.98645073772769
22545,6.86265347460298
22546,7.277779074320108
22547,5.887922056729427
22548,5.336278889620762
22549,6.02643359676355
22550,6.404073735638684
22551,6.964079698488766
22552,7.501589741450195
22553,4.221358860103352
22554,7.226847527404946
22555,3.9549943271086794
22556,4.9451493091984675
22557,6.263189803502816
22558,7.914086004844657
22559,7.6345038568245505
22560,6.197597440069268
22561,2.4514562285949926
22562,6.762963477677793
22563,3.9405337264344342
22564,7.573054520176318
22565,7.216607433129045
22566,4.362430346745415
22567,4.887333479561934
22568,7.724296020834733
22569,8.899544827367981
22570,2.670937559553946
22571,7.18549912025241
22572,4.152730139912931
22573,4.647647948796709
22574,6.131459723114762
22575,8.050108618247519
22576,5.42067835793454
22577,3.4859027388511765
22578,6.4766379319965495
22579,5.632129940483714
22580,3.7451395068924347
22581,6.206083137426082
22582,6.20243900685273
22583,2.6728474340987662
22584,2.8699439928072863
22585,4.674248621012097
22586,3.6851365191473167
22587,3.7165612649009736
22588,3.3669806286765604
22589,5.355294389949688
22590,6.099341187604533
22591,9.314960546732236
22592,3.4131588942273923
22593,5.659726177780078
22594,8.169923460902327
22595,7.329288729606792
22596,6.4775482101231425
22597,2.1973168171620845
22598,7.105213826685149
22599,8.088778515913049
22600,4.728575939772292
22601,2.6263665386896267
22602,5.092074407052217
22603,6.9005807270244945
22604,8.038497010713838
22605,6.315622994406329
22606,4.712297381762146
22607,6.904823717900965
22608,2.462531960517662
22609,3.9280884497800197
22610,6.351176089768667
22611,9.02451267295018
22612,5.373391185741834
22613,4.434092360529424
22614,2.659833545152277
22615,4.467698653096669
22616,7.4488465965319115
22617,4.752292131581717
22618,5.686936587421271
22619,8.04145451364939
22620,4.578304150514661
22621,7.122096640339343
22622,7.876521436733256
22623,5.262662309855467
22624,4.63474977593834
22625,6.192499158331473
22626,7.070521424598846
22627,6.105170094363386
22628,8.342783314065317
22629,7.841549474876092
22630,7.077359856371372
22631,6.2868784814577925
22632,3.0903016468157785
22633,8.288690687234322
22634,9.09001419601781
22635,8.076900478842322
22636,8.174390350789826
22637,8.792541307862473
22638,6.735282268787588
22639,6.4829792964715525
22640,3.749296344378444
22641,6.8344043715743545
22642,7.171351933105741
22643,0.9291971612577791
22644,8.070325719241659
22645,5.053595480659964
22646,6.7391687224135435
22647,2.8443815657106404
22648,5.274749306965515
22649,7.940528398788764
22650,8.06667563433631
22651,2.0823992747158324
22652,6.86983273135127
22653,5.192416473857091
22654,3.904016216144082
22655,6.434791213104239
22656,7.774394311350614
22657,3.2928454084573886
22658,5.0260645632954795
22659,4.861477124659619
22660,3.597008989488086
22661,7.016873292138207
22662,6.075259202367233
22663,8.004099011665115
22664,8.331854933950037
22665,7.4383292398499385
22666,5.337626308718864
22667,4.770246024745246
22668,8.05269385432889
22669,4.8554857000896465
22670,6.274997533942733
22671,7.418635127814666
22672,4.802100316006651
22673,6.2154069156767005
22674,8.205349471740112
22675,4.252174824887012
22676,7.36669970966804
22677,4.16632694400929
22678,5.2921648643337305
22679,4.781506324425809
22680,7.001099398033814
22681,2.870581389563212
22682,4.773256016019161
22683,9.250184266071185
22684,7.525337289408446
22685,6.027986881807691
22686,3.3410899908056373
22687,4.984695018391289
22688,4.118338679314326
22689,5.852334702599871
22690,7.123482111355396
22691,5.083596785513946
22692,4.621415998299499
22693,4.835679409776112
22694,7.451140097246144
22695,3.0144502390177976
22696,5.119701183714412
22697,4.39784140010644
22698,2.318243624663177
22699,4.404529371670874
22700,8.00030522334395
22701,5.176864333855711
22702,6.143251747930607
22703,6.119970368918806
22704,7.207987146117603
22705,4.585144453664787
22706,5.470249530025792
22707,4.673229137163421
22708,4.600989227429494
22709,8.269090973789552
22710,7.861685952678863
22711,4.777701383221239
22712,5.866506284731592
22713,7.045448421975362
22714,4.734973486103323
22715,5.71055048400485
22716,8.056693821735964
22717,2.665522883281007
22718,7.8025641965387775
22719,3.441380397642619
22720,7.934909414269323
22721,5.945347191132629
22722,7.014423043625691
22723,4.722784764335682
22724,9.318414424417762
22725,7.064380119314383
22726,5.8685506447336335
22727,6.6203365380430546
22728,8.635723115371965
22729,1.3666872692738385
22730,6.150259190106937
22731,5.072717754381085
22732,3.8513621668090043
22733,8.479527095964864
22734,8.42948890762544
22735,8.947890256527831
22736,7.271783859673797
22737,6.214159084051885
22738,7.121727692511442
22739,3.8469661516996445
22740,4.920039192578524
22741,5.777213799295417
22742,4.714836424904635
22743,7.3948070950129265
22744,3.743556218597272
22745,7.0664273658418315
22746,2.305920798767075
22747,6.146604607475326
22748,8.833343213594624
22749,6.285070228859769
22750,2.950012980757781
22751,6.193998153351379
22752,4.27747521786471
22753,4.86313223690237
22754,4.745395180490117
22755,5.711884570053246
22756,4.243733659657458
22757,6.244745385483866
22758,5.236058132329406
22759,3.9546388256475606
22760,7.9955367834618825
22761,8.262691762608645
22762,8.329563954495432
22763,8.073721396874955
22764,8.188787122542253
22765,6.375789174007983
22766,5.804819163113424
22767,6.301823521928186
22768,6.1290735807815615
22769,5.297048063784361
22770,6.694690615326701
22771,4.1524244012276394
22772,7.246540011260854
22773,5.390250386744263
22774,5.139808943984903
22775,6.909832048220242
22776,6.101515584103641
22777,5.317966523712393
22778,7.511844858146306
22779,9.350665267164699
22780,4.7480289313588875
22781,5.492768803782802
22782,7.104949248135964
22783,7.475364711031108
22784,4.381255008061157
22785,3.3183616463103673
22786,7.139956787929105
22787,9.53146515148353
22788,4.653929028072409
22789,4.818624383264162
22790,7.0840029107868325
22791,8.770389759747305
22792,4.510010116370378
22793,4.5545627631476
22794,6.163439783225516
22795,9.711086799847985
22796,7.211465605034927
22797,3.9926097285658506
22798,5.692334576471775
22799,6.517497581201723
22800,6.149174740679315
22801,7.7373262555023965
22802,6.500993609861878
22803,8.157494172815934
22804,6.009413451428769
22805,9.421575772986634
22806,5.932910473249753
22807,6.971515092063606
22808,5.025928150235877
22809,6.0544850897798
22810,4.95016240943039
22811,4.817849937530318
22812,5.319745838837472
22813,7.144260747040138
22814,7.053800204381544
22815,7.2984933480226974
22816,8.426971538134659
22817,2.9087554548870873
22818,2.4504128230692532
22819,4.449168046668658
22820,6.307418784319241
22821,7.233692079911822
22822,5.698602348592787
22823,7.597607246569209
22824,7.4049691649000895
22825,6.245657708917393
22826,8.784222651272305
22827,7.609710126155134
22828,3.3341788585633307
22829,5.65252600377407
22830,4.373859091587431
22831,4.128265478493638
22832,5.948706701106031
22833,4.29566487520567
22834,8.098101507534158
22835,6.3985292126265065
22836,7.653116454034706
22837,5.20502930531211
22838,6.609844831768692
22839,6.346911873864096
22840,2.5388285715796264
22841,2.3545749741781035
22842,8.148254020836374
22843,8.56821733189856
22844,5.008851732919039
22845,7.397521211049765
22846,7.726570939293063
22847,7.166651099744835
22848,2.6611767221988476
22849,8.7448534892969
22850,3.1901703701235897
22851,6.946654815644517
22852,3.6687372782901377
22853,6.3516336748451785
22854,4.808729002429297
22855,5.709421288454584
22856,6.044942365399345
22857,5.126203781909665
22858,5.260696602210366
22859,5.107109809521719
22860,9.466317710923796
22861,4.007015179716929
22862,6.40744098937118
22863,3.9125327560412866
22864,6.217438434000897
22865,8.356031094394996
22866,8.328303825104957
22867,5.430087380144959
22868,8.227420131422601
22869,3.9890886985023193
22870,8.2136793864044
22871,5.660873799791162
22872,5.683682935707856
22873,6.9688189326084675
22874,6.592987267352227
22875,4.751964587636323
22876,3.6356685910975894
22877,8.216820090265577
22878,4.189667945473396
22879,6.0984078328186175
22880,3.974562402530344
22881,4.137224139881664
22882,3.9193091357742076
22883,4.278650283645654
22884,5.201696869595158
22885,8.470639697040202
22886,8.901542442645445
22887,4.447792127966695
22888,4.647602231924248
22889,6.091850171110167
22890,7.040291259704909
22891,4.8988352219760225
22892,3.7980553780261186
22893,4.48699583853788
22894,5.896601761387867
22895,6.801934711163405
22896,9.037784190354047
22897,5.905191706371073
22898,3.9522817941394344
22899,2.710746118149167
22900,5.3056924910198004
22901,2.7319577247640505
22902,8.344104336614324
22903,2.4841282835859797
22904,4.051506605452774
22905,7.62910020029239
22906,8.717281498219814
22907,6.682898574266746
22908,7.45059155441984
22909,7.033327527063031
22910,8.692820532050458
22911,7.22700965456866
22912,9.58695877398978
22913,3.408691091077507
22914,2.151925991499981
22915,5.657825695777698
22916,3.528491423857003
22917,6.110480444126793
22918,4.653595644254791
22919,2.8230909360618246
22920,8.772492593094414
22921,6.721516940406601
22922,3.353010458521654
22923,6.858158801319198
22924,7.217756479961884
22925,5.544756212884903
22926,3.0006873090764246
22927,5.3196249004986145
22928,8.061672160301661
22929,6.919047427786881
22930,7.234543288296078
22931,2.5658486029074656
22932,5.305238774229751
22933,7.146986820164808
22934,7.040132552351346
22935,8.38575331346454
22936,2.423417712257793
22937,5.441043631303148
22938,5.284660039450362
22939,7.865794092341026
22940,5.321387543799937
22941,4.348683487155614
22942,8.47285768199172
22943,3.2874203370376875
22944,7.309775959131706
22945,5.033506400332192
22946,4.529233863176121
22947,6.149273248058933
22948,5.601539169824132
22949,5.054853229900798
22950,6.057714152230744
22951,6.381520340733436
22952,4.508251967320276
22953,5.383485385872625
22954,6.343525083211058
22955,5.163880101962082
22956,2.766867794998421
22957,3.0242629541040214
22958,6.493677473601032
22959,6.0753442966694156
22960,6.922360781719622
22961,6.294312869648502
22962,7.435956582634388
22963,3.280679474499267
22964,4.2701553091503825
22965,5.252337536951664
22966,4.350925310021681
22967,4.44530202382325
22968,4.141317777844961
22969,2.454784080347061
22970,3.0596387465715558
22971,9.614577459036882
22972,6.050180857755336
22973,4.775927871294858
22974,7.81750218368683
22975,5.214876481069101
22976,2.1058137097939373
22977,3.922612062685774
22978,6.157539927033485
22979,4.39680638926373
22980,7.793399375680162
22981,7.046665465634722
22982,6.919361266466315
22983,6.171418380464221
22984,6.865480373512815
22985,5.488880470001429
22986,6.336089844317241
22987,8.622944706182114
22988,9.606519310664657
22989,5.977674480143274
22990,5.564589494979482
22991,7.466395027926931
22992,3.57662393528567
22993,8.156395777064045
22994,3.410997723069659
22995,4.6522228147441425
22996,3.4098560574690437
22997,7.6302937574839556
22998,2.8938363503336126
22999,6.5180579496734214
23000,1.9820887666450242
23001,7.021110699431479
23002,7.84894682647945
23003,6.1764098051622165
23004,9.286688366654888
23005,6.481642376395221
23006,2.5212587527101094
23007,8.414360754055021
23008,5.185192567482839
23009,8.377164544356976
23010,5.572398693899532
23011,5.442576004457414
23012,5.122960460425788
23013,5.971034817807414
23014,7.866402124623253
23015,3.3085659242745002
23016,6.893149159721555
23017,4.85656218833621
23018,3.763609476331588
23019,8.563007165906624
23020,6.272865493871413
23021,5.612895228599327
23022,4.842299180136172
23023,5.922060912576311
23024,4.918108245102964
23025,3.611688881044752
23026,4.613095594240159
23027,4.232006979540634
23028,6.374768027941605
23029,5.3489018330991795
23030,6.833520760783284
23031,5.755283592612813
23032,5.611770721413342
23033,4.096418393415139
23034,8.470049465219473
23035,5.366011893031777
23036,5.589798468939364
23037,5.323559894229871
23038,7.654724919599433
23039,4.913020823701074
23040,5.75284475628979
23041,2.672416528171407
23042,6.241919325628817
23043,5.570583687467689
23044,5.966910294340992
23045,2.677264152937341
23046,6.5266419135980955
23047,8.08947652041227
23048,3.227504669360263
23049,4.812868622081261
23050,6.436952993496537
23051,9.77469231580686
23052,4.114260394039442
23053,4.9304906972499305
23054,6.7949821761088804
23055,5.90494065434601
23056,8.117352243217118
23057,5.753559702684374
23058,8.765880038251739
23059,7.374991037196037
23060,8.305907403234281
23061,5.344289529155736
23062,6.691545958615456
23063,4.170051692737394
23064,6.499996106373626
23065,6.697560051634149
23066,3.7745780231339023
23067,6.210102647842156
23068,3.7206153864650684
23069,7.065126437900441
23070,3.660009638671508
23071,5.635743066453372
23072,8.400229013389627
23073,5.484049812755422
23074,7.484033718340632
23075,5.625866768926371
23076,5.712314477449222
23077,7.877658673896455
23078,7.056219623301255
23079,3.327556627414244
23080,8.549619699114892
23081,7.5273315478829925
23082,6.49144615214688
23083,6.568043506144914
23084,7.350183518481544
23085,5.786005083770715
23086,5.538544100794434
23087,8.642870841386054
23088,7.406361177891353
23089,7.352683262510475
23090,5.247740021021243
23091,6.292764885439881
23092,4.909693734916191
23093,6.528458755303624
23094,7.221989513611427
23095,5.975408519144125
23096,8.586069703417111
23097,5.262550621771246
23098,5.303255856845517
23099,8.419176932847687
23100,6.326051494960976
23101,7.698931158768703
23102,1.2921201248086898
23103,8.07600653493777
23104,5.361839726378941
23105,5.356071976991287
23106,5.389378177842033
23107,4.782624125647945
23108,8.735972100864702
23109,5.3477611646920264
23110,2.8793510674976344
23111,3.8586339574949156
23112,7.190246022087883
23113,4.503366940299586
23114,7.162980631885595
23115,8.22244386940862
23116,0.8521824656518021
23117,6.8378281527616105
23118,6.776275620031982
23119,7.651470742116328
23120,8.84829812469749
23121,6.909076969372507
23122,8.18383006196346
23123,7.839862434458904
23124,5.0178670416567765
23125,7.170125755599645
23126,7.875903840774704
23127,5.087453959070328
23128,7.805265949445633
23129,6.095330466337281
23130,3.4332457334545947
23131,5.4532727789868565
23132,7.570785659397013
23133,5.194358579173869
23134,6.230080588652297
23135,5.556059203236408
23136,8.061179548122132
23137,5.11024009518831
23138,4.15519456528824
23139,8.523048533445687
23140,6.458786622943116
23141,5.648122755666074
23142,4.431802682807463
23143,4.131029770739645
23144,5.141926111643833
23145,5.328958815053831
23146,7.35453078280984
23147,6.700671022618674
23148,4.228208363315894
23149,7.110928392711575
23150,7.106998543906084
23151,7.063106306497479
23152,5.66089861658046
23153,4.2914713709998145
23154,5.008242194424403
23155,3.507232404077691
23156,0.6302683655725551
23157,5.90482940902069
23158,5.640486705639272
23159,4.2828296257445295
23160,6.892897646949014
23161,6.248562007007206
23162,2.2619080351271252
23163,7.686813575831614
23164,3.5172561316297837
23165,6.009701825576479
23166,8.660809985743207
23167,8.570143537737756
23168,7.294429920755343
23169,7.055309620098869
23170,6.5924993922053785
23171,2.788569183826576
23172,8.114642147289073
23173,7.057515801641968
23174,1.002560998046243
23175,5.670736771975617
23176,6.196019988514982
23177,7.6223402509135
23178,8.88363791563318
23179,7.03022809457717
23180,9.403086519371724
23181,5.868542697654944
23182,4.389087369146098
23183,5.077183516634072
23184,8.410973416666762
23185,7.278849206425972
23186,6.89862948478142
23187,7.2271397075221575
23188,3.4414068898763386
23189,5.523638802192368
23190,7.468341434281595
23191,7.86749320280025
23192,5.649479189280586
23193,8.542851355879568
23194,5.943016347931768
23195,6.294483797735506
23196,3.96863804828585
23197,3.980193891993248
23198,6.873816599676772
23199,6.614112648019756
23200,5.5351915731042585
23201,7.309734926027629
23202,4.49221631881135
23203,6.013750207538618
23204,7.313433050745627
23205,5.940427947760891
23206,5.256891472730071
23207,5.910743305587802
23208,2.4355517879785924
23209,5.201625089534131
23210,1.5596977007412407
23211,4.100962932422464
23212,6.771019674510605
23213,3.172572030221447
23214,7.7127752809959205
23215,5.424160211597667
23216,6.98016635863763
23217,2.997948765152718
23218,6.7460832625235545
23219,6.7071956948613645
23220,4.578114230707146
23221,4.79367695142724
23222,3.9944759100979366
23223,4.096772679355755
23224,5.182789974088393
23225,7.303386148061624
23226,7.511388421808616
23227,6.3722590815149855
23228,7.783401902402728
23229,6.847928812642447
23230,5.874237051369292
23231,6.519548414258815
23232,7.045130253561577
23233,6.582693809979846
23234,4.613586366071108
23235,3.957891288788032
23236,6.724247580794206
23237,4.758901960187321
23238,6.914576082510261
23239,7.0578848312953575
23240,2.320972756788883
23241,5.6708657936960245
23242,4.96718160377436
23243,4.355234117933468
23244,5.833166216424884
23245,6.147797076348969
23246,5.991603268492621
23247,5.881334848079026
23248,6.946277689914675
23249,3.9659132738699197
23250,4.539892567778227
23251,6.38396784484097
23252,5.987515641627827
23253,5.2682033941316515
23254,1.7501602989272205
23255,8.673306323338698
23256,8.116659941679869
23257,4.353529484984418
23258,3.2291285904691134
23259,9.102597782758677
23260,8.703696829896478
23261,6.061745912988873
23262,1.1945651872436867
23263,8.003082360755684
23264,7.470975772987778
23265,5.325211605785236
23266,6.936443705096933
23267,5.718685707106122
23268,5.959762251689773
23269,8.960900933767778
23270,6.908436507303378
23271,5.733777691801613
23272,6.028558360021587
23273,7.883026861424608
23274,6.93537542934403
23275,8.094739192113924
23276,7.473544521995125
23277,3.436214437101235
23278,3.7316274540945122
23279,4.9099621164781215
23280,6.1189837491964925
23281,4.780962521557762
23282,6.437986734645142
23283,4.921314321994053
23284,4.587416457768692
23285,5.992574507611725
23286,5.032097439459834
23287,5.471307165982391
23288,4.1218501526419855
23289,7.091517731410235
23290,7.566754508278884
23291,6.882959448067272
23292,5.481087502353914
23293,5.7881280743548755
23294,7.843505525867271
23295,6.437458295070092
23296,9.588326378012551
23297,7.0959333437167835
23298,7.875200472140785
23299,7.163801082513117
23300,5.45449811520201
23301,4.628275898278543
23302,7.61754673553267
23303,8.322314166559778
23304,5.591941488210437
23305,4.839172798441244
23306,6.4237193660714516
23307,8.335317957995438
23308,8.762702430587215
23309,5.321991491222108
23310,6.353768924618643
23311,5.323116391653937
23312,7.801879858359422
23313,4.014580998157671
23314,6.321274576988648
23315,5.497494018015471
23316,9.002127176197638
23317,4.931859793291373
23318,8.99695603562003
23319,6.724030182925779
23320,2.6412960208166747
23321,4.090086159383659
23322,8.023507218105454
23323,6.611845620320835
23324,7.6669297627688335
23325,7.47370457868038
23326,6.898538848256291
23327,3.859989806329686
23328,6.018267442833227
23329,4.977634940954087
23330,9.491914602132804
23331,5.667822249568645
23332,7.164222417592474
23333,4.886281678364097
23334,5.387937571057431
23335,3.727350600013693
23336,3.1789187667564103
23337,5.287840723700727
23338,5.869570518387273
23339,8.018689024770193
23340,7.441472122811076
23341,8.802304353929554
23342,5.010344915742734
23343,6.006183790414043
23344,6.107708023332376
23345,7.884315451679286
23346,6.998580423416099
23347,3.2516356975633274
23348,3.9995984505153586
23349,2.0518920691647056
23350,5.344703335662483
23351,5.935128579665979
23352,6.860991256161991
23353,4.599904750565967
23354,4.171160987387002
23355,8.668299257687988
23356,6.1949654252316995
23357,7.018672361800353
23358,9.575346563782205
23359,5.428572773601267
23360,5.454798363060643
23361,7.4826264721793585
23362,7.765155869191177
23363,3.2952656693675824
23364,4.289902666575937
23365,4.224915622758433
23366,7.21386384197962
23367,5.5487026785744
23368,6.405371126817994
23369,4.71440672517029
23370,4.214917978002501
23371,3.60600250779563
23372,6.053742391400486
23373,9.184325791695326
23374,4.196900661472621
23375,4.710914123585207
23376,8.707343483323736
23377,4.471378288728654
23378,3.298564091325546
23379,6.605116938233845
23380,4.133129269980273
23381,6.767728537873273
23382,4.652748627029642
23383,5.425033025616853
23384,7.481299798206782
23385,3.9000020774959747
23386,3.7168740650263166
23387,4.250581144911342
23388,3.4985674297362963
23389,2.4022596390021715
23390,4.760629577565633
23391,7.303305539236512
23392,2.413961527950924
23393,7.5723414350589895
23394,6.76671287639862
23395,4.045174882201658
23396,6.278083943510439
23397,5.946698568053434
23398,1.5095754619078054
23399,5.862391703059303
23400,9.077881325798113
23401,1.588319590295797
23402,6.381785673924519
23403,5.197202831182941
23404,5.967954282990544
23405,4.629461812599111
23406,9.00920170520138
23407,8.748523871395694
23408,4.939514502223464
23409,2.727484785027539
23410,8.845739857591482
23411,6.1747734613885745
23412,4.892792634592865
23413,8.071053658862848
23414,2.0081268239259673
23415,7.449540249732022
23416,6.043724512051996
23417,5.970093964306754
23418,6.517447971923044
23419,3.7672840703266455
23420,6.807670406401915
23421,3.778709395827298
23422,7.217000856461948
23423,7.454056836624284
23424,7.82256103203571
23425,6.7994673501861875
23426,7.992874948174542
23427,9.238173058223941
23428,2.3015877286287005
23429,2.847903316618153
23430,7.473832295910014
23431,5.2398979280884275
23432,7.7012283434918105
23433,3.1082200615723687
23434,5.4640830519189185
23435,6.200641928545009
23436,8.101215279319517
23437,8.611453835430403
23438,4.204418141273784
23439,2.7469071478953055
23440,2.3772558055804223
23441,4.377700912274889
23442,3.9881316895347823
23443,5.785575693931827
23444,5.030086361550925
23445,7.9225905658455815
23446,7.503941649454304
23447,6.7948851975613405
23448,3.6652787090445917
23449,6.236211637004845
23450,7.380767910122463
23451,4.056233051723191
23452,7.221349233766484
23453,4.354042874570407
23454,8.239841609215729
23455,3.7599566157753985
23456,6.465220843276814
23457,6.721206058243643
23458,4.217556176295425
23459,2.2038244916012597
23460,3.6569524105504208
23461,8.914623633796037
23462,7.7108371219205
23463,6.5755827440296315
23464,7.450076819922656
23465,5.997309853271661
23466,8.076967429200135
23467,9.297677405855882
23468,5.751977329634146
23469,4.736528511147805
23470,8.187380465127319
23471,5.264694762799259
23472,5.426820511616177
23473,8.367735043816293
23474,5.707880323332837
23475,4.277830685958801
23476,2.0315180777958863
23477,6.696495338786553
23478,6.5938248468854095
23479,3.7043674387885344
23480,6.338653707815114
23481,3.69148838378966
23482,9.273790981676292
23483,5.6992746525019555
23484,7.830590769533212
23485,7.6471335281565205
23486,7.6739161948792685
23487,6.664091412862008
23488,8.894514428132526
23489,4.653065924980187
23490,4.006307993252726
23491,4.045468929756334
23492,4.725355238132709
23493,8.284282665545017
23494,3.5269119722727806
23495,5.11467463327646
23496,7.00141157985873
23497,3.6536721028759693
23498,3.7365430765510896
23499,5.399004847888571
23500,2.559467256302329
23501,7.339043775294932
23502,10.0
23503,7.072958129826242
23504,6.601098386065273
23505,8.265975353868098
23506,6.764667835789465
23507,6.231876430001566
23508,7.809827018685718
23509,9.936692054020192
23510,4.093780823343199
23511,6.736584183470009
23512,4.5474123678159755
23513,4.247398601407368
23514,6.617284885125257
23515,2.638101094117548
23516,8.4151206761385
23517,6.589985352667819
23518,5.02432560589541
23519,4.83830958268284
23520,6.463193097508457
23521,8.269272266951958
23522,7.191158586660827
23523,6.210574684680656
23524,5.903155758079594
23525,3.8030063667562657
23526,7.904283472279525
23527,1.6135439146512816
23528,3.34840067006407
23529,8.417515106742322
23530,9.158187456578162
23531,3.904377986496878
23532,4.982940037993587
23533,6.741205010448369
23534,6.394807180273352
23535,5.632152802389842
23536,6.704931832215487
23537,2.0598480993683634
23538,7.209667145528639
23539,2.1154260956231496
23540,4.793279502602357
23541,4.235953841173439
23542,2.8799005644984956
23543,4.907896425652826
23544,4.428421162194077
23545,6.270781791147224
23546,3.1388160662792326
23547,8.74295347359227
23548,6.39787418735942
23549,6.503215380872582
23550,6.54005542520918
23551,5.4306247428787175
23552,5.737864176602408
23553,5.454672873380207
23554,2.9280166450060827
23555,5.565104650358164
23556,7.114050843231632
23557,7.185212539834997
23558,4.260675438895823
23559,9.057908056670547
23560,6.891522767299573
23561,8.966233510162017
23562,5.638758574577593
23563,7.5860520231540605
23564,4.560290473021087
23565,5.172382773967259
23566,5.747995051723322
23567,4.042480382015633
23568,5.473499774917483
23569,2.892729206543548
23570,7.302923707935213
23571,5.700909822675951
23572,4.831891368873375
23573,4.109417580286532
23574,4.558025131193223
23575,4.793241398749309
23576,6.599955731148329
23577,6.818357455513497
23578,2.8820360215561256
23579,6.875487863240095
23580,4.513796921586148
23581,4.522586530957417
23582,6.205400683957693
23583,5.798589225885555
23584,6.5482173907710255
23585,4.5154202185335635
23586,2.961743462633151
23587,5.412577085832659
23588,3.7467847308453144
23589,4.767614066389612
23590,9.362841838834646
23591,6.125007847076958
23592,4.362422428854803
23593,4.754817777364077
23594,3.357553941433201
23595,7.138964038440162
23596,3.175494313331573
23597,2.2553834031225235
23598,7.6463451707068115
23599,3.132962774434537
23600,3.186973293496774
23601,7.589726853375136
23602,6.415597464124343
23603,5.998890226849933
23604,1.9280747907273434
23605,9.781817424380769
23606,4.19515086639155
23607,5.1931501263188835
23608,7.323557327636078
23609,8.375542165672838
23610,1.8621939086088302
23611,2.4967868386790744
23612,3.557832668186172
23613,7.521664894010305
23614,6.45529168468463
23615,2.5873818403069517
23616,6.705733754182374
23617,6.768742103948769
23618,6.157315241159898
23619,2.420898701618216
23620,5.209503074169699
23621,5.255099469546848
23622,6.60740423484792
23623,7.106740374386583
23624,5.1889252663777565
23625,9.122701280883328
23626,6.315654520458951
23627,7.110426764914672
23628,0.8881953457268487
23629,9.131963607411343
23630,5.870384054846703
23631,7.051953435055434
23632,4.552467340199062
23633,7.584059836675124
23634,6.269246015258072
23635,4.4188067510933395
23636,5.4279185942529296
23637,5.6236412328446885
23638,7.482688759181273
23639,9.362213873306334
23640,4.613245800067759
23641,8.623628584117943
23642,4.796231281497458
23643,4.6732874171965575
23644,7.829574807968125
23645,7.379900339733453
23646,2.0320182668628872
23647,5.9269032653855005
23648,6.361506030659495
23649,5.339417255411799
23650,6.803879992421966
23651,7.4339642973942235
23652,7.0762731553762785
23653,5.950392961645025
23654,4.766425990633405
23655,7.003041452634726
23656,6.747921171867071
23657,5.122228643373999
23658,6.243712236203305
23659,5.3939389885080535
23660,6.534897252956972
23661,6.829894840904431
23662,6.63781937390954
23663,5.363431670019935
23664,3.061760272931807
23665,7.293402186330223
23666,6.413083979063351
23667,8.33227195401175
23668,7.139173101997263
23669,6.835168912960189
23670,4.843548261771042
23671,6.008617665711027
23672,9.136621741664975
23673,6.986791357875741
23674,6.550216806535126
23675,4.7348462771179385
23676,6.371372542558537
23677,7.972426454521589
23678,6.243561488168953
23679,10.0
23680,3.7756593516567114
23681,6.023700043285676
23682,7.049713535729854
23683,5.841693358992526
23684,4.483233378999155
23685,4.7023587704033245
23686,8.321569158536876
23687,4.367977306580224
23688,6.45988802896974
23689,7.0508344011351
23690,2.552569074117305
23691,5.97603698828464
23692,4.153479343009278
23693,9.498873692773572
23694,5.966274407398503
23695,2.5559443665487303
23696,3.875045311055777
23697,8.271215604708003
23698,7.32580382135516
23699,3.696425669199197
23700,6.672152965846577
23701,4.768481561837917
23702,4.900872209567838
23703,8.016786361764957
23704,6.642841925020679
23705,7.29639814685609
23706,5.723374930636405
23707,7.1132045358843685
23708,6.22031576016457
23709,7.001464256055733
23710,5.468002005026482
23711,1.6334357078558488
23712,6.814241100550866
23713,5.679588004338135
23714,8.03436595385507
23715,2.954502272983932
23716,3.457938616694358
23717,8.521379757741675
23718,4.983763017116259
23719,7.660867826899679
23720,5.564204261216799
23721,3.0450189074610394
23722,1.4473397097530494
23723,5.2862951026940035
23724,4.761570391626318
23725,4.6747228355758565
23726,5.747356558750328
23727,5.351527285597196
23728,7.054065327178854
23729,9.029034169287094
23730,1.517361647464292
23731,3.9417583557796947
23732,6.085427184666777
23733,6.373723877651007
23734,8.776365115626003
23735,6.289356310365703
23736,3.2384457844900876
23737,7.561867377103978
23738,4.846406683242553
23739,9.000077338540635
23740,8.90467065498113
23741,2.5127526125193524
23742,4.084027649613086
23743,4.8584118686574
23744,7.496788385906899
23745,7.8225837237872335
23746,2.0690983966978242
23747,8.297965979668449
23748,7.714579595610035
23749,7.632953610218614
23750,5.0418925635342084
23751,4.460880699905456
23752,5.961043981937606
23753,7.886058791108149
23754,6.526756695068306
23755,7.384248792509014
23756,3.588261414891088
23757,4.043684129045154
23758,4.774686879073224
23759,5.522882818188107
23760,7.784493708109826
23761,3.135305710916283
23762,5.145075199156161
23763,4.774236330050088
23764,7.93199669909879
23765,4.906891673553412
23766,1.9342236089493747
23767,6.370235123313627
23768,4.310465131182958
23769,4.863890643618292
23770,2.7238069305439567
23771,6.566765196415807
23772,4.236871790125336
23773,9.808980840109207
23774,7.674195963511078
23775,7.5470540202070895
23776,5.643868667507582
23777,8.226254323071982
23778,5.740914898418369
23779,3.494346689595276
23780,3.1556814378400153
23781,2.7901187588247334
23782,3.0984205830894305
23783,6.798205101667156
23784,5.233885523615165
23785,6.896350591799128
23786,7.022796354799822
23787,7.818765288172056
23788,6.858112901182601
23789,6.691352931527013
23790,3.4147801092053798
23791,3.084512750794152
23792,7.211845417872218
23793,6.242558436242278
23794,6.651943177478617
23795,3.4231531996067956
23796,5.444099963929588
23797,7.1189026184282955
23798,5.976751203739575
23799,7.576172143634434
23800,2.64240870830693
23801,6.911903196195534
23802,6.376780104384522
23803,4.814665497706999
23804,5.0278986532069645
23805,6.423543988672216
23806,6.056756643737072
23807,7.474555665327419
23808,3.0618029622568987
23809,1.2823441031851415
23810,3.755902315025013
23811,4.851544791424927
23812,2.6893691677182705
23813,2.1320786627575656
23814,6.731535065253124
23815,5.726447130761158
23816,3.685994094244674
23817,4.045539290000926
23818,5.963143866874468
23819,8.69995388446755
23820,9.038535756652255
23821,7.988520601970956
23822,5.784690605497211
23823,6.963810696099518
23824,7.96643020890207
23825,6.46243969369514
23826,6.103567167548929
23827,4.068477941684172
23828,7.471178513454663
23829,4.449155917067624
23830,6.542061433209012
23831,0.24623199754046696
23832,3.4736018317768154
23833,1.7208199789795415
23834,8.246570626305754
23835,2.5411951575200384
23836,6.065495893640446
23837,5.573020731300919
23838,3.3645859557607913
23839,5.194673415501288
23840,2.5143455600337306
23841,5.114163643795609
23842,6.335285391439254
23843,7.359179918858724
23844,2.258640181790048
23845,4.142104925887826
23846,3.799574480672942
23847,8.931917721363403
23848,3.7375418395469273
23849,7.6552285785683365
23850,7.545129255348524
23851,5.138526205314267
23852,7.397183675779869
23853,8.878866183917621
23854,3.89739274133619
23855,6.787847878721077
23856,7.334193029540025
23857,6.102105555986724
23858,3.067985006354137
23859,9.23460520705947
23860,4.731001466566059
23861,8.372962612843693
23862,7.695413380744663
23863,8.111347865676699
23864,2.321116280250869
23865,7.2667664580624045
23866,4.207260142644955
23867,4.1614296878510215
23868,3.854517144401592
23869,5.632663386926693
23870,4.568745791985784
23871,10.0
23872,6.198570228192804
23873,4.587163457250976
23874,4.0045974759373655
23875,6.738109613709316
23876,9.396233417436862
23877,6.72970347301355
23878,7.447354361051766
23879,5.186163906408986
23880,6.553273968614858
23881,1.1495889041806922
23882,7.7585150107729905
23883,2.357874733870629
23884,5.2464639777673066
23885,3.913904881671407
23886,7.30587436161244
23887,6.265065392758403
23888,5.848302634133395
23889,4.856060247227367
23890,8.711209507039264
23891,6.9021840643460415
23892,5.842714483740802
23893,6.060563624783193
23894,3.0839756750891065
23895,4.217787165699765
23896,3.1812248991208185
23897,6.733591575453616
23898,7.380747459844345
23899,2.850005726359935
23900,2.4469924020493163
23901,6.832263074702145
23902,5.3686855516694365
23903,6.735503590348129
23904,6.541823814735623
23905,8.213286944449683
23906,7.674956228893796
23907,7.013778501273292
23908,3.626287111058685
23909,7.169910460342797
23910,7.3136774050661755
23911,6.235508345096695
23912,7.405416772498588
23913,6.117909364961501
23914,5.778056771756143
23915,8.453527323942303
23916,5.330332513071194
23917,3.0423941410653463
23918,4.9751137334198
23919,3.989596793325347
23920,8.71353015340496
23921,7.474668352606687
23922,1.1833729910413544
23923,5.214591747422817
23924,6.6314266207378125
23925,3.9218011014942955
23926,6.922879068709357
23927,8.253397754480414
23928,1.2303648803095282
23929,5.068627362578001
23930,4.015334739857201
23931,3.2385536618355015
23932,5.027592388864046
23933,6.08122361160575
23934,5.9705070389865025
23935,5.74017282380537
23936,3.7325738464284184
23937,5.397227528978197
23938,4.793990960571729
23939,2.576137409031329
23940,5.821013663343948
23941,5.478955565411713
23942,3.6678061633088648
23943,8.462802779175616
23944,7.2656409588435045
23945,5.751340573025613
23946,8.551028484288064
23947,4.949242327769877
23948,4.232847292525019
23949,4.831952698722411
23950,6.689698627415154
23951,5.159655019362965
23952,6.74058602592854
23953,5.516065521159121
23954,7.977634319754459
23955,1.9539991982536957
23956,2.616461198681179
23957,3.9744229554147608
23958,8.052680122298224
23959,9.9953459857066
23960,5.047394401676345
23961,6.238779735266252
23962,4.862552899815308
23963,4.156150646288757
23964,5.782867176404352
23965,4.477748757708777
23966,1.74016977181106
23967,6.357132857127164
23968,6.723923780542542
23969,5.787412146113048
23970,4.923772589637331
23971,7.013656485355665
23972,2.9203313343293433
23973,7.525141820365032
23974,7.22555747463182
23975,8.632666859627466
23976,5.315828268475901
23977,8.389736249160007
23978,7.385072685810443
23979,8.375832163885077
23980,3.720666835379619
23981,8.46511758529522
23982,7.0361670684487105
23983,5.190533574535541
23984,5.1491510132304805
23985,7.948172850860725
23986,6.200237928357784
23987,7.108581558395719
23988,6.176499731981534
23989,4.959989513778692
23990,3.9261840279255127
23991,6.206545560937947
23992,4.180976257867151
23993,8.814556008907104
23994,5.318845382839596
23995,6.36083143480148
23996,3.4291409000712894
23997,3.592319326459251
23998,5.343597964635601
23999,5.218247570121974
24000,3.0252914519947613
