id,bilissel_performans_skoru
1,5.837882299805701
2,6.839399593576075
3,3.1825545740818058
4,7.189681321941253
5,3.6090349866563787
6,5.565543005964702
7,3.735670674631713
8,7.503378878112645
9,4.01136598223937
10,3.9577953197073703
11,8.488489043378097
12,3.9810702254909365
13,6.5733052208118545
14,6.920427822651275
15,6.246474878683768
16,4.268806608731414
17,7.333236890757175
18,8.020378437099742
19,7.189506722611926
20,4.780733066730984
21,4.253723008486332
22,7.098930333859144
23,2.6683670771875807
24,5.131624603290354
25,7.060268416313418
26,6.673948591757406
27,7.254507147693214
28,8.06247278280041
29,3.9332767780249647
30,7.6767000620331896
31,6.584344214612182
32,6.5426020361342845
33,5.426099689860369
34,5.551460485997957
35,4.5504303145408675
36,5.328903679787125
37,5.015286238051829
38,5.80549214046979
39,7.525836335119034
40,8.00168646534261
41,6.531184218722813
42,5.966762076961619
43,7.131613409493424
44,5.501686464581049
45,8.77637635627759
46,1.772864949600865
47,4.80478044418436
48,7.003915883238223
49,4.994758851641453
50,7.957770952945731
51,7.163999858028719
52,3.2049394764227945
53,6.711977256147779
54,7.6775197585387405
55,4.337039784338713
56,5.93196637293938
57,2.631363985873791
58,3.497444713866631
59,4.693725762492365
60,4.193998531752854
61,8.720136330721955
62,8.401724129237872
63,7.411191740951084
64,5.628586348553918
65,4.537937548107832
66,6.083373596578389
67,4.954367667332804
68,5.30695190155356
69,7.641138135001692
70,3.003289618768559
71,4.16324246483641
72,8.561251706120837
73,8.008302882212217
74,5.95786278597703
75,2.652136352880083
76,7.578009086588944
77,4.0775624668308765
78,3.684792450044289
79,9.077701356749113
80,5.944715294181386
81,4.20304370393401
82,4.90734371507917
83,6.238782377928443
84,7.420707616689742
85,5.70196220401798
86,7.2575977994458105
87,7.54765678318506
88,7.670789510354999
89,3.212782602693523
90,8.356335094282642
91,4.447211131779275
92,2.878541674280789
93,5.87807963436887
94,7.722973284260132
95,5.704278664453508
96,7.767486686113786
97,4.591984439543761
98,4.046005323206864
99,5.953336131184493
100,8.890819910797179
101,5.488351623836953
102,6.005654567135689
103,5.189614913215527
104,3.82407827612624
105,6.139913870102659
106,5.64509736016977
107,7.9674416571361775
108,8.646506770624185
109,7.786818580986128
110,8.018233430365648
111,3.9046255424594243
112,2.867908316453544
113,6.797931293320584
114,5.586685690235015
115,7.109908133181119
116,8.505151853453109
117,7.813955556924972
118,7.687622824246916
119,8.520699797291918
120,3.667724836883309
121,1.6841942668745418
122,6.273596493231309
123,7.544573618581092
124,3.8812648035170243
125,3.1657642907340606
126,8.106628664737626
127,4.22506921987413
128,7.023918023285634
129,4.538001310136084
130,8.377832517937989
131,5.805876089446311
132,6.116168307112305
133,4.5686075574214176
134,6.912673977437595
135,7.342720482122596
136,7.353440606839533
137,7.444375112691327
138,6.68377171007022
139,4.423882067150063
140,6.47853840949195
141,7.452641173482609
142,4.99887261302787
143,3.6413314806709334
144,4.939619550082289
145,5.97747220494186
146,8.157512991777473
147,6.251680166804252
148,8.20958621789118
149,3.0868450995994072
150,6.6824979845601575
151,8.038063057595897
152,2.9723525587352237
153,5.130965770327677
154,7.891016636077378
155,6.010398672430434
156,8.453545717232679
157,4.165205035910137
158,4.930133717425316
159,4.933158540457731
160,4.031010239851737
161,4.385555585863198
162,6.417362879292055
163,4.606379736707577
164,4.0267840933843075
165,8.445038856845002
166,5.794704958198497
167,8.246977075543988
168,4.2226732688463535
169,7.8060004927113935
170,7.674214338725556
171,6.691539192813863
172,7.805777718899436
173,3.2530180108560014
174,4.747884685514105
175,8.300275281127604
176,5.884237652991812
177,6.097051691068307
178,5.7074615342524195
179,1.5086958476162284
180,6.331265044136973
181,3.6236893197563065
182,3.2442325948218773
183,3.738370979445365
184,4.215624442456798
185,8.855855702388787
186,5.883857663646113
187,4.5189720586210935
188,9.18132639042754
189,5.611447935342009
190,6.215551125147585
191,4.367303505704204
192,3.0151296982182307
193,5.428446170282978
194,3.6911208458225326
195,8.906305617782545
196,7.972724701954859
197,6.754401919254794
198,7.431298692483004
199,6.7385412914780725
200,2.9876473490850843
201,8.656545704431627
202,6.761761989837987
203,5.659919929093645
204,4.547532780600014
205,8.860606710905099
206,6.233316191364013
207,6.387130341270734
208,3.834942863321349
209,6.029197990014486
210,6.337737762913998
211,4.4905639881563895
212,8.427573328818333
213,2.4949098070097526
214,5.275021342287521
215,6.501220184796639
216,9.001702142525588
217,8.189401716370895
218,4.255744549030224
219,5.6672713193655815
220,4.901027706006576
221,1.0285130705559653
222,5.427794212196109
223,2.882424067360561
224,8.085791503444694
225,5.972773757213167
226,8.149082028285198
227,7.5171058420097046
228,5.39825287857675
229,3.465031517204825
230,2.8674231933425602
231,7.269214845177782
232,7.270486608577256
233,3.8609010229380964
234,1.4501534717516489
235,6.841196553938902
236,5.233465113825272
237,6.882592308470092
238,5.7904305986000955
239,7.707014096782733
240,3.9935867415159327
241,8.808281979134247
242,6.73766451189165
243,4.666803690681063
244,4.495357251971766
245,4.286443242828748
246,1.7781171792174872
247,7.403031183228408
248,6.290650020524715
249,7.173380695215673
250,8.834292152675204
251,6.14441493432768
252,7.116841359419013
253,7.164945403655993
254,5.4919802867704695
255,2.0730667743503157
256,8.783163336316157
257,4.500337034037476
258,5.16978791537991
259,6.587277309855801
260,6.549900619697698
261,2.0039289585062168
262,5.651211298130851
263,6.168686360365905
264,5.085430958396932
265,4.327184710694945
266,6.00162838044556
267,4.271186864119497
268,8.729014889998204
269,7.389700186542912
270,1.983251058404008
271,4.990592834462549
272,9.466672194638496
273,3.701916200423647
274,5.56503395959605
275,9.274272993877366
276,6.19389478968936
277,9.111414453821938
278,5.274976643179473
279,4.293311122634431
280,2.419058367874246
281,5.214141974376622
282,8.85678607022033
283,6.215026120839793
284,6.226609159757335
285,7.75598376907436
286,2.908331042479384
287,3.103178259272531
288,8.07157054581236
289,3.484177002828861
290,4.36798791525891
291,3.125689405686656
292,3.894238502743346
293,5.895528598265421
294,8.775419236250949
295,7.382011347176157
296,4.944522712016342
297,6.247734109745418
298,7.455226339454069
299,4.668883790864497
300,4.3949713747495975
301,8.681345006983811
302,3.403782736233061
303,7.715804487325616
304,3.62744420169575
305,8.770457739143351
306,7.950613682071472
307,7.354916104801815
308,4.68698326705484
309,5.161090651170297
310,4.40385736557065
311,5.6640213013748255
312,4.932033451795666
313,9.025562449852352
314,6.727981494763071
315,5.447942922359871
316,5.915488443155966
317,2.3340741800218465
318,5.251657271778387
319,5.153110413612653
320,4.174471678081208
321,5.280596653730855
322,5.428795097098715
323,3.7672138819717467
324,4.949942940448177
325,7.690362274411048
326,7.26528446548739
327,6.613198948156879
328,7.001953809183599
329,3.7418453623135117
330,9.06181591772741
331,8.96306652439941
332,6.7383973190152755
333,5.095786527463926
334,8.92871394887963
335,6.862110721987475
336,5.783757871143589
337,5.188693595413417
338,7.707161979551365
339,5.120294063589657
340,6.767727170614894
341,3.8594878199862617
342,2.4956174951084193
343,6.855034577887472
344,4.719847237380092
345,5.873338910740418
346,5.820382028297464
347,5.730563911397804
348,6.483736007080481
349,4.709020245627144
350,4.127151040568191
351,6.496176528990616
352,5.102791228344695
353,7.58939382085309
354,6.206142808149194
355,3.4594702592733806
356,5.058447749780788
357,6.6003884973422355
358,5.422942197172021
359,3.469528694296055
360,8.365493729325891
361,6.88350203223409
362,5.07353751993663
363,1.7840262300337502
364,3.129349013772396
365,6.435909168971494
366,5.863377428427509
367,3.8321682114245776
368,6.799612473985102
369,6.58243982182575
370,3.676072678782563
371,8.62080575982356
372,6.401071787974537
373,6.627664705654341
374,4.366310403076137
375,6.6128384820085255
376,7.616256085787899
377,5.9019416149840085
378,8.382974253844951
379,6.797435549446243
380,8.77099369852374
381,8.720738506558268
382,3.354552912027909
383,3.7509935903387475
384,6.9774531240028885
385,7.725637109732698
386,6.624891436779296
387,9.250649029911008
388,7.880150821991652
389,9.685901030433689
390,6.329941221609846
391,5.355595663024792
392,4.026902612408213
393,4.071792295433273
394,8.781006655835506
395,5.180338690988138
396,5.527221382965588
397,5.757677564288123
398,0.7306850640516689
399,8.657497268813204
400,6.793088757733623
401,7.760446851049938
402,3.12668964063306
403,4.303215391144407
404,6.734461600058701
405,8.209656886129727
406,3.930340122312124
407,5.6682270434565885
408,5.804348423916647
409,5.959507297217871
410,5.226700900007354
411,4.7381207070851366
412,6.503023840644142
413,5.483003744408194
414,6.370070592212275
415,5.032369370420463
416,5.053468866619107
417,5.038918561771531
418,6.065943404621741
419,6.114077478534217
420,2.7812389470666434
421,4.0480400996119545
422,6.510945350990313
423,4.445742332973543
424,3.034334015573987
425,5.984716799540859
426,4.815969879941959
427,3.252806809959706
428,4.164527857232294
429,6.385681392460487
430,5.9639077836302965
431,7.703435864645207
432,6.773571016203978
433,7.87268012202689
434,4.42989568755884
435,4.766238098442472
436,3.8291564540806444
437,6.3642341977295835
438,7.5869330996765925
439,4.002970672954279
440,7.751758129578451
441,7.60646149222819
442,2.7385797888807444
443,6.206938001240614
444,5.066343092141204
445,2.2996902923733167
446,3.6636507850624453
447,8.176862880663384
448,2.428434493401872
449,8.808119126671397
450,6.114435627600827
451,7.668543181394227
452,6.939582691656786
453,8.488119701153673
454,5.761232441840042
455,4.440659027442447
456,7.795379934807733
457,5.340381072775667
458,5.121238253756802
459,6.369706678908243
460,6.679072207040128
461,4.047770593213044
462,7.674499705153753
463,8.741840042493376
464,4.91439515805809
465,5.521423809612136
466,8.32890045433105
467,6.712715077161305
468,5.214170040575978
469,5.203950076497525
470,6.627583766542583
471,5.925008865382734
472,6.804116090400422
473,8.661150636190714
474,4.366232361561048
475,4.327988858944351
476,4.789931526930664
477,7.4579435060754
478,6.540203366000041
479,8.101328811595478
480,4.463912736968815
481,6.512522829699145
482,8.417303443968802
483,4.169962728364872
484,5.919432463546751
485,8.232140159224492
486,7.522098052506494
487,2.327337734363802
488,6.543127357465144
489,6.553324620434878
490,6.081375304643822
491,9.750001832692327
492,2.8543403209574723
493,6.261542084951933
494,1.3549018919540194
495,6.414906740355059
496,7.264561234364554
497,6.812780419499264
498,7.325219340627279
499,3.7611212169095998
500,6.650231202290849
501,4.943266285280264
502,4.8003315311290455
503,8.436712555028311
504,5.1008046687109205
505,3.3506409007900895
506,5.060111185315356
507,7.430354243072354
508,6.5883995996087705
509,8.42334738365046
510,2.523868443522384
511,8.458477882230605
512,6.728157352479321
513,4.459225197121039
514,7.079451070800595
515,5.087455561044307
516,8.745885204964413
517,4.725265501579595
518,6.391306671228259
519,4.154328800269778
520,3.5847324851539306
521,7.835985133654104
522,5.586387409444562
523,1.4731849440718476
524,9.082134681470665
525,7.341762531208366
526,4.732525937550925
527,4.926439924377419
528,3.1969980483500624
529,7.797309689612647
530,7.747050576719989
531,6.177140811131636
532,2.035879377745066
533,9.01005488732819
534,8.604823304677764
535,6.674396449683634
536,6.104353942245741
537,6.9745288694425565
538,8.762300127393573
539,2.8774463509598087
540,4.258127841652248
541,5.277650572074606
542,7.157103165112909
543,8.216252211950144
544,7.260631464997369
545,9.748715822794907
546,4.543031605348359
547,4.477866255845909
548,7.428897701279002
549,6.7990999930556155
550,7.5609465564853275
551,4.383830423728715
552,7.1774981396837685
553,9.02364548691876
554,6.629459050238995
555,6.927583161261079
556,8.277404327293612
557,5.594430457046449
558,5.229619859977088
559,4.214172254512236
560,3.8747127619829462
561,8.878114683050294
562,7.854677024660908
563,5.903544392961939
564,6.120332096149354
565,4.712348409828001
566,2.8875476982399912
567,7.52020006398165
568,6.539763122774865
569,4.513543445811136
570,8.55148683988681
571,6.458035948429777
572,8.68146928434313
573,4.961967816201147
574,8.908311021633882
575,5.705367799561561
576,4.877299370501136
577,7.777934140452365
578,4.277817055856997
579,6.810394944435983
580,6.496229961875259
581,7.323942251223893
582,4.254765483188583
583,4.967222331578556
584,4.583572018158632
585,6.374580219594839
586,5.939271002395249
587,4.484151278246655
588,5.0966334041093555
589,5.3965403811711035
590,7.040017986328358
591,4.06190026154683
592,3.387090721161392
593,7.45803373873367
594,5.9026846440454905
595,5.9345286262223516
596,9.715824375695721
597,5.650339611781865
598,3.2405926856082403
599,6.56855361325082
600,8.08849370646081
601,7.790670143415812
602,4.24476332866617
603,5.3205013472547655
604,2.4870404473077494
605,1.9215479888006897
606,8.323871392993887
607,6.565802249926014
608,5.669245357694036
609,5.4373305557476055
610,5.6578895230688735
611,5.191072595158354
612,4.790623555234898
613,6.857606893866202
614,3.8618968477541067
615,6.64336364965079
616,8.110855236021175
617,7.150822855644528
618,7.917771053307886
619,1.686033771532666
620,6.136556581919426
621,4.461146566942931
622,4.768561522764034
623,2.351551187807895
624,7.998014966047557
625,5.5136459495435695
626,4.874652965099379
627,6.388184848084996
628,4.652103148743727
629,5.274415458243667
630,5.3800858699234375
631,6.623976354575174
632,4.259937045722446
633,8.328570363440704
634,5.657379788288524
635,2.4667198203290415
636,4.718883624539906
637,7.992005484788585
638,5.037313765187972
639,4.546157634832874
640,5.695069731398118
641,3.2115011038425134
642,8.800808851477369
643,3.6414090535911745
644,6.2802950406432885
645,5.133089269950513
646,4.335064354022639
647,9.566364085160698
648,6.763018876926764
649,7.472056156066667
650,3.176180630839886
651,9.580586514955492
652,5.751386133513716
653,4.2977019367423726
654,4.937309412167686
655,6.948905482440597
656,5.503385263316559
657,6.905494900710738
658,7.973146895954946
659,6.9284527099350655
660,3.6740906718356245
661,3.361746514806842
662,7.048858090776227
663,7.627836611122536
664,7.676263456445858
665,4.814983736806936
666,8.871157055264192
667,4.34354785986582
668,6.184657525432812
669,6.493463015001763
670,8.605863983309742
671,5.099443248648644
672,7.1124739519776226
673,5.193692513087058
674,8.11614339947984
675,7.1093065980776196
676,8.296771619349252
677,5.577109565196152
678,8.178692403690663
679,3.7064815344748996
680,8.02517806070031
681,2.5646030310371897
682,5.650525990246895
683,3.4757468198774575
684,8.611905323931015
685,3.74574059202294
686,6.7163216707978926
687,5.480166814591887
688,6.019869090658211
689,8.765191693097576
690,6.247997309046142
691,6.649323418285003
692,5.642627350417111
693,5.896725297478499
694,4.967957641480229
695,8.176911397523092
696,5.797734338440885
697,6.912903437110173
698,6.337493376513314
699,2.4007934970154996
700,3.9357478235802206
701,8.410554871943349
702,4.420145540482896
703,4.138288077319126
704,2.749693219312043
705,6.830133948881476
706,7.858417267866254
707,3.413513431434666
708,7.00248315290545
709,7.766549297186286
710,3.576120560100224
711,8.100986633652939
712,8.090969447147428
713,9.191567595020091
714,6.7707144016406815
715,3.9592989282448623
716,2.587109243475378
717,3.8945507056023394
718,6.942630803963016
719,4.403559603943022
720,5.884443520155317
721,6.29558451737277
722,5.750336738025915
723,8.240844161070738
724,9.686773629945922
725,3.536945530138071
726,5.9728517761371585
727,7.011635598142615
728,6.432602768506821
729,6.019883874499103
730,4.597924108778611
731,8.127431385529997
732,9.31276259614858
733,4.165871361377283
734,2.399220365650171
735,7.731729942683683
736,7.784806965057968
737,5.546547035081906
738,5.256089761419319
739,4.634459904934975
740,4.6354383072950025
741,5.413164121199628
742,8.237950443446104
743,7.144520483332928
744,7.781477620690661
745,4.703363862064287
746,2.656390298193387
747,8.654434658752557
748,5.352312804171248
749,8.001632739717895
750,6.344765977715597
751,4.129941295627822
752,7.7540570102098005
753,7.4465290454097905
754,4.59187023387645
755,6.582842151209908
756,8.076528160224685
757,4.087354079120518
758,3.111689545207647
759,4.328913658699982
760,8.349185811297666
761,5.135889770970518
762,6.423381692165826
763,5.569928614089416
764,7.0961515568919165
765,9.042048928293172
766,8.379621715459965
767,7.511661828512031
768,2.94027466329602
769,1.2776291550174628
770,7.249886625509125
771,6.595680101191651
772,4.928522520993511
773,6.50087404516494
774,7.082930329639711
775,4.907237011230036
776,7.184112213663311
777,5.2274369695283855
778,4.44524587602712
779,5.645783706595142
780,4.516504595478618
781,7.430971976110708
782,7.618847978195936
783,8.648281537196777
784,4.4202667559735636
785,7.5314140026417995
786,6.183973372512281
787,5.182423775994876
788,6.993984984012889
789,4.617083211312312
790,7.21368251354815
791,5.837152647058526
792,6.130064728008551
793,8.061636775712087
794,8.528775849026527
795,5.7011928130795635
796,5.08061201390516
797,4.9975143059939935
798,3.3919769501403625
799,6.889199102675789
800,6.031317062139701
801,4.793524868276178
802,6.821820779520393
803,6.786766666690748
804,6.175863728421749
805,5.719558775991571
806,4.802037929745744
807,8.065929559737913
808,3.191635475538157
809,6.399792913151471
810,5.189411129357453
811,8.702395206630843
812,9.059063572768776
813,5.91162275230922
814,7.12935907540643
815,3.3272960641708567
816,5.7294411533718215
817,4.161481674448701
818,2.318316931266604
819,5.276760254434075
820,5.080159128190934
821,7.057995474938918
822,5.930890928824862
823,5.735243444604625
824,5.527639175437055
825,2.757915138304592
826,5.623441229281124
827,4.432007945926095
828,7.101696359720254
829,6.267519286200106
830,4.160313242204292
831,5.284002089348904
832,7.872482616633501
833,5.101793989178216
834,5.619469798017017
835,8.94058802238888
836,3.5674066972226557
837,7.145370832027633
838,4.819429561607094
839,6.890771157004607
840,6.7106931857630245
841,8.352267657654002
842,8.241319918693845
843,7.125463058032135
844,7.583525263505746
845,4.129718716433361
846,5.185202823090301
847,5.255318882065684
848,7.2351141671304
849,3.266551129084469
850,3.2225415255066983
851,8.395687183645997
852,7.4394838015134575
853,6.133462057287419
854,7.420023911065079
855,9.911192407696449
856,3.4857622048307793
857,2.6222420088094935
858,3.6582302027182587
859,5.79093885373943
860,7.994937748552488
861,6.947584511179878
862,6.309162326664833
863,5.971143009692259
864,6.75857972294499
865,5.1161388381898645
866,9.101245941631266
867,4.279631869616639
868,3.7023670295851745
869,3.2239596725500075
870,6.373129257345067
871,6.722620511919259
872,6.902224404776696
873,7.481581066566661
874,4.109991584067815
875,9.236248159710007
876,4.238455826016584
877,7.172716633241854
878,4.707710186129979
879,7.859592360787054
880,7.011854779749227
881,6.603475218213081
882,8.004947035098155
883,5.424257383279679
884,8.015469033353968
885,3.7476004208165072
886,2.49486979366424
887,2.9841220210422303
888,3.8045510759963737
889,5.068469423838571
890,8.09288236848885
891,6.513811264456632
892,7.066171943929173
893,5.53227851188479
894,6.1375697297607035
895,6.5846637475542416
896,3.7133843386636185
897,4.806085912375518
898,4.923468723273008
899,8.464472054087425
900,9.017311277160852
901,6.857984140945234
902,4.419245632232681
903,9.190057821573914
904,0.9607220240093769
905,4.621108629719997
906,7.824651076775362
907,7.483221756535189
908,3.4524783259089653
909,3.809593835847973
910,6.870555242158739
911,2.831942674537923
912,9.61250978272255
913,7.08862677998904
914,5.934760203486304
915,5.503917675537898
916,3.3814825114178695
917,5.821582628234112
918,7.00984217066063
919,4.519861491022595
920,6.301703069765827
921,7.325857738773372
922,7.204864196260436
923,6.938034007150744
924,4.7150223080537375
925,8.35255562383105
926,8.195783079918497
927,7.816967457281704
928,6.203197891561479
929,8.373726278287323
930,5.505654845387777
931,9.107289697541452
932,7.4961913441931545
933,4.0242934390212195
934,3.3660616674776267
935,3.1505568049963073
936,2.9472722566018055
937,7.99661815209368
938,7.106844277795202
939,7.228255406753614
940,3.685683040322812
941,6.8320386454023305
942,1.9643085640242037
943,9.234396323548294
944,5.9395610490194475
945,7.952830415813586
946,7.695116556888464
947,7.9141912095665115
948,9.537177603151322
949,6.08935252199767
950,7.209803702313075
951,5.148549689835878
952,4.423947695396282
953,5.715093076336164
954,3.9874196437049956
955,6.312931962167892
956,6.419276005743857
957,4.119468868590367
958,2.7591564219587514
959,3.7418268995732955
960,4.127542095916099
961,7.732026129102427
962,8.298178240467369
963,4.550982405121233
964,7.8587163352105
965,3.3170652436586043
966,6.517781745226664
967,3.538479026488082
968,5.042380868327948
969,5.524598073629139
970,4.2196142139801065
971,5.407958643699705
972,6.332586685129392
973,7.123589540688051
974,4.347487636401495
975,6.866228255098657
976,5.031928379718398
977,4.890013252438141
978,7.94824356360226
979,5.876219520295684
980,5.306379247444615
981,7.753095582563786
982,8.82196087727997
983,9.204218894776501
984,6.521989039579467
985,1.7946600578942107
986,8.09377244751542
987,8.569579910699103
988,1.6872001770013982
989,4.317190430749285
990,5.054004056743169
991,5.640016546285684
992,4.234467417323058
993,6.68288807887498
994,4.391179393472587
995,7.083711164256727
996,4.4151313195163
997,7.989049046442349
998,3.892653958239779
999,4.40435269087858
1000,6.2522248550760775
1001,4.809724666171304
1002,7.312466595118357
1003,6.9171718758476395
1004,8.056451224350669
1005,4.891455245906054
1006,4.10932336710622
1007,5.915789472047535
1008,7.193605452096435
1009,5.304568371713282
1010,6.422773785973584
1011,5.444033681809864
1012,7.383289787046379
1013,6.097579638078062
1014,6.656403878671016
1015,7.919483754026412
1016,8.76776925055054
1017,8.237363652348542
1018,9.447651468013659
1019,6.3088473709217725
1020,4.854047845561348
1021,3.853130158045179
1022,4.2304236873093295
1023,6.858152104270052
1024,5.2528351306656464
1025,6.335512821130177
1026,7.805580483835298
1027,6.752444558745324
1028,5.646123741307159
1029,3.462990736929399
1030,5.6152166524390585
1031,8.206899175766901
1032,7.7102371402354075
1033,7.975988472387495
1034,7.936709476652131
1035,6.351835463070028
1036,5.0830125676857865
1037,8.083010233908006
1038,5.492008424883862
1039,8.142235596196349
1040,7.655855912297834
1041,6.104155121714069
1042,5.768613180684126
1043,6.65750423455792
1044,8.414016068747399
1045,5.609124460391192
1046,5.538458829074503
1047,6.236084932014745
1048,3.4321350785336877
1049,4.409406124234867
1050,7.077515937259317
1051,8.295905577440852
1052,6.054470978350611
1053,3.1400436897634894
1054,6.268450121318596
1055,3.510793921576346
1056,4.413870257515387
1057,2.9224965000276923
1058,7.703969396113893
1059,6.526466936074763
1060,5.110560969792785
1061,9.29467417634569
1062,7.153341301553341
1063,5.124667543873652
1064,6.072859019170179
1065,5.451975121088867
1066,5.442403174540799
1067,8.444938834538656
1068,7.702394314969643
1069,8.561457691679779
1070,6.223369002209779
1071,9.584118295719312
1072,7.3225916751926885
1073,5.90505097790089
1074,8.909046298721886
1075,7.691507625824023
1076,4.685076584739303
1077,5.444975773720289
1078,7.65809474586407
1079,3.823059831815035
1080,4.5400666700598284
1081,9.677507850666371
1082,6.705049182997503
1083,5.08318558625515
1084,3.149783329819107
1085,4.817480418212912
1086,4.33695302947814
1087,4.0494013694068975
1088,3.2731390310186494
1089,2.7727340563008243
1090,7.944705171416254
1091,3.6555223936896066
1092,5.6335443316206515
1093,6.259772156581537
1094,6.932848243653668
1095,6.196392916538343
1096,9.059880782239341
1097,5.81785057530042
1098,5.185082223055544
1099,5.646919684752881
1100,5.268473044102587
1101,5.620855341167435
1102,7.246400908190726
1103,3.8929670504759253
1104,5.364036765251653
1105,5.925994631256643
1106,5.116799318289724
1107,8.275417400058908
1108,5.831099150244451
1109,8.141169367996769
1110,4.359059569407287
1111,3.3173534755787233
1112,4.32604042696559
1113,7.121278376805563
1114,2.8762737995799506
1115,4.843104822949746
1116,2.0580595538855437
1117,6.1519033224719735
1118,5.784226951820748
1119,9.540653551163546
1120,8.556733260810104
1121,8.511704694783653
1122,6.733451085248562
1123,6.627179417073882
1124,5.457790365963187
1125,3.2031048914975666
1126,5.471877087038058
1127,2.776912247075739
1128,8.140450707375763
1129,3.214708441963736
1130,5.8636189853359895
1131,3.4144596132320113
1132,6.629808402530352
1133,6.487725113739465
1134,3.0286269961075134
1135,5.293344666759687
1136,7.604333196773919
1137,3.8039691836436074
1138,4.279622063042071
1139,6.766834439113975
1140,7.407934826325809
1141,5.173704945111327
1142,2.420273385436445
1143,7.871586308224858
1144,4.267753280005197
1145,2.553890171343431
1146,8.533626293990105
1147,1.4067167504052471
1148,3.32126542870005
1149,5.517652916469572
1150,5.954794721156571
1151,7.810569389688981
1152,6.411007476500012
1153,5.1959040323931545
1154,3.7030469211869197
1155,4.917302966693332
1156,4.96153167922689
1157,4.755692255367778
1158,3.424041683116308
1159,2.9687189866886587
1160,6.313356110113736
1161,6.5781865383844105
1162,7.669326597863363
1163,7.141092578659281
1164,5.017392284193397
1165,7.301631071546908
1166,7.133692646420223
1167,6.701050918416441
1168,6.475665758216638
1169,6.207753259335285
1170,5.617868198995093
1171,5.739993401431843
1172,6.590985281446174
1173,3.5895726575166735
1174,6.861253286464244
1175,4.025098882421408
1176,4.100857324604941
1177,4.67492199664785
1178,6.249630822536856
1179,6.827098351719589
1180,3.3082512618440973
1181,5.410720856321812
1182,9.674500612651633
1183,3.4210662123287943
1184,3.8872365761249696
1185,7.513843127253678
1186,5.050487281688322
1187,4.797105978641931
1188,7.670083077732341
1189,4.774548398840741
1190,6.849942543016006
1191,3.508695285270526
1192,5.074245232714813
1193,3.921167880715523
1194,7.388906637258578
1195,4.013885425438341
1196,2.49090937056704
1197,7.932088505031517
1198,4.579720377521286
1199,6.712753720102204
1200,3.1327934659701886
1201,6.022800322602455
1202,8.768304162575209
1203,5.195712542953129
1204,7.504967848189953
1205,4.731866800778683
1206,5.6639952467877865
1207,4.099493904703516
1208,6.05070407848814
1209,8.086181902063448
1210,6.7223644670658915
1211,7.69086559175734
1212,6.124629128540862
1213,8.819043259551826
1214,7.470633702521741
1215,5.363046530560872
1216,4.156712504440168
1217,7.395644842108365
1218,3.3086526018416187
1219,4.543984991199505
1220,7.506735180279323
1221,5.784770225682584
1222,7.246358313002747
1223,5.123066704287065
1224,5.1195195858202105
1225,7.49269471881384
1226,8.54382049671362
1227,7.452953153021591
1228,3.5910047334401374
1229,6.924155049462549
1230,6.985570204715263
1231,9.871505393025515
1232,6.405909792375393
1233,7.959238868298792
1234,6.583567748219092
1235,6.745790559682141
1236,8.492390915156102
1237,3.624028965197455
1238,7.62885895880445
1239,4.127108273935142
1240,7.768359004749266
1241,5.741306373810117
1242,5.8718937990582445
1243,2.780430126599858
1244,6.776064680211189
1245,4.54934296613445
1246,5.6861174201774825
1247,5.200892494209311
1248,4.70880585860162
1249,6.83327672174826
1250,4.858404883331683
1251,8.447710871404409
1252,5.43091336383286
1253,8.906199796452587
1254,3.4844258569701516
1255,5.526442056131981
1256,6.654051235282656
1257,5.562211290778498
1258,4.2653376435433765
1259,6.369085139955375
1260,5.893557712598125
1261,8.653221418604836
1262,8.107572377557176
1263,5.716238846680956
1264,8.114161558285472
1265,6.687130871747378
1266,7.561500836251401
1267,9.18480812785067
1268,8.009154785763613
1269,7.449629728786351
1270,9.431652583456243
1271,6.023892108605599
1272,4.691186228079493
1273,5.393553580840541
1274,7.273415729673766
1275,7.588855130599005
1276,5.6133219334593205
1277,1.1367995836527247
1278,5.345365964192033
1279,4.223423258877107
1280,5.797630006055352
1281,4.5814660913530645
1282,6.02909377259042
1283,3.562151604567635
1284,6.448437213667768
1285,5.954546635816547
1286,2.6002811428618404
1287,4.746419967734954
1288,6.450423578099611
1289,7.661765638889635
1290,3.2559989989833604
1291,8.166850222771433
1292,5.458554057262152
1293,4.710037308660274
1294,3.2266544972825746
1295,7.220181140379018
1296,8.055366795828348
1297,4.59686901987118
1298,2.609161763717219
1299,2.7295294349480437
1300,7.778770373275892
1301,7.457359475371798
1302,5.807026968572931
1303,6.547560676549743
1304,4.162240895872488
1305,6.879071618499552
1306,3.9503351615798876
1307,5.691863191875449
1308,6.086864133836537
1309,5.902516922609841
1310,5.081409406914007
1311,1.439016142457098
1312,7.046105440256429
1313,5.4219538046318885
1314,7.968008745968938
1315,2.5606290434518097
1316,8.544912529458331
1317,2.2598633044237517
1318,2.5176418834217484
1319,1.970102714925225
1320,7.601783617001019
1321,4.1194972337381985
1322,5.020429850871856
1323,5.99542126488154
1324,5.608289926432315
1325,8.748652906122084
1326,8.737961864523067
1327,5.2981648196487345
1328,2.5346833308295142
1329,6.809092273243126
1330,5.673065426080015
1331,7.1651511554857485
1332,8.154982505333686
1333,7.3876927971797945
1334,5.908119294317513
1335,4.58155734115411
1336,5.819996382846531
1337,3.2701092470555015
1338,4.45471965906539
1339,6.296229862626243
1340,6.256676443536641
1341,6.026515793781529
1342,7.2678241924691305
1343,4.478466572041781
1344,6.328462181036796
1345,3.3070681640956217
1346,5.414951639581566
1347,6.9323857435788225
1348,4.048577288311278
1349,7.01062190938557
1350,7.088832495292253
1351,3.7960434316622003
1352,6.772050682768917
1353,4.671342458194099
1354,7.049806529663395
1355,7.374331069673172
1356,4.426604344446667
1357,5.5142818735773735
1358,7.728492153774146
1359,5.671786813095249
1360,5.0966105205095475
1361,8.714611149600586
1362,8.416692077935027
1363,3.8128612666611943
1364,7.236010537421908
1365,4.287048428133217
1366,5.036294548801918
1367,9.555527878570704
1368,5.507583488662531
1369,7.7349277649960015
1370,4.790085003395906
1371,7.657649889841261
1372,4.813174907474906
1373,7.266552079346919
1374,4.68856184693554
1375,6.942630412883274
1376,7.390786363531548
1377,5.480749431605723
1378,5.719841633194047
1379,5.73998043050635
1380,5.647888945490267
1381,2.150682728622418
1382,9.218486591563403
1383,3.2523203175449975
1384,7.279613812690106
1385,7.750235862307661
1386,5.360277049726809
1387,5.276527349785945
1388,6.643162134972528
1389,6.520321536518458
1390,4.5448630541155834
1391,4.460613785596119
1392,3.838348223164052
1393,5.938138585917028
1394,4.8568469794792275
1395,5.093946696235191
1396,7.007134898513317
1397,7.190279128288107
1398,7.780809153917536
1399,4.83873162759812
1400,3.6321807563082036
1401,4.810486425839433
1402,7.622186582463378
1403,7.513259780308904
1404,4.987279465817457
1405,6.413481419079202
1406,5.014004837213843
1407,3.2881371279115004
1408,5.054628421662245
1409,6.304864005623435
1410,5.744891072524672
1411,8.61454324058062
1412,5.152039812675196
1413,6.310788869337822
1414,8.438958811310723
1415,9.183291949804588
1416,4.557518491976237
1417,1.5145900767370808
1418,6.596680393279051
1419,6.228770991104528
1420,2.2728414451403545
1421,7.805101799220595
1422,8.908936815556121
1423,7.1358269122839415
1424,7.860260749331971
1425,9.081694449861653
1426,8.201622608856825
1427,1.590109763300997
1428,2.8138988941362175
1429,5.303961902443328
1430,2.950943345764892
1431,7.047582471514132
1432,4.851405992657192
1433,7.718589366752649
1434,5.138956756593223
1435,7.593428654710267
1436,8.402043986869666
1437,7.492677783110876
1438,8.025770827204346
1439,7.14295049782793
1440,7.722045405837895
1441,4.781544125120585
1442,7.105610162340848
1443,7.308269324480076
1444,1.6024202721982317
1445,8.842310667195543
1446,6.4808752546074375
1447,7.020934050882061
1448,9.16101569634598
1449,5.801205327870941
1450,8.193075805078902
1451,7.524509433180673
1452,7.533414240310986
1453,5.994402402727567
1454,7.019130073447777
1455,7.0606741502430905
1456,7.778366280428996
1457,6.2796190073227836
1458,4.262194460156506
1459,8.786050748968094
1460,2.2265720658784205
1461,6.256794640552633
1462,4.207294748277148
1463,3.562149791094445
1464,4.458856962496112
1465,3.6837130878636684
1466,7.211509055386759
1467,6.293420648594424
1468,6.9761322428331045
1469,9.160868257867333
1470,2.3783913239131884
1471,6.026020871232685
1472,3.9766541948718017
1473,8.03878666205442
1474,5.286922787392651
1475,4.76942659838142
1476,7.810390604545725
1477,6.468342721392823
1478,6.9853171898385735
1479,3.4448796926443137
1480,7.196599437792234
1481,7.31276144796564
1482,6.909299899616255
1483,4.862854504533521
1484,4.7903893247001825
1485,8.369837369381571
1486,1.8464498922197028
1487,3.024325445477617
1488,2.2626666782002323
1489,4.805577243023201
1490,4.166668400782538
1491,6.434105669560877
1492,6.200528548236208
1493,8.946609517023619
1494,3.584353921787622
1495,7.949425931901969
1496,4.949882489951294
1497,5.288233145079591
1498,6.283519838080608
1499,4.538387159068946
1500,8.517871623977285
1501,6.103300189781445
1502,7.0121495388851836
1503,5.539149382365256
1504,5.158339598296743
1505,4.235973639133972
1506,7.093887182562181
1507,7.044904303195112
1508,6.172152703757949
1509,3.4189294975300313
1510,4.916321929701482
1511,8.197074640156917
1512,2.281034831672397
1513,3.1654422898071064
1514,8.385702173674614
1515,5.680791499948798
1516,5.393795895005132
1517,7.422806514209752
1518,8.280078121555414
1519,6.4087178854590015
1520,5.244614626622443
1521,4.790400297728543
1522,7.956092737662153
1523,5.888767937993412
1524,3.1260505959147213
1525,3.79997693438465
1526,9.013423251130417
1527,3.8705236522896085
1528,5.9132330895335485
1529,7.033374323287894
1530,8.13261247522966
1531,4.829184319988062
1532,4.105518743336249
1533,6.207941490199524
1534,4.465490953773244
1535,5.228212306658406
1536,8.747458955484829
1537,5.099485119992026
1538,6.866639397664399
1539,4.374015570390201
1540,6.990959798338969
1541,6.210375298672668
1542,6.703225490658203
1543,8.678176195416034
1544,6.8117437679195065
1545,3.4796769201467623
1546,7.574770156695095
1547,4.791282006908915
1548,7.790149410764134
1549,5.9801726958837955
1550,6.398112886347182
1551,3.136090263726799
1552,5.628613267137098
1553,4.371208253694082
1554,5.718281626981321
1555,5.886015714165439
1556,7.887087872497216
1557,7.423322694144145
1558,4.2855375429147955
1559,5.488017788567934
1560,7.911446620758934
1561,5.302807373935615
1562,8.222368863790024
1563,5.529557592124224
1564,4.861084477225716
1565,5.052031234248201
1566,7.815413824141948
1567,6.438857542537102
1568,5.102226287190258
1569,3.3868534641183854
1570,5.278717628486083
1571,5.137300501607048
1572,8.753590276516096
1573,3.0687466846784615
1574,6.594348472453262
1575,3.9489119992212696
1576,6.9520996451790475
1577,5.2504338918350895
1578,7.409625133886587
1579,4.047275254634847
1580,7.482758306835766
1581,6.929350629416382
1582,2.7814920672882026
1583,2.994636622603373
1584,4.7867960643461265
1585,7.459806376099941
1586,5.049735544566066
1587,6.598302218060246
1588,7.912377409921979
1589,5.664683199818535
1590,5.107258173352422
1591,8.103994329974407
1592,7.575690052349079
1593,3.6126674084836985
1594,4.06427484815607
1595,1.6269148626663485
1596,2.7468964724368563
1597,5.608566533228386
1598,7.04699793106972
1599,6.318692918736917
1600,2.6088263598605903
1601,6.249073062038552
1602,7.579668523487892
1603,5.655171985063257
1604,7.195627234356701
1605,5.998858373695031
1606,9.491258816892032
1607,9.31594613834997
1608,5.223398502753982
1609,5.337679969887629
1610,8.496288996838857
1611,8.139014023472862
1612,7.599379784336396
1613,7.062655811571198
1614,5.74136700567551
1615,3.0244615779070725
1616,5.648049150710298
1617,5.997420845090834
1618,5.749594603624189
1619,7.4187777341353645
1620,5.843622653775419
1621,4.595556897300738
1622,5.328061482758167
1623,7.746817756337051
1624,6.417861226847152
1625,7.313401077788754
1626,7.5044561237162455
1627,8.125235238919633
1628,5.385751859376029
1629,6.505229954586075
1630,4.218875996609872
1631,9.605410319151787
1632,8.171645902246073
1633,8.795266431500211
1634,7.122254947025618
1635,8.599368243710932
1636,6.14056048347083
1637,7.825379977188781
1638,7.761601881677196
1639,8.195830876696432
1640,5.381545840996883
1641,5.5134704614119165
1642,4.751439028970417
1643,4.918098793901331
1644,7.362336825643642
1645,7.603172340935641
1646,6.241152379343814
1647,6.283761356216745
1648,9.050102902680331
1649,4.417415254186973
1650,4.500083853558565
1651,4.347091333439982
1652,8.090668820056237
1653,2.935703872646987
1654,5.984973391065805
1655,6.824656152663003
1656,3.574815945367306
1657,7.510901311622373
1658,3.964161350132654
1659,6.655535438083571
1660,8.504957829593504
1661,7.462952565614211
1662,7.569941210312273
1663,4.562624885773517
1664,6.441892108534686
1665,6.448222110916535
1666,4.611960929145518
1667,4.420088422198755
1668,6.549917697318019
1669,6.911810892390879
1670,6.791375705403545
1671,3.4566603956220474
1672,3.9336571424989426
1673,9.55163341308801
1674,6.395333491887935
1675,2.123096799467276
1676,8.062733169384943
1677,6.090871459659521
1678,3.043604888248972
1679,6.173220136791856
1680,3.449379469708602
1681,5.876320362386992
1682,1.9083740381270822
1683,7.74550327726951
1684,7.185435936072897
1685,7.479687148846309
1686,4.439113242570943
1687,2.291840303283391
1688,7.345999810443107
1689,7.305822793790459
1690,3.467377477631024
1691,7.244319911608231
1692,9.194626492640273
1693,6.96800394886357
1694,3.002337861301137
1695,3.3127264740817344
1696,5.964311974258119
1697,6.496423382556374
1698,6.690190490520373
1699,5.060374240378508
1700,5.408128349296975
1701,4.639502908852279
1702,4.065122309515595
1703,7.550821650494791
1704,6.67240207878563
1705,5.760041718735646
1706,5.359859942025831
1707,5.064903547443698
1708,7.648322970038622
1709,8.355153044683819
1710,6.385752602022057
1711,7.33914814370467
1712,5.631832288080085
1713,5.559862282037357
1714,7.973817847408109
1715,8.720969062473753
1716,6.035813001973052
1717,3.5789779174894556
1718,4.775575471643849
1719,7.1570937558456516
1720,8.427451852725481
1721,6.350463522454873
1722,2.201850288635229
1723,7.263209254572339
1724,3.1983980866420265
1725,7.558595120011756
1726,5.800473316078054
1727,3.8568665226298626
1728,6.168038773996422
1729,3.82977038591875
1730,4.754586589891296
1731,7.159147406214275
1732,7.913123986294854
1733,6.1552058268152985
1734,4.9882451921055875
1735,2.2818640249692304
1736,8.519156027345081
1737,7.800441184007637
1738,8.642054241863487
1739,6.5582076948889245
1740,7.318757789906105
1741,3.1621784345299564
1742,6.690313435630685
1743,6.749225193991365
1744,6.63631050019403
1745,6.771262004161842
1746,6.951335847583585
1747,5.571569683116932
1748,7.651604690451124
1749,1.9900928457662377
1750,6.9002129572119
1751,7.058267469131341
1752,8.29628103615552
1753,7.106285261496065
1754,6.928394199411986
1755,5.698048093812892
1756,6.457260148399137
1757,9.489765173554325
1758,5.163325948303077
1759,5.495323980655875
1760,5.222336080018718
1761,3.3462761767350386
1762,5.074589888191555
1763,3.6099605851857217
1764,4.485095297891722
1765,5.15055799962389
1766,6.582080943679206
1767,4.126956398386258
1768,8.224532413340103
1769,6.431318297495433
1770,5.809031146592191
1771,4.696197606437377
1772,5.195568513607459
1773,4.179841424764934
1774,6.9354290372640985
1775,6.726454842065719
1776,4.9392818717383316
1777,8.66571833093349
1778,6.226551866868606
1779,8.037294442149387
1780,8.144450007479744
1781,7.343202744064583
1782,7.019009033134848
1783,6.302363049346441
1784,6.963915463356467
1785,3.6743961836606314
1786,4.483383640781241
1787,2.592521564453133
1788,5.641185734221265
1789,8.507584296407606
1790,9.13149861595322
1791,8.220022283279482
1792,5.779967606978008
1793,5.075562689840483
1794,6.346731683429386
1795,5.476310617728036
1796,6.927649599838903
1797,7.85909364289199
1798,4.935336481809253
1799,3.47946649258718
1800,6.142936730662208
1801,3.3789593322706386
1802,5.340763086905479
1803,9.057697694139478
1804,7.078813888114262
1805,8.537878282654438
1806,4.5877935281339886
1807,1.7004525163604491
1808,5.605608076932041
1809,6.270060413184893
1810,9.14332232545023
1811,5.028604185990818
1812,6.877203553786278
1813,6.270572991734578
1814,4.6401044573716845
1815,6.778209731282019
1816,6.479614096933422
1817,2.193580546614691
1818,6.9037685519608845
1819,7.342311327557537
1820,7.096649688560753
1821,8.30961564581428
1822,7.225682982643327
1823,4.719777333518602
1824,8.317266060549343
1825,5.928681557238589
1826,5.9228058963175085
1827,9.562876012983477
1828,5.568200754049066
1829,3.5379848091392323
1830,4.289892825756482
1831,6.060649490590478
1832,5.212964705301258
1833,5.352741869433108
1834,4.030610313077673
1835,6.54090926840349
1836,7.105896491442775
1837,3.2761195065613324
1838,5.334270098361691
1839,7.503612849197334
1840,7.288325183504788
1841,4.410820110724955
1842,6.221876074928638
1843,7.512571529137653
1844,3.447295491905532
1845,7.535647702599528
1846,6.422029670991625
1847,7.7807210306177845
1848,8.620911177551399
1849,5.159959178288963
1850,5.234828249379879
1851,5.535738602091994
1852,2.2285931586134113
1853,4.864690931741273
1854,5.025681154290245
1855,6.176078344822019
1856,3.339673298928707
1857,3.753800360734578
1858,3.0877611990001195
1859,4.608548056355221
1860,4.836071506907696
1861,3.991410212908101
1862,8.529138633988246
1863,5.174007306735807
1864,5.619215360352179
1865,5.96928278165323
1866,8.690253146369946
1867,7.40959281336822
1868,7.353610363717219
1869,6.742904385011405
1870,4.999837666707746
1871,3.6849344076974786
1872,5.6832698564323225
1873,6.699146224191932
1874,1.0693505772256333
1875,5.895815356814784
1876,5.859692843239069
1877,7.073369180132197
1878,5.284291224613167
1879,3.2829755683196793
1880,5.231190380098976
1881,3.168390082399346
1882,7.749492564754446
1883,5.466698208453921
1884,9.430305837064807
1885,7.234277151622986
1886,3.8939223726517795
1887,6.569916602559369
1888,4.250575412976259
1889,8.455844982158068
1890,5.387392035510191
1891,6.5316424896085765
1892,8.136706499916956
1893,7.7684827564785035
1894,6.774373104339567
1895,7.219170551364703
1896,6.395529652990785
1897,6.5264641808482295
1898,6.021574142985145
1899,8.832796543420937
1900,7.311562343136283
1901,6.611872290812048
1902,5.751093257303246
1903,4.028565001831009
1904,5.962712009360111
1905,3.7996546133127542
1906,4.997937752048364
1907,4.621499627643612
1908,7.5623695530512505
1909,6.298788103017328
1910,5.721966188842847
1911,6.452597809872524
1912,7.205206748580489
1913,6.914362840047529
1914,7.461903071185435
1915,2.521040540694268
1916,3.561474806950032
1917,4.285444926613282
1918,7.411110227768583
1919,4.556036006897531
1920,7.502603538250985
1921,5.7218396678209364
1922,6.11330914456307
1923,4.903909378951723
1924,8.017904801361121
1925,8.366736119459478
1926,6.798493228482096
1927,5.359717076533916
1928,6.686223213151186
1929,5.520557784361785
1930,7.567769899817001
1931,2.957623963864545
1932,8.028217754715408
1933,3.649606983105103
1934,6.765067080971609
1935,6.144251376111711
1936,2.7672385795118513
1937,7.622797559480493
1938,2.0415656052295352
1939,5.327027949567911
1940,3.522531237520185
1941,4.742592694461814
1942,3.871851449858019
1943,8.494513277998037
1944,2.382530035392554
1945,4.374432224612802
1946,8.07610905278239
1947,8.625785416427805
1948,8.41876074671401
1949,6.677711863385077
1950,1.7279688052876598
1951,6.91903407948827
1952,8.3968373378495
1953,4.501137345757118
1954,3.8804367613067816
1955,5.022220835928395
1956,6.610587558689239
1957,3.4495137335800896
1958,8.258284690445553
1959,2.4765203458451195
1960,8.949798367177083
1961,6.043026252207152
1962,4.358983847115031
1963,8.140121393146883
1964,5.189444632050788
1965,5.023594490169616
1966,8.060748844074256
1967,3.9537562689242076
1968,6.532281966919418
1969,6.835852288698202
1970,5.322377585483537
1971,5.63343180857356
1972,8.19945520506253
1973,7.176763303729203
1974,4.61018818805982
1975,6.113117646971283
1976,5.713122509789249
1977,5.725309243186654
1978,7.657415493716931
1979,7.438198651074088
1980,5.861860829276785
1981,2.7044489828067184
1982,6.060678644959933
1983,7.108531781947663
1984,8.987831528896796
1985,3.800368656655366
1986,3.523609602133637
1987,4.4573568907011705
1988,7.20840014690884
1989,4.0100492326083135
1990,7.777963221441243
1991,5.826768060336168
1992,9.049996918164148
1993,4.270351036086355
1994,5.647423000312539
1995,6.5761800519923375
1996,6.859715141289608
1997,8.686770766255231
1998,5.016933190691282
1999,3.8616194205433927
2000,8.559281886916711
2001,4.098528133344107
2002,8.403841545015954
2003,4.890774082618205
2004,6.273037428798417
2005,7.643867052744506
2006,7.0062604726134845
2007,5.30198923685578
2008,3.536882543695929
2009,3.31370793746258
2010,6.782007405048157
2011,5.450256000988562
2012,6.713366035297218
2013,8.412435903855647
2014,5.703036208582224
2015,4.0660769737473625
2016,3.95399941838552
2017,4.830974865287528
2018,6.57796107707233
2019,6.923112448355662
2020,6.904132724358282
2021,3.5986808887411414
2022,6.449134455190207
2023,5.407458737181423
2024,6.443664980484769
2025,7.462585105363126
2026,7.878820520009987
2027,7.478171025448212
2028,3.102554145505404
2029,2.1637355445454287
2030,8.107595762799113
2031,3.8005883995663368
2032,8.718767970364073
2033,6.737363527188794
2034,4.249015002849102
2035,4.691127945042161
2036,7.470688039860874
2037,5.809739461913849
2038,4.033818495434965
2039,7.3512034122822545
2040,7.506177051682472
2041,4.43668157518594
2042,4.6575641582664735
2043,5.705743744448117
2044,5.811443479362154
2045,5.890659066786545
2046,6.9089102878521205
2047,6.924614013215928
2048,2.889916819574214
2049,5.61939930649953
2050,2.298347397357243
2051,5.137090377874966
2052,0.9833517247837325
2053,4.957698828253783
2054,6.854030123538658
2055,6.478561376510388
2056,3.4401485334828688
2057,6.910873868484082
2058,5.458040251519245
2059,7.279624591143411
2060,4.927573514426009
2061,2.7907553115757633
2062,4.660256913803227
2063,6.700872517229143
2064,4.933307503515232
2065,4.662903564118309
2066,9.008781448692188
2067,9.419725448286544
2068,8.570389683327656
2069,5.147114772413764
2070,6.121446102225789
2071,6.476254314515645
2072,4.1229094596230285
2073,4.836657798411673
2074,4.4716627589255955
2075,3.4706072242333685
2076,3.4441254178690204
2077,5.3882233816614855
2078,4.864290889854245
2079,6.22199977142925
2080,7.704558851676671
2081,8.822213345698351
2082,6.172378422920136
2083,6.247205234340458
2084,6.747562941887287
2085,8.154323926790187
2086,7.918333448286952
2087,4.5726059393979686
2088,8.028908820271404
2089,8.726981762846165
2090,8.822613908886828
2091,5.7695979158759165
2092,2.649487764891482
2093,6.724625170573825
2094,5.443310752719799
2095,3.8148067163916974
2096,3.930484179395681
2097,6.281527698427209
2098,7.126150340200036
2099,2.1161904235767137
2100,7.374768677833453
2101,3.41537607779362
2102,7.257983452315645
2103,8.588165646998917
2104,6.136688751770325
2105,4.976839307579031
2106,8.138693818052607
2107,3.0908420770626375
2108,2.6716111062136894
2109,4.43616427000187
2110,6.651026729108712
2111,5.13701184836296
2112,3.8136554393684134
2113,6.0283628338001956
2114,7.225475293872096
2115,3.474917313683664
2116,5.487964426394982
2117,8.694707158031637
2118,5.677667575598053
2119,6.683492119023426
2120,7.714699176781423
2121,5.180630873956404
2122,3.192261824708109
2123,3.4418619082025863
2124,6.726034479552563
2125,6.4893848871744035
2126,5.127127271809446
2127,6.110546725827908
2128,7.843245106844262
2129,4.552538108855621
2130,5.656042335827361
2131,5.42827282020529
2132,6.359770499452398
2133,5.610444819604666
2134,5.938200603431952
2135,2.7683427677942656
2136,2.5034924734265673
2137,7.252531361550746
2138,3.283200959529411
2139,5.833313801269303
2140,3.3058208165493355
2141,7.0947009283061595
2142,3.1879717432888275
2143,6.472056348689447
2144,6.653845535785519
2145,9.66075358961618
2146,7.309046860242735
2147,7.562328782349917
2148,5.695833199468079
2149,8.310157812882284
2150,6.434325464874833
2151,5.083353701151028
2152,4.930559748294253
2153,6.645577709162525
2154,6.492240241518826
2155,6.326366066022086
2156,7.255773725493515
2157,5.758271967368568
2158,7.887072460102875
2159,8.602339769638277
2160,4.930718873835198
2161,2.6005775377644245
2162,7.959873510007958
2163,5.95363216034971
2164,5.18335430888421
2165,5.992776041342072
2166,6.6977089808635135
2167,7.144215672623056
2168,6.172671536337458
2169,7.331440148352678
2170,7.223806230372389
2171,6.184852059645206
2172,8.338864123394455
2173,2.606186367363576
2174,4.098663832787562
2175,5.365394239649196
2176,8.721788924159272
2177,6.294139973398479
2178,7.0281374690389855
2179,4.491627837133809
2180,5.456822155592845
2181,2.567239384094735
2182,5.279885270291147
2183,5.315590761732055
2184,9.073132845109045
2185,8.462951501715382
2186,7.496506877184871
2187,3.767707691994463
2188,4.8204593912234985
2189,6.322295471583269
2190,3.720665445660875
2191,5.698386818869381
2192,8.623073099653107
2193,4.220286347327345
2194,6.097730724648361
2195,7.736838313811086
2196,9.014644728936082
2197,7.481411089521964
2198,4.245527675572672
2199,6.00899916331818
2200,7.784440185116937
2201,8.021460538001186
2202,7.794148816584031
2203,4.396035529982324
2204,8.425899083706737
2205,8.875810757878357
2206,5.21803202332189
2207,7.622793335314744
2208,7.196178746437094
2209,8.327280548603516
2210,1.2971359938310016
2211,6.306202341557347
2212,9.145793018743824
2213,6.574898095345475
2214,7.565095391671484
2215,8.373770556899558
2216,3.354974308897657
2217,7.6353844494792975
2218,3.9939909901632276
2219,3.203185825295108
2220,8.198082299816289
2221,8.1447685471334
2222,6.907650512651917
2223,4.078133569436588
2224,5.4959699192267335
2225,7.375205677187738
2226,6.882636322810828
2227,6.678796161654538
2228,4.8853480294053035
2229,8.358574449740681
2230,7.470708177630323
2231,6.349198490365328
2232,6.554144418915635
2233,5.750897410565427
2234,7.878715939659929
2235,7.038349002280081
2236,4.555576432637011
2237,4.591682213082891
2238,4.468536938991032
2239,7.482208141241401
2240,5.642270373761786
2241,4.336209392580045
2242,5.244471613660008
2243,9.081946974507764
2244,6.877249239124997
2245,6.81523810234869
2246,7.181359394318524
2247,9.288611065941685
2248,7.872959118085653
2249,4.7196027951786705
2250,5.203990852360688
2251,7.108448128482693
2252,8.082301246341386
2253,5.397005813885807
2254,8.608151625411333
2255,3.8003593088525944
2256,6.6782466739462585
2257,5.309440365914148
2258,6.436811291129936
2259,4.229149722650797
2260,4.653303443004226
2261,8.099879462835556
2262,7.73233360460347
2263,3.512390599595262
2264,8.350322628015908
2265,5.691997030170557
2266,6.569231070320179
2267,5.193876119681393
2268,2.143756071789776
2269,7.889594018722104
2270,7.458175274751042
2271,6.488606545014773
2272,3.037941702210681
2273,4.825154724095788
2274,5.541890493474743
2275,8.495491720297714
2276,9.607986654664856
2277,6.227874422336046
2278,5.026705800244942
2279,9.351682814594632
2280,3.6294428558301544
2281,5.528113191952198
2282,4.276995905532729
2283,5.703437172293007
2284,6.25039175201853
2285,4.234077876080346
2286,5.218794416644252
2287,4.360174933302614
2288,3.8394718969439823
2289,5.339333384808815
2290,7.688491367477807
2291,8.199451176181443
2292,9.150043276813976
2293,8.050717503914052
2294,3.3896658588292206
2295,7.474510945818661
2296,8.028580340344817
2297,5.443202346523581
2298,8.14484902350934
2299,8.036317534713312
2300,4.585349490698226
2301,5.402022852474874
2302,7.800466246209546
2303,6.36036848345103
2304,5.588629579447682
2305,4.956089649306386
2306,6.193382551159445
2307,5.86309432666861
2308,7.863112779784313
2309,4.308069403410385
2310,3.717405876166742
2311,6.904591901362428
2312,5.2842647311123
2313,8.527469094472892
2314,7.022508139296685
2315,3.0851126953043675
2316,8.970945598975458
2317,6.633922532659083
2318,6.916246456253086
2319,7.571933035689299
2320,6.077691557124497
2321,6.255906355520845
2322,3.26989524048903
2323,7.8372595284416295
2324,7.284900010587652
2325,7.685578590878769
2326,4.799662237393228
2327,5.83503645000388
2328,4.699589284788145
2329,4.934269859419706
2330,4.9801793758836235
2331,3.4288198410948216
2332,5.4567086485614285
2333,6.7579225531077745
2334,5.934540336691385
2335,7.029387177793341
2336,5.313114353370514
2337,4.2270864211188135
2338,9.023633418029286
2339,4.60455162898641
2340,2.9471484720296734
2341,2.1723883683129457
2342,3.94475109685067
2343,4.965920058571775
2344,6.887629175035103
2345,5.54739304281899
2346,3.0228558513906445
2347,9.19711894771391
2348,7.375542937139458
2349,4.127891044198802
2350,4.013376997868022
2351,5.389420589813784
2352,3.758366118189669
2353,6.245133049692786
2354,6.214191320733656
2355,8.408588252716736
2356,6.997681027640138
2357,5.279339306697573
2358,6.033324222402676
2359,7.739157095307663
2360,6.648969574138049
2361,4.460452803097
2362,3.608079302150173
2363,8.582996853656311
2364,7.128886990527496
2365,4.538051266125782
2366,7.935317189890138
2367,6.7675432991318045
2368,6.366168808749106
2369,1.7440752872417489
2370,3.1121790666749587
2371,6.486825276890497
2372,6.208026561534416
2373,7.025725871631546
2374,3.0513878084515915
2375,3.150804546745223
2376,7.237977821597754
2377,6.201549406078436
2378,8.617818438982809
2379,4.138472181902916
2380,5.5530299883219385
2381,9.071110435825464
2382,8.042353151129795
2383,3.2226829845412355
2384,7.731072916405218
2385,5.892817121923613
2386,5.63337589560665
2387,6.077986804918458
2388,4.319423615353834
2389,5.953752608726715
2390,7.185641710129891
2391,8.497498535368718
2392,6.1153899966559155
2393,7.78413583311519
2394,5.648330431347337
2395,3.310948572720639
2396,8.31511316396942
2397,7.341511275033454
2398,4.017773272390351
2399,8.482142318633242
2400,9.250937369738693
2401,4.837562812488965
2402,8.813433743735118
2403,2.2704730361085637
2404,6.970038584942244
2405,8.016580680500159
2406,7.537958822745714
2407,2.581894899747511
2408,8.202428709086956
2409,5.285187730027111
2410,5.395209493736353
2411,8.163964938890073
2412,4.391790023199147
2413,6.293608382280412
2414,4.468753448058121
2415,5.999105856160689
2416,6.619292227092713
2417,8.094010873770344
2418,6.550072811784901
2419,4.620605560863304
2420,5.973990286552124
2421,5.209956539793283
2422,7.982732030210826
2423,2.495507283131843
2424,4.693878213774473
2425,0.7975522036664083
2426,8.583334257594364
2427,5.035620284229432
2428,1.3956868925568389
2429,7.267558909887622
2430,4.81094155378285
2431,4.196220582194018
2432,7.693089861355073
2433,4.597825645080902
2434,6.325053195178656
2435,6.134968444821883
2436,5.730812180725056
2437,6.699076154251173
2438,7.112778805503951
2439,6.068649493300749
2440,8.163191367178278
2441,4.452940840472746
2442,4.9400636328340966
2443,6.218451754041641
2444,8.647565489823103
2445,8.275209436115485
2446,6.81421337814511
2447,7.157297529853558
2448,9.355139202993989
2449,4.643233492961575
2450,5.033630844434525
2451,6.194104566357895
2452,7.7357569874421195
2453,4.713427255506753
2454,5.858534745880816
2455,6.596227761815864
2456,3.3774430435229594
2457,8.796656964999427
2458,8.102114575593008
2459,6.788045244240557
2460,4.497834869989431
2461,6.5176939100418485
2462,3.278665074667177
2463,5.3627079701810265
2464,7.376710264336014
2465,8.70668809124511
2466,5.2729564605706
2467,7.44533093943351
2468,7.447434243588502
2469,8.49477002875982
2470,5.0507530001468455
2471,4.342649766396679
2472,4.820552924832215
2473,4.921374831207577
2474,5.574039852533621
2475,4.957761223391649
2476,5.64240768024815
2477,6.377202524670409
2478,8.298486590088812
2479,6.188371947375826
2480,8.495546350759973
2481,4.804624436077516
2482,7.582899373514778
2483,3.5068832649263335
2484,7.670823840592259
2485,3.428762032828341
2486,6.4557522857865495
2487,5.350568742651471
2488,4.035783705239258
2489,3.6195196547521564
2490,4.470058832846269
2491,3.7803727490472214
2492,3.4469196348124944
2493,6.915024208321424
2494,8.36920142948277
2495,5.936355005424965
2496,5.868565775439899
2497,7.5145230956695945
2498,4.976506666431565
2499,4.4551180412268705
2500,4.630831960721047
2501,6.844065564761161
2502,6.474968855013825
2503,6.584330524043091
2504,3.9199783183972796
2505,7.164342175449022
2506,7.205110975173158
2507,4.113138602242492
2508,5.147116103394015
2509,4.061516403177916
2510,7.011837876069142
2511,9.547584310576719
2512,4.660828315510826
2513,4.405111682227764
2514,6.7252239739035105
2515,5.325182967984776
2516,2.32048196897665
2517,7.287345448440431
2518,5.6746049880959895
2519,4.91576004457807
2520,3.0914259434525353
2521,5.650536406924854
2522,9.638261314658983
2523,6.329558615013388
2524,4.002741987484739
2525,9.428558520779239
2526,7.471066183223861
2527,8.290086176261275
2528,5.358113960540784
2529,2.2541273833899163
2530,8.847687024489556
2531,8.899308885215648
2532,8.540457237428631
2533,4.565914887169951
2534,6.74075803174077
2535,5.616236159127674
2536,6.373796894057849
2537,7.397713196079747
2538,7.238908026803176
2539,7.855543306062552
2540,9.155863850665407
2541,5.637790937050941
2542,8.030014295885367
2543,9.35613586531155
2544,3.6790357367001607
2545,5.552990418900344
2546,5.363516907237922
2547,5.348047097276147
2548,5.461212537795109
2549,7.359406507362319
2550,8.276144732880189
2551,3.616416424174801
2552,5.292051592515165
2553,7.800628945444274
2554,5.109683102723293
2555,5.33832895326965
2556,3.3728192767984435
2557,7.200483402453742
2558,7.98708389914421
2559,7.904668982512525
2560,6.615681640229849
2561,6.165915435195357
2562,4.113639530442198
2563,5.8819756444577
2564,5.809067179796174
2565,4.549286466352812
2566,6.73273040904701
2567,8.640237690132428
2568,4.239414731798728
2569,3.1312545175734736
2570,5.61203144987279
2571,8.736162877755657
2572,5.841986874171432
2573,4.355188026753307
2574,9.094797854048899
2575,9.126932234850994
2576,6.556013153801531
2577,4.956955083881017
2578,5.209026922385062
2579,3.543100472690296
2580,5.171409262121561
2581,9.840798038760186
2582,6.680544221470136
2583,7.48563835546135
2584,5.070119398587213
2585,6.255523230826939
2586,3.8652687499341374
2587,2.8022275429777084
2588,7.34031735659338
2589,5.867343018682145
2590,8.071050105880458
2591,8.267014123975512
2592,7.9183776708634355
2593,3.731015110769808
2594,7.310590685354295
2595,3.5444063801409005
2596,3.7143310448724853
2597,8.357515130724632
2598,8.524588895237702
2599,3.137926458844031
2600,4.047959896284983
2601,4.235964269651423
2602,7.726333094082923
2603,5.149143962033666
2604,4.645496850569454
2605,3.8812737750640034
2606,4.262554977961429
2607,7.30093770725795
2608,8.029779078228797
2609,7.428432571963453
2610,5.891846328063207
2611,6.5595063583213
2612,4.78006548880485
2613,8.966257129512524
2614,1.9130218498707123
2615,3.047390115054737
2616,7.1776177323367945
2617,5.250786401576275
2618,7.383329410016818
2619,9.01109824867558
2620,1.1807388356739197
2621,3.6813673789169314
2622,8.165193963603071
2623,6.857107030334335
2624,7.831152208015189
2625,7.277275238512045
2626,8.138338267228242
2627,5.524292842359975
2628,1.869704742672721
2629,8.310362326742316
2630,5.4841166710547355
2631,3.468306334901423
2632,8.641776737776107
2633,7.682226333706165
2634,7.324176229530404
2635,2.807531518608923
2636,4.6337570299051585
2637,7.128669295660242
2638,5.987045058734634
2639,6.211365143873392
2640,6.388540715110041
2641,6.128003223195831
2642,5.548504981494493
2643,8.158034257046982
2644,7.048704000773143
2645,8.124444502756221
2646,4.683547408986295
2647,5.775903552529834
2648,8.882331328818402
2649,7.936552219222255
2650,4.290268505751372
2651,7.480316212716457
2652,6.505504478000893
2653,5.6111422444448955
2654,6.0128496566707295
2655,6.949900875770044
2656,9.16408094999091
2657,6.417610068131153
2658,5.450645075930512
2659,3.7303544769684613
2660,5.717615051168636
2661,6.8312744944932655
2662,4.979756089692376
2663,6.512063296854566
2664,7.843134770482311
2665,5.656382211356898
2666,2.7715645962481816
2667,7.824617508034532
2668,6.122863240935366
2669,4.783291012940332
2670,5.427681332561896
2671,6.613717359551535
2672,2.4694014779913793
2673,6.563223956435264
2674,5.929364202658186
2675,8.001182546205271
2676,8.133057799436317
2677,5.262753866183223
2678,7.482163178034291
2679,6.993015642587443
2680,3.8913593377701257
2681,3.1745806544709314
2682,7.999457623884808
2683,5.542422086109508
2684,5.319597377922441
2685,4.374410211838294
2686,4.085406555217229
2687,6.792515985409106
2688,2.828677942674112
2689,7.227619080854476
2690,2.9700694717786327
2691,5.875328446175258
2692,9.41033343960966
2693,3.3102445410043786
2694,4.8631881447685705
2695,5.907293068787494
2696,2.3322983405133018
2697,3.9375856618303295
2698,4.512269903172696
2699,8.64811958387768
2700,1.5672668685876334
2701,4.706539093113266
2702,5.498606648279932
2703,7.800407678269317
2704,8.415211692853804
2705,5.209660957986735
2706,6.660727964080202
2707,5.532557957256396
2708,4.403773450832586
2709,1.7023081192437597
2710,6.770668584491532
2711,6.779361372375346
2712,4.559348852666692
2713,9.39680731099507
2714,3.551343490603311
2715,3.7348969832839365
2716,3.5068405094337165
2717,1.9184166467770651
2718,4.751059733217367
2719,4.552216273616378
2720,5.150676315205909
2721,5.974925700053703
2722,7.59852329752038
2723,6.899639494371939
2724,3.436301621585594
2725,7.514809596235846
2726,8.101016912151264
2727,8.075051474708912
2728,7.7426448162776405
2729,2.269661505183448
2730,7.516014336810731
2731,6.955652543333267
2732,6.177756353623486
2733,5.6244960705881
2734,8.365648538208687
2735,8.728174119711559
2736,4.950538312321896
2737,5.137219277916074
2738,5.10553884115957
2739,7.372394628550358
2740,5.378921589788213
2741,5.836582789715563
2742,5.370573000700475
2743,3.0339547447556967
2744,2.514961312589863
2745,9.001636732405577
2746,6.576923200133277
2747,2.125405016138214
2748,6.449984062157347
2749,6.576623358232336
2750,6.326797847245838
2751,6.508009750680886
2752,7.66806336881437
2753,6.80981447446941
2754,6.389928776399934
2755,7.0299780115818225
2756,4.607921185491406
2757,6.03027620533061
2758,6.312946768994752
2759,3.7016136736825187
2760,7.333964990462596
2761,7.112639150980693
2762,3.149003449498087
2763,6.093059029298143
2764,5.775543268572169
2765,6.625807990861145
2766,5.785241481147847
2767,8.401423266020622
2768,3.699177910858916
2769,4.6726009728873015
2770,2.4981334870628813
2771,4.731681503983724
2772,4.632788778089738
2773,7.815336573176628
2774,7.866941441225976
2775,8.536928270882312
2776,8.730359237020403
2777,6.556069179644687
2778,6.432294773363223
2779,7.473813837535271
2780,6.196495771469728
2781,3.989385211590704
2782,9.069985277707753
2783,7.016042674806578
2784,7.489611169349012
2785,4.70880040567913
2786,5.25167076575294
2787,6.946179761335832
2788,6.5452983847227735
2789,5.982463593280388
2790,2.7571273220193055
2791,8.629174546167132
2792,2.7505510584150654
2793,2.656511492517487
2794,2.8368039551948367
2795,2.959758570095684
2796,8.16891917843656
2797,6.968094731415604
2798,6.853715126146655
2799,3.7306996654130984
2800,3.6685107664246726
2801,3.6793727011550046
2802,8.285921400715505
2803,5.31777893447677
2804,3.8917574446555463
2805,7.04168412223067
2806,4.83208084177917
2807,8.132455999078076
2808,8.131067219412357
2809,6.932646564533244
2810,7.462443222994699
2811,2.8593316066596453
2812,7.220643267515868
2813,2.750757332711467
2814,5.335847893042133
2815,8.996812241019487
2816,6.379347242188731
2817,5.95854485123292
2818,2.2281352005632704
2819,6.992297779601253
2820,7.6326647663565
2821,6.717788699080952
2822,3.071151355726206
2823,4.729296343852695
2824,5.812508615949076
2825,4.135696242088294
2826,9.278483800684553
2827,7.52613028129567
2828,6.460697827055963
2829,7.6970781138765
2830,5.6224228541966275
2831,5.957814827683396
2832,7.980374747824529
2833,2.1079236338680487
2834,5.430737583617846
2835,6.481940893778461
2836,4.074812526722564
2837,5.65183875662441
2838,8.812919518774095
2839,5.269073986702631
2840,6.360283828617335
2841,2.64325967388471
2842,8.256630378921102
2843,6.583521351066566
2844,7.0368697378089715
2845,4.3576944677905205
2846,7.882765176416141
2847,6.3432624096925965
2848,5.897103762300756
2849,5.423328631146684
2850,3.7601584007224695
2851,1.9757208116311376
2852,7.342614595180237
2853,4.947995322216982
2854,5.162316489004778
2855,8.70811741808296
2856,3.2156504190192745
2857,9.313937682523159
2858,7.417321709501202
2859,6.508175766096763
2860,6.884146512067297
2861,7.210264924536707
2862,8.372838044001323
2863,7.484057437218616
2864,7.704433403021361
2865,4.720707223711886
2866,8.241340158165743
2867,6.640541449277935
2868,8.656953810293848
2869,9.55230855823305
2870,6.124447279299121
2871,6.620015873837555
2872,6.150194518372457
2873,7.551311617589137
2874,5.1289152130446665
2875,6.986518251083433
2876,4.3134679779371545
2877,3.6438943115416405
2878,6.06172834113748
2879,5.481935456307817
2880,3.833451325579159
2881,9.686413607927182
2882,5.149658874529703
2883,5.4720896376681765
2884,6.490966375432461
2885,6.556031241507982
2886,1.0019344703729436
2887,7.074982104319698
2888,8.452974630231756
2889,7.139852144579764
2890,7.5896802481586265
2891,7.972395720778697
2892,8.66766824412311
2893,5.409193193854045
2894,9.185458996546483
2895,3.1197573038961446
2896,8.19163900665191
2897,5.095179621439357
2898,3.403927571997413
2899,3.3548520952100143
2900,5.756343981788506
2901,3.8959190379876185
2902,9.211636041031829
2903,7.958656889938304
2904,4.69377153168894
2905,7.750620187309382
2906,7.9986745519947595
2907,6.720414772542324
2908,5.847472863953854
2909,1.4912390407605955
2910,6.198952236112863
2911,8.916758642710024
2912,3.985824445086025
2913,6.7485942768705955
2914,3.584800276045089
2915,5.51388838863605
2916,8.317706486506214
2917,3.3388557859493035
2918,8.3222137376185
2919,4.218154607989497
2920,6.8865842146898775
2921,7.976674929708979
2922,3.6122751919554337
2923,7.487405524931341
2924,7.377578107780947
2925,6.295288002115725
2926,7.614558612191892
2927,1.9471567928450075
2928,3.9601680952048093
2929,7.821925604642875
2930,5.607025278898986
2931,4.060560056957739
2932,6.15300046176581
2933,3.7310554464398544
2934,2.5561553297528063
2935,6.22426524018141
2936,9.416308987437327
2937,4.68683315519209
2938,4.503980847957476
2939,5.763675983674962
2940,5.505305987818252
2941,9.229906136882176
2942,5.242529930440538
2943,5.925170637175679
2944,4.597057621747244
2945,7.383963109472655
2946,8.26476993936314
2947,7.097442327512953
2948,1.7399217241688898
2949,5.99187840527441
2950,7.466763682107001
2951,5.250204725931841
2952,5.564052713307429
2953,5.114309108532614
2954,6.193637342561184
2955,3.68015145607784
2956,5.08826477314894
2957,6.290908892812349
2958,7.719800311198221
2959,6.001945246283326
2960,6.267781392578557
2961,3.987928345801998
2962,8.213390022722427
2963,7.840731144505664
2964,2.592147206063934
2965,3.2783913174782002
2966,4.759676112727695
2967,5.830162626864732
2968,6.546675376977513
2969,5.38688099066952
2970,3.4706520506106013
2971,8.702158127037489
2972,9.59715983802988
2973,6.525386645928564
2974,5.233215242234643
2975,5.532008632716388
2976,7.008889110526665
2977,4.865947857101923
2978,7.878277027590496
2979,7.17528015805321
2980,3.757215252453578
2981,9.50087816170292
2982,4.714110605813265
2983,4.415361936920163
2984,8.219492270963096
2985,6.799791691592767
2986,6.370495380722436
2987,8.821831603950484
2988,6.445721922538348
2989,9.108376672331131
2990,6.757427142701092
2991,5.0352178866759925
2992,6.555843815305047
2993,6.223340319369916
2994,5.893053789531736
2995,6.263527580424193
2996,6.9487975037826315
2997,9.725093867267969
2998,6.099298464162851
2999,5.1519825691447485
3000,9.127329718014062
3001,8.250177687519031
3002,7.055126127639491
3003,5.489644851267744
3004,7.39800141120928
3005,6.397261649492913
3006,6.57316491419034
3007,6.4375094542486995
3008,8.968982580673877
3009,7.2744771846955505
3010,4.839580569439077
3011,4.350446131475648
3012,8.266931486145292
3013,7.120173343933036
3014,4.9260170849727025
3015,1.5673191818559098
3016,8.224682647950488
3017,5.466318149284596
3018,8.535651999559741
3019,4.478955679821575
3020,4.108540108437975
3021,6.283374890153804
3022,4.435472282569553
3023,6.213906142022923
3024,8.013749314342059
3025,2.9126853930131364
3026,3.1849619233076845
3027,6.094980258451047
3028,7.910432485433252
3029,4.648699012343269
3030,6.9707107251329505
3031,4.395162774257855
3032,7.242234546067369
3033,5.05479935301016
3034,7.190854466534281
3035,7.757759329658534
3036,7.060481652880148
3037,6.304292164359581
3038,5.888652335196499
3039,8.80532406950107
3040,6.620573852264829
3041,6.64395648015225
3042,2.4582836830699955
3043,4.919409172748574
3044,5.650661017018351
3045,7.436597482328119
3046,9.190818959793534
3047,6.603485634731286
3048,5.017341739734227
3049,7.918402691761599
3050,6.168014351001503
3051,8.424504561965488
3052,3.2591232683000593
3053,6.575055850594388
3054,7.288984523974177
3055,6.681134401191391
3056,6.689073017337387
3057,7.101970123228611
3058,8.849134814729807
3059,8.098809087936703
3060,4.084360431386681
3061,5.432217876478463
3062,3.9205934065788397
3063,4.349406553653604
3064,4.263574130666228
3065,4.3378605199543445
3066,7.349833332657599
3067,7.379213021799349
3068,2.9608236422045824
3069,3.3918868813046643
3070,5.815820686200601
3071,7.509203373180905
3072,5.021572639364216
3073,7.101706851023116
3074,4.588514224575298
3075,7.082873337156999
3076,3.5111338660910016
3077,6.925547606621341
3078,8.374974637781841
3079,8.123523505746617
3080,8.694175723980276
3081,6.39363555531628
3082,7.679220550521411
3083,6.962869023077389
3084,6.646450603479581
3085,8.835468517406449
3086,5.717867102651677
3087,6.141016417424401
3088,3.815223884531279
3089,5.031754876007621
3090,9.204491741176742
3091,4.539029979595062
3092,3.0059174281917915
3093,4.364115542038387
3094,3.6414592568780275
3095,3.4212938684446113
3096,3.9840921808436085
3097,5.751467690585073
3098,8.087386149642386
3099,3.6126317752753607
3100,2.836509961660301
3101,3.7041172880628648
3102,8.10559720567976
3103,8.049345206414241
3104,5.1427010552395265
3105,5.56047844582941
3106,7.363065825408178
3107,6.3925120144395295
3108,6.802344092114963
3109,8.666780610720421
3110,6.6133101950608495
3111,4.618089583909447
3112,6.978794317723718
3113,5.439226494913187
3114,5.117184033182607
3115,5.808934724547804
3116,6.023366064267374
3117,7.2583679693539445
3118,3.892870409130992
3119,8.592192070520301
3120,6.105034748280599
3121,5.908616620258056
3122,6.637204932968997
3123,5.863616675170534
3124,4.130034251334119
3125,5.964008682178928
3126,7.224883073065529
3127,4.733480133022701
3128,2.5601998775017774
3129,5.421430920948186
3130,5.1651775010904935
3131,4.681854458583026
3132,4.517771018378299
3133,6.94799687004275
3134,7.311501326376341
3135,5.249233035796707
3136,3.63036949347283
3137,2.4886638236060166
3138,3.951928712643736
3139,6.729783328692441
3140,9.763596679772728
3141,6.993220467556743
3142,5.495162716744219
3143,6.547467813232412
3144,6.035802507743986
3145,3.5198568658271827
3146,5.500708685432495
3147,6.013074859751727
3148,2.9715325028424484
3149,7.90842032241216
3150,6.5081307887758815
3151,4.2751511908026085
3152,5.7231026468591235
3153,3.8802492168451668
3154,4.12678610191282
3155,3.073597817136938
3156,7.2224146276782175
3157,7.794357193305397
3158,6.352233159797174
3159,6.293972087852099
3160,2.953818811115675
3161,8.180594601691245
3162,6.713418929595533
3163,7.305994894827256
3164,8.196623524999733
3165,6.799431903375833
3166,4.57076312435531
3167,3.7550023250103255
3168,9.046734250998636
3169,3.9884149721131372
3170,6.797205816238663
3171,5.444810013226314
3172,6.4123776250630105
3173,3.5781488021358347
3174,7.18229063158399
3175,1.8146239354420386
3176,5.52899708722928
3177,7.242008324115572
3178,4.874517889677936
3179,3.3011890210968864
3180,6.820890240123109
3181,5.192329219345099
3182,5.79203456865491
3183,6.8333012636730395
3184,8.020720246038167
3185,5.018133942571238
3186,4.618880557116122
3187,5.322230571164382
3188,5.201476169117635
3189,3.5819301766220195
3190,2.112052132033785
3191,7.891367975409246
3192,5.372167125454737
3193,5.786636005891604
3194,7.685501025143489
3195,3.119224190278751
3196,7.95407643321409
3197,6.2902715127642175
3198,7.377285677740351
3199,4.071543967412821
3200,5.635747226944177
3201,8.54525559532405
3202,7.399209777504016
3203,5.873350091131876
3204,7.679277011771859
3205,6.842049960238946
3206,5.398138971641007
3207,7.388508643943205
3208,5.433437859651586
3209,3.644014574462954
3210,6.054441108345643
3211,3.5943082682777874
3212,1.4160944983888557
3213,8.678446163635366
3214,4.967392578298811
3215,5.270911936189675
3216,5.63262687110342
3217,4.649027406733624
3218,3.198660540369545
3219,6.207934305880559
3220,7.227628375818019
3221,7.70095207448587
3222,7.0586545527806095
3223,7.795298612493016
3224,3.5487537558247704
3225,4.0050010339446755
3226,4.715421892652069
3227,8.842450551511538
3228,4.145352918799659
3229,8.22500205257707
3230,8.732855936603952
3231,7.678087443850955
3232,5.707974315141582
3233,4.643318525191381
3234,4.65811868610816
3235,8.224196414642732
3236,6.114623837002969
3237,7.269274581238965
3238,3.692166250996358
3239,6.672100451772458
3240,5.029032572709068
3241,8.108703471017305
3242,4.969360270740135
3243,3.9782736639078773
3244,7.317203187030306
3245,6.391266411093671
3246,2.3210234934607867
3247,6.682449575222812
3248,8.920836964495313
3249,2.017400086760724
3250,5.223260575727644
3251,5.608906742040537
3252,6.3452943289486265
3253,5.700187201066069
3254,4.611334868200478
3255,4.834680011110177
3256,8.03760443659806
3257,6.569092737335705
3258,8.238560857828976
3259,6.857722193764538
3260,7.2241880306764
3261,8.18072079641503
3262,7.845033078865536
3263,9.133254943658597
3264,5.656587974033451
3265,8.18887855000247
3266,7.420821718812888
3267,8.217895752026228
3268,7.253100060810177
3269,5.41452311467077
3270,6.056307924944184
3271,5.108604120673875
3272,6.496294934689373
3273,7.805004674841809
3274,1.7814721367261064
3275,6.620935272424639
3276,6.489677502352819
3277,2.0346474719260703
3278,4.245158314727282
3279,9.175209966990776
3280,6.845717240596164
3281,5.097068361614665
3282,7.012990705695868
3283,7.052669598972188
3284,6.978116062085193
3285,7.183551380791641
3286,4.242904130369493
3287,9.281730793275605
3288,5.428968721443823
3289,6.497903498348059
3290,5.369190891549562
3291,4.665995194236036
3292,3.8794748650915474
3293,5.583280998837874
3294,6.535653383912157
3295,4.981358757954111
3296,6.723066529413298
3297,7.279764770709987
3298,6.603078507980353
3299,5.2244870800560355
3300,5.514393774532086
3301,5.365675705545
3302,5.5998966533274395
3303,5.192201919882
3304,5.307636664323611
3305,6.014644770902774
3306,5.7988520530011325
3307,6.5176151093767745
3308,2.3821839669543046
3309,7.454270457959242
3310,6.680634899907729
3311,8.147358730684662
3312,5.317114550070648
3313,6.49208173305653
3314,6.406824379528997
3315,4.3535659858435585
3316,6.810222414516018
3317,7.695311586143809
3318,1.5009041797068319
3319,8.371602310433497
3320,7.106160287627778
3321,4.11724989941103
3322,1.9699963033884624
3323,8.113497069665883
3324,6.890986355034596
3325,6.132692494170934
3326,9.965916774358325
3327,7.343973832982298
3328,6.453368132149628
3329,4.450734498701863
3330,7.025944685501981
3331,7.046132615752061
3332,5.651483107125389
3333,5.613155314961896
3334,4.882650544508884
3335,6.478545761130764
3336,4.444689425809394
3337,2.714132066660019
3338,6.783657924100792
3339,4.549383379366553
3340,8.051556473591292
3341,8.256683285093958
3342,7.223358725360881
3343,5.840146807486704
3344,4.752943952330689
3345,6.722997986461087
3346,6.795133113587978
3347,9.212991130924108
3348,8.603465116480093
3349,7.779076237176717
3350,8.407534026307214
3351,4.659738486531391
3352,5.543696366279705
3353,7.144416653655584
3354,7.149050457184118
3355,6.2940571938993495
3356,7.148950975510868
3357,8.043359811636794
3358,8.675429680825516
3359,5.992340016342269
3360,6.377071223909585
3361,8.120118236316468
3362,7.795586445287694
3363,6.20253053069335
3364,7.403234074328712
3365,2.3927472870287225
3366,4.944608385708378
3367,5.444659038121426
3368,7.278553546750021
3369,5.9447564484975555
3370,4.5929380484379365
3371,6.699718857377965
3372,7.058367472427739
3373,7.5849596393379235
3374,6.210660699119659
3375,5.281877795245424
3376,8.469629785870307
3377,4.300888386995081
3378,6.782218728505239
3379,5.729690914580268
3380,6.660518576473025
3381,8.139006480226962
3382,3.39024180844408
3383,6.550264311439181
3384,6.727494092822554
3385,7.865172934315017
3386,4.088151304438717
3387,7.9471793174086685
3388,8.679577677576633
3389,7.7032136463343175
3390,7.867882773698254
3391,7.874748838016318
3392,3.5637065137109256
3393,7.126598809311018
3394,6.6105706164225895
3395,5.458578621286979
3396,4.348506985680762
3397,9.571597376285478
3398,9.825740471433672
3399,2.4653391580713513
3400,9.475900087458882
3401,6.043567964394913
3402,6.677096159028219
3403,5.447833972157755
3404,6.173269254046083
3405,6.1203745623478785
3406,7.7392581701285685
3407,7.4292954107935305
3408,6.33602993692664
3409,4.822844748950091
3410,4.962594661999432
3411,4.845372085590785
3412,4.155737338466207
3413,6.481743213210377
3414,5.699579662728493
3415,6.464605512223869
3416,5.760361688433349
3417,5.800529114094042
3418,4.606061697435377
3419,6.361023548408367
3420,4.658744479837979
3421,5.660270113902509
3422,7.117095412226698
3423,4.3641064362196875
3424,7.224997650549177
3425,5.288899193830487
3426,9.223517576061036
3427,4.198883390240264
3428,5.318657557861657
3429,6.900594329809763
3430,6.409915260405001
3431,5.6003056419910635
3432,2.716645017303138
3433,7.164386713498584
3434,6.397639120762238
3435,6.4050868460003585
3436,5.047847387516381
3437,4.723191045435299
3438,8.611777182322735
3439,5.218210240184408
3440,5.8988046520450474
3441,3.097388122968715
3442,7.18234071860609
3443,2.624019932925016
3444,5.484116200490064
3445,6.677712303023183
3446,8.804343088800014
3447,7.863698507412654
3448,5.453611790645036
3449,5.008295909046552
3450,5.2527129478890595
3451,9.084895008112182
3452,9.329393064793248
3453,8.484810416126466
3454,1.9648854747368354
3455,3.9007112434284723
3456,4.749851321138089
3457,6.412003528235781
3458,4.601626739516296
3459,8.325457429705573
3460,1.9866257738155355
3461,5.778251937352322
3462,6.13879014062571
3463,4.207575959563371
3464,7.288225346959513
3465,5.560922171553951
3466,7.441499564090027
3467,4.532293166854492
3468,5.0122617713127555
3469,4.28371208384334
3470,5.863850016644539
3471,4.868871770269631
3472,4.108405119821357
3473,5.368851269048686
3474,9.31027922494138
3475,4.386733139706357
3476,2.5673409703188574
3477,3.835773550775644
3478,5.243882479936142
3479,7.311136047520893
3480,6.52997906320566
3481,3.641517320010986
3482,6.744225930431393
3483,9.01894839747079
3484,5.289616455326757
3485,5.877186415159971
3486,6.037296704088178
3487,5.055665161243165
3488,5.970097982037743
3489,4.1167966224079615
3490,4.065656560466478
3491,8.095353633570895
3492,8.601795711917697
3493,7.444039724782084
3494,8.939187093447465
3495,6.158468478078714
3496,7.952161429768613
3497,1.9502375049544263
3498,6.186484079787623
3499,6.35010828976151
3500,8.387777295791077
3501,4.2818589486527525
3502,2.632492632134769
3503,4.728483213279102
3504,3.744496485691215
3505,1.673037157078221
3506,6.023362921206288
3507,7.731660924077634
3508,7.318013062137862
3509,7.232634074091494
3510,4.695457431546846
3511,6.77691611845945
3512,6.25886465550446
3513,6.230427950735787
3514,6.816698506880052
3515,5.351969355412947
3516,4.950857679729845
3517,9.133314068772371
3518,1.1192617449109574
3519,7.079776669210999
3520,5.724161151796996
3521,6.34301445223442
3522,8.782272798288137
3523,5.25275415470733
3524,7.3655359557679425
3525,8.783996277661627
3526,3.2333479629123536
3527,5.648799064930109
3528,7.741082191315414
3529,9.540842163458853
3530,8.353062504041999
3531,4.124575745289057
3532,6.111247261689263
3533,7.283304845889242
3534,6.8276970618443595
3535,9.261517221799167
3536,6.538405177638477
3537,4.119501414124792
3538,7.478538368225632
3539,7.5250308506095696
3540,5.48588065478036
3541,6.91667204690863
3542,7.225396126217973
3543,6.303696270664499
3544,8.186921343338769
3545,7.340208059095465
3546,7.795571274286858
3547,6.815355447540375
3548,6.009161607743306
3549,5.269892722853774
3550,6.34663588980787
3551,8.48608543067393
3552,8.219891914490288
3553,8.127578482752288
3554,5.43115673288803
3555,7.7031920803230705
3556,5.616586394446417
3557,2.998278432169647
3558,3.2354888023173247
3559,5.440702220655872
3560,4.333268781659833
3561,5.728346657489323
3562,5.021703160937995
3563,7.554973008669396
3564,8.231634900059268
3565,5.481896632496881
3566,5.436945309359011
3567,4.577466478050309
3568,6.543047086362903
3569,6.699910619710231
3570,5.895281461323129
3571,5.992716845302997
3572,2.0808621267723137
3573,8.507907960624122
3574,5.614551209201817
3575,5.068097442314796
3576,7.7470664619264085
3577,4.384464322138446
3578,8.398179146033574
3579,5.364994026727507
3580,4.553248372846492
3581,1.874447488133516
3582,6.015218578575737
3583,5.52030175040341
3584,3.2361099127522235
3585,8.254384422576772
3586,6.31706354442856
3587,5.412922066896739
3588,4.541114194510208
3589,5.024064094916067
3590,2.9627533600581537
3591,7.360090927029212
3592,5.847166961462748
3593,7.876696933237222
3594,6.556039700059005
3595,4.855778261361194
3596,7.928236812075844
3597,6.1106845783973665
3598,5.5508936157510025
3599,6.682356654814342
3600,4.816090439513586
3601,6.607265690919668
3602,3.4424293649099504
3603,8.61094483122691
3604,5.30905817436839
3605,5.560912290737319
3606,1.5474416753778752
3607,4.613350489323139
3608,6.579094952682338
3609,5.553246389967676
3610,5.63137720662439
3611,8.803518336532479
3612,6.158327693305966
3613,4.817624606235485
3614,3.528762667919307
3615,1.5741883897280229
3616,7.84394676416707
3617,6.173287393274714
3618,7.302103824359363
3619,6.803689814854102
3620,5.5067033781678925
3621,4.002903492665613
3622,6.267437623045967
3623,4.42645079168924
3624,8.78390032046968
3625,6.415263355854039
3626,8.869682094566848
3627,6.655185979121483
3628,6.754002968624023
3629,4.165826670647561
3630,6.131228740741012
3631,1.8025149571850276
3632,9.48994747573834
3633,5.855506315826761
3634,5.923285435115602
3635,5.889696463777509
3636,6.255590611436197
3637,2.4566324680157607
3638,5.693655358119574
3639,3.5228197922038285
3640,4.075910616313936
3641,3.8108352571314756
3642,3.490971213897117
3643,7.65366709655245
3644,7.2839829591914835
3645,7.251831291098918
3646,3.6163544650498154
3647,6.295207001691689
3648,7.656261462579149
3649,9.56272485556393
3650,8.164828340213768
3651,7.3116173451652
3652,8.471481096733743
3653,6.565565467347822
3654,5.547772774174409
3655,8.992830946097438
3656,3.2133324188149475
3657,8.639158398751308
3658,5.719501153794481
3659,4.498262922469909
3660,7.755383674449313
3661,7.047384493427353
3662,6.05304790969747
3663,5.542931002621696
3664,8.367659665969315
3665,4.451324957242059
3666,7.764154013767492
3667,6.9767866106933045
3668,7.659923481324556
3669,4.560754604239666
3670,3.2606608764145726
3671,6.707459107376814
3672,3.07536935900078
3673,6.487084042195683
3674,2.7209235834040957
3675,2.320526870676487
3676,5.683653651819159
3677,5.27491840875353
3678,5.575721941503917
3679,6.412896006087198
3680,9.85912225461053
3681,5.607110134088612
3682,8.950341509615889
3683,8.793758638567999
3684,1.653609430911233
3685,5.279141149318061
3686,6.9570889712406965
3687,6.131240876312387
3688,3.169444182414848
3689,7.15753788144335
3690,6.089524483405962
3691,7.368047598468478
3692,7.882421881625438
3693,8.991552713996992
3694,6.570253365075125
3695,7.640991689790375
3696,6.512301538302962
3697,8.233999438159664
3698,5.005820849186469
3699,4.761528535795431
3700,2.7640025906872907
3701,3.742147343294198
3702,9.050606635654338
3703,3.498822354814622
3704,7.218054860161204
3705,7.2509830039228875
3706,3.549076782419193
3707,4.762883595182938
3708,2.648348439763496
3709,6.086138499818738
3710,6.149982242702689
3711,8.397572929834379
3712,5.5714052533812755
3713,3.6339402285609017
3714,5.059625497492403
3715,8.014395312263698
3716,5.366098748330555
3717,6.375664694142079
3718,6.70850955056619
3719,6.87917930562257
3720,7.733325767949176
3721,7.997361945924496
3722,7.140473781719359
3723,4.074558493971286
3724,8.369870176562253
3725,6.366881148710496
3726,2.603257896914119
3727,6.437966298223431
3728,7.513479164158569
3729,6.502614372637693
3730,0.8099695825031111
3731,6.655498632135492
3732,4.891038066909429
3733,7.545357405395457
3734,6.865505778382197
3735,1.9556861948808166
3736,6.4137327213931865
3737,7.421917390409537
3738,5.569087873627468
3739,8.539199949250953
3740,6.869556250954741
3741,3.6844817853987255
3742,8.81730138829541
3743,4.529239474104289
3744,5.816831756554095
3745,4.856394170514623
3746,9.534785575256056
3747,7.696955088925169
3748,6.663974013634082
3749,7.571435839542124
3750,2.7021903672718897
3751,3.713177847934374
3752,6.508776042886265
3753,3.904545145769028
3754,4.099302574194608
3755,6.149261997317701
3756,3.6652151333705856
3757,7.665687657640808
3758,8.064110914945113
3759,7.074622889152008
3760,8.916298842430209
3761,7.090472455909379
3762,4.4256672688966106
3763,8.112055162185422
3764,4.795316284310837
3765,8.901734678825349
3766,3.549661518319344
3767,5.960345797355684
3768,6.056058719916881
3769,6.158438782514973
3770,3.733733999172607
3771,5.9017562096904035
3772,3.17540713953545
3773,4.855331923325624
3774,6.281334955114899
3775,6.608923639120288
3776,7.375762262475988
3777,1.0133910451372612
3778,5.9323846964156655
3779,3.6431252292466056
3780,3.060838380824836
3781,4.213350101717054
3782,5.14141363106355
3783,4.069840589355897
3784,4.362186556461497
3785,8.021884431998798
3786,1.9881352320599448
3787,8.390239831545427
3788,4.992501803980656
3789,7.316499090673248
3790,7.631550726094082
3791,5.11440508166229
3792,8.459670772609671
3793,4.547857168111756
3794,4.698959087990148
3795,4.340572985137468
3796,4.238643804740933
3797,6.357585086378435
3798,3.853103518067834
3799,5.860866684651814
3800,5.025908479790726
3801,8.661452762797067
3802,4.093830259730083
3803,1.6959649077195131
3804,8.877390045951424
3805,2.1661276753317913
3806,8.32161313183343
3807,3.2962958748719142
3808,3.8907246186421367
3809,9.226445141194892
3810,4.783461933731121
3811,7.5295069311602525
3812,6.5296602403126425
3813,6.75123026574091
3814,4.970211662683222
3815,7.021163492422868
3816,5.196600927176509
3817,6.140494984385193
3818,4.6138035229271885
3819,5.752989015022469
3820,8.35484655777085
3821,4.36098862117344
3822,8.091864517879207
3823,6.98257536292409
3824,8.598733344618209
3825,8.048155553749151
3826,4.645900223125372
3827,9.298401374102493
3828,6.193074552828243
3829,5.710583898331675
3830,6.471205884324748
3831,9.288734772290287
3832,7.555733864368756
3833,5.04816311316481
3834,5.596843546678465
3835,8.326295298283036
3836,5.679711117003714
3837,3.707226624861032
3838,6.828291142596926
3839,3.6375987875894245
3840,8.670176326892944
3841,7.053769380248407
3842,5.520198265719658
3843,5.787893964419207
3844,4.68990073151165
3845,8.770820699909704
3846,3.0489349482792893
3847,5.833886437011764
3848,6.7902889605304395
3849,3.9961196055764283
3850,9.28111492141663
3851,3.278342466531708
3852,4.781110936283011
3853,6.0599752180299
3854,3.1483323897129925
3855,4.095207444955457
3856,5.2167493582462745
3857,7.022574125846857
3858,9.616318942896276
3859,3.8355400579158574
3860,5.6415075040422105
3861,6.695646408314502
3862,2.3931758216810266
3863,4.814338521649781
3864,7.9001039214567506
3865,6.223058534917694
3866,5.945412783518474
3867,6.143204688874069
3868,4.504296908886827
3869,6.1712612011738175
3870,7.0268381240897915
3871,6.053990852279074
3872,6.058623668730527
3873,5.768540993974125
3874,6.9571935060689984
3875,6.127375060921318
3876,7.693356647006716
3877,6.801719716100053
3878,7.186463701683851
3879,1.9641723443913586
3880,6.880210151792274
3881,5.356982270073483
3882,7.014699641109909
3883,8.441921616762464
3884,7.815670257750046
3885,4.179391363340681
3886,2.5633277832234067
3887,2.161679186295768
3888,7.790038099787943
3889,6.236482964900616
3890,9.320148447593603
3891,6.687105493156195
3892,3.0573222896487033
3893,3.235903553942792
3894,7.577110436392473
3895,5.531536662164178
3896,5.541533892080427
3897,3.2554358195564026
3898,6.557849656098026
3899,2.2050904631467896
3900,5.162901083676438
3901,7.183809084041287
3902,8.240120523227288
3903,8.72425800562854
3904,5.843573813508467
3905,7.476338140127349
3906,1.4567645525342556
3907,8.721737547039428
3908,3.457557664489019
3909,1.1730514062329955
3910,7.671534887608204
3911,7.046442837760313
3912,4.000622843107813
3913,5.039574838229823
3914,5.092023267899809
3915,5.892206076474429
3916,9.263792556906587
3917,1.8122196663928332
3918,6.547702802899995
3919,6.213813873011653
3920,0.5157102247197318
3921,5.984765161461521
3922,3.1371223725575366
3923,6.750273692291502
3924,5.813643928211358
3925,7.866194916936772
3926,6.667397594799833
3927,3.186533893557571
3928,6.946788383762151
3929,2.2936336432288016
3930,6.424379042643543
3931,3.922485424198531
3932,3.6742672759874
3933,5.869863943665133
3934,1.587492977458877
3935,4.596855176306324
3936,7.615594193988626
3937,5.049544834237053
3938,4.382592281346745
3939,4.8125367710146625
3940,7.463240551771761
3941,3.639457165148138
3942,3.341358018337145
3943,6.454053933479493
3944,4.874778918706372
3945,4.46427174589519
3946,5.873653493788906
3947,8.23004675335112
3948,8.479600219999703
3949,3.761135428495159
3950,2.742531855369285
3951,5.74257496645976
3952,3.5699803569015964
3953,6.70999686769332
3954,6.075926572138275
3955,7.2659805659179435
3956,5.737029853695833
3957,5.487429659178232
3958,4.811230873237124
3959,7.936308107511881
3960,7.74956391043849
3961,3.7222899560250386
3962,7.667348569149392
3963,4.251696805806255
3964,3.6004957448730646
3965,6.688389725712605
3966,5.481185263420115
3967,4.680580834666017
3968,6.675462076912183
3969,1.3537812476203492
3970,9.095435087196865
3971,8.326057354349997
3972,6.31494311491339
3973,3.7854416392816943
3974,9.077610440296322
3975,4.7609326737612605
3976,8.761438295576582
3977,6.57220064724719
3978,2.85571694965977
3979,7.236357936324409
3980,5.206122799592706
3981,7.741770402640208
3982,9.620846832676904
3983,6.854616529934274
3984,3.464307148160104
3985,9.416541605703971
3986,5.563133047887531
3987,5.2661670458010645
3988,6.945906359903716
3989,7.541271105589701
3990,6.178256009046766
3991,2.1213019951027916
3992,5.713286661196528
3993,7.987020977327427
3994,4.0222205148410195
3995,4.170587743964466
3996,8.744835450139682
3997,7.979185544818731
3998,5.411134404502467
3999,5.649204230479639
4000,4.407284651356309
4001,5.767933500570442
4002,3.8741730001503867
4003,4.634631488413761
4004,4.9872188892823495
4005,5.242984834439343
4006,6.721283877138701
4007,4.782000430812372
4008,8.835049692998867
4009,7.204715891319768
4010,5.713976226497358
4011,6.700847428520376
4012,2.5408726951751586
4013,3.2983118110062355
4014,3.666222192896762
4015,5.317863782108436
4016,4.118852383915949
4017,3.3278975612262984
4018,6.831978121982807
4019,5.852699345611991
4020,8.997707902137002
4021,2.0929044507031227
4022,8.19233384112416
4023,5.66399652776309
4024,6.706287603396449
4025,2.350626539881556
4026,7.571673108987531
4027,8.299770010753036
4028,5.02560445421823
4029,7.14543637610908
4030,6.121785808550572
4031,8.055353937839222
4032,5.185972706397217
4033,8.746517790700375
4034,6.622993550460171
4035,6.309064015136379
4036,9.545733719277932
4037,6.753068958184373
4038,5.432690134132486
4039,4.716088106200204
4040,3.3096914316196946
4041,8.194303987588327
4042,7.310390255237808
4043,8.175696370940601
4044,6.202165301243154
4045,7.821758208009511
4046,4.937762970266052
4047,3.3631862444098917
4048,7.374649930151141
4049,4.033100917697515
4050,4.991062119896846
4051,1.934931224647317
4052,4.016029824350339
4053,6.039812255440754
4054,7.789513748469816
4055,4.32428489021285
4056,6.701199830983505
4057,7.601605428482243
4058,8.620384608996412
4059,6.893720438600252
4060,7.861598539620269
4061,6.66329324443709
4062,3.23215422457136
4063,7.771279479869144
4064,6.096131589040719
4065,2.67397864771317
4066,6.48081589549842
4067,5.4370597905298474
4068,4.613943279914518
4069,7.611948242268206
4070,7.447381610202688
4071,3.340527219960511
4072,7.492913833285611
4073,7.7543157055161975
4074,5.896105004794826
4075,6.565971484211123
4076,4.298644358592375
4077,5.752250607888239
4078,6.575621679964493
4079,6.805108948771487
4080,2.285499798746294
4081,5.565848919102583
4082,5.395207424905895
4083,2.149849096291016
4084,7.108984301620945
4085,6.069881953369299
4086,7.900235813513172
4087,5.548438125124995
4088,5.941855700186929
4089,4.346718598957808
4090,5.203380096119336
4091,7.583762007216647
4092,8.009500634916975
4093,4.364267482715316
4094,8.640914993076203
4095,7.488371449715115
4096,7.285353887458431
4097,4.493799370359735
4098,7.731117742511502
4099,4.904162334596126
4100,1.4027626619154205
4101,7.097883845548259
4102,6.637495213869181
4103,5.2069295312482335
4104,3.213740372021994
4105,5.934348095134821
4106,7.591675527804288
4107,5.134675044476063
4108,6.104508175460323
4109,5.538907803424859
4110,5.783868750060902
4111,5.475284322236986
4112,9.278688164625077
4113,4.720196084669134
4114,6.763789224612048
4115,5.520482068759077
4116,8.737422811225942
4117,6.314993217106796
4118,1.563640158082567
4119,6.499962644158961
4120,5.407997445715419
4121,4.704400603172877
4122,7.841981899904856
4123,5.482288042089047
4124,8.634948973567814
4125,5.002380090024178
4126,5.506059877342733
4127,4.153753199300246
4128,3.9165545397064774
4129,4.147629481762787
4130,3.3365548204801128
4131,6.412073545097464
4132,7.697412528326158
4133,4.7471228249563
4134,2.69806569548749
4135,5.948088450983376
4136,5.943783920114515
4137,5.018418669641317
4138,1.9858723419653008
4139,7.166263011020178
4140,3.9906333091734876
4141,7.946002893563203
4142,3.766519448004889
4143,7.7678833892251395
4144,4.249044380094121
4145,5.52182361765858
4146,5.93492665467155
4147,4.621618429961947
4148,5.702286737189742
4149,7.1183826134827966
4150,3.2763509325779188
4151,8.728013391290848
4152,2.3751571461870316
4153,7.422195568377484
4154,7.567884845819579
4155,8.190177735414203
4156,3.127506113411153
4157,6.296735764600676
4158,4.366669753189271
4159,4.773953375442321
4160,5.605225121970521
4161,6.842396465253188
4162,5.139358719930733
4163,5.4025396624686515
4164,6.155523728436691
4165,3.0194254081913496
4166,1.2955713361081638
4167,6.516640235698878
4168,5.443306586573849
4169,4.985134641831424
4170,3.1653899610289806
4171,2.7943993848755215
4172,5.266456153727102
4173,7.929422104699074
4174,6.739733782562684
4175,7.487377919724986
4176,5.248412328316191
4177,6.483858625126401
4178,3.206982647349729
4179,7.550734387722469
4180,6.906105387628797
4181,3.648430043548769
4182,7.740730148713228
4183,4.67531687092456
4184,5.756168180324126
4185,5.309981438557342
4186,6.779383984351632
4187,8.544693632197621
4188,7.057156215816303
4189,7.95385849886015
4190,4.3655788929348045
4191,6.926475401401494
4192,7.161096471773948
4193,5.21884649039598
4194,3.2146630441128723
4195,8.307284756793198
4196,7.229140321947878
4197,3.4513044681834186
4198,3.835820042948226
4199,9.351088974202248
4200,5.634580687585519
4201,8.643525596781773
4202,6.8674505712200204
4203,5.792778553396081
4204,7.492701737155174
4205,3.5810073469571995
4206,5.559935439651148
4207,7.643532621505001
4208,2.5870448230784153
4209,5.761024190252804
4210,5.0099863047944995
4211,4.874086988795769
4212,7.324660400558567
4213,4.60506206262187
4214,6.082051213721232
4215,5.615220155583164
4216,6.336666834085094
4217,6.9375239549209144
4218,5.270212328736629
4219,5.9021696963950525
4220,6.098989324533925
4221,6.734315241033018
4222,5.08050834106353
4223,7.373527647351197
4224,4.390780568618441
4225,4.627004587623829
4226,7.203668344841534
4227,4.28651453608873
4228,1.8111295127971443
4229,3.477672707828194
4230,5.966998876864844
4231,4.7771316229974925
4232,6.38261248147901
4233,3.680467630229713
4234,7.058479647927604
4235,6.024566816913981
4236,7.549650920516932
4237,6.90999719196043
4238,6.034618176990324
4239,7.865297542788092
4240,8.308675272316668
4241,7.373873121278483
4242,7.829635295863038
4243,6.41200302402644
4244,6.606418156061022
4245,6.747166897758968
4246,5.60927312117528
4247,7.9127932414323565
4248,3.448637018491692
4249,7.880552306068702
4250,3.5865808552757934
4251,2.0463800311768274
4252,7.739642292463562
4253,3.784995181484536
4254,5.46058161220754
4255,4.547244671246862
4256,5.684331204245634
4257,4.930915360095085
4258,8.188357139128666
4259,9.200774976730044
4260,6.924317821587241
4261,2.0148802117198175
4262,5.14939436909965
4263,5.475772931803631
4264,3.360108282949574
4265,4.643040832197968
4266,7.174956338521344
4267,4.514432375746723
4268,6.883097380849168
4269,4.849824795698103
4270,3.498415575973122
4271,8.54038272257758
4272,6.926063987936848
4273,4.275516924896988
4274,4.018098505040491
4275,6.104839358351246
4276,5.466533966383681
4277,6.920187100648464
4278,6.770691219483349
4279,2.785208399003616
4280,8.571874752301571
4281,8.555883420754919
4282,5.407611179458764
4283,4.971757037370116
4284,7.069546419670351
4285,6.416867910265579
4286,5.107403058715722
4287,4.577641175437822
4288,6.162176289813727
4289,6.310014973476363
4290,9.194686159170981
4291,5.589721228583311
4292,9.177701825062114
4293,5.315141273004736
4294,7.275475701567331
4295,4.519930479985587
4296,5.288609998850646
4297,2.693244612539987
4298,2.2633905681971416
4299,3.527069005999254
4300,7.52230538600308
4301,5.369983517548725
4302,7.997148905792801
4303,6.25961065880131
4304,4.430757900432974
4305,7.2209593711159
4306,8.231409129528759
4307,6.900142283746346
4308,6.336851260592553
4309,4.93698848310016
4310,8.047784178860445
4311,7.016027230391208
4312,7.884195907182916
4313,6.686693924924521
4314,7.872725760510519
4315,4.721421787673036
4316,6.173094783071916
4317,7.048949949894655
4318,5.77288878437622
4319,4.56856151792899
4320,6.080853292980851
4321,3.5201092366189184
4322,8.105850524409185
4323,6.383175402163862
4324,4.28114809642588
4325,8.368410184070662
4326,4.661196939265505
4327,6.10744573770031
4328,6.496943069201088
4329,5.2206876503395465
4330,4.8414661843813995
4331,2.320663569752512
4332,3.6299470120739024
4333,4.1936138249642925
4334,6.876695967633874
4335,5.4950819527957115
4336,5.4800244392918325
4337,4.733493449606902
4338,6.934798257830721
4339,4.042106116917737
4340,6.242055392897046
4341,3.191524633758461
4342,2.736880668282414
4343,3.373711922807159
4344,5.17356162240467
4345,3.380679932460358
4346,4.013681080885768
4347,6.012530255033204
4348,6.595564786133992
4349,6.803079233657581
4350,8.325401431596669
4351,8.527811501126774
4352,7.400290568746434
4353,5.690666400711479
4354,4.81084959906626
4355,5.638395232415763
4356,5.4470721979407175
4357,6.551580095460088
4358,5.9472208631776216
4359,6.445935801455877
4360,6.315199537310497
4361,6.638218703525227
4362,8.357458487103859
4363,3.3058335382213655
4364,7.700838945814737
4365,8.610838878052732
4366,8.099423078512597
4367,4.207831212295923
4368,9.472287484448803
4369,3.379586649735072
4370,5.026403878617425
4371,3.2700492274606034
4372,2.7149094670818408
4373,8.994517726010955
4374,5.0776545609271295
4375,6.533435875929719
4376,3.450755375286082
4377,7.197551438308384
4378,6.8934354213708575
4379,5.999645206106497
4380,5.59323020560677
4381,5.594412656989026
4382,6.123638141422768
4383,5.30039343321924
4384,7.9346709080577185
4385,6.660809705719317
4386,9.376740968303622
4387,5.690248351980722
4388,7.0177469351299
4389,8.99609321654918
4390,4.046059686477141
4391,5.426503118304295
4392,9.279697943185107
4393,5.608451506523934
4394,9.268089609462821
4395,7.439458961056031
4396,5.038024726134061
4397,2.467048859746558
4398,9.457351772274999
4399,7.007857741289801
4400,5.66639543117581
4401,3.7507414501724425
4402,7.14328313830455
4403,4.292740484619525
4404,9.27173705948618
4405,8.278283083534326
4406,2.1394236323439255
4407,7.7438448856974
4408,3.554178056094856
4409,7.240188524954066
4410,5.142672107014552
4411,3.0667651551012516
4412,4.566998523962939
4413,1.6047019399260014
4414,5.145146363130762
4415,4.374569840674054
4416,5.466473543681375
4417,5.642448499163124
4418,4.989999078141352
4419,4.055118583212745
4420,4.617307217689707
4421,7.2205202848163665
4422,6.453314790019552
4423,7.077117240713681
4424,4.781033220848457
4425,5.523239771056478
4426,8.537794608838508
4427,3.9026602643385226
4428,4.912938065993565
4429,6.477558807023353
4430,5.220930067171238
4431,4.1192340542660695
4432,3.5298920862553294
4433,8.33212520481801
4434,4.512429451468984
4435,6.384443095868952
4436,5.75689656463059
4437,2.2949529419476367
4438,6.58314874470412
4439,6.279880004238735
4440,8.069047409232578
4441,9.004168894668332
4442,6.435949715350928
4443,8.806791540257978
4444,7.177752788848448
4445,4.095147043852154
4446,4.959751169611362
4447,6.170644396272216
4448,5.365331190189988
4449,5.036415101800699
4450,3.911898630950513
4451,7.239482782695339
4452,5.515454161478267
4453,5.779895370863105
4454,4.159413220573715
4455,6.01945423870108
4456,8.384872457195048
4457,7.027651203109437
4458,4.6243594407104505
4459,9.08937900976011
4460,7.729613482646361
4461,7.192397430948787
4462,3.4887673222801077
4463,2.8722294150905565
4464,5.678771501383874
4465,4.321596698668227
4466,8.116825772561619
4467,4.347164476815756
4468,7.017343323894938
4469,8.43971556674304
4470,5.98608573189483
4471,7.81137083841914
4472,3.4747757120824985
4473,1.5593438468442395
4474,4.906091435043163
4475,5.039014194414111
4476,5.6648774495774
4477,3.986181192235892
4478,4.08168387748429
4479,7.264748563165474
4480,4.832613412346608
4481,6.61111318816892
4482,5.593854754881625
4483,5.620279002693602
4484,7.769206337922604
4485,6.798583976368994
4486,4.670027636490729
4487,9.590361115250234
4488,5.48872913356742
4489,6.325715142288425
4490,5.589114780977869
4491,5.533927858518349
4492,9.596194456544879
4493,4.535616412070187
4494,8.370981530529455
4495,2.227484411861621
4496,4.623647143520793
4497,4.620806931800548
4498,3.154055808080262
4499,3.699800190234081
4500,6.184917521733664
4501,6.287461045874828
4502,2.223133375933881
4503,2.0586925308231967
4504,4.418472147345682
4505,7.333092241111958
4506,3.5674916694655274
4507,8.64361022241897
4508,8.905957875838348
4509,6.160287777976939
4510,4.5224065386941215
4511,7.29009217212162
4512,7.3026123675510926
4513,7.092523533084202
4514,8.914836602757374
4515,7.789720961697099
4516,4.143367525044041
4517,6.872569160893974
4518,6.738315138178112
4519,1.3111503734234786
4520,7.055133558773319
4521,5.135370364136414
4522,4.715372718790345
4523,6.93705177430132
4524,4.465807065960254
4525,6.963078504639242
4526,6.747831988266738
4527,7.869875979123126
4528,7.525938656383696
4529,6.995733355370182
4530,7.289899897977166
4531,5.3139226804412685
4532,2.9323512509584106
4533,9.509503578851396
4534,9.446335289426656
4535,5.64540569434311
4536,7.584388531981903
4537,8.191328311816342
4538,6.107182234146823
4539,7.138876235620738
4540,3.166510055204348
4541,4.500722157180217
4542,4.012156506549103
4543,3.971795236649825
4544,6.7499218338747715
4545,6.021315292844735
4546,5.465985472128454
4547,5.843541142247133
4548,3.5874840269179518
4549,8.861378276387681
4550,7.05368558855148
4551,4.77404646146835
4552,4.448458499772853
4553,7.907384163020167
4554,4.116490006346184
4555,9.776543293766688
4556,5.621642370829777
4557,8.23000408695216
4558,3.209291809122181
4559,8.102427721958353
4560,6.640502281809444
4561,7.405713856554913
4562,3.9287717736461385
4563,4.204317411486606
4564,7.782626756394202
4565,2.0888188242853407
4566,8.128782639538247
4567,5.188549960888511
4568,5.1641315444343165
4569,6.089131028532706
4570,6.103231054278712
4571,4.06692223868649
4572,6.601446804585944
4573,7.333184970157791
4574,6.081504171507488
4575,3.997751545120951
4576,5.801277548360126
4577,4.779203824260475
4578,6.573809146772062
4579,7.723885446178773
4580,8.8305190081161
4581,8.556073660594011
4582,7.868435111368569
4583,8.68114829314498
4584,3.7223441163872137
4585,6.902529618041476
4586,7.757665490036145
4587,7.336146928078443
4588,7.97965159994694
4589,7.954378585304206
4590,6.239783665506985
4591,7.98983402376984
4592,7.2610699038628805
4593,6.423958392383679
4594,6.10082393831791
4595,2.7224572364030815
4596,4.052531603123326
4597,7.135166082558561
4598,7.414563723640769
4599,3.715587434838631
4600,7.064003948211596
4601,6.266849610711717
4602,5.6771594353143895
4603,8.323392620226912
4604,5.637986753441213
4605,9.122273974999073
4606,6.764867422476904
4607,8.209025419363552
4608,6.960918090074994
4609,7.180857142055531
4610,4.142503823590482
4611,5.216614094168841
4612,3.4980006930528913
4613,4.2222213734329115
4614,7.501094304982098
4615,6.885829233200619
4616,7.6280362439614295
4617,7.746156383295722
4618,5.7593622910868945
4619,6.725019308878333
4620,9.219305979859554
4621,7.029052507486495
4622,6.361449735163299
4623,3.922442959736612
4624,5.993001198604659
4625,2.6670088668596597
4626,7.1112195543456735
4627,8.891294640014918
4628,4.590466326021124
4629,4.642352934596463
4630,5.993225541114539
4631,5.103639814442126
4632,6.013385710984061
4633,8.244341765455939
4634,6.961006411063812
4635,5.420033240980249
4636,5.87245449440481
4637,6.195360735227007
4638,7.540477726102519
4639,5.351020420993388
4640,8.649941206894491
4641,6.302132361219647
4642,5.970538097706734
4643,7.243890017309531
4644,5.061569388957824
4645,8.696784459822778
4646,6.537940961651319
4647,3.3254178881850125
4648,5.848125667249686
4649,7.588591096302877
4650,5.331595435555384
4651,8.69808951954875
4652,5.819110908596246
4653,9.443704828256282
4654,6.377450902749819
4655,8.060270870608218
4656,6.959163170930644
4657,5.380352372773972
4658,3.820581915722777
4659,8.20306231914345
4660,6.880969505148945
4661,5.738934900594716
4662,1.7326888094324386
4663,8.412008190294712
4664,6.022347409971266
4665,3.788959645190577
4666,7.299170081124449
4667,4.711500570984477
4668,8.329273165751875
4669,5.245236546173042
4670,4.655273728846358
4671,8.344784560234556
4672,4.402765086381288
4673,8.576800381990726
4674,8.775705710564933
4675,3.693370381892645
4676,7.905249749962585
4677,3.287922021552363
4678,6.314446302811913
4679,6.141218370613621
4680,6.17437143736022
4681,7.002622869139983
4682,2.0980893695337066
4683,8.11248540403575
4684,8.476706812748327
4685,5.5897469326099625
4686,7.97390619522842
4687,4.152057518160863
4688,6.723227854653722
4689,9.819784610799948
4690,4.081466022366899
4691,7.3591358364999255
4692,7.006610122624035
4693,7.712620720424743
4694,5.452383796809735
4695,5.337336596119171
4696,7.61384956300103
4697,4.537334745472888
4698,7.998436481265502
4699,6.921456036590774
4700,3.8023466253255656
4701,4.994466272360868
4702,6.922301392251933
4703,4.927987339815728
4704,4.979582064190891
4705,3.4513229003837207
4706,3.047663942901251
4707,5.4707253758285495
4708,6.090930897390003
4709,4.305371636983945
4710,7.501730707226319
4711,5.018480101670256
4712,6.378679660911167
4713,4.924699646504944
4714,5.202150213557694
4715,3.8085708722507285
4716,5.709021015442926
4717,4.571972645485217
4718,5.791381881788193
4719,4.160707598085215
4720,7.531088282112832
4721,2.2694737782566885
4722,4.69934520443911
4723,7.862232362130315
4724,5.861806410596008
4725,4.61187130577693
4726,5.1077530231091215
4727,4.292528283641321
4728,8.080234610598252
4729,2.469252822208307
4730,6.788070650415709
4731,5.391724736069776
4732,5.83923875176242
4733,8.490734022389208
4734,7.218531694858198
4735,8.109065194240015
4736,6.890991963539021
4737,5.776669660672001
4738,8.974688815686369
4739,8.622308910401218
4740,5.841522683530057
4741,7.083872718180095
4742,5.6883445916349205
4743,5.8185988437142475
4744,5.802495333426831
4745,6.127292966044417
4746,3.6682313474040735
4747,8.790251851466644
4748,5.238187693924045
4749,4.645084478968404
4750,7.663668427015271
4751,6.461631614880025
4752,7.245838875237254
4753,0.8685014127665318
4754,7.148722143958383
4755,6.940088028994922
4756,5.498660029040281
4757,8.206035035321143
4758,8.33172606601224
4759,4.65635465229051
4760,3.3579410136951435
4761,5.705009736310179
4762,6.523007797847623
4763,6.334410223328582
4764,4.980502285453504
4765,6.887233574252804
4766,6.573598582923721
4767,5.5396660832062725
4768,5.022089079789872
4769,2.902578526938757
4770,3.288130262845625
4771,5.6680019432431585
4772,6.816005444265503
4773,5.925143913478342
4774,4.510028073138715
4775,7.185895954293864
4776,6.622290011422941
4777,6.710162703344326
4778,6.105795478391969
4779,9.254570898903536
4780,5.891370656821767
4781,4.398974387067886
4782,7.275325160121633
4783,2.0560428667511936
4784,5.012112241206126
4785,5.287839344104064
4786,7.822697443838899
4787,6.011894894641652
4788,8.837158806063957
4789,5.927223419701666
4790,6.4553729644229625
4791,7.7696512560148125
4792,5.303466556291889
4793,6.339555309620411
4794,5.952421704533758
4795,6.4377047774915965
4796,5.990672340644905
4797,2.8249054555739646
4798,3.434403340495136
4799,6.2049438299752335
4800,4.776328637263544
4801,9.310612163610305
4802,7.572500923206559
4803,4.741669685103181
4804,6.141556584958006
4805,6.185414925215076
4806,6.391119856969234
4807,4.816078068072743
4808,5.996004600324913
4809,5.976035322643091
4810,6.975768148689743
4811,2.541262466393234
4812,3.7936830291339856
4813,7.288541670377417
4814,2.744135280524568
4815,6.515185698204041
4816,5.509849082214311
4817,6.297583320125474
4818,5.8178421963740465
4819,5.368338783664648
4820,7.666879970320547
4821,5.655351420362743
4822,4.374279088498988
4823,6.257955567484466
4824,3.4547062395951924
4825,8.002391712622899
4826,7.341255149763513
4827,4.902260573040752
4828,7.7882366456091665
4829,7.022175563860755
4830,4.763666830676545
4831,4.776276096810648
4832,6.723882812801683
4833,6.1526963265628645
4834,3.459988380215336
4835,4.3747656884342545
4836,8.631597937510072
4837,4.978904633222478
4838,5.549933447532544
4839,7.551411658039623
4840,5.588647336625725
4841,1.7862155577613237
4842,6.837658336746546
4843,7.649535318680648
4844,7.155836700316521
4845,7.862973787842181
4846,6.9414475885527915
4847,5.350075021033869
4848,5.629216774913189
4849,3.338982476825829
4850,1.5222250329815459
4851,7.4139717832857395
4852,5.64613048478121
4853,4.166209105437737
4854,7.0668866831091615
4855,5.452315249172787
4856,2.8658875969578417
4857,6.470925625767537
4858,6.040897186598291
4859,6.428236488989455
4860,8.598030752478397
4861,5.774889829018455
4862,5.3839347901691825
4863,4.523529096318307
4864,6.565550955424986
4865,6.5989678284220705
4866,2.1956042090903867
4867,3.454289228832093
4868,5.962381911042982
4869,5.517380482978181
4870,7.368158184015337
4871,6.832602802728491
4872,5.774864508990375
4873,4.472404438271113
4874,5.415139412516863
4875,7.096862439233654
4876,8.9028848322992
4877,5.74084033717539
4878,4.906644522138674
4879,5.784369445792683
4880,7.054432568849202
4881,8.958934220201987
4882,2.7056292062140335
4883,5.093009061573586
4884,5.7674472690367
4885,6.850291270363707
4886,4.494971253156778
4887,9.38491084380354
4888,8.118513192359522
4889,3.584944608724146
4890,3.8439325441229313
4891,5.396097207844383
4892,5.42466900879211
4893,5.025196966581918
4894,4.5876447602960635
4895,3.757153589903134
4896,5.617098403835574
4897,8.123755634621178
4898,7.583108016008029
4899,7.393827249152064
4900,7.0074255972325235
4901,5.229625322597014
4902,6.395007912264437
4903,5.317604836350269
4904,5.307518697145124
4905,5.832374629116367
4906,5.296152569745447
4907,8.334352080249952
4908,2.1333251274720437
4909,7.985633762498302
4910,8.20648387721187
4911,6.189808111503834
4912,5.818204840791257
4913,6.820620218898453
4914,7.526718955206412
4915,5.055087700675758
4916,4.053791381455229
4917,5.686184559060137
4918,4.10971413619148
4919,7.433977093942586
4920,5.9668101515530285
4921,6.823261561726481
4922,4.941868853980578
4923,5.338725146298069
4924,7.948548186715752
4925,3.0756635754298265
4926,3.0980355985773476
4927,6.093770743452273
4928,5.586509246768764
4929,4.411525855128922
4930,8.121431541993699
4931,5.4578479041163295
4932,6.504890725037142
4933,8.090701070758948
4934,4.5567905027156295
4935,7.832192455020087
4936,5.022536868427309
4937,6.9010216680959005
4938,2.158612454601531
4939,2.371248707202035
4940,6.132192053203205
4941,5.221454916070022
4942,4.683187981183768
4943,6.37342364052446
4944,8.931578577056674
4945,6.469498764123465
4946,5.672958163972167
4947,7.8284627884446465
4948,1.3243634088640623
4949,5.420598735271757
4950,2.864733207808496
4951,7.727430591213223
4952,5.386520692966258
4953,6.391026607970755
4954,5.001197626340231
4955,5.2060801634361145
4956,6.641358849836205
4957,7.671437665740271
4958,7.288940700314487
4959,3.3362319674932226
4960,5.829283822101042
4961,2.844514152426615
4962,7.97545884672687
4963,6.031515954467936
4964,4.569992751664753
4965,7.4071386360159
4966,7.421608754450084
4967,7.570013649468258
4968,2.3069954226874834
4969,6.369061763291774
4970,7.119427412332826
4971,5.440538886162162
4972,4.904303708793502
4973,1.7633386700865212
4974,3.079608425671057
4975,8.387225823171553
4976,3.012574442271302
4977,8.002780735512005
4978,5.369597096706276
4979,3.028028902895314
4980,5.9285142286338575
4981,6.0096018236689694
4982,6.968618393051731
4983,3.7558880598182016
4984,7.8065388119745105
4985,5.18680889602963
4986,7.31295700269259
4987,3.920229553605419
4988,3.0620614920377585
4989,6.749430441382221
4990,8.325988400467914
4991,6.114871346280278
4992,5.280651248677911
4993,8.333054008659108
4994,6.496147469170222
4995,7.124997286862086
4996,7.60728568072186
4997,4.576015978280729
4998,5.938976683480314
4999,7.518377684593558
5000,5.02233385232139
5001,3.3899108159157114
5002,5.013616099916207
5003,5.3353432564625685
5004,5.843338778121552
5005,7.019341800904089
5006,4.671361385243424
5007,8.256085697178074
5008,3.6821509861758885
5009,6.425331368673019
5010,4.348776786231163
5011,6.917037074702419
5012,8.027228161534428
5013,3.5198257008668277
5014,4.50486960482672
5015,6.219892970978593
5016,6.524993473755912
5017,4.856386429392751
5018,6.453492787378786
5019,7.489891121959867
5020,7.576105333899853
5021,8.642690923815875
5022,5.713623440150662
5023,4.6859345696430506
5024,7.033674146831981
5025,3.6982989638349832
5026,7.684925821535824
5027,5.732677686523589
5028,5.374408800021823
5029,4.533133164653739
5030,3.5720206316990106
5031,7.553517272226784
5032,8.770665802885903
5033,6.319856072544346
5034,8.61971888803012
5035,3.1962402736096185
5036,5.6231332072888245
5037,7.419728045243919
5038,9.439460828364066
5039,6.236685097470619
5040,5.847438081623715
5041,4.7221281293827815
5042,7.629177108956925
5043,8.454433843191254
5044,5.400142041815965
5045,6.201636590582472
5046,3.972011536506864
5047,4.188337499794073
5048,4.701708774746587
5049,8.404299146158166
5050,4.14795180953174
5051,4.125206674141164
5052,5.094676365835968
5053,7.3689399829239
5054,3.2648561933320113
5055,2.268130230605777
5056,7.124366259921573
5057,5.890750062851405
5058,5.440226021921165
5059,4.719808846995107
5060,6.008567059914077
5061,6.2583746357428645
5062,7.07258783403338
5063,2.288303804126313
5064,8.779066674676699
5065,7.857341403168949
5066,5.60473636728509
5067,6.788479460733758
5068,8.722009324441945
5069,4.3854810464378895
5070,8.766662712556505
5071,7.701269737469884
5072,7.3726031231901255
5073,7.623857498683135
5074,5.023169065482841
5075,4.848542494362807
5076,6.131568296864581
5077,4.096264540362967
5078,6.310247602618481
5079,4.446808350507102
5080,7.199667485564147
5081,7.71158698469757
5082,4.285020988625599
5083,7.11935167516618
5084,4.112714460155057
5085,2.4465567694752606
5086,5.788215170025329
5087,3.8235406346948255
5088,7.4801316387480625
5089,5.630602929498151
5090,6.081669101912533
5091,6.2343356313981575
5092,4.029581391228095
5093,8.149639582237645
5094,4.73196213268274
5095,5.189664407977022
5096,0.6717025939651806
5097,4.491687909173297
5098,5.486917155223575
5099,8.59535972004011
5100,4.618655180892182
5101,6.211425647620312
5102,7.937962219458914
5103,5.932995289971498
5104,8.381471754098877
5105,2.4840285556641954
5106,5.7432836409510495
5107,5.830223025155463
5108,4.764173346523345
5109,5.457001477853759
5110,6.8619103041959635
5111,4.804531433082294
5112,6.781719477187222
5113,6.701737440034463
5114,4.479173131165497
5115,1.4591190307313842
5116,8.704915368292271
5117,5.943649489739494
5118,4.544222548346471
5119,4.3670958334290875
5120,6.517595544992628
5121,5.72029875524922
5122,7.449310845106202
5123,8.454148273349857
5124,6.640761213660531
5125,4.297648614941735
5126,4.142124042781747
5127,5.322754548875507
5128,5.527420204413411
5129,7.583348128919079
5130,6.237953945727947
5131,8.945138911339285
5132,4.375738198228433
5133,7.759609069051312
5134,4.095610299444583
5135,2.7100737800352905
5136,7.599911988497111
5137,6.394290845006129
5138,9.253733346226637
5139,5.951460615181867
5140,5.326886664099423
5141,0.13231592552574592
5142,5.83645985953904
5143,3.592810421583126
5144,5.223072633036638
5145,6.995890591173252
5146,5.271460210937558
5147,5.154806262335776
5148,5.957484704730263
5149,3.241672721168146
5150,5.302127479629426
5151,7.015098720215841
5152,8.681919630572
5153,7.162626054888453
5154,6.0066727080832685
5155,5.68708661935914
5156,5.077582346791146
5157,7.057679814660471
5158,4.2873858647679475
5159,5.094488902791742
5160,4.017946639507866
5161,4.317434981477135
5162,7.705756448753153
5163,4.50220412730018
5164,7.7343746654848005
5165,8.221522804762738
5166,7.469635989595932
5167,3.3426502408854106
5168,9.569942061604587
5169,1.2239368873352023
5170,6.625254580606306
5171,4.0598614119023315
5172,5.8388956403609065
5173,5.513909265378095
5174,5.660036308812588
5175,4.796775239738544
5176,9.046739014498494
5177,9.040211000729215
5178,8.104146841586541
5179,1.2350201588240453
5180,5.824741560865908
5181,1.2173248112093544
5182,6.487762000888855
5183,6.210429879011813
5184,7.365164054330964
5185,5.199837346128566
5186,5.280691610616801
5187,5.804226611301536
5188,5.08456545739655
5189,2.6722188101685336
5190,5.649794683255297
5191,5.583406221802029
5192,6.36354566322935
5193,7.821722359416571
5194,5.4028441652412145
5195,3.6873282156564153
5196,4.3863781475916115
5197,4.564717103623254
5198,3.611486993267926
5199,5.416743500887514
5200,5.117001607064932
5201,5.93074222249859
5202,7.479808414394979
5203,3.32278538209138
5204,5.277091097241659
5205,8.851123663054203
5206,2.7937602271979713
5207,6.951916441076027
5208,4.217733932835428
5209,3.5964247285226865
5210,7.167673143474144
5211,4.910265415954249
5212,7.384382243857236
5213,4.336171066263478
5214,6.9703985916522155
5215,9.030723550400438
5216,8.20788744058291
5217,3.1448968510378728
5218,7.261248269843862
5219,6.3029241776871565
5220,6.124200699143252
5221,6.377581467547629
5222,2.9950436756900682
5223,6.446025868711181
5224,7.44989925206735
5225,6.904162730666534
5226,3.6501537919134237
5227,4.9943747094765625
5228,7.023612690419899
5229,6.1226680507545215
5230,5.950705402479437
5231,6.212896736786591
5232,6.8374329775639895
5233,3.7181848468384358
5234,3.7429500596030083
5235,7.516162427089348
5236,5.296000067939278
5237,7.272329004472748
5238,6.825387550828107
5239,6.587365270730925
5240,4.861801344688845
5241,7.491681203601502
5242,8.709989501175418
5243,3.281354516699655
5244,5.873412477634016
5245,5.075515691797238
5246,8.331016904914446
5247,8.06217253735599
5248,4.494074002651181
5249,8.663145113363422
5250,6.933058681431443
5251,6.4761182442315235
5252,6.223568108098274
5253,6.845857189786937
5254,3.7633819663303596
5255,5.441239604277784
5256,7.356942514682098
5257,3.239260157365403
5258,7.374580066418239
5259,4.009869485778677
5260,4.391081482662945
5261,7.755492056510957
5262,3.720673591063808
5263,6.625154926871693
5264,6.603736002539333
5265,7.505732436345116
5266,6.557251583761359
5267,7.16073398216628
5268,6.381553955749066
5269,6.18155214217289
5270,10.053699207688949
5271,6.362364955109879
5272,6.692523256081578
5273,4.8396117659082485
5274,4.5417046820717175
5275,3.0040618549572273
5276,5.088785958598569
5277,6.0328620089047
5278,7.8914095666207
5279,7.562128385921862
5280,4.990801813330768
5281,5.95773586181141
5282,7.992765585733455
5283,2.532113710695153
5284,4.600330080202347
5285,5.981483413911114
5286,9.342241649209994
5287,8.478513395688365
5288,6.13656684659495
5289,5.682386267393261
5290,6.557078759139893
5291,5.652973679976413
5292,7.275010539199328
5293,5.836477716527082
5294,5.328945078690547
5295,5.283421003196582
5296,5.936446023998647
5297,6.090929874427308
5298,6.389158611558799
5299,9.22191675905676
5300,2.166591844355251
5301,7.50153186358434
5302,4.00276747525431
5303,3.2602509560123756
5304,3.6997646515319014
5305,7.7807048399596175
5306,4.483227167097353
5307,2.0301420724357397
5308,7.859929119193815
5309,6.001090894223064
5310,5.1850850753936895
5311,6.632664634358916
5312,6.5841941523035885
5313,2.1512420406174813
5314,7.06436813078588
5315,5.142661097065765
5316,5.571765508257411
5317,3.677370755586515
5318,5.308998759857257
5319,3.830206468065837
5320,8.242793463647688
5321,3.1120272987711615
5322,6.4380812273948935
5323,4.710003083614137
5324,6.504304709805511
5325,5.472067584757175
5326,6.514037738012396
5327,6.163110212324636
5328,5.779232899324291
5329,7.516406154086314
5330,1.6351407848690245
5331,7.950783899337746
5332,2.0741140302796985
5333,4.259075770806479
5334,4.8220781735404055
5335,3.130700018736464
5336,5.775991467149967
5337,4.496007849671119
5338,6.494200739753832
5339,6.293683225184421
5340,7.540344721440714
5341,7.769118043100902
5342,2.7447511813437178
5343,7.728414553804374
5344,5.539622781188492
5345,5.3426910057884145
5346,5.2829142109900245
5347,3.480488353344795
5348,6.346669522203538
5349,6.733364129364589
5350,3.5669466383064368
5351,4.229084191240913
5352,6.3692998200314355
5353,6.617783299582905
5354,6.869868731885384
5355,6.017727591888778
5356,4.4942807629562225
5357,2.5762952082775334
5358,9.099869361120309
5359,6.450613400090017
5360,7.117193690977757
5361,6.382270791429291
5362,7.464174705270194
5363,6.7255220183419215
5364,8.580841926561241
5365,1.3153046329758704
5366,6.99059940165644
5367,6.333491658858565
5368,5.424199572247139
5369,1.9197672937295576
5370,7.532313573595561
5371,8.598206679404305
5372,8.30623847730968
5373,2.1024700988686655
5374,5.011866524254424
5375,6.486457857561541
5376,7.967712309600689
5377,4.798226389192242
5378,6.29766699339449
5379,7.224540541305021
5380,4.81838875951179
5381,5.446153132907559
5382,5.519721431086157
5383,6.989889231739826
5384,4.50324071436079
5385,7.610616320497297
5386,4.252224005003771
5387,8.126422917413109
5388,3.8858640969421243
5389,7.4554515885214645
5390,7.434350097370893
5391,7.670633148977667
5392,5.8344612697365745
5393,8.904502210862743
5394,6.491009782035239
5395,8.631284801071713
5396,3.219505705182854
5397,1.580484647915461
5398,7.0695659336312335
5399,4.090798724479972
5400,3.445768555862107
5401,6.240039000784472
5402,8.43005893729619
5403,3.319583333307701
5404,4.39641230995941
5405,7.829530092166457
5406,6.589237023000009
5407,5.85208811785824
5408,5.3860060301111625
5409,6.903382727129405
5410,3.7964697956076847
5411,9.740449685140307
5412,3.5307524656674905
5413,7.339574605023457
5414,8.22755129153275
5415,6.562162954167533
5416,6.720720710169486
5417,7.46700115363469
5418,4.415216045915389
5419,5.194369739855922
5420,7.526066695205845
5421,5.95263241088379
5422,4.048482836152953
5423,5.388060139870754
5424,4.839491440318841
5425,4.670233796635059
5426,5.447651258352955
5427,2.7038080984957715
5428,6.041157588148767
5429,8.235600403205735
5430,2.5387140418490532
5431,6.074825311447166
5432,8.699072986546758
5433,3.01436804025331
5434,5.738306826516905
5435,6.534755776806511
5436,4.1781385064539815
5437,4.450038580924467
5438,4.094461689884913
5439,5.845500786429225
5440,3.844978229822138
5441,9.45386094284275
5442,7.87805064271813
5443,7.4852192264244914
5444,8.531577312061883
5445,5.434659730042326
5446,8.010252964997052
5447,3.9187013294142727
5448,7.3778544542371876
5449,6.992680187078305
5450,3.4371105901165797
5451,6.729416281586569
5452,9.895404614926923
5453,4.281728223444512
5454,4.8437854319260065
5455,2.8682020471758496
5456,3.7768122211760433
5457,5.200744274141064
5458,6.527093746405557
5459,5.595299601421029
5460,4.078915917114033
5461,4.563092223837375
5462,6.926122681623767
5463,6.256811485147034
5464,6.63763960859656
5465,5.613206804768845
5466,5.195223827505884
5467,2.5367495465911705
5468,4.763048150970748
5469,6.31455631209292
5470,2.9980130106909764
5471,8.681047904402416
5472,3.1995656421590666
5473,7.709872017839027
5474,5.880247897741542
5475,5.127613760896109
5476,6.1879068710211
5477,7.755879226925609
5478,5.673533082781015
5479,3.665150517989662
5480,5.198119098830322
5481,8.754275289951332
5482,6.249895352950649
5483,5.1737540734646466
5484,7.343757119351432
5485,7.188253226121618
5486,5.8656212620189185
5487,7.461908575226477
5488,4.431931845235394
5489,5.38542279405142
5490,2.610603895602666
5491,8.76587109946465
5492,2.688255473766343
5493,3.818869812784694
5494,7.82721508956372
5495,4.077983382516944
5496,4.530072290412852
5497,8.393442744807272
5498,7.050396174773259
5499,7.503978089316808
5500,4.8129854757260295
5501,6.542886812665525
5502,4.0813134392509225
5503,7.686601938435489
5504,4.4628388082426484
5505,7.190113880592966
5506,5.26651574769932
5507,5.987580733104059
5508,6.6839089454040845
5509,4.256068704769121
5510,9.044504964157573
5511,7.3699611060107655
5512,7.288918707423615
5513,8.646010752854266
5514,5.775901430145959
5515,8.670355530975202
5516,4.726274139258799
5517,6.795970240748229
5518,4.3125419286275
5519,8.9059684248626
5520,4.594398562930137
5521,7.7097888882608725
5522,4.100800121479187
5523,7.166162633351362
5524,2.9642584239691407
5525,6.176750208111711
5526,6.575946840739827
5527,6.453235936735935
5528,6.319571919870791
5529,6.786935759272632
5530,3.7208370569466642
5531,5.968319796848402
5532,5.418158965437365
5533,6.733661173755488
5534,6.61389533427042
5535,7.397259204983574
5536,8.74191496593007
5537,7.296517595226535
5538,3.7499035441489683
5539,4.158356142915385
5540,2.823880151781883
5541,4.731272732864786
5542,5.100848774812003
5543,6.963081654342018
5544,5.238043453470985
5545,7.458789476439491
5546,3.9825550963048024
5547,5.76071392222727
5548,5.554884883831631
5549,7.893522933108079
5550,5.480336613617697
5551,6.651810537170044
5552,8.500503167287686
5553,3.794807298647795
5554,5.997891606517593
5555,9.330686691103706
5556,5.4777385002753896
5557,6.468155968653637
5558,3.548754490212722
5559,5.571751035221995
5560,4.135302776321882
5561,4.057590208031861
5562,4.929784649073107
5563,6.940518489419354
5564,5.833000811516444
5565,4.361392374514703
5566,6.265543890708339
5567,3.568020184094374
5568,8.290199763061127
5569,7.5060877938898996
5570,3.7075943945141336
5571,4.008038249436714
5572,5.540827976956154
5573,5.638688912270485
5574,2.5539238132428017
5575,9.618788041372806
5576,6.812248132260436
5577,1.7266103988090677
5578,6.107757037558173
5579,9.463240077054474
5580,6.327729022807021
5581,5.872275735852322
5582,7.277785049837697
5583,8.65760371048638
5584,8.174140448175551
5585,5.709370985537479
5586,4.219638778955025
5587,2.7899957522703764
5588,9.910693091531407
5589,6.968568677861921
5590,6.857874596588349
5591,5.117835958538133
5592,3.8448225804336373
5593,6.026356207978298
5594,6.326268747661413
5595,5.4075356764614995
5596,4.173056218900142
5597,7.620864198629429
5598,8.441505591404525
5599,5.590434452898796
5600,4.805905256989438
5601,4.965794676304151
5602,3.447766589158143
5603,5.199190017329261
5604,5.00300234927029
5605,6.931850629957118
5606,5.01830209200423
5607,3.4647931343609777
5608,8.498874338166734
5609,4.44331439695489
5610,7.1553374473162
5611,5.0419529822687075
5612,6.701108840180967
5613,5.894045139089518
5614,3.3229280648576887
5615,5.713159110842699
5616,7.087708424161552
5617,3.993019799599277
5618,4.004664654310151
5619,7.047697194832966
5620,7.865270279005973
5621,3.377978673345152
5622,6.6742379940428505
5623,2.5597903689423256
5624,4.515209539979041
5625,5.613455586041312
5626,6.445742490872037
5627,3.6003061243890726
5628,7.818488651622252
5629,7.689771689395001
5630,5.482250243210592
5631,2.864093422905148
5632,5.360831549150485
5633,5.787578316568436
5634,6.89907268863061
5635,5.778186948751675
5636,7.1105091534356
5637,9.372562244167467
5638,7.405910465612755
5639,5.410707710607121
5640,3.3701242424803204
5641,4.204853146800967
5642,7.879760559496026
5643,4.66760621552928
5644,5.760988531343779
5645,1.5107360604209852
5646,3.9474868781517998
5647,4.789630142089567
5648,5.169975016532808
5649,2.6882154518862045
5650,5.9564233968351825
5651,3.381111323249633
5652,2.1554349520314826
5653,6.577540987745074
5654,7.19310885364293
5655,6.182666035558422
5656,8.367426449027104
5657,1.3562119658565484
5658,1.8592756751267614
5659,5.1957235192998095
5660,8.41119404673766
5661,3.6775074834430073
5662,7.996586667601471
5663,5.799733552120538
5664,6.0669110967148585
5665,6.9142264701919265
5666,1.4278205480800739
5667,7.023875385008603
5668,2.3534428569980412
5669,9.00737242679807
5670,4.237645619789033
5671,8.495649040281583
5672,5.280131534584553
5673,6.779921737626043
5674,3.6227561078818296
5675,6.432483165181874
5676,7.167134876127902
5677,6.893723538350553
5678,7.130121268922698
5679,8.860801868859765
5680,6.860806059059995
5681,3.3483243595777714
5682,2.2682472560282054
5683,8.222004496703082
5684,7.073219486922213
5685,5.960198360506963
5686,7.552178323310301
5687,4.360831803848013
5688,6.442581237008156
5689,6.3792003195644345
5690,6.54659026848675
5691,6.5655068857459735
5692,8.19448361785854
5693,7.161283306447572
5694,6.462054725535257
5695,4.35978211650117
5696,6.925834379771833
5697,3.6194009690190283
5698,7.539264383122919
5699,4.7586429375991095
5700,6.860456726685691
5701,1.5752150116464863
5702,5.087713904254197
5703,4.736017242696172
5704,5.534264499061046
5705,6.126380162184943
5706,2.237959942453983
5707,6.944145710477934
5708,8.097323455885006
5709,7.062060480261263
5710,7.439904294290118
5711,6.108132735749629
5712,8.316521091654797
5713,6.735138181512649
5714,6.508338305269881
5715,6.630530058409354
5716,1.569603558403788
5717,6.136647728388849
5718,2.7809765001685185
5719,6.430781876632177
5720,5.302270241759623
5721,4.2507807720971424
5722,8.63126189157341
5723,4.950334118543435
5724,4.0174745692662714
5725,8.274862038863844
5726,5.153551965667958
5727,7.415467406313841
5728,5.156800334820016
5729,6.664309605277962
5730,2.611354918588905
5731,4.428729490300926
5732,6.862006154273379
5733,6.860616822211923
5734,7.52572422926017
5735,4.975288876887493
5736,6.771051985351258
5737,5.414143063190292
5738,4.729743901807442
5739,4.104127152116221
5740,7.395770221755186
5741,2.9346111797927983
5742,9.521627454952883
5743,5.862052086122317
5744,5.029557965259872
5745,6.812914719632241
5746,6.247006666169321
5747,3.0598484599271925
5748,6.549278445631954
5749,5.048849223499787
5750,5.988264009597278
5751,5.327648850653807
5752,2.822766754536332
5753,7.555687247343816
5754,6.032916524979658
5755,6.797503631902404
5756,1.7100522359195491
5757,4.5563005629926865
5758,6.804073413481799
5759,9.426323290439818
5760,5.377554465399958
5761,6.118459589297176
5762,3.695269383646798
5763,3.532614386147869
5764,6.965079754724241
5765,6.702424216408312
5766,4.048715386938058
5767,8.002603676600385
5768,3.133153498014564
5769,7.1512746919396175
5770,0.32864878306453926
5771,4.94114056389714
5772,7.869748917998193
5773,4.8030310727148775
5774,6.153781435048849
5775,5.179476400001835
5776,2.898113659930833
5777,5.917696808340431
5778,4.6710165297186546
5779,7.658628982267257
5780,5.745696059320257
5781,6.287142891342315
5782,2.5079910561594563
5783,2.7595914302928746
5784,4.6862308192597055
5785,3.007000095170854
5786,7.54367775792166
5787,7.8242911804210005
5788,7.565119130890574
5789,6.336894387318657
5790,8.64462447095577
5791,4.263808452621228
5792,5.542802639019273
5793,6.867709471123274
5794,3.5438373200829263
5795,8.664075254586072
5796,5.941393502539956
5797,9.46016743304106
5798,8.899945998598715
5799,3.8799292740917912
5800,6.716043684780887
5801,4.9255573732252635
5802,5.919381310433209
5803,8.388121263907324
5804,4.090004617874883
5805,7.947312081450415
5806,5.796662530004504
5807,9.514119291703688
5808,7.519463350713814
5809,5.924248820572745
5810,6.859598781028092
5811,5.317821987378658
5812,6.411898816074575
5813,8.909421866700601
5814,5.389867529838446
5815,4.890029557631787
5816,6.442199298486702
5817,6.966244123869575
5818,5.159504462497397
5819,7.5748744546961895
5820,8.047955693538947
5821,9.10698922655438
5822,6.123291706913577
5823,6.8536435506857885
5824,6.8970600246467235
5825,7.450674320389808
5826,9.139288117499689
5827,4.943921047277143
5828,8.594597858602718
5829,5.207133744170453
5830,2.8951176558034817
5831,5.408045337712017
5832,3.8924491146550766
5833,4.530890520839754
5834,6.160243850981582
5835,3.1617843592371115
5836,4.5351578562077535
5837,6.333262056612977
5838,6.293970018107702
5839,8.023204758207038
5840,5.0524521896646055
5841,4.813004832850716
5842,7.777310898517443
5843,8.57451416673036
5844,8.654490090562113
5845,9.029971516558883
5846,3.4172720323125447
5847,5.202332060375495
5848,7.529156982509822
5849,6.035778571881386
5850,4.562729714282072
5851,5.732944062143658
5852,5.537918032669849
5853,6.673638628646243
5854,7.243803423405565
5855,4.417132877363286
5856,7.237994889323508
5857,6.429421651684378
5858,8.951329811692236
5859,8.313680995589124
5860,6.554692229702059
5861,5.524749207721009
5862,5.197890846388062
5863,5.350158008213613
5864,8.420559320137345
5865,6.260805102006954
5866,2.7260005727799963
5867,3.2892245918530976
5868,3.5017327502720446
5869,6.354372106680721
5870,2.2735691586853735
5871,5.825955592806878
5872,5.510371908065581
5873,7.2827520949484805
5874,6.85285082505165
5875,6.117320608864152
5876,3.7946717744992493
5877,6.6071549412792
5878,5.816238671940228
5879,3.7448000506008494
5880,6.231897395201209
5881,5.282837561015807
5882,2.65206518101121
5883,4.463619128767033
5884,6.96795627938383
5885,4.649898081826245
5886,5.741534946135998
5887,7.820562844887519
5888,9.132025943112565
5889,6.024281002565147
5890,6.9997862337932775
5891,5.568017072951063
5892,6.820710595265252
5893,8.19376348341265
5894,5.301495272668772
5895,7.752577105277025
5896,5.758866783709929
5897,3.882470553770583
5898,7.324217507445991
5899,5.755306158091486
5900,6.462846058240076
5901,5.8441566028529035
5902,4.204132448510552
5903,7.019377806625819
5904,8.612544993121077
5905,7.276295861881394
5906,1.5006379017595732
5907,5.744057314795419
5908,6.556897150084485
5909,4.337732532648406
5910,2.594335992021755
5911,6.095072443437176
5912,5.814062021209617
5913,6.6913900551185534
5914,4.212427702759089
5915,7.030770062457044
5916,7.638390224946521
5917,8.444864863530508
5918,6.523675433326919
5919,4.066417755312698
5920,7.776662150865018
5921,6.367716563005148
5922,5.779443655652667
5923,4.720923536346216
5924,9.692135817184855
5925,8.740178240375416
5926,6.22287798138354
5927,7.578248732641598
5928,3.8198464551807425
5929,6.447774561207452
5930,6.895750640519779
5931,7.3918519642960545
5932,7.955028769723027
5933,4.850936466266574
5934,7.9720586700417115
5935,4.00734379600364
5936,6.089264504911036
5937,7.130382846652217
5938,4.9381690515385355
5939,6.2205660572669785
5940,7.685545539405231
5941,7.659445381896666
5942,3.8872166310494705
5943,6.065008587678082
5944,7.537411816201525
5945,8.751450838568417
5946,9.549742559668603
5947,4.77137637284906
5948,5.146094448759986
5949,4.642682875754036
5950,0.34920139284697144
5951,5.696849348753094
5952,4.141107312098854
5953,4.990026885032095
5954,7.593653640079771
5955,7.486273092403536
5956,8.620317879012775
5957,8.0873524930871
5958,5.696530738203329
5959,5.608711515298339
5960,5.052863455461201
5961,7.936562818918764
5962,5.070402596669054
5963,3.8759166428529763
5964,4.266538556746935
5965,5.64569513187621
5966,6.845441902847975
5967,8.545725454024327
5968,2.901930453644188
5969,4.527531705149287
5970,4.942246186130773
5971,5.3515226167007635
5972,8.878514303267629
5973,6.351348096285254
5974,5.6639307110728545
5975,8.117828078010772
5976,7.8019179752194
5977,8.952799912625803
5978,6.303374982416305
5979,9.478728667601308
5980,5.115053583852654
5981,7.332275740413557
5982,6.41584047992478
5983,7.070935483838393
5984,6.200822942586122
5985,7.4773342454546805
5986,6.926711161897617
5987,5.0704169830667585
5988,5.640319519434449
5989,4.7354184003022075
5990,6.133792096565468
5991,9.018077517891076
5992,5.798657334995251
5993,7.469510910484318
5994,4.1737826800915805
5995,2.952754652983945
5996,5.494240458264938
5997,5.652401276675354
5998,6.139751448861439
5999,5.241945598326228
6000,6.3099041661906865
6001,7.691751078791261
6002,6.151500179455466
6003,4.692580320666468
6004,5.299326714951798
6005,5.982311394276335
6006,8.991229289486542
6007,8.568229331163685
6008,9.278378932155045
6009,4.8294713956555855
6010,7.332539977464809
6011,5.907704099570867
6012,1.1945482266995673
6013,4.194422491650322
6014,5.415674546831935
6015,6.29993610986701
6016,8.226130651084958
6017,5.507904731181505
6018,8.722767012256853
6019,8.125354510887139
6020,4.067687232236456
6021,8.99885942505319
6022,6.82905816098059
6023,3.5162565236325385
6024,4.607964748816777
6025,6.128736849487838
6026,8.337830901960597
6027,8.400765159296332
6028,3.6492860311899746
6029,7.592926722616265
6030,6.552377532588733
6031,7.454066000133915
6032,9.512873490888357
6033,6.844392538856271
6034,5.067216915832703
6035,5.849372163853738
6036,8.542442630440918
6037,7.7155491106451315
6038,6.626990656711565
6039,8.390416732735398
6040,3.7462765043579966
6041,7.004062443960408
6042,7.416511417634713
6043,8.816354640285867
6044,7.994669268867921
6045,6.035226640571717
6046,6.4844500826116755
6047,1.462635158285492
6048,3.468892904373964
6049,6.836730156402371
6050,8.313915763707406
6051,4.077903042510763
6052,4.988756571885199
6053,3.4164236326527107
6054,7.627839314504179
6055,4.607385431889535
6056,4.303961952839469
6057,4.999316606604606
6058,8.688420839534938
6059,4.511796141493888
6060,1.651929671240123
6061,6.9924052517357795
6062,7.6856304748945465
6063,6.3874545592948815
6064,5.877934752553676
6065,5.498420679592393
6066,7.144175616047043
6067,3.450077383395013
6068,6.903610112668215
6069,2.318460323892034
6070,4.221568621420044
6071,6.511773303073987
6072,5.214163322818037
6073,4.488069940487385
6074,5.685647144616465
6075,3.2439267978866617
6076,6.0995488989283135
6077,4.605477825858202
6078,6.301716145628947
6079,2.9647222739946115
6080,3.805159054534037
6081,8.279812383891757
6082,3.21875850882174
6083,6.6946970970574
6084,6.100557039300643
6085,5.458785601637448
6086,7.92905376446091
6087,5.41272688098192
6088,4.590065246656279
6089,5.718126693093238
6090,5.657674317606254
6091,5.1209534963941135
6092,6.489077027156187
6093,6.396074828363887
6094,7.613787573089954
6095,6.58096198923041
6096,7.7351426934916185
6097,3.8398907315679556
6098,7.9251578440055255
6099,8.307504266860226
6100,4.6611564240574035
6101,6.35109436359796
6102,5.6396565681856075
6103,4.035826454787781
6104,7.445413921991747
6105,7.924083303322671
6106,6.4792378082929085
6107,6.559647067267038
6108,5.461931068728133
6109,9.173015332270381
6110,3.103583321136204
6111,5.97271281377566
6112,5.16551523626977
6113,6.30854759273422
6114,5.22807953536948
6115,7.272665785996567
6116,5.132196774927086
6117,8.455317703747161
6118,7.987564331156741
6119,4.940850485847435
6120,4.44955075226833
6121,8.670453740609998
6122,3.5402853577763915
6123,3.2999995136499924
6124,7.101916225215238
6125,9.631011721024418
6126,7.675173491419018
6127,8.485511307235711
6128,4.282363764251599
6129,3.5082946139535527
6130,4.813150118357556
6131,6.218518837281673
6132,4.740186996278379
6133,6.361058776208775
6134,7.68823476804149
6135,3.1728885946308987
6136,4.1319862588410174
6137,4.744976340424671
6138,4.570122491398721
6139,5.218954357140576
6140,6.146018740074725
6141,4.317757663134776
6142,5.518979278466331
6143,7.988254740878398
6144,5.657574429104016
6145,5.231299633225059
6146,6.507731736243973
6147,6.645535748557467
6148,7.601968602642338
6149,4.8201824182029585
6150,7.8771654575949
6151,2.9029851080711233
6152,6.879679095310809
6153,5.796296493931141
6154,6.040333980387178
6155,9.351444548260677
6156,3.1124231762297287
6157,6.376904243656756
6158,5.519285435086059
6159,6.356703731914883
6160,5.177883400573762
6161,5.403292270180694
6162,7.304494600067551
6163,6.213175061753755
6164,5.420727673159147
6165,4.027662393848425
6166,6.864247110624129
6167,7.099662656075436
6168,5.929944086093577
6169,3.670331295163234
6170,6.465646143529333
6171,4.556472843132174
6172,5.10873525649864
6173,5.661932568930062
6174,3.7804766463413535
6175,5.962217361943674
6176,7.503772498340979
6177,6.917950651393613
6178,7.850254679474402
6179,9.283544636199442
6180,7.521140530531181
6181,3.220747037705712
6182,5.2538683068251775
6183,1.9713262613055111
6184,4.081525689836817
6185,3.9025877808493252
6186,7.442434062809283
6187,4.162180960059977
6188,4.407962849960891
6189,9.549556033832596
6190,6.800571562919944
6191,6.527102922189571
6192,6.373026469274581
6193,6.582114269551496
6194,7.153984628950995
6195,2.2673027768871665
6196,4.97571216503645
6197,4.402029289120181
6198,4.599236904507479
6199,7.680802718171969
6200,7.668209086306676
6201,5.441940255117593
6202,3.9573975446495138
6203,4.624918469169915
6204,3.3472768491712666
6205,7.723988305231274
6206,7.201332168594086
6207,4.1201115653908635
6208,7.658418183477652
6209,4.2520681713317545
6210,5.1142443450523905
6211,4.706185307671748
6212,6.19232512750035
6213,7.37398725865012
6214,5.643978976706153
6215,4.205244103896061
6216,7.6994366647455115
6217,8.72807595763484
6218,4.431906891668527
6219,6.371291291984438
6220,3.4279406737250717
6221,6.040618998214605
6222,4.232252903139072
6223,6.168100209347872
6224,4.59490296443729
6225,6.4794637413531015
6226,7.265067043002577
6227,4.979885084676306
6228,7.195882869460523
6229,5.318774295808225
6230,7.660341865265431
6231,5.775385608608189
6232,5.805976655169752
6233,9.388845573166638
6234,8.226694980118008
6235,7.329234253366753
6236,5.45579863521271
6237,6.660632906999877
6238,8.851114851513426
6239,4.998969836572634
6240,7.153889522575654
6241,5.152892272128197
6242,5.7086097242542495
6243,4.3474269944047865
6244,6.012587269781427
6245,5.252414856649343
6246,8.478242138419068
6247,6.2399005154970535
6248,8.799705577037516
6249,5.280318744488137
6250,2.7786469204122395
6251,10.044267439934357
6252,3.9496247547717402
6253,6.811005086320224
6254,5.480851338409975
6255,6.883572991610655
6256,5.547368159028184
6257,6.12861483881968
6258,4.429352591668227
6259,2.946045554561811
6260,3.2943972229096428
6261,6.014146238771059
6262,8.577247292066625
6263,8.559913749881916
6264,6.023645209348179
6265,6.8182944609610345
6266,2.439370967873486
6267,4.623664213795731
6268,5.2538793318325965
6269,6.460662064320547
6270,5.654658879646877
6271,4.026962324700361
6272,1.8031269785830852
6273,7.587778174312307
6274,4.383008881123312
6275,4.807046449508924
6276,5.443803473335109
6277,4.542222025820909
6278,7.010192330264772
6279,7.168705488274026
6280,6.481322377223653
6281,2.7506271860404023
6282,4.8421361073083045
6283,5.818678320112073
6284,7.189058717367449
6285,7.905354236181211
6286,4.127934877313651
6287,5.38634170211376
6288,8.90938345285334
6289,3.5020115710557005
6290,6.4007381118970805
6291,3.7916855121713886
6292,2.7057552359228074
6293,6.343245834852359
6294,5.8690803140915975
6295,5.756526242034907
6296,7.784270810539141
6297,6.653127777204949
6298,6.742790858771147
6299,4.266134906555104
6300,5.008731336529889
6301,4.80054401418808
6302,5.8319510301367465
6303,3.8784469501691223
6304,3.426793398161687
6305,6.796244556519071
6306,5.749756073262327
6307,6.642907782828178
6308,4.955002483569193
6309,5.2311641957787565
6310,5.26381013245081
6311,8.75308897660744
6312,7.292504273748208
6313,3.005591614917891
6314,7.048736854652848
6315,5.3967265742546005
6316,7.918244767252795
6317,9.357170776431534
6318,3.2788168061602865
6319,4.041113502448098
6320,5.683239809292714
6321,5.26085612414726
6322,7.801958723749313
6323,3.1107114560647156
6324,3.7331445551407265
6325,7.090058782135447
6326,6.431780899226408
6327,4.309135026361399
6328,5.023063307679651
6329,9.295374623016494
6330,5.151471529647323
6331,6.84455874178755
6332,6.218218587921855
6333,8.045974556060383
6334,6.881189144619924
6335,5.910285351188083
6336,7.161469183838265
6337,3.119337188715085
6338,7.369383227527795
6339,2.827690643413611
6340,5.523786552903807
6341,4.861179477340603
6342,4.849083222979721
6343,6.839924196250554
6344,1.8965120295265216
6345,3.513277256954201
6346,6.746584681093673
6347,6.587929083824191
6348,5.546059297589567
6349,7.2168820541799645
6350,6.704697064905778
6351,7.7410620719401715
6352,2.3692305093353268
6353,7.063549551215746
6354,9.253811071330961
6355,7.156680067725062
6356,5.858509997860511
6357,3.9748613072619614
6358,6.460955214987254
6359,6.710609987994147
6360,7.376406885021914
6361,6.3376045234071405
6362,9.237627285634836
6363,7.149566926017222
6364,5.682535573316207
6365,6.730056906697355
6366,7.997055050383432
6367,6.593447618689423
6368,7.6505432353325284
6369,7.772926615723514
6370,4.456458783675905
6371,8.435951678172957
6372,3.680991907066017
6373,5.809568980337721
6374,8.85450839096438
6375,8.870066463777265
6376,4.929441520827112
6377,4.504681387873568
6378,3.4716420906377428
6379,8.859409200395493
6380,4.532307311541022
6381,2.0584039241104537
6382,1.947630581985022
6383,7.129112460820449
6384,7.194707235619235
6385,8.002947957654007
6386,7.655017270383226
6387,5.4529648200672085
6388,6.0421611539169575
6389,6.507703708358299
6390,8.89936170624704
6391,7.401807227422711
6392,4.480525466911513
6393,4.424140105816275
6394,3.5450471392821994
6395,6.066707021525211
6396,4.4246735844373575
6397,4.905672403111316
6398,6.035552606802803
6399,5.398284054806673
6400,7.5005403728546955
6401,6.897937763754872
6402,7.821251786046983
6403,8.34276536904398
6404,1.091250491172897
6405,8.456783059363936
6406,7.345590839824251
6407,4.944806222746121
6408,7.380382687697356
6409,6.474210148604891
6410,5.8805059072768175
6411,9.287427290925857
6412,4.456323799738155
6413,4.13029480801131
6414,2.546437327290055
6415,4.236163481686413
6416,1.8085435942811072
6417,4.506369192489523
6418,6.32160360753003
6419,8.858651415246054
6420,6.080712411419294
6421,9.546239515825189
6422,7.868486945994426
6423,6.396418431011265
6424,9.437929669520061
6425,8.296579467787387
6426,4.846762615294018
6427,4.6737211146058035
6428,6.4151464371741795
6429,3.3674828523289113
6430,6.209123729216998
6431,3.5060477300402484
6432,8.007656383887353
6433,3.0685339793254447
6434,7.494305036821097
6435,8.573615373863973
6436,4.416346947308623
6437,6.879372667178385
6438,7.4075950032284075
6439,5.947293028688086
6440,5.971680656768637
6441,6.5177978949515
6442,2.2736228378152297
6443,4.273173283250369
6444,7.581064292286635
6445,8.03301426656701
6446,9.713796987730946
6447,5.893625166010886
6448,4.558726955677079
6449,4.673954596007697
6450,6.01063297129319
6451,8.967246593008857
6452,9.670648960820218
6453,3.8717429929118397
6454,6.723426296432794
6455,7.648179714425151
6456,5.556502739326469
6457,8.377947561862385
6458,4.485326827574227
6459,3.0619966907157505
6460,5.769634164278685
6461,8.13868675136648
6462,7.542755946062427
6463,6.629880633113401
6464,8.13013574157981
6465,8.57646301286592
6466,5.175796910572405
6467,7.297296343224247
6468,4.155259847101498
6469,7.495187324587047
6470,8.549744294741469
6471,6.922895150838399
6472,4.767757753299067
6473,4.010988229085634
6474,7.568511292521758
6475,5.246119653803859
6476,5.264243515018487
6477,8.559461428889328
6478,7.382305530539144
6479,8.37208652943855
6480,7.952519867872061
6481,6.293361942379597
6482,5.227306663829691
6483,5.684473602306038
6484,5.56919140614372
6485,7.7443040220843935
6486,5.244053836405301
6487,4.218803150872164
6488,9.877996269013437
6489,5.695074481132044
6490,2.669897323337993
6491,4.7104993787652845
6492,5.852779544231176
6493,2.8193239268034502
6494,4.7009749731105765
6495,5.463580827581483
6496,7.497961556110539
6497,5.794290690928047
6498,5.898587022204252
6499,5.732025850908127
6500,8.90797160783206
6501,2.676186613408734
6502,2.5086262280365603
6503,7.872286810270843
6504,9.113261523029905
6505,4.774959046829816
6506,4.166962595619746
6507,6.81572313290299
6508,5.57909926503361
6509,6.220220279063652
6510,7.024762665514615
6511,7.543782864681513
6512,6.650960072466422
6513,6.797707781905656
6514,4.433327807143739
6515,3.864067594076525
6516,9.452797006719033
6517,6.195791496279926
6518,4.94319176808317
6519,5.954700348294686
6520,7.731133876683433
6521,2.9186519983625168
6522,3.9686725067672914
6523,3.360185776809281
6524,8.099811910930297
6525,7.9601110133785085
6526,8.521382098081856
6527,4.551060909940809
6528,6.394766012731869
6529,3.9638455233568846
6530,6.551382402389259
6531,7.5758330788795565
6532,2.984701605914111
6533,8.693946909944133
6534,5.37221221952861
6535,6.3072150252049966
6536,6.620308744295992
6537,6.620983661297596
6538,4.7556730810299666
6539,7.323304704341515
6540,6.614400211370588
6541,6.584152258173124
6542,4.491353934614801
6543,7.333040158217641
6544,7.1104360003633325
6545,6.159610239905402
6546,8.191995308626296
6547,3.967771327186608
6548,6.060557311642532
6549,3.5979755428040505
6550,6.638802182242906
6551,3.3825552660306433
6552,5.117553131581333
6553,6.929025994635789
6554,5.732497649201404
6555,2.231432772415797
6556,7.404544177822806
6557,2.6963494138347803
6558,7.254938740329369
6559,7.231181369925882
6560,4.397674375978182
6561,6.362706002930183
6562,5.0087306021389
6563,5.677245485168191
6564,3.3906157772676666
6565,4.431197709223492
6566,8.993591761885838
6567,7.836625593128605
6568,7.443921200780935
6569,2.6714201882852255
6570,7.7567621113811285
6571,7.372599851735892
6572,2.954112010267899
6573,3.74424980878759
6574,8.017590702631678
6575,5.821866675891166
6576,4.552279561934762
6577,6.920281176363429
6578,7.821927358671183
6579,4.454884466425011
6580,3.8193063252882093
6581,4.250320830948309
6582,8.796294841840412
6583,8.644465964226917
6584,8.144903116258357
6585,8.852598062903512
6586,7.627792825604996
6587,6.593123359208309
6588,2.2862599335130933
6589,5.707308696585166
6590,5.767809704710554
6591,9.440940045133065
6592,7.819077807589066
6593,6.3312613780651095
6594,6.116831772008481
6595,6.3794813031389825
6596,5.958218640078239
6597,5.89257769814529
6598,7.1289189302197515
6599,5.630128895092165
6600,8.353170455167911
6601,7.702518181903017
6602,4.3215920178725336
6603,7.90757101290667
6604,6.715543812671826
6605,6.506467581696776
6606,7.571778410528212
6607,4.933524505393657
6608,7.186075314011902
6609,2.6980925376124487
6610,0.5996679200764852
6611,7.372336514738172
6612,6.623119135414961
6613,4.006842789330123
6614,2.7613828597069077
6615,6.639685786786914
6616,4.590442494941815
6617,3.455698739532469
6618,7.646470017954058
6619,3.0291630820872224
6620,2.2289445318213184
6621,5.122256065783509
6622,7.758782629923629
6623,6.596892020790078
6624,4.197923057632188
6625,6.863397262556699
6626,3.567145543158319
6627,8.106617821618782
6628,4.3448015961390185
6629,7.780800583293688
6630,6.015255896308887
6631,6.508167834140769
6632,5.673345507921892
6633,8.026647570764895
6634,7.249457750229782
6635,7.631759421934084
6636,5.447251966957743
6637,2.011360441619277
6638,4.3276192569123335
6639,5.521364184045852
6640,5.492812974550236
6641,6.969318997766216
6642,6.527605319929739
6643,4.132250353555335
6644,5.89836147378367
6645,7.810398907761718
6646,9.273499064976482
6647,3.110764592711049
6648,3.4868505251724957
6649,5.877745496371305
6650,4.652661186401556
6651,5.411262408140016
6652,8.827265134939129
6653,6.049425946137347
6654,9.041293305778094
6655,5.930166652421301
6656,7.155960063253541
6657,7.448953926511577
6658,8.314394390936103
6659,2.9260668969641213
6660,3.919856806409441
6661,7.327042989498945
6662,9.404595195319724
6663,7.82201413681404
6664,6.66355482673294
6665,6.014821932834068
6666,8.705182250798025
6667,5.831033832533001
6668,6.20290698271714
6669,9.474397032053467
6670,6.094370186159006
6671,5.902390509554985
6672,4.987442576102421
6673,6.249944296802605
6674,7.256475494327141
6675,6.301253049153725
6676,7.115639114754325
6677,8.857702021618557
6678,7.3057201521376856
6679,7.018767482602676
6680,6.9365240013599
6681,4.92258511796046
6682,6.879206001289035
6683,7.251328587408513
6684,5.756313731818679
6685,5.776908543261226
6686,6.6057470102147535
6687,7.499625360433576
6688,6.146759353809616
6689,7.1155944552968355
6690,6.680628278715897
6691,6.379396370370436
6692,9.125912059657539
6693,3.965595920635507
6694,7.572266392135605
6695,6.822689571199684
6696,4.249747719027478
6697,5.806324526562535
6698,5.863043093319057
6699,4.468625902180526
6700,3.571243023172694
6701,4.349559663285608
6702,8.71159030241657
6703,7.7700270371911415
6704,6.633207753262825
6705,7.410537455402018
6706,9.193997868715858
6707,3.807676608263878
6708,7.873491894251535
6709,3.3867922292903376
6710,6.854337755943567
6711,8.139638567365571
6712,7.70184476187391
6713,5.12743201923406
6714,5.6752517004701195
6715,4.744019758237354
6716,6.850211933535607
6717,5.644735264485705
6718,3.6227888357173046
6719,6.701612141070047
6720,6.120453426636227
6721,3.8135861431302756
6722,4.276984125161
6723,8.457387991009224
6724,8.353619980296823
6725,5.995647032078777
6726,1.9583986868733858
6727,7.607662811632466
6728,3.240076932741298
6729,5.580423413844378
6730,9.201756391656083
6731,3.3244914397244916
6732,4.276992816517346
6733,7.227808528414518
6734,7.87104180419927
6735,3.3841483753273205
6736,7.539110097762635
6737,4.924437275879859
6738,5.800716304883085
6739,5.98184564679391
6740,7.2882227462841955
6741,7.243216146115577
6742,8.709873048474845
6743,5.662739051857697
6744,8.996821798263655
6745,1.3252603429862038
6746,5.5935840546183595
6747,7.870353667133751
6748,3.9884731421848048
6749,8.799144628871188
6750,4.87012737133523
6751,5.202277883432324
6752,8.918533557461577
6753,7.0564700800983475
6754,7.207827460096857
6755,7.632468889989683
6756,5.589252727943212
6757,4.835475000467491
6758,5.5495751069637915
6759,2.2716020526934546
6760,7.202813816667212
6761,5.179708889871684
6762,5.931848561457972
6763,7.208424474353705
6764,3.95113614576236
6765,4.103521584252197
6766,2.6932096719282907
6767,7.814524463171919
6768,6.955706633106664
6769,5.483283407298458
6770,5.786953415159951
6771,4.1606312304980815
6772,8.166119600619314
6773,1.506805125691073
6774,4.814859235375574
6775,6.752958506486226
6776,2.8566381041446616
6777,6.530335053299502
6778,7.250846307778164
6779,5.9746419459836515
6780,6.702081888453935
6781,5.674880388370717
6782,7.122057987610678
6783,6.464012022409751
6784,5.176078995977236
6785,6.4720144325768585
6786,5.9672383082220275
6787,6.579874952514669
6788,6.307232248074859
6789,2.695324070266869
6790,4.78044213845713
6791,3.806928989587743
6792,6.843887869675734
6793,5.9914565964945465
6794,6.482087068259493
6795,4.605289050449942
6796,8.251390967398535
6797,5.489948419956289
6798,4.392935995432843
6799,9.139370985781623
6800,8.323292449585072
6801,5.8320072505613885
6802,6.16552083827206
6803,8.434592580073796
6804,5.819305781299562
6805,4.516706932490788
6806,2.8094872147857592
6807,3.295102790722622
6808,5.204885185599213
6809,7.167508795257475
6810,4.781339963689334
6811,4.460789176451694
6812,6.0715349488679085
6813,9.02455394038697
6814,6.519045271139113
6815,2.7614218500182153
6816,9.220216819782447
6817,3.637923621519318
6818,7.161530230981621
6819,5.914954644307665
6820,6.585109519609178
6821,3.135157852687857
6822,1.623677241148344
6823,6.821585401404473
6824,3.5792364828197862
6825,6.57150005100808
6826,7.362223748988967
6827,9.431479801008434
6828,5.4919897938819675
6829,4.376164752642722
6830,6.312165355504281
6831,8.367466892828816
6832,2.5736243839716453
6833,7.691567141390957
6834,5.007487649248685
6835,6.775276838520461
6836,7.424830582847347
6837,9.727878571430804
6838,3.9465292398071585
6839,7.798130715953484
6840,4.661967922596663
6841,5.905408601401899
6842,7.78892440659248
6843,1.7817762469428018
6844,5.398412589585822
6845,7.9366889298496455
6846,6.676923167170308
6847,4.898315549183867
6848,7.08892239429225
6849,4.577222145401081
6850,5.107578847324448
6851,3.429693806929629
6852,5.3948195039587485
6853,5.738674364844851
6854,8.860621848516313
6855,5.504640352662456
6856,2.5439108338945826
6857,8.64291926442661
6858,7.0305093997557115
6859,7.712858139972578
6860,4.449598675481815
6861,4.484477274778949
6862,7.992560746048677
6863,4.239071780275447
6864,4.164382184282693
6865,6.632410926370075
6866,3.2301200228321334
6867,8.680742466355364
6868,4.795423357185434
6869,7.439107760514369
6870,5.538705742087172
6871,6.660285856158528
6872,5.386376421767546
6873,3.256028082339639
6874,8.649019859730833
6875,4.390256910690411
6876,6.89970455617002
6877,6.521883690611914
6878,4.696995761502823
6879,4.243252427148381
6880,7.55693918582527
6881,5.090413878578175
6882,5.871871271277603
6883,5.866085965851857
6884,8.286230317961712
6885,8.172321575949363
6886,3.4521120843391584
6887,5.212639964424389
6888,4.637677558124896
6889,8.117578567382095
6890,3.7797374407207593
6891,6.627769373168382
6892,7.625769810074535
6893,5.589273400903944
6894,8.32778863205434
6895,7.688946434182357
6896,5.333133435385297
6897,4.11987736489465
6898,8.53847658863615
6899,7.09740840173478
6900,4.512802094197605
6901,9.511067833046026
6902,8.522475848557264
6903,7.001480600589895
6904,5.121110070087949
6905,5.560164337228962
6906,5.814226042123972
6907,4.465833559117367
6908,7.774343490171267
6909,8.058856034696442
6910,4.4712654389753235
6911,4.892270798319421
6912,2.5923963228780513
6913,7.494703974879347
6914,6.629717568725367
6915,7.056772630273575
6916,5.5187576727334315
6917,5.835497009911456
6918,7.21701204189117
6919,6.273845336029833
6920,2.040941523146571
6921,5.320055102598175
6922,8.3558231368707
6923,7.579459620257149
6924,7.43754151111116
6925,6.191779700729187
6926,2.795319039945148
6927,6.63061163394502
6928,7.685331606493637
6929,7.297669757618592
6930,9.011364470357389
6931,5.342749989763348
6932,7.600792119706341
6933,6.314481029866527
6934,6.315486583365076
6935,9.3959882012539
6936,2.7933793468836203
6937,8.656913261322025
6938,7.652742500408867
6939,8.359660982394866
6940,2.6778409631902496
6941,6.660337452253353
6942,4.17896378853024
6943,3.7149835531884094
6944,5.262564697317988
6945,4.558810125172271
6946,7.271686188896818
6947,4.765566332233307
6948,4.73064344628246
6949,3.182962138610836
6950,4.784216443855667
6951,4.375638783849885
6952,6.1514732359404
6953,2.375681620088569
6954,3.9048922250455615
6955,6.9285174520699915
6956,6.719459337259319
6957,7.484647043372751
6958,5.836866514003116
6959,3.8743709879269645
6960,4.323981310070863
6961,5.551527999068101
6962,8.112213514011842
6963,7.326818120713797
6964,3.7694832301946257
6965,9.840153477165703
6966,4.84781425586058
6967,5.589689892349148
6968,3.0785914250451336
6969,5.6510188029257105
6970,7.085771207462537
6971,7.2873482806588505
6972,4.0318490451849165
6973,3.4582590837977722
6974,4.377839605022022
6975,5.92076392144063
6976,5.924109972347091
6977,6.323694557109812
6978,7.577192825227626
6979,7.74525748130292
6980,3.911519604902791
6981,3.354819624880458
6982,4.228143873624351
6983,5.19163685422755
6984,6.578303043824534
6985,7.912861591232729
6986,3.770717369076236
6987,3.134984820774282
6988,9.085955248046412
6989,5.591610192806113
6990,3.861293937610663
6991,3.3669124542411284
6992,6.872099764294624
6993,4.454123589062939
6994,5.83259246412078
6995,4.911846009218035
6996,3.0922800086661137
6997,3.5647045843216385
6998,7.31586044130046
6999,8.176821496906733
7000,4.411240204423839
7001,8.078042984256456
7002,6.953461442971659
7003,4.381633530231759
7004,8.045561597756606
7005,6.247664553646727
7006,7.545783001532373
7007,6.594019801498975
7008,8.400938220109206
7009,6.955014782559053
7010,6.301790157297588
7011,2.899791178813521
7012,7.279338214503419
7013,9.361632993340585
7014,3.143867892742025
7015,4.283650591052237
7016,6.650157559141579
7017,2.685338653725339
7018,7.511626214666491
7019,5.619221172066916
7020,8.980201260951452
7021,4.221558183710884
7022,2.8967574720590705
7023,6.2612521557081795
7024,5.0542444212345075
7025,3.0155869818499985
7026,5.092815431921326
7027,8.147450907503298
7028,4.281375767104769
7029,7.950797975619923
7030,7.716831607056093
7031,7.741485952791138
7032,3.659794942829577
7033,6.656854117651535
7034,7.065293785129618
7035,6.072083528580241
7036,7.40508972227015
7037,7.556381495453887
7038,8.542775783998044
7039,5.962762421137445
7040,8.752305755135096
7041,8.763684712554978
7042,4.902541488313208
7043,3.1793169890394624
7044,5.940914724859299
7045,4.482240051402606
7046,9.289952025577774
7047,3.2666792199614663
7048,5.078437487296601
7049,7.983168928887028
7050,8.872501639950704
7051,5.541444657728068
7052,7.138400061424731
7053,4.591829050179348
7054,5.243313808569544
7055,6.427880410255993
7056,4.230133865207147
7057,5.1252851503092085
7058,7.197952258193617
7059,7.842524915204252
7060,5.426443757131182
7061,3.646137742193277
7062,5.787017772744769
7063,7.863780411547759
7064,4.135364868837467
7065,7.020516708510151
7066,1.4443210800108466
7067,4.0360969260454285
7068,7.269871126618689
7069,3.9513643742766913
7070,3.011190451742118
7071,8.403610205589892
7072,7.597151154964959
7073,4.847602514787248
7074,5.164800269877939
7075,8.632224544744133
7076,9.433969521719996
7077,8.01612197810977
7078,6.2962914122865286
7079,8.442823714123998
7080,5.145715606839053
7081,6.465647337422597
7082,7.606787435316783
7083,4.159426476976154
7084,6.88039867005432
7085,3.651757562141687
7086,7.798344677731947
7087,6.489452965096961
7088,4.060679220466856
7089,6.696732135238771
7090,9.511969332610539
7091,6.337661348415262
7092,4.406333268953521
7093,5.103283353966175
7094,9.017297597224008
7095,4.4230519755117115
7096,4.5296008822731855
7097,8.318019618009295
7098,4.639815752962512
7099,7.63884456100882
7100,6.657048077866822
7101,6.1958625205558135
7102,8.201980349604348
7103,7.0673101063524735
7104,7.997678888779781
7105,6.41590050731867
7106,3.5238219115886116
7107,4.718805748728505
7108,7.258178266552443
7109,6.479801912260666
7110,4.10002862321756
7111,5.488337434133729
7112,4.0357149706972075
7113,6.41851054878226
7114,6.123116779833046
7115,8.449306316913429
7116,9.003671603456127
7117,5.051425901400638
7118,6.279973424705215
7119,7.633593931386096
7120,4.639028302348719
7121,5.307841524442701
7122,4.901478741256997
7123,4.626963161877888
7124,3.822438460574353
7125,5.296570271562091
7126,7.742611515484814
7127,5.247936630120442
7128,7.207230527621476
7129,6.710778818105831
7130,7.266033395370195
7131,7.250596697785802
7132,6.849431142971453
7133,7.1432149886635905
7134,7.264718853291517
7135,6.315695390406162
7136,4.553457526953458
7137,6.23328867017334
7138,5.107630615629165
7139,4.654718204167307
7140,3.8859737082574632
7141,9.598806731021
7142,5.576398549954559
7143,5.303524933683571
7144,3.344940098228809
7145,5.367443561298076
7146,4.992446798463522
7147,7.856913871076309
7148,5.5665331866911485
7149,7.222707777046876
7150,5.542228584481624
7151,7.962750266541481
7152,5.897525301824631
7153,1.7800072895955434
7154,8.85116596618119
7155,6.7658038025703435
7156,2.112665755442699
7157,4.655050314582801
7158,4.179387188765967
7159,5.709029731691609
7160,5.334453897762806
7161,6.633656273979412
7162,5.721251600176068
7163,6.685250905969955
7164,8.396021336893634
7165,8.414602621867179
7166,3.4233025603517238
7167,6.530982692668325
7168,4.580796728100822
7169,5.710832242439709
7170,6.439183409629664
7171,4.596866099412921
7172,6.1165246447178525
7173,7.903397823721857
7174,9.202101505182672
7175,4.196762310101962
7176,7.623851371196169
7177,3.573823870998804
7178,8.571418397949063
7179,6.474546065260383
7180,4.751078011844943
7181,6.57184798442861
7182,5.8995995820568075
7183,7.4719812335063045
7184,2.2197231944054456
7185,6.034611357564575
7186,7.201871465614114
7187,5.205999612001165
7188,2.5855707594223944
7189,5.654340077163817
7190,5.5943698934174355
7191,3.036278017440208
7192,8.529119304154783
7193,8.291836282612985
7194,3.349636137805636
7195,7.407334541679072
7196,5.901029749625634
7197,7.1207669945393475
7198,6.169325807192131
7199,7.917134677897252
7200,7.239250906728607
7201,5.828840039017434
7202,6.392505344683105
7203,6.3133321130402456
7204,6.112836196257698
7205,3.0329882497063485
7206,6.858375729366357
7207,6.1533587087712736
7208,6.144161658558397
7209,5.94765585556389
7210,7.095424683705298
7211,5.750284365908892
7212,4.971601046411517
7213,5.74900618131594
7214,5.9527512223898045
7215,5.199022812994919
7216,4.304209345714814
7217,7.35388531443129
7218,5.625272681615048
7219,7.688339236502332
7220,4.175162750196922
7221,7.60060457803679
7222,4.640974341236732
7223,6.677835798795648
7224,6.0117952030648425
7225,7.243583907683775
7226,6.760511043677125
7227,5.965295846805758
7228,3.819515063934377
7229,8.472588430704624
7230,6.340325474724431
7231,3.170631895170485
7232,7.66563556897899
7233,8.349673125608028
7234,2.7862103452067943
7235,5.115624739371423
7236,8.13824794959619
7237,5.844351568149173
7238,8.221169383822948
7239,6.035759015849865
7240,3.5766007923899044
7241,3.9162347531298862
7242,8.525971105269528
7243,8.912301010242993
7244,3.323545893997678
7245,4.16264492221152
7246,3.5008409379289556
7247,4.235236917206793
7248,3.834732081039953
7249,5.788743458637926
7250,7.8724512412962495
7251,6.263098279471781
7252,5.197037421367428
7253,7.653267976374132
7254,8.039177755589735
7255,3.689704598837558
7256,6.871354621233227
7257,3.839076250088126
7258,3.106176256865296
7259,5.859171825929016
7260,9.375709204811244
7261,6.045381212411402
7262,5.984912707330691
7263,4.684763369677928
7264,2.9817026131191273
7265,7.881468331537247
7266,4.312225777910288
7267,3.204863509694009
7268,6.431763185376665
7269,4.889198329273995
7270,7.190875618000262
7271,4.2351159623027215
7272,7.123799461971329
7273,6.755400158678731
7274,4.986814769382137
7275,6.695051501210579
7276,6.167808074071389
7277,5.229151148532508
7278,6.237679735159509
7279,6.292926726611667
7280,6.77605079603823
7281,8.792767635425939
7282,6.301690998203352
7283,5.589698606822564
7284,8.44464057953751
7285,7.508659278827578
7286,3.0104241230341358
7287,4.58473517723705
7288,5.9093602905988005
7289,5.0095303542065635
7290,6.739407748867922
7291,3.7823590082011664
7292,5.540595236517646
7293,4.714482804058569
7294,5.2099746799699
7295,9.527799603710102
7296,8.193771623185095
7297,6.67309650307398
7298,5.059051652420341
7299,7.416906465479586
7300,4.456858028876979
7301,7.16653470415063
7302,5.026046532767055
7303,4.848957668138372
7304,8.498104422807438
7305,5.873846431258131
7306,5.17588600788082
7307,6.972493124849396
7308,5.001703165982358
7309,7.626241659681093
7310,1.6026650546805845
7311,7.272333267096741
7312,7.832569979845628
7313,6.379406298180963
7314,5.817300330455969
7315,5.682183005004827
7316,4.357836488540736
7317,7.459551916860422
7318,2.4767198938916626
7319,7.279872097572217
7320,3.984388412683738
7321,4.377021285824735
7322,5.4632005120711655
7323,6.170825535760167
7324,4.435056549718534
7325,6.578360019525729
7326,6.135871673838966
7327,3.7602257574906672
7328,7.154582967731615
7329,3.4820376780785427
7330,7.772386122808598
7331,3.9882409880505016
7332,7.55380650025274
7333,7.6141649476758575
7334,5.598715474252841
7335,5.950004596343325
7336,6.241339190034977
7337,3.970928335662408
7338,4.743870509315009
7339,5.294121887190805
7340,5.601661186105731
7341,4.338840668485025
7342,4.936886859326142
7343,7.6520890464000715
7344,5.92792994416227
7345,3.5317523094409875
7346,7.741168686339101
7347,8.187441995319045
7348,6.988945661341961
7349,6.234687580414323
7350,4.808318478207871
7351,5.387428948254809
7352,6.324820481833616
7353,5.167422534532245
7354,7.1337469935221085
7355,7.581094924273204
7356,5.1698170550640015
7357,8.510241723350532
7358,6.814689712593651
7359,6.116872417579518
7360,8.006634408363766
7361,9.352745724352408
7362,7.368240981230041
7363,3.555348012790162
7364,6.522162697475232
7365,6.462943492278167
7366,6.102857490640907
7367,6.067811666228707
7368,3.653167874892566
7369,8.348258954165365
7370,6.285423878457618
7371,8.563872967726436
7372,6.2538371171237515
7373,8.564614912381867
7374,6.64864978372953
7375,4.193442928841292
7376,5.4444220955161
7377,6.004958760927788
7378,2.872684616401221
7379,9.114253710651957
7380,6.750310637191387
7381,5.998405242373461
7382,7.954074555760443
7383,3.2922487668752396
7384,8.253483854784218
7385,4.547587543325509
7386,6.061816245880763
7387,6.212862885854652
7388,5.7491881942951935
7389,4.993448963898822
7390,6.188480553612003
7391,6.858842111535311
7392,6.129499109416612
7393,9.362419093515387
7394,7.805672975860624
7395,3.224508846294452
7396,5.947383945800797
7397,8.13638204011018
7398,2.073663466484182
7399,4.695036098590682
7400,8.10419261231708
7401,4.403226732578705
7402,3.2702894595472283
7403,9.421256172953244
7404,6.010064111894806
7405,5.2957992540715955
7406,7.725132318538472
7407,7.6028738777639475
7408,7.598740351373088
7409,8.468298200115594
7410,7.529609121435334
7411,7.955394253772539
7412,3.3326222637939837
7413,5.0206907694208835
7414,4.819897982533025
7415,5.926137550625293
7416,5.5111833028904105
7417,7.121492846127498
7418,3.9106712856054546
7419,5.836680348258087
7420,5.298373427568228
7421,3.362890960434853
7422,5.9870869545893335
7423,8.526089692627016
7424,9.37556214637286
7425,3.60875243065333
7426,5.413537491057029
7427,5.54005318510634
7428,4.062645515560539
7429,3.800650619545482
7430,2.006580384172282
7431,5.964619398481601
7432,6.570027029429886
7433,5.15655669988146
7434,4.360872112005236
7435,4.715340337937069
7436,7.582666132846109
7437,8.900815294926591
7438,4.864885515841244
7439,6.3638958397766805
7440,8.159370045890352
7441,6.53318863142344
7442,4.062708520886677
7443,8.576175830769795
7444,6.474008964182419
7445,7.823590317715418
7446,4.097664149239303
7447,8.220630439040683
7448,5.2168784318632815
7449,5.61569012444237
7450,8.617350532544602
7451,6.237189326655975
7452,6.27313315749312
7453,4.1841137156888495
7454,6.685212090607604
7455,3.899862001324072
7456,7.044130492266374
7457,7.180739691542103
7458,5.360753744037354
7459,3.74578862937526
7460,7.351471010531832
7461,8.277510811074126
7462,2.973028099410203
7463,7.90360815006032
7464,6.053509656607092
7465,8.666200079898372
7466,6.831337002938539
7467,8.88091109870238
7468,6.805023178991732
7469,3.763863810788504
7470,6.382716231730905
7471,6.0175768156199165
7472,3.6393066667346217
7473,5.858048403675018
7474,5.068755482559039
7475,3.0197972236632724
7476,4.822581561032394
7477,2.3685084263494507
7478,6.652476494310688
7479,4.657323075554545
7480,8.918435806299684
7481,6.785508228033636
7482,4.854441231869357
7483,7.438337759426423
7484,8.079765604672158
7485,4.847591607637378
7486,9.059191459431885
7487,5.072001380832841
7488,5.177714424180143
7489,5.36994930761524
7490,5.192102451648446
7491,3.7744530129245124
7492,4.5218564100817025
7493,8.294754510565173
7494,6.300654955487406
7495,6.857465495655362
7496,7.32779338179417
7497,6.302281413233411
7498,6.367857890753705
7499,9.299702084562735
7500,6.052114260071017
7501,6.522264163883992
7502,8.116017221292406
7503,4.505385867429471
7504,7.406050145443839
7505,6.509657766294779
7506,6.2449432433776275
7507,8.545526417401499
7508,5.518467998351763
7509,1.0987731597820383
7510,8.563891838525187
7511,5.315561175236911
7512,5.165365077647951
7513,5.381433289776378
7514,8.093489081512988
7515,4.600981265297509
7516,7.441514524099811
7517,2.731753566818426
7518,5.975575899652413
7519,2.821866760471591
7520,4.282317993093147
7521,9.018702036542662
7522,5.939720561268616
7523,3.4022697118251273
7524,7.967400224001159
7525,6.206550510325181
7526,7.553567015180168
7527,6.067194837993479
7528,3.5434468462878916
7529,7.628516368824818
7530,5.495951973273292
7531,5.537295085687526
7532,9.417503439518052
7533,6.864312086152636
7534,6.977746472796458
7535,5.16512724127217
7536,7.718487268886927
7537,7.8601743906725385
7538,6.2709783970921595
7539,5.698476019892608
7540,5.855096614397457
7541,4.051043799762032
7542,7.601535565771838
7543,5.398019082852583
7544,2.6426796694708354
7545,5.233363546997998
7546,5.341565082060254
7547,4.291560919026698
7548,7.3042664493888045
7549,7.872619595967679
7550,4.845718227352679
7551,7.748894244193552
7552,6.2046659048158945
7553,6.883089263399372
7554,9.28042648603155
7555,6.661446468368388
7556,6.35343932669372
7557,8.029706800330443
7558,4.360712018753594
7559,2.9087182191706216
7560,2.087023353993756
7561,5.951021375250494
7562,5.083674522075549
7563,7.727477373060372
7564,6.468655803005109
7565,8.85120079780431
7566,5.410658721376879
7567,6.897771936479072
7568,7.517562347858231
7569,6.247203992910282
7570,3.238184690022221
7571,6.716858403735007
7572,7.067657535083103
7573,9.580202697495077
7574,5.789189899965806
7575,7.423230144858856
7576,4.715548168201101
7577,7.253282491798526
7578,6.163854897777937
7579,7.646866217394805
7580,4.062293072251878
7581,7.16474702762986
7582,1.9097013180095637
7583,6.136802201644159
7584,4.014860049222918
7585,6.235901562788742
7586,3.977316473364089
7587,6.396842664058739
7588,4.375880020991807
7589,8.350535260013087
7590,2.0791159639174714
7591,3.4388075825734674
7592,5.906565617149308
7593,6.439962233230718
7594,3.826361702476829
7595,6.7333766546879295
7596,3.5261947579978647
7597,6.500386256532734
7598,6.24604663999281
7599,3.9153969094590115
7600,7.259499268550718
7601,9.056030096301443
7602,1.4687723849942016
7603,3.8620609613122974
7604,3.4656027830944947
7605,5.315328824985268
7606,6.074919374415922
7607,8.20846490798031
7608,8.303728356580141
7609,7.621409499940299
7610,5.065671652781734
7611,5.12574629131196
7612,6.602517367091449
7613,8.084472560222885
7614,7.1966917499501175
7615,8.248830074226221
7616,6.2621176700970285
7617,7.17970479126346
7618,5.537695404725671
7619,3.6420704254608816
7620,3.7686062295981926
7621,8.182310907358929
7622,3.7913285331948803
7623,7.400052898071987
7624,6.806468970114229
7625,5.64897591467952
7626,1.3829125662218715
7627,5.451698557312649
7628,5.828151093221304
7629,4.124787999180896
7630,3.1837643276610574
7631,6.156182771369586
7632,8.348927382423641
7633,6.967155748910192
7634,1.4657131122688343
7635,4.559975033862592
7636,7.4448429120142245
7637,2.7779068704900762
7638,6.604819666099063
7639,7.786849635294539
7640,8.305924161383412
7641,6.8338152934532665
7642,8.897875565435559
7643,5.804364167658135
7644,5.634987423208248
7645,6.694874233163606
7646,5.2348383554548406
7647,4.589920341851562
7648,3.2894543341395592
7649,3.8753312824053867
7650,6.503989164421853
7651,5.226044921652
7652,5.997655608489006
7653,3.1216162233771594
7654,6.000008597977923
7655,7.387470349761909
7656,9.589792959777437
7657,7.4515952005917265
7658,4.661211575581924
7659,1.41863778154174
7660,3.613904435934653
7661,4.452653459786018
7662,7.022706231475525
7663,2.501995769505384
7664,7.817472715076807
7665,6.550871632372535
7666,5.7096099635250015
7667,5.145664081522861
7668,5.333115490696358
7669,6.607663641007157
7670,8.733685017751048
7671,5.774033894394397
7672,5.8395916526763525
7673,4.816475753159699
7674,5.314320900189903
7675,9.005089756484598
7676,3.101527709845956
7677,5.356918009222452
7678,8.533111404669993
7679,8.064207411854074
7680,7.562374876146481
7681,5.250012845463955
7682,3.7681227050765234
7683,5.4090612353943754
7684,4.880861919221823
7685,9.423151135097148
7686,6.372183828549391
7687,8.659798316297415
7688,4.249626701270862
7689,2.6569736537262725
7690,6.503943580140653
7691,3.622454545265388
7692,8.110986247731843
7693,7.893425619412672
7694,5.086902620865753
7695,4.559967675687663
7696,8.797933841765401
7697,3.6689731230598532
7698,4.880527691147808
7699,7.0559969340990865
7700,7.269883065702407
7701,5.313010228292371
7702,3.2076763401758432
7703,5.618023757615581
7704,4.7746351268957925
7705,4.110623369614706
7706,1.9687763048488318
7707,7.112618951572617
7708,6.263926441585628
7709,7.837990197822766
7710,7.052649027229469
7711,7.933259169160595
7712,8.083233115143344
7713,4.863757274685614
7714,9.46914688532364
7715,5.752284567374586
7716,7.023628324510827
7717,7.0378461247623365
7718,7.980090190230977
7719,6.447881120031757
7720,8.829289759750736
7721,3.185621446302071
7722,3.4761291888040398
7723,3.7060433348600474
7724,6.353973904530401
7725,5.652963511884494
7726,4.774820702971036
7727,7.191904298481127
7728,5.275166805746064
7729,3.118454606464171
7730,6.243199956872697
7731,3.5432977518688094
7732,7.702958740279301
7733,5.759870380778897
7734,6.096536768226468
7735,8.518446716418879
7736,6.936316847130854
7737,5.312002299964949
7738,6.463314682269887
7739,4.39949177048376
7740,6.344686082484888
7741,5.665609333381229
7742,4.864029399400052
7743,5.400386217606633
7744,3.5420204653305687
7745,9.173135697930137
7746,6.04086245812736
7747,5.86422653312692
7748,6.013057714562713
7749,6.555067262613198
7750,4.006160065868612
7751,6.778563475261411
7752,8.06128286357587
7753,5.766084078538273
7754,4.796367066690862
7755,8.500873735456695
7756,8.362857152020062
7757,7.860963445064189
7758,6.426547212522478
7759,8.853705248152227
7760,7.226834421535877
7761,7.794463951278123
7762,5.121451004336094
7763,6.477744799185282
7764,7.207219837069887
7765,4.974252071573897
7766,6.917491647422991
7767,5.140328701762619
7768,5.01479382286791
7769,3.4077394139667767
7770,9.039303833695412
7771,2.691877800761698
7772,5.289423215439426
7773,4.905091675871906
7774,4.995676273895401
7775,7.579986976174954
7776,6.672690211011357
7777,7.222450642955308
7778,8.072920246797798
7779,4.731737412617066
7780,6.4571394413013845
7781,5.720860189275609
7782,2.819839905398969
7783,6.0552192713004604
7784,8.66538078337644
7785,2.35982442080371
7786,2.0773173152504465
7787,3.0660609576820543
7788,8.779487971154147
7789,1.6288887429643495
7790,6.535265672402147
7791,3.7501134873801707
7792,7.670292255826984
7793,8.198939442551653
7794,6.763470850130827
7795,6.969711758573311
7796,6.899519598760325
7797,6.127952177118495
7798,7.822584144427363
7799,5.068622075274838
7800,3.8292308342050725
7801,2.9239053436902678
7802,3.3641371056825182
7803,4.7039105893130575
7804,5.062585017792077
7805,7.61978689503045
7806,7.425529032800777
7807,4.48752976190409
7808,6.156071646258305
7809,7.878676960961389
7810,5.716963257786066
7811,4.9388295989607505
7812,4.842259117312319
7813,6.165316240282548
7814,3.97260994633652
7815,4.479595865732626
7816,6.867420934486153
7817,3.25805482119812
7818,3.702662472631366
7819,6.544391022646537
7820,5.4292138317651135
7821,6.745093611921268
7822,6.730565138584349
7823,7.54069327113826
7824,6.380306738339042
7825,6.5091223858812555
7826,5.660878660864053
7827,4.279182839632502
7828,8.033500176917837
7829,7.490136400491252
7830,7.143317002975114
7831,7.087613536168573
7832,2.785763612750682
7833,7.745366220150886
7834,7.959782447508025
7835,4.103613128075852
7836,7.534137642861674
7837,5.939542719696035
7838,5.150888955998553
7839,5.457291818982557
7840,8.81535613022317
7841,8.367073004252852
7842,7.964317020220131
7843,6.960930480702746
7844,5.249152480140616
7845,5.77151915160374
7846,5.536843557702705
7847,8.56281420961192
7848,5.030312448790174
7849,2.628116063048586
7850,4.419486366215537
7851,4.581576055125101
7852,7.728490172263686
7853,5.305302839177644
7854,4.51043802730876
7855,8.298308462149002
7856,6.368876352809176
7857,9.614632954318044
7858,7.267610849181733
7859,9.645057897774784
7860,6.83952981088654
7861,9.630311517568048
7862,5.381073637700409
7863,5.371685753764061
7864,7.822945232608333
7865,9.327573152258397
7866,6.473307419592411
7867,9.495867796329726
7868,4.918401671695834
7869,7.445232922926904
7870,8.538478762412469
7871,2.2203135061942945
7872,6.456141188083965
7873,8.263405759903574
7874,6.788627281810833
7875,3.9382174034698774
7876,4.1057073751283975
7877,5.525705093319748
7878,4.580832166642244
7879,2.0334886101694956
7880,3.8678828477313743
7881,5.645333495746452
7882,7.803714827651949
7883,4.72865337208193
7884,4.337743926272524
7885,7.018351236810134
7886,4.558259272804298
7887,6.494702008579872
7888,7.547715792785893
7889,8.573636964351516
7890,3.7923931834894784
7891,6.0875735926930705
7892,6.3572570684203775
7893,2.6091264253238546
7894,7.294965190095331
7895,3.6348486312163946
7896,3.3460926555780257
7897,8.554536650687233
7898,3.2882580310306024
7899,7.8796764316842545
7900,3.7500138358904294
7901,7.393748092108746
7902,4.610555709709713
7903,4.400923209495446
7904,6.021619720922157
7905,5.291677810920117
7906,7.95629114301091
7907,4.071932176910365
7908,7.754297898543236
7909,8.025407119023855
7910,7.144184016556515
7911,7.234246233429603
7912,6.163017652989812
7913,4.5990484829730285
7914,3.6036552149840464
7915,5.151793127279031
7916,6.771487575205577
7917,6.819885371052726
7918,4.450673582408616
7919,7.407525492688816
7920,9.309199109178161
7921,6.212234502635847
7922,4.807932005428515
7923,6.300565412821807
7924,8.269083583487774
7925,4.267618013016853
7926,6.247320058856074
7927,5.468682701957451
7928,4.79525039517421
7929,8.669291413393015
7930,8.123757472803259
7931,7.682584948974761
7932,5.641972025092525
7933,5.4741773090801935
7934,7.937165931786509
7935,8.493803838939156
7936,5.297849110702761
7937,3.4115978430925016
7938,5.872830338451482
7939,8.157678585355345
7940,3.7672667833802174
7941,4.242848052061329
7942,4.056685401473202
7943,6.174511357712563
7944,6.184219365486056
7945,5.3112880770103486
7946,4.423429143402728
7947,4.9735078038610325
7948,7.57338617487026
7949,6.239110570535813
7950,7.013291629073968
7951,6.74053955734353
7952,7.81556147325533
7953,5.714639614244316
7954,3.458567459892403
7955,5.155432836272445
7956,6.680019018388187
7957,2.907385537116
7958,3.288411043820812
7959,5.003876927196302
7960,6.245677031283835
7961,5.709356984011423
7962,6.807352678509126
7963,7.339575517305076
7964,6.242287584520393
7965,6.09812530780453
7966,7.517669726731235
7967,4.7243652191629995
7968,6.269041672440559
7969,7.840377207590172
7970,7.491626472265839
7971,6.3932926418022085
7972,5.448482873650079
7973,7.786178938199617
7974,5.780264685672993
7975,7.194790270245077
7976,6.362473887697345
7977,7.982382834088483
7978,1.3243497197328364
7979,5.4655348063818945
7980,8.04238696130188
7981,6.736072718241966
7982,3.2812206394836965
7983,5.861197342671119
7984,5.819658653767462
7985,5.606865274844099
7986,6.780179224238792
7987,4.516661015027451
7988,9.758178832435222
7989,7.331139474759344
7990,7.925261953230752
7991,0.7985949080947498
7992,2.907374747506273
7993,6.570560900455407
7994,4.179031392784857
7995,2.7582503505682348
7996,6.154535826520829
7997,8.01181648453437
7998,2.3964298778374813
7999,6.614179365772479
8000,5.406113710281439
8001,6.965146713056974
8002,3.389760935638273
8003,8.392128125619914
8004,4.7485781166039285
8005,7.745695776486002
8006,6.494823325156229
8007,8.442720774930375
8008,5.423055032381816
8009,5.5641795404226
8010,6.576646211999545
8011,4.73104191146483
8012,6.482512577081206
8013,2.6650387864784593
8014,5.392701221200063
8015,5.137963260576022
8016,6.596685705121826
8017,4.057126072367178
8018,4.880967790947527
8019,5.873285045536782
8020,4.707409066676245
8021,3.0613896130820186
8022,5.397750909854315
8023,2.6963159289227696
8024,5.778839330601306
8025,6.358026788174879
8026,8.619309594215526
8027,8.960953891121148
8028,5.507359679085312
8029,6.524065046159077
8030,3.1811296397605004
8031,4.475135078537107
8032,4.555363942412984
8033,8.731575592553813
8034,4.142096545088149
8035,4.7776823304283145
8036,2.274708444869848
8037,5.41765386394751
8038,7.097019347273995
8039,7.79949668020636
8040,6.599674352138608
8041,6.461611747014476
8042,8.292685257068984
8043,3.1363682739550574
8044,5.594765501683472
8045,6.609049676732314
8046,7.981692753736939
8047,3.341293319662581
8048,7.157658271845667
8049,3.54880647321465
8050,7.12338691121912
8051,7.253557300001066
8052,8.920108693081772
8053,9.900806179919295
8054,7.026238531099811
8055,7.995154582312724
8056,5.10291652890859
8057,6.975604134196285
8058,2.6743235859839483
8059,8.185094816482765
8060,5.00451785915574
8061,8.988814505613794
8062,4.703997610761339
8063,8.47527895237393
8064,9.113389968833177
8065,6.682268046615648
8066,6.167503868091285
8067,4.070861141424249
8068,3.1332727255771617
8069,4.846508313676509
8070,5.06792099814641
8071,8.085687738286648
8072,5.5458566149896775
8073,9.410972678187074
8074,8.138843652356835
8075,7.13132609897065
8076,5.042048461639899
8077,4.072633411606218
8078,5.261030172540911
8079,9.425928739290105
8080,8.244803688968735
8081,8.284201846701768
8082,2.6783869996164165
8083,6.000460759886553
8084,7.742306435817743
8085,8.555577321672763
8086,5.87669638905356
8087,5.035841467892853
8088,7.372277298477651
8089,5.874401384713113
8090,5.249906295066442
8091,5.898578226998451
8092,4.43980490061145
8093,3.638128519197511
8094,5.964011715446256
8095,6.834818619038286
8096,2.8672343301841483
8097,8.833935500678441
8098,6.2369431856616675
8099,6.66384729420772
8100,5.155051621043294
8101,7.859849109535636
8102,6.471064116781037
8103,8.895081366256104
8104,4.261717453838086
8105,4.222048565329605
8106,1.1514120291480516
8107,4.49708005137688
8108,5.172380969133865
8109,4.66548056322707
8110,4.912714306625811
8111,5.115402176487472
8112,8.533064122122848
8113,5.980284102274455
8114,2.955897146944102
8115,5.583229742783971
8116,8.219706056367977
8117,6.3099223598064125
8118,6.815046046962988
8119,5.784894285268529
8120,5.337944579971798
8121,2.525310343881074
8122,5.7657799486969346
8123,5.762265533435937
8124,6.3444257269811635
8125,7.025621979263586
8126,7.985953489308319
8127,3.0623432480300528
8128,9.045465933473428
8129,8.914991251967766
8130,4.13769080892245
8131,7.677910398192899
8132,8.781085877943122
8133,6.336290677324077
8134,7.0907585661096455
8135,4.147161466099994
8136,6.160934235890025
8137,4.71274286957372
8138,8.169600900481095
8139,7.517598823878125
8140,2.985612790911253
8141,3.073249382285157
8142,8.629987097201035
8143,3.0190532086137027
8144,5.838562890795945
8145,7.176446788564547
8146,4.42197743569133
8147,9.316028213860028
8148,4.915958094614003
8149,5.05355277421004
8150,8.750737207209385
8151,4.399623396512935
8152,3.8647765004449566
8153,4.440737512550695
8154,4.6043765494199045
8155,8.49467807363916
8156,4.896826571845167
8157,4.601825724675007
8158,4.97566555613911
8159,8.671167850238886
8160,1.9416131941020995
8161,6.463165637455318
8162,9.068146248552557
8163,6.493512830879048
8164,7.64708089687243
8165,4.7814990138517235
8166,4.738369477883156
8167,6.138155245639711
8168,4.319952627129703
8169,3.3032668275701758
8170,6.738181087581353
8171,6.252624479064359
8172,7.3930783573584335
8173,4.8762850473737895
8174,6.559577918234888
8175,5.587222090049882
8176,6.873532570220139
8177,5.547361770324818
8178,1.8954058029789198
8179,5.936372159560927
8180,5.029306399531577
8181,4.775991375519317
8182,6.759961380507021
8183,3.8975508471615368
8184,8.075098934005286
8185,6.898307058465016
8186,7.45300956275938
8187,5.7206706805436145
8188,8.275405170816162
8189,6.723649729603984
8190,8.580026614037752
8191,7.896413623400709
8192,9.053785583240868
8193,4.463741364384397
8194,6.718116454479159
8195,7.213956416908004
8196,4.306255709259928
8197,3.7345151563246817
8198,7.123873034350318
8199,0.5818534923580708
8200,5.113174056143318
8201,7.328160341876753
8202,4.052640558833116
8203,4.340706616813717
8204,5.662494894856212
8205,8.735389390654667
8206,4.698362581690245
8207,8.116240154869473
8208,4.574281637698431
8209,4.940207442055729
8210,5.429578867785781
8211,6.651281416851786
8212,4.162709995822609
8213,5.663206348519213
8214,6.091581507522301
8215,6.380420269273193
8216,3.1015270546671814
8217,6.024830077263385
8218,2.5099860622644816
8219,6.772075552710481
8220,8.658433013564212
8221,4.037790375139711
8222,4.223865616899206
8223,7.880371985855639
8224,4.077859134850745
8225,6.954904634211381
8226,7.07125661722159
8227,5.428210184340797
8228,5.396499963093598
8229,4.065394893608481
8230,8.994832157062179
8231,7.829366913248651
8232,2.386692742276258
8233,5.474519880663395
8234,8.435452835223124
8235,5.160422916704488
8236,9.14595639079874
8237,6.735247897865396
8238,4.321538915374524
8239,9.786038405684572
8240,6.204439564543918
8241,4.689293556001292
8242,3.279669920555998
8243,6.8293205586371
8244,3.3749651929829696
8245,5.57840713083691
8246,3.5853507938629763
8247,7.535735933061888
8248,3.8162072930971265
8249,5.055053982135878
8250,6.8576724183704485
8251,6.297651482911632
8252,6.65134609628796
8253,7.052934327575329
8254,4.999871336538116
8255,5.74429727791359
8256,5.0185998936172895
8257,2.049932084490111
8258,4.3100475934978455
8259,3.8926003541967797
8260,4.664969882703065
8261,3.6087003892950738
8262,7.286506572327387
8263,3.498913605854925
8264,7.7368076887564
8265,4.5598511769821855
8266,6.263806151827551
8267,7.687524171223769
8268,6.3456480522017085
8269,3.010414458230029
8270,4.553604377031036
8271,6.487273608891644
8272,4.542719482260145
8273,7.890377429124813
8274,7.349040041918589
8275,9.691961464827429
8276,5.13386036864688
8277,5.062186163073206
8278,4.496247858223541
8279,3.772781424770261
8280,7.388619812420703
8281,8.287025808935294
8282,6.937959730347464
8283,4.622656374681212
8284,4.26686068611294
8285,8.514895052233937
8286,7.807708517673861
8287,4.678668613472909
8288,7.943595372787632
8289,5.096454949379721
8290,6.3837995500384626
8291,5.207712984373617
8292,8.694647758198528
8293,6.966997087600573
8294,5.983479655596003
8295,5.3037204958862345
8296,2.6966779549262445
8297,7.246808307622509
8298,4.192468201564905
8299,9.517493055158651
8300,1.6185348092860297
8301,8.210360087556488
8302,4.042716745937507
8303,3.129464661742742
8304,5.452901486792192
8305,4.660537330379858
8306,2.3760142209583517
8307,7.736088756273323
8308,6.992865307559841
8309,6.147734121279928
8310,6.3733364139562845
8311,7.489283139595502
8312,7.959996391997885
8313,5.339180037983492
8314,6.89395132638499
8315,2.450857658324318
8316,6.69496101349631
8317,7.124496382999031
8318,8.856691651903876
8319,4.372178483347995
8320,5.0494208748268345
8321,5.280038317637883
8322,7.4134499169006
8323,6.245645532388006
8324,4.0772712995164335
8325,4.712111429091838
8326,5.208890061303291
8327,7.732161132446049
8328,7.187152174139725
8329,7.766712136064967
8330,7.743131084789889
8331,5.760713441756855
8332,3.073023903334285
8333,6.214298795367529
8334,4.368561988813505
8335,5.756642602317857
8336,7.0179111563673064
8337,4.148889263670341
8338,2.5759216441588695
8339,7.9425100529102215
8340,5.044698248979799
8341,8.41215784586907
8342,2.005168911670313
8343,8.606236674556897
8344,6.008908185111374
8345,7.464140038403536
8346,7.020687576134564
8347,7.193514059783872
8348,7.98555806192244
8349,5.4883953219211215
8350,5.61842579850104
8351,6.804345269711161
8352,8.51370507064909
8353,1.194466455578201
8354,9.475076329896098
8355,5.590597223871841
8356,6.950491945265708
8357,2.004734503765127
8358,6.6742460006705775
8359,9.103318040577767
8360,4.406441401707067
8361,6.203819488344864
8362,9.638378609349553
8363,7.090453059092851
8364,4.4049076657031
8365,7.807001749575996
8366,8.81882982061158
8367,3.1023799150633593
8368,6.969674991461249
8369,5.681040566933573
8370,3.2295907058727304
8371,5.4741203328429515
8372,5.841581794644938
8373,4.953115760250138
8374,2.823409488048101
8375,7.265492250782317
8376,7.405136148078237
8377,8.377900110274156
8378,4.367670229049673
8379,6.483140961514308
8380,2.3255491087683033
8381,2.1539017350272824
8382,5.383338259924224
8383,7.400964064833639
8384,8.2278514458995
8385,3.641687555933425
8386,8.077098130032844
8387,5.140820325014955
8388,8.061330257183343
8389,7.525646201656532
8390,9.042401491491692
8391,9.357884189872086
8392,6.733520451351789
8393,4.071744138071107
8394,7.71345456446979
8395,5.718443025621837
8396,6.115232637604034
8397,6.0970975289874865
8398,6.530285381003155
8399,6.220177461400246
8400,6.251370223082929
8401,8.644544608932728
8402,6.292999212521985
8403,7.228382048788612
8404,6.819991633877861
8405,3.8699012928230654
8406,4.80576402388295
8407,5.819563104705031
8408,7.9789731436983615
8409,7.667435258416796
8410,5.028525475092118
8411,6.453391828990864
8412,7.10578385558325
8413,6.171707818131359
8414,4.091844921786997
8415,8.38196863046538
8416,7.152173034856637
8417,3.9917176218945456
8418,5.392696928338723
8419,6.574453115848787
8420,3.0525362687440025
8421,1.3142497170848932
8422,6.2102309257424775
8423,6.134622503824739
8424,4.611422474652261
8425,4.596087628802701
8426,6.821697670340433
8427,5.291592911887254
8428,8.72408539551265
8429,1.7508772463356503
8430,6.489197695989417
8431,4.000419121338863
8432,6.8298878259363995
8433,7.972575199836701
8434,7.876656643120068
8435,5.40059235927167
8436,5.219915812938609
8437,3.623041023421081
8438,8.061787182586441
8439,6.9290150591526265
8440,3.223625888354649
8441,3.381673412035061
8442,8.44281149097577
8443,9.70319590937013
8444,8.046754100116635
8445,8.553528365980384
8446,8.205009338454603
8447,7.429185666264781
8448,2.5734707525013314
8449,3.5660250026538582
8450,3.2539774146002305
8451,6.356323323509073
8452,6.480090805947992
8453,2.6775164328285976
8454,2.93676516244824
8455,8.22118373791113
8456,6.091536376328143
8457,8.72830770299198
8458,2.4022941261239907
8459,7.5673965691472445
8460,8.593005828424014
8461,5.863378993706153
8462,5.8441093196708325
8463,7.701198789652016
8464,2.8126622231176244
8465,7.083409800473608
8466,3.947180363677929
8467,2.921063568810533
8468,7.715620807820302
8469,5.610915113232438
8470,4.500067012395918
8471,8.586016505824302
8472,3.9435647997865595
8473,5.166074617148784
8474,4.45353696969259
8475,6.1054876506834095
8476,6.523806043752975
8477,8.028241703062408
8478,7.085389864213051
8479,5.808803661680841
8480,4.210488334175781
8481,6.773479883107578
8482,6.606955216912987
8483,5.980748855370606
8484,5.818025360192743
8485,6.396926203866378
8486,8.759275176035798
8487,4.246460784001967
8488,3.9007916798906086
8489,6.595971945473002
8490,4.979258898395447
8491,4.84256389804617
8492,6.219376884993063
8493,6.202356028861008
8494,7.036585407309996
8495,6.703548970401602
8496,3.0698453451363736
8497,6.936798451024054
8498,7.16261237965919
8499,6.4401344549399555
8500,6.00139538219231
8501,1.8206327306976609
8502,4.6246798222085355
8503,2.6062626693388395
8504,7.200279776338842
8505,6.813740025671699
8506,5.550534711594018
8507,7.18780780211681
8508,6.78750438091321
8509,8.916106118682418
8510,8.501735317346947
8511,6.74452029270151
8512,4.740959392510043
8513,6.889200929835373
8514,7.391972763676872
8515,7.095381331774434
8516,7.052822678755462
8517,6.835541520429511
8518,4.891203718048923
8519,6.132755178687174
8520,3.335148868720373
8521,9.592780783815007
8522,3.728100523766388
8523,7.8010323003649775
8524,4.498198442294038
8525,7.7716811947333255
8526,7.583576356446181
8527,7.4940571168309384
8528,5.888856408684356
8529,5.520851436414173
8530,5.864879911754947
8531,3.5138218189739385
8532,7.438670119612634
8533,8.591753191084987
8534,4.216696980581514
8535,6.306015187291865
8536,2.765734397994366
8537,7.923956528936996
8538,9.660053868059205
8539,6.346122936170327
8540,7.152235902498457
8541,5.34302776593101
8542,1.6253354311075303
8543,3.5365779358518736
8544,8.185838790567793
8545,7.3167518135745055
8546,4.224351929794762
8547,7.218064953880299
8548,5.508274899635668
8549,7.308884790879401
8550,6.938825752459238
8551,7.462834373431849
8552,7.106153406710942
8553,5.9473163464133565
8554,2.479022757116186
8555,7.762993691240321
8556,7.06379472614912
8557,6.312120038325057
8558,4.974390577732277
8559,5.970594955008756
8560,4.16327408470395
8561,5.99017520123304
8562,7.328659388597638
8563,9.109615588284724
8564,7.0632896183421305
8565,5.095265691895658
8566,6.694107367953481
8567,7.729840873111784
8568,7.1167509166338325
8569,8.395967824714228
8570,9.659232050410326
8571,3.2215150391742124
8572,5.012119869351609
8573,7.162709836183426
8574,5.190715515208046
8575,2.1398907056605307
8576,6.226672463890945
8577,7.428219575961577
8578,8.259138547841667
8579,5.8525370982217915
8580,5.277023503495135
8581,5.369312713782952
8582,6.8135798276708295
8583,5.8732819548401585
8584,5.580057357985085
8585,7.800977292938846
8586,3.227371276812752
8587,7.625773925683891
8588,6.181928172857615
8589,4.538829181709488
8590,9.323092735536225
8591,7.038411490086214
8592,3.3031639227798357
8593,7.386147389351806
8594,7.840635788602738
8595,3.7471310809345577
8596,8.006021859920443
8597,7.302155636181605
8598,5.991173660193244
8599,3.1546420161514246
8600,2.223447782142944
8601,7.779323792806478
8602,2.5844465534123047
8603,2.092432249627319
8604,4.967567046864721
8605,6.113119159532681
8606,6.6084194411678325
8607,3.276356902306912
8608,7.814199475197974
8609,5.677375979711003
8610,6.690395240208252
8611,8.085318283894331
8612,4.397940252631565
8613,4.586647625112561
8614,5.22490208062542
8615,7.623974635112298
8616,4.722709219112833
8617,8.24184710857895
8618,5.336842992341629
8619,7.347199274475184
8620,7.846576367597255
8621,8.629944448112733
8622,7.660455651474593
8623,6.112026177756455
8624,6.934789267116569
8625,7.21332932986353
8626,4.874313797357059
8627,5.6572721450340735
8628,6.607917356621616
8629,2.379421510520784
8630,6.335878847498135
8631,7.009834215525377
8632,6.618225321617766
8633,6.9200192824993145
8634,5.523021428615578
8635,7.7462271033619725
8636,6.652267141953824
8637,6.296829316860924
8638,8.76273706574278
8639,4.206054523835414
8640,9.373891060889585
8641,5.552216589387709
8642,1.4149161367087861
8643,3.8292934104244116
8644,6.739440494486603
8645,7.925078988006139
8646,6.542309213582255
8647,7.268893498422598
8648,5.329869288215674
8649,8.44230327299199
8650,6.737978681424041
8651,5.8813276651872455
8652,4.752511053245391
8653,7.917243243527342
8654,4.681930561807532
8655,7.657342665225381
8656,5.376681881833848
8657,3.8927349657365755
8658,7.318809196759428
8659,4.815036318236385
8660,2.7226366346377575
8661,5.045708866672298
8662,6.800476351769858
8663,4.85028690554543
8664,5.8479498657460685
8665,6.12074697811196
8666,4.057067764179022
8667,6.785200985809966
8668,4.736196721970246
8669,5.886294291383687
8670,6.9931078157825715
8671,8.950954202313028
8672,4.859040397350102
8673,5.480888897143829
8674,7.131310524358359
8675,4.260383009269748
8676,6.814287401258971
8677,6.384975471727916
8678,6.421140414632014
8679,7.399082303627766
8680,8.176778874913458
8681,8.18412802649601
8682,4.337987521904708
8683,3.973724459686223
8684,9.92652015068193
8685,4.091746670261232
8686,6.143702398214705
8687,6.877149695545046
8688,8.067159040939462
8689,7.130658486730027
8690,5.778804786964288
8691,4.470094656163236
8692,8.387333555689176
8693,9.800787424897049
8694,4.079671636429629
8695,6.224630443239409
8696,6.951247836679943
8697,3.0677959947649645
8698,6.012935145719556
8699,4.5609471328085505
8700,8.625090423783389
8701,3.613302860276457
8702,6.769785692051594
8703,9.815650099442882
8704,7.291477635967407
8705,5.76086028788112
8706,4.697594649808648
8707,7.698380362678107
8708,3.3974942141167146
8709,4.933538303226799
8710,3.794264699102012
8711,7.147811013712719
8712,3.264037404542247
8713,4.728056237608653
8714,9.498621332099637
8715,3.470351251359739
8716,4.468071298788743
8717,5.99615626116757
8718,7.065654931909615
8719,6.118875400251059
8720,5.7194580158173345
8721,3.93353149215598
8722,4.097223620375878
8723,2.506376549539834
8724,4.7388279015495
8725,3.435613825665411
8726,3.5043179092184347
8727,7.984141887224879
8728,8.77861716361682
8729,3.98826211824676
8730,4.513970411598923
8731,7.946383274879552
8732,9.439084860675472
8733,8.175953161352727
8734,5.706527586824569
8735,7.2119524659974985
8736,8.02669082339996
8737,8.201599174687608
8738,8.343986800330402
8739,7.885126635058032
8740,3.2206035934186636
8741,5.6834501907593165
8742,5.792566462722999
8743,5.138958276439002
8744,8.450861251477246
8745,6.2821403167223036
8746,6.964640799857082
8747,9.316859581087177
8748,3.4186779068473556
8749,4.6424720056083855
8750,3.6367084133383845
8751,5.1258706911467105
8752,5.73329879101131
8753,7.829629825847535
8754,4.908502438950217
8755,6.836875799090227
8756,6.865674837067537
8757,0.6474082663608066
8758,4.751197429593914
8759,3.382185717602858
8760,5.058086393863075
8761,5.5103337835727215
8762,6.256841408989545
8763,7.661889412475919
8764,3.289326245397713
8765,9.185114479306497
8766,6.701039724862053
8767,9.177997210166582
8768,3.3772785636950458
8769,7.352185255620557
8770,8.970446332732434
8771,7.721502054042457
8772,8.456989646011102
8773,5.723812384175259
8774,5.532763374161502
8775,5.122160462090386
8776,6.568634856665339
8777,7.037242922139099
8778,6.619800282754004
8779,5.9441707705530895
8780,6.85672581247581
8781,4.931858407493703
8782,6.212712088924239
8783,7.109547552715732
8784,8.1075364238404
8785,3.3586468310914372
8786,3.7161491544950978
8787,2.63537753830751
8788,5.43354535657887
8789,5.952747436638993
8790,8.55242724400197
8791,6.826137564101333
8792,8.397165230456952
8793,5.000827743401093
8794,5.00261153854047
8795,5.180292577250066
8796,3.29100474571369
8797,4.252757951462506
8798,7.167224376626792
8799,5.201314383051332
8800,5.2752219355777195
8801,2.907498114480027
8802,5.281543795899165
8803,6.5018703766100865
8804,8.13453970782398
8805,7.2010147998364875
8806,7.1880872811446475
8807,4.476403621854643
8808,7.1925845635664665
8809,5.563196552126392
8810,4.5850139017427
8811,4.94706833763725
8812,5.828114667561117
8813,6.530940520201274
8814,7.079664909270822
8815,9.340892662236804
8816,6.695898308607912
8817,6.2564248836789265
8818,5.83410392517422
8819,4.872781596986627
8820,3.064653776515104
8821,9.33139288771021
8822,5.419183393846569
8823,7.802395052172169
8824,5.893467463745815
8825,8.357639243259634
8826,9.16129484964867
8827,5.517326844894167
8828,6.529138936579987
8829,6.148499947822733
8830,4.911655673614032
8831,6.923663441540157
8832,8.923541305278215
8833,5.564962872187589
8834,3.0339243469038313
8835,7.922654366454175
8836,7.756376586065948
8837,8.178410537426027
8838,5.291298713010436
8839,6.663571428986004
8840,5.925426698276354
8841,5.592898197128684
8842,5.052444036139371
8843,5.871150830245602
8844,8.579943036873807
8845,3.80538109439765
8846,6.158271219824168
8847,5.250376187833451
8848,6.304763137104719
8849,7.7948758292102145
8850,7.22242436242468
8851,6.305148280961487
8852,4.552492359087921
8853,4.541958064132198
8854,6.468338761703204
8855,9.138857920967803
8856,5.109712615830074
8857,4.478026580694347
8858,8.761068091128301
8859,5.932518834838524
8860,3.7321704854751077
8861,5.752535986303403
8862,4.442697878783898
8863,6.362951935736941
8864,6.282237591786565
8865,6.161028724714569
8866,6.826731454864909
8867,5.0733764858588515
8868,6.940044229176199
8869,6.506913658823243
8870,6.730324809871526
8871,8.403197260119274
8872,6.792313463809878
8873,3.6359075382882624
8874,3.2140200930436955
8875,7.0453629163474965
8876,2.316817109086884
8877,9.224119600314411
8878,2.7816489343645583
8879,7.107873946936536
8880,8.851503172602511
8881,7.8946476850489935
8882,4.804029298306417
8883,6.889124706249412
8884,4.075149029479746
8885,5.262992569384333
8886,5.07133628302062
8887,5.313671401560823
8888,4.848141951138829
8889,5.84704867439413
8890,7.812811080087657
8891,3.697932725314393
8892,6.392491340012744
8893,6.097902264484799
8894,7.648563951810875
8895,2.6186088443853617
8896,8.414650618556317
8897,5.225343701323682
8898,7.85903088476622
8899,5.113142298021834
8900,3.6873505948782177
8901,7.669800444025775
8902,4.254903313681455
8903,6.039775513581648
8904,2.777420266213961
8905,7.151682187388744
8906,6.575218084948431
8907,6.277461517827994
8908,6.859103301057671
8909,3.9338373315383564
8910,7.799131691962145
8911,5.9777052959877315
8912,5.2587979505818705
8913,5.152489977695967
8914,5.5409910220162155
8915,6.280340209002847
8916,3.2449808021456197
8917,5.228775502090235
8918,3.555025014183165
8919,6.879349812045311
8920,5.275319804144198
8921,6.638772685370378
8922,6.478555610568541
8923,6.281304500607395
8924,5.947131793951051
8925,6.164327903632593
8926,3.5003339690073707
8927,6.288954755674313
8928,5.235038179860696
8929,5.466017541666201
8930,6.927813869190566
8931,6.986936643316528
8932,7.732021639635514
8933,7.665709288740364
8934,6.398140886152287
8935,8.850736567472836
8936,7.565079251076128
8937,7.962093854937035
8938,5.403982773712031
8939,3.5969428134767347
8940,6.607637940521529
8941,5.816349532062955
8942,2.3998513839152227
8943,6.85254891648331
8944,8.866054453151978
8945,4.982497188617977
8946,5.972881208626473
8947,6.6568499708101285
8948,8.094548742108401
8949,5.986114718525359
8950,6.462680211593366
8951,4.6084181318426625
8952,3.242651868037949
8953,5.769866629373527
8954,7.35167610180953
8955,3.9406842690406725
8956,5.439507274216901
8957,4.829828248783765
8958,5.671612334283657
8959,7.08327444656693
8960,9.130084476072325
8961,5.834436724261491
8962,3.7012928590072294
8963,6.616415522205051
8964,6.092732795318045
8965,5.293161478430153
8966,5.315428990596124
8967,9.382865557753407
8968,4.711301126815453
8969,7.695104021590419
8970,6.124496825447207
8971,4.466117914796138
8972,8.296680322024908
8973,7.921938287903696
8974,6.323673234094676
8975,5.152788551404353
8976,8.308930528999198
8977,5.861415237953068
8978,9.062935062910901
8979,6.841026021264627
8980,4.743622639048364
8981,6.45682770871437
8982,7.59112532582366
8983,8.646404524684831
8984,5.859443005896173
8985,3.960555513061262
8986,3.921677256110331
8987,5.146086107985667
8988,3.8500881541753906
8989,3.8736023418812193
8990,6.833870402739295
8991,5.225950091709611
8992,4.261826271697061
8993,6.075224252486718
8994,4.1152479016392824
8995,8.36352181554765
8996,5.456245860088665
8997,6.727984708523856
8998,6.988441998979724
8999,8.376927221897782
9000,7.135227374430158
9001,7.1313618422616525
9002,8.100998351968386
9003,6.485771997507255
9004,7.743158666329023
9005,2.9907383078747602
9006,6.567662517759402
9007,8.82859895232745
9008,5.8937179374828705
9009,6.138379309017652
9010,7.965178554568317
9011,4.998944188115323
9012,2.7233186852659053
9013,7.125110374480034
9014,7.583476835511568
9015,3.641444722275869
9016,4.83463797240609
9017,6.68276226484826
9018,5.906326345824144
9019,3.613731383364689
9020,6.334870851338836
9021,4.54275201369408
9022,7.620803142758407
9023,6.512232516073668
9024,7.245182048276596
9025,6.0866941406985715
9026,5.6111611856345505
9027,6.981207492835619
9028,5.208665205842343
9029,4.44993835539637
9030,5.270102784081964
9031,6.088260436784352
9032,5.530362201707869
9033,4.7858897970746055
9034,7.3769581196171545
9035,6.156828666164065
9036,1.735035210477445
9037,5.834566878513853
9038,6.688821144109419
9039,5.531657604675971
9040,6.821320211428667
9041,4.704397666681938
9042,4.096402802511647
9043,5.884912320764069
9044,4.754853207753746
9045,2.2676128791729195
9046,6.2112584265859665
9047,9.498947426840722
9048,8.012686984515
9049,9.926286143138926
9050,4.111241421019159
9051,4.724356277562411
9052,7.15093446176137
9053,3.544617069994291
9054,4.0284277444840395
9055,7.9749759960456075
9056,7.94466325672356
9057,8.550082174351232
9058,9.194564975652222
9059,5.681347783492778
9060,7.287434725313805
9061,2.698999860148108
9062,5.351732730798165
9063,4.921733953185411
9064,6.542171026228726
9065,6.606253829354627
9066,5.263293578762588
9067,3.6421758060550387
9068,6.142975818116334
9069,6.303406705530603
9070,6.711859850616063
9071,5.757695611658396
9072,8.85251675809855
9073,4.491919209354634
9074,2.6389037266211814
9075,5.790091168773029
9076,4.982210637988956
9077,4.817069689609894
9078,5.938556355718648
9079,5.477428826564593
9080,3.7058339063015433
9081,3.8830820762161373
9082,7.3750421430804805
9083,9.86256746692233
9084,7.28499327594862
9085,8.292771119630869
9086,4.514029726174555
9087,7.868206114603193
9088,4.273543502296709
9089,7.164441074878896
9090,6.480025317924888
9091,1.8983962796875042
9092,4.14324943206068
9093,7.97952967165677
9094,4.22647565270341
9095,7.486215573243032
9096,9.290761193730813
9097,7.1431632317860645
9098,4.635794723707939
9099,4.7371301329219575
9100,9.375775040099073
9101,7.537774960600594
9102,5.602071200586786
9103,6.182274056259356
9104,4.7586036098798346
9105,7.807872585152336
9106,3.9691451320796904
9107,5.004797985254119
9108,3.8385749149038095
9109,6.775332890838744
9110,7.649696060794573
9111,5.636422105129178
9112,2.442959508196587
9113,6.1807385641755905
9114,4.6190494619064655
9115,6.196404226597173
9116,3.4524115071336396
9117,6.36719109757814
9118,7.985016740415519
9119,6.93817907137061
9120,5.481900783312432
9121,9.543061167231293
9122,4.31543149092743
9123,7.657040741263616
9124,9.590900957956798
9125,6.100236623137348
9126,4.650820732249331
9127,3.6885511360487055
9128,5.783886507385543
9129,4.0815685690749985
9130,5.965875769999329
9131,5.080006228430858
9132,7.042895428572518
9133,2.400051107874147
9134,4.7213533513788075
9135,5.146184784128158
9136,6.769175813630034
9137,7.809499859731796
9138,4.833572273662892
9139,5.555727200017986
9140,6.280985567854169
9141,5.692031963507284
9142,8.198306335973054
9143,6.02906914943159
9144,2.094745567654643
9145,4.044606514682809
9146,6.303971775662654
9147,6.522198987591671
9148,7.092382666197999
9149,5.736469339418767
9150,5.698603683062842
9151,5.55383398927062
9152,6.766833731182702
9153,4.677184361445493
9154,5.880880947363281
9155,5.6868495208205045
9156,9.055495314890912
9157,5.59755980407257
9158,5.056978347861815
9159,5.460260596158944
9160,4.421758393037269
9161,7.852177365546475
9162,6.4705292249394
9163,4.937297350443874
9164,6.515730463886608
9165,8.347731963545256
9166,6.1068008846107755
9167,4.071058343120692
9168,6.425172812767127
9169,7.441941848830818
9170,5.596931815920547
9171,5.1428931332852805
9172,8.196297000564774
9173,6.51488491718171
9174,5.172925344575842
9175,5.440057093419643
9176,4.16071903678706
9177,5.0413410705668245
9178,4.291334652756469
9179,4.3492906415430355
9180,7.157872044339798
9181,3.9156586885316487
9182,6.750662653057125
9183,9.91503465663917
9184,6.9342284553457665
9185,5.658470267972478
9186,3.5790560352522838
9187,8.415502608804987
9188,5.04085600122826
9189,4.315099912763635
9190,5.686941030116433
9191,9.444307936177967
9192,5.836880098066663
9193,4.934914493643691
9194,7.187700024056025
9195,8.586879202664232
9196,8.79344917212019
9197,5.450521164288394
9198,4.028864374072294
9199,7.392935986318576
9200,5.119389561949028
9201,6.645964347613084
9202,4.306443054872665
9203,3.765870257156594
9204,2.086238997881403
9205,7.827559114389225
9206,7.491241870488887
9207,4.418467726922199
9208,3.7009120268546982
9209,4.4466972848896
9210,8.673292982502575
9211,5.691882763155084
9212,5.431975720104898
9213,3.9098951563807756
9214,5.814530523665283
9215,6.597023539163629
9216,4.303354922435942
9217,6.660714386941117
9218,5.820624953233335
9219,4.247366121365341
9220,6.580190309857355
9221,5.597301063204149
9222,2.030119137929749
9223,4.811166514579042
9224,6.119520159719814
9225,3.4600444282197524
9226,5.054548019869631
9227,5.867801537425363
9228,4.837847215903494
9229,9.549241558118363
9230,8.839530708414074
9231,1.2500117637625796
9232,8.842893896698365
9233,5.653546766906804
9234,4.115089197990119
9235,3.063962579168646
9236,4.64313047475434
9237,3.968745902597657
9238,6.733867580885583
9239,4.299269508852473
9240,3.071350697003
9241,6.912453951651576
9242,3.1323067641924975
9243,5.8915916967199955
9244,5.858193295913288
9245,9.111127005162617
9246,8.30603707125191
9247,4.366011006066353
9248,5.6650925986693625
9249,3.887503473536045
9250,6.306814640914321
9251,5.695392710449451
9252,4.914816237458072
9253,5.918961238888002
9254,6.101198739824967
9255,2.7207363162157536
9256,2.7361687641680335
9257,4.452936275496553
9258,7.273752670466608
9259,4.221682785591667
9260,6.637262465138996
9261,5.16598429328925
9262,5.817468617453038
9263,8.236431401873844
9264,2.801545611653965
9265,5.383654292539676
9266,6.258908699658549
9267,7.746623805408176
9268,8.698552556274057
9269,7.884395321584301
9270,6.101263681007325
9271,5.532474271061587
9272,7.168676319956982
9273,8.325594002234384
9274,9.437909918286621
9275,4.9569605421899565
9276,9.365866470755838
9277,4.481646632356159
9278,6.148498025364192
9279,8.54289763918295
9280,6.1618618967430825
9281,5.471880083767171
9282,3.5614682049330573
9283,3.9582732156373677
9284,7.208900995306788
9285,4.468923621020121
9286,5.975647503984577
9287,2.3871963829289626
9288,2.1410806366382387
9289,7.773120212668015
9290,8.871734554240893
9291,2.0712007929950467
9292,7.673627731386418
9293,5.299830426387814
9294,2.5265393861255174
9295,4.877260582547525
9296,5.128825435870832
9297,7.640234389443839
9298,4.833966258868427
9299,6.365800203775855
9300,7.237518304592425
9301,4.090496939329383
9302,4.85170622417689
9303,2.038891404758774
9304,2.922277548877446
9305,5.715973902442676
9306,3.5608906134046294
9307,1.684263980928011
9308,5.193907964198351
9309,6.2775996077237535
9310,7.967859236295637
9311,8.878476323071354
9312,2.640303033371047
9313,7.24352818143807
9314,9.067089699400686
9315,6.634177214885142
9316,4.187645298362632
9317,2.1647877632284054
9318,6.178408342491044
9319,6.466780171059979
9320,7.0342461948666335
9321,8.291780068376834
9322,7.780625879518491
9323,1.6333940097270176
9324,3.257567697289153
9325,6.002950900481451
9326,7.811438904468627
9327,6.843266846445897
9328,4.0805481863705015
9329,4.027970142596807
9330,2.0167497243606856
9331,4.946098986759631
9332,2.423408633676719
9333,4.500242199446216
9334,7.37113274880544
9335,6.645545025404728
9336,4.708337838134381
9337,8.821604051720513
9338,7.1941962239779675
9339,8.934609642883126
9340,7.263274618774581
9341,5.772835645405116
9342,6.438515769183458
9343,6.832617889804346
9344,6.486872301948253
9345,5.477781017627687
9346,4.978711279451213
9347,9.380696518026246
9348,4.840849698635431
9349,6.340136240493739
9350,4.886693323340266
9351,5.6066887955022855
9352,7.099285636925802
9353,4.750537132125816
9354,4.782955647801189
9355,8.611035952368171
9356,5.868625263866692
9357,5.421230865285173
9358,4.60967622947067
9359,7.76819363043805
9360,6.251963083335471
9361,4.56268655600176
9362,6.029593588889845
9363,4.707220748099961
9364,7.030694799325235
9365,3.4859283088718684
9366,6.8637956005282
9367,8.472085558565059
9368,7.811498198581641
9369,7.871138037307944
9370,9.443564304536695
9371,6.397475912604765
9372,6.280162560990091
9373,4.546326155146276
9374,4.239992575811456
9375,4.595521224738138
9376,6.760251333150706
9377,7.6269490674353895
9378,3.4998839396754695
9379,5.9317100335658655
9380,3.817950423990533
9381,6.153056373013003
9382,3.3927136163785745
9383,4.844905350706108
9384,8.198044262793985
9385,5.720250537513745
9386,4.478499134965714
9387,4.977655388208366
9388,4.679822707415848
9389,7.836000828736696
9390,6.160487169347141
9391,7.332918979390447
9392,6.469330775485556
9393,6.9638157423778555
9394,5.1152979717156315
9395,6.981946139610838
9396,5.334813075051461
9397,5.382360861455299
9398,5.122909267182087
9399,2.9441144345860826
9400,3.7053281272115766
9401,4.986915134069153
9402,1.243680643886758
9403,8.15103017825389
9404,6.266493710581764
9405,5.431045907748656
9406,5.040607596756641
9407,7.140153492054138
9408,5.51388350011602
9409,6.458911943872529
9410,5.111950889349786
9411,3.519329990654119
9412,5.77400211164259
9413,7.2330319332401025
9414,6.504656650810913
9415,2.8484257763818577
9416,9.383394215978996
9417,5.6796055689897145
9418,7.932339944329358
9419,4.988773391861467
9420,2.8952103105142544
9421,4.379348658456432
9422,5.500463328748621
9423,3.9889086728543734
9424,8.508900385231636
9425,5.530406437612507
9426,7.113743977209568
9427,8.865299239608225
9428,2.1725354111702346
9429,9.103897907078187
9430,5.367587606772349
9431,7.040534392292894
9432,2.6722745687534393
9433,7.542011873114622
9434,4.685687562644876
9435,8.16872877344751
9436,5.570875371286778
9437,7.601252563741336
9438,7.218583682228422
9439,5.830810184997031
9440,1.0821484100063046
9441,0.81933685685604
9442,3.957781607005297
9443,3.8068595846691378
9444,4.948464746864679
9445,8.320639014245776
9446,7.938753153687049
9447,7.86985277349498
9448,7.71576631943644
9449,5.404734121267209
9450,4.98300821420609
9451,7.55282304127519
9452,8.436051142794632
9453,3.153630565534835
9454,8.8222491514727
9455,7.330692278944968
9456,7.694735735593984
9457,6.02569425428242
9458,8.179877497324933
9459,4.29868189208641
9460,6.904512638333082
9461,6.299490015966237
9462,7.7017879543379095
9463,5.0450980164317825
9464,3.4247248175031855
9465,3.923345709802259
9466,7.939321745498823
9467,3.955386380786232
9468,6.3040700507898855
9469,3.3650289491967618
9470,6.094292538327957
9471,6.634536566778617
9472,5.944120751353958
9473,4.928790605047508
9474,1.1491556839009862
9475,6.7193978609560965
9476,3.789281699154297
9477,5.956784630096071
9478,7.053165587688984
9479,7.349754145466078
9480,6.57050231472722
9481,6.060981105945413
9482,4.4426981511213555
9483,7.048784556229162
9484,2.8399760348017553
9485,8.720023019539738
9486,5.948908454039285
9487,7.77439953306155
9488,8.257885559026322
9489,5.7891293475546375
9490,2.244908725393339
9491,6.2029330256132935
9492,6.690651113043304
9493,6.3714429807098085
9494,7.249361094734881
9495,3.6520734985581753
9496,2.942340757599691
9497,6.974936356375199
9498,6.031917019377125
9499,6.37179999377135
9500,6.593516293029211
9501,3.6647629095862424
9502,9.312450622223457
9503,2.5460868630513254
9504,8.892218237929187
9505,4.714514412417634
9506,6.707065396303732
9507,9.173042477834926
9508,7.813726290695012
9509,3.004605279539662
9510,8.685102178735688
9511,4.673624796201575
9512,4.789300437440468
9513,3.756332065002782
9514,5.497384437898843
9515,8.747042275331674
9516,6.460467257875508
9517,6.515402774061626
9518,4.714707402463644
9519,5.623363866106795
9520,8.510517606075048
9521,5.585954128822837
9522,2.5685442170113086
9523,4.733491755732505
9524,5.917286542513105
9525,7.019306942221806
9526,9.21404449476204
9527,7.649072494879413
9528,5.998828367493316
9529,3.356690630442409
9530,4.187506679432392
9531,4.37398340341502
9532,6.492378248252289
9533,5.273729672684618
9534,5.183265862716739
9535,5.576575342308417
9536,5.3492085173296395
9537,6.428609136625389
9538,5.70722026189985
9539,5.851431480881474
9540,3.907630924081084
9541,2.4879459481036994
9542,5.384368768784446
9543,4.637085971528209
9544,4.300773732437788
9545,5.964877152104966
9546,3.505165027996671
9547,7.100945733783216
9548,4.491712371440946
9549,8.943079903571643
9550,2.205599444531163
9551,6.5367104753567515
9552,5.408123641760473
9553,2.107321108214053
9554,5.9113218355162935
9555,5.535147753184212
9556,5.598421374456273
9557,6.394931214096029
9558,4.95339065329369
9559,4.688444748639295
9560,4.5768312380706835
9561,7.176059233192463
9562,8.3250594437557
9563,2.2408855032008788
9564,5.731242447475598
9565,7.890260536658639
9566,5.938297142264037
9567,3.58151222519229
9568,5.335426617211169
9569,4.869097791703885
9570,3.201240304976835
9571,4.280820322715137
9572,3.9298652119052075
9573,7.060469250449135
9574,7.90597532695079
9575,6.80935088196666
9576,7.830825886787791
9577,5.262064934371955
9578,6.507565347817422
9579,6.097270143784499
9580,6.334873223597332
9581,7.9847754320396644
9582,4.503218553999955
9583,8.673485289498885
9584,2.9341860057429
9585,6.73568660639948
9586,5.482460839328668
9587,7.674735402692378
9588,4.133500687411729
9589,6.376559667169997
9590,5.7845778052204775
9591,6.055565738262799
9592,7.59133205815384
9593,5.216684812793733
9594,5.530255857365608
9595,6.276136623341095
9596,8.860288176381003
9597,6.207748292674392
9598,5.5252726679925335
9599,6.353226673319809
9600,5.924225229839097
9601,4.2333135918961755
9602,6.019391595348305
9603,6.549485154997012
9604,8.764976929031768
9605,5.161595237595237
9606,6.92507645830991
9607,4.802761035549841
9608,6.440510378657966
9609,2.955115327713192
9610,5.985709063986228
9611,8.458461806443504
9612,4.1077866430042365
9613,7.135812212268101
9614,3.931212085598221
9615,7.774289225454379
9616,6.9763790786942215
9617,5.9048617890785735
9618,7.177086754165741
9619,6.084921839600651
9620,4.481879292933671
9621,5.23991269759332
9622,5.269023881047006
9623,7.7345838757999426
9624,6.140015236508851
9625,6.288994817310754
9626,7.119098744279831
9627,4.987769340212152
9628,7.360191596282856
9629,4.309726287407048
9630,7.722750485066133
9631,3.081739686116669
9632,2.1090852586019606
9633,4.1808981307685515
9634,6.843237362921186
9635,4.40097384689951
9636,3.9044591709754983
9637,4.152519493655927
9638,8.497259986865691
9639,5.51824053297546
9640,7.029472256913703
9641,4.000733173197199
9642,3.810374006672181
9643,4.62353463268886
9644,6.259866605550541
9645,5.785638559615332
9646,8.147188122809759
9647,8.11461888206342
9648,2.675936643989834
9649,8.642447423225939
9650,5.960504759964842
9651,7.949538619498708
9652,9.10642242452688
9653,5.87641780842875
9654,8.341613156876464
9655,4.2024905143173354
9656,9.926480499565695
9657,8.028321945555598
9658,3.1737167489072373
9659,7.135746123990479
9660,5.036451841554375
9661,7.589206448627526
9662,1.579124505436896
9663,1.8820411108717539
9664,3.3861038187472445
9665,7.654207410693076
9666,7.673427344033108
9667,7.940917832038
9668,2.994063696438861
9669,6.339716875630186
9670,4.471328906539772
9671,2.5364058707615675
9672,5.57651026973767
9673,7.77188928434044
9674,4.464854362848108
9675,6.111784735766603
9676,6.37526881060127
9677,8.416774274005938
9678,4.983804480453265
9679,5.511112630352523
9680,4.991253123400089
9681,7.500616204439813
9682,4.272581662031771
9683,5.775897267354271
9684,5.94032641318463
9685,6.123549846365637
9686,5.571461169592652
9687,8.227010342722394
9688,6.044829086609889
9689,8.996634699304364
9690,5.674560727541172
9691,7.2430692232009095
9692,7.066717864953803
9693,5.609748796722885
9694,3.050578644495684
9695,5.858761443879249
9696,8.948698355634901
9697,7.677967839806751
9698,6.426893173374515
9699,4.06503859523108
9700,6.195047193138343
9701,5.919224275704927
9702,5.35545624923969
9703,5.049598498154332
9704,9.997193422320427
9705,8.415716255866196
9706,6.798387932243573
9707,6.262726749012649
9708,7.134765208365517
9709,5.395269410550849
9710,2.799189932080556
9711,5.503280128586785
9712,9.140906785902006
9713,7.762252609385464
9714,6.9925844391600025
9715,6.631244760731198
9716,4.307258986241261
9717,1.5703122156456693
9718,7.06610098057442
9719,4.76931432553911
9720,8.34132910270172
9721,2.8411731156910904
9722,5.937865671889467
9723,4.473341225573395
9724,6.6080675083433125
9725,8.488995461036367
9726,7.2122150291931195
9727,6.278633015338873
9728,6.705111809620824
9729,5.399872584676304
9730,4.950680952718933
9731,3.1298112338255115
9732,6.741075648076347
9733,8.782471751133675
9734,6.8294346723305654
9735,7.38461485295425
9736,3.4419105312989573
9737,8.231372932358294
9738,3.686399830055863
9739,7.75876576685233
9740,5.609852383369688
9741,6.719156426693698
9742,3.2267467936307206
9743,7.0909311838701825
9744,5.233355296995417
9745,5.700022052688579
9746,6.4160189714367375
9747,4.58161587449435
9748,5.938144166165969
9749,5.543202981249384
9750,1.9352886198635406
9751,5.723645361387339
9752,3.903029791405574
9753,8.8334894879786
9754,8.39002931125561
9755,6.452078471402504
9756,6.446693430507274
9757,6.869012254844008
9758,7.5838331941965205
9759,5.789156759173707
9760,6.389384695650899
9761,6.4076161360532495
9762,7.113819132625481
9763,3.321852895312657
9764,9.064761480687542
9765,5.92268540634751
9766,5.328719500753311
9767,5.97565907960624
9768,2.595492766139224
9769,3.881518435250505
9770,3.3978248451674538
9771,5.310939905330037
9772,5.052098421199595
9773,5.672426853728521
9774,9.293514498583667
9775,3.264160594351573
9776,4.732067437387981
9777,6.460965254224805
9778,7.603733318342684
9779,8.194206799864629
9780,5.3955300060018825
9781,8.954199839291988
9782,6.699525277910468
9783,7.678551749060071
9784,5.502622738047693
9785,6.276835948962819
9786,8.467181061035188
9787,3.338416089981725
9788,3.584471672275981
9789,8.005328915512036
9790,4.650000689173312
9791,2.6895440696453976
9792,3.637562581373554
9793,9.60205202532961
9794,6.51466608848396
9795,7.24370495052133
9796,4.137882027819416
9797,5.948410584202743
9798,6.77761416639653
9799,4.651626643289395
9800,6.613521291888572
9801,6.701125722418719
9802,8.780339738807136
9803,4.02047333663528
9804,3.6261120795755404
9805,4.924700677212123
9806,5.571362719399512
9807,5.5120484127901355
9808,6.983979014951752
9809,7.058537073224747
9810,2.224439624772345
9811,7.880064734631079
9812,3.5070524258150564
9813,4.453611039710682
9814,6.126167520512584
9815,5.153645716356148
9816,2.307402221325495
9817,4.623995625931077
9818,7.953182042280473
9819,3.468536259058333
9820,6.709975395241416
9821,4.952243437361329
9822,5.024179424373516
9823,6.485762323018922
9824,6.719957068537861
9825,8.220262854044543
9826,7.99740370066859
9827,5.364133669746755
9828,6.60713375774248
9829,6.990327710663371
9830,4.161903258084902
9831,7.013517211392879
9832,6.407962282758777
9833,4.815371093653005
9834,8.27396234845399
9835,5.496499887945587
9836,5.6175609791231516
9837,4.699402823966577
9838,4.059538677602386
9839,5.310262707229372
9840,7.509134357613724
9841,8.815857713000911
9842,4.716004637128996
9843,6.323025063686191
9844,9.46954583781646
9845,5.419431760590863
9846,8.281282665974063
9847,4.474683747059486
9848,8.599410517929437
9849,3.3057189876013857
9850,6.7023712118130785
9851,5.586154351426745
9852,7.943226268644993
9853,6.557358702483954
9854,6.466796741786689
9855,5.799810557459473
9856,5.862890965035232
9857,3.4176954107401647
9858,7.434731280448227
9859,8.093596080916722
9860,6.29079923752057
9861,5.633410181639806
9862,6.89472567150397
9863,5.750954114291935
9864,4.67006339627572
9865,4.807002179619699
9866,5.743126671738784
9867,8.36282161627788
9868,8.824455728323512
9869,2.463783053496201
9870,6.361463418316254
9871,2.9727594505956487
9872,9.212281336208353
9873,5.632779717043556
9874,6.832172427422501
9875,5.265117612024255
9876,4.9582791647399915
9877,7.686976539355789
9878,4.829812399062438
9879,4.142985489970554
9880,5.5826781987333245
9881,4.89707275800979
9882,5.026065590998941
9883,7.312312572546558
9884,6.002863321758289
9885,6.598719585432562
9886,3.786666114893932
9887,3.6458118604119694
9888,3.5167084975472367
9889,7.53491338944264
9890,3.7576601282187587
9891,8.1034997346834
9892,7.897871584173082
9893,7.401552540721977
9894,5.424920771544976
9895,7.070581563636068
9896,4.813187080166429
9897,6.3226785877128275
9898,8.316681679573056
9899,6.78495822081236
9900,6.985989621136042
9901,6.9968537083042115
9902,2.609284360556467
9903,6.710367879590575
9904,7.30993957365107
9905,2.2390418019219314
9906,8.205891958183544
9907,5.202758415263175
9908,4.643786485842991
9909,3.985923491183637
9910,8.371232556136318
9911,8.125350104406039
9912,7.747620978179583
9913,4.3766139817870515
9914,9.242931037531694
9915,3.936417988898796
9916,5.131199400646346
9917,7.177259058042252
9918,4.910123651471166
9919,5.010698591629947
9920,5.557423598686854
9921,8.116939937942773
9922,5.266121340912693
9923,7.4088838003034265
9924,6.793572520087445
9925,6.891075547359758
9926,3.093550406177805
9927,4.2359162840107185
9928,6.65701687851242
9929,2.3930700672814447
9930,6.512204650955323
9931,6.813452507075139
9932,2.9608725795348976
9933,7.869704035418918
9934,7.1066784388389035
9935,6.794200601896968
9936,6.183655054985634
9937,3.5817016337675605
9938,5.792690955544548
9939,7.132675151569817
9940,5.122838918547839
9941,9.083960744783715
9942,5.105045993219306
9943,2.958434813317814
9944,7.346146235702578
9945,4.732578168626725
9946,2.3311329564033514
9947,6.754516659278694
9948,5.222341956472524
9949,6.600166316238505
9950,6.455715379341728
9951,7.995552845998655
9952,6.971160067709343
9953,4.951407470789629
9954,4.770385307624899
9955,6.370442460062893
9956,4.113681870000697
9957,5.751561176992329
9958,4.925116469231302
9959,4.377348601248635
9960,5.694159244147222
9961,5.612806439107
9962,5.550034709827786
9963,6.270048424735342
9964,4.513905435237786
9965,7.407872796446435
9966,3.725972803042988
9967,4.750453902852896
9968,7.631637216769446
9969,7.082040478941956
9970,4.870454360649344
9971,0.997616617239299
9972,9.849906943408403
9973,4.289588139811083
9974,6.319824044823811
9975,5.153575567961167
9976,3.8678508076969362
9977,5.9018039170400325
9978,2.1241972833444747
9979,7.133991283625598
9980,3.619667742254796
9981,5.993777428349736
9982,8.403925472784454
9983,4.638105036138158
9984,7.92305103655619
9985,6.984539065853491
9986,8.835949545795136
9987,6.732683913694498
9988,8.34296850732806
9989,3.095397424359802
9990,6.345937030593902
9991,6.089029221277884
9992,3.3841912617375867
9993,3.010582125129047
9994,4.564291760168384
9995,6.241968056473518
9996,6.746335542163335
9997,7.782381728841462
9998,5.624953522142564
9999,2.757319618841855
10000,6.700842836782849
10001,4.897900165184475
10002,3.642053416182765
10003,6.523637854523546
10004,5.633120793470308
10005,1.8635429495356175
10006,8.106355056668995
10007,8.767738648146409
10008,8.482087010800324
10009,4.779489137834056
10010,2.8689761876745696
10011,6.3370055919237345
10012,4.454311966902633
10013,6.024467472715072
10014,8.045362457034875
10015,7.185614746376447
10016,6.626720413020596
10017,8.141216582663095
10018,4.00158301388668
10019,5.078950589635248
10020,9.259174633428612
10021,4.527967135915896
10022,5.695663938336343
10023,5.107608312269524
10024,3.1485517827645744
10025,4.164584623888633
10026,6.020931382883277
10027,6.043875138785088
10028,6.776126159556547
10029,4.269154441217275
10030,5.5644760029291565
10031,7.255444809915381
10032,8.03789994296576
10033,5.937148903628243
10034,5.769941671988425
10035,3.0975128408033616
10036,3.9306476545992046
10037,6.625312322334574
10038,5.344611908264251
10039,3.914235614409797
10040,7.043762385460975
10041,1.238616430420961
10042,6.940022015281889
10043,1.9520581957981766
10044,5.383909853817066
10045,7.172199416904904
10046,5.636192881853819
10047,3.667710750210296
10048,5.090759457482523
10049,8.210374345713488
10050,5.98716453678594
10051,5.092898934487295
10052,5.7511371599004155
10053,5.162361420692156
10054,3.7906587137827095
10055,5.5737087813133295
10056,9.326357906047702
10057,6.689794430220138
10058,5.018657639681189
10059,5.967195379004599
10060,8.473089111735606
10061,7.504564958669698
10062,3.717181192943203
10063,4.937982079085755
10064,5.683719590344793
10065,3.048736242430354
10066,8.742698078601281
10067,5.883807529962085
10068,9.394564691801671
10069,5.966524824536145
10070,5.008010592802493
10071,6.911983236534903
10072,3.4185861929795958
10073,4.256603788457872
10074,8.421500568562719
10075,8.279576160870496
10076,4.356647149887568
10077,8.987167249198624
10078,4.2994820049295
10079,4.815050051846675
10080,7.708179451853299
10081,3.749343884959991
10082,3.718527739763566
10083,7.560471091404269
10084,5.421413151923413
10085,3.5859394090981973
10086,8.171189657035686
10087,2.326163585163027
10088,5.199895777744663
10089,3.8910151826903427
10090,7.0748450727893495
10091,1.61962946312957
10092,5.281522105305041
10093,7.723589648589392
10094,7.011945765572084
10095,7.989728051493384
10096,2.3925560573049043
10097,6.70201272077696
10098,5.1650649968036175
10099,7.645595645534165
10100,5.18787711575883
10101,7.281681339351566
10102,3.6327929912662573
10103,5.52723353976185
10104,7.63007844984496
10105,6.741868706909354
10106,6.9825613942406415
10107,6.797825334179821
10108,7.993088669661194
10109,3.2180458954777658
10110,2.3968582656167596
10111,7.909389301759691
10112,6.986764591959895
10113,8.573884732180096
10114,7.287108610610309
10115,6.78543697435916
10116,6.6765549690251556
10117,7.074689108722152
10118,5.478287347486728
10119,6.873765022788127
10120,5.830714446744597
10121,6.776320192333249
10122,5.483653304383398
10123,7.259357945386622
10124,7.916879057344482
10125,5.8041303793234444
10126,4.629837410098396
10127,9.05308463461553
10128,6.672859509277678
10129,7.592292693076009
10130,5.151502119118518
10131,8.279816932348428
10132,5.408456308878128
10133,4.216080778139483
10134,3.51090975388248
10135,5.7883938678790345
10136,3.2136898047855684
10137,4.4298832880916335
10138,4.317030663917212
10139,6.515079215075076
10140,7.831900886133481
10141,8.00438370353727
10142,3.381141779255634
10143,6.749728081614155
10144,8.881632650652486
10145,9.704741896778263
10146,2.3226241436619177
10147,4.11916934490312
10148,7.517906777469456
10149,9.184313729151812
10150,7.316785976775462
10151,2.3933838057366468
10152,7.6754417356731865
10153,2.798838276212044
10154,6.094792528619841
10155,6.143293509987598
10156,5.202680166977684
10157,7.83514360928172
10158,5.246554715450138
10159,6.506779324322551
10160,6.002998494455467
10161,2.265652012112344
10162,7.613722122937429
10163,7.348055076578102
10164,8.14626221215314
10165,6.973653194409467
10166,3.5353612199761546
10167,8.389817645345843
10168,5.099630750931822
10169,8.667686290229947
10170,6.202845052375857
10171,6.293679151555531
10172,6.689291691333031
10173,2.095135218163587
10174,6.592965966163663
10175,7.602106094480333
10176,5.131533531806236
10177,4.791363330919831
10178,2.9392294253825515
10179,7.152893654358754
10180,6.725610364787108
10181,3.7425908988727494
10182,6.470498847921052
10183,3.1564278611182432
10184,6.148681985543812
10185,6.615246731989673
10186,4.619348781420147
10187,4.740124428445829
10188,2.2143307997573785
10189,8.554845681000565
10190,5.6675735763644575
10191,9.446824527698828
10192,5.413714783139566
10193,7.382999509491026
10194,6.739398047778454
10195,5.513785942992835
10196,7.347460829782783
10197,5.161342571039741
10198,5.781145281476539
10199,5.02887206128633
10200,7.000418215071094
10201,3.683835448760568
10202,1.5763075873678525
10203,8.226355582345317
10204,7.744156440043633
10205,7.69477035827689
10206,5.816559262788758
10207,8.192156519204806
10208,5.075379064498758
10209,3.649788044958804
10210,7.622496319543269
10211,6.780627726464107
10212,4.761106919372257
10213,6.054541413651189
10214,4.585565872333723
10215,5.3620760733187485
10216,7.000189365930698
10217,8.310062085154742
10218,6.396813869280258
10219,6.71691229590556
10220,6.841303265179806
10221,4.894064753509317
10222,7.661929987220011
10223,2.8488950621568234
10224,4.343179867492754
10225,7.758988572649581
10226,5.748452228992622
10227,2.0487500260425473
10228,2.8544792501558955
10229,4.108595919034365
10230,6.815220603356677
10231,5.877379708328938
10232,5.0963198907292675
10233,4.149444650680144
10234,8.193192312993688
10235,6.128935299563211
10236,5.8079810567786
10237,5.956468654629178
10238,4.198820794174754
10239,3.784077799020339
10240,6.378657780437725
10241,5.624224236179956
10242,3.3312952468183097
10243,5.348650667853485
10244,3.3774133967863706
10245,4.656889528525066
10246,3.0597038604298206
10247,7.619849185518679
10248,3.3952468920751495
10249,8.006702190869046
10250,7.966382408544076
10251,8.457662285196859
10252,5.905281002613728
10253,3.599358998078702
10254,4.927896344423837
10255,4.3847494343476665
10256,6.951385893702103
10257,4.684764951129762
10258,3.63518175534676
10259,6.201062349833618
10260,6.250893292625431
10261,6.320615526705914
10262,5.097506587508861
10263,7.854461955698275
10264,6.165462981348601
10265,3.1668856296338355
10266,6.414171526964395
10267,4.49481131838785
10268,7.213313119259576
10269,7.595970810242003
10270,7.4006549564088395
10271,4.298480732449617
10272,5.065081894993844
10273,8.442973118318049
10274,5.877234915492905
10275,6.094363805815136
10276,4.972237923546241
10277,5.797348364784649
10278,7.54655666360118
10279,5.207342793717735
10280,8.636469632084685
10281,6.86928240343774
10282,5.957199964520638
10283,4.475994493248506
10284,8.586415740639609
10285,5.541164542880929
10286,9.138281403506612
10287,6.853179890818558
10288,7.147264772713493
10289,5.713744797135101
10290,4.666267554429478
10291,8.016330864289088
10292,8.345437716254914
10293,3.7342790815931384
10294,6.075224479539117
10295,5.673851090670608
10296,8.969700573885044
10297,3.4015025970259787
10298,8.654680139692342
10299,6.367643824424475
10300,7.146742579961792
10301,9.424321338122855
10302,7.18649101166212
10303,7.039128104636617
10304,7.733591461220112
10305,4.094206789590284
10306,4.235587552087681
10307,7.223473270678239
10308,4.999534648477661
10309,5.251609833806301
10310,6.680897258445255
10311,2.942148568486151
10312,4.449903440021847
10313,5.400353827072786
10314,5.650740751573916
10315,5.2449754615454935
10316,9.361820852603747
10317,3.556814933010922
10318,3.261102956085962
10319,3.714785443299494
10320,5.713462147255685
10321,4.211566297910185
10322,6.8677520695923375
10323,7.762877747642149
10324,2.421675360983942
10325,6.3941121536356995
10326,4.227004171943112
10327,7.172781889145943
10328,4.091163217883502
10329,0.9362740903490804
10330,8.807637931624312
10331,3.0586961136500634
10332,8.870828053368182
10333,4.275275286265923
10334,5.7852074367439865
10335,8.286069804975625
10336,7.651571627902172
10337,9.30670191624131
10338,4.14599857015791
10339,4.013802690076111
10340,7.982688029287596
10341,9.621287520435276
10342,5.835481159195968
10343,5.170496709694168
10344,8.915836694070922
10345,6.045976449148854
10346,6.107077693909674
10347,1.7662412034653485
10348,7.043503246363429
10349,6.0409156782484965
10350,3.960267030095289
10351,3.2843863933828104
10352,8.251065548055351
10353,4.0300524037114895
10354,5.725207884348618
10355,6.3115383033224
10356,4.878638583769846
10357,7.427080794923898
10358,4.331787709295935
10359,4.811951447249753
10360,6.100483980972742
10361,8.392974544007416
10362,3.4323454818223817
10363,6.368117873787255
10364,3.4739388882882145
10365,4.956989105584783
10366,3.2506634957143348
10367,2.999885299559473
10368,6.979508875493242
10369,5.326645252043072
10370,9.13789010854248
10371,6.881797633602456
10372,7.5294241468043515
10373,3.7330983880318374
10374,4.706751295463995
10375,3.212505690266035
10376,4.180669145568606
10377,5.047228843355364
10378,3.9767676149446136
10379,4.862040495603145
10380,7.7397049853028665
10381,4.533613759488693
10382,7.819980320150975
10383,8.299424114093053
10384,4.104080144075947
10385,2.4796079242502564
10386,5.3144055336678795
10387,4.071675679664813
10388,6.296691365989176
10389,8.324926392427253
10390,8.353394822883395
10391,9.283011753840254
10392,6.5045497226672
10393,5.167401677358329
10394,5.096832497300445
10395,3.8509924725021367
10396,2.332726067761349
10397,4.018497405027307
10398,6.77157432466441
10399,2.6783596754191175
10400,2.2458364231533925
10401,5.576932899847208
10402,8.447989050541361
10403,2.9678773095210182
10404,5.895765238715202
10405,7.532618590000813
10406,2.1097900208232856
10407,8.964812640706684
10408,3.063064756492966
10409,2.0181003044336414
10410,3.2764672103545807
10411,9.791365672856575
10412,4.233541587641491
10413,7.6872630690175985
10414,9.164866072206177
10415,6.335424918377996
10416,3.101521545560175
10417,4.214932056710966
10418,8.287131333862465
10419,2.8412431236849742
10420,6.330542660181038
10421,7.066880020320237
10422,8.648788134941393
10423,6.516052896995857
10424,6.094828123918735
10425,7.0815644184893465
10426,6.212854428498215
10427,8.583965098722002
10428,6.511311133873305
10429,8.373031311264922
10430,6.674050389699926
10431,8.435981736041235
10432,8.06422457201109
10433,6.479335215643677
10434,6.258092048981874
10435,6.719149728452614
10436,4.6253839573269495
10437,7.661318264226546
10438,5.047692366976408
10439,7.29031399627561
10440,4.34337224285069
10441,7.8226964585319045
10442,7.5402587739307405
10443,5.472712559982301
10444,6.668992114266249
10445,3.6087655735472417
10446,5.936515434657362
10447,4.46888597052928
10448,4.42748559965219
10449,3.0670104367544937
10450,7.220924979731376
10451,3.6848821468106108
10452,8.098753572102734
10453,7.036315067980435
10454,8.035803192103597
10455,5.245335209121382
10456,5.961010274782085
10457,6.478749347999177
10458,7.171257707321076
10459,6.66182358308299
10460,6.381010010044593
10461,5.98643549244512
10462,4.110946416893885
10463,1.529657674467338
10464,5.519122649687405
10465,1.859968513661333
10466,9.285522453957174
10467,5.31775661028932
10468,8.784707116231937
10469,7.439158557669601
10470,4.036725302345056
10471,5.2388544714701775
10472,7.163169176468215
10473,4.367766267277619
10474,8.32204559081289
10475,8.201009450334327
10476,8.23679569959698
10477,4.882169367033148
10478,9.30722496404202
10479,5.158182975960293
10480,6.639476781369218
10481,6.518331905092648
10482,4.043430350037342
10483,4.863667213634229
10484,4.805287619440946
10485,4.034973152980957
10486,6.329776772513594
10487,2.55238776979198
10488,6.198341465242191
10489,2.6999807463108554
10490,4.157218936594681
10491,7.596811393498068
10492,6.3615672130718055
10493,8.041457609177856
10494,2.984569070776676
10495,9.187118843030175
10496,8.807434685516958
10497,7.195043533270763
10498,4.508127864309385
10499,5.865682313614139
10500,6.121861056236823
10501,7.882631818748479
10502,4.226001623314035
10503,3.21097529654707
10504,7.740094231659128
10505,7.365044510425703
10506,5.799469501423343
10507,9.29217986875224
10508,3.6542467385597948
10509,2.9759772998447405
10510,2.424331616136174
10511,5.398774399351187
10512,4.406933192029921
10513,1.5452649440449688
10514,6.101669026618325
10515,7.234138037549775
10516,6.587039891885
10517,6.533640490503336
10518,4.868866270891316
10519,3.9224295732519954
10520,2.5173510856736145
10521,7.985745553839289
10522,10.081041060096684
10523,8.361080044296775
10524,8.433066083884299
10525,4.531218685366897
10526,7.146604928284921
10527,6.562831280924325
10528,9.708933413424983
10529,8.469107214349172
10530,3.492207573993488
10531,4.96492980369541
10532,7.305920443706223
10533,7.210524176683311
10534,8.963596294767969
10535,4.528566102158999
10536,6.8991196203408895
10537,5.867180281790893
10538,7.417349226001532
10539,8.077599539836564
10540,8.126728835846277
10541,5.660087367247633
10542,3.0672823526073993
10543,3.747144675897108
10544,4.805974079915727
10545,6.78603818397501
10546,6.341941594750156
10547,8.17934258640348
10548,7.638651390231147
10549,6.713233912027973
10550,4.369852772349248
10551,4.588499274949989
10552,7.280609514132281
10553,4.407651513678728
10554,6.493171445863291
10555,2.6397028241671143
10556,7.968416934420635
10557,5.159060093160827
10558,5.8101074963722805
10559,5.690680877992548
10560,7.553031266893154
10561,1.6349363016402472
10562,7.746109798003732
10563,4.913584669265518
10564,3.773360589410108
10565,5.630268341248621
10566,9.547324652066104
10567,5.906416612075566
10568,9.616736884544743
10569,1.7450414545330735
10570,5.837666229923681
10571,8.295462589359529
10572,5.606481430702841
10573,4.031005683466095
10574,5.244878451273028
10575,6.151945946893102
10576,3.5869385002599463
10577,6.845799586926483
10578,5.6789805886785345
10579,4.364966849062827
10580,7.443396511933875
10581,6.034684937046258
10582,9.325840129627046
10583,7.445150771483397
10584,4.060633229480372
10585,2.54697470586553
10586,4.871877237216649
10587,5.795115352421544
10588,5.347598100949737
10589,3.849170350336158
10590,7.170118089829174
10591,6.437904857432703
10592,3.1083115546586555
10593,8.596539058976973
10594,6.849785523523022
10595,2.5269534900660866
10596,5.993220786611541
10597,7.642956214706235
10598,5.325814792661581
10599,6.0520763040664
10600,3.0610331698950985
10601,4.581470623657726
10602,7.844987025446204
10603,7.591915216429477
10604,4.334517498157599
10605,8.614505239070082
10606,3.987571092121486
10607,7.979122062088617
10608,4.201052338318834
10609,4.514320860758194
10610,5.535021525367394
10611,7.416062292041911
10612,3.659387558392238
10613,6.3845422472335365
10614,5.531624743660897
10615,6.817688843697974
10616,3.2546192601054296
10617,5.791471789399208
10618,5.725203691247663
10619,7.3664202358255855
10620,4.275111920683767
10621,7.527204862972451
10622,4.196960378918311
10623,6.629063500186571
10624,6.891439027781245
10625,5.891182337861729
10626,8.060500883705256
10627,7.360061554033302
10628,5.2065269399163725
10629,6.271809628203326
10630,6.362286895893786
10631,5.838693998083444
10632,8.520402681020286
10633,6.026678697238933
10634,5.474388855384628
10635,6.742704566800276
10636,8.01643100720376
10637,5.7699305556004115
10638,5.174913149534072
10639,3.6240512651927466
10640,5.905683170241173
10641,1.9977821873437536
10642,8.903035750645444
10643,7.630247093149621
10644,8.946165468797386
10645,5.597882619594969
10646,3.586552622087425
10647,3.9058923828469503
10648,4.257883522571935
10649,2.7894911693552844
10650,7.448638814373237
10651,7.5689805033459265
10652,1.2359464082065807
10653,6.641195954680764
10654,8.426406252487403
10655,2.0647704060045275
10656,7.696197308661272
10657,4.44930754045361
10658,7.0266822843655685
10659,9.568658753017624
10660,5.387052534419409
10661,4.545482533353376
10662,4.117977165354091
10663,2.2141548245659783
10664,6.045870518657915
10665,8.676842633831765
10666,9.315233442232696
10667,6.437033790164524
10668,5.353787464256615
10669,5.700184867915406
10670,6.733811564254364
10671,8.459364528760544
10672,3.7571225045047054
10673,6.357612318429399
10674,4.53028101254782
10675,8.816990811416206
10676,5.512647626080067
10677,5.650034902593594
10678,6.876302619966371
10679,2.617736135923053
10680,6.962113842162895
10681,4.524847966820131
10682,7.429378791868275
10683,9.200412957169533
10684,8.24737335604101
10685,5.625110723687955
10686,4.709408619829014
10687,4.3584377383925546
10688,6.039813625028946
10689,3.8285978397966547
10690,5.770110272205509
10691,4.5161159163177675
10692,8.81813035300462
10693,5.804032177593681
10694,2.293865019990979
10695,8.637577664172621
10696,4.706808068250992
10697,6.678168411030781
10698,8.861290670261635
10699,6.954241184365888
10700,7.515881186201508
10701,8.890473579512193
10702,5.769768911082582
10703,8.225659158659104
10704,5.100792869306872
10705,6.639184856962833
10706,8.687373002138223
10707,6.449904011865585
10708,6.379910915758814
10709,3.7556356074560875
10710,4.798528940418151
10711,8.089044919287009
10712,4.191741147928436
10713,4.354817920340443
10714,6.163214051841792
10715,2.9985801728030332
10716,4.749453812033947
10717,7.39246144430526
10718,4.085764520019603
10719,5.9066501762871715
10720,6.865574980826885
10721,6.681127625557544
10722,6.04970665695257
10723,4.809792054020298
10724,3.6378387310777973
10725,4.952352441821464
10726,4.752723514648816
10727,6.891634425254942
10728,5.74284510365002
10729,8.05584594710819
10730,6.633702164643056
10731,6.439494063272646
10732,5.586231057792602
10733,8.093548304586218
10734,7.6539742982539
10735,3.986921357868624
10736,6.755071603998883
10737,2.984564260758655
10738,4.760675575901189
10739,4.102010042886662
10740,6.99454355832038
10741,6.381103228002349
10742,5.825152949380769
10743,3.861683118237937
10744,7.5295351099566075
10745,7.832835056122651
10746,7.478764353502965
10747,7.245350036139105
10748,8.147868187362624
10749,2.9528023222630777
10750,4.375154602305783
10751,1.3446764016257202
10752,9.013418914842466
10753,6.503430104603363
10754,4.312879567300929
10755,4.398693867987762
10756,5.974853338224179
10757,8.411643552543511
10758,4.469583503696928
10759,4.917585741348189
10760,3.3984936930418708
10761,7.333503330492066
10762,4.644199384962305
10763,2.9676564135566124
10764,0.9713080267852731
10765,3.281670055778157
10766,6.542807791446809
10767,7.847742078661518
10768,7.4711392214868635
10769,1.4203281523280602
10770,5.269340188148228
10771,7.552715737348309
10772,3.808589651544106
10773,6.623477955932349
10774,2.2660192739321476
10775,4.156754896492799
10776,6.39233909484794
10777,4.880740700004326
10778,4.558002498046083
10779,4.6452918694332155
10780,3.407286431838836
10781,3.79895349880881
10782,7.5713036505332285
10783,4.5896437717642
10784,7.790943971058705
10785,3.49879123670835
10786,5.569768319389423
10787,5.103144783417137
10788,6.507222894593416
10789,8.058093348357302
10790,3.557393688241473
10791,4.225909736713466
10792,8.269791823080451
10793,8.007980896437726
10794,6.392721041686964
10795,7.157432902251324
10796,4.901455150964676
10797,6.403600178736881
10798,2.8385997228748474
10799,8.112448014672594
10800,4.537329677203897
10801,8.148555920569176
10802,5.308210531674487
10803,8.805956506606913
10804,7.1541561147598625
10805,3.984254743397804
10806,5.4492649895082765
10807,7.796922659726379
10808,8.91393467976613
10809,7.4956461273039325
10810,6.097884325712399
10811,7.161394954081556
10812,5.939681940168884
10813,6.180774543091821
10814,6.420991428613136
10815,7.6798622174956295
10816,8.434004080457722
10817,7.695366534000695
10818,7.921537686483269
10819,2.681055511771783
10820,8.055476400690312
10821,6.391439741659116
10822,6.626098311328178
10823,1.3684366339108427
10824,4.021861744786062
10825,5.96534912777041
10826,9.37082785678999
10827,4.631974592864581
10828,4.738259248930173
10829,6.827066940498291
10830,4.845145785432548
10831,8.022597863085808
10832,5.580662390245577
10833,7.867654811516012
10834,4.675957576584478
10835,6.316942658442545
10836,7.652334994537316
10837,3.987407082823503
10838,6.784708877376051
10839,5.396801119754995
10840,3.1981187008126923
10841,8.288747356449695
10842,2.4418216552465357
10843,7.534020903618707
10844,7.815596396951591
10845,5.445623067292843
10846,7.209360614966693
10847,5.67175910904623
10848,7.298482652444217
10849,5.637958081840729
10850,4.7643473055592525
10851,4.441528176364756
10852,5.721671305199018
10853,3.785203885894043
10854,4.758908931702734
10855,6.026128124713212
10856,5.435121476647394
10857,4.8421492222622895
10858,1.0077967083256416
10859,8.338607996981693
10860,7.437772865435808
10861,6.207192296066713
10862,5.774246252268486
10863,6.3458325816224175
10864,4.892465868297977
10865,3.9955935629325423
10866,5.865698769801922
10867,5.979163705688863
10868,5.525004808584533
10869,7.091528497794115
10870,4.599251977471056
10871,6.58148183409149
10872,2.4764420967345826
10873,5.26590207642363
10874,7.42789353623456
10875,8.697580184972965
10876,6.98930185534388
10877,4.554316820955974
10878,5.558420451228148
10879,6.443098680580735
10880,3.3544754608519862
10881,7.1048034760286525
10882,5.882066135927997
10883,5.417857656782543
10884,4.356746902413507
10885,6.343214278630483
10886,4.46751548622089
10887,7.110416775478759
10888,6.214546357320681
10889,5.356481207809427
10890,5.752193607316852
10891,4.107761235397301
10892,7.403469038089206
10893,7.115387827963024
10894,5.172223196736188
10895,7.3318349691869065
10896,5.262532261931161
10897,7.120773876445099
10898,5.35305255810961
10899,1.8178340432051678
10900,7.909782939268376
10901,6.365239400888283
10902,6.542226117771019
10903,4.380917842354606
10904,4.199885717663386
10905,1.933537573677255
10906,4.705753546916515
10907,3.2657085187055466
10908,5.841620748549269
10909,7.115242105189269
10910,4.6944178148871805
10911,7.979023762435532
10912,8.208636627486534
10913,6.131564075872254
10914,5.649039752506985
10915,7.099785744286107
10916,1.8536596881212053
10917,4.4132012970700165
10918,4.025231828069981
10919,5.909009871138111
10920,6.045904690659894
10921,7.058133394902237
10922,5.0589504372163345
10923,5.206668470918162
10924,7.827672329481242
10925,9.248688980439045
10926,7.31706646335911
10927,5.993697628781703
10928,2.219816017109396
10929,8.267230450350915
10930,2.9510938550495687
10931,8.002930854037519
10932,3.4601603076661926
10933,6.684312376376079
10934,8.141934071348409
10935,5.59608204921767
10936,2.099546063273189
10937,6.203337159072855
10938,6.0079665103858
10939,2.4766887520928926
10940,2.8632112340285527
10941,2.8635077913628972
10942,6.462420922414895
10943,5.617241542015169
10944,4.486521488781676
10945,8.871979890929202
10946,5.4050250184722035
10947,5.458834123412436
10948,7.428404439228139
10949,6.71044970000535
10950,6.3981432119885735
10951,8.645056064087763
10952,7.0217605836927675
10953,6.5297018122638635
10954,6.040977160930378
10955,6.9002017479846405
10956,6.603334437971473
10957,6.487619213616064
10958,9.79698790848673
10959,6.246451998750552
10960,3.964537619182591
10961,6.50687568487408
10962,2.0666584666090033
10963,4.603956074856155
10964,8.709427277418694
10965,6.629917632436851
10966,4.441544079750244
10967,5.474504198607375
10968,7.755971313839008
10969,4.668933027405446
10970,5.083904184116771
10971,7.231102852951064
10972,9.071807989147741
10973,5.574403984748834
10974,3.654112351193191
10975,2.9762362490197383
10976,4.631365929511428
10977,7.553920636728909
10978,4.760415659916331
10979,3.122690066114036
10980,8.77410163182699
10981,6.412241316658508
10982,7.216405318441365
10983,8.800031386010593
10984,6.589637909588261
10985,8.785893749673129
10986,8.868161783543645
10987,4.040554411624528
10988,6.30455844425535
10989,5.196953845031952
10990,2.74009551329595
10991,4.729701547704158
10992,5.910924697314259
10993,6.274732727487464
10994,6.461648744948419
10995,6.917734865125814
10996,4.837333067869099
10997,5.874424284068273
10998,5.2838784613423915
10999,2.9339892773969263
11000,5.708432569458714
11001,9.34728087232533
11002,6.690253249617084
11003,7.300606328115738
11004,8.407203882022769
11005,8.158982011371545
11006,5.6164753380719805
11007,7.418356591937196
11008,1.9570356437773715
11009,6.781026903947602
11010,5.745654827307552
11011,8.229577249942638
11012,5.92455176463139
11013,3.4368238996208986
11014,7.843467715893945
11015,7.113915237755293
11016,6.546551320914966
11017,7.2744602188893435
11018,3.851544542668818
11019,7.134798867760536
11020,6.3913038780418825
11021,7.761186973411383
11022,4.094338585050002
11023,2.1337629961300792
11024,8.163731620314243
11025,1.5175157997299646
11026,2.9805251684877407
11027,8.204908189697843
11028,3.9630917205759064
11029,8.433886507994526
11030,4.5214234433805025
11031,9.347957918382813
11032,4.277697700024571
11033,5.577205587849234
11034,6.480932806496902
11035,5.045200336572169
11036,6.40499338033602
11037,7.205471339531954
11038,1.5571599308568225
11039,6.877908049549911
11040,4.674389574696481
11041,9.821107804653554
11042,1.6513465348851777
11043,6.406995215189825
11044,7.59689107716518
11045,6.979087727908251
11046,6.228109261045973
11047,6.76425720762705
11048,5.984445835577926
11049,3.339370095532236
11050,2.5186216569280484
11051,7.811555912222283
11052,8.07574251858393
11053,9.604994976754165
11054,8.004153206332301
11055,1.4956013192784652
11056,5.441346780825211
11057,5.935441116272004
11058,5.80116307367219
11059,6.221340489184958
11060,5.542502137821405
11061,6.158093776209681
11062,6.001787779878123
11063,8.810653450552891
11064,7.180326555030914
11065,6.586029088181345
11066,6.034940879499305
11067,6.847243703620478
11068,4.7423740480769006
11069,7.672487160612365
11070,3.788608369419819
11071,7.692824703868825
11072,4.973878076487852
11073,4.604344789210339
11074,9.855107202562184
11075,6.548750255302189
11076,5.801418968214247
11077,4.783847114809177
11078,7.1576428802992895
11079,3.1769711842971233
11080,7.175549465703724
11081,7.315432758693008
11082,5.452375369065694
11083,3.8931513638933444
11084,3.532692962570473
11085,5.4888703340861795
11086,3.8763354272942587
11087,4.1068231588191315
11088,7.1085287240173365
11089,6.646563871458241
11090,7.253625400500358
11091,2.6489930823702443
11092,4.485971501554103
11093,6.7864629047492535
11094,4.799238824458036
11095,3.779222036817972
11096,6.8509874736835705
11097,4.403980690846218
11098,5.389354665215418
11099,5.946656866823203
11100,4.443910294557609
11101,2.031796941117863
11102,6.056377865966406
11103,8.024418423305992
11104,7.572462530578208
11105,3.1129714485951565
11106,7.450430187590352
11107,6.145600321383315
11108,5.334243035412025
11109,7.334746801676121
11110,4.207562960305776
11111,4.358781236919171
11112,7.850402259288196
11113,3.2657505264326114
11114,5.935360311470857
11115,9.616777252601143
11116,7.6255128440996165
11117,6.704168268105887
11118,4.7749417746232465
11119,6.739478342735222
11120,6.905193915817206
11121,6.7987073735540005
11122,6.432542467587719
11123,7.477150622384048
11124,6.451976367603233
11125,5.522059525552665
11126,6.828575792873594
11127,6.2685092236246085
11128,8.457000535562319
11129,3.408572520799516
11130,9.395861384357568
11131,7.663998807828595
11132,4.198908750817169
11133,2.7728677518237808
11134,6.477226367596719
11135,6.125347192361522
11136,5.6945322395319025
11137,7.3277506039000615
11138,6.710006818335707
11139,6.431293437360006
11140,5.021482984480049
11141,5.3540384812528075
11142,4.843714565668324
11143,7.801895079199325
11144,4.781567016864577
11145,4.752484987190732
11146,6.79427783147972
11147,6.882020888224652
11148,7.364692520912536
11149,7.788697877346162
11150,6.147215645038921
11151,9.438630201563322
11152,7.328540704961463
11153,6.914235310020452
11154,5.796577408725805
11155,5.177840978504019
11156,6.804924265133784
11157,5.788010273923801
11158,6.492050441191094
11159,6.684313947583172
11160,2.3971015122494364
11161,6.483643747525971
11162,6.752417352952605
11163,6.118543327366339
11164,7.601287620356785
11165,7.287086092096951
11166,7.340481943367372
11167,1.5440049360281727
11168,8.161747561108555
11169,5.712301848674711
11170,7.435399819666272
11171,7.93430254854753
11172,3.8530856498866264
11173,8.276314610698359
11174,3.43476366000435
11175,3.0405295037133047
11176,4.751776276377037
11177,9.030628678810244
11178,5.560944643888213
11179,3.104716184140187
11180,6.248984587719567
11181,8.645359384332641
11182,6.240281909772902
11183,4.295600773116323
11184,9.006748995475506
11185,8.623128024112868
11186,4.756477897994722
11187,6.002470990171756
11188,4.061192138455848
11189,3.3799538382320797
11190,2.376528474095471
11191,4.799781547280255
11192,3.9649321700911266
11193,7.000960629612933
11194,5.684385300608068
11195,3.5213436323547906
11196,6.303980576494258
11197,2.5941831056833435
11198,7.810718051885434
11199,5.658702069618365
11200,7.812067133200309
11201,7.771141371264171
11202,5.405628820495448
11203,4.585227647572913
11204,5.916588215795327
11205,8.893190407421676
11206,7.131182405192139
11207,4.894678295748941
11208,5.545384166417057
11209,2.469210766466005
11210,8.570437040492989
11211,7.097921448451947
11212,4.1154017532320015
11213,4.386600106280352
11214,6.268036266712921
11215,5.5553378872987835
11216,6.806560873639897
11217,8.776619483552121
11218,7.94742132468783
11219,6.759446776077825
11220,5.449670843759421
11221,5.702553783399835
11222,1.0227707571076419
11223,5.397133931063389
11224,8.441606688221572
11225,6.763438288718107
11226,4.438913737869721
11227,4.635295828520091
11228,7.503473637141154
11229,5.018108991639618
11230,3.484313494542097
11231,3.232334567582308
11232,5.388770398231958
11233,6.528237254969763
11234,2.5713779087400557
11235,5.075416584145039
11236,6.129439931441365
11237,7.979414274483224
11238,9.148547398071404
11239,8.963282347940043
11240,3.1449415517567654
11241,7.57660371216077
11242,8.067339373596536
11243,4.000559036688232
11244,3.607637920201787
11245,7.1142916409669015
11246,6.8027297808699565
11247,4.397773554848208
11248,5.343003653707909
11249,7.310827536552065
11250,8.173311019739637
11251,6.033651019828069
11252,5.893647575581584
11253,2.328602250773853
11254,7.656080698959727
11255,4.998815609773847
11256,5.190603775876624
11257,6.718901774491443
11258,7.366565337698476
11259,7.773281634562399
11260,6.450821652492753
11261,4.21297652499107
11262,8.43707858466828
11263,2.3298210495300675
11264,6.815789352322077
11265,4.444183086749085
11266,6.955051759513086
11267,7.2263179506636686
11268,6.796594377231406
11269,7.731403371312354
11270,5.352521363228769
11271,7.8112242252161295
11272,5.174195332155839
11273,5.4445519296708715
11274,6.859617939687997
11275,7.0165327748490025
11276,6.44141132548386
11277,5.063916360601297
11278,6.751508404235559
11279,4.834474640462357
11280,5.844426626219471
11281,9.424682010397065
11282,3.7030485326117573
11283,7.081807262199072
11284,6.520831556403401
11285,4.635768111297918
11286,7.222933633783218
11287,7.066788468463394
11288,6.956150232143764
11289,4.051260229366392
11290,7.724632527495323
11291,7.110585091203544
11292,6.011502771094498
11293,3.719750610634942
11294,1.5269643053601039
11295,6.775380531287338
11296,3.949286110650191
11297,7.707960214903483
11298,7.913086296516103
11299,4.857527003232045
11300,8.737843312126312
11301,8.448890192170579
11302,7.521054839497465
11303,7.049315667458745
11304,5.142803794799132
11305,6.927613959773659
11306,8.053998579315314
11307,5.6931695503787685
11308,5.431902084850266
11309,6.98635348094176
11310,5.712612271984344
11311,2.677803677134772
11312,6.5947728202354305
11313,6.414752122754331
11314,8.889172603630946
11315,5.280539950632289
11316,4.275248186381965
11317,8.25330050645461
11318,5.650015078602025
11319,8.955645178336503
11320,5.505576606092346
11321,4.836611275804281
11322,2.441663287938516
11323,5.033946124825703
11324,6.302446285479733
11325,4.527107422861881
11326,7.044473955793913
11327,7.2970800641014355
11328,4.437942936511583
11329,6.678772739349761
11330,3.71177804094317
11331,6.54189019171306
11332,8.656054963968552
11333,2.477745053769709
11334,4.5072263867849625
11335,6.5493939466673785
11336,7.417601107791064
11337,7.899530894287924
11338,6.5141696028476375
11339,6.560804796119456
11340,4.925102278571364
11341,3.557931824275709
11342,7.235387497664384
11343,5.7604079009516
11344,5.161475059735768
11345,7.195731703654385
11346,6.682019699861216
11347,5.0222954605267915
11348,3.3530328830674248
11349,6.2506104320048586
11350,3.3779662031689566
11351,5.598736274151466
11352,9.288179795590523
11353,9.122161335669755
11354,9.162074107691046
11355,5.897351533526653
11356,7.750475360363458
11357,8.43530385001733
11358,4.732792019076441
11359,3.521176856296572
11360,6.5545059349375245
11361,9.211599622360385
11362,5.889984521072185
11363,3.132442970729011
11364,8.547113123221843
11365,8.718321633370381
11366,3.417372197016298
11367,6.032289101835723
11368,6.641355495357097
11369,5.099680463608347
11370,7.45150841408961
11371,5.139084649311506
11372,9.04397170174123
11373,8.171168071831582
11374,9.06268488906074
11375,7.401564867869493
11376,6.2549851257186315
11377,6.442674892009394
11378,7.318987275754414
11379,8.174643181382994
11380,4.133797786612592
11381,4.051404246337902
11382,3.117932457578168
11383,6.775516607338776
11384,7.404035974946012
11385,8.191097056433604
11386,1.6425672520930683
11387,5.080706377595083
11388,5.2145681846183445
11389,5.886618836005152
11390,7.325593235754943
11391,6.62740463688771
11392,4.59801999680521
11393,5.280389921152085
11394,5.655279393777149
11395,3.755659457695301
11396,5.556440222643097
11397,6.123385848161928
11398,7.990253903595806
11399,2.65317700839889
11400,4.954191834352078
11401,6.8876164672222915
11402,7.753762042471511
11403,4.671823331505686
11404,5.173717959454429
11405,7.288997470767468
11406,7.327482944138185
11407,4.139625862515143
11408,4.115470830985279
11409,4.0350283546258385
11410,7.635869152415273
11411,8.690733041266506
11412,3.3791089139936763
11413,5.711647021141238
11414,5.840625834706909
11415,4.874515447434044
11416,6.775031698881168
11417,6.2253461473207485
11418,8.288246537180914
11419,7.07401722503633
11420,5.414607491591109
11421,4.020777612441457
11422,5.941398278633661
11423,3.2032806095366313
11424,7.650142937848141
11425,1.1164871346699925
11426,2.3404547284721944
11427,7.554163070100512
11428,8.945561956674553
11429,7.863685183565423
11430,4.329946595637422
11431,2.6227813701293377
11432,4.3556635233444485
11433,6.159273040144313
11434,5.97937246798753
11435,3.4574672730040414
11436,7.130882692753689
11437,5.94558700625727
11438,7.59774849226171
11439,7.575073573138553
11440,3.534786994928345
11441,4.61973015276609
11442,4.406535825884827
11443,4.699903786034725
11444,4.355899127740169
11445,8.757608751715953
11446,7.935518972669358
11447,2.2986956165046797
11448,5.902180980696021
11449,6.779654467403167
11450,6.289706912674207
11451,6.4812531908919455
11452,3.150238309204909
11453,7.837933958849943
11454,4.618461027226394
11455,5.77727921281619
11456,6.770297578155636
11457,6.695895344070558
11458,7.661628854537723
11459,8.784533361007734
11460,6.519463374334358
11461,5.819008111759873
11462,5.297669550658009
11463,4.758768757437247
11464,5.946588258846192
11465,6.331156637810388
11466,7.918646055729849
11467,6.970030787979573
11468,4.987677156094565
11469,5.783863250474949
11470,4.988801858906083
11471,7.826483993276971
11472,6.382432813159341
11473,3.746770580671775
11474,4.911160152592068
11475,6.929892416026332
11476,4.896925287118047
11477,4.3247149704680945
11478,6.076346817648019
11479,5.8349610286176254
11480,7.517738018793762
11481,5.875165510969522
11482,7.039587970212301
11483,8.345617355290317
11484,7.440894696910328
11485,7.492333979210283
11486,6.606775813322733
11487,2.406889860410579
11488,5.7130663537993485
11489,7.735512822043819
11490,6.053974387167747
11491,2.9313059390186544
11492,7.299809688310745
11493,4.662013039705034
11494,4.739325804876668
11495,5.117828864164367
11496,6.147449136055877
11497,5.9575164521842
11498,5.231073849161075
11499,6.33998200308609
11500,2.062160944204068
11501,4.803028279886971
11502,5.381949362781695
11503,3.3174388621869784
11504,4.7517734499924815
11505,3.1441303073970426
11506,8.454368761437621
11507,1.3424636849487532
11508,6.302406869417813
11509,7.035707838730124
11510,7.937935035991525
11511,6.11980314681154
11512,7.859608637168069
11513,9.70871303604116
11514,4.8691914634409
11515,6.141435165413968
11516,4.0784748831513635
11517,2.487949657456659
11518,6.381146128137472
11519,6.11675202053037
11520,8.542100591511607
11521,8.656055585413267
11522,4.799233989265479
11523,4.843856162337899
11524,6.720579628382909
11525,5.61427691332973
11526,6.311187283092555
11527,4.071518551277083
11528,6.448957484017809
11529,2.5131111418955987
11530,7.168846792484071
11531,5.639683933534887
11532,6.884054997387967
11533,2.8271174123261527
11534,3.70558729845933
11535,5.882831064675675
11536,4.5917247835743105
11537,5.911498151457036
11538,7.637811080023805
11539,7.341994195232784
11540,6.4593364145748495
11541,4.94831943810453
11542,7.9229005848524245
11543,5.78938173072878
11544,5.09961804739576
11545,2.2537923298306346
11546,6.775099723505589
11547,5.904473686105005
11548,7.6513887547686545
11549,5.24175838405711
11550,5.487776903834999
11551,6.375840097818433
11552,8.417004789935545
11553,6.554502826055691
11554,4.15261094107713
11555,4.067551108994148
11556,5.219714985841314
11557,6.110098517489302
11558,6.03730986777871
11559,6.762639112364685
11560,6.583560582677613
11561,2.4980894146851815
11562,2.9826126892797125
11563,2.446122364054077
11564,5.606543714479295
11565,5.416190764661751
11566,8.515376219094762
11567,5.391047365362735
11568,7.506088840663717
11569,4.096652499798625
11570,7.3060722372113815
11571,8.101186986503098
11572,6.412484393882736
11573,6.733885370528368
11574,5.473741999242994
11575,7.775062618016655
11576,7.473531763287393
11577,6.29491676646479
11578,7.155240402335483
11579,6.16301627077244
11580,3.080966546712819
11581,5.854135481668716
11582,6.203734949382326
11583,6.621645935505598
11584,6.33717477425899
11585,3.078016066330637
11586,4.894263046799442
11587,4.337824072209686
11588,8.029148302884682
11589,8.558716644265646
11590,5.442460639088479
11591,7.039149763289687
11592,2.5392728955929917
11593,2.137425962030524
11594,6.365532175993019
11595,7.372998729383635
11596,3.6760044297284225
11597,5.134862843976149
11598,7.085260160525483
11599,5.155043697550232
11600,2.9679129093870245
11601,5.347667596757071
11602,4.1875921505485385
11603,6.468311451360744
11604,7.088745362408406
11605,7.4749915470823085
11606,8.804210129209247
11607,4.239419743857593
11608,4.22785514440635
11609,6.42462433399039
11610,6.68998992152347
11611,4.322735988628706
11612,7.3805697790499405
11613,8.71976486210666
11614,5.408108635723157
11615,7.775560956510695
11616,8.075229273570578
11617,5.686483095674805
11618,7.183993817952974
11619,4.376988582955831
11620,5.059672824000036
11621,7.659789573407558
11622,6.821214286521255
11623,4.979638948103808
11624,7.402084659950361
11625,6.48092790313863
11626,7.028433003733913
11627,1.4954853713799496
11628,6.105204427530585
11629,7.006228808353266
11630,7.097592186115884
11631,6.6430350828720615
11632,1.706993831082727
11633,2.8940896450854128
11634,8.613103406550877
11635,5.919466410861432
11636,5.09999927365488
11637,6.008463422214938
11638,5.95397534734599
11639,8.129645324794696
11640,6.248821341723621
11641,4.140171775341267
11642,9.882899480281713
11643,6.6869060221905885
11644,5.713567160458081
11645,4.859100797893205
11646,3.7554825044911655
11647,4.640123919932987
11648,2.8966050766234694
11649,7.772184068909923
11650,6.007272685725194
11651,4.786201353752006
11652,5.490285033271228
11653,4.607478528185269
11654,6.862535423537585
11655,8.908480705342157
11656,6.733946224242416
11657,4.87342225258345
11658,7.416705290841113
11659,6.742028053664579
11660,7.594166232693508
11661,7.0393952751482205
11662,5.83201826449598
11663,7.94111674367094
11664,7.325433817279157
11665,8.250761281095699
11666,6.766595281245428
11667,7.989134764695519
11668,6.287827327920275
11669,7.737004522248515
11670,3.9277066122308395
11671,5.015308504241957
11672,4.05608308246501
11673,8.441249860191393
11674,6.897369808419112
11675,5.021278403353008
11676,7.8418394406498395
11677,4.004880588626359
11678,3.3506351658332045
11679,2.409685171929238
11680,4.121628711211252
11681,5.485349149468082
11682,6.330710875300907
11683,8.507820961817211
11684,3.506930097394873
11685,3.890783324592736
11686,3.8755685298343905
11687,4.326578768351979
11688,9.607417062605279
11689,7.882780193806055
11690,3.200218113573944
11691,6.039156216422538
11692,3.2220819021725524
11693,9.341658473068769
11694,7.711054269634997
11695,4.651385220191966
11696,1.9990423304893388
11697,6.171316165532558
11698,9.278307282597998
11699,2.740979637439917
11700,7.109001406860341
11701,1.4705897152577754
11702,2.665998355004287
11703,6.808287172419432
11704,8.327974430024943
11705,3.3463763939764117
11706,5.517549911359406
11707,7.195988868259275
11708,6.855104835251741
11709,6.25570934464524
11710,6.838788341659329
11711,4.130521954924107
11712,7.619871908649188
11713,1.9640956877536309
11714,8.10160493299324
11715,5.977100769379599
11716,5.703178402048242
11717,9.36991159263852
11718,2.790681871935162
11719,8.947580284291991
11720,7.752339128915499
11721,6.754668781256628
11722,1.5727665732532234
11723,7.354867094527298
11724,9.271819395504657
11725,5.5005965136952755
11726,2.6470191832419445
11727,8.357463606833285
11728,6.668184838078991
11729,6.7709241694707085
11730,4.074464477612687
11731,5.630707233736018
11732,5.080836625673696
11733,7.591018698031622
11734,5.744419349492526
11735,4.748436822464575
11736,2.117404532435503
11737,7.327358924521462
11738,7.555110290764752
11739,5.727134109147618
11740,4.263229243160138
11741,3.544423315613174
11742,5.042973018080447
11743,3.4468498355161805
11744,6.568832284530462
11745,6.323918894203872
11746,2.353636791009111
11747,7.795434700712099
11748,1.8798050727993556
11749,5.0611472782569855
11750,8.463537730463127
11751,5.494188801710466
11752,7.385307199916259
11753,5.0706635964236035
11754,7.999946599502289
11755,8.309031188750332
11756,2.391274627647302
11757,5.18747926532114
11758,6.3458468630298785
11759,6.071951287351593
11760,4.607217560128579
11761,7.32776334501942
11762,4.263872372623855
11763,6.63711836722261
11764,9.60703269721246
11765,5.273402463880468
11766,6.142743614294941
11767,7.0156359844578
11768,4.823175512645226
11769,7.387462733860504
11770,7.13127452885297
11771,2.110409058894267
11772,6.168924778637194
11773,6.219519788262333
11774,5.512216852916582
11775,5.2281783384660585
11776,6.725624256867953
11777,2.6242121026724465
11778,7.356817318262953
11779,7.569868845324563
11780,6.469221458065253
11781,7.892329767912249
11782,4.21064709453797
11783,6.305577468803515
11784,6.39691585002512
11785,8.350691589271214
11786,8.847516515953355
11787,4.861331431528322
11788,6.9586534086205205
11789,5.076716358882163
11790,6.4366683801173945
11791,4.187399238268884
11792,9.600025012585732
11793,6.034398801898782
11794,8.142709519429143
11795,8.393509825741072
11796,5.0477814274646855
11797,8.694399971892711
11798,6.900060571217911
11799,3.4378254636718175
11800,3.5699229262292014
11801,7.196082815141213
11802,3.4271854337762644
11803,8.134048078196217
11804,5.540111260055151
11805,6.9885188220393015
11806,4.762835216401373
11807,7.890425090302404
11808,7.582296496148974
11809,4.442601428043809
11810,8.388122109805526
11811,5.762202930666474
11812,4.873882661496549
11813,5.778055690341011
11814,6.78604617592416
11815,6.015578268698787
11816,6.500267535775126
11817,4.301583960113488
11818,3.5936441844313234
11819,5.465508553013456
11820,6.78362073426501
11821,3.0723429200128125
11822,4.530250426089933
11823,5.043937599145029
11824,7.767918213817879
11825,9.656062460734073
11826,6.944040679131326
11827,6.351238561784317
11828,3.6306159053977387
11829,5.82996472526636
11830,2.8490933161361442
11831,3.1737765323512623
11832,3.5184988381483575
11833,5.231442940317285
11834,2.9656494185097637
11835,7.221819684851185
11836,5.317539714537872
11837,4.487228116443973
11838,5.4364599102990105
11839,5.346306242146709
11840,6.449452525119788
11841,4.743826862176044
11842,2.929477120137822
11843,6.607291743133836
11844,6.804414477480946
11845,4.285846594539237
11846,9.014060524860051
11847,8.226839226724778
11848,8.0075474352889
11849,3.5418460615184175
11850,3.589708703423963
11851,9.04521051524368
11852,7.032157780858193
11853,8.259474931620325
11854,5.228765082287897
11855,6.274913013565093
11856,7.254974724774607
11857,8.10780578742099
11858,7.430972222942851
11859,5.951032317360054
11860,7.6763811818671455
11861,3.838416471562604
11862,6.953425493326616
11863,5.798866178005452
11864,6.388055266181629
11865,5.552239914234425
11866,2.963447867151364
11867,5.585625367536701
11868,5.5559928087759465
11869,2.73025847457148
11870,3.095997553004441
11871,7.116253401790929
11872,8.581479481346927
11873,5.170750945549887
11874,6.74668753410136
11875,4.658255921400843
11876,9.322341375653366
11877,4.597144575521322
11878,9.90121778253135
11879,8.581187985235356
11880,2.848704463822612
11881,4.550856635576561
11882,3.1013958406369997
11883,2.9338897323725277
11884,5.387007531054326
11885,3.758732018482494
11886,6.057511319081763
11887,5.09958045814297
11888,1.86668992135398
11889,7.388842712993982
11890,4.709792270462501
11891,8.456501069809564
11892,1.7232876998643354
11893,6.0721457382729485
11894,3.618187575967655
11895,7.562321408147589
11896,6.677470735809219
11897,6.118294895906169
11898,3.8410332357708223
11899,6.633171706475097
11900,7.4476664249399995
11901,7.2413213043606035
11902,9.21610005198182
11903,5.240777952120773
11904,7.0280707945722
11905,6.343937083989988
11906,5.902409831546683
11907,4.6786214739483665
11908,9.27977296482056
11909,7.3291889092055404
11910,8.405238569074301
11911,4.700029883585626
11912,5.831803461125333
11913,3.256751505634717
11914,4.867947553948053
11915,6.985456873836779
11916,5.983701795135252
11917,5.6317281459925
11918,6.995077696349313
11919,5.34880664650138
11920,8.701853072350248
11921,8.143439575798967
11922,5.648699456143253
11923,6.228890075295745
11924,4.294984747591648
11925,4.327135325179315
11926,7.812788018498863
11927,3.9284899663060693
11928,6.510547765370378
11929,6.444421288432619
11930,6.28479533998645
11931,7.773137062177792
11932,6.896540340603413
11933,9.799760671736033
11934,5.31978499562082
11935,3.3421576588140627
11936,4.433423763888667
11937,7.247615031878449
11938,6.267743748701006
11939,7.195033302728838
11940,2.4462928656988274
11941,5.661296225470801
11942,6.365280660775451
11943,5.596733944690614
11944,1.9029553560383534
11945,9.119538773875703
11946,7.8325376773998165
11947,3.30615016715882
11948,6.641348510455007
11949,3.673973282141548
11950,4.2866451170867785
11951,7.050762659616584
11952,7.11349703925283
11953,6.4964372398394055
11954,7.834990937939815
11955,9.793572424326646
11956,4.6979305984628486
11957,5.4027123687960446
11958,5.088154926657586
11959,6.972771037306456
11960,4.301901237839843
11961,7.136551814645079
11962,6.812540755389267
11963,9.688716791722278
11964,7.177330958032447
11965,5.626638993260406
11966,8.714865342415104
11967,5.9895277356336205
11968,8.393665685107427
11969,6.701902699665414
11970,4.821132419357052
11971,3.5210616078893673
11972,4.193212054885411
11973,7.4038561679923784
11974,6.353268877929018
11975,3.9232167510560876
11976,7.673354692850623
11977,4.422550273605574
11978,2.189673506553783
11979,5.819457119577593
11980,3.890263376964424
11981,9.188031773573785
11982,7.704257104206322
11983,5.647126645684744
11984,6.809207987133155
11985,9.208452931123725
11986,4.989799006591548
11987,7.303841376571599
11988,5.347539538223392
11989,6.146824480336856
11990,7.759398959905539
11991,6.420499178307511
11992,4.757905004567461
11993,3.708338690195377
11994,9.15303433254193
11995,6.8797371780652945
11996,3.906256617476471
11997,6.419718355109799
11998,4.478110750771471
11999,5.563393572938319
12000,8.735327286038517
12001,7.8983764672435886
12002,5.354061374031505
12003,1.6493605971838379
12004,6.585688430945185
12005,3.9873849826125505
12006,5.138142318598729
12007,8.792941869232095
12008,8.183544745438876
12009,6.0616300798940905
12010,4.392374752032803
12011,4.236241441960185
12012,3.3607113280548475
12013,5.051161175102839
12014,6.47680842743674
12015,3.624461213691295
12016,8.030498863578439
12017,3.9313481005645703
12018,4.382696895843065
12019,4.965327707936036
12020,5.348681139744296
12021,2.7292569567572484
12022,5.057140347347187
12023,4.078539095670962
12024,5.025454944220254
12025,5.195205071582674
12026,4.170601381454291
12027,4.862435108764927
12028,6.652333566534366
12029,4.385125723007451
12030,9.225281406975625
12031,5.202781756600451
12032,5.583966034978343
12033,8.279510510085705
12034,7.8667094528307135
12035,9.607156116088152
12036,6.75436766738307
12037,7.387234970252724
12038,9.191739535259504
12039,3.106216185897311
12040,7.671100440556108
12041,6.855619239370131
12042,7.436253951634929
12043,2.8007584506739365
12044,5.2551899098431605
12045,6.320948572450275
12046,6.444292627097289
12047,4.216661703045859
12048,6.0235950499882085
12049,8.065630539548131
12050,6.811896070533097
12051,7.890454212589422
12052,8.728994946903725
12053,7.021479254272395
12054,6.32135364171691
12055,7.839472039318741
12056,8.922420493366808
12057,8.742080060542788
12058,7.348949864246983
12059,3.943681939565091
12060,9.381301602734567
12061,8.100726754588603
12062,5.297075177951594
12063,6.72758004582579
12064,7.927527808274812
12065,7.611595979539742
12066,5.424938516767381
12067,9.374033483394346
12068,5.19451132918161
12069,6.155725532162248
12070,8.58540161010547
12071,7.2923058958296645
12072,6.524315005719426
12073,3.584141530622598
12074,6.140208200688672
12075,8.46244197154766
12076,6.310230006790465
12077,2.9570814194170874
12078,3.9695128503335986
12079,5.260523430482834
12080,6.3070930226609585
12081,4.358006728547777
12082,2.0267543138017223
12083,5.109479975134003
12084,6.65706239854384
12085,6.47713954921421
12086,6.7441087776201085
12087,8.029441936349437
12088,7.123517661577274
12089,6.298354679449869
12090,5.347354055095948
12091,3.2033477045262866
12092,6.512449567247325
12093,5.6760298557176245
12094,4.965309632067578
12095,2.0863842234347376
12096,6.459362790294894
12097,3.950180677141034
12098,6.105284864480072
12099,5.864991518293895
12100,4.568149982572171
12101,7.90821160911636
12102,8.725839545419166
12103,5.9344713650044385
12104,6.015038055720816
12105,8.56033151167697
12106,5.477186101885441
12107,8.282301778293984
12108,5.731706566354645
12109,6.84826022166859
12110,6.715062294806375
12111,6.553240048428492
12112,6.394141338162277
12113,5.504521777976203
12114,7.578330932801958
12115,6.857864522480216
12116,6.826297500851469
12117,5.796472286872481
12118,5.194433914224207
12119,7.1592175085062015
12120,5.773376198513909
12121,4.096152055595297
12122,5.0959546407314145
12123,9.798977960572191
12124,5.945377507303281
12125,8.268466864030767
12126,8.948331765038489
12127,7.0833169978501305
12128,7.677191623563656
12129,7.032824346433257
12130,5.684685954839672
12131,7.962781931297599
12132,4.707153852133427
12133,6.0269418988202235
12134,6.2587634124442655
12135,4.5681622029085425
12136,4.195688781394106
12137,1.3170588064790039
12138,2.8533635286270655
12139,3.376041342214736
12140,3.580802084464092
12141,9.142396771189523
12142,8.778328517429138
12143,7.677440920125761
12144,4.806791305057044
12145,8.452414726079917
12146,9.02904808902863
12147,7.779210651327782
12148,8.22815315800114
12149,5.924073603208314
12150,2.6546580006774962
12151,7.923499685798641
12152,7.860035421657151
12153,8.818948883897175
12154,6.867653099731815
12155,6.250205742405608
12156,9.325334767384895
12157,3.9999990927853237
12158,7.393976147346932
12159,8.454432890612253
12160,9.024762204504325
12161,2.359978695645207
12162,3.03293360781074
12163,7.707577748563047
12164,6.035718418525127
12165,7.859900471727805
12166,8.017846607830197
12167,6.410251192357041
12168,7.410403808642468
12169,3.391826937686429
12170,6.670392878042795
12171,5.782395339622689
12172,5.428007675355768
12173,1.7341379261448977
12174,2.8890997684761954
12175,5.912549848513555
12176,7.66402956314486
12177,9.701622647313073
12178,4.586164552222102
12179,7.153724532222906
12180,9.044193530420653
12181,3.1780062143632493
12182,6.580411027959791
12183,2.634372500796707
12184,7.155810987863992
12185,6.446857469016658
12186,4.160737419871958
12187,7.107611806276692
12188,4.553888508396882
12189,4.785986914750504
12190,2.1854465329651926
12191,7.358312879398797
12192,7.850604700807328
12193,8.347342999782889
12194,6.5037044694583965
12195,8.325390919997728
12196,6.229432911122923
12197,6.936032306533829
12198,8.302881076564423
12199,2.858844711617797
12200,5.527237449780646
12201,4.828056418775954
12202,2.1574859410880585
12203,2.732087948075899
12204,6.006698717410315
12205,4.218552780845256
12206,5.06503228918714
12207,6.1066983947987765
12208,2.8627048505045924
12209,5.196977540624087
12210,5.324995793706803
12211,5.357862308690411
12212,8.14200155380696
12213,5.876908868677967
12214,4.249546133225536
12215,4.135439183961251
12216,7.315759979403089
12217,4.7248849303965645
12218,5.575484473056415
12219,5.218934939338652
12220,8.50534383871084
12221,5.125310671189236
12222,3.1227586223771704
12223,8.215145839024538
12224,4.683881631961102
12225,6.45387910010259
12226,7.910289630527135
12227,8.4903399788621
12228,4.484234982523088
12229,8.182196194176887
12230,7.2655934828829425
12231,7.6738419100488535
12232,4.48543331708544
12233,8.289285317612022
12234,5.269279491334082
12235,5.930747648977729
12236,8.861478122888766
12237,6.754351049965671
12238,8.942634966437799
12239,4.349406083979205
12240,8.634834905248168
12241,3.2743546600061655
12242,7.649607133574379
12243,6.037562682414645
12244,6.029185338935853
12245,3.343666388683014
12246,3.199802830054105
12247,6.423676603969166
12248,3.5595449536122983
12249,7.377920802954161
12250,5.660913786359479
12251,8.979156892048755
12252,3.8036655985985353
12253,8.861798595087679
12254,6.301202270658558
12255,7.717737733935264
12256,3.502158125210237
12257,6.12360398751376
12258,5.089027365904083
12259,3.6750231539786222
12260,2.7812019461130966
12261,4.2644844799987665
12262,7.8987990987085
12263,6.25568712467748
12264,4.942574502301238
12265,6.372856159733223
12266,5.141307880663798
12267,5.790224780627809
12268,4.671096611288418
12269,6.778526546614936
12270,6.631729205028139
12271,3.1705474083801968
12272,3.9942019100258532
12273,5.409175895854136
12274,5.181079586970587
12275,8.235181548527109
12276,6.01359406947719
12277,7.243532785902889
12278,4.051118803039951
12279,6.926191072832371
12280,6.265002278963542
12281,6.36182906522604
12282,9.046462988572594
12283,4.33608798141177
12284,5.687859704128586
12285,7.72653513081927
12286,7.958915430630288
12287,4.8496666093479375
12288,7.699146429426656
12289,4.028827468595185
12290,4.476280644264697
12291,5.095621926979899
12292,5.274757406271517
12293,7.341632067054376
12294,5.576841568133352
12295,3.4114247891097156
12296,3.9942409636170275
12297,3.9054877358184523
12298,8.277724302778335
12299,3.9560402874717298
12300,3.7456231253679166
12301,6.918184388866323
12302,2.600689096461208
12303,2.3048498536417332
12304,4.0893352902290845
12305,3.7511545082594444
12306,5.992408140713085
12307,9.069530705315385
12308,4.600601888228782
12309,5.5561328041861495
12310,7.351615453696458
12311,5.229784653821872
12312,4.663793830462608
12313,7.979475588894164
12314,6.593885472594845
12315,3.74858493898918
12316,7.825104298135827
12317,5.635004488107646
12318,4.164998025050321
12319,5.095148799903322
12320,5.966867991681673
12321,6.802386884247019
12322,5.676349417918529
12323,7.370038259219795
12324,4.477743250573505
12325,8.053574062650029
12326,4.037222529727873
12327,9.099083192135428
12328,4.75999968284795
12329,6.879594216551053
12330,8.3682376237591
12331,4.055480474807954
12332,6.341744137950112
12333,6.832591642787241
12334,7.9166545391097
12335,6.628514679540458
12336,5.898800126961762
12337,2.8683745793680435
12338,5.853657090592609
12339,6.590745103945476
12340,6.453803941012876
12341,7.348247940065237
12342,7.355656376122687
12343,9.785675726341749
12344,3.1670925114062114
12345,2.0126779326005697
12346,4.834998965668684
12347,4.1061771331824195
12348,7.6638374197431025
12349,6.825428254780229
12350,8.781636878792792
12351,8.58921187298688
12352,6.594021601040896
12353,5.627537756494012
12354,6.861694772586993
12355,6.709971939466996
12356,8.568851447759894
12357,3.6822298434508935
12358,6.443903510527677
12359,4.178766257657023
12360,4.535729315841578
12361,6.045227897436418
12362,4.533969910454313
12363,6.787212505276078
12364,4.847939770767617
12365,7.908474357906312
12366,8.020543051541534
12367,3.855417882733687
12368,4.661026283666675
12369,8.891178090019693
12370,5.222186766537145
12371,5.575106629181277
12372,5.8387749197053775
12373,6.005120149349727
12374,6.600768692662586
12375,7.490193688630523
12376,9.030030135688333
12377,9.466483083765548
12378,8.631224652960803
12379,6.5165797369095975
12380,8.445628554696581
12381,4.3913498095867345
12382,4.925203311996956
12383,5.7702100228582704
12384,1.2939578799181146
12385,4.335162057163085
12386,5.010883994930501
12387,3.451640581132003
12388,3.0982904547418966
12389,6.899683945924809
12390,4.644090068043118
12391,5.0793913648862965
12392,7.412669206532708
12393,4.956097307350622
12394,2.7772856301728646
12395,6.1706774439218295
12396,8.588118909145786
12397,7.378467367578028
12398,6.609394150365994
12399,4.45205819406934
12400,8.2490327909954
12401,3.6155274307841005
12402,6.75685406979183
12403,6.290188069477433
12404,5.758203063532005
12405,3.9766488372464446
12406,6.0587311215957875
12407,4.707112546820911
12408,3.320327889679807
12409,6.439482353030098
12410,4.427629488537975
12411,4.986818856571755
12412,8.858231858137945
12413,8.470859673727528
12414,6.028529942946377
12415,6.460634868800173
12416,4.131233248535652
12417,0.8147875691878723
12418,6.120093566653797
12419,8.71652448331846
12420,4.755136565927295
12421,7.42062688515173
12422,4.8343330442673205
12423,8.262193342791807
12424,2.952652784482503
12425,6.433674004123373
12426,3.21654991337776
12427,8.068846942696377
12428,7.711107099162479
12429,4.605263706959528
12430,7.4927010743923965
12431,4.375093255038597
12432,5.909948682764453
12433,6.3671043069593924
12434,8.814341563401106
12435,8.070777679305195
12436,5.06591382205068
12437,9.604995720151186
12438,5.7667802281994
12439,6.318110565429677
12440,9.199578514027271
12441,7.054665786101795
12442,4.490057082137498
12443,8.020617661337367
12444,6.497038198480789
12445,6.391929659235128
12446,5.498738878748237
12447,6.977581725836285
12448,5.771988647411993
12449,6.412243388453863
12450,8.59007656438606
12451,8.927441239263398
12452,5.723982236993822
12453,7.3942562047404445
12454,7.04000420588907
12455,5.2384867804584525
12456,4.522631582988273
12457,8.311539120856454
12458,5.441988172978302
12459,0.49057885446659194
12460,6.192327119275528
12461,9.383581064139797
12462,6.159496269608558
12463,4.4225152097810545
12464,7.455959615698395
12465,7.104213953593093
12466,5.271512068851111
12467,7.849630965635508
12468,7.700477286501422
12469,8.088366029342152
12470,6.221976369171346
12471,5.322126650027429
12472,5.525143915070681
12473,5.704563021215484
12474,7.89696045431082
12475,3.1561028725606524
12476,1.7577605017598439
12477,8.61903377294889
12478,9.02130775406867
12479,5.268071729250482
12480,7.476646658796267
12481,4.416283282568597
12482,9.66634703510169
12483,6.873057294253686
12484,4.962677256548169
12485,5.103748952843084
12486,6.435402272053615
12487,6.732039367008287
12488,6.427183687358248
12489,5.26337180051565
12490,7.329496089211118
12491,4.804672224254688
12492,6.149552673688634
12493,5.7281127461911385
12494,7.592440398608453
12495,6.346766480626863
12496,8.205437283244287
12497,7.624424315552158
12498,8.664327078303858
12499,1.8886853108943356
12500,3.2878382586190793
12501,4.118252263129079
12502,6.380903144304959
12503,5.640501808641997
12504,4.224321665094294
12505,5.18864194836651
12506,0.9993830002345586
12507,7.253669361311217
12508,8.367156455940343
12509,5.069296301269676
12510,6.911616887195035
12511,5.33444867622329
12512,9.30706871561564
12513,6.451381778455525
12514,5.470948441896857
12515,6.131817284029921
12516,4.195236017771306
12517,4.29948687512353
12518,5.728855473119166
12519,5.851199531212054
12520,7.821477190006398
12521,5.201476175243784
12522,6.420063116418937
12523,4.286853166952792
12524,6.219315207760262
12525,2.2877991218370597
12526,3.6339629759448324
12527,7.150011992408514
12528,6.333195369314003
12529,5.709766770325821
12530,8.748987328081506
12531,6.194008363199876
12532,4.616863774282909
12533,6.36866590409644
12534,4.126529289791531
12535,6.537672443079406
12536,4.080622739780996
12537,4.899830211557614
12538,3.5979212445934756
12539,4.8703795104619685
12540,8.406495696912488
12541,6.951719358958349
12542,8.46025486301275
12543,5.443540941881976
12544,9.284127373950135
12545,6.150807721535656
12546,6.754213051164988
12547,7.3009323368003765
12548,8.091664604786375
12549,5.433099515133445
12550,5.600523673635279
12551,1.5757370033735367
12552,4.762176382869121
12553,7.264848058679824
12554,1.9767622900677826
12555,9.761549042411929
12556,8.099600321343576
12557,8.24954985833916
12558,3.626574710530857
12559,5.595888511208113
12560,5.096675373427566
12561,8.288530867371975
12562,6.512693768096314
12563,3.3430063626342488
12564,7.840206474993296
12565,6.897541847864665
12566,5.568686686236983
12567,3.7417252543605604
12568,6.083132868554676
12569,6.049720400016374
12570,6.1043638821577755
12571,8.421450732141123
12572,5.502725261293126
12573,2.9289805287147996
12574,7.051757838170702
12575,5.741457636392584
12576,2.61714336082564
12577,5.436168542453368
12578,5.918169953743108
12579,6.463723583972494
12580,6.245955831421969
12581,5.261869015699829
12582,4.313724294692338
12583,5.939855472363868
12584,7.751437047085006
12585,3.663641535327514
12586,7.619361291455732
12587,7.91525616372073
12588,2.117450551974944
12589,3.278187073983886
12590,8.814583095171443
12591,7.35892676010615
12592,6.362588735383785
12593,7.047397975473322
12594,2.9232023906340263
12595,7.169999726588514
12596,7.908206055136842
12597,7.368223979911698
12598,5.146866885886719
12599,5.785526669178523
12600,4.28446420711565
12601,5.853698227927283
12602,5.412684624236213
12603,8.83490846347894
12604,9.560996828299015
12605,9.544554032433197
12606,6.009622466717828
12607,4.5292905172296996
12608,7.464621746125573
12609,4.094323321649633
12610,4.817737997409271
12611,4.2960522590230354
12612,5.6707932418463
12613,8.41613968778584
12614,6.338418733074242
12615,4.978288114728856
12616,8.110247642512244
12617,2.3725341301767737
12618,5.146457934530861
12619,6.701142170820128
12620,8.499282685392382
12621,7.7124404584848545
12622,5.908093417596859
12623,6.81572934513967
12624,6.8089580034020605
12625,7.6303822380674236
12626,6.299448562685153
12627,5.780983252217909
12628,7.596468541453561
12629,7.962608485374757
12630,7.48110831202888
12631,5.8628798639579855
12632,4.298295532079078
12633,6.9385305749748225
12634,5.0352746077665325
12635,5.066900766710497
12636,8.129046183206754
12637,7.650739267064895
12638,4.203005869349941
12639,7.13625091216026
12640,4.528190773092589
12641,5.84589845740069
12642,5.883180221615089
12643,7.329876704140087
12644,3.184857779304283
12645,6.019735740561889
12646,8.419402051941276
12647,6.902071332542234
12648,7.767737296729771
12649,4.667375056359096
12650,4.435721098006583
12651,4.925918393960895
12652,6.358584843833429
12653,5.995638808733284
12654,3.813428453571954
12655,4.719512308785272
12656,4.592827327347018
12657,7.275474484496831
12658,7.98355007897913
12659,6.012763083411933
12660,5.698462070108063
12661,3.5260809638297705
12662,6.140709457104197
12663,5.997236290008971
12664,4.296899169494966
12665,8.526792723677534
12666,4.746173192493862
12667,8.267885898096178
12668,5.9749055791924714
12669,6.6048209959130295
12670,5.5283849790333575
12671,7.716532870142784
12672,6.814820016201792
12673,3.121225606717354
12674,8.307514479136243
12675,4.518031931374248
12676,8.046937958170508
12677,9.745916903770198
12678,9.015814418988183
12679,6.154275654066472
12680,6.552405385172639
12681,6.4870085894123655
12682,7.252392365959069
12683,6.811688112815847
12684,7.016324990020633
12685,7.344371884116472
12686,7.437636363409143
12687,8.445701573525113
12688,6.1231716822765225
12689,4.817277386190442
12690,8.843164989703538
12691,6.051982697319891
12692,8.291871726668141
12693,7.9892497493271115
12694,5.448792762888466
12695,4.5956513672584105
12696,4.717564690777627
12697,4.136631075265597
12698,8.129313433510388
12699,6.1553512084045146
12700,8.146022290371357
12701,5.150709308184169
12702,5.430877182601803
12703,6.083223221560225
12704,1.509329421564666
12705,3.111593405456131
12706,6.7958647838198765
12707,2.5658843262667412
12708,6.075096589877292
12709,8.20815714261255
12710,6.3969241566036015
12711,2.2082669091394473
12712,5.249211385229047
12713,5.858163017158918
12714,4.00973062659146
12715,4.950177163836562
12716,7.78490023200897
12717,6.047267249782886
12718,5.346641286015306
12719,4.838234015709378
12720,5.976094994400827
12721,8.896753439115196
12722,4.782204314392102
12723,6.456923866005605
12724,8.31870645032209
12725,6.587879831955932
12726,7.312900611649476
12727,4.70019853972365
12728,8.221277956615552
12729,3.965843358900858
12730,7.277818947437385
12731,9.122027686244179
12732,5.154620823762468
12733,4.553745455600232
12734,6.638861070448594
12735,7.53795331340757
12736,5.883451899385829
12737,8.228147299343444
12738,8.012395537975047
12739,8.563870131459295
12740,5.033667965830407
12741,2.1158744102258966
12742,6.216038309317375
12743,8.461082109070862
12744,6.231559001056142
12745,8.538727557135063
12746,3.412883566995234
12747,5.8012618967438705
12748,5.973244749259467
12749,4.39558038140782
12750,4.533915968137335
12751,3.822002684445099
12752,7.280692123748453
12753,7.84038234413699
12754,3.086762691842539
12755,8.876004825588247
12756,7.2412192305221055
12757,8.690139895857834
12758,5.181458321663887
12759,6.622057609018678
12760,8.20118580805336
12761,3.846932054977164
12762,8.810904606418108
12763,2.219749228321518
12764,4.628806527982831
12765,7.104724476064234
12766,8.035700437494567
12767,5.124777278495879
12768,5.420274722519786
12769,3.834082815414731
12770,6.8557574327180495
12771,6.59383376344724
12772,2.9844333375109637
12773,1.5544552328184702
12774,7.6385632962986
12775,4.693347087245624
12776,5.054354747359739
12777,6.69485827270448
12778,8.166855943856648
12779,7.768331133303009
12780,7.450953782661349
12781,3.5453249754760976
12782,4.333690629122721
12783,6.911496853730343
12784,6.486073423958706
12785,4.350913469297245
12786,6.870317048387435
12787,7.637018996351982
12788,3.9586769729285867
12789,4.744999305222349
12790,8.944044038271965
12791,6.23265501286796
12792,8.617389032693257
12793,7.342030631784
12794,6.817766791935184
12795,6.776919966170671
12796,8.024596502031418
12797,4.7449483355307205
12798,7.304816371151221
12799,5.998065742249127
12800,3.1328164996957124
12801,5.884953211024411
12802,8.686202889781658
12803,3.8102057255996433
12804,5.218448579387812
12805,3.015953379142585
12806,8.599961030724485
12807,4.78434505841424
12808,4.424213457500579
12809,4.602909407118457
12810,5.956201535517033
12811,7.525606622660632
12812,8.295740276560394
12813,7.599405196735017
12814,7.6559248858508235
12815,7.371749912567743
12816,6.131474643856094
12817,4.783172530007854
12818,9.279750127356209
12819,4.605805407215598
12820,8.505574497259836
12821,3.2418510025730365
12822,5.651912568232319
12823,5.195294552987519
12824,9.606334511969909
12825,9.313858861357415
12826,8.550978768726258
12827,6.156145857855632
12828,6.501634088026496
12829,6.495505510239093
12830,8.891259815287285
12831,6.172818069426389
12832,5.562671813194436
12833,7.860390644465759
12834,7.055278550712938
12835,6.328285188592549
12836,8.560052577860985
12837,5.052201650456218
12838,6.643873100017761
12839,4.251581086744496
12840,8.708173986739796
12841,5.387689671422006
12842,4.229340578259538
12843,7.073066540777467
12844,5.460366631562195
12845,2.1387585093866814
12846,7.850099291587728
12847,4.118203435423885
12848,4.874021064762188
12849,7.252877410239285
12850,7.189822063782076
12851,4.609940057421282
12852,5.588408657846379
12853,5.908759835015692
12854,3.08479015455654
12855,5.663506065852485
12856,4.225760719864465
12857,4.661414803446251
12858,5.365016628519815
12859,4.675607923065582
12860,8.481068319999094
12861,7.030489316138515
12862,6.294046031543163
12863,9.078957277542715
12864,5.178939846050854
12865,6.227497024160967
12866,7.4896434803912
12867,4.726320962592186
12868,6.3593471276464735
12869,8.737957643372559
12870,4.793066531259965
12871,6.9277433922944045
12872,4.19592183251739
12873,8.074232871959158
12874,5.121245378497839
12875,1.7830844624998057
12876,7.833565934898089
12877,4.881510262000988
12878,4.986993023075526
12879,8.855191200015973
12880,7.408405085752171
12881,9.403498109336537
12882,6.280258195843506
12883,7.883915319267241
12884,3.7593789144516934
12885,7.719608393859523
12886,8.066862772960944
12887,6.667715002602482
12888,5.147056437282644
12889,8.63200655471291
12890,4.2748652839270145
12891,8.498724000228544
12892,4.499908274900649
12893,6.868448667008236
12894,3.4332938797682315
12895,5.8039039166913
12896,5.451140391778542
12897,3.486813054355606
12898,6.765583922623842
12899,8.406207724797362
12900,1.8913379956876313
12901,7.52656727862401
12902,6.590750209985209
12903,7.14617030619623
12904,4.664451497097948
12905,9.48046605149638
12906,7.0124836824335075
12907,1.9698032670081274
12908,6.712371988398774
12909,3.777445041231227
12910,8.88063894255278
12911,5.74371074784861
12912,3.213427150802789
12913,6.979170325713145
12914,4.549487557639285
12915,5.375330292953557
12916,7.070765587325186
12917,7.791844541757693
12918,3.525024966918681
12919,6.872315324316199
12920,6.673393338454092
12921,4.726922929464004
12922,6.561657691486803
12923,5.620153916113959
12924,6.777599282612001
12925,2.53081957176057
12926,5.114305799316759
12927,6.3173862860913195
12928,6.622005175881249
12929,8.25294801483085
12930,3.8403641488368936
12931,4.972155916021998
12932,8.370566572968919
12933,8.370889563321551
12934,4.4716354547246135
12935,7.590460079134734
12936,4.747983248138129
12937,8.177708130759724
12938,8.082841805788489
12939,7.280513458428451
12940,9.368843678251373
12941,3.841959714847413
12942,3.822587533788488
12943,8.793114060077503
12944,6.636074253345373
12945,6.317184722049544
12946,6.981274704606834
12947,5.640860503682453
12948,4.915398272288822
12949,8.918606092833949
12950,6.5701879060076545
12951,2.5908986515898627
12952,5.9432075099817485
12953,6.087290133637889
12954,8.785541730899919
12955,2.4921774273285418
12956,5.194955659334142
12957,6.061880847999156
12958,8.547723040077088
12959,3.7502217745910684
12960,2.1400930698631053
12961,6.930031515508328
12962,5.139409327433838
12963,4.727919892776716
12964,7.676938706301995
12965,4.648934114379641
12966,2.854858635093725
12967,5.2150422455987
12968,4.814156893007275
12969,4.380727205950815
12970,6.3429058520554635
12971,4.4471454412913305
12972,5.4319267979493295
12973,6.948870923554228
12974,3.2566888445951787
12975,5.589698261894363
12976,7.36040498597314
12977,2.936189236905965
12978,8.241363869727051
12979,8.02240988918264
12980,4.908427441969815
12981,3.044594776670651
12982,9.656815937446211
12983,6.409070663102799
12984,5.270804019682922
12985,2.742007376389325
12986,7.8620220117257205
12987,8.169642832869224
12988,7.674013125398457
12989,4.598955341452088
12990,5.8442235378311285
12991,4.606647801402233
12992,5.297370330150574
12993,3.7550807684565015
12994,7.099311715256061
12995,6.268268034190826
12996,4.413143247236044
12997,7.271706052523897
12998,6.462954518327175
12999,5.883020993246058
13000,4.457625135185888
13001,7.599501749285219
13002,9.338856218318282
13003,4.7850100379427625
13004,8.828905023271785
13005,1.4651650497243471
13006,3.761312860590777
13007,5.428732395658399
13008,4.617610530347998
13009,8.64116905149815
13010,4.9402002098420965
13011,7.342876662406194
13012,7.986970815471561
13013,5.432093632816283
13014,5.365390991952427
13015,6.071755278391823
13016,6.593940903925221
13017,5.963676249495384
13018,2.99303553844567
13019,4.470296378497171
13020,4.609735913943517
13021,7.234023363209981
13022,8.7890952105454
13023,6.044135747679464
13024,5.2090639037070705
13025,5.894245434350637
13026,5.27487284052982
13027,7.580780905626622
13028,7.476485721695828
13029,4.780097046957325
13030,5.127995072384908
13031,4.962010865138732
13032,3.23360770270903
13033,6.811393902532785
13034,4.270946940862283
13035,7.597457461643468
13036,7.151417515421837
13037,5.007256275029263
13038,6.9963656844507085
13039,6.400913890116285
13040,4.985411047715453
13041,3.605437153653548
13042,3.4751441519833857
13043,1.6264835358858105
13044,5.85063463874204
13045,5.226417141462724
13046,5.034993650511366
13047,8.554500658556046
13048,7.693498647183806
13049,6.9090139759683975
13050,8.238193291178904
13051,4.14219190231263
13052,6.5343171467841
13053,6.7794389490419205
13054,8.771336320701545
13055,5.19702509513996
13056,3.416701754656796
13057,2.1802419922955654
13058,6.8842600484871435
13059,6.295584666120901
13060,5.867533061582259
13061,4.547120176161337
13062,7.159988049104862
13063,9.186929596240004
13064,1.868417624243185
13065,4.617474924003967
13066,6.923683490484171
13067,8.779396061039847
13068,7.523395283412647
13069,7.403789713813376
13070,4.18713830711365
13071,4.5718858803847064
13072,5.880638321136823
13073,6.485695812183895
13074,3.9526929572228466
13075,3.645566922138744
13076,4.776661877456027
13077,5.77101095584715
13078,6.3112358308863925
13079,4.305529092860321
13080,7.36620691766624
13081,6.30596812424183
13082,4.104201531604382
13083,3.5521567692714
13084,5.195856724789199
13085,4.328804887982294
13086,5.54963235126784
13087,3.0985427949179773
13088,3.448265992435052
13089,8.95371457184569
13090,7.658917044885405
13091,8.035991577659741
13092,7.608530504467069
13093,6.022024569727061
13094,3.2773773017748424
13095,5.072505230093222
13096,5.938387052787811
13097,4.106066361307278
13098,6.550788267658429
13099,8.46532596910545
13100,4.318989021100017
13101,5.689880570501039
13102,1.5676465741936572
13103,7.048626238607334
13104,6.788677795676577
13105,6.794695626780898
13106,6.162455784641325
13107,3.6850147598434733
13108,8.256294150985024
13109,5.56425277182859
13110,4.710084685314966
13111,5.561747337325438
13112,7.363513509635366
13113,5.974388542123922
13114,8.427005986943875
13115,6.588523770137912
13116,7.9631694153238755
13117,2.452033757562018
13118,9.660976349968736
13119,6.612349261274831
13120,2.894292555016794
13121,5.473704027527289
13122,6.708307499822097
13123,5.342779566029967
13124,4.278756174353278
13125,5.2276122881003015
13126,4.255046288348392
13127,2.2074181003054103
13128,7.705948734205916
13129,4.424840121369295
13130,7.471429541566155
13131,2.3366480913625134
13132,6.121404741859427
13133,5.1631415049978004
13134,7.076790386568228
13135,5.130860016523432
13136,2.5538369008340376
13137,7.179034744027668
13138,6.843945820062707
13139,4.975818292533339
13140,8.690829353706018
13141,6.87096730953318
13142,4.654721208541193
13143,8.35627382720249
13144,7.820552448577689
13145,6.105592145021504
13146,7.17852014176771
13147,6.980741665683696
13148,6.483553086751081
13149,7.363349124508799
13150,3.764017825859519
13151,2.7545351178331376
13152,7.062259576756225
13153,3.5468901929916785
13154,4.433280530698165
13155,7.320458035173116
13156,4.746469486715941
13157,4.436661635186939
13158,4.99296775493533
13159,6.973299584001653
13160,5.467365437723534
13161,9.800209525098438
13162,7.963001879832826
13163,4.436280784806828
13164,7.479273932362276
13165,3.6326731656723146
13166,2.6809211877728076
13167,5.9410295052621915
13168,4.16754796028448
13169,5.694964388288909
13170,7.409671239496138
13171,7.073173873713662
13172,6.4353084733054775
13173,9.074803937419098
13174,6.515477176523203
13175,4.589929386834151
13176,5.837446044994675
13177,7.830107253902303
13178,3.3837021992508403
13179,8.593905524378108
13180,4.709902542454034
13181,3.5162907069906355
13182,8.238338048292988
13183,5.381523665828308
13184,6.793616973725662
13185,7.264495246902703
13186,7.646923956869998
13187,7.100854813335817
13188,4.30307772941328
13189,4.620354349362533
13190,5.864420002687764
13191,3.4349871607818985
13192,8.553784169151921
13193,7.742786263968507
13194,8.401728870714196
13195,6.178551935917418
13196,5.091989748250259
13197,6.176408616938071
13198,7.382934570425332
13199,6.067177235613506
13200,8.90560973230393
13201,2.734045953087946
13202,5.472748553090992
13203,7.052624127833095
13204,4.82064811329105
13205,5.878396482056555
13206,4.187789190944822
13207,3.262132769626595
13208,4.358088959414818
13209,2.4199295745233274
13210,3.0214111410627273
13211,2.3227650880263417
13212,6.914380282996757
13213,6.7665389488176775
13214,4.9208474127115895
13215,2.718130400574419
13216,6.403670767327864
13217,6.259999718034221
13218,7.724600358039812
13219,5.588113762998609
13220,6.527926324561607
13221,6.431934221507215
13222,9.384877968515593
13223,4.675513189232979
13224,4.402758159079059
13225,7.6455256012480115
13226,5.940708905056959
13227,5.413182603235048
13228,8.585777782536692
13229,8.900112685394754
13230,6.093411071442766
13231,3.9552317084491135
13232,7.80147646776072
13233,0.540756333576167
13234,5.4111633526535625
13235,6.898176054134563
13236,6.434686613320884
13237,7.038985383285185
13238,5.597420298599216
13239,5.11951276093806
13240,3.740005444840065
13241,7.920873994765721
13242,5.020774501639895
13243,7.1464050880814725
13244,5.944526182190517
13245,4.919283010727832
13246,7.465461108892535
13247,8.068692994803968
13248,4.738311444798036
13249,4.586997019062982
13250,7.7934918632245775
13251,5.578003955189849
13252,7.68091461694918
13253,5.391205756861359
13254,3.5695565419447957
13255,5.321526990165436
13256,6.753159113389877
13257,6.9666147082445855
13258,8.235290773981816
13259,5.152224506240672
13260,8.39472673766314
13261,9.521688567167216
13262,4.617251085858334
13263,6.460187239708759
13264,3.2459754486567065
13265,5.54357473016914
13266,6.229063242385473
13267,3.799940599460129
13268,2.874018190167552
13269,7.206095207668756
13270,7.473488513711539
13271,5.218223322976328
13272,8.290233288028427
13273,7.968306638302276
13274,8.233523625048386
13275,8.13693081832003
13276,6.154979200000863
13277,6.847082807130263
13278,1.297307144579928
13279,3.7158172527644227
13280,5.199731934351654
13281,6.432900115522499
13282,5.709393714195085
13283,5.440199555752081
13284,4.925438544170193
13285,7.027524803849154
13286,6.681285414058319
13287,6.918420451678622
13288,5.2343662396326405
13289,6.808351598353918
13290,8.751501280079646
13291,2.666152034812952
13292,4.694243456576274
13293,3.7350597719002816
13294,7.1250065877722975
13295,7.690638870095046
13296,5.544384836406737
13297,5.985431573910803
13298,8.16772112095976
13299,5.865912089626201
13300,6.145456635394053
13301,6.240927386308032
13302,4.701407703546206
13303,7.139180054093989
13304,6.166696023996452
13305,4.336169397780078
13306,5.985236828209438
13307,7.133008693266613
13308,4.488818650984258
13309,3.1147196798123216
13310,3.1381441270051487
13311,5.427831700435632
13312,0.9779375255335082
13313,5.503486412905177
13314,7.437786963386977
13315,9.179274709980298
13316,4.747250289462559
13317,3.1192669218293245
13318,5.146003027310717
13319,5.745723912686444
13320,4.805532532925485
13321,5.86053089133429
13322,7.6362699477977465
13323,7.706818685592984
13324,6.908275442070698
13325,3.1209636516620893
13326,8.062489534354718
13327,7.349953583132167
13328,6.522847132523068
13329,7.319134770071602
13330,7.0290562390761995
13331,6.403319709812954
13332,1.989661611788491
13333,5.2341277481182455
13334,2.8412634425333936
13335,9.83518467822315
13336,1.8397808315078061
13337,7.007136841921094
13338,8.333089327656618
13339,8.78847186779606
13340,8.131564733910507
13341,9.199345453917644
13342,5.756732751263766
13343,6.198409947275663
13344,2.6617106221178957
13345,3.5323931729740794
13346,3.194566923189645
13347,9.046622679392511
13348,4.217566597713237
13349,2.9021835385135564
13350,3.559093842520178
13351,2.5684462780630195
13352,5.424185998683347
13353,8.235364896218483
13354,8.119488332038763
13355,3.13003687395845
13356,7.384014212092721
13357,3.9375988029042426
13358,7.93259883042129
13359,5.543528428651007
13360,8.544299103126122
13361,6.885592802996346
13362,4.435576680063219
13363,6.438522027136297
13364,4.798207061101612
13365,8.576256121655335
13366,8.353491835503943
13367,4.954121570420442
13368,5.410520136974838
13369,6.730313220613736
13370,4.4023135772919915
13371,3.4151370389789304
13372,3.7600951207790296
13373,7.933391174559321
13374,6.787016521801953
13375,4.2988325333295165
13376,4.995186148734836
13377,6.503169561634127
13378,8.615210339181802
13379,5.15835114813801
13380,2.4065682388437106
13381,9.01079033153539
13382,4.2560719198545405
13383,7.484704883309348
13384,3.5057831751515005
13385,7.764154944648019
13386,3.216707961067616
13387,2.657420745806424
13388,6.335144093578201
13389,6.67199265843836
13390,8.69422479731201
13391,6.86102045760122
13392,8.235591975099357
13393,5.030054698979702
13394,4.718038715514689
13395,8.928119151311646
13396,8.647116221919132
13397,8.118696223646896
13398,4.658740041361125
13399,6.933011828571264
13400,7.655845141449426
13401,6.3875910716062085
13402,3.90511154304105
13403,8.440790536421838
13404,5.542808944547818
13405,10.127826709066152
13406,4.060081627731308
13407,3.3552070021715403
13408,3.2914157142228664
13409,7.430327094559147
13410,9.051577986198959
13411,5.354317961836203
13412,6.297590213670315
13413,8.489265202474016
13414,5.433581822904061
13415,7.084602498128473
13416,8.451205774782066
13417,6.332272171817691
13418,6.52793962170456
13419,7.054472122757083
13420,7.13669167263401
13421,4.918780263080411
13422,4.932134055240181
13423,6.571782135350209
13424,8.661176907612646
13425,6.59099611959218
13426,5.781916517493192
13427,6.763167067633142
13428,5.408612499350103
13429,3.9285762270294557
13430,3.734524119817996
13431,7.6580535923595345
13432,7.587925819849542
13433,5.2967371232041085
13434,5.890994946990135
13435,6.188580530675589
13436,8.774773961963854
13437,1.9688980500006161
13438,3.1300600087957435
13439,9.761853831982611
13440,8.05152550539572
13441,4.504535934051756
13442,6.739887181091708
13443,5.704814093836738
13444,6.26694407739795
13445,6.874406758389767
13446,9.012695469672483
13447,2.1578973925303813
13448,2.7687062225660797
13449,5.542176554639915
13450,7.5093415508460595
13451,5.6578851978458
13452,7.422531417434483
13453,4.82293029728667
13454,8.386776244185198
13455,4.838998266599187
13456,2.571148410575542
13457,8.21713828060962
13458,8.18587712284654
13459,7.2634753923236115
13460,6.163152475668472
13461,4.394357405330104
13462,4.507417691010236
13463,3.2552172533228068
13464,4.38390346638971
13465,1.6521842735375816
13466,7.878658141458657
13467,4.0646379130189665
13468,7.216396832553375
13469,4.8394413902827385
13470,6.300584212399544
13471,5.460384544840401
13472,3.4326594540918594
13473,7.402532888127907
13474,4.790527202230161
13475,7.641420773938143
13476,6.758017584281134
13477,4.035928489070847
13478,3.439986405972767
13479,5.0384472932558655
13480,6.249791734365703
13481,4.9429599222972715
13482,7.298039265033566
13483,7.646916128982743
13484,6.096721601708622
13485,7.056987733901811
13486,5.683597171257135
13487,4.792340537863612
13488,3.4121949385240278
13489,2.0521401622197186
13490,4.2904640960014
13491,6.091138261169995
13492,6.492918086327523
13493,7.6841412956887485
13494,4.137120773967511
13495,4.334193938220909
13496,5.191860424630378
13497,5.6276590202458685
13498,6.396228845533299
13499,7.678272315568637
13500,4.533514702372853
13501,6.691368641129334
13502,5.0608545944335015
13503,6.849756294965462
13504,8.186117435966338
13505,4.542538132593234
13506,9.15062003042244
13507,3.526712221541055
13508,3.3017214845954235
13509,8.181841380629443
13510,8.07957446549303
13511,4.207998285233027
13512,6.855518642128333
13513,2.6809789098645
13514,8.311136933044548
13515,7.714651145432734
13516,4.491024252592475
13517,6.196036356897533
13518,8.677815545333582
13519,8.507604147876982
13520,6.093750324898843
13521,5.345087115906659
13522,4.26058082419488
13523,4.069621819255848
13524,6.4722361213421555
13525,5.9596941233809115
13526,3.1280391721688288
13527,4.300509445567171
13528,9.182025696430312
13529,7.26057523980143
13530,2.484768399261565
13531,6.4271146169674385
13532,6.749600722057217
13533,2.7036037393883072
13534,6.355646650903112
13535,3.0489215175278783
13536,4.825119930895383
13537,4.870688760066923
13538,6.366015175023918
13539,4.107456327522101
13540,4.43314731762498
13541,8.555929674624238
13542,3.571416832243546
13543,5.319037792356454
13544,5.464918765624031
13545,7.833154223303659
13546,7.640493445305739
13547,8.385502020957531
13548,3.829973396436485
13549,3.059329075197248
13550,4.924934739591083
13551,7.58513028038123
13552,6.672948148350468
13553,6.747679236336795
13554,4.659237942386275
13555,6.70337610822068
13556,6.263471462741585
13557,9.603056070578168
13558,6.904877076287474
13559,9.007512715556466
13560,6.068655526619774
13561,4.458475384911667
13562,5.081469091796094
13563,7.069496474758233
13564,6.5950257358933815
13565,6.466257544417799
13566,4.221255683851366
13567,5.792807630335366
13568,5.518112163524737
13569,2.5921984623616137
13570,5.092613545151516
13571,6.560322692292934
13572,7.414116622462424
13573,7.1296281427676265
13574,8.84824384006068
13575,8.065522212746258
13576,6.077255087670243
13577,8.828851380727672
13578,2.526054807681095
13579,4.268371714597669
13580,3.697059438468399
13581,6.246778547743874
13582,4.673358312491615
13583,7.834408207161045
13584,7.192257709036628
13585,8.392741060725978
13586,3.166124035471011
13587,8.164107622969363
13588,1.5535803239043213
13589,8.490574672620266
13590,5.2468346574828075
13591,6.045433578908493
13592,8.760277174952764
13593,6.222561280346209
13594,5.346261335085897
13595,5.342870518532212
13596,8.457067149967404
13597,5.199918528165904
13598,6.630447319796915
13599,1.612992338151501
13600,8.688104941381495
13601,4.749511035937445
13602,9.217816995416225
13603,3.3846522192576027
13604,7.624239519541604
13605,7.962414243824496
13606,5.9317319962927595
13607,4.668111447188746
13608,1.3453825701132993
13609,3.0886594342929365
13610,6.434877378969879
13611,5.262810092134197
13612,9.418157231699356
13613,2.40160474334627
13614,5.026073415478919
13615,4.603529579879843
13616,4.51259531650446
13617,7.380892023029216
13618,7.692810133179556
13619,5.98437303787547
13620,3.3138566083203784
13621,1.5037608266559919
13622,6.188492513778373
13623,5.953054294719618
13624,9.97685629935171
13625,5.154444465018873
13626,6.1071235522767156
13627,9.347743953169733
13628,5.562656386221992
13629,3.867322070059196
13630,3.7599754604061846
13631,8.328172910741582
13632,5.045290319446686
13633,4.6117854197718735
13634,7.039561394046349
13635,3.9788169792957877
13636,6.3414030608379255
13637,7.3615308011654905
13638,4.820903552378703
13639,5.0763429838911875
13640,5.7972683936930345
13641,7.5855218995192795
13642,7.4818722758848155
13643,7.0066571239634445
13644,3.5494594025767485
13645,4.265865957050489
13646,9.270596071512742
13647,3.919838837391911
13648,9.00716177599134
13649,4.916055355723619
13650,5.364453472268385
13651,7.374129913742768
13652,6.7583504816769535
13653,6.855149291249198
13654,5.588550375008347
13655,6.381032416714533
13656,4.442885802728829
13657,4.076260396432985
13658,2.9352470489992015
13659,4.937815677675772
13660,7.576685626688637
13661,7.342442329698086
13662,4.7735871587066985
13663,4.981225248945951
13664,7.081549694816917
13665,7.334364232921863
13666,6.791761945302466
13667,6.927562707850541
13668,7.05577379092103
13669,2.527004202583566
13670,8.402984258508601
13671,6.237435571186247
13672,8.550300701748283
13673,7.110232416948294
13674,5.063709783313481
13675,5.777947566579744
13676,7.212451182476048
13677,9.050531501592804
13678,6.629405421291917
13679,3.659123145285562
13680,5.2209758121935455
13681,5.44634041627336
13682,5.246850711667204
13683,7.453942688202208
13684,5.6624895054593685
13685,6.6232854465215745
13686,5.77859393192235
13687,7.15374573171741
13688,6.958523438381592
13689,7.4639061819087695
13690,7.690061995951499
13691,8.711502919143308
13692,4.40528423513008
13693,7.102811017580816
13694,5.404423469556685
13695,6.042351829723096
13696,7.880529402003859
13697,8.177647570212915
13698,5.243369153080122
13699,6.4782436036556685
13700,5.112960047979101
13701,3.705494968495719
13702,4.828127777717066
13703,5.41151249533937
13704,3.4172020940547747
13705,4.745256689741151
13706,8.496483864015744
13707,5.833460753655916
13708,7.661155901307749
13709,8.410219010137313
13710,5.632574705305037
13711,6.76020495250726
13712,5.3116435976318135
13713,6.557419703785164
13714,4.579767831281208
13715,6.547170763588569
13716,6.0655970098905545
13717,2.161234366117487
13718,4.356276686420698
13719,6.919277279858217
13720,7.908679501249146
13721,9.09037740816638
13722,5.149443420615072
13723,3.482981056044799
13724,6.833321916233153
13725,6.528584539482922
13726,2.040680924382702
13727,6.28381473194455
13728,4.485204620107275
13729,6.582122354324589
13730,7.993557279200612
13731,6.781925670545231
13732,4.453330185278479
13733,8.806661877698337
13734,2.222291250600454
13735,5.187735645035574
13736,8.300444382859386
13737,3.489766198741804
13738,5.462520386103365
13739,4.8456256921295635
13740,9.061887036236456
13741,5.9377704371063444
13742,6.600113673777881
13743,7.514008196430474
13744,5.937903091523272
13745,8.332654254146224
13746,6.5368456274405755
13747,9.007367645189236
13748,6.0823334577419
13749,5.192011248943975
13750,6.059123679642344
13751,7.615022619258198
13752,5.221765518882179
13753,8.296511087103239
13754,5.4791565356768555
13755,6.0331815913027205
13756,5.2790625887933995
13757,6.85876641561635
13758,5.100986764952389
13759,7.155932848610484
13760,8.537797383971691
13761,9.186318432650173
13762,4.81649667063149
13763,6.9738548173643
13764,5.877804801399064
13765,4.0328128244469275
13766,7.810863929885107
13767,4.184848301345627
13768,5.101548658035213
13769,4.199983031864321
13770,6.317264694150306
13771,1.3424270366231308
13772,7.135464118214811
13773,8.497838174229402
13774,8.83349155212015
13775,4.5928769677790715
13776,3.2655353094670025
13777,6.989519403821843
13778,7.801612235583048
13779,7.593418400482269
13780,7.329616852266948
13781,6.301986842522614
13782,7.647469731508207
13783,6.502729745630019
13784,9.149329246049648
13785,3.6071119436231243
13786,7.360035582844652
13787,6.8877939047076895
13788,5.403759890125991
13789,6.392736505452033
13790,5.504084656792212
13791,4.7694032013891245
13792,6.877518549265986
13793,5.736429688409512
13794,5.057052972502322
13795,4.836853814801786
13796,5.133623637578396
13797,4.279741447636191
13798,6.311725750429371
13799,7.330395637530394
13800,4.878729044475166
13801,3.641083449607677
13802,6.333602633610989
13803,2.579024399878851
13804,4.1246974416516595
13805,3.0246232218645828
13806,8.148988592660979
13807,4.052703074426416
13808,5.267619509154031
13809,4.556779889939509
13810,6.818275388408614
13811,5.54512921946337
13812,7.22237002004799
13813,8.089629243690585
13814,8.534781036101728
13815,4.7854969152280455
13816,8.272163120884285
13817,3.6463513919115966
13818,6.33923604518001
13819,4.82509220230206
13820,8.33884945481486
13821,8.883056513860916
13822,7.1085551132904845
13823,6.489879047395663
13824,6.268847910995705
13825,6.852473529563796
13826,5.396441719914678
13827,4.848905960176614
13828,6.003403168892622
13829,8.073322755893937
13830,3.8308073903944453
13831,7.715102412041038
13832,7.5928276999973985
13833,8.291052935228025
13834,6.47212740682526
13835,2.4010208174453305
13836,4.794336010109325
13837,5.645079415747159
13838,8.48597827975085
13839,5.7407760242986114
13840,5.328853943389902
13841,7.922555257411493
13842,8.096165817974876
13843,8.505532939705738
13844,8.842718620847318
13845,9.342080048728986
13846,2.0375468796398963
13847,6.745988291424822
13848,6.491214532543453
13849,4.755616301062339
13850,4.373678853757367
13851,2.343673934994754
13852,4.503761864517495
13853,9.472171192680992
13854,5.104829744291777
13855,7.252512841171388
13856,3.5258486893528356
13857,7.161666041740244
13858,5.523479618869896
13859,7.769929691592247
13860,8.848474387836392
13861,5.459751050581806
13862,4.596964020345155
13863,8.834017272613208
13864,7.0913677526317835
13865,5.623892395770593
13866,6.724436026632088
13867,4.259543998990859
13868,5.3073435363557495
13869,8.023155611523658
13870,8.604785876552018
13871,8.650183176151154
13872,5.975511988499727
13873,9.022823901938427
13874,7.351410868132287
13875,9.044093334826206
13876,6.775737672406678
13877,6.479752244480206
13878,6.420140386729985
13879,5.796879757835629
13880,7.603146705292556
13881,6.457432939138407
13882,5.660019164842207
13883,7.807130661563228
13884,5.724372227258337
13885,3.3909596839642995
13886,6.387442314378087
13887,7.226131225021742
13888,8.307901877742072
13889,8.181117311666945
13890,3.1231461601638943
13891,7.57167094018968
13892,6.415282371885809
13893,9.399208595514985
13894,7.444392298296626
13895,6.8887972662545485
13896,5.645273792556392
13897,6.797031764242858
13898,5.137549252819814
13899,7.088944672161273
13900,7.346275553339136
13901,6.879286665015385
13902,2.49811598136512
13903,7.104611697810421
13904,2.991993934962431
13905,5.518753264669479
13906,5.797143241305019
13907,5.740378970420985
13908,7.442784949560702
13909,7.577335047633571
13910,6.4817184351603245
13911,8.108921727710998
13912,2.7184695713524523
13913,7.438797869990339
13914,0.8515558439370041
13915,5.69683189394752
13916,7.606484053236778
13917,7.730573479143011
13918,7.7320792975671475
13919,7.463253473713114
13920,6.6861856313288035
13921,2.781241686349987
13922,5.506595974750623
13923,8.54919138664088
13924,7.166490700890257
13925,5.674146033030562
13926,7.5993077633608825
13927,8.410356905038062
13928,6.704588495922655
13929,6.445574527599185
13930,6.7164458947321695
13931,6.877625945889564
13932,6.891942965502256
13933,6.290277866397441
13934,7.037024208394022
13935,3.0405206474628192
13936,7.278439163984221
13937,4.447277398093443
13938,2.6134671164041454
13939,7.041876729099746
13940,6.587442540721584
13941,4.5449143976024144
13942,4.046085020528645
13943,5.592890292011213
13944,7.190501892615345
13945,6.423101639842179
13946,6.199030300399841
13947,4.465734902771419
13948,8.239066574524465
13949,1.9516576037717699
13950,7.670918398342387
13951,7.272752577553306
13952,4.796106699819521
13953,4.967418456168143
13954,8.181945246319557
13955,4.004319005180046
13956,2.200449336004445
13957,1.9033639714285853
13958,8.21767833906063
13959,5.909908429057002
13960,5.392149686171786
13961,7.110121966450016
13962,5.36546855487013
13963,8.133119494868943
13964,5.21424332036151
13965,4.511575930624905
13966,5.13802724217593
13967,4.60215815756787
13968,6.204221366606558
13969,5.377634245837724
13970,8.9812413695365
13971,6.3133394335188475
13972,9.070106409938958
13973,5.794935951362955
13974,1.8637379501536648
13975,6.593391363693046
13976,7.5422842776330405
13977,6.464970318643069
13978,7.391900102261844
13979,7.003965330859043
13980,8.46396520366596
13981,6.755785975825798
13982,4.865665422374138
13983,4.840159491679159
13984,3.0891023759451697
13985,7.483953051875296
13986,8.195307020878705
13987,7.500106691641868
13988,5.813377410751319
13989,6.82615381916797
13990,1.93759444061741
13991,5.1756125418093175
13992,7.00374425897076
13993,6.281801266203803
13994,3.1486570939440175
13995,8.06178850199553
13996,6.204551785281389
13997,6.71315638135317
13998,7.331881480008811
13999,4.409491717143955
14000,7.403136644120481
14001,8.879678415953574
14002,5.234479180352294
14003,9.019833380827954
14004,7.539767607688931
14005,6.839824246392926
14006,2.9125623429679752
14007,7.853531048714387
14008,6.666147868971824
14009,3.560303654058836
14010,8.247068247697676
14011,3.5373008633109944
14012,3.49422716661178
14013,6.944630329970313
14014,4.121588730234632
14015,3.193048356712301
14016,5.368753383969489
14017,6.193364427305301
14018,5.805620533181781
14019,8.602589963585475
14020,9.273825783878916
14021,8.098708153692252
14022,7.256890800232945
14023,7.20683771896083
14024,4.61830306173139
14025,1.4890532923689213
14026,6.0179294834495405
14027,8.411007790224938
14028,6.045979770288202
14029,6.18669728771744
14030,4.922404110135746
14031,2.1780022956809155
14032,4.680548845517324
14033,5.166275728249093
14034,8.124533506968497
14035,4.395543322398437
14036,8.515949999343027
14037,7.690160457579522
14038,5.629716754937305
14039,7.605437819401581
14040,8.21821128753296
14041,4.818065263273627
14042,5.169966837670052
14043,6.181656429801
14044,2.8394965338616056
14045,4.219935320812763
14046,5.261556543409763
14047,4.4605476108468185
14048,8.438341519349189
14049,6.47903954043187
14050,4.8589706641348815
14051,7.436538508512544
14052,6.134382492148136
14053,3.2408825733813202
14054,9.180287544975457
14055,7.3341650160952705
14056,6.899623910249709
14057,4.992290590921092
14058,4.8535660805654315
14059,4.351577827960096
14060,1.4402555218387458
14061,4.063114754452462
14062,4.536708765449009
14063,4.451985465518882
14064,2.483351609854631
14065,1.4852175124042244
14066,9.1096286348853
14067,1.8374899701213343
14068,4.586721312806188
14069,6.00456229731333
14070,6.932402949839147
14071,4.94443271511337
14072,4.7476762637719165
14073,8.140182104243328
14074,5.558772962957768
14075,4.856649800625375
14076,7.002784287521127
14077,3.7794461180305454
14078,6.949946606602124
14079,6.093696808422143
14080,4.1415189768368945
14081,7.6986027946429445
14082,6.027098033066383
14083,5.167577454308175
14084,2.5863887593861414
14085,5.7899400775493115
14086,5.413111450917721
14087,8.19039893862883
14088,5.975468670703005
14089,6.444862265074926
14090,2.416290677443214
14091,7.1596567665446695
14092,5.776260425258599
14093,2.83051174068346
14094,4.383688844491401
14095,7.232071893186203
14096,7.567035764750676
14097,6.122668151852884
14098,6.941784460813201
14099,7.601144131659428
14100,7.386080143057069
14101,4.508237503666594
14102,4.431860865704421
14103,7.569713550763584
14104,6.57783882291541
14105,5.1267690009879985
14106,5.416993785885968
14107,5.563993226725204
14108,5.057255544566732
14109,7.485369192381848
14110,4.67951770361004
14111,2.782136269792248
14112,5.734544686300122
14113,5.07121206942593
14114,9.792515229157448
14115,6.076735397997032
14116,6.346331629705937
14117,8.263643923371449
14118,6.846832075124148
14119,6.724261948510218
14120,6.485850289423706
14121,3.680347319449908
14122,3.7572397283390986
14123,4.981183435527526
14124,5.409965608551089
14125,8.186047551911415
14126,7.212602694788589
14127,8.290816671417403
14128,5.303487566466701
14129,2.9232733507132345
14130,3.8916457494179415
14131,5.989661132515726
14132,7.242322093607483
14133,9.974012145332821
14134,6.566387766028289
14135,6.179792082058847
14136,6.488682562757159
14137,6.759164903847288
14138,4.200139658699067
14139,7.639890210072405
14140,8.729705802744995
14141,7.382681097969085
14142,6.16994355746626
14143,6.147378464356849
14144,6.360606889191178
14145,7.931164255392872
14146,4.4458834123519795
14147,4.93557693912862
14148,7.585910862283533
14149,9.652367605922905
14150,3.44473119818852
14151,5.142497266712737
14152,2.9409877027314084
14153,9.572692439883749
14154,6.799139822491263
14155,7.554531186790243
14156,7.905046700323551
14157,5.900783668477706
14158,7.162151189498695
14159,5.298084189303964
14160,3.81843361072621
14161,6.878384446981112
14162,4.79297770410307
14163,4.816578705832832
14164,7.879400740604158
14165,6.413638818611394
14166,7.047406571630136
14167,8.867338004328218
14168,6.979105189589129
14169,9.186656987050698
14170,6.425809792139435
14171,2.3697519986909974
14172,4.199729574899107
14173,6.697316774661773
14174,6.434896225942164
14175,5.13134378956156
14176,7.417555751290009
14177,8.45575907779254
14178,8.369241861110092
14179,6.911604320268408
14180,4.887437707495615
14181,8.588953819154405
14182,5.3907797909222355
14183,7.39115881674872
14184,8.24401436365339
14185,5.7235542774049675
14186,6.628220474938064
14187,5.968325341295583
14188,6.961367786555887
14189,7.02370941609856
14190,6.074805197153112
14191,8.128336817047646
14192,7.587351227193895
14193,7.0112560559920105
14194,7.029920675393231
14195,4.803455081336302
14196,6.800880399198967
14197,5.921288337376223
14198,5.398583122265483
14199,5.2162767926046465
14200,7.6608745816012895
14201,4.0305503940308585
14202,4.174705865389609
14203,6.144347568508362
14204,2.9520311949550586
14205,8.267596888595861
14206,4.732477024913753
14207,4.369142240378995
14208,6.298162641699141
14209,9.058807773992818
14210,9.000373231123486
14211,6.5276432348929765
14212,7.159471627397395
14213,8.429765037403264
14214,7.667183263162909
14215,2.441196793481209
14216,6.856374472330406
14217,9.023282984720495
14218,8.930631842786951
14219,5.218405568825067
14220,8.450194138106049
14221,2.7334026156439024
14222,4.372311570642882
14223,5.04219913672784
14224,5.715479336978646
14225,7.384675504791606
14226,2.0837238193960275
14227,6.230332725921228
14228,6.751193465295355
14229,5.962930616533866
14230,3.5255862001482594
14231,5.048452070224416
14232,7.168667078829954
14233,5.027054956442691
14234,5.598697872600955
14235,4.023249942975541
14236,3.6549419007160133
14237,4.569139014733471
14238,6.913676602622073
14239,8.931449671964721
14240,4.683995088868453
14241,8.333440895895706
14242,5.113122613252244
14243,3.597466110163739
14244,5.4434810220822145
14245,5.529677438824021
14246,7.1840456233044865
14247,5.262064831766758
14248,6.405091307351816
14249,5.475863771559634
14250,8.81991885192618
14251,3.45176838133539
14252,3.4877133276997574
14253,9.394277919201222
14254,6.820138772243428
14255,8.023954235682485
14256,5.28043653318367
14257,4.6577396781190945
14258,7.929787831910474
14259,6.358428743743146
14260,1.7419544714559931
14261,6.823461292248202
14262,5.125699829035234
14263,1.9695726595446885
14264,9.239567806436645
14265,5.21349786083184
14266,5.734092159817908
14267,5.507571068584352
14268,4.546368343677354
14269,7.368850025354194
14270,2.726783210219341
14271,1.8406380976798016
14272,7.369421870316693
14273,7.328515153543265
14274,6.606007829173141
14275,1.9898670917748777
14276,7.4806971456454505
14277,8.539284044512105
14278,7.741152914329708
14279,7.31283230151192
14280,5.850042665174865
14281,5.059485719299659
14282,2.0103117077930777
14283,4.989392948539303
14284,6.450919331141638
14285,3.668600124933752
14286,4.7575232593363435
14287,8.686157578222701
14288,5.345380082582596
14289,8.292601281194875
14290,6.672105223106033
14291,6.034709003029903
14292,5.971058929167403
14293,8.028508245472537
14294,6.49692636996615
14295,6.387512656369161
14296,5.9939889136449835
14297,5.063436511812059
14298,4.628349347892247
14299,6.325192351607681
14300,8.224017804418784
14301,5.355621605016533
14302,6.481887860683544
14303,6.666257149273372
14304,2.207606871361095
14305,7.017763934861038
14306,3.2860107780363923
14307,8.439638092933656
14308,3.5865948037623467
14309,6.134742322239551
14310,3.4519025529359455
14311,7.623451052008758
14312,4.419687075783228
14313,7.666068776258852
14314,3.4729674487344733
14315,4.60481492205382
14316,2.9114352864555646
14317,7.237291929530568
14318,6.506632927158423
14319,5.608265105459077
14320,6.59691085529591
14321,6.72961048192496
14322,6.190759815852814
14323,4.61231522646819
14324,3.8204918336806064
14325,5.466049569184545
14326,9.294207031254661
14327,5.2581336271652885
14328,5.497948699354969
14329,4.607826023882969
14330,6.671478975247363
14331,7.969371404372491
14332,8.702398568521415
14333,9.16885624839838
14334,9.658138746934688
14335,6.2435140495826635
14336,5.495062245244903
14337,4.321572087596228
14338,6.320250291680554
14339,7.433009243558357
14340,8.811400393632908
14341,7.02585115769693
14342,9.328871318455032
14343,7.1512577690323065
14344,6.022360582413506
14345,9.621253567220123
14346,5.636518438644779
14347,5.312125808494139
14348,6.619433373964766
14349,4.305039459810951
14350,6.946787772754752
14351,4.355440877379546
14352,7.988567740490206
14353,4.56209132037626
14354,8.213392793018372
14355,6.365902474891305
14356,7.468480396785704
14357,8.090985858348319
14358,2.7753092416709104
14359,7.054961821040919
14360,7.967684716140397
14361,8.395931328501801
14362,6.383604043904022
14363,4.996222449105957
14364,8.4724933866044
14365,2.7777050016493203
14366,5.703972449565128
14367,6.721442479589038
14368,5.140006089727334
14369,4.934047021114682
14370,7.638012649610837
14371,4.232823257155684
14372,7.663802167501218
14373,7.696673158639879
14374,6.8335186562792805
14375,5.876775384492279
14376,2.4558628585270057
14377,5.999393582630432
14378,7.512724672186855
14379,3.733069935557702
14380,6.599469961280345
14381,8.600496566792433
14382,9.370392736533702
14383,7.208311723550214
14384,7.18956726716167
14385,9.427060395111207
14386,8.780274016350747
14387,7.170305206042243
14388,6.933743038879959
14389,3.7242473206622253
14390,6.002612972382292
14391,7.394808399007269
14392,7.522163649070367
14393,2.216034593909047
14394,7.845119867473195
14395,8.488722015646688
14396,5.325269792167417
14397,7.1978289780298494
14398,5.162864047587772
14399,5.34960286874383
14400,0.860939608307039
14401,5.351311602642235
14402,5.994860373831124
14403,8.035114644284826
14404,5.756106699962133
14405,9.090551745730918
14406,6.412561779781323
14407,8.152139517380192
14408,7.8276396096364715
14409,6.744704351773803
14410,7.925591746751492
14411,7.845553845197602
14412,6.129687100770965
14413,2.971760437847245
14414,7.330029335400323
14415,6.630302782444291
14416,5.615905290052567
14417,5.817255562242026
14418,3.159882819195375
14419,6.1163083721224725
14420,5.054588743106244
14421,8.350234419830686
14422,1.3142436105650623
14423,4.466896321039941
14424,3.2097556070766347
14425,6.919033760897733
14426,8.119593268562777
14427,5.545963430385072
14428,6.637967753977422
14429,5.820218893466228
14430,7.540378399662885
14431,3.774002281409668
14432,3.2739526651483075
14433,6.791138933372107
14434,5.1579086188120415
14435,8.787369322551834
14436,8.193288906419367
14437,7.400952697800451
14438,6.846644506320072
14439,4.761050679564335
14440,6.328242572142252
14441,3.767568552685688
14442,3.287512921549579
14443,8.026349197797373
14444,5.646861439988412
14445,3.619066648039362
14446,1.664046574146677
14447,7.943254546660075
14448,8.109653802761466
14449,3.3865396307089255
14450,2.6694515062102706
14451,6.6230534358530875
14452,3.059533419986891
14453,5.241521652989805
14454,8.6859456083978
14455,4.074546275049534
14456,7.732969747696038
14457,7.086823983139511
14458,7.186645615595746
14459,3.634239989752473
14460,3.957028136837181
14461,8.87455118156549
14462,3.9951717254134334
14463,9.647963382519537
14464,5.384235885026681
14465,6.895720873424525
14466,1.9697390528195933
14467,4.152425059097404
14468,5.410617273445504
14469,6.572456080935129
14470,8.73497830212697
14471,4.94544760014945
14472,8.493599022099382
14473,4.760847356398816
14474,5.251013649256589
14475,9.017681453627388
14476,3.8591591105561873
14477,4.614540689189778
14478,5.881924645564985
14479,7.955518202413279
14480,4.6326468601389434
14481,4.3931010613722705
14482,1.0924796817127456
14483,3.5615421478777667
14484,4.8263784236770775
14485,8.975200161490795
14486,4.89691659715963
14487,9.284087395174401
14488,7.518133787693761
14489,3.808007649806174
14490,3.0499983420776444
14491,5.368708223678795
14492,5.943013991982123
14493,6.360719025503434
14494,3.1353726382109675
14495,1.9211388983562387
14496,1.9585748900469844
14497,3.84670562436843
14498,3.7677741672165896
14499,9.397725329589145
14500,8.315006542372538
14501,6.539482042674395
14502,5.843483466120495
14503,1.6244770031430382
14504,4.366791444402824
14505,7.269843754078235
14506,5.299653593397004
14507,7.595733267264659
14508,6.748061490786444
14509,8.11790921566121
14510,4.548895978229864
14511,4.806703575234575
14512,5.81385521404925
14513,9.195494209869675
14514,6.083614340129929
14515,4.2123877136877645
14516,6.995972047477387
14517,4.386693529858887
14518,3.399645965145453
14519,5.494396492878085
14520,6.06700756856018
14521,7.9700856593971725
14522,7.18901782643596
14523,2.2639683701821234
14524,2.390410512480314
14525,3.4045172633870497
14526,4.273425030732583
14527,6.5146377387904675
14528,3.8593679470602895
14529,5.466103635931276
14530,6.970040106437451
14531,9.187203853476559
14532,6.1757534140692645
14533,8.312473608154214
14534,8.806131746065223
14535,3.6301963588067845
14536,5.27217378893415
14537,8.441463274708175
14538,8.210149532490178
14539,6.797567505512867
14540,4.164083293286265
14541,7.9526091201234035
14542,7.718441821184469
14543,7.426356864651327
14544,8.32632481633576
14545,6.253706728221948
14546,4.04139496832775
14547,4.432754043452551
14548,4.882166597405625
14549,7.014052224911274
14550,5.335674130922531
14551,6.184058475094168
14552,2.258386234783956
14553,7.2306619938093375
14554,7.91248827828241
14555,7.46505432435928
14556,7.056559672722097
14557,3.9600471399331383
14558,6.404418475003641
14559,6.0627692900467425
14560,8.291068725955103
14561,6.856866502066068
14562,2.024409238163217
14563,8.715801694472319
14564,6.0816074938532285
14565,5.3343619504333395
14566,6.722417758181015
14567,3.235921152342442
14568,3.1739339530511312
14569,6.283210470364287
14570,7.507552636617293
14571,4.225708053619003
14572,5.9550386939353865
14573,8.44485260393522
14574,9.049542918445814
14575,5.470881878651884
14576,1.8382889235445221
14577,4.295959160607606
14578,5.888353022230104
14579,4.583878142674561
14580,7.336828828495907
14581,0.9360526271726719
14582,3.1849094853405995
14583,4.8552272672046035
14584,4.584338486912376
14585,7.102942680457591
14586,5.310512557753058
14587,7.349875082074618
14588,3.5492904333189874
14589,5.823789001784355
14590,8.788929470122506
14591,4.169138138333927
14592,5.051723637544689
14593,3.636552646092052
14594,8.718733362207741
14595,2.297160727339986
14596,3.0532801877885607
14597,7.998593091821562
14598,3.166931596133516
14599,8.515979474790097
14600,4.402288276304653
14601,5.810502287983013
14602,7.132460178258354
14603,7.021324301699111
14604,5.970745758479847
14605,6.4520663356174675
14606,8.430087990572444
14607,8.153257335588666
14608,5.565336674656894
14609,7.5286492944986865
14610,4.294441107951681
14611,8.227561355957414
14612,7.661993224709531
14613,6.376595817908533
14614,4.29128912247009
14615,7.490958109092371
14616,3.795017134723923
14617,6.268288238490273
14618,6.558063070279168
14619,4.823875953495795
14620,4.655980623680227
14621,5.2751269184519325
14622,7.340153712039857
14623,9.208536210207015
14624,6.190035497052999
14625,8.53807441487508
14626,2.0672441854088786
14627,7.662517001675339
14628,7.4293247457618286
14629,6.816624350788312
14630,5.581815851997285
14631,7.849600235546385
14632,3.2824365887152784
14633,4.505018672673664
14634,4.868312306550204
14635,5.717599030561451
14636,5.285020993371013
14637,3.19942429741521
14638,5.963006402876785
14639,7.101358408184705
14640,5.095879068354568
14641,5.5089684158523475
14642,4.631907753464771
14643,5.542204165250533
14644,7.678678499350138
14645,0.9701938832632742
14646,5.412281629387024
14647,3.8229856215561906
14648,7.74023663847698
14649,1.8316009617848703
14650,7.635066950513261
14651,6.356235451017674
14652,5.966283519746676
14653,2.7392225057864885
14654,4.4237643439528265
14655,4.7836114133250325
14656,6.430862567340673
14657,5.9763485615901715
14658,5.287376115077937
14659,8.471721279372476
14660,9.282874056713853
14661,4.411515935450393
14662,3.432262439523201
14663,6.728252510957457
14664,8.881094676132376
14665,7.594553085070736
14666,8.000249043053314
14667,2.713201544148936
14668,8.455698976753837
14669,7.661000302247603
14670,4.401642815815318
14671,8.221385272006607
14672,9.158774029483228
14673,7.010988677559117
14674,6.00269856764448
14675,7.0653135403748575
14676,4.295106966121864
14677,7.467222131887969
14678,1.5811458768260513
14679,7.03853970273241
14680,6.572826004123073
14681,6.001084136961496
14682,4.832329078032325
14683,5.000032289925994
14684,3.4692547097017394
14685,5.743385296451292
14686,5.307049719381533
14687,8.374927637263315
14688,9.709078133154089
14689,4.846020793092274
14690,4.641318517475675
14691,4.270599916058697
14692,6.164083681392971
14693,5.026905347718923
14694,4.53715267397483
14695,8.16527983057002
14696,4.2391219504713575
14697,3.1336255074063346
14698,8.657967818615207
14699,3.6751363370240946
14700,4.967102754996599
14701,5.675712828153243
14702,6.800554796428031
14703,3.539290648920036
14704,5.200296273746642
14705,2.741069057483119
14706,3.1766087204243276
14707,2.2400787266161406
14708,5.796197466099039
14709,3.6992220385650127
14710,4.778416996133046
14711,7.928689386042587
14712,5.231997901515232
14713,5.680477587236211
14714,6.459346869853347
14715,4.912990320059626
14716,7.007524935767743
14717,4.533949770119085
14718,3.5312427770533574
14719,5.987654902563278
14720,7.11846674581314
14721,6.241718870838029
14722,7.732282335770163
14723,4.440271540888209
14724,9.07939973424131
14725,6.190109077498055
14726,7.760453445844744
14727,8.468863207011143
14728,6.762027902103988
14729,2.7910007987572274
14730,4.592252123097314
14731,5.526547393880282
14732,3.132183513675915
14733,5.18361116085521
14734,3.57174817652018
14735,1.9713131165376025
14736,7.385458867474283
14737,8.023589673685764
14738,4.003252787556172
14739,6.467443917937489
14740,3.175639344040202
14741,6.667473009418774
14742,8.34429927698417
14743,0.6108993744589086
14744,5.853832938188135
14745,7.2618699885950235
14746,5.250653838399561
14747,8.961660385394714
14748,7.008683440312836
14749,5.622163058922729
14750,8.708711081547623
14751,4.309125766697868
14752,8.571799236094103
14753,4.816558868316373
14754,6.928102796354813
14755,5.101910768789497
14756,4.9342949989068305
14757,5.594133561704117
14758,8.09740595619829
14759,4.280231814414489
14760,7.1717402829415535
14761,7.262088864536702
14762,3.166933843923506
14763,7.84604798102093
14764,7.673638654982158
14765,2.7621426535289317
14766,1.6503187656441245
14767,5.216846713368707
14768,5.338144604056285
14769,3.8978301925899426
14770,7.314355844649306
14771,3.2020152963881507
14772,5.175629223815383
14773,5.777263765751333
14774,4.717628882626898
14775,6.033048594722681
14776,8.831229021914428
14777,5.967501609533328
14778,4.36809000496593
14779,7.744145390558444
14780,4.614813992253206
14781,6.796383384932459
14782,7.488447977878748
14783,6.703699917116857
14784,6.259495553684821
14785,7.674908226764806
14786,7.697004702553415
14787,6.326474346290433
14788,4.293357306972625
14789,6.329157980857363
14790,7.211021032164749
14791,7.511309952170375
14792,6.3189410163200765
14793,1.9739314516741189
14794,2.573623165343995
14795,8.574287167896754
14796,8.204531589321142
14797,7.565147774873717
14798,5.356832218353921
14799,4.637244377107815
14800,8.259762451969538
14801,3.1647393699674953
14802,2.1011980057465487
14803,8.779521255223587
14804,5.208056169197342
14805,8.32031236798624
14806,7.057563445099172
14807,3.9953267098567937
14808,8.531978727423736
14809,5.954030015674992
14810,7.05630952354493
14811,7.36577247614596
14812,8.030376936934887
14813,2.1912468010375994
14814,4.805912791105489
14815,6.51102724482111
14816,5.142537345981685
14817,3.027954009271357
14818,4.226445870498048
14819,5.076397139580896
14820,7.755734353857853
14821,4.607599480316089
14822,8.111046796798954
14823,5.348278776895461
14824,4.955105827847886
14825,4.948198521792124
14826,4.491655910037522
14827,5.840670748274054
14828,5.290356110776708
14829,7.588511437029462
14830,4.848275479594026
14831,7.896284620917345
14832,5.371073499417332
14833,7.945069144143439
14834,4.101375361852986
14835,7.51520442615724
14836,5.843737864453704
14837,5.933770081099087
14838,5.235033942197818
14839,4.384828197859625
14840,4.828880216173243
14841,4.280673740611745
14842,7.889221901213881
14843,6.323798269532345
14844,2.311860352305415
14845,7.024620402884151
14846,8.657094824847915
14847,5.51799858979734
14848,5.630055233518383
14849,5.647291736985728
14850,6.263068043074514
14851,8.868049912043507
14852,2.3216812740186272
14853,7.086755338061996
14854,7.986021428299269
14855,2.9652470212704904
14856,5.3884138776765695
14857,4.098003857472906
14858,4.522450595143368
14859,3.6230424790083635
14860,2.7063462121266157
14861,6.787536826723232
14862,1.5598625408030502
14863,7.58241748680469
14864,6.519827480605315
14865,7.000740090387132
14866,6.881202916537322
14867,4.400691772651299
14868,6.004534222486044
14869,3.3256630610716
14870,3.656233973381873
14871,6.509944369132777
14872,5.545566742181629
14873,6.835503820987611
14874,6.804677427578938
14875,2.7077456588798867
14876,3.6022457641639503
14877,5.921512121445759
14878,7.04026528483048
14879,8.875425891591188
14880,2.244821770574337
14881,6.619286284465373
14882,5.069946146085764
14883,7.194286197613902
14884,4.023639558232406
14885,4.7721127441507765
14886,6.410336562158102
14887,4.89947977353014
14888,7.560765236044933
14889,8.18744414636026
14890,2.9513901251688757
14891,7.323356916883043
14892,4.8375696785814055
14893,5.141953866331611
14894,4.912031232648686
14895,7.9704156160629145
14896,3.3878418836297692
14897,5.690132193683271
14898,4.768787442551089
14899,4.530202629393782
14900,4.278231029608381
14901,9.473189108338536
14902,6.9663774022453
14903,6.650310320236425
14904,6.873269405427196
14905,5.09654538458096
14906,8.457744825471785
14907,4.8651183106924005
14908,6.1353194291112105
14909,6.729592962964987
14910,5.293385593546078
14911,7.359788522264916
14912,4.907516661853398
14913,8.666503733663589
14914,5.859719086953607
14915,7.471604331049937
14916,5.723554659094521
14917,6.7669542593559955
14918,2.1695886328913865
14919,4.854875212829266
14920,4.638257588244703
14921,1.883432480174669
14922,6.393504918320205
14923,6.187179076315588
14924,6.114451449608683
14925,6.831191188780643
14926,3.105775047486015
14927,4.215162117494507
14928,6.544453580025921
14929,7.440029999159234
14930,4.524745990745307
14931,7.643934450967204
14932,5.5498117173965085
14933,9.38038750458658
14934,8.617047936028303
14935,4.551130955008601
14936,7.900113623346902
14937,5.899323645704033
14938,4.940918988212593
14939,8.401275684277683
14940,8.382946819248223
14941,7.298310819891372
14942,7.849462597705586
14943,8.387281261861913
14944,2.5377090880780484
14945,9.386921805373216
14946,8.339752288608052
14947,5.427056364909375
14948,5.455097033885045
14949,4.851337325432908
14950,9.382564272228569
14951,6.639146990618794
14952,7.391634946461847
14953,6.324589955622308
14954,4.464315799917686
14955,4.446272641967406
14956,7.118699049511065
14957,7.819698723463535
14958,7.529839952224161
14959,6.054677704236218
14960,3.2361639555403054
14961,5.9436068650104605
14962,5.226758268530162
14963,6.983963755068123
14964,6.369470167141221
14965,3.0384708808980347
14966,5.59764206945162
14967,5.876308786293119
14968,3.6224469036592097
14969,8.336007581334679
14970,5.862293088286204
14971,9.461796494017682
14972,7.361064568275012
14973,4.724376124014
14974,6.057694876780974
14975,9.514965648423
14976,5.453637000183186
14977,6.196769058183481
14978,5.5405019746014155
14979,7.817595743131511
14980,4.006279682167832
14981,3.8788804250972273
14982,6.835943561270732
14983,7.017305849878974
14984,7.105712918951645
14985,5.547957954832642
14986,4.475672636635236
14987,6.8005889788149645
14988,2.5131282081898996
14989,9.248769401615135
14990,4.031197758605479
14991,8.710842042168213
14992,4.430639553117217
14993,5.097788442874481
14994,3.7772836738995155
14995,7.6217830323791915
14996,9.11168249338404
14997,6.662157731039234
14998,7.631016092191986
14999,6.019712138013516
15000,5.480649457212023
15001,4.8652501303784925
15002,6.884687765156976
15003,4.585107367052552
15004,9.00552882071403
15005,8.122854647764344
15006,7.027679340372193
15007,3.184174886579514
15008,5.923583687973783
15009,5.47726809437801
15010,0.5112706506464461
15011,7.106268863484932
15012,6.180470189853538
15013,5.312710295479822
15014,8.37292782632237
15015,8.170337976043268
15016,6.621200982049057
15017,2.485982051147017
15018,6.911439186833474
15019,3.4364733519329884
15020,3.5496413379372203
15021,8.67510211370104
15022,7.304054684855395
15023,4.3158115067919285
15024,7.620068345274594
15025,6.643054261849122
15026,6.105181773725954
15027,7.917714734554557
15028,7.848858003263785
15029,5.523706639058018
15030,8.926886904773289
15031,7.145932725122907
15032,7.336068057536014
15033,4.635711272444273
15034,5.605834033094899
15035,5.030985425841315
15036,5.773693236929701
15037,4.425742328686049
15038,8.959057624297913
15039,5.239150661261667
15040,7.210743075492234
15041,5.769880028011729
15042,7.370938686696871
15043,8.600377992477025
15044,4.649247267921534
15045,6.967798408435634
15046,5.498440968094521
15047,5.630540892083046
15048,3.089159283535381
15049,1.0226043135843725
15050,8.731568714970026
15051,4.759230927841735
15052,6.180414589623711
15053,5.306754042928474
15054,9.228455218920635
15055,8.796452682481204
15056,5.939869952715757
15057,5.370482151491486
15058,6.761920294526026
15059,5.7375437975402335
15060,7.934958218081029
15061,4.035309311133771
15062,6.380679684920831
15063,8.25384928205916
15064,5.727336269211728
15065,7.744235726646979
15066,5.9953894843562
15067,8.389961710646082
15068,6.469340498434368
15069,6.301952640251049
15070,7.545664792585558
15071,6.097779874373679
15072,7.01710806757036
15073,6.8681232522120625
15074,4.536907838195463
15075,6.061437437825752
15076,7.802213840249301
15077,7.258579079884744
15078,6.946007798501
15079,7.723242187235156
15080,5.96875816710821
15081,6.710123632130741
15082,7.394798367764711
15083,6.306774686204459
15084,2.4625748023915075
15085,4.483748434366166
15086,5.1520192668282725
15087,5.140112016227428
15088,8.044028495484742
15089,6.478071891210499
15090,7.35459183482571
15091,3.1975483273892764
15092,6.682554927487011
15093,2.9920128137560376
15094,3.868944651479429
15095,5.553959482740614
15096,7.57438823229445
15097,6.139970105395962
15098,7.234595361223687
15099,6.0211922173596815
15100,6.3854584690744325
15101,7.022370895387224
15102,8.159399559760146
15103,5.933121108709745
15104,5.195186691884236
15105,2.2740648579617697
15106,3.8124933385796953
15107,6.670191873011522
15108,7.523785993319911
15109,4.725270112281441
15110,4.5485492619736565
15111,6.4545402862440575
15112,3.2575446385528517
15113,5.361717150386845
15114,6.077345074560927
15115,3.5461565651088076
15116,4.697159083761069
15117,6.3090953025608485
15118,4.451144558614218
15119,8.886611721625668
15120,7.709089390598985
15121,5.592289198637208
15122,9.025914656297124
15123,4.412244487263581
15124,6.3433645300482775
15125,9.509232625306753
15126,8.562534471805481
15127,6.844906347988317
15128,7.042188399050928
15129,8.001687096139927
15130,7.596375494595007
15131,9.685022605923084
15132,4.733216385573519
15133,4.365995165522508
15134,7.921475846324861
15135,6.607640527689271
15136,5.766916476052231
15137,7.043380766900892
15138,6.24406707726346
15139,4.828825367021757
15140,1.3920644002227167
15141,8.667738540958222
15142,6.199824295802532
15143,5.193193108370848
15144,7.1749271203506675
15145,3.676074556520765
15146,3.6517419541997755
15147,7.375527018482953
15148,7.962315657027083
15149,4.150725223710321
15150,4.071847748224139
15151,6.368331202347287
15152,6.809808688342826
15153,4.035083346666705
15154,6.046058596181153
15155,7.8570827887261885
15156,5.107419966877258
15157,5.154540184024528
15158,6.35369013971109
15159,6.14501883879762
15160,4.051903425306768
15161,3.022432465193369
15162,8.23187260157962
15163,2.215003647287284
15164,3.3269285829166892
15165,5.252621948855877
15166,4.249588826003527
15167,4.62455536324609
15168,8.243664629981268
15169,4.895178349061802
15170,3.789254439648591
15171,5.66431527184807
15172,8.946065098387116
15173,5.747254264786418
15174,8.36766021212078
15175,6.86818946254432
15176,4.81124020504849
15177,4.772607970626036
15178,8.531815559139575
15179,3.717439005270532
15180,8.478957397520277
15181,6.094784707321872
15182,4.764456463257387
15183,9.118040077486286
15184,2.943261372732964
15185,7.131754927164825
15186,4.417624717717283
15187,5.563511624394161
15188,5.396468257248665
15189,6.076999067145431
15190,7.977864943959671
15191,8.996887291056932
15192,3.2145962581554666
15193,5.19874954963652
15194,5.107619657539286
15195,7.231442359794398
15196,2.48640631628559
15197,7.058068998024096
15198,5.40445958544677
15199,6.839363550821659
15200,9.420525319851352
15201,6.25737644818175
15202,2.0688521868920957
15203,3.947536069580646
15204,4.834196968904312
15205,5.927958829091683
15206,4.862625210207095
15207,7.284405770209134
15208,2.602982927831193
15209,6.521696645220279
15210,3.708239764050619
15211,4.620193787315968
15212,6.998439744450972
15213,6.964319545895082
15214,8.479252096602577
15215,7.978944232337925
15216,4.239167611320086
15217,3.769807832824165
15218,4.741593155487663
15219,3.7411664335760833
15220,5.581582832990557
15221,8.783412151410904
15222,7.224996942929883
15223,5.012589357334471
15224,6.178060156402484
15225,3.6493881532493577
15226,3.8961298840036305
15227,7.213762745845582
15228,5.13168539077345
15229,8.972060812481049
15230,2.9182360625274053
15231,8.948275739005766
15232,3.611150423514744
15233,2.036523265952452
15234,5.49519087942164
15235,7.028602131437033
15236,6.913738384442493
15237,7.19692981044472
15238,3.7232273894279837
15239,6.987583045816053
15240,8.399037650611696
15241,2.9188490046074924
15242,4.026544968322132
15243,3.2121469109050045
15244,4.9116743421142806
15245,7.376600521616739
15246,8.198264537931307
15247,5.269332814273195
15248,5.240787451807457
15249,5.722555887252927
15250,8.742736967315631
15251,8.765316359816136
15252,6.375355733347532
15253,8.919434242160957
15254,6.26104245336206
15255,3.6192222520466313
15256,2.844890314273712
15257,3.050563460074187
15258,5.213433660431759
15259,6.579653057389169
15260,6.563562779257256
15261,5.814362787722496
15262,6.228258195884296
15263,6.217863802390317
15264,6.85998763600748
15265,2.876144576983936
15266,5.618357983194629
15267,2.907738087246075
15268,6.098845771102716
15269,7.118490554656705
15270,7.052546344228558
15271,2.85031395512987
15272,7.823256498015901
15273,5.852628252317417
15274,2.0489630078345598
15275,9.18815213992334
15276,4.015802521954947
15277,7.003547372371822
15278,6.229130857955841
15279,3.813925717096978
15280,6.8179498470158935
15281,8.089543132253148
15282,7.987718397220831
15283,5.416544438237197
15284,7.3109392453053275
15285,6.826268037377625
15286,4.650598516820162
15287,5.155332098496782
15288,7.854193656471962
15289,6.243901779726716
15290,5.250851394996909
15291,3.8484211993044473
15292,3.7845907790901863
15293,2.0242045343458943
15294,7.187789233607503
15295,6.875018887958738
15296,4.789782904880587
15297,8.223782810094708
15298,2.11277859211352
15299,6.628789754173422
15300,6.332055230993725
15301,9.543195283342067
15302,5.836994067317835
15303,7.499310753469505
15304,6.661655979623507
15305,7.771852903828385
15306,7.121011821965262
15307,9.444495217512484
15308,5.918356818285838
15309,3.240930031998267
15310,6.876871767526837
15311,4.852960474111882
15312,7.124617458818293
15313,7.965931318303043
15314,6.71919809111152
15315,5.020439919717525
15316,7.161310529139815
15317,4.8987233074360494
15318,3.7822542415752793
15319,5.143140509728931
15320,6.230312131075458
15321,7.457036248164659
15322,5.0000103640670615
15323,7.222758738943675
15324,8.923060025506318
15325,1.5812004788630976
15326,7.756651969312646
15327,6.58850496403943
15328,6.180038427587118
15329,8.430927311260168
15330,4.319416958269003
15331,9.03099186519268
15332,4.912656962611391
15333,5.169164898283182
15334,4.619713455680992
15335,6.502169477828589
15336,6.876772373790583
15337,6.283578838479579
15338,5.630500098158096
15339,5.91348365830351
15340,3.4202209019660463
15341,5.649264735337014
15342,4.953332625466934
15343,4.177318472599055
15344,5.417873224305203
15345,5.400313121060125
15346,6.6066360206978425
15347,4.991170299387541
15348,5.393803727061503
15349,6.80050056166162
15350,7.070583578710676
15351,6.870836703477229
15352,3.5634338503667253
15353,5.187721464993472
15354,2.6022461077907204
15355,8.462986563440413
15356,5.489317388900781
15357,5.852011589041236
15358,8.1209153748101
15359,7.353816382815861
15360,6.671146284708098
15361,5.870791960936953
15362,4.6258147858048835
15363,1.0626074682506073
15364,5.761470538836903
15365,6.16740577625215
15366,4.577689810906451
15367,8.18250359632002
15368,5.059247061002387
15369,4.96389338665847
15370,2.171531355492272
15371,4.178765212739966
15372,4.215430419545487
15373,3.481288680163536
15374,1.8194147323604692
15375,8.232793297861347
15376,8.005403442488175
15377,5.8672229431927105
15378,4.772374415101628
15379,5.327834542423753
15380,7.55598985602288
15381,7.176563973695853
15382,7.512108428075409
15383,4.176376279890344
15384,3.476833981988568
15385,5.573833876651479
15386,8.755789213725057
15387,0.7720898533667858
15388,6.670636290142446
15389,9.19112836003576
15390,4.572438117062145
15391,6.439198605114665
15392,2.646167031124341
15393,4.705599484262542
15394,5.260665195667007
15395,6.687817520318251
15396,5.37641039528082
15397,6.817484198332394
15398,2.84478389332662
15399,3.3085410916113718
15400,6.139063037101869
15401,3.132204299354788
15402,6.569011718307753
15403,7.249181853740337
15404,7.681695325727553
15405,9.352134216414836
15406,6.338318695427115
15407,6.405332311682407
15408,3.7678656714883556
15409,5.049134693489537
15410,5.618056180697533
15411,7.532153816830173
15412,6.062814054796611
15413,7.7505295806455
15414,3.5795575073042682
15415,3.842338308112722
15416,5.450779917605871
15417,8.862122876368437
15418,5.80255333869786
15419,6.389803821482425
15420,5.1923219177480515
15421,9.626878351371543
15422,2.3249642533730173
15423,4.033721868943009
15424,8.236316500286582
15425,1.3342207782649067
15426,7.184057377911589
15427,7.9091823938533095
15428,7.727563557978932
15429,7.463784987250779
15430,6.1834787965644535
15431,3.612197711779826
15432,6.767275717877667
15433,5.360697108544309
15434,5.966234706314985
15435,3.5905141135613077
15436,5.578875395945732
15437,4.535443926823204
15438,7.5829198911682045
15439,7.585226341715788
15440,4.787535562001457
15441,7.88220318515059
15442,7.1718630833701456
15443,7.325189051577774
15444,7.169699482340303
15445,5.829217188490522
15446,3.685427134286898
15447,5.434443977817542
15448,3.5689702528922966
15449,7.931652570069453
15450,4.161771633758025
15451,1.2672952579221295
15452,5.655630309122829
15453,5.991238888062168
15454,4.210947389479424
15455,7.793695837407574
15456,5.9990907529279625
15457,9.164420132538856
15458,4.602185605038338
15459,6.587547492675278
15460,4.555978573881213
15461,8.992680144102287
15462,1.213957401747485
15463,7.652534929937721
15464,6.130708029497873
15465,8.417773077009112
15466,5.941728047506161
15467,9.245858641715506
15468,5.640691387736265
15469,5.546919930526393
15470,4.311278901137848
15471,3.668054930463018
15472,8.638193404612787
15473,6.902247358946335
15474,8.183123209112026
15475,4.077000771006274
15476,6.137749317728159
15477,3.6390269337373926
15478,6.91045711261285
15479,5.043786242313615
15480,8.067947848432896
15481,7.798942594633592
15482,6.3801579602455565
15483,1.7453054879463523
15484,9.63398993648311
15485,5.888534469662658
15486,6.642092638399982
15487,5.132558990167761
15488,9.281915098756837
15489,8.382167840216075
15490,2.569705052181699
15491,4.877541476856254
15492,4.369353042648178
15493,4.620504686514902
15494,4.189757245004355
15495,4.849150278361783
15496,8.445612566721023
15497,4.241450422597372
15498,3.763663469931025
15499,6.759116599606412
15500,7.424414514223295
15501,4.9997174860175795
15502,8.072859442028644
15503,6.9514039457454215
15504,6.892287810838474
15505,5.155290315901497
15506,8.109414441292085
15507,3.7295196232301384
15508,7.555921420457007
15509,4.346215093471889
15510,6.26544504698079
15511,5.203557057270725
15512,3.1957006395224328
15513,4.697323120989559
15514,6.598416811506882
15515,8.563270485339476
15516,4.171427630089292
15517,5.115040393645085
15518,7.148712189280758
15519,8.400122577918877
15520,2.7251994532971024
15521,3.8162039363131792
15522,4.362629798781439
15523,2.6470244420784925
15524,4.111586854026555
15525,8.195627371461573
15526,4.47025574844933
15527,7.062566717492174
15528,2.372581986911239
15529,5.756278371251641
15530,3.240599216952821
15531,4.903768803470204
15532,2.5418799854383867
15533,8.018480451400183
15534,8.154438739071386
15535,6.010381886004554
15536,4.631130134675882
15537,5.900327923285191
15538,6.286235771641161
15539,4.706457671177706
15540,8.430920217566829
15541,7.010865066558083
15542,5.646110946590935
15543,6.69399615555016
15544,3.2789659412982095
15545,4.213892144148805
15546,4.365598568824495
15547,5.2419141597704355
15548,7.26836648378681
15549,3.949836535730797
15550,7.7521517605747725
15551,7.89248886936318
15552,5.320241402121258
15553,4.410546506979712
15554,8.178220527913847
15555,5.6004425692171464
15556,4.294083688713734
15557,3.884826673692441
15558,1.8015196914817662
15559,6.289566215039546
15560,9.477743678051702
15561,7.984617524961734
15562,7.605467623596528
15563,5.949942961893374
15564,7.9634228696122795
15565,5.491571914475459
15566,6.1264220273951375
15567,8.897049898281663
15568,6.200025321558781
15569,3.7699266001055607
15570,8.699041364783076
15571,5.647725664532377
15572,3.802823514125997
15573,6.325139285811459
15574,6.051100658938079
15575,3.16823735991337
15576,3.2538872343540652
15577,8.818998237658693
15578,6.3423479065870385
15579,5.736385809508821
15580,3.29029864182237
15581,5.732008196183087
15582,3.6822182191820008
15583,3.407282499240363
15584,2.65342287670358
15585,1.9071464396778715
15586,6.728643027814124
15587,4.526899676193361
15588,7.8889163121583
15589,7.261059474403979
15590,7.2776402591755405
15591,2.0094846446125363
15592,5.628283081184124
15593,3.836949127036926
15594,7.788866048062315
15595,7.705932851656111
15596,7.632387722771589
15597,7.8915590360288626
15598,8.309127828725487
15599,7.584838866475965
15600,5.484092947919467
15601,5.914946057036438
15602,4.35850777400189
15603,7.3873885124475285
15604,7.357204474507609
15605,3.6745236326763577
15606,7.885929841830434
15607,1.0439296919249277
15608,8.48518939229614
15609,8.513802779414593
15610,5.536582371097177
15611,3.3576243850872487
15612,5.571179861962719
15613,4.936921677187377
15614,5.063929886143808
15615,7.995372488327488
15616,5.884305003861392
15617,3.72162216069132
15618,5.092865533369797
15619,4.275680807287651
15620,5.455023839405191
15621,4.639718535288926
15622,8.27257057977176
15623,2.448315576730082
15624,5.088096288920278
15625,6.28396150091153
15626,2.4561128004691315
15627,4.384119658514271
15628,8.696415234449331
15629,5.747732277455323
15630,4.717970555201844
15631,3.906379854207186
15632,2.918522314111409
15633,2.972930295018179
15634,7.524210652848114
15635,4.229543966928067
15636,4.489526442168264
15637,1.3696717708872215
15638,5.540943029345986
15639,6.321390195838593
15640,6.716847907757683
15641,7.5284192806244965
15642,6.935085137680401
15643,5.379567193372604
15644,7.170984731548667
15645,5.387315960074811
15646,3.6257874949539417
15647,4.966069615216515
15648,4.18873698593022
15649,4.632833533626319
15650,7.711012312009383
15651,5.967968374349272
15652,4.6194419360673376
15653,8.124882759621228
15654,2.9190791871631454
15655,7.662441533146728
15656,3.8927724598033513
15657,6.323937211155678
15658,4.1696088749396845
15659,7.3511730394357455
15660,6.218725153959506
15661,7.971383171559953
15662,4.172154890983632
15663,5.170113524302392
15664,8.830155716684484
15665,8.066468978866999
15666,2.8577330134748937
15667,6.6590399523337584
15668,6.581564002995119
15669,7.16149056752351
15670,1.873649448124937
15671,6.681555210580341
15672,6.2009742483724075
15673,6.697743270362153
15674,5.917228594763937
15675,8.38403881805642
15676,8.397528737658217
15677,4.629437713951698
15678,7.526952515240689
15679,5.132477329820839
15680,6.3193567482147985
15681,5.992017111910801
15682,4.327905031220162
15683,8.754184499376134
15684,4.585196507674138
15685,3.1887510872293943
15686,8.058777351280817
15687,1.5974993125143833
15688,9.328273884933012
15689,6.673119345993604
15690,6.302490191625349
15691,5.891020231846634
15692,7.587578370340017
15693,7.111918778052474
15694,4.9516626003361415
15695,4.743835168200808
15696,4.103372385860035
15697,8.494225460004111
15698,3.597953333310408
15699,6.898631229031254
15700,4.470035747054848
15701,6.086566153593883
15702,9.155998111541487
15703,5.838908786466904
15704,4.040347779643974
15705,4.343800394276437
15706,4.284437424069627
15707,5.825059813389577
15708,1.8167537269161056
15709,6.246442414221061
15710,6.433991321583179
15711,6.759209228649676
15712,5.227057930968315
15713,6.6818150968892445
15714,4.086210592433501
15715,2.384826321568862
15716,6.181702091734557
15717,8.505767837732856
15718,4.160629692021428
15719,4.596250376547881
15720,6.874419124453177
15721,6.319860647235343
15722,6.782624527225846
15723,8.655586740292588
15724,2.8699249096729447
15725,5.04909398893289
15726,6.132493349005506
15727,4.802433412331828
15728,6.424088533990175
15729,9.73557707099723
15730,6.648358726904018
15731,6.011048356904833
15732,4.4376955539094505
15733,5.168376176168768
15734,2.0023524019797794
15735,3.3329861245830124
15736,5.375729489733079
15737,5.101946918126952
15738,4.446070720984681
15739,5.322336559721254
15740,3.498406669070397
15741,1.4834263102144942
15742,8.606302393853985
15743,4.364252996036094
15744,6.329574454477251
15745,5.281822448340422
15746,2.0466643246297003
15747,7.203159846319401
15748,5.031939735645456
15749,7.053484178238163
15750,6.532057809587914
15751,3.553406662540184
15752,5.639230064832522
15753,7.69259837346255
15754,4.914262256952133
15755,4.867900437148174
15756,3.250718039116565
15757,4.333643972694529
15758,4.576944613642412
15759,8.34588874758515
15760,4.102576776252515
15761,7.00145748011501
15762,3.435880118895266
15763,2.7762818926830377
15764,3.6313924549689816
15765,4.807456266346974
15766,5.253522190593764
15767,3.5108242427583463
15768,8.971358324232378
15769,5.017040300262515
15770,5.404059660636713
15771,4.64802364802243
15772,5.224377765375148
15773,8.46772786668718
15774,3.5938522425927775
15775,3.990212247588566
15776,7.680112990208311
15777,6.01876620927609
15778,6.492667112093418
15779,3.488950424345713
15780,6.679810639845326
15781,8.874295626298107
15782,3.7555544089492754
15783,7.2097860329924055
15784,4.345058499723939
15785,8.50663758731441
15786,4.247908291361382
15787,5.519798713741514
15788,7.319303063293749
15789,8.012579285722584
15790,4.040430217312861
15791,5.342798533626063
15792,4.36420204170338
15793,6.588015238235226
15794,6.600281153935364
15795,6.018543110770826
15796,5.364492504411186
15797,9.808129833914796
15798,6.966765661274559
15799,6.159044005122514
15800,6.839046369518006
15801,5.031673329649628
15802,6.914269231068228
15803,2.940097722675498
15804,7.34945744700675
15805,3.2819303732487564
15806,5.113965795496006
15807,7.307632673363219
15808,6.020979941302918
15809,8.26635112787949
15810,1.7537735279216213
15811,2.7589568528760635
15812,6.0837722056266665
15813,7.908687220666309
15814,4.802381574477893
15815,5.001502275678573
15816,4.3541761796857745
15817,6.211221816460966
15818,5.691710330187213
15819,4.9898429290342605
15820,8.747975937095756
15821,5.491293317375712
15822,5.887032810092833
15823,4.903054524566876
15824,6.767032741858985
15825,7.687843936912724
15826,5.767738808266541
15827,5.350564993714061
15828,5.379387535892213
15829,7.336941579827073
15830,5.751682787407659
15831,8.95787319231032
15832,3.767640370935264
15833,5.7154375542325315
15834,8.020535297243384
15835,6.300184852101432
15836,6.868220828012873
15837,5.584858630269999
15838,4.524804667496284
15839,7.202045203355065
15840,7.060067210847697
15841,4.463004562078785
15842,5.656607758665703
15843,3.86437085115022
15844,5.9524350219874815
15845,6.5930183322999305
15846,1.6713775650227263
15847,1.3919132194762016
15848,2.275901543377211
15849,7.625368813878681
15850,9.579411150369648
15851,4.594071936506324
15852,6.458575694905376
15853,6.411672601842732
15854,6.568083053466326
15855,6.521198149084361
15856,7.781371145735765
15857,8.545060892352108
15858,8.901829700052359
15859,3.161358661076842
15860,4.7545642987708305
15861,6.208266906424259
15862,8.288910924115186
15863,8.267297438829596
15864,8.922846629359649
15865,7.513092555970419
15866,8.022629631654919
15867,7.179675713531216
15868,5.49849707856973
15869,4.631518750276435
15870,3.8214491755984223
15871,8.557333589752233
15872,5.352238050317577
15873,4.620917030525556
15874,1.4238400008517857
15875,7.192429776546114
15876,9.462113561390867
15877,3.28361919525134
15878,6.357227832226027
15879,6.607935794824986
15880,7.137754925355398
15881,6.518106843545426
15882,7.20261656133314
15883,7.638822631826088
15884,6.764437544890064
15885,5.404293197768197
15886,5.820007257585376
15887,9.250430585268555
15888,5.089717247095323
15889,3.2405542445418565
15890,5.701435785452237
15891,5.673919394643722
15892,7.735285999193163
15893,5.866112530572249
15894,3.884798652475738
15895,9.391163851008073
15896,4.772445147476282
15897,3.2063197054075143
15898,5.811686921350067
15899,8.605824534644519
15900,3.0751995525227316
15901,7.067065640337518
15902,6.288037623278631
15903,7.273188226407945
15904,4.966385397587201
15905,5.324090135461807
15906,9.243606718394036
15907,7.670772092339084
15908,5.949882365901603
15909,9.19776426747498
15910,4.750578162103484
15911,7.367819668554068
15912,5.598751403670308
15913,3.0890702416314286
15914,5.196799488623095
15915,5.666869830394781
15916,8.120841518792357
15917,7.421681271381632
15918,6.946939387470496
15919,7.679847415515981
15920,6.243915885642512
15921,6.758710209604969
15922,6.511027279765233
15923,3.606860488549575
15924,2.6842091650844075
15925,7.195548604174505
15926,3.998148273456216
15927,6.683080547906859
15928,3.403733561490457
15929,3.3868233227446534
15930,7.279642047151073
15931,8.424939076703602
15932,3.6362700253875477
15933,6.938096171280671
15934,5.391003028694004
15935,5.540857584060341
15936,5.1522271616230855
15937,6.190674017830944
15938,5.027764782855463
15939,8.812283273713788
15940,6.144330595537709
15941,7.353632700286635
15942,5.531501602934329
15943,4.466803634786688
15944,3.3579896363456103
15945,8.858783968857768
15946,3.7255290368594327
15947,4.614313380019612
15948,7.35208379416478
15949,6.147721022701664
15950,6.837088165741343
15951,5.972169535893757
15952,3.7902043310807736
15953,8.789067584198314
15954,7.3164759400805695
15955,2.241927377754317
15956,4.434111598623743
15957,7.650757461014622
15958,4.413595665356123
15959,2.66639479983687
15960,8.09263474593229
15961,6.462984649682631
15962,6.224844337480022
15963,5.723114212804897
15964,6.022589314910051
15965,3.6422752901149074
15966,2.2212154457460285
15967,3.02863149568903
15968,6.834969743617045
15969,3.782180999718739
15970,8.353010301096676
15971,5.263505214533903
15972,9.00727315977804
15973,4.73662086821784
15974,9.011363503466319
15975,4.240921055860099
15976,3.0525037795423513
15977,7.978457136476125
15978,4.803727851057147
15979,4.895483352495845
15980,6.063335285563582
15981,0.6637370985213381
15982,6.278771341865259
15983,4.330227147857204
15984,7.994703171289793
15985,5.6539747537599965
15986,7.00800017096099
15987,4.8897509751847155
15988,8.444545485122408
15989,5.920436664577466
15990,3.520636481173552
15991,8.82845596762289
15992,6.183382290863902
15993,5.034138866205278
15994,7.1115374322090075
15995,3.5622526751337564
15996,7.509702210831556
15997,2.4111338851374473
15998,3.5320030659030075
15999,8.419492210915559
16000,5.593825050777687
16001,5.993904077655874
16002,5.179520328910021
16003,5.200250559035095
16004,6.300280640383072
16005,7.7134309798538325
16006,5.5413602747686115
16007,2.8873883593376686
16008,3.5542416210538588
16009,6.421079873889678
16010,7.292207571134472
16011,4.643000315239871
16012,7.20871299643123
16013,8.596865395558675
16014,2.773188151736684
16015,8.041259186395806
16016,6.718567840808815
16017,8.206188389746064
16018,5.223272553917749
16019,6.204504179252806
16020,4.923338955658768
16021,6.26150059013877
16022,3.5760835239822653
16023,6.058437317542282
16024,1.5293283803956075
16025,6.585504090108948
16026,5.480506031099893
16027,3.2683179241571563
16028,8.50475754769757
16029,6.650925572644424
16030,8.54289064764934
16031,4.043400948290679
16032,9.339143599043965
16033,7.809998882598838
16034,6.678591699627171
16035,4.935897154047742
16036,7.296158618948903
16037,6.19771084752991
16038,5.349367720776988
16039,6.604835665331153
16040,4.070577293623044
16041,5.639693154634884
16042,1.6412207895683233
16043,4.951938001941077
16044,3.0557841140109807
16045,5.787981204276236
16046,7.107556989055285
16047,7.870141482465976
16048,6.462072951445728
16049,7.517198312749853
16050,4.278247802251001
16051,8.016962232269751
16052,5.502468740354544
16053,7.796024001017734
16054,7.7520181142933655
16055,6.732602847137934
16056,9.359057527181449
16057,4.400207501733344
16058,4.701630073313002
16059,5.618244303457406
16060,2.1788008432764094
16061,5.883256493894875
16062,5.955115427894013
16063,5.2224744645314205
16064,5.539210375160956
16065,7.414495298727518
16066,6.742413448533711
16067,6.247034670569226
16068,4.657976563576035
16069,7.784733155171509
16070,4.475662579563891
16071,5.293569902111638
16072,6.016673100647498
16073,1.7094180769376628
16074,7.082778517809595
16075,5.99724643492575
16076,8.562191588568629
16077,5.000130582562666
16078,4.017323433728523
16079,8.512155919636125
16080,4.468178404350318
16081,2.6629774503657693
16082,7.126399368417123
16083,5.210119184428212
16084,8.042369334302304
16085,5.5364533591693625
16086,6.51265375309564
16087,7.518642783722839
16088,7.037047615878251
16089,6.8492432076171355
16090,7.730756966066659
16091,6.334949227003631
16092,5.982001167915535
16093,2.299132423665302
16094,3.455166061845192
16095,6.648641801294409
16096,5.800001386554603
16097,7.695243997728715
16098,7.538524794660369
16099,6.243724602476652
16100,7.351353000838548
16101,4.542843097866668
16102,6.533407662678307
16103,3.618040045495487
16104,4.939791503081794
16105,6.5181350181848465
16106,5.49881114652176
16107,5.556335801095035
16108,4.789546943117414
16109,6.235972899451011
16110,6.234887212694822
16111,4.71578947812325
16112,3.2784423709357715
16113,5.581312368669797
16114,3.5064943489492397
16115,9.593070077055309
16116,5.0738197316088565
16117,7.34213452393348
16118,5.24926378743127
16119,4.612635690953042
16120,5.187778974591597
16121,3.9392994069676295
16122,8.902163275580323
16123,6.7893271819577174
16124,6.535453704512879
16125,5.842446191476356
16126,4.433491151073183
16127,5.714476103779626
16128,7.982630301287037
16129,6.491703905927485
16130,5.88191370183544
16131,4.193359617800458
16132,6.389037052947978
16133,5.381308418411243
16134,6.818402784361267
16135,8.118911418511008
16136,9.467926673306492
16137,6.998697978024141
16138,4.684867195805641
16139,4.906636207141506
16140,2.8923349797832913
16141,7.761204412894225
16142,6.816478033563634
16143,7.478474347331735
16144,5.723689747368119
16145,5.750611147507651
16146,8.200369305129769
16147,6.195909537888047
16148,3.6271816851996426
16149,6.604677865029929
16150,6.415021208727499
16151,5.560275398837262
16152,3.374370354364426
16153,5.256769106667079
16154,6.829548072699374
16155,3.7772779268911396
16156,4.374104977690773
16157,6.3477999836771
16158,4.533996517909402
16159,9.234528447516476
16160,8.596357560559289
16161,3.4551733826250866
16162,7.385085527243087
16163,4.734313332293255
16164,7.998956998488978
16165,2.2075113945091713
16166,7.531852890979486
16167,8.245556848295383
16168,6.298534370693987
16169,5.831078776055217
16170,5.243584925017166
16171,7.518207899653142
16172,8.875727254778287
16173,2.7958663904319905
16174,8.7316894020748
16175,5.0646234853594585
16176,8.190147891612007
16177,4.107613373913555
16178,7.804067306508866
16179,6.341374803515945
16180,6.896954178134437
16181,4.873225204164138
16182,2.13852857981074
16183,8.696730774347838
16184,6.3560620721079575
16185,3.184318712428914
16186,3.896365125310113
16187,7.172188111218842
16188,4.0704265129432295
16189,4.886573054164145
16190,3.994297296050957
16191,4.472106210634961
16192,8.958104334873727
16193,5.259006039340133
16194,7.004108587986186
16195,9.114597791260554
16196,4.282062408225985
16197,4.436427745088852
16198,7.334309888275575
16199,2.8254460687211367
16200,7.664011062304323
16201,6.657929107343338
16202,8.93527826612373
16203,7.582231468204963
16204,7.843654734311146
16205,5.2564580288302665
16206,9.33094315488329
16207,4.159736714484403
16208,6.960417554741509
16209,3.3015653680619623
16210,6.087087041072963
16211,5.351239180674302
16212,4.129823304732829
16213,4.407991200444836
16214,6.814140905241066
16215,7.046087497762942
16216,8.150961391576724
16217,2.3328682563746104
16218,5.612352151578009
16219,6.083125312910904
16220,7.18583996637602
16221,7.82003138822365
16222,4.22670314810151
16223,8.620368595667598
16224,5.284816420732068
16225,9.051312470999056
16226,6.495009413697064
16227,3.801370503701792
16228,8.32932468967398
16229,7.615791370716243
16230,5.5966236483649725
16231,6.544678688211613
16232,5.011851406613542
16233,5.706907905303061
16234,5.570275831534465
16235,2.7072439360804457
16236,6.857618171691923
16237,7.560546083408275
16238,2.394079865179659
16239,6.779703111338836
16240,8.439412025844678
16241,9.155534896036787
16242,4.647542320441622
16243,7.261254523950004
16244,4.971611067915473
16245,7.828733805981321
16246,6.020480954235668
16247,3.7306902019818584
16248,8.204660735489039
16249,7.4437645749694585
16250,7.825684759134726
16251,6.178790753464721
16252,6.378536010746551
16253,6.814236951174936
16254,3.640582282570979
16255,9.656768123850727
16256,4.920164009081478
16257,5.131284872009167
16258,2.3792824588777557
16259,4.870673410993288
16260,5.467315391274794
16261,4.505471806723521
16262,6.416896425657883
16263,6.189079188941083
16264,5.036295726672238
16265,7.3844816552965975
16266,4.133497003370468
16267,6.87716585072991
16268,6.447959937303459
16269,6.133315602146656
16270,9.100316486799874
16271,3.908387625943963
16272,6.9879172609366496
16273,5.7177293794768875
16274,2.2042916061932827
16275,6.25740569012089
16276,7.442461169677979
16277,9.040352812820071
16278,5.536338135741383
16279,7.601331578170163
16280,7.907922400747053
16281,8.712133338417296
16282,2.047714525122641
16283,7.575990684602984
16284,6.485309398116192
16285,6.399607958746334
16286,6.882148280734478
16287,4.898331266488432
16288,4.634577293947207
16289,2.9547400468782548
16290,6.271784064965758
16291,2.8612970419026498
16292,6.673619631053186
16293,7.502132715953471
16294,7.60412650397073
16295,6.945929266270392
16296,4.07153138480259
16297,4.66326474768475
16298,4.774199496035807
16299,4.80411596697976
16300,5.550970821431668
16301,4.915416023796692
16302,5.744283958782268
16303,6.853863238406019
16304,5.943661419624412
16305,5.429850956920548
16306,9.181387794207938
16307,4.565666070889085
16308,6.554681598411702
16309,5.924351621582507
16310,5.118055540879266
16311,4.692872643378293
16312,7.539714244048412
16313,5.048240015141221
16314,3.186872619703348
16315,1.025439682797046
16316,6.26417643040064
16317,4.917082487885505
16318,7.561694748697613
16319,9.409437352528602
16320,7.746239837071214
16321,5.82104916465016
16322,1.0128421407352943
16323,7.810874458467038
16324,9.220221473281805
16325,7.006063835170383
16326,6.82193034644679
16327,8.369155137618405
16328,4.5248553795047375
16329,7.542957867313656
16330,6.193221268992912
16331,5.282480327699391
16332,8.154659169453494
16333,8.302422123564442
16334,6.2531835441806685
16335,3.2900531615627076
16336,2.9629838121925944
16337,4.8770773625372765
16338,6.9132770541695345
16339,8.337537997055195
16340,3.9448055492521776
16341,6.523042702775478
16342,7.877133315915137
16343,8.039458816290168
16344,7.119245660935397
16345,7.366569997642032
16346,4.400511122634524
16347,6.886565946905482
16348,6.342076495203098
16349,3.8396728758068357
16350,7.634026498736842
16351,5.352494093848842
16352,5.223727704243796
16353,3.556918455252364
16354,0.6850677781620331
16355,6.833937697655659
16356,6.587529696603481
16357,8.623075130372664
16358,7.801698546283915
16359,5.38386129811769
16360,4.060257313204952
16361,4.8316897921289925
16362,7.2978910255703395
16363,5.078308982780617
16364,8.545859323648036
16365,6.809917304972705
16366,4.557145833533083
16367,4.664972376933198
16368,4.156916115385985
16369,6.192821393432116
16370,7.583701157685405
16371,6.899028495277699
16372,2.048616602066916
16373,7.724163139020344
16374,6.0078101070526415
16375,2.1137140198412068
16376,4.253609723640728
16377,5.158318824081505
16378,4.347309018812688
16379,7.629670554233186
16380,4.254963596697774
16381,6.811320289783082
16382,4.493931537730507
16383,2.49907640890055
16384,5.964346491563556
16385,8.163101600051224
16386,3.2987838907503493
16387,8.1262629018854
16388,4.9838056612591295
16389,2.0188632590570106
16390,6.353279020388237
16391,5.43765698954315
16392,8.406914890780495
16393,3.1143242597347114
16394,4.422090773786926
16395,4.920357105794523
16396,6.827663598517514
16397,6.653244950943776
16398,6.814950897498711
16399,7.697913827407371
16400,8.039624093265303
16401,8.269953306831953
16402,8.558378595570122
16403,5.445985746566002
16404,8.299690296474019
16405,4.040145913684584
16406,5.779858219958742
16407,2.8220524962232583
16408,0.9043100292439862
16409,3.517093019088484
16410,3.7442735982823505
16411,2.6054740482476784
16412,6.390469734849311
16413,8.986572212371591
16414,4.563694937328983
16415,4.748493739252009
16416,4.355792430225713
16417,7.2940593334988275
16418,6.785844383477473
16419,8.469544199013395
16420,6.800504810439755
16421,7.755460300485587
16422,1.9242725342676186
16423,3.517065668463068
16424,7.466646982116882
16425,6.859786272810363
16426,6.064007445986048
16427,7.256509374846504
16428,5.492106550052069
16429,6.929814319977881
16430,5.611478965697098
16431,4.923781527187003
16432,8.186005615825247
16433,4.817567020029256
16434,6.714550941663801
16435,5.387247769115075
16436,6.628990362226784
16437,9.386157605538312
16438,7.450564399989851
16439,5.355289913729307
16440,7.090569840145979
16441,6.277199822574957
16442,7.762621282213383
16443,2.4445512163926795
16444,7.861579969906625
16445,3.6372898755667995
16446,2.8355781697048994
16447,6.244674292953334
16448,6.213291491050613
16449,7.724550504449548
16450,7.979356100392888
16451,4.643687390146231
16452,8.302630699660993
16453,8.54995547099021
16454,4.3959380393306065
16455,5.385968321923172
16456,2.380019671862062
16457,9.900292334796868
16458,2.2236089955523135
16459,7.5642157555292435
16460,1.8741963083638333
16461,2.6522926127595565
16462,2.7614249593225377
16463,5.718945384111465
16464,8.968927092855953
16465,3.9112250900013255
16466,8.287083490631076
16467,2.747108011795127
16468,6.856262351989983
16469,7.717570068233375
16470,6.956027022321089
16471,4.77433742427955
16472,3.3766466926653638
16473,4.757378930199418
16474,7.419050487096564
16475,3.54270377947615
16476,4.487719190103075
16477,5.956515669671156
16478,4.737668121834128
16479,5.3919438997288145
16480,3.292612958325438
16481,2.898686643182179
16482,5.034255711282619
16483,2.9334892071451573
16484,6.305964431817968
16485,7.01859819281314
16486,7.818914364262282
16487,6.288720164508408
16488,3.034533083624414
16489,7.981969706778592
16490,4.9530929279606895
16491,7.6568782523881325
16492,9.080318542875798
16493,4.2651500896474275
16494,7.13291527703517
16495,4.333075348940706
16496,6.984757073484518
16497,8.84593753245977
16498,3.7210110763462647
16499,8.361947480424181
16500,9.728566701044686
16501,6.156349739337301
16502,8.864565209207255
16503,8.973190844898186
16504,7.531621980797726
16505,2.973326473155516
16506,5.994007036395193
16507,5.630392048887468
16508,7.640809339676994
16509,9.064662759302745
16510,9.526575820756115
16511,5.497544908222317
16512,4.805462036226829
16513,8.886039261864248
16514,6.5917731427499735
16515,5.659505998042103
16516,8.160849705662041
16517,9.270800047218298
16518,5.2686870294794845
16519,4.434388119454359
16520,5.878159397270642
16521,7.621121677902337
16522,4.919395823907589
16523,3.3269127355469745
16524,4.829335321375607
16525,7.549829945748247
16526,6.593765345288166
16527,4.130269381404325
16528,8.97664870820001
16529,5.152133701175636
16530,4.998241698058334
16531,8.425184489252448
16532,5.390249153117616
16533,4.20416197486753
16534,6.5892742723301705
16535,4.407948129436518
16536,6.099098828753113
16537,7.981376702785651
16538,6.8678789568988
16539,8.916446118457536
16540,5.693582052798094
16541,4.331661812378673
16542,3.4818400780820635
16543,8.781089457624496
16544,5.31286203234372
16545,4.411843348225576
16546,6.96486569648464
16547,6.75420101348957
16548,6.241580468123528
16549,5.9906884139066685
16550,6.323378338293606
16551,3.9651292114196672
16552,6.0462718060374625
16553,3.947529290724535
16554,7.618930115154635
16555,7.55176365432137
16556,5.354862984920439
16557,4.864396117103988
16558,8.434874234169133
16559,6.918087320294197
16560,9.267181989016375
16561,3.528058782996019
16562,8.873420897252556
16563,7.572563392059914
16564,1.516476827846532
16565,6.561988143378126
16566,5.577992789590584
16567,7.912643177111871
16568,4.380184098660361
16569,7.84822199165235
16570,4.1239119229810735
16571,6.355113931024236
16572,7.4107338559358595
16573,7.456071064997118
16574,8.935053252142954
16575,4.151057693352182
16576,8.56383593780761
16577,7.6682550685607485
16578,7.826174246270998
16579,7.5808119843319055
16580,5.7567259456059
16581,7.093688771795817
16582,7.202477780702337
16583,5.701658728624943
16584,7.0469783044052825
16585,2.7469394822446773
16586,7.308470812139073
16587,6.641984268576731
16588,4.480433005715073
16589,8.30565926717008
16590,7.819997034306464
16591,8.0750569614807
16592,8.212513233739557
16593,8.515700948973256
16594,6.671188179512439
16595,6.58293953465739
16596,7.183971458704686
16597,4.8139200042786925
16598,3.405248742028723
16599,3.3974232250696206
16600,6.208912085522487
16601,8.040602323307342
16602,6.223485224325947
16603,1.5974709024753255
16604,6.531687373727851
16605,2.183490752948359
16606,6.090508165392702
16607,4.88475922993721
16608,4.77072723822294
16609,5.439740772933884
16610,9.472490598917014
16611,6.101116884613038
16612,5.076196572584054
16613,5.533952799309694
16614,3.5025925083783207
16615,7.815149357020447
16616,6.557746377167999
16617,8.741792955116399
16618,6.557040640719106
16619,5.394199649253801
16620,3.963315465129091
16621,6.905203697903853
16622,7.0043206570309335
16623,2.429695640129791
16624,5.257818321108275
16625,7.406666798634021
16626,4.803587901661625
16627,3.8447134045200433
16628,8.693302029207784
16629,6.82132241901335
16630,5.693679912605391
16631,5.316675425338312
16632,4.088297608378051
16633,7.818042101586858
16634,8.627060274205679
16635,6.760301385378557
16636,6.217126759489279
16637,5.276582427492301
16638,4.2389106483254
16639,5.796296753590444
16640,8.254167321340331
16641,5.70610467936053
16642,6.451913520925833
16643,6.130609146145773
16644,4.814791658784046
16645,7.601509201151583
16646,7.073372196564519
16647,7.644906407950382
16648,8.439876629229875
16649,7.573257632424295
16650,8.751047267396759
16651,8.023025046642738
16652,2.816082007136312
16653,6.587891541441308
16654,7.415335911769345
16655,5.2573857088182905
16656,6.259864343283323
16657,4.584664392427018
16658,6.878287852859771
16659,3.9182099201969516
16660,6.979548522649416
16661,9.840584042130628
16662,7.395398690090054
16663,7.188080999413039
16664,6.157959092394439
16665,2.294522767138422
16666,6.060069354078919
16667,6.1448505782206375
16668,6.3943239013054125
16669,7.138210982285915
16670,7.990949150089969
16671,8.311959567801539
16672,3.115202428986855
16673,5.802822205519738
16674,6.978256941848377
16675,7.502405810945404
16676,9.65423241823136
16677,9.326187636411122
16678,4.812573698912889
16679,5.341434496759812
16680,9.221714144834538
16681,3.3496888624282013
16682,6.863469182689052
16683,6.86827263358773
16684,5.8801826879957035
16685,8.224534350660019
16686,6.604420418257069
16687,5.88877048631361
16688,5.038914972692776
16689,5.8752064136751985
16690,6.507364023263199
16691,6.552003980949043
16692,6.362588147560431
16693,5.290440073038763
16694,6.835717435222621
16695,7.1448719516146735
16696,5.9109829896447215
16697,3.078166828972703
16698,5.278889032052204
16699,6.573483684735986
16700,4.827766725440821
16701,3.4334918774484176
16702,6.972044656831287
16703,7.070781636934761
16704,6.251682744018568
16705,7.311771354897341
16706,6.819169804558979
16707,6.368211728038849
16708,7.165044332381638
16709,2.8159115568599185
16710,5.69137254538967
16711,7.001071172759104
16712,6.388561294075619
16713,8.695722840271836
16714,7.194278583615806
16715,5.165488580001635
16716,7.592380329127411
16717,7.553193150944264
16718,6.127949995316872
16719,8.590951275411363
16720,4.585197253482141
16721,1.8329086586703875
16722,7.881449437377054
16723,3.1987875503306538
16724,4.529762210258771
16725,4.7319956194312365
16726,4.777864552140287
16727,8.151325797450964
16728,2.065412723491548
16729,6.267189056364215
16730,5.225474018771335
16731,7.4165777922717036
16732,8.407649920867758
16733,6.277597660735585
16734,4.915962632946394
16735,2.30789418266463
16736,7.688292133514836
16737,3.9834249525174688
16738,5.688400896189566
16739,7.960130058672577
16740,7.841088482452833
16741,8.399260798765207
16742,7.851448697307293
16743,4.676924000150257
16744,6.56264392704235
16745,7.874339960652816
16746,8.649205272090411
16747,4.354440848778719
16748,6.165074042127995
16749,6.758969896662307
16750,6.0304488849991875
16751,6.354621058542936
16752,5.519903191761176
16753,7.400828851312564
16754,7.361199493902504
16755,7.1865757793500755
16756,7.029036092407589
16757,5.058519768464748
16758,5.672365007282046
16759,6.644155331972336
16760,3.230529936269821
16761,6.5836975275012355
16762,4.8923364743253925
16763,4.258866918563862
16764,1.8770749656155283
16765,6.337250536094041
16766,3.9235222972663717
16767,9.421056358683694
16768,4.583446686704376
16769,7.443193163333255
16770,2.6055387161752943
16771,8.124958533972219
16772,4.220451337263764
16773,3.5973954317440455
16774,3.073336670065088
16775,5.999167124365712
16776,7.108770477391726
16777,3.5432919604701527
16778,7.274385464205438
16779,6.241727903324554
16780,6.165178043565812
16781,4.104254585381937
16782,8.540453410959177
16783,4.89142106761957
16784,7.741907143394888
16785,6.490664728222335
16786,7.887901047807909
16787,4.942501591293277
16788,5.072037735081791
16789,8.515821676598557
16790,8.61159614321116
16791,7.934481134891294
16792,8.662462969560478
16793,5.8361298323560336
16794,2.8380530258383665
16795,4.27153853682015
16796,2.7409414773721528
16797,6.161264759375062
16798,5.0719994190299715
16799,8.416851148157518
16800,8.600003167960356
16801,3.3894596840646996
16802,5.879043032314918
16803,1.4983222321629746
16804,7.061450905615503
16805,7.294636112940629
16806,7.013325504428726
16807,7.366139003080539
16808,3.066323060451478
16809,5.4032910751437555
16810,5.91053312309887
16811,7.28299513622429
16812,5.838206088053915
16813,8.285901247257048
16814,6.820979182200851
16815,8.258076229698943
16816,8.415333016358995
16817,4.630792752139137
16818,4.246113954600534
16819,5.339301429758802
16820,4.972137042820675
16821,4.72906734155234
16822,5.4995008253162645
16823,5.781540272049944
16824,6.291451613675182
16825,7.459283277734177
16826,4.3317385880900865
16827,6.6978214354288195
16828,5.9238370693066384
16829,2.496123934302976
16830,3.769831429969369
16831,6.35560106446209
16832,6.8918100627651695
16833,6.590377671954531
16834,3.2321043857386744
16835,8.215720386740397
16836,5.740060892054958
16837,5.0400256673406325
16838,3.0195297735025544
16839,8.562435446309044
16840,5.4084937449359085
16841,2.1501356166622374
16842,5.735572727760163
16843,4.863411964502399
16844,7.353234127469268
16845,4.893221947373912
16846,8.318463367433104
16847,7.379895539283022
16848,6.017587261993291
16849,8.532962042913324
16850,5.624830970734268
16851,4.183497109294989
16852,5.5453451862985785
16853,3.6889954526647477
16854,9.180867684161965
16855,7.461597652068312
16856,8.108536396368446
16857,9.966046247057172
16858,5.053596332833977
16859,6.8229310568472075
16860,9.355109531226017
16861,9.003850349105587
16862,5.329655549170397
16863,4.738010488914992
16864,6.385660036041724
16865,9.449836268815965
16866,2.8535639354704316
16867,8.629147202023345
16868,5.972617489062665
16869,7.123530991905244
16870,6.754925677418627
16871,6.169779040231665
16872,5.01838386979267
16873,8.124386647364938
16874,4.637666317224962
16875,5.374491506189888
16876,1.3833018472472325
16877,4.221925734122917
16878,5.78982715853388
16879,4.755123004239554
16880,6.620622323968269
16881,7.762012852752146
16882,9.11520481709488
16883,9.408779589541398
16884,6.230078970857427
16885,7.532099169459425
16886,2.178523041911204
16887,5.323782722750605
16888,1.9783332310239312
16889,6.454383586225369
16890,7.022169696151653
16891,3.657117494598583
16892,7.166152538397332
16893,8.753248922837997
16894,4.189555946079791
16895,4.29337456036633
16896,6.866106139346269
16897,6.712925535965372
16898,4.70605594859719
16899,9.007767027205698
16900,6.857330352169538
16901,6.3439670261243215
16902,5.435277473849826
16903,8.525958172878905
16904,8.329110808075482
16905,7.745637062265409
16906,3.442090613533816
16907,9.242954990179348
16908,7.291722255285759
16909,3.391876850093548
16910,6.10050015772193
16911,6.306217761202117
16912,2.9327312708851134
16913,2.209620366218326
16914,8.84265112187011
16915,8.163218583826826
16916,3.903501318519727
16917,7.583957393378932
16918,6.610530446558168
16919,3.9468052185567486
16920,6.586087878551105
16921,3.261850294454388
16922,7.775400033848273
16923,7.220225862591487
16924,7.387423480520953
16925,9.043117519080129
16926,4.051473615417917
16927,1.7918853508517643
16928,4.256685904392557
16929,5.696948249210765
16930,6.022435036760934
16931,2.8464050227936704
16932,4.550257943068369
16933,4.413938461324688
16934,9.024648106104806
16935,2.8505623318449556
16936,6.360679420592802
16937,6.231324306925637
16938,7.976334649716424
16939,3.645299101604553
16940,4.223679512026288
16941,7.193197451537294
16942,5.114453067193021
16943,4.888013597604967
16944,6.619433266040596
16945,6.656239843323831
16946,6.000279401072958
16947,3.8672147587607455
16948,5.408826526369564
16949,3.3290483303714526
16950,7.626826162512854
16951,6.7243126851871295
16952,8.083427279739203
16953,5.18836470958751
16954,7.538015342310061
16955,4.567244952007619
16956,6.949267846630757
16957,4.6413490578599665
16958,0.9846454326389857
16959,3.7491638146523454
16960,3.9115941131075
16961,7.795817688249488
16962,4.273297017083093
16963,6.0263009770793365
16964,8.370985860940964
16965,3.0009342481255503
16966,3.0221632300481467
16967,5.862131586017504
16968,6.777409071027209
16969,9.67825289565145
16970,3.2481489566400468
16971,7.662540385649507
16972,2.5258207386038567
16973,1.3648552236192255
16974,4.342116162780364
16975,9.281839509039838
16976,8.627151049172738
16977,8.578108835023547
16978,7.030363697823461
16979,5.010040130855231
16980,6.993727511448417
16981,3.5738634267308633
16982,5.861891346790502
16983,6.946236507906868
16984,7.142295992320275
16985,5.016784151515032
16986,7.31648938137202
16987,3.711011870323887
16988,6.56096845772593
16989,3.808035589563544
16990,5.236120086286006
16991,7.619276515307452
16992,7.199608460690408
16993,5.0731632197164265
16994,7.086875106977257
16995,5.211436526397061
16996,8.77227951169197
16997,3.763255505504145
16998,5.195010740331784
16999,3.196508657757006
17000,7.557794746350325
17001,4.185817126537062
17002,7.004963810553918
17003,8.248895610844656
17004,8.891901140380982
17005,8.745878149277436
17006,4.084009205351653
17007,3.7677923804684115
17008,5.340614206246087
17009,5.412466723201864
17010,4.182880301796931
17011,6.192195749605634
17012,6.21538091430252
17013,7.4995350472911655
17014,5.475323927516501
17015,3.177705209260562
17016,7.097845819208154
17017,7.018900595328808
17018,5.719847317591324
17019,7.45431669280175
17020,7.275073467584617
17021,5.270818916369222
17022,6.51984419822191
17023,6.9652048547988805
17024,3.4178150275859256
17025,5.8296478650872245
17026,5.156038028170681
17027,9.20953855590815
17028,1.200386785094913
17029,4.2592498075359435
17030,6.270856874307961
17031,9.198104298089094
17032,3.484892802234343
17033,6.285898803971968
17034,3.741792916743334
17035,6.682838053678666
17036,8.93698582034411
17037,2.8129196284317586
17038,3.351814569360694
17039,8.76383565448353
17040,6.2428667663841715
17041,7.018252988404492
17042,4.07638662158732
17043,5.474644828757181
17044,5.54075519698945
17045,6.91432891120329
17046,5.4807735140411795
17047,8.862067093744107
17048,4.545798306695513
17049,9.980910239126136
17050,6.808534485089109
17051,8.129136986913519
17052,6.423030469773513
17053,6.598463179337021
17054,3.8747488435528705
17055,7.788413410680819
17056,3.6941206665436224
17057,5.343696670055837
17058,6.875531989559967
17059,7.165376434379352
17060,6.274494859570606
17061,5.707453995023195
17062,3.2281293004874945
17063,7.311960970956205
17064,7.267238170215192
17065,6.765270303151976
17066,4.314784129046959
17067,4.674271907902814
17068,7.370951833806082
17069,8.2918768083112
17070,6.540423225580628
17071,6.202552231522389
17072,5.8577268892915395
17073,6.545832045640472
17074,4.193791948139758
17075,4.914667098639698
17076,6.3060698937674164
17077,8.24162961199262
17078,5.340788831941556
17079,6.505564778729016
17080,4.15215011856738
17081,6.262565112911162
17082,8.265997163508152
17083,5.082365415199623
17084,7.953336581095005
17085,3.9577509626427854
17086,1.1220184765472168
17087,2.418790201029142
17088,6.755240216451234
17089,7.809259865466919
17090,6.885490950768955
17091,8.103791638499116
17092,6.741755295543772
17093,8.106798260195164
17094,2.170654007016523
17095,5.025225695673952
17096,2.0020583741091023
17097,2.8785196571504765
17098,6.152551216115329
17099,2.195070989399285
17100,8.014369958444814
17101,6.2359082675016415
17102,7.741255951429096
17103,4.55132674846398
17104,6.589051393200998
17105,7.4228339043825216
17106,5.667162557802226
17107,1.7708033497614717
17108,4.057461512735963
17109,8.257779186216014
17110,5.623795056113982
17111,4.608544761508615
17112,4.628286198543674
17113,6.622308634981221
17114,7.105804434566749
17115,6.6834855374712765
17116,4.824055160649885
17117,4.426571145376385
17118,8.623597686139073
17119,3.4882827374766596
17120,5.3025323477248705
17121,5.573834809266781
17122,8.526336488475597
17123,4.526148307718584
17124,7.731699425426033
17125,5.755843047293166
17126,5.259837483456045
17127,5.6652687023351005
17128,7.942757627829128
17129,1.7609448638419445
17130,9.469161829049268
17131,8.646200945156172
17132,5.672882997957792
17133,6.046114458646021
17134,4.948468157806229
17135,6.36379813407301
17136,3.6386401141404354
17137,7.810128746760372
17138,6.468478256501288
17139,9.70016736750488
17140,4.731162037548663
17141,5.865892720141949
17142,4.120545393169143
17143,4.418059800978628
17144,4.976192011076148
17145,2.5495409264053475
17146,2.692068336615672
17147,7.599818741644254
17148,4.00272416067714
17149,6.917910502082524
17150,1.4436038531671493
17151,6.426569194400493
17152,3.187913613215916
17153,4.3699522763420875
17154,3.483994686499254
17155,3.3579241516546725
17156,4.322839941413755
17157,7.416491778789387
17158,7.24913505633943
17159,7.978248800063348
17160,4.2163796145562165
17161,6.549861970439672
17162,5.701937268141254
17163,8.368316801334462
17164,8.383798571810832
17165,6.228774439471176
17166,8.883386244787184
17167,6.351450467777959
17168,7.03396154958465
17169,6.214292354910075
17170,7.052393996780506
17171,5.263042496711654
17172,6.4454340188852655
17173,8.539868190650822
17174,4.57199812570351
17175,7.312409593136588
17176,6.231349873598637
17177,9.310285648774748
17178,6.004981453149089
17179,5.524655605841439
17180,8.151470027017826
17181,7.081921869213945
17182,4.161306856996671
17183,6.886591528610423
17184,2.8009763565289205
17185,8.253085196422228
17186,5.051842437124531
17187,3.447619928698149
17188,6.275159487061829
17189,2.9485952436270777
17190,4.599935130377427
17191,6.245619769493112
17192,4.172528553275646
17193,8.197094652693453
17194,2.848048450015464
17195,4.053839837838453
17196,8.794404373511004
17197,7.495940953971791
17198,7.538551396153925
17199,6.931625668698276
17200,5.3195410022061775
17201,6.286777463833735
17202,6.769699936389116
17203,4.818280370930141
17204,7.114822707776692
17205,5.907952659375242
17206,3.7343830584148283
17207,4.230397457813848
17208,8.080104400136019
17209,8.592814591989248
17210,7.392402276242091
17211,8.018623287210419
17212,3.156326920358235
17213,6.90397424858967
17214,9.224736175569618
17215,5.987177277396769
17216,9.691773631727692
17217,5.138295763331194
17218,7.247829082346826
17219,8.712811008265263
17220,2.914041806063898
17221,5.774224682271711
17222,1.8389601995957032
17223,7.34171436688694
17224,5.692099677421163
17225,2.4632584432491753
17226,7.419090859758713
17227,5.707758357111496
17228,8.135380957726495
17229,5.601153425737584
17230,5.123309642186858
17231,4.202249849724079
17232,4.4903586572039655
17233,4.924887909716725
17234,8.262235831628098
17235,8.551532661360447
17236,5.491059970934539
17237,7.3399265172991495
17238,4.076343307059511
17239,3.925158331775115
17240,3.9698458937477255
17241,5.463344046628583
17242,4.083935230953793
17243,1.9949013672046627
17244,7.658252520861529
17245,5.755023945420368
17246,3.8093928992253
17247,8.617732980525968
17248,4.668264211460763
17249,5.977798698842013
17250,3.9144969631941393
17251,6.290450059246587
17252,6.962472570104286
17253,8.628423224818055
17254,3.3846823889569357
17255,4.350656715166252
17256,3.7548019321713317
17257,7.942470320951221
17258,8.667523217596868
17259,6.589018917322432
17260,1.962051781706907
17261,8.369781311594682
17262,2.9545199922780716
17263,6.85395787160092
17264,4.877602191433853
17265,7.3222494389207675
17266,5.23546867778393
17267,8.293171283062172
17268,3.1521150673585656
17269,4.855949569880959
17270,6.8927609161956696
17271,2.0600930999527485
17272,7.249073771975776
17273,3.6139374880823247
17274,8.344992897008174
17275,7.045956627877961
17276,3.1252873561507775
17277,4.547396950574708
17278,4.425965635994951
17279,8.928658539791737
17280,6.333086115823079
17281,5.794884542696431
17282,7.37728279130622
17283,7.176359285733557
17284,3.333023927141394
17285,6.588169318718234
17286,7.221128535292612
17287,8.35052758220588
17288,1.6050542202568188
17289,4.798595130095797
17290,5.278558331431358
17291,4.43407313180727
17292,8.476490238794483
17293,4.017423738623039
17294,5.504678087827991
17295,2.690112066565949
17296,6.74057523716441
17297,4.795283126710781
17298,6.845882685569272
17299,6.463060097791456
17300,5.489255652970933
17301,3.8827553957984438
17302,8.608527692724124
17303,6.066557841303701
17304,5.021615071865862
17305,5.9712310920152065
17306,3.265892190663701
17307,7.589055291408725
17308,7.456064501244496
17309,2.2986562402227153
17310,5.8664306023407935
17311,7.182044799437464
17312,6.29912924613906
17313,7.8694044016533
17314,8.436735147176906
17315,7.713831441815046
17316,9.097516435108068
17317,7.108941950650221
17318,8.200510238001858
17319,2.9761991182984984
17320,7.199894838106079
17321,4.782193787971279
17322,3.793319392272645
17323,8.045809242491236
17324,4.8465902213635275
17325,6.469485833416736
17326,6.746885977060766
17327,5.901820221343808
17328,4.828272135028419
17329,6.385705984353831
17330,4.698449111930623
17331,8.141256898810173
17332,5.870461701186418
17333,8.895433778888604
17334,4.804004849361662
17335,7.580565207759586
17336,4.709896498683648
17337,3.4708566101468223
17338,9.171775007614304
17339,2.594207506531518
17340,6.836711507378682
17341,5.520201029873052
17342,4.010750948139823
17343,5.494212712119603
17344,5.380290191060655
17345,8.467841852038086
17346,4.657425488173031
17347,6.487257618693185
17348,3.3790744854666617
17349,4.569041639014053
17350,6.47836297541375
17351,6.62619367271254
17352,6.211637911190799
17353,5.92431500442757
17354,6.971880464602963
17355,5.58856567666641
17356,6.890136815360721
17357,4.532585869098997
17358,6.481573376572503
17359,2.5236689399904844
17360,2.467311513069427
17361,5.403373344045387
17362,8.521158026928493
17363,5.559486916564805
17364,7.674906900265231
17365,4.473332973476161
17366,6.945624795587355
17367,8.64672917695709
17368,8.272552534277374
17369,4.985912544701026
17370,5.608348845392913
17371,7.915366396109971
17372,7.192917554455158
17373,7.384075066318831
17374,4.4485921049451225
17375,6.369636123275406
17376,8.180716304751796
17377,8.021411919664208
17378,7.538599967566636
17379,5.714709554269243
17380,8.486427615569653
17381,3.7224709559254863
17382,7.0338806201441155
17383,4.04596676522233
17384,8.023931000553594
17385,6.612680264938854
17386,8.401995965395372
17387,8.983946962713043
17388,7.7854913850544545
17389,7.6270193210330115
17390,2.8865876053829687
17391,3.854920093392536
17392,5.676478292203456
17393,5.361508090623458
17394,7.589685954082016
17395,5.237227515220381
17396,7.339109430284152
17397,7.377662142525666
17398,3.813084996224134
17399,7.265189027860219
17400,6.166619343422694
17401,1.625884831051216
17402,4.255191240320894
17403,7.452664754207636
17404,6.082534096483865
17405,4.396335959945528
17406,3.825240563980373
17407,4.6434186014848216
17408,6.225189053729347
17409,5.192843965310887
17410,8.390325724685198
17411,5.349969447533346
17412,2.3033901636559855
17413,3.687121159450067
17414,5.514755808938773
17415,6.1752631645195555
17416,7.034036513609121
17417,5.379692328742575
17418,4.567298398152453
17419,6.67582879319977
17420,5.344596828632342
17421,7.652383072159646
17422,5.807160600095022
17423,6.400995510488155
17424,5.474593749787243
17425,6.5242301792773505
17426,7.637704707614292
17427,4.820638486828873
17428,6.514674306745657
17429,6.142672430897268
17430,7.98910386347775
17431,4.1027879336566375
17432,6.6537665420785235
17433,8.119918849621486
17434,4.820403467151288
17435,5.356772555453986
17436,6.9944539232588365
17437,5.834321949156667
17438,6.617636921893913
17439,7.263792705739346
17440,6.439705779833631
17441,3.585304640067139
17442,7.753015683649028
17443,5.01976269985091
17444,8.96142747262087
17445,5.5541994150698
17446,6.728562496857976
17447,5.512494631562098
17448,6.445263041560365
17449,4.431281436683193
17450,8.90791099500774
17451,7.686416385973652
17452,8.411621231251356
17453,6.188785295137273
17454,6.7245188767002135
17455,3.5119640476148626
17456,1.7120186311507715
17457,8.264858469411315
17458,5.166643725045954
17459,4.5274647640242245
17460,7.28917951685298
17461,3.9734712720475
17462,5.208313208009148
17463,7.617714209814608
17464,1.4997635188443217
17465,9.531973751669264
17466,3.436792056546291
17467,5.859623572485028
17468,6.910508126941586
17469,3.847297576744626
17470,4.123398431374958
17471,9.772487021069553
17472,8.275804768394748
17473,4.430674248735445
17474,3.92955615615391
17475,6.775459232044405
17476,7.108772419586507
17477,8.566049593816578
17478,7.404374886641955
17479,7.090736906872303
17480,4.5155322173844485
17481,4.773505330471004
17482,1.8962724054051012
17483,5.37114603925938
17484,6.2238972789463
17485,5.094682054995326
17486,5.176000818979209
17487,8.69388359365984
17488,6.654404599085604
17489,5.210620098288684
17490,3.6501594349570494
17491,6.981470889315059
17492,5.8744804983059
17493,8.055224477844728
17494,6.21879568625728
17495,2.6935051711763607
17496,8.384442910578606
17497,2.5958354586319916
17498,6.923121483340862
17499,8.476644911716264
17500,7.618370613530033
17501,3.684285767980127
17502,5.773224188803705
17503,7.50029165173853
17504,2.9391624115509236
17505,2.391110632837252
17506,7.541638705968107
17507,6.213918377419433
17508,7.452766351364095
17509,3.9198428679667328
17510,5.562560077811234
17511,6.867407753795914
17512,2.9768229252307097
17513,4.721229736046265
17514,2.170835735133757
17515,6.415427876049311
17516,5.592044927988828
17517,9.194763503774901
17518,2.335958841738134
17519,5.66233453913447
17520,7.655840145560643
17521,3.7943527635368905
17522,4.950856073254907
17523,7.403837793190487
17524,8.570914725096104
17525,4.9855499703771775
17526,8.8292111096065
17527,5.0402366180519325
17528,4.321739979804424
17529,4.791720334901759
17530,2.472518296681722
17531,3.323353283973498
17532,6.56022159123875
17533,7.903807211242454
17534,2.91839151817908
17535,8.477682807529986
17536,3.731348036220026
17537,5.2675806015457045
17538,6.6242795727964126
17539,1.3514124699920138
17540,7.673238531401022
17541,9.327132042833014
17542,4.575241416839123
17543,6.3884077496581755
17544,4.95985495748163
17545,3.696158222691909
17546,1.5855025801045106
17547,7.256276647177303
17548,5.1490613980165065
17549,6.568643120909201
17550,7.871447325695586
17551,6.026005257711096
17552,8.155644390290618
17553,6.50382080995506
17554,3.7278853264483485
17555,7.3684945546278655
17556,4.279642895274173
17557,6.153701762559386
17558,2.9115450249020105
17559,5.673447122671782
17560,6.198204143325829
17561,7.630316366537493
17562,8.201702800024224
17563,8.593895387810232
17564,6.038043029840563
17565,3.0368102740116902
17566,6.41173161632401
17567,6.542620769758271
17568,7.155825175778369
17569,6.570693714041788
17570,7.597740355715551
17571,8.442155673236744
17572,5.35013271663428
17573,2.7152136296664118
17574,5.4395848347781515
17575,5.380118690172228
17576,5.253905480228507
17577,5.9311984120168475
17578,5.4768398813153825
17579,7.3397379943250085
17580,8.52757382162195
17581,2.475978613357961
17582,6.384652545741797
17583,7.154962865722903
17584,5.5362692649022
17585,8.898438819928044
17586,5.817530546786187
17587,4.040374960082393
17588,5.5777300142432455
17589,5.418175108944125
17590,4.29492972195676
17591,5.963768718440134
17592,4.157337711741003
17593,6.580053660827562
17594,7.695815126591708
17595,7.3789026685563615
17596,9.755494330634116
17597,5.22779814646931
17598,6.768283140210131
17599,3.8551875944629987
17600,9.288685261719651
17601,8.92300716181934
17602,5.079092114756998
17603,7.196809098049348
17604,2.9159919457479537
17605,3.6896733521845064
17606,8.29309506111885
17607,4.766366735128882
17608,6.660398980425543
17609,5.686550957476191
17610,4.1364450237785135
17611,2.3689550519095826
17612,7.503281423162984
17613,4.035854359994928
17614,8.678897700033552
17615,7.8376167165193475
17616,7.627652443733422
17617,6.974726919052991
17618,6.752553439409256
17619,6.549143014608219
17620,8.836040329189247
17621,5.997086637998899
17622,4.365247509642711
17623,7.829685147114109
17624,7.279583246284481
17625,3.6979044124221683
17626,5.025708623099202
17627,6.950224084879775
17628,3.5559959326920323
17629,4.865981637638654
17630,7.335451756414173
17631,4.996517008069779
17632,5.768595170610324
17633,6.041851200095182
17634,3.6118033141533905
17635,6.288868230733999
17636,7.254960765644943
17637,3.726675360506313
17638,5.740195509606502
17639,6.42054425991225
17640,8.378939591011497
17641,7.920386482686854
17642,4.587473872445028
17643,6.047772658092338
17644,7.944076618042243
17645,5.019674556165437
17646,6.870445965012472
17647,6.1191688954011285
17648,6.203573582533465
17649,4.271207434433498
17650,6.003258534151366
17651,7.173058119377546
17652,6.14732320955356
17653,4.609724873740748
17654,1.5217818374448668
17655,7.927410192065585
17656,4.4711787090372646
17657,6.47224453380034
17658,3.846781421941088
17659,5.604476160325093
17660,6.058040561682413
17661,3.2362864236222606
17662,2.3900469629037544
17663,7.346491148783937
17664,6.167582908576125
17665,9.511244297549393
17666,4.009354642696974
17667,6.044508456328735
17668,8.578167947964694
17669,7.6295327987432024
17670,2.5191828906419236
17671,6.0062896820142475
17672,7.237513995890042
17673,9.075562697321528
17674,2.650895999787981
17675,3.296657224394645
17676,2.962560062657183
17677,7.738496299280946
17678,5.256853485684494
17679,4.726436879732746
17680,8.923438187708843
17681,5.158686886134664
17682,6.60227939201827
17683,5.559079883939632
17684,7.6981760193775095
17685,3.9864547539921666
17686,6.068823393010273
17687,6.864159644323555
17688,4.047339974195013
17689,6.214822176909588
17690,9.513095586239617
17691,6.037756379084145
17692,6.042999602978432
17693,7.12532254982174
17694,4.955696019538509
17695,5.595386853645387
17696,7.676531946836195
17697,7.698304058393339
17698,8.15830233915523
17699,1.903066735884496
17700,6.69845979561538
17701,6.6698338636626255
17702,7.592306284721755
17703,8.377320361340429
17704,4.253846835722186
17705,7.031311668523685
17706,5.225904441497058
17707,4.1505869350337745
17708,4.449136852916456
17709,8.857598267250605
17710,3.889125639037102
17711,7.858650820148897
17712,7.643159391284253
17713,4.236317862668203
17714,6.618960339825914
17715,8.840887142836394
17716,6.378757362491964
17717,4.101961880513107
17718,5.744160476489121
17719,4.933324614833516
17720,6.91348700348626
17721,6.319347596274881
17722,6.30329276694497
17723,5.984768980604945
17724,9.256803792574276
17725,6.158966450283314
17726,6.068261455453546
17727,7.917650324699286
17728,2.191480916948182
17729,3.9889370511854865
17730,8.920273736828785
17731,9.637152547714209
17732,6.451543953026854
17733,7.540414556239023
17734,7.972986736746283
17735,7.919592331764339
17736,4.421166304090409
17737,9.004878014211624
17738,5.6151674712509285
17739,4.103747874756672
17740,8.076424158215362
17741,7.378950860718069
17742,9.312977408138813
17743,6.054862984720145
17744,7.441418101344303
17745,8.208298789073805
17746,8.288247402356975
17747,4.315666020023489
17748,7.760991526039673
17749,6.393736074995896
17750,4.938261755206941
17751,4.616183468122292
17752,5.579336271531868
17753,7.096979163443062
17754,9.589869018174479
17755,5.116764567591067
17756,4.656686987503154
17757,5.856028773967419
17758,4.819423235347879
17759,0.2320040544375803
17760,6.558902762075148
17761,6.052083224740087
17762,6.9699710094621645
17763,8.606784647878328
17764,7.537931538821688
17765,3.634486687162874
17766,7.14570395635889
17767,4.322656616260569
17768,7.171599232790078
17769,7.15383050870269
17770,7.329930662774269
17771,3.0848325842784665
17772,6.008640006500239
17773,8.044814223858465
17774,7.845437713756926
17775,6.49295923277839
17776,5.916834171614846
17777,5.220648157941253
17778,9.386799951069893
17779,9.20728783535864
17780,5.033890857207598
17781,4.791859967233167
17782,4.954351665949128
17783,3.958869150595435
17784,3.560499142521693
17785,9.514494246741892
17786,8.283217979945261
17787,6.0538736981493315
17788,7.7293156117575705
17789,5.240529076223716
17790,7.807606721134811
17791,5.544443434173369
17792,3.9020768341498657
17793,6.423744289212584
17794,5.25158894225499
17795,4.619630402121309
17796,3.892972833948745
17797,7.336387802406536
17798,5.938059770355873
17799,6.012467803407903
17800,5.063097143751922
17801,6.409592993742136
17802,7.959765293118768
17803,5.6906112311136905
17804,1.823105681777271
17805,7.571489886915023
17806,6.822255301131122
17807,7.340114542917643
17808,6.004352057947163
17809,7.435194676786483
17810,4.9769091063878745
17811,3.5061755798973593
17812,5.0400092206013705
17813,7.568347274607397
17814,5.423352585350338
17815,2.068312868655357
17816,6.288902556334797
17817,4.983666747439769
17818,5.282290627377518
17819,7.178332477642229
17820,6.904480829668554
17821,4.06173325937278
17822,7.689338315270442
17823,8.648627117515652
17824,5.552414967242062
17825,3.4529229921560782
17826,6.929207141435755
17827,4.74276194729455
17828,4.633479101125124
17829,6.318359731728757
17830,3.448694914895925
17831,4.280423362129631
17832,8.049959994891909
17833,7.767353831687389
17834,6.1568861485734825
17835,5.877988302485681
17836,6.739862949377334
17837,7.079952250474858
17838,5.123855853020029
17839,6.670056706941205
17840,8.358235832827566
17841,4.258725251459366
17842,5.406168755778503
17843,7.553728201148086
17844,6.454545264788235
17845,7.60000318972359
17846,4.0972881047598655
17847,5.301736553571002
17848,1.5821106032393801
17849,6.375391453730018
17850,5.284138751866345
17851,5.148231936700939
17852,5.048558203567264
17853,2.92143008643814
17854,3.8756231424362753
17855,8.895460484539853
17856,6.639145164226551
17857,8.233522362077318
17858,6.449998698024081
17859,8.387932837417152
17860,7.345154274364404
17861,4.478714393077687
17862,3.4445243008130846
17863,6.823908623972183
17864,5.15011479824823
17865,6.648008982843104
17866,6.155263864238503
17867,8.379135158860597
17868,9.079233541283186
17869,4.831781822419134
17870,7.101553924732739
17871,7.483342680133092
17872,8.590339731655064
17873,3.8715446142498533
17874,9.314510336556753
17875,4.719236591079431
17876,7.28530051932011
17877,8.001837385301945
17878,6.141875784920807
17879,5.631405603435891
17880,6.1569403072615865
17881,5.651544497918308
17882,8.287400341846444
17883,6.094618604645966
17884,1.8280026680412385
17885,2.96971076221315
17886,6.0872285016574645
17887,1.8484472200880286
17888,2.573580675603962
17889,8.14845119769082
17890,8.876356011765214
17891,7.200563534885427
17892,2.7978985074554337
17893,7.207630143091815
17894,5.405120682292806
17895,5.355161403084237
17896,3.838541382532875
17897,3.711882523835406
17898,5.994875753724116
17899,5.252636613507698
17900,5.853113024198739
17901,6.263256447503499
17902,7.84161905457074
17903,5.877473596204577
17904,4.641472637409554
17905,6.404492398013221
17906,5.7984461315022
17907,8.574704668149375
17908,4.827748755282338
17909,7.677056385410846
17910,7.579058555410545
17911,5.346719181391683
17912,7.0226420340811435
17913,7.772496544071728
17914,7.086604844100552
17915,6.016402159987564
17916,5.704045666561213
17917,7.74420844304049
17918,4.986195431385066
17919,3.726900263895289
17920,6.923568430503917
17921,3.960473746839853
17922,9.045513677166257
17923,6.422291967803979
17924,2.8315096139602525
17925,4.549573791859879
17926,4.804269753278028
17927,4.527002075047309
17928,8.674946233059332
17929,8.575009809725577
17930,6.152642906486023
17931,4.439572692423855
17932,1.4816458074277543
17933,7.2142986370944495
17934,6.301910940520456
17935,6.51135272741495
17936,6.914852452182873
17937,6.332423462591768
17938,4.9765018892758235
17939,9.202524241253306
17940,8.768371895700101
17941,4.613199887596641
17942,5.028168333195863
17943,6.97434267802637
17944,5.654133824067528
17945,9.170679508655413
17946,6.676415865879105
17947,9.131248651685981
17948,2.638765656337661
17949,4.032492419558069
17950,5.399134959614157
17951,7.851667889406143
17952,7.181826241399841
17953,8.626353431744397
17954,4.143069308648775
17955,9.709613143080968
17956,9.58748298222486
17957,7.784559252298798
17958,7.528332351136306
17959,7.213125798180867
17960,4.120484966056563
17961,5.959938882352999
17962,6.330986423877103
17963,6.366669561963276
17964,4.802743365442386
17965,7.799048498312173
17966,8.939418689445484
17967,6.523943970812678
17968,7.531430898968648
17969,5.926288041828344
17970,7.221959033719032
17971,4.052394510742087
17972,7.5590168947008385
17973,5.332878610122759
17974,7.899151322475883
17975,6.560765499639875
17976,7.74611378407927
17977,3.406032607578116
17978,4.055004689975237
17979,5.5652172023079505
17980,6.419198752052155
17981,4.198257687367719
17982,7.126576175518649
17983,5.4823357504142205
17984,4.392021641839514
17985,9.482293790607176
17986,8.601943135582085
17987,8.026558342461632
17988,6.09708782535406
17989,5.592197410780564
17990,4.963659394255605
17991,5.753267469682629
17992,8.561492867897323
17993,5.468949343616379
17994,4.196600874071727
17995,1.9392619857047755
17996,6.471272796192179
17997,7.215728084640018
17998,4.885591654068366
17999,4.871390452788345
18000,3.7965395784739555
18001,4.84837884593236
18002,5.137258170221793
18003,7.2570233737904974
18004,4.603862848288281
18005,3.6572039354468777
18006,4.85611273534698
18007,4.2226100110581255
18008,7.839461092264281
18009,1.9642781608243232
18010,5.81815627502062
18011,6.960322035268405
18012,3.8129548838934686
18013,9.111232820923279
18014,5.354209124246834
18015,8.911762591785969
18016,8.844666528104133
18017,6.644260164942856
18018,7.703059020258305
18019,5.796495230937083
18020,7.558193113390606
18021,8.225945743408445
18022,5.819287093210611
18023,2.8311810631236294
18024,4.371168546853675
18025,8.985143266854678
18026,5.212600944773765
18027,4.863575412007446
18028,5.515183928565736
18029,8.759645327024748
18030,7.582801366387666
18031,7.221734159807507
18032,7.942696894568946
18033,8.259143675773585
18034,4.647889010043093
18035,6.5328330281533535
18036,4.51152211922829
18037,7.925082398452902
18038,6.960489141414075
18039,7.101167183178903
18040,7.166145059302618
18041,2.9178699041372984
18042,5.811408034040831
18043,6.615656689364952
18044,4.116060142197393
18045,6.90283422486888
18046,3.733424779780077
18047,3.6328111962715384
18048,5.914488062532375
18049,6.96272580047173
18050,8.550310836682957
18051,5.132225781961413
18052,5.294539458331373
18053,8.437943283294885
18054,6.243941272027469
18055,6.367786936342252
18056,5.859685490163757
18057,7.318281261139943
18058,6.267636678440982
18059,5.1718430382136376
18060,5.395088729556697
18061,7.7381931904221455
18062,7.623532259051843
18063,2.5381126756773944
18064,6.351579440928636
18065,7.667066174727801
18066,5.028456321976084
18067,8.672708794647944
18068,7.08512987938387
18069,7.386456020221621
18070,5.648408537179786
18071,7.369893311861313
18072,8.099984769172286
18073,6.852738639099055
18074,4.038013203895148
18075,5.148494315363657
18076,6.9099742397207375
18077,7.2350020814412375
18078,5.896088993927696
18079,8.966997844138252
18080,2.3335301273111777
18081,8.471994236204216
18082,8.894961202894317
18083,7.206114000482844
18084,7.475958273209734
18085,1.3140250585087478
18086,5.5772607330780595
18087,4.9805586434624525
18088,5.760369014066508
18089,7.097059767506139
18090,7.103517054593131
18091,6.081054629366532
18092,3.3935329772294502
18093,8.14944651060483
18094,6.192388367956559
18095,7.730480670411697
18096,6.368315928977378
18097,7.532465993835253
18098,4.647274378562335
18099,5.667937406895925
18100,7.236817835911562
18101,4.306855050691963
18102,9.0706835426
18103,4.364180691040527
18104,2.890338445492088
18105,6.075253764336276
18106,5.761152073633252
18107,3.9766141693353334
18108,7.229611958165535
18109,5.004090837999734
18110,6.813977393474847
18111,5.061317594191764
18112,9.05633653017493
18113,8.675062914928503
18114,6.427505608126745
18115,3.348797111610751
18116,2.951494049563736
18117,4.469568040297156
18118,7.607583369318347
18119,5.091679734633824
18120,3.4393479227754007
18121,4.701613524974561
18122,5.400697344927569
18123,3.8058530465699625
18124,4.84727923968254
18125,9.199796428896725
18126,2.7197617138339902
18127,3.795388765580388
18128,7.375986522250229
18129,2.0173622105707607
18130,2.444252733127612
18131,2.59305923844008
18132,6.92570240025013
18133,7.102080475160984
18134,7.673193926084915
18135,6.572991435760279
18136,8.65442248721478
18137,4.4425275628142895
18138,6.302732974620545
18139,7.057777160518433
18140,4.9306235188536895
18141,3.5104442436071466
18142,9.220955155433742
18143,5.300110556921421
18144,5.236256115791364
18145,5.585243519510083
18146,5.095592900406828
18147,6.81219161952824
18148,7.997512216472411
18149,8.345847301881735
18150,8.73575668606218
18151,7.619491586215633
18152,5.7209689884804975
18153,4.8795278900466625
18154,7.594637791120619
18155,7.513582137354334
18156,4.9173643077979925
18157,9.725480086430391
18158,6.534777506997847
18159,2.5411469326938976
18160,8.916110660662612
18161,4.378326234323937
18162,5.224254028882729
18163,4.730918600133672
18164,8.920914929659126
18165,3.2020587232115876
18166,8.168347802926828
18167,3.1440035995772835
18168,8.838519773057701
18169,8.36773402762563
18170,4.707389932324539
18171,6.3886819786051685
18172,4.832928316387622
18173,6.2020227009822655
18174,5.376154005795799
18175,7.9208773061816595
18176,6.648793520732513
18177,7.77284921105066
18178,1.0963507806606883
18179,6.4203033381194885
18180,5.719458045447629
18181,9.472603328008988
18182,4.099509158506063
18183,5.424318732444281
18184,6.9956039329682405
18185,6.773496442293558
18186,7.1759797477925265
18187,3.86364641474006
18188,7.00218428463579
18189,8.150560752128035
18190,8.604430170019743
18191,5.33633787652084
18192,6.0150841321969475
18193,5.016903308929618
18194,3.592858618154485
18195,6.421507342261916
18196,6.458855575810696
18197,8.124095956914507
18198,8.674472258843668
18199,4.413777058772803
18200,8.036311457309024
18201,5.996395517852867
18202,5.92142406084855
18203,8.947157971796512
18204,6.571968137142766
18205,6.655076374254701
18206,5.66569234884959
18207,9.270624206445632
18208,7.5058904379118365
18209,2.8868023934047224
18210,8.448339842025815
18211,8.448793923075918
18212,4.462502147151161
18213,8.669366530798044
18214,6.045746899895722
18215,7.1072673135573226
18216,4.198665441375153
18217,5.242858069777806
18218,4.137396824676674
18219,4.896652230163337
18220,8.010982284907596
18221,1.5953610730818346
18222,4.618227296094119
18223,4.761806226613121
18224,4.8533836959693435
18225,5.942941703027883
18226,6.909990378729093
18227,4.941895794977124
18228,4.964525512678679
18229,6.685206540493993
18230,1.220163239662725
18231,6.320124041526302
18232,3.4150310026615966
18233,7.293887985075458
18234,6.9781084727715745
18235,9.710335316856673
18236,6.2130450240223665
18237,8.87618283901119
18238,5.131606031174256
18239,6.545161865130099
18240,8.285373765028
18241,8.545944670845941
18242,6.64945729613911
18243,6.684014773144127
18244,5.843780809228863
18245,7.846493503499595
18246,2.931851840034242
18247,5.223086894214331
18248,4.245443968129159
18249,7.306825758117562
18250,7.398518795596779
18251,5.779563178059454
18252,3.5852531439142536
18253,7.879272717126016
18254,0.8717358899082617
18255,7.3847897477012
18256,4.41964436060391
18257,8.23404153290215
18258,5.210420113441723
18259,6.561467471157878
18260,9.123599881193426
18261,3.4016743439423416
18262,7.50550739460657
18263,5.305637135765251
18264,7.629695749328022
18265,4.057581178145575
18266,7.94527668980119
18267,4.857123839146629
18268,5.990570296168593
18269,8.889054208140035
18270,6.823039968825004
18271,5.628670063427351
18272,5.6956869145705635
18273,5.71525314235496
18274,2.9331721331216807
18275,2.2496552463182597
18276,4.14981019198488
18277,5.447696472173025
18278,3.680510673431043
18279,8.042761727259453
18280,6.323984943613605
18281,7.536333395800649
18282,6.081525511315232
18283,2.7494232290861236
18284,3.6258859673657025
18285,4.963070600332383
18286,4.056438411702963
18287,6.3190067467983955
18288,7.4808992376386385
18289,5.128578340268363
18290,6.103276666222753
18291,8.960900721754538
18292,4.339962203617723
18293,7.786376435393833
18294,6.832529314735309
18295,6.518469771141307
18296,7.985348281980785
18297,8.827673263581485
18298,0.520965533195929
18299,1.9814987311438825
18300,6.041942429903134
18301,5.514577141063974
18302,6.022475275089684
18303,4.9284146393098895
18304,6.597457371488469
18305,5.076413685849478
18306,7.035928584766674
18307,4.072063145748988
18308,6.066731044627682
18309,4.327851813397825
18310,7.052722832794541
18311,4.680303631571089
18312,7.3741562833601755
18313,5.143107726583302
18314,6.564230098633261
18315,4.70308243261706
18316,9.933209243773005
18317,5.256295469392481
18318,5.71956559420912
18319,4.25876540203667
18320,4.325445664657478
18321,2.906656639292929
18322,3.856887252453914
18323,4.693633501680077
18324,5.0735309005142515
18325,7.188376071350802
18326,4.429519105464744
18327,5.418395651642063
18328,4.067386941764975
18329,2.7686691813128705
18330,6.1530010560934505
18331,7.014791951520228
18332,6.07200729589835
18333,4.748141213493025
18334,5.968842650332414
18335,6.878232329807232
18336,5.183325644444055
18337,5.43808276865663
18338,7.6923353888867245
18339,7.455934155040834
18340,3.50183767918565
18341,9.353461436493248
18342,3.3972824496435474
18343,3.333783531499156
18344,5.584774940425703
18345,5.51525242131859
18346,3.6242690332780803
18347,4.283355096883315
18348,7.124106440672265
18349,4.930192098268854
18350,5.539173696315243
18351,5.040722970634278
18352,2.0882650187788916
18353,5.671810270911011
18354,4.106719488749616
18355,4.1363522970345405
18356,4.742515346340881
18357,3.7930608337817118
18358,8.329361463275257
18359,4.957226469236367
18360,8.236580190353234
18361,7.184715132102803
18362,7.917802000985052
18363,5.445237569983428
18364,7.734305950889782
18365,6.775325009467594
18366,7.115864885645639
18367,6.93444753228813
18368,7.767510459556378
18369,4.221467246299671
18370,2.9053699875193297
18371,8.203128364637855
18372,6.979060293660248
18373,7.254796089332354
18374,5.9418306304056685
18375,7.857737466308808
18376,3.97694702454357
18377,3.33958255209447
18378,6.367394313364421
18379,5.5749749364226515
18380,5.833352217958515
18381,3.336312128981783
18382,7.1564437788396065
18383,4.01276875932996
18384,6.929005279618304
18385,6.228565550015128
18386,5.847474298404546
18387,5.988981788578164
18388,7.663605251891819
18389,2.897082039353264
18390,8.005945331630373
18391,2.744886629148464
18392,3.9038410693166075
18393,8.234558336605419
18394,8.063992284626755
18395,7.080770561729773
18396,6.5858060434041255
18397,2.3998753394932426
18398,7.302884450600672
18399,7.878508700682336
18400,6.8045424305544335
18401,6.249628040990254
18402,4.372781140991187
18403,4.27067901958587
18404,3.6737896093396376
18405,7.331194742858008
18406,8.085183930500726
18407,6.223307537865549
18408,5.702268263294244
18409,5.109329862282367
18410,9.410350927919941
18411,4.437335749419431
18412,4.828539968130098
18413,5.737159396778471
18414,3.3256084260969128
18415,5.0009761186610024
18416,7.041575088736833
18417,6.156725833885869
18418,6.64846245488147
18419,6.0141541006563255
18420,4.994114810844473
18421,7.585034467205763
18422,5.263054625652704
18423,5.383881648727092
18424,7.846909773251771
18425,3.801725653446723
18426,6.2941232899325215
18427,7.720939253964407
18428,5.689473492622286
18429,7.6553948330859
18430,7.368424467282121
18431,2.6252621554149096
18432,4.884986986590133
18433,6.625618240367144
18434,6.15475582926617
18435,4.977640399028659
18436,4.341323459935023
18437,4.898302622442579
18438,4.368693391297505
18439,9.091276348415215
18440,7.296214358035125
18441,7.53953464308663
18442,0.7459011676943126
18443,4.857579843736781
18444,4.6045705849945175
18445,5.145186296604002
18446,8.031732488649313
18447,5.271492631681809
18448,5.644492773508906
18449,1.966809368934462
18450,4.51424179312151
18451,4.460754244676442
18452,7.064881061370123
18453,2.5163622282035694
18454,7.813914796008401
18455,8.064873443182703
18456,4.70627915330966
18457,5.92660267022362
18458,6.855426660732739
18459,3.390462773355522
18460,5.05780835446716
18461,3.8313365991323303
18462,7.284843121020309
18463,4.960096423039072
18464,5.852539752157548
18465,7.409043749091394
18466,6.127898415096047
18467,3.7021186867557727
18468,7.622288267038861
18469,5.596856810854649
18470,6.217276641388875
18471,7.506358822400307
18472,8.143321136852256
18473,4.42893591431248
18474,2.2110739365427894
18475,4.709817803901866
18476,6.3808284065353105
18477,7.084531536373262
18478,8.065986818827128
18479,5.090198127858328
18480,6.958021767000076
18481,2.2892571467533473
18482,5.054730341399434
18483,5.912370737400728
18484,9.382368491361294
18485,4.399358595856495
18486,5.117854010635186
18487,5.419727286295391
18488,5.834224589277635
18489,2.1660027398936395
18490,5.345759093175112
18491,4.924753734496138
18492,4.238042977270619
18493,3.7037338978110745
18494,3.8716035954262797
18495,5.490117105830584
18496,7.5240720250513755
18497,6.217541751668643
18498,7.696823717566717
18499,5.375527477769906
18500,4.280991861465458
18501,1.9429153249552988
18502,4.95838289302328
18503,8.213948103843821
18504,2.506130373210329
18505,5.483269021370941
18506,3.340059418385434
18507,5.127108592168082
18508,2.1250502557140636
18509,5.125142361197444
18510,6.521217641772138
18511,5.360198983357437
18512,6.549033542884782
18513,5.595565085384163
18514,3.853158566336235
18515,4.750548775540433
18516,8.025579743643513
18517,6.03191777414551
18518,5.1205097933081145
18519,6.73520282665237
18520,6.925585185031559
18521,8.496150363173102
18522,6.408174038625145
18523,6.928766384507581
18524,0.25237499765625315
18525,5.528789217520392
18526,5.723524157427564
18527,4.937917356719582
18528,8.600736885301279
18529,8.363709410972024
18530,4.51499394314852
18531,3.0608637833189856
18532,5.5552799113761635
18533,5.016360017438577
18534,7.914438016103519
18535,8.026441603829898
18536,8.266278549955475
18537,3.3181329714561554
18538,6.088862849455168
18539,4.675801471004993
18540,8.473743323391643
18541,4.028361277392703
18542,5.527755597244991
18543,9.28986828144465
18544,6.16062377466343
18545,3.9077478749561654
18546,4.6186936958269715
18547,7.86494599336009
18548,3.632979816512922
18549,5.523173837130143
18550,1.2991174216106443
18551,8.032300682523708
18552,3.4721878861016418
18553,6.76785474642926
18554,4.42108742070021
18555,8.452818532824418
18556,4.67420629380274
18557,7.511540511995051
18558,5.1026402265591635
18559,2.0941036107250715
18560,4.973785308941452
18561,4.95261606618238
18562,7.089690248556047
18563,7.274577406543503
18564,6.810214598572716
18565,3.565426692872076
18566,8.898048396744198
18567,6.81124907549401
18568,2.2730877774241494
18569,9.652319770067955
18570,3.079484260742956
18571,7.7380518164245045
18572,5.789837974243141
18573,5.123730884767398
18574,8.397185956898673
18575,5.680774021219264
18576,7.454130230332503
18577,6.583264682477664
18578,6.474744520585942
18579,7.695116830662892
18580,4.556237670753259
18581,6.754053602260289
18582,6.325893403397436
18583,6.536355889013198
18584,5.790053780443925
18585,8.028393898610345
18586,8.414575286609049
18587,4.361267298299604
18588,7.775944049697004
18589,7.63140553385099
18590,7.237316207322393
18591,3.2917988076888562
18592,7.329058898145122
18593,7.892817209645391
18594,7.676496684633607
18595,3.71569932544144
18596,5.686469382382502
18597,4.213603196623993
18598,4.632544985576207
18599,3.772691909593092
18600,7.390242863070988
18601,8.347967927469652
18602,5.022442665614759
18603,4.703458635662814
18604,4.971869004234318
18605,6.015276846438865
18606,2.6472922502991048
18607,5.05809397416252
18608,8.735883214378196
18609,4.930746468479229
18610,8.047775307432426
18611,6.685592770702991
18612,4.89634109339512
18613,7.215165890151106
18614,4.3144098245404585
18615,6.180073286301442
18616,2.249516910472961
18617,2.829781140818382
18618,7.578531703444849
18619,6.979771821582081
18620,5.886652512168045
18621,4.286626001325963
18622,6.33489551283711
18623,4.297425836858157
18624,6.263377745055971
18625,7.508985248446247
18626,3.5915463541456987
18627,8.20376723428018
18628,7.726990866523776
18629,6.370953510011904
18630,5.543112458394897
18631,7.104202056354778
18632,3.156468138732952
18633,9.413693549916058
18634,2.5036571800944767
18635,5.308393642968174
18636,6.592411169142613
18637,5.499170202310287
18638,8.748112951606815
18639,5.765164661410685
18640,7.746790111252301
18641,0.9209653282212976
18642,3.416626309076076
18643,5.0690155933084835
18644,6.925639392530233
18645,7.103773519880038
18646,3.3544390417898224
18647,4.273572002805543
18648,5.777510040578208
18649,3.3951769618607943
18650,5.4583156857881345
18651,6.581280331527161
18652,4.612039456796971
18653,3.830529904092332
18654,5.390304998232665
18655,2.971248958608509
18656,9.05660504563916
18657,4.636660462037882
18658,5.472542187512292
18659,5.250227098717453
18660,8.136734923747072
18661,7.03231491596548
18662,4.852581014962491
18663,7.870306014664741
18664,4.632691773977897
18665,9.00639186918329
18666,5.462013937737989
18667,8.57187727311012
18668,6.329779414562918
18669,6.9645509655921405
18670,6.859209063899701
18671,6.366351507355677
18672,5.806282990613397
18673,7.382723495963894
18674,5.13533768556089
18675,5.287774632493202
18676,5.999988171078786
18677,5.048006142482112
18678,7.658720445155072
18679,6.763207510033122
18680,5.157161838506024
18681,6.698518749982573
18682,7.289361362980011
18683,6.606952072719871
18684,3.217334649569691
18685,4.297230404640241
18686,4.774068360226377
18687,6.240979644419438
18688,9.063161798404993
18689,7.459467233431497
18690,3.2035350417913935
18691,6.387817501416356
18692,8.943019911948241
18693,8.103475121054602
18694,7.174590418915216
18695,3.371987505600739
18696,8.856604215740898
18697,2.93172988355413
18698,3.562454275466707
18699,4.218657992070678
18700,7.43696118236645
18701,7.705342563096417
18702,7.7779720489040445
18703,6.595814797599519
18704,4.131207971099756
18705,4.1392645075708465
18706,4.7214268107655295
18707,8.29224052857565
18708,8.932351662831392
18709,5.848637471404783
18710,5.5156832066682595
18711,7.601645517850365
18712,6.656369324131714
18713,5.559151229316319
18714,7.6612999731417855
18715,4.915721715192377
18716,6.696503884244915
18717,4.923067322537843
18718,4.25109139073693
18719,5.518243980221745
18720,3.905323141803907
18721,5.000263336953021
18722,6.1305682108040775
18723,9.160777317954532
18724,7.670943445880363
18725,5.4492774954872845
18726,9.276512186464446
18727,6.782812002373641
18728,5.796858085049354
18729,8.627411486600465
18730,3.629900974735687
18731,6.631005899664478
18732,8.04367095800434
18733,4.495644224268158
18734,7.334180056101462
18735,6.32293062099677
18736,6.6458945161256695
18737,7.5378575598609086
18738,2.3689249049941274
18739,3.782272116540914
18740,6.321218385530289
18741,6.093696988043123
18742,7.316925437855889
18743,5.248770902990101
18744,4.502893183066459
18745,8.243649900784282
18746,3.8653331218250537
18747,7.654067003304046
18748,8.52607158357061
18749,2.6344808095525263
18750,5.189230219940763
18751,8.19967809827845
18752,5.705214925389784
18753,8.196252124151497
18754,4.214686427655092
18755,5.054589568392646
18756,4.687076766570948
18757,7.464957013608157
18758,5.172336796308655
18759,3.925947621075321
18760,6.187222744090481
18761,6.450931049370772
18762,7.272380298019309
18763,5.200661526290941
18764,5.349556957340872
18765,8.341925862156572
18766,7.360184495642429
18767,4.9434867916676195
18768,6.468251082619432
18769,1.350392491776306
18770,5.075815394084197
18771,2.1045880841350337
18772,4.521547218963655
18773,8.458310202131361
18774,7.847738330883779
18775,7.119756630378835
18776,7.579163062434322
18777,2.0039420607659757
18778,5.803029164683418
18779,8.506889731545701
18780,5.99728140192082
18781,8.988498447278277
18782,2.086571733179998
18783,8.222252861192215
18784,6.836575334898933
18785,5.691533540075834
18786,8.355412808764534
18787,7.059980104950607
18788,7.726393077870146
18789,6.400882427542961
18790,10.289272468728619
18791,5.513785585038672
18792,9.171619155303805
18793,6.8857917121508665
18794,3.911503447571363
18795,8.43134919335218
18796,6.70730307055453
18797,6.218577502105406
18798,5.789725098347038
18799,5.215586329048184
18800,5.774730074825744
18801,6.019347939304749
18802,6.753649814321851
18803,6.355381733363973
18804,6.799441455356984
18805,8.62426652460221
18806,5.39759487085436
18807,4.87024595059762
18808,5.4383841217626
18809,7.377465780683472
18810,6.33441858200034
18811,5.576847724297681
18812,7.220986875966178
18813,7.7882465871011135
18814,5.677780118478942
18815,5.854290830258166
18816,4.3795759750465795
18817,6.531489722368875
18818,5.039233896878877
18819,5.371049583770971
18820,7.161327980741722
18821,5.37351481921685
18822,1.541509292686521
18823,5.463260542221219
18824,4.6321197582328315
18825,2.931811571376053
18826,5.757660651391291
18827,3.463865667136234
18828,3.457417792338182
18829,7.344151748148441
18830,4.336367998887326
18831,9.508486872731924
18832,5.68725363968458
18833,8.48896419823294
18834,8.411891887971649
18835,7.341404611279196
18836,8.076561598505098
18837,4.971771920759706
18838,5.190742744441256
18839,7.984395933940133
18840,6.726169610294074
18841,6.597168484862014
18842,8.353226677675856
18843,8.624580980317406
18844,6.342103395966598
18845,6.615135837862447
18846,6.332927464593972
18847,8.091990717229788
18848,4.964199685759805
18849,2.788172156677835
18850,8.382635807051248
18851,5.599973054181536
18852,6.622205471879893
18853,4.554221627459328
18854,4.802228724042392
18855,8.763284820841108
18856,5.459166173441389
18857,6.1480972786652535
18858,8.645917076192827
18859,5.277445936949684
18860,5.519585835576794
18861,2.6207830002067567
18862,7.15868008505014
18863,6.618112960196449
18864,7.956772533462312
18865,8.838786218318608
18866,7.983493136037473
18867,6.7994593905617124
18868,9.039998922878494
18869,8.394180709630907
18870,4.608169307328984
18871,7.992394352070144
18872,5.96381292724044
18873,3.8125882793069086
18874,5.5756315206447935
18875,4.411993045419439
18876,1.8609382112003217
18877,5.994388043796609
18878,4.5134565411271685
18879,7.149809930957418
18880,3.105820579985712
18881,7.118451700893238
18882,7.822307404892907
18883,9.33069113071915
18884,4.543672018770374
18885,6.410823661119681
18886,7.719443629929079
18887,5.94509920684212
18888,4.448376201907257
18889,5.073759073041421
18890,3.702352010610883
18891,9.07633600865426
18892,4.559636994346746
18893,9.378214812333262
18894,6.1608477835041695
18895,7.8060928495317485
18896,8.031142420204397
18897,6.067109406884118
18898,7.492596525964631
18899,4.893954270502489
18900,9.419214106465496
18901,4.455963671831944
18902,6.568607667926212
18903,6.309951712558795
18904,3.2606660523510977
18905,4.387160424458424
18906,6.721021708369547
18907,4.931367609266859
18908,7.469550326063278
18909,4.685787543080964
18910,5.2614557551209025
18911,6.224574109584062
18912,6.010724730166247
18913,6.561525807583902
18914,3.4349622591096898
18915,4.059292641785792
18916,8.49250792713582
18917,5.492230010147913
18918,6.905596478420695
18919,5.86133575924614
18920,6.916643061819485
18921,6.407931659270021
18922,7.376013452595857
18923,5.908105950603173
18924,4.127051380157535
18925,3.787967944091223
18926,4.738738067113345
18927,6.756802661438159
18928,6.864994870054741
18929,6.542557720439159
18930,2.3511429189985673
18931,7.19925159784824
18932,7.206447389668599
18933,3.158382400274632
18934,7.541656868945261
18935,1.4702867061699834
18936,8.399381020223823
18937,7.815024206104954
18938,6.654654389314006
18939,9.809287787415784
18940,4.048289949504449
18941,8.166103931209253
18942,8.697663422338978
18943,8.648146835292058
18944,3.3695693509166524
18945,5.7569932697588815
18946,7.410155460466468
18947,1.9946995994939298
18948,6.652260143402641
18949,6.492706172750138
18950,5.143613916370351
18951,8.132543577265347
18952,8.591076667474454
18953,7.693384441317359
18954,6.429942701222275
18955,5.103581626357691
18956,6.141831289975189
18957,5.4280860377232525
18958,7.398670422259859
18959,4.090670934201707
18960,8.03941721542695
18961,9.409456851427517
18962,6.782749032516149
18963,7.052173705924031
18964,4.743506518972605
18965,8.445160671739945
18966,4.865669289391233
18967,9.183391398097314
18968,6.498467227224446
18969,3.2257935017329724
18970,4.053465906213667
18971,6.183033377583765
18972,6.8695052761647855
18973,4.773395292300011
18974,5.596817860360927
18975,4.723985090073209
18976,9.682600301520083
18977,7.191200769173214
18978,6.437171231794123
18979,4.5830535256844085
18980,5.9432729328657565
18981,2.672408106151683
18982,5.565977249771473
18983,6.830093505900034
18984,2.95919005624186
18985,6.237049852556527
18986,2.4443881729791346
18987,4.001469871046357
18988,5.703443840267978
18989,6.963912116680011
18990,5.7658915811068105
18991,6.526006840527134
18992,6.408494309200073
18993,8.654340472361884
18994,6.6830236547495945
18995,3.803296710625185
18996,7.876964121664443
18997,3.2231068089551718
18998,6.058777771297412
18999,4.006864826225758
19000,6.565953983203316
19001,3.226356490147177
19002,4.708068012614577
19003,3.7782795284129165
19004,2.6339009003976854
19005,5.1347798025271825
19006,2.497733823506412
19007,3.789613765731255
19008,3.14519641170735
19009,4.707176150049258
19010,7.643038462484768
19011,5.54696477880893
19012,9.580992782464447
19013,6.59158100557047
19014,8.611791089636666
19015,2.684680026243516
19016,2.205393794917062
19017,3.860999150688603
19018,7.623386298317233
19019,7.68295213227974
19020,6.6325834793387495
19021,5.811530867154704
19022,5.903897830946651
19023,3.6371625871543927
19024,8.031155151062638
19025,7.001733103874916
19026,6.205605704592732
19027,5.760903813107995
19028,8.66279280034462
19029,1.9786252073705186
19030,6.087708900595084
19031,5.233306790754086
19032,3.8393553911369183
19033,6.487525331597257
19034,6.507078064598487
19035,6.805373655618455
19036,7.679221227933988
19037,3.717954917676629
19038,6.902678642848635
19039,6.575471666815348
19040,4.712171820582004
19041,4.319981148675338
19042,7.070677145307864
19043,5.632660788769159
19044,4.850737980506468
19045,4.905584485780126
19046,5.385691139223619
19047,6.544335033485648
19048,7.225270390456836
19049,7.007618909578516
19050,4.373850669009561
19051,4.870830241160788
19052,5.677918966542436
19053,5.6218069669902695
19054,6.670330086410465
19055,7.212719653404396
19056,8.356698770244881
19057,4.605449719116432
19058,5.678713569004869
19059,7.445406169374926
19060,2.436822118941738
19061,7.384519341549107
19062,6.651587533010655
19063,6.921555076900611
19064,9.87005842964811
19065,1.2316709589666133
19066,3.7625963938933547
19067,8.012432039664743
19068,7.591219289695982
19069,7.231647882063118
19070,6.037361415716517
19071,5.614930407396136
19072,9.486008996486559
19073,7.115118294395961
19074,7.57214265393171
19075,5.119236315231725
19076,5.576407093202693
19077,5.526595867492781
19078,5.63176761424611
19079,6.712293676773898
19080,6.134259159155763
19081,4.173535569511638
19082,4.431684202283035
19083,7.30359410274999
19084,6.002674406127286
19085,3.9867865407883896
19086,8.563640901086961
19087,6.546417628654181
19088,2.470427097599312
19089,1.9519744189580406
19090,7.53791848697072
19091,7.968487819462874
19092,7.3030831091753745
19093,2.310782558292196
19094,2.03668452598082
19095,7.185847376206022
19096,3.758401049251776
19097,5.558907489001636
19098,7.565493185947431
19099,2.9342890507022026
19100,3.1515899201114377
19101,6.703960099007374
19102,5.617649310267252
19103,6.00675956368614
19104,8.931639211958025
19105,5.953727553817323
19106,3.7086439835365086
19107,6.9803065626511
19108,6.627189041211452
19109,5.576492864664078
19110,2.1268664555696937
19111,7.6925198921022995
19112,5.248280802980539
19113,2.8871180217830497
19114,6.982467642945045
19115,7.432512925326971
19116,6.945983917838225
19117,8.176057663273886
19118,4.7466887454264235
19119,8.932992955317676
19120,7.806984150359052
19121,9.003364403809583
19122,7.033642431069878
19123,5.184879924082351
19124,8.714887875288158
19125,4.7770999087539145
19126,5.184205950757381
19127,7.030299369506324
19128,3.4006346335282727
19129,5.257862751259238
19130,7.00002070488468
19131,7.00344817899679
19132,5.921460324133093
19133,7.732232457028896
19134,3.3595613628694294
19135,9.205405436324664
19136,4.00253359323033
19137,7.816524377636439
19138,7.980407043159686
19139,6.324154083757243
19140,5.622289671013609
19141,9.477760130073296
19142,5.264967025054846
19143,8.74568948990552
19144,3.2049961418407054
19145,5.099852592278109
19146,2.853715281293758
19147,7.172544165164967
19148,7.902805998112294
19149,4.491194687745134
19150,6.6365132558257445
19151,8.730041714838462
19152,6.622730254587555
19153,4.720607626912793
19154,7.514321437837578
19155,3.7359400609095093
19156,5.480078471234512
19157,8.083520699703126
19158,6.918931191068097
19159,3.6309029528760566
19160,8.64724850280495
19161,3.9159989088929112
19162,9.325527140052388
19163,4.811048960973657
19164,5.118774601490595
19165,6.614331266036075
19166,3.6312907256452265
19167,6.388796460857275
19168,8.385741428644897
19169,8.289370383578875
19170,6.5813540989261226
19171,6.4699694312061125
19172,8.399725579360107
19173,3.989955876105704
19174,8.005608318073731
19175,9.206928304658135
19176,6.412181503369743
19177,5.65079208862301
19178,4.792651652732047
19179,6.319112862882432
19180,7.4234739883996435
19181,5.118477292641993
19182,9.003529585763488
19183,8.720089014247923
19184,4.974789743576668
19185,2.067270058821628
19186,7.964183752115604
19187,8.007558695354065
19188,3.9184690307923327
19189,3.326458153176699
19190,8.18584830234282
19191,6.118850662130687
19192,7.0609836676220015
19193,7.891399046312258
19194,1.7069252687644774
19195,3.7923577269454487
19196,5.202380387014375
19197,6.476817621961851
19198,8.99223330655612
19199,4.622562818915454
19200,4.131615272578422
19201,6.65670746529797
19202,3.4898120506431267
19203,5.147526044422249
19204,8.64782283193171
19205,7.140951056636675
19206,6.397096612760011
19207,6.916108599861593
19208,3.639183493819987
19209,5.778733263403146
19210,7.102086359623434
19211,5.772087537490756
19212,4.709118670033541
19213,7.752384965616164
19214,6.4774630137340745
19215,3.586224750716165
19216,6.180421876155071
19217,7.89635977344285
19218,4.5436991227714225
19219,9.16189669755808
19220,6.777592023007285
19221,3.0044219299271853
19222,8.043576212013273
19223,5.569910411573475
19224,5.078004347595531
19225,6.800064622174081
19226,2.8549316936048657
19227,5.382966528632239
19228,2.6600965878431855
19229,4.22065602536591
19230,4.254465432210457
19231,7.577923911434954
19232,6.962411542897064
19233,7.1280935502489795
19234,8.77307914781173
19235,7.155369758914088
19236,4.7376636140440835
19237,3.1444179915575257
19238,5.247140928229548
19239,3.9382298090505303
19240,6.465707641232233
19241,5.41938533145065
19242,2.412121057199642
19243,7.4610154908318975
19244,7.959797201070171
19245,5.8619234244342096
19246,6.436082607599497
19247,6.710116446608019
19248,7.5806079680955545
19249,8.630849822384876
19250,5.969631717413188
19251,6.592287707197308
19252,3.518636360765357
19253,5.894000504669014
19254,6.750395346227988
19255,6.348428065552705
19256,6.319445761393657
19257,7.634730416160152
19258,3.0582053899517105
19259,4.856292281385802
19260,6.483021613545346
19261,2.23183221431508
19262,7.279193099966196
19263,8.46703946913486
19264,2.6526749588656586
19265,2.2996654843555806
19266,7.435022534374717
19267,8.062608962896926
19268,5.8440097487201035
19269,4.5446252570445935
19270,4.431230832836629
19271,2.6159877169690122
19272,5.639071087115133
19273,8.290959613525045
19274,2.8763447071149844
19275,5.968101099723859
19276,6.437712250716868
19277,7.747559003671707
19278,5.101944530392094
19279,5.522044202971012
19280,3.8379716970186633
19281,2.3660199098944674
19282,7.213396316089387
19283,5.185988013594382
19284,2.2295025869515714
19285,3.864606317830089
19286,4.1063755825621415
19287,5.394029117837437
19288,6.707868405536396
19289,2.5195338077617206
19290,5.28394826401321
19291,6.973745365169961
19292,5.704911176121592
19293,5.190148008052125
19294,8.408524663529194
19295,5.236478343440958
19296,5.103643975576922
19297,4.8555970463584055
19298,6.2462872797383096
19299,6.325893893681235
19300,5.764341644149482
19301,7.173625096070809
19302,4.954037197721031
19303,6.998724005834975
19304,3.0251231292220053
19305,4.9355498688115835
19306,2.0748113246874538
19307,4.842775582527971
19308,7.799804578711903
19309,1.7061925532928948
19310,6.853636839555329
19311,5.66885637755919
19312,3.801900438799814
19313,7.293864787069679
19314,7.067039927756222
19315,3.2189034795977185
19316,5.959539215412719
19317,6.317385739473144
19318,2.509732697968784
19319,4.378953921697343
19320,4.271554474894291
19321,7.893246079589488
19322,2.9210300828075404
19323,5.5487370809353145
19324,6.44599739935475
19325,6.5577027193077795
19326,5.521767493162887
19327,7.918017334244262
19328,5.086368561373423
19329,4.313691118191616
19330,7.6646825889921795
19331,4.5856409622509915
19332,7.259108333334409
19333,7.935003133513325
19334,7.555706425945207
19335,7.424423617519716
19336,7.512256276742403
19337,6.674129412989454
19338,5.075841212749345
19339,8.282891178306686
19340,6.084789546991086
19341,3.9485222835781966
19342,3.9815616079503178
19343,5.66840621874205
19344,6.146037234952117
19345,2.8580841783955546
19346,5.901885128549902
19347,4.716599654900942
19348,2.6737631108626756
19349,6.504595385934077
19350,5.53207705592216
19351,3.1686462073436905
19352,9.019061283050744
19353,2.293055653314597
19354,6.401310934324879
19355,6.818431143569911
19356,7.844516226784576
19357,7.857859870749588
19358,6.7628162459212104
19359,6.921483597142484
19360,7.73757210528604
19361,6.676687661489858
19362,3.719314177728748
19363,5.943739884942762
19364,5.957715983980535
19365,7.417803524006889
19366,4.90339767798372
19367,7.9096532828205
19368,7.801522150688058
19369,8.779134258392574
19370,5.415680725002189
19371,6.285502311499961
19372,6.049963865400831
19373,7.276813244395604
19374,7.787647280005721
19375,6.387890046907701
19376,4.917824759328992
19377,3.9462379175905937
19378,6.94924192401347
19379,5.670390130673482
19380,6.152083785526363
19381,8.559224139007728
19382,7.968157987619715
19383,7.075057522974941
19384,5.962500037856682
19385,2.798508248844541
19386,6.0221299939951605
19387,9.3403601528076
19388,5.825454734312913
19389,8.48943893940704
19390,4.822614096023108
19391,6.7653304499012785
19392,3.684229915645718
19393,4.214173750862508
19394,6.538564252949371
19395,4.658703909529465
19396,1.2063834270180838
19397,4.057056153658356
19398,7.622678385581072
19399,4.3122391828319415
19400,5.744298762300265
19401,6.155919407580838
19402,8.694204224067446
19403,5.161544882842925
19404,8.155409876052993
19405,4.57545562546425
19406,4.530115405306946
19407,6.634613633506798
19408,2.1320575563544213
19409,7.109775724108742
19410,5.650291727756376
19411,7.034740180234392
19412,6.435266955024833
19413,7.7240570230103325
19414,3.277189781660605
19415,7.698118648957882
19416,6.32047228782215
19417,5.194846891330472
19418,1.9352185729448415
19419,7.68630902812911
19420,6.422616539115941
19421,5.352718458432075
19422,4.790864561148304
19423,7.618669324019497
19424,8.42070394561841
19425,6.827781669670539
19426,6.960313285504941
19427,6.361468068076155
19428,6.322694327893421
19429,6.816710277932227
19430,5.67888272814338
19431,6.207143636948494
19432,6.025166878541316
19433,4.632861763585961
19434,8.681701510551626
19435,5.1851414570715715
19436,7.988205927264983
19437,5.380304272118837
19438,3.4271865150732754
19439,4.322122840568065
19440,6.1108238623136595
19441,6.270473850905748
19442,8.20719827376952
19443,5.39718734551814
19444,6.997922973569585
19445,5.357887323052978
19446,8.304503580947147
19447,8.50808924458591
19448,6.84071556161469
19449,9.113782375929615
19450,7.727807835865374
19451,7.925659826750707
19452,5.700457846690771
19453,6.388693362679705
19454,4.035997716093343
19455,5.162420572870973
19456,4.6930869631186125
19457,3.96861188088856
19458,4.246648391939708
19459,6.024421886491927
19460,6.052157482468272
19461,4.517557174202228
19462,5.940053627971029
19463,1.3297501806307384
19464,6.6601807423987305
19465,7.401650701131152
19466,6.698056632544033
19467,3.8766857273341375
19468,5.410622113218287
19469,2.2736425872814214
19470,4.856252708202445
19471,8.998692362490951
19472,3.875596468816922
19473,7.085571757229934
19474,8.77147555268616
19475,4.601447117545496
19476,5.836246546356715
19477,8.186708443501068
19478,3.621657586440149
19479,6.843849223040646
19480,6.024179647480502
19481,5.589084704021486
19482,6.520759075528961
19483,0.5887841764387948
19484,7.425635402131284
19485,8.377025733627733
19486,6.263198428449456
19487,5.660739672578855
19488,8.132677210542608
19489,6.03987808895567
19490,1.960819011631514
19491,8.400323453385287
19492,7.802205230356044
19493,7.761914352132151
19494,6.736868925720612
19495,8.891061195700336
19496,7.171183759320206
19497,5.257234383922303
19498,7.845743886128037
19499,6.091545815120498
19500,3.868461439843585
19501,5.990047540235967
19502,8.819420531217894
19503,7.369192436003718
19504,5.8226871144139905
19505,7.249336227127244
19506,5.924706012103441
19507,6.702107139769695
19508,6.125982788098034
19509,4.348734163799367
19510,8.849118757289315
19511,3.749822874157358
19512,7.739330053748316
19513,8.542698942234631
19514,8.436089681839938
19515,5.971792039796503
19516,2.951442551296995
19517,8.57381308123203
19518,2.647890672010996
19519,6.7919480115176825
19520,6.560174222479651
19521,3.768221986765104
19522,7.87695893372942
19523,4.0109744967770125
19524,6.369018689485237
19525,5.75321783836132
19526,7.992649338315152
19527,8.307678558872215
19528,8.26649992356574
19529,6.378335225190099
19530,3.688225269275678
19531,5.0977136298431835
19532,7.149329394286371
19533,7.038919658024897
19534,9.041903240233328
19535,7.211460002012231
19536,5.975433924878274
19537,8.237595744721663
19538,7.9962760450492
19539,7.597928212120781
19540,4.937072765689029
19541,7.259539837705364
19542,4.985121910990314
19543,2.143284082256341
19544,9.909716302637737
19545,8.826866298008198
19546,3.771454146356714
19547,6.993996291978265
19548,5.584226134722391
19549,5.003521981808931
19550,8.428081206135925
19551,6.3471829899134224
19552,5.979184373274605
19553,5.970959519967396
19554,6.46707701354567
19555,5.857880880713983
19556,5.26494112736268
19557,3.913103832719128
19558,4.809653153717114
19559,9.30427969835838
19560,8.312204099145372
19561,8.03826796380915
19562,8.344201448354438
19563,8.052944315408192
19564,3.9417909231372428
19565,7.557099643382754
19566,8.645832938231877
19567,8.080845762704035
19568,7.889693948585801
19569,3.8869855431278006
19570,6.157553910945904
19571,6.1828079893823835
19572,6.747672135338506
19573,7.192039610854376
19574,7.517946432929288
19575,4.84342964170147
19576,7.074567227292892
19577,3.581514185133983
19578,7.720621218300071
19579,7.966275719930246
19580,7.7797658284115565
19581,6.685840215864952
19582,3.5240700170309465
19583,5.289984863361609
19584,3.1262781520065923
19585,8.666862386237222
19586,4.2500703941600095
19587,9.437653630921346
19588,9.52129475272371
19589,1.701349147327781
19590,1.8256693836009217
19591,6.5496449880042835
19592,3.7340502449764785
19593,4.520092239551701
19594,6.313080497024082
19595,7.426807790580425
19596,5.242282915692972
19597,4.617946656076981
19598,8.397681474962804
19599,6.439055914572507
19600,4.850470219741132
19601,5.61690651845168
19602,3.8607552016028874
19603,1.860714922135308
19604,7.20947484953342
19605,8.485565302681247
19606,10.075106466521365
19607,9.068261914331009
19608,7.7218209260952975
19609,3.5158087377273106
19610,7.579028299743082
19611,6.317036379609081
19612,6.793850398412153
19613,4.196077791505477
19614,3.661160723272157
19615,6.649594231047942
19616,5.563910387804586
19617,4.654482356483425
19618,5.8405628301547505
19619,4.438666185645164
19620,7.241614731335131
19621,6.121445151765535
19622,4.304502000794348
19623,8.240314395021615
19624,5.34487163239576
19625,6.183710881577701
19626,4.619681762227586
19627,4.531316541599238
19628,6.565018186218767
19629,4.84538423017476
19630,6.294977905450571
19631,6.248986296956156
19632,5.665720785931689
19633,3.8619889962151865
19634,6.3061218263565
19635,3.961402785757143
19636,6.155320870998255
19637,5.2987301582484765
19638,5.06079630594217
19639,6.138535418897401
19640,9.304721132725662
19641,5.538775038805127
19642,6.806217002479288
19643,4.567521939471755
19644,1.9983350226387908
19645,5.755722282633999
19646,7.215082456307249
19647,3.082453694104649
19648,6.320790472474093
19649,5.4886392773073425
19650,7.243085182427987
19651,4.184839504929036
19652,4.315368760451125
19653,5.678122638937045
19654,5.586618524179526
19655,4.830102134129378
19656,8.897083125650116
19657,8.63211483128889
19658,4.305676843902388
19659,6.955332786734516
19660,3.116196587934574
19661,5.493222565343677
19662,6.7479897737240755
19663,4.940767776666601
19664,7.887220079870629
19665,6.863946005663077
19666,6.6522922046072965
19667,5.415931906885089
19668,7.8862024375469115
19669,4.056394265936849
19670,3.9969893004374097
19671,6.992099132102059
19672,6.531468075868098
19673,5.0036923960034905
19674,7.835138292463552
19675,8.433294497829385
19676,7.894955100985471
19677,8.97052298520248
19678,4.524422824415242
19679,7.005661888639975
19680,7.109015643475996
19681,9.284259073531336
19682,5.2033916724884035
19683,2.8588843872610776
19684,4.413921251026826
19685,6.786633653769367
19686,5.5708778505160215
19687,7.1381113213059155
19688,6.9403313563309
19689,8.721058300239642
19690,2.2667558397975895
19691,5.1930217378885635
19692,9.425589737300484
19693,8.65744812111097
19694,6.535652995218964
19695,2.0119942509298196
19696,6.721165820677528
19697,5.611903301602867
19698,5.682305406981457
19699,3.1440699536093684
19700,7.403673886000315
19701,8.329201640263957
19702,5.380449877930425
19703,8.393906653099348
19704,7.802072478782921
19705,6.765164293288288
19706,6.8537135707131664
19707,4.591537046230444
19708,4.641536863791579
19709,3.8444859912395017
19710,9.333461921383478
19711,5.149638041487898
19712,8.991580143755312
19713,7.325248231530625
19714,4.710884246223801
19715,6.987532512254286
19716,8.228931448450506
19717,6.59898504173933
19718,3.714949163054752
19719,3.924474303324342
19720,4.537199494696722
19721,5.46732249854364
19722,7.877662770979354
19723,7.684239443423955
19724,5.005100906025096
19725,8.09145630180609
19726,4.731168499799033
19727,4.519604296212776
19728,1.2015111729496513
19729,5.962809085942301
19730,8.048065763056885
19731,5.4161053999865985
19732,5.073379762378227
19733,4.547096220711099
19734,7.43525709357826
19735,7.772134530689321
19736,3.5562974259178346
19737,4.602904030298923
19738,3.5519502207637075
19739,5.562481851797044
19740,6.935835869435682
19741,5.583738329917441
19742,4.736471381326745
19743,5.85748384913827
19744,5.810573016561168
19745,1.131058540661913
19746,3.1279749724584724
19747,8.52882991819901
19748,1.7961257208541754
19749,5.030859095471643
19750,1.9322127737571047
19751,8.121842062630902
19752,4.665959461577339
19753,7.606794209971
19754,5.721613263450405
19755,5.750561092740835
19756,7.4525964609393345
19757,3.8497124889879197
19758,4.206657432420142
19759,6.741277748962006
19760,7.132609260507056
19761,6.359685276955818
19762,6.2469762850282935
19763,5.775209238192835
19764,4.660141086071349
19765,7.1126531412551985
19766,7.042707514505933
19767,7.63156901147073
19768,6.488885399231105
19769,7.086555991300013
19770,6.177780674430875
19771,4.232166045123704
19772,3.4153419915663945
19773,5.371734014498304
19774,4.028714522907344
19775,3.5016818125969444
19776,9.088699050236434
19777,4.903904643575375
19778,5.800124893519514
19779,7.64339184148633
19780,3.834845459439782
19781,5.3724954082055465
19782,7.415919825177801
19783,4.476131762920338
19784,7.806838078652094
19785,5.173785826074556
19786,5.824117578205138
19787,6.525689123591412
19788,6.815993313631428
19789,6.914363274234871
19790,7.516173413882223
19791,7.962196495839126
19792,5.928479491967056
19793,3.545991726350485
19794,7.451385746926797
19795,7.12434634918907
19796,2.684350807724823
19797,4.816547377486553
19798,7.272308633906442
19799,3.535917173502797
19800,4.433341749469054
19801,5.403224799247555
19802,8.200612933978782
19803,7.382315739887832
19804,5.771174947945165
19805,7.064789383323737
19806,9.522752895080343
19807,8.502034092888735
19808,7.944703780319886
19809,6.012183620614417
19810,3.6589213356448265
19811,4.3931661100480355
19812,4.949521724669125
19813,6.6644598702058095
19814,4.28464506962855
19815,7.964209326801607
19816,3.296904471986454
19817,7.152649870205998
19818,8.381872155210209
19819,6.198314428224259
19820,5.199530562874309
19821,5.918435724542162
19822,6.565519080970069
19823,7.441051734128469
19824,9.09329852078009
19825,8.313661707190127
19826,8.36569899284052
19827,4.161612699951516
19828,8.305407039655801
19829,2.5912672508637278
19830,2.7038976174031633
19831,5.720723244652786
19832,3.7789886255197374
19833,5.835914497789586
19834,3.9420322217771124
19835,8.592202464468405
19836,6.975407216419221
19837,3.3360303575711012
19838,4.1856190510912485
19839,8.954829672703653
19840,6.7375939348269895
19841,3.9388273447465827
19842,7.807025174441956
19843,6.137966591386672
19844,5.86730422262935
19845,7.071289175465581
19846,8.386665277665541
19847,9.117759050334115
19848,7.708606088736966
19849,6.0412238839114485
19850,4.477767769870318
19851,6.055058840610677
19852,5.041059795745042
19853,7.796726915462785
19854,5.966941338990952
19855,8.23032306361281
19856,8.631389921931019
19857,3.026582580816207
19858,5.228980271502186
19859,3.123582590508084
19860,7.81316827900066
19861,2.635180768392084
19862,5.775231887569591
19863,7.069850079673159
19864,6.107890509473696
19865,9.463970691320236
19866,8.008572918100995
19867,3.5060908270968936
19868,4.482443459018972
19869,6.420522339760393
19870,7.991287267817438
19871,5.832208267271128
19872,5.562392625133025
19873,4.582862356709919
19874,3.3482376241211385
19875,4.710498318011579
19876,4.738693038858107
19877,8.356670215503263
19878,8.466425036481258
19879,5.0678121026852825
19880,7.259017669851978
19881,7.452053610909397
19882,7.291723118840063
19883,6.410066498169879
19884,6.513417242711826
19885,5.962341723448111
19886,6.059356775753438
19887,6.0637211572437275
19888,6.214409576416527
19889,4.3819885018488955
19890,5.482628638606444
19891,3.771345183860874
19892,2.264011881263613
19893,5.746479196586372
19894,7.924894517304596
19895,7.604093203641203
19896,5.221564827412228
19897,3.5471643820320495
19898,5.2626187277484915
19899,5.185695979519053
19900,6.90340205709779
19901,6.38674863229479
19902,7.918395809751988
19903,8.497961724050324
19904,4.249884725688683
19905,9.987177244437323
19906,7.5194806582306715
19907,8.959205824590416
19908,5.4167153748747365
19909,6.161261034565887
19910,5.7361796185356155
19911,6.026680034931974
19912,6.507671587974646
19913,8.03103382538476
19914,4.477989194984215
19915,6.55503586422354
19916,6.491036483365176
19917,5.544792757833636
19918,4.299203083291237
19919,8.333015838733628
19920,7.409392642375571
19921,7.805365314888394
19922,6.73245747771465
19923,7.222333066377922
19924,7.303468100212425
19925,6.224593247710632
19926,4.307987924762242
19927,7.2122435774250295
19928,7.698380188105304
19929,5.160194995745413
19930,8.084981635890948
19931,4.4416840509493225
19932,6.515702765819582
19933,8.269085268818891
19934,7.887674608036097
19935,5.116812099045045
19936,8.293936694419404
19937,8.064831111834122
19938,2.834717153028363
19939,8.201779412985161
19940,7.566265417757919
19941,8.888515168065313
19942,4.641166257914606
19943,7.12574830625495
19944,6.100636545532856
19945,3.909475303006608
19946,4.255090069338356
19947,1.869719936593922
19948,3.81174275506362
19949,5.796407538717084
19950,8.83821753134719
19951,3.930875947955717
19952,4.423978954601939
19953,5.5964254692475
19954,2.045513765080089
19955,6.2898135393760874
19956,6.958890142322753
19957,8.789669159100898
19958,7.517867744059282
19959,8.597772560092306
19960,5.789073877858203
19961,4.409630693258155
19962,4.7491344354864236
19963,6.108230102305098
19964,3.4592362275196566
19965,5.361117240624006
19966,2.319163715987244
19967,8.82034030150705
19968,4.819171178712211
19969,6.812063177368395
19970,7.648090955906268
19971,5.090746865784009
19972,6.4302915628320925
19973,5.572089804391656
19974,5.55127886238199
19975,2.111434374957494
19976,6.126919396046132
19977,3.2775303158556386
19978,3.905314979211035
19979,6.666945169109671
19980,3.0302589670834443
19981,5.8677668303968025
19982,7.287406339766834
19983,6.440487497137626
19984,3.818927906503108
19985,4.893756631149156
19986,7.34919701774414
19987,8.481805304546144
19988,4.995372450621515
19989,5.304105889749547
19990,8.696256712215472
19991,4.606804526144629
19992,6.890283371156167
19993,6.087454117220615
19994,5.866943627300813
19995,8.58880193244701
19996,6.496123229354207
19997,3.4876966355572305
19998,3.6598795809014653
19999,5.629782678387155
20000,7.214361960026839
20001,8.535001383913384
20002,6.164924679983755
20003,3.070023756179613
20004,3.4672533125475544
20005,6.278830427992512
20006,4.3215661674782035
20007,5.301466593421094
20008,8.455161931317722
20009,5.441324364483791
20010,6.460342967177746
20011,5.757240313614648
20012,2.863620565229365
20013,7.184469599320602
20014,1.7644514872170225
20015,7.572034774306978
20016,4.205485671635296
20017,3.5444061461557386
20018,9.810598199535367
20019,3.5136106537060283
20020,5.377350632594489
20021,4.994512127388104
20022,5.751536281188933
20023,3.6304669305106887
20024,6.282612922819409
20025,3.1359761187084705
20026,4.2261406381891
20027,8.147978593425218
20028,8.590527271032927
20029,6.882091363163561
20030,3.0594464076523096
20031,7.0108439604429975
20032,5.422081890256383
20033,8.481122368569022
20034,7.860819044577924
20035,4.741858742571372
20036,8.166801530840377
20037,6.218945531540452
20038,6.210030834141821
20039,7.932434541663264
20040,7.192009297702513
20041,9.535479884773203
20042,8.494172346922571
20043,4.839842167340463
20044,6.98218722623272
20045,2.7548620575727463
20046,5.956149585909393
20047,4.379785622130174
20048,7.2488790476273754
20049,3.010165347204771
20050,3.4883401745038913
20051,5.801803442310526
20052,6.436860332571408
20053,7.205578033382543
20054,5.2323070485319425
20055,4.201996398901055
20056,6.673657533948286
20057,5.273323538688975
20058,5.616746838414336
20059,6.497270964150574
20060,6.389243057171486
20061,4.8131910542096605
20062,5.391264635744676
20063,5.918263859386361
20064,2.0607197128617085
20065,5.453401108522483
20066,5.259570110136193
20067,8.73662481496205
20068,5.353195043946198
20069,4.588274885907356
20070,3.4667093585762303
20071,6.502929523733056
20072,6.5619828968067715
20073,7.836177199730422
20074,7.695530203823323
20075,6.72755070375478
20076,3.2006723170017954
20077,3.6161253107691644
20078,9.325012263915022
20079,5.986346224747251
20080,7.481010067224333
20081,8.547138499700504
20082,6.424467501595418
20083,4.155799948767372
20084,5.68799359559557
20085,7.442383116903733
20086,6.965595223329172
20087,6.793205374393635
20088,6.11856365519383
20089,3.6879296140275497
20090,2.7732025013605233
20091,6.532843931849672
20092,8.123367653441571
20093,7.35585926132127
20094,9.50502123479873
20095,8.023504430734803
20096,8.016650013386847
20097,4.793129113500568
20098,8.006793482891913
20099,3.8486577834987195
20100,4.965708124450281
20101,4.7319695264596575
20102,4.280588535248725
20103,3.889777972576129
20104,5.820169889447915
20105,7.399027038200676
20106,3.999488999230219
20107,5.284628918312255
20108,5.668113746644988
20109,4.3980122156147425
20110,3.829213488079321
20111,8.324752851943241
20112,4.17666608106263
20113,9.684148183623675
20114,4.413427747389996
20115,5.299051979283038
20116,5.450390576143205
20117,5.173452797584649
20118,2.744096316432404
20119,5.357493918830661
20120,6.914019569956595
20121,6.208985133853515
20122,7.074962797594804
20123,3.1022586360854234
20124,2.578717157195652
20125,7.000357198903204
20126,7.6707308265876915
20127,3.3074541087305858
20128,6.8893249919172055
20129,7.990657578249585
20130,3.709011889487006
20131,5.989574266333979
20132,6.838948633090913
20133,6.282703944004629
20134,5.562679524645482
20135,8.969987864197883
20136,5.370632247455494
20137,5.1999989158477415
20138,3.8907316472557265
20139,9.251142323589306
20140,2.298610712913932
20141,4.256669019508576
20142,5.86064300682233
20143,9.399179939170867
20144,5.678947116812044
20145,7.880712340427481
20146,8.730692435387613
20147,4.960863022531021
20148,5.045184249891666
20149,6.029216473914569
20150,6.5188599364576225
20151,1.5657541096728629
20152,6.333429785922733
20153,5.334506799269128
20154,6.7968193893955595
20155,7.181372296759041
20156,2.9981803867290546
20157,2.870601558606463
20158,5.929817439774674
20159,6.276393665166703
20160,2.597043451121057
20161,4.790467544327019
20162,6.500320573545217
20163,4.589125335000999
20164,8.42307077799061
20165,9.403798900332427
20166,2.1166603297903954
20167,3.4402222178818787
20168,7.00643695853781
20169,7.843487462269013
20170,5.403667050672516
20171,4.527480437473317
20172,4.350671355349928
20173,4.966170870555259
20174,3.431347107168009
20175,5.046062320393781
20176,7.816911384528502
20177,8.872119419981466
20178,1.981294325122541
20179,7.828188748066437
20180,6.030836722226183
20181,8.504575555573714
20182,5.588277227393898
20183,8.783965522315174
20184,6.801588389900601
20185,6.036616969914444
20186,6.788839088110405
20187,6.614891823430321
20188,5.863761795917759
20189,3.470861253213719
20190,4.364841755919478
20191,5.830764655159052
20192,8.264967889898331
20193,7.533368743327191
20194,6.51457106753983
20195,7.188037798432635
20196,5.33829274815276
20197,6.479625264958576
20198,7.617737718847841
20199,8.880763689510347
20200,5.001468933665081
20201,8.84024125869735
20202,3.2278537368757405
20203,6.870549288114232
20204,4.53549254788437
20205,7.322781628043327
20206,5.3442220046134
20207,5.8088360123708345
20208,3.685887256845947
20209,7.100290840241418
20210,8.430622495415617
20211,5.473861482908801
20212,4.349416548722698
20213,8.942491373158253
20214,4.129735243534851
20215,2.7279771421899794
20216,7.017734483558393
20217,6.41849620000762
20218,7.090183909512363
20219,6.336111418648295
20220,4.594637064717833
20221,5.921507954318309
20222,6.794286792526581
20223,5.938730610379663
20224,5.784305141526447
20225,5.250727836818124
20226,5.199541845522646
20227,6.511774266481941
20228,7.853269505640236
20229,7.772295788957289
20230,6.24110784401814
20231,7.727690714341292
20232,7.179277127513611
20233,7.260942065075273
20234,8.74427094671394
20235,5.301811644032543
20236,6.4860133573505
20237,3.639435441593132
20238,6.815887303218953
20239,4.810389991592099
20240,4.9748763693081886
20241,2.096695280563916
20242,7.0686714684480165
20243,4.047638462741438
20244,7.990610828371418
20245,6.5945146245736
20246,6.917787152740322
20247,6.415489220905815
20248,6.054132258594575
20249,2.7920953161305304
20250,5.714767363178995
20251,5.132634902170042
20252,6.746085339341047
20253,7.039398857545088
20254,3.387384110763286
20255,2.489752802265214
20256,5.793064711427689
20257,2.5089398212687652
20258,1.648356100878648
20259,5.118184810229402
20260,7.762712674943067
20261,2.859144855121231
20262,6.120268219710975
20263,6.401410586088058
20264,6.637948547711844
20265,8.903449781861655
20266,3.573634824014895
20267,7.389227658599891
20268,2.6887886032302584
20269,4.957344926935512
20270,5.616628829566118
20271,6.47736580187678
20272,5.736815108131706
20273,3.7261102348116286
20274,1.6730000649173384
20275,9.981858722037742
20276,6.730637036654508
20277,5.886043478253612
20278,4.2338796943815415
20279,9.468020343580674
20280,5.391225009492159
20281,6.741640994864344
20282,6.858942193028644
20283,7.4802629183951925
20284,3.9691050926344125
20285,8.025033646985861
20286,5.49479378802502
20287,6.4669165616788815
20288,3.8393427880546733
20289,5.182467439889589
20290,6.14334652060354
20291,5.344129313420063
20292,6.419667739995771
20293,7.603406924119852
20294,4.260481841376402
20295,6.961463399908014
20296,7.4125604171804325
20297,3.057902986430492
20298,6.263030878873882
20299,4.57655611747965
20300,6.423091822099917
20301,5.15354322570255
20302,6.5553576837400405
20303,2.6052968668172483
20304,5.778369379136054
20305,8.533036883743542
20306,4.805617041633808
20307,8.511148223568478
20308,4.646552014686962
20309,6.1083847116200785
20310,6.015882997991323
20311,4.835299165083953
20312,7.1341772665605285
20313,8.039151961412207
20314,6.312549600859177
20315,6.728987650556288
20316,4.190799754257055
20317,7.40026083220933
20318,5.02812366710453
20319,7.193725811172214
20320,5.6346423298227135
20321,6.760059034740629
20322,8.343598392017459
20323,8.065397524458735
20324,5.063210834739819
20325,4.79265367434905
20326,4.8975399610815575
20327,7.639409472344924
20328,4.455842704155697
20329,6.577099413733549
20330,4.368990322382804
20331,5.881581894448105
20332,7.3537833390383485
20333,9.623559957691894
20334,6.8363847969416165
20335,6.305695912254793
20336,7.74097469765354
20337,4.115349220763137
20338,3.5631261414911095
20339,4.961271282628273
20340,4.7825203704431525
20341,7.4209157174903515
20342,5.944854514266759
20343,8.191369211825391
20344,6.061342031166972
20345,7.533064183662623
20346,7.333490432246834
20347,4.627974113882378
20348,2.1529892859950177
20349,6.122302771756571
20350,7.253403045592323
20351,6.7760226573310725
20352,8.66916716187883
20353,6.465284767991463
20354,5.449875331366447
20355,8.317462660830945
20356,6.607200151550249
20357,4.501231623737501
20358,6.802947780319629
20359,8.423044290118426
20360,6.542391568960127
20361,4.562159187839036
20362,3.669392861032075
20363,2.728021317324775
20364,5.705622284711089
20365,7.479956222764417
20366,8.28706563034
20367,5.850610996200286
20368,5.540696968088073
20369,9.173847444381398
20370,4.374547137220334
20371,6.082828704619238
20372,7.313271102118267
20373,7.3254991698420415
20374,1.8832013783708195
20375,5.149031764085661
20376,3.516274496443192
20377,4.562329925116955
20378,7.664033987440979
20379,4.387294707921941
20380,1.7906880901433102
20381,6.552388019449762
20382,7.1200517341018195
20383,8.9510532287711
20384,7.684068284820158
20385,5.2311126614618795
20386,3.459609192030754
20387,4.896735197134738
20388,3.9792169543500506
20389,4.203172582156218
20390,4.767245090724479
20391,5.699272454623623
20392,7.062219083456101
20393,8.638540807192905
20394,8.130199374824514
20395,7.022865263065864
20396,8.27546122030543
20397,3.58144448481705
20398,3.5164654491288254
20399,7.822752125639462
20400,5.194555374920769
20401,7.389275297323693
20402,7.72897848039782
20403,6.693316627328554
20404,8.88627669288908
20405,3.3113447796378193
20406,6.750130243677346
20407,7.36880745364817
20408,6.15294207416652
20409,6.081578452566662
20410,4.844460958801162
20411,5.5618679615368425
20412,6.840869291687335
20413,4.31747028111464
20414,5.026213874969823
20415,6.6157836945647635
20416,7.806433395443715
20417,7.105361727983456
20418,4.216973615521193
20419,6.437280678432928
20420,5.883500796948524
20421,3.621118669594715
20422,7.9473332816910816
20423,8.252025559184432
20424,7.854784534459518
20425,7.839922468703852
20426,5.17943423591281
20427,5.0779764514757
20428,8.790438663870088
20429,3.8963189552570388
20430,4.625297193057708
20431,6.181749088804582
20432,6.234627113526097
20433,7.112994701295301
20434,4.971778693047922
20435,4.885344821682016
20436,5.093364809592641
20437,4.6564794379918295
20438,8.189169994615686
20439,9.30589534391221
20440,5.341107563310665
20441,6.682149630679923
20442,3.811758864228237
20443,7.9522181685615605
20444,6.106684350432682
20445,6.84948590015797
20446,7.4195093163646755
20447,4.452668669377197
20448,3.373625863486202
20449,6.560928732920573
20450,5.067616773418651
20451,6.332020584033802
20452,7.38151461219758
20453,3.068457819108013
20454,8.795104055538207
20455,4.479275957165993
20456,5.886459875309789
20457,3.0640589936362406
20458,8.927731919982056
20459,8.687462721468165
20460,4.690948480024086
20461,1.7321739100532445
20462,7.1471749012044
20463,6.4221665003578075
20464,3.1652308413144628
20465,2.939446302415149
20466,9.235060269591138
20467,5.940669675528778
20468,5.499269649123434
20469,6.244007529797325
20470,3.5940598809686723
20471,1.3287008345716187
20472,5.501606904711765
20473,4.7459179586281355
20474,6.8327557209751495
20475,3.793663749261264
20476,6.468916636733186
20477,6.06034028339107
20478,2.460335699038745
20479,3.792006422820251
20480,4.047433000163906
20481,9.132187254189827
20482,6.53844633613508
20483,4.9742614187450895
20484,2.369766453842897
20485,7.44301749892287
20486,7.419995597840112
20487,4.717957930451861
20488,3.251610358806506
20489,6.637486053275026
20490,4.294208289149654
20491,3.896275999114426
20492,3.5941182458704013
20493,9.767581456255973
20494,7.58642032032781
20495,2.8270959597590446
20496,3.9062773943927978
20497,7.700647992410387
20498,2.139218682504315
20499,8.522707936665663
20500,6.346955059049029
20501,8.361182352620359
20502,4.007619858533659
20503,6.014915321680617
20504,5.574381491046314
20505,6.046332773945691
20506,3.7892121293274497
20507,7.779575160497517
20508,8.350661426425457
20509,6.126041067918399
20510,8.014007346611978
20511,7.46257803266171
20512,3.220194842794214
20513,9.287584880774986
20514,1.5095185508277356
20515,4.4191645308517025
20516,2.1121048036199395
20517,5.077559644480677
20518,3.805823760678798
20519,5.578368295341518
20520,3.068658280954969
20521,6.937649380898848
20522,5.452390649552796
20523,3.494010320445044
20524,7.370995771294776
20525,6.517164324881303
20526,5.193343180436798
20527,5.339023245287695
20528,7.762870075485501
20529,4.841732033295876
20530,7.346524252123437
20531,6.200546679790908
20532,2.867707227566305
20533,6.2642259170983
20534,9.093694413509386
20535,7.587169235093121
20536,6.111335797393283
20537,9.064939635009825
20538,7.304706944584267
20539,5.470566881998134
20540,5.165996115719856
20541,6.147802635814964
20542,7.97700274130099
20543,6.1783603101799915
20544,7.013435287884546
20545,4.755298589747484
20546,5.9057609569728875
20547,4.367452205989653
20548,5.9413447370189285
20549,6.780206097931397
20550,2.598549122198223
20551,8.308987282012398
20552,8.466257899243596
20553,5.02757654840575
20554,7.378200999641704
20555,9.283150769556496
20556,8.237924719284656
20557,7.35661003798106
20558,8.43483509999433
20559,7.625613361349248
20560,9.836111762971678
20561,2.664526097254515
20562,8.301975888719083
20563,8.636232658011174
20564,4.600713100174774
20565,9.11431050311608
20566,8.07745733801636
20567,5.350913893776257
20568,5.645729284574659
20569,8.862255161503297
20570,3.140190784235736
20571,5.864317281558524
20572,7.377674879196094
20573,7.977177889784018
20574,3.951446565618382
20575,6.657061547659325
20576,8.82931622353324
20577,9.206559885480898
20578,5.692623985831277
20579,6.798801027749718
20580,4.9067602315627505
20581,6.018899997636646
20582,9.179851251832975
20583,6.845633225983064
20584,7.027197642921186
20585,7.9620867768737
20586,4.336603109954377
20587,5.49798937859152
20588,7.320432434143565
20589,4.601919247689769
20590,4.1371396252691
20591,4.7637050996664865
20592,8.603100098009874
20593,5.869529072645494
20594,6.392705259824042
20595,7.743384626645212
20596,5.313298608691436
20597,1.4687811320714488
20598,5.521209141809908
20599,6.785789012441954
20600,1.8868625585941854
20601,4.578543691000316
20602,2.6004876818918374
20603,5.397750440808752
20604,5.758015107165708
20605,6.924974561130345
20606,5.4612458790515035
20607,3.9764266943020012
20608,3.1813495068576674
20609,8.980860267218985
20610,6.643989565002084
20611,9.338081348952047
20612,5.661021382851948
20613,2.891424766718776
20614,8.611152014949795
20615,6.32450230593844
20616,2.139047498475268
20617,5.620016420533531
20618,9.681378762767876
20619,8.916566476320424
20620,6.428177142804877
20621,6.321478528972343
20622,3.564634881912734
20623,7.387839668337471
20624,7.398504438356994
20625,4.54126020799407
20626,7.278011629818203
20627,9.390799940701266
20628,7.32118905042045
20629,9.462104280160462
20630,8.242063919656479
20631,4.713002049465374
20632,4.609364102120573
20633,7.106903036779476
20634,6.668594087108189
20635,6.281131971512266
20636,5.632630612280045
20637,6.997904298727879
20638,5.493286959080316
20639,3.699400083643449
20640,6.2721201543747185
20641,6.705836275175469
20642,7.642679353824659
20643,4.002505517170394
20644,5.133085267715012
20645,4.324239562744359
20646,6.964731684801484
20647,2.4017446885443094
20648,3.814255169352789
20649,4.9865360528218625
20650,5.784158310049304
20651,6.5077264384941245
20652,7.5929881608867085
20653,3.091052979744633
20654,2.310319254255124
20655,5.489270624204119
20656,7.450172536564008
20657,9.245457141072158
20658,8.370932560680867
20659,3.732078240305707
20660,8.322166454665867
20661,8.120370062672693
20662,2.5070293486993
20663,8.895218553512821
20664,6.120573380110691
20665,5.582687167069513
20666,5.2673501294809855
20667,3.0783943853718845
20668,6.799806428395231
20669,6.52208076367376
20670,8.042302100064145
20671,4.967349418475457
20672,7.089745478709662
20673,5.724790427292363
20674,8.035566334443278
20675,4.40395499445358
20676,7.5680184878465395
20677,7.9849747513046205
20678,7.919088496163188
20679,2.67671637647983
20680,8.186928227642374
20681,3.6143090714449566
20682,5.651769015034414
20683,6.9541656644546
20684,4.2469602345957895
20685,7.033131211736294
20686,7.6244525969274655
20687,5.854281839494605
20688,7.561981915898705
20689,2.203037983057621
20690,7.451702034365334
20691,6.908251688388609
20692,7.502282360203227
20693,6.707681597907621
20694,7.033919139186842
20695,6.148682044833533
20696,4.931834734532532
20697,5.199539175916073
20698,5.105565536724847
20699,9.553771593135089
20700,2.36067837730659
20701,6.7631754134397974
20702,7.782828068720596
20703,8.090044877082901
20704,6.890038608324745
20705,7.75661251589928
20706,5.8831701928756965
20707,1.449869651355101
20708,3.4564469042899066
20709,6.653819171422902
20710,8.287685079127384
20711,4.643411109261462
20712,5.533440582187734
20713,8.82001269657517
20714,8.499732731220531
20715,7.4887937902822
20716,6.01338855254662
20717,3.600732857084057
20718,8.626120450202343
20719,6.014645607331317
20720,7.134507139527362
20721,8.789140265369808
20722,3.004397521712405
20723,8.75401219206788
20724,5.450239329484998
20725,3.297685697138591
20726,6.185976971659176
20727,3.680973847658229
20728,5.991023110809184
20729,5.750730798660336
20730,5.444570734785137
20731,2.676957381642636
20732,3.6557309008073395
20733,8.4108999929735
20734,8.754207327745636
20735,5.181911335069616
20736,3.990617673276138
20737,6.567486078898348
20738,5.180118323661821
20739,4.510631946460526
20740,4.462373176906372
20741,6.865876361383775
20742,6.110606379016027
20743,8.414167559507879
20744,5.444615218211915
20745,7.248330485649545
20746,4.174930875935148
20747,4.569029036765659
20748,7.585650419952279
20749,2.3161320772022096
20750,7.278571283515316
20751,3.923526589624743
20752,4.986311791763153
20753,8.538470522403168
20754,2.4610441414618633
20755,3.1586036001896676
20756,6.5130538109177305
20757,8.42061259649017
20758,6.674782503929365
20759,6.718078114221203
20760,5.766962247717659
20761,6.606206095991018
20762,4.02763304879381
20763,6.203258526338683
20764,4.261644737269091
20765,9.643729346591723
20766,5.490632287843157
20767,6.0503893149680845
20768,3.0930819603003528
20769,8.508857533636169
20770,4.160818961979506
20771,5.844924067499575
20772,5.466173384260973
20773,7.99614665130822
20774,7.484218899830305
20775,5.279393796985606
20776,8.918236277870673
20777,4.257576149809972
20778,9.183496238448381
20779,5.2095576089571
20780,7.447293192847991
20781,8.437245763125834
20782,6.912238069564255
20783,5.54717831952189
20784,7.80364397000253
20785,6.088159120558407
20786,4.963422441154557
20787,2.893710416481533
20788,6.822623012346655
20789,1.887525829435335
20790,5.8513704606170975
20791,6.54869414814525
20792,7.661292954642425
20793,7.930836866925395
20794,7.382694206891483
20795,4.9736798531314586
20796,7.464167853466708
20797,5.73594897837379
20798,4.472129286009125
20799,7.309671126240056
20800,5.356920001963509
20801,6.292532896523527
20802,6.395133168227566
20803,4.316536939020056
20804,6.153756854793247
20805,5.291586151168054
20806,5.629733948548655
20807,5.364045736195202
20808,9.534834908342814
20809,5.405682489594615
20810,6.961672077816199
20811,7.852201732758573
20812,8.982041657312067
20813,3.3094952882017306
20814,8.570791102810608
20815,7.118228732498921
20816,6.952603125419851
20817,5.415839840208479
20818,7.477023783821661
20819,7.397186663012261
20820,6.554575438234685
20821,8.103272521995358
20822,5.81195606066579
20823,3.6633528560589017
20824,6.648511265984314
20825,6.584261997168907
20826,7.888924140756047
20827,8.456461885081572
20828,4.601149233382552
20829,7.953884118170755
20830,6.051937715218187
20831,4.169583489821149
20832,2.994096663098659
20833,3.141793939694123
20834,8.403207244847891
20835,7.560429919040717
20836,8.30595550661455
20837,6.3773674488864165
20838,4.633274673885011
20839,4.470499385109623
20840,8.423145742188995
20841,5.744119597590928
20842,8.51951310273811
20843,5.5534053037719175
20844,2.575356432891129
20845,5.418393034284173
20846,6.951574788153107
20847,6.512914620233378
20848,6.810162021106908
20849,5.155900364516643
20850,6.637714730626399
20851,5.262167049374739
20852,8.013328626157856
20853,6.190986830010217
20854,6.147098799364592
20855,1.9354228173400179
20856,5.924343276960318
20857,5.89002920177925
20858,4.810921086932261
20859,1.7787602123971598
20860,2.9845921503491337
20861,6.640771453100885
20862,5.900966937356043
20863,6.277508314664523
20864,4.382733734616462
20865,7.4075996579066326
20866,8.329248520353396
20867,8.163769523110654
20868,6.267389413079387
20869,7.175053646393387
20870,6.714341515916202
20871,6.091494811401052
20872,9.076928498999292
20873,6.788993642144221
20874,6.436134579858437
20875,4.4137065116409975
20876,5.115862659231666
20877,8.24317890279297
20878,6.688439097044297
20879,5.777672331667052
20880,10.04426188743187
20881,6.288169578453589
20882,5.719910873690675
20883,1.657145541686115
20884,5.781274294771002
20885,4.07564310435872
20886,6.236892737941872
20887,5.712446713560329
20888,3.9283032957946866
20889,7.908281553839334
20890,4.637155302748994
20891,8.2466286744745
20892,4.6056042141776805
20893,2.872379661296654
20894,8.24817105700114
20895,7.534284301584635
20896,5.5888677705565
20897,4.794923874815641
20898,5.214775101392109
20899,2.920732362106837
20900,5.308175375533942
20901,6.813705806010245
20902,9.359667458450353
20903,8.061500631948226
20904,5.576799961367617
20905,6.044668085252057
20906,8.835804602138847
20907,2.95792317996189
20908,9.09590824119365
20909,5.061077859185991
20910,5.408411855452999
20911,3.9673052547423446
20912,6.382517065287516
20913,2.7443558818414555
20914,5.700031843673505
20915,9.205324076109296
20916,3.271844993493646
20917,2.629991407717378
20918,6.5509295127397245
20919,3.576217446507831
20920,6.9189517828762455
20921,6.842590912695387
20922,3.4196678385614123
20923,3.8817820286236127
20924,7.8215613603771
20925,5.671622214058911
20926,5.0173220389047195
20927,3.8971729609579757
20928,5.87733831462453
20929,4.290611874607989
20930,6.840101120560829
20931,6.665064248102873
20932,4.6084746220867405
20933,6.100638843849001
20934,4.157969440451122
20935,3.3907464501938787
20936,7.012196644711983
20937,8.253456602009562
20938,9.939880826809778
20939,9.01275806766444
20940,9.907116942455621
20941,8.332649035013286
20942,5.633912562767467
20943,7.020071112160449
20944,1.7259823449333642
20945,6.66262090393813
20946,7.709239312393234
20947,4.263011116057626
20948,8.152322223433345
20949,7.056873499623926
20950,3.436591565543294
20951,5.522957265604717
20952,8.519709720175639
20953,8.497921216358666
20954,1.1617594081914602
20955,3.599214003495101
20956,4.79659543251789
20957,6.426430171651824
20958,7.612413588989563
20959,5.660936359087119
20960,4.842067443244112
20961,4.189807728983256
20962,6.396996937042584
20963,7.92606713861179
20964,7.730391851744461
20965,2.616433851342137
20966,5.209836991095287
20967,3.261543271713431
20968,2.605704565930934
20969,5.360004851005595
20970,6.654189414153163
20971,4.496636127189473
20972,6.8864839100227115
20973,6.673375553615075
20974,7.621528674146011
20975,7.9982970184151565
20976,6.092114890491696
20977,3.949222091735962
20978,4.8502131998537985
20979,5.3991515015332405
20980,5.584581547028115
20981,5.345977101927593
20982,5.6268740617953155
20983,7.868253648898435
20984,5.680832358703873
20985,6.939111698966969
20986,7.785858990972986
20987,6.20473956602452
20988,7.46774195114679
20989,9.471120451252759
20990,8.782161672337324
20991,7.240887106088708
20992,5.402886071069354
20993,3.3365326132726736
20994,5.218071888788465
20995,4.739054680483421
20996,6.975333831577404
20997,6.775202933773567
20998,7.246461025528586
20999,4.7816554991814755
21000,4.041981880791297
21001,7.156179478145506
21002,1.8388696090491603
21003,6.85843236873849
21004,5.311196846483429
21005,8.572668620795136
21006,5.240875540083481
21007,6.603766397751405
21008,5.014173225544227
21009,5.772143886581248
21010,6.23104097794347
21011,8.202084078168602
21012,6.643822974613736
21013,6.390615029304983
21014,7.87899225640921
21015,5.319659990303167
21016,7.068317346306371
21017,5.173534956676585
21018,5.62229582317693
21019,6.335563605297141
21020,6.02802799084417
21021,2.4659539315237953
21022,7.061995248589676
21023,3.3883129095578415
21024,7.655239432559915
21025,4.935309148941738
21026,4.597328905859198
21027,5.332436448279723
21028,6.454133288526095
21029,4.046380868492735
21030,2.7302991294207817
21031,3.816363237700336
21032,7.985037873781848
21033,6.884404399320058
21034,3.4552631214691996
21035,3.624402565165555
21036,7.170697707223767
21037,4.3986289631436986
21038,6.394924702570951
21039,7.382582905282149
21040,8.72183441510217
21041,7.029399693199861
21042,4.795075980562044
21043,4.777701151539673
21044,6.744302722948616
21045,5.512187794302518
21046,7.702939393588034
21047,4.314958884405737
21048,4.434356457738669
21049,3.856158010624858
21050,7.273972409667644
21051,4.871988194600235
21052,5.267270176856108
21053,6.736725604644747
21054,5.336518852094191
21055,7.8859645285535365
21056,4.806495565208526
21057,4.280191833256775
21058,5.512978690557784
21059,5.161670670265422
21060,3.8834948036323107
21061,9.143298771622636
21062,3.302901338959056
21063,3.0063256461485897
21064,3.1412921139136243
21065,6.221191194938264
21066,6.032721603239183
21067,8.85122736870394
21068,2.999993222035662
21069,6.987799173523541
21070,2.470252807127024
21071,2.3212900909864835
21072,4.279794852399123
21073,2.5769942133855923
21074,9.342194088833336
21075,7.118588608419784
21076,9.334833331370575
21077,5.66487356143926
21078,2.1753407361293498
21079,8.936194081681283
21080,2.918062860886944
21081,5.728196303780727
21082,7.82203507663716
21083,6.967415926805175
21084,7.434885206326385
21085,8.547509951836158
21086,8.625902532429038
21087,5.511625586505433
21088,4.08723322661823
21089,2.1907148767264073
21090,2.8076299657226813
21091,5.930345717547667
21092,4.930980360645166
21093,6.363767080626311
21094,7.875531218888166
21095,7.978908142234103
21096,3.923163433911089
21097,4.038124609123001
21098,4.543362298700173
21099,5.241014168489008
21100,5.36963360545727
21101,5.790758523311721
21102,4.836996748016803
21103,4.470512084979643
21104,4.632230402100376
21105,2.4398765987550712
21106,4.253529359149693
21107,5.663340390155147
21108,4.468300693839043
21109,4.457564035310544
21110,7.715909724785434
21111,4.917714418759123
21112,8.29243483184739
21113,7.240289129802104
21114,4.747641249631198
21115,5.324931908736047
21116,3.050183044079104
21117,8.987148114165487
21118,6.340980296535479
21119,6.045691872583103
21120,3.6551132244572453
21121,4.105490064861658
21122,6.078835401702002
21123,5.314973546894865
21124,7.68057535346852
21125,6.24793506072136
21126,2.875139940083408
21127,6.751627363502887
21128,7.793635807471882
21129,7.90625969162129
21130,8.094276447032366
21131,7.299994242627967
21132,6.170731754919218
21133,6.530044966825514
21134,6.371123481645748
21135,3.336605858455633
21136,8.098234670849079
21137,7.70236981816623
21138,7.428410041031483
21139,4.709437495834396
21140,8.505471717963722
21141,6.8401039124341425
21142,2.9977646305445638
21143,3.7681923864276134
21144,8.521963683471451
21145,5.629199530887975
21146,7.883702391738761
21147,4.5941263351567345
21148,5.006813708586775
21149,6.6446374051324195
21150,6.002027773989935
21151,6.389677015098381
21152,5.6178189862708745
21153,7.38551972942576
21154,8.361943684176047
21155,3.0376075686282906
21156,9.114583760430119
21157,6.475733952071254
21158,7.922927177732588
21159,7.9860803573046235
21160,7.013786256436737
21161,5.599298920795349
21162,4.428356111790328
21163,5.056260629871284
21164,7.845594223648405
21165,3.2770919445872515
21166,7.270485851445389
21167,7.590953495063259
21168,5.55022390178109
21169,7.031822059799968
21170,4.985101631201525
21171,7.87540056174459
21172,3.515899722493519
21173,5.294678337328256
21174,5.0013768554419284
21175,8.045272896486383
21176,5.423369225783294
21177,7.108874505028954
21178,5.96133737239389
21179,6.4302551904512955
21180,5.793593676501468
21181,5.864224168360848
21182,4.231267766720017
21183,6.793275574637268
21184,5.050593385307968
21185,5.862469397402167
21186,5.76343479133694
21187,3.456734067616368
21188,8.19660603762831
21189,2.5642769775030527
21190,7.790615177232275
21191,8.06684372288398
21192,5.89389165136359
21193,7.78946558894544
21194,5.740495491493881
21195,7.243295860100406
21196,7.194790558187758
21197,7.045288078994815
21198,8.690356534399628
21199,2.4132575430094323
21200,6.495573183923172
21201,6.5133650727893
21202,9.009176362802453
21203,7.727600407019232
21204,7.555846632332965
21205,7.203203806982963
21206,7.118493482867496
21207,9.072790508649385
21208,6.147154959027788
21209,7.009476364606742
21210,1.260101143823854
21211,6.611343940204273
21212,8.817533422957291
21213,4.120663055451282
21214,3.0046244767373427
21215,6.996613746230305
21216,4.348371724436495
21217,7.000291020518659
21218,6.039187723148147
21219,7.302908809206051
21220,7.8559578384024356
21221,9.202686131631204
21222,5.727902342219241
21223,6.19253650023776
21224,3.263692759100254
21225,7.930880393114382
21226,7.3527203931872664
21227,9.009299411982267
21228,8.909037299195115
21229,6.778848681799613
21230,6.230253282236263
21231,6.1328559019259155
21232,4.094360065787117
21233,6.146762720912263
21234,4.940142874449836
21235,7.958264708871043
21236,7.295465381375695
21237,3.7231097487417713
21238,6.096647767636301
21239,5.647655055454856
21240,5.142925178371307
21241,4.105728128578997
21242,9.384225573450633
21243,6.20947242995931
21244,3.0746321342334237
21245,6.128104659215693
21246,4.472807201251412
21247,5.892962681902764
21248,5.92201634550139
21249,3.8945410207266287
21250,3.846460812576053
21251,6.661119169600278
21252,5.814209174454065
21253,6.082168432820945
21254,7.51920836905283
21255,5.669554649414692
21256,8.334173542530676
21257,6.583798312503053
21258,6.499215032620849
21259,7.9023383053438625
21260,4.444441114294462
21261,2.008354002602304
21262,4.792485237640562
21263,7.144055138672154
21264,7.841089856226725
21265,5.468942556681754
21266,5.57705161173965
21267,2.9565806993093746
21268,5.0789377297062686
21269,8.258063557554921
21270,6.084613155613286
21271,4.138744570287875
21272,4.243115226542142
21273,7.774783794267767
21274,8.305218852689258
21275,6.141982443720673
21276,5.047483940009001
21277,4.8850271730808394
21278,1.6437153074752018
21279,8.531805737899882
21280,5.976525468266972
21281,8.031305525178142
21282,4.4352854107504385
21283,7.8351751309502875
21284,4.375905467915552
21285,6.271901081974271
21286,8.381670915764698
21287,3.821023848194779
21288,6.113045331905695
21289,6.776164500177722
21290,8.768378160475832
21291,5.352213104376738
21292,4.836610730463033
21293,4.577984873342952
21294,6.544223145236163
21295,8.23089228264835
21296,8.065309288580936
21297,6.628962347763483
21298,1.6959209299294062
21299,4.4418853633848725
21300,3.730577962151681
21301,4.76347797944941
21302,6.331818177758725
21303,6.316907364756308
21304,3.6236428094587563
21305,8.285537961270077
21306,6.207481793272448
21307,3.963075613435139
21308,7.45996842592585
21309,6.272680239432747
21310,6.62840697404096
21311,5.833797839193165
21312,6.13831125761052
21313,7.584625636142924
21314,6.296641169772312
21315,4.67649027028684
21316,8.590562317265503
21317,3.4122521600234337
21318,2.88293430418038
21319,6.21068907513599
21320,4.467706677673147
21321,6.216361065047106
21322,4.166605280436726
21323,2.6796650098290877
21324,7.212211241176245
21325,7.20135446961794
21326,8.010970602453744
21327,5.790231646314912
21328,8.089360816829343
21329,7.88667763208681
21330,6.420682444547483
21331,7.711360993587577
21332,4.474893811046807
21333,3.8709845437891244
21334,9.003208221841845
21335,7.689410270136297
21336,7.212851144496514
21337,7.471467511542503
21338,4.659143345937974
21339,3.064419434412255
21340,2.6949460789458155
21341,7.442349891949926
21342,5.013764271792152
21343,2.655315493422989
21344,4.48203965756037
21345,4.578260155933211
21346,4.44285343615315
21347,4.1188129419614405
21348,5.224907866790694
21349,5.372624689847888
21350,6.863312776048058
21351,6.106098666361847
21352,7.714418390158511
21353,6.268480988539992
21354,5.654423024713025
21355,4.546287119779764
21356,6.75013208493234
21357,8.964179483600285
21358,6.679407443541405
21359,7.65406987697971
21360,8.487476912473262
21361,6.46904062759731
21362,3.228482557009404
21363,6.226358247700645
21364,0.8028433986613819
21365,7.2511616985441245
21366,9.29878086721555
21367,6.36285230725645
21368,5.792156389290392
21369,7.230046657734083
21370,5.344976941198014
21371,7.59690378253538
21372,5.339166067020097
21373,4.905027760899435
21374,3.466061160344434
21375,4.2915856935731975
21376,6.619452532959285
21377,4.193706423802339
21378,7.536786141676964
21379,7.874662638064774
21380,6.283061665930652
21381,6.94831636011193
21382,5.387755927950712
21383,5.049033848158467
21384,5.042290960994806
21385,7.504263830633603
21386,2.386493374482429
21387,3.5448477454957565
21388,4.846270942955875
21389,6.552690023454322
21390,5.968571230369955
21391,7.031978870462366
21392,4.611900229957668
21393,3.876924737475017
21394,5.958925065360295
21395,8.12522740352091
21396,5.036078009259361
21397,7.636515225969664
21398,5.636885060556201
21399,6.608327263853171
21400,3.3433644493889045
21401,7.163631995541951
21402,6.163997114360086
21403,9.195049010741233
21404,2.7943099520510826
21405,7.6805928194160735
21406,5.897406440612351
21407,6.173202127576358
21408,4.74421738310343
21409,2.2342780532383504
21410,5.524373420606599
21411,8.635090835201801
21412,6.1212270000606015
21413,8.856630736944714
21414,6.591254923564654
21415,5.477520969295944
21416,2.908482734068492
21417,8.236996124282069
21418,7.5410322362265365
21419,9.152006414096231
21420,4.332834423308522
21421,4.590197089047786
21422,3.9508720749962736
21423,3.3218776090371245
21424,7.037838387533522
21425,3.6587031365702813
21426,7.009467466990997
21427,5.355110901023451
21428,5.847492244385621
21429,3.9894966396547913
21430,7.431345739300968
21431,2.2560619394429953
21432,8.041351576713508
21433,7.997177968764031
21434,8.4966447307457
21435,6.192804797915593
21436,8.482459651850514
21437,9.280317018295879
21438,6.6226797453768915
21439,6.8378161886669275
21440,8.283858627048
21441,6.162897210294977
21442,4.067127039542014
21443,4.1354662785967475
21444,6.794792327230427
21445,5.868836690335693
21446,6.025707380701109
21447,4.795695801799558
21448,7.08730589474315
21449,4.915282947032046
21450,4.944374053615159
21451,6.255883632160894
21452,8.516610509917312
21453,8.462391318249367
21454,5.174566347624337
21455,6.651538159747865
21456,5.148055419437145
21457,9.166309504594134
21458,5.6919575578703085
21459,3.721872206075275
21460,3.3741063873685655
21461,7.213461314396891
21462,3.6756688762916685
21463,8.496358088320655
21464,6.9097826268134055
21465,7.837801828688226
21466,4.6731977152855135
21467,8.90154274018519
21468,5.5524794337298236
21469,3.443491469385679
21470,6.7872884402008005
21471,4.319346337988705
21472,6.732590128935595
21473,6.1678901162661095
21474,3.3042834982701392
21475,3.280871019372632
21476,4.8417044483941485
21477,4.228009011605314
21478,4.913046900122456
21479,6.484551022341566
21480,7.219989692755343
21481,4.456850306282778
21482,7.770621165999444
21483,7.531911271060919
21484,7.161264692413351
21485,6.060863625614866
21486,3.8779400101059016
21487,7.812239503679173
21488,3.0709468060287626
21489,5.825020755275834
21490,6.9223104768604635
21491,8.505735285223018
21492,4.63693816496446
21493,6.258429886217497
21494,7.912827398397951
21495,6.952201263886167
21496,4.555442856581745
21497,5.56351125281126
21498,7.490032167583807
21499,5.3832673021458
21500,6.362911046459747
21501,5.280741763165252
21502,5.5481449434457915
21503,5.297845078354072
21504,6.793296778354492
21505,4.953419498262795
21506,5.975572059786263
21507,4.7107349874765
21508,8.65605539292513
21509,6.647773014567931
21510,7.575855424286213
21511,6.251920195014847
21512,6.713123811817635
21513,6.218935866070481
21514,8.870840290884809
21515,4.384570580550914
21516,7.087416650664087
21517,4.793654652659651
21518,9.108309338485757
21519,5.95167318812924
21520,5.312128294010799
21521,3.840995825700881
21522,6.986111363544427
21523,9.577686507057548
21524,7.2217975104098
21525,6.8184032489107125
21526,4.192412242193482
21527,5.912373359054096
21528,7.939958319223867
21529,5.105308043724239
21530,6.350528291083192
21531,4.7961716204962554
21532,9.67681772447238
21533,5.11524477541877
21534,4.141688234850079
21535,3.9879088286364417
21536,6.531589864283755
21537,8.483339470241729
21538,1.9118758782907008
21539,3.988567543896108
21540,3.560443115590974
21541,6.0950582452842665
21542,6.182762865327922
21543,6.110406162393541
21544,8.316263101072904
21545,4.395935790758637
21546,2.068393831571505
21547,7.1537561912748036
21548,7.559480970785408
21549,5.466303799084829
21550,8.857610374812563
21551,6.5176985435210915
21552,2.255872912206837
21553,6.6031919891826245
21554,3.1956042615625764
21555,5.505504880051042
21556,7.1013824016292135
21557,6.654521922284558
21558,3.8024828033590086
21559,3.1685673483441916
21560,8.856320034530379
21561,7.687412521562076
21562,8.268674209640514
21563,4.765662744268148
21564,3.455014901940194
21565,6.117007491923802
21566,2.7939163284912607
21567,9.035932046397708
21568,8.204884668218059
21569,8.399615742174445
21570,6.057379980424006
21571,5.136022126342906
21572,8.65660204004623
21573,9.071893101707003
21574,4.107806074765191
21575,3.133330688051848
21576,8.070773405007138
21577,8.902117133176606
21578,7.048850633307916
21579,7.291415149227506
21580,5.682212478501402
21581,4.418005539622527
21582,4.983876951775158
21583,6.352451314989292
21584,6.281445020742594
21585,6.437401854388991
21586,7.153824167075847
21587,5.644790610320285
21588,3.5157585799149804
21589,6.278504179212327
21590,4.64256196042925
21591,6.067841139908094
21592,8.287614902282897
21593,8.574201141537829
21594,2.938718438024211
21595,7.13137020621131
21596,5.771107992442625
21597,5.162533982827941
21598,4.392622787072134
21599,3.2574139742427084
21600,7.869310783773571
21601,2.047733206146269
21602,2.7194354035042605
21603,9.293342496226954
21604,5.085605732429589
21605,7.6379231879426355
21606,3.3661795991830545
21607,4.850434247786791
21608,7.673876376717061
21609,4.326542224013887
21610,5.959541007545997
21611,5.300774974900193
21612,4.086953034993281
21613,8.372740191177272
21614,6.13606298307997
21615,4.45319979287902
21616,6.160955612095638
21617,5.525026923581182
21618,9.124558066397936
21619,9.221078064383232
21620,4.019552835012107
21621,8.617670027472677
21622,6.301296523018041
21623,8.175568619731722
21624,9.071059035414894
21625,6.727022525035406
21626,5.194335522371824
21627,6.284498762381517
21628,9.570801345774699
21629,7.5230370543215335
21630,9.166770397296682
21631,3.522574036096077
21632,5.218976096232812
21633,6.33218927980405
21634,2.677301801835537
21635,6.038680719781093
21636,5.527029134793105
21637,5.215785462213095
21638,6.387794200242456
21639,8.113306024120082
21640,9.300224064745668
21641,4.9649192085918274
21642,7.799471591764224
21643,9.03610353318967
21644,4.324097012440513
21645,7.705219829669465
21646,4.66109300666975
21647,6.473181330446002
21648,5.99368585217668
21649,7.941599808389423
21650,2.7702812191422037
21651,4.240643907723919
21652,3.828987093251633
21653,4.62813006874825
21654,3.0053373218849675
21655,5.381632769803202
21656,7.895769516451605
21657,7.575532968330412
21658,7.526976357282044
21659,4.060222706596407
21660,7.360682041432881
21661,2.465727857269249
21662,4.460395019046644
21663,8.077704526241105
21664,3.3960680020619702
21665,4.820167823923421
21666,2.427535952909776
21667,6.777817242046349
21668,6.020333536253956
21669,9.21158361316084
21670,1.597968816916578
21671,6.796037667947465
21672,5.197739977093628
21673,5.479652507038606
21674,4.069292007749387
21675,5.103121394784496
21676,7.879755360840038
21677,3.675977848904064
21678,6.300380761943567
21679,6.49778689329299
21680,5.169269105886892
21681,1.6639829937139201
21682,7.48506792268499
21683,6.7077460203751835
21684,5.888642930380582
21685,8.11283344116231
21686,5.7831929752390945
21687,6.225993166508934
21688,6.962101148444985
21689,5.818660629377981
21690,8.6579270560241
21691,3.883509067487624
21692,6.267412764740152
21693,3.8657288054751286
21694,7.3842668634052036
21695,5.464979841209403
21696,9.654340153201334
21697,4.7211840026792995
21698,2.81782336725586
21699,8.186324797756795
21700,6.097101022628832
21701,7.8926562505287094
21702,3.7151226838554177
21703,6.078250876391189
21704,5.073946636471583
21705,8.650589135291334
21706,3.6146110623215786
21707,8.629445389926106
21708,5.677549016635388
21709,5.672698952190232
21710,9.221887690349792
21711,5.064842859106976
21712,4.322628794010565
21713,5.548882227931376
21714,5.183105867777909
21715,4.766776737109965
21716,7.029277195576555
21717,6.458761931464052
21718,2.3529349690012102
21719,7.737628989208616
21720,4.985688335021898
21721,7.326859184022523
21722,9.184541237088565
21723,6.283464079374612
21724,7.674440944793287
21725,5.57428294174891
21726,9.105928946334403
21727,6.996070312179127
21728,5.449092248534379
21729,5.3061166404090745
21730,6.160744033077258
21731,6.781434644800018
21732,2.272924590805625
21733,4.543813217401145
21734,4.0954332015236865
21735,7.3087486714740235
21736,5.726391316599877
21737,7.4481900726518475
21738,2.090190587626538
21739,8.395883217767716
21740,8.874140345024548
21741,7.212638353931286
21742,3.938912358549745
21743,5.956033062864259
21744,4.3276980506235345
21745,5.4863313766981285
21746,5.800926128399162
21747,2.993111958204748
21748,9.58355966228626
21749,6.81627608877322
21750,6.268444152727973
21751,6.883355856523303
21752,7.50990364334656
21753,8.466615656083547
21754,7.784126663094945
21755,6.829738022683636
21756,4.098429340020991
21757,4.536664550223516
21758,6.370406143888804
21759,4.92264581197878
21760,7.732589320626788
21761,4.741435781815383
21762,6.565029842748834
21763,6.070499559972246
21764,6.300075818364286
21765,5.9506707743909
21766,7.137094728072954
21767,2.858278768129013
21768,6.946188026876161
21769,5.131864499272936
21770,4.273855552611105
21771,3.2092129819327027
21772,5.856393622476839
21773,1.732235345682205
21774,2.3808139685256244
21775,6.229672611810336
21776,4.852557436800014
21777,5.479979512779103
21778,6.294275508841225
21779,4.537756505528929
21780,8.092659020090723
21781,3.2985682925609257
21782,6.284936429539079
21783,3.8640677077536965
21784,7.578471228920206
21785,6.573156268316157
21786,5.335501728958149
21787,4.443223486138696
21788,9.44484649053383
21789,3.5257649066644974
21790,5.21470356391955
21791,5.45609863201143
21792,7.060404461974973
21793,6.395839516529697
21794,6.708142580453014
21795,9.55223380330533
21796,6.305384310690997
21797,5.53565846536043
21798,1.0058137610751623
21799,5.158045238710352
21800,7.208237331713441
21801,2.9363155116140485
21802,4.444304418389779
21803,2.191057057386305
21804,8.439379674450638
21805,5.312941658619427
21806,6.510217417539472
21807,8.334901080276271
21808,2.848693820201634
21809,4.94756154842535
21810,3.536756739151936
21811,6.962918458555665
21812,8.150553618843457
21813,9.536817787686145
21814,7.358373765674214
21815,9.105046428529368
21816,6.3813532170490275
21817,8.675148726258845
21818,6.678272253227995
21819,7.375542628166284
21820,5.7425254905929295
21821,6.836909004256619
21822,7.991548382849631
21823,7.661513960108052
21824,8.027930485809991
21825,5.848732617488294
21826,6.3486496836320985
21827,7.9855934430106155
21828,6.59587852078253
21829,4.031435422890182
21830,4.529511433776401
21831,3.4571494853456857
21832,2.4585595361422943
21833,5.347025518372172
21834,5.474204553853418
21835,5.892147010323904
21836,6.139699658022466
21837,4.997756884675157
21838,8.724158055710753
21839,3.3226496926964435
21840,8.34744443534455
21841,7.059259378187287
21842,1.2802478311377719
21843,9.443535812208324
21844,7.873174452220746
21845,7.172521330744092
21846,7.219755350002136
21847,5.98420609096266
21848,3.380690941466904
21849,5.3711273067593694
21850,3.560005867748799
21851,3.7316009693359025
21852,6.275599038835051
21853,6.938150041179916
21854,4.799478241809779
21855,6.32539662701771
21856,5.193111282414584
21857,8.279385462803234
21858,4.681937344727772
21859,7.435481160737607
21860,7.165991112819639
21861,2.119782532155491
21862,7.858696553315649
21863,3.8127217160965587
21864,8.9865660302001
21865,6.6319942973411985
21866,9.664521808710305
21867,4.156169805096119
21868,5.594592667920478
21869,7.69813388590218
21870,5.340482901779509
21871,6.141669905754958
21872,5.120918207495431
21873,7.156229134450336
21874,6.810748060150385
21875,9.160863800270977
21876,5.515955843553881
21877,5.7578903439877696
21878,5.213324086101627
21879,6.161547557714408
21880,7.804308404968243
21881,5.093498257711725
21882,4.664091380088883
21883,5.145290003868269
21884,6.7618811256018745
21885,8.71718506076217
21886,3.3512358314804986
21887,3.7830988038274898
21888,7.9099522168586365
21889,5.944921992870139
21890,6.225540480795006
21891,5.765563043863258
21892,5.3357764827013305
21893,6.048292731297215
21894,6.296642569767224
21895,8.427591368831315
21896,6.29737629575684
21897,4.846701041054755
21898,6.3864408187317006
21899,6.870126522229071
21900,3.7221025690266054
21901,4.818937747087087
21902,5.407293621998943
21903,7.749304635507647
21904,3.9509260888968143
21905,7.647772629095703
21906,6.388473214475977
21907,4.751791510905011
21908,8.006768154762193
21909,5.593025890190003
21910,4.408333512766098
21911,4.2587450443175
21912,5.075246627558711
21913,7.98797388379362
21914,9.402939309353807
21915,5.551460166033596
21916,6.403527206611967
21917,4.994493495323084
21918,5.545655053084874
21919,8.587282248670412
21920,9.371615517493987
21921,7.733877717833617
21922,7.686967596975046
21923,6.6446329841583776
21924,6.566525310193169
21925,7.361453483607036
21926,6.4904171399774935
21927,5.725695803517037
21928,7.249549989530213
21929,8.567805082047489
21930,6.03106171554145
21931,8.914244109869296
21932,4.34028612792313
21933,5.4544982490838505
21934,3.1648207473149554
21935,5.838137787608669
21936,7.260174315989997
21937,7.464421502802877
21938,8.92336896117903
21939,7.762733331587338
21940,4.40399791295193
21941,5.717531424160531
21942,8.920465839374208
21943,4.0527380209937425
21944,6.50030004030867
21945,6.098112025414471
21946,6.024582172245918
21947,8.840401307691248
21948,4.517273413229974
21949,8.477075252580589
21950,5.885219804221288
21951,8.37209879298867
21952,3.82246139785221
21953,6.454043224493252
21954,2.914671004961114
21955,7.958680886114555
21956,4.8200934336818655
21957,9.069421236358762
21958,7.925098313223184
21959,5.357778094001239
21960,5.094380642122062
21961,5.016370822304338
21962,7.215492413909837
21963,8.59033096647919
21964,8.347681091111053
21965,9.611264538897487
21966,4.73417412110854
21967,3.45373872657882
21968,8.08807025256054
21969,8.981988730509197
21970,5.444119504606531
21971,3.3118976543528675
21972,4.728257719712628
21973,5.816993148348706
21974,8.210343833064213
21975,3.1075447098039186
21976,7.611171237568894
21977,5.3240088296420165
21978,8.56452888823917
21979,5.13786322821442
21980,6.892485922052424
21981,4.942899133802494
21982,5.55515039679038
21983,3.0079626043792245
21984,5.49406678572897
21985,6.980510362892789
21986,8.989023257664982
21987,4.153453657020762
21988,7.325761507166332
21989,8.679812813220169
21990,8.159419715600427
21991,6.4654307713144865
21992,5.325862130267541
21993,6.268195619785423
21994,2.9795840112513807
21995,3.6001893191999246
21996,5.692820197422093
21997,3.0101302525733757
21998,5.7869695438258315
21999,5.472592348164873
22000,5.270273240319455
22001,5.394785454749691
22002,4.760174010661369
22003,1.9826298191578133
22004,5.733833830163491
22005,7.062105024297811
22006,4.782210547432766
22007,9.634972841789349
22008,5.810713623862291
22009,6.727184884076975
22010,2.88623913953208
22011,6.709030493551197
22012,6.579732716460239
22013,4.760300401543608
22014,6.467547652580339
22015,6.114384506696066
22016,5.6244444184094995
22017,5.159360022276852
22018,3.835968762488011
22019,3.621407908092531
22020,4.184601971607171
22021,7.424406881807377
22022,7.409050940895108
22023,4.350163924872222
22024,3.4380684246317634
22025,5.582754506339025
22026,3.4266656949403207
22027,8.905210057770367
22028,8.650029319876863
22029,7.720569338633297
22030,7.604678148306876
22031,7.6177436264645735
22032,4.13145068129084
22033,8.06726043889779
22034,5.028889949483888
22035,8.641945472108267
22036,5.328814297997799
22037,5.084938572158982
22038,5.606404881136509
22039,4.360281035779101
22040,8.341518806775106
22041,6.043990271944972
22042,2.7809899727334146
22043,6.769443613607885
22044,8.859594687459955
22045,5.526282424805575
22046,8.0322498294008
22047,5.106778842329254
22048,8.248027952508515
22049,3.4873987581884256
22050,5.229407011400203
22051,3.2955046904956444
22052,6.475832912345094
22053,8.887983384922691
22054,6.762524587701737
22055,8.446504288060568
22056,6.7599997865912975
22057,8.121905962539003
22058,4.477944860370617
22059,5.591795676566965
22060,8.201666948983746
22061,6.139973900990802
22062,3.508564523196873
22063,6.338858612958203
22064,7.427088515400528
22065,5.05413196826746
22066,4.07620741952445
22067,7.293081838399401
22068,6.492023429562138
22069,6.958326189059821
22070,4.837807054711285
22071,6.327597400875616
22072,4.935675512688378
22073,8.18184954034925
22074,4.756379203734776
22075,5.4484495072588786
22076,5.949910406628365
22077,9.334977218754162
22078,7.11612827512146
22079,8.57430519181241
22080,5.461909947598305
22081,8.642727217189051
22082,3.5033813293950744
22083,8.953483428202215
22084,1.9595521738757962
22085,3.895804766165685
22086,6.480783176457132
22087,2.451338758348482
22088,5.945062590047988
22089,4.854198983273352
22090,5.742071326792072
22091,6.926617986511395
22092,8.753317533757132
22093,7.319547740377004
22094,7.017585732154599
22095,4.8837742411877905
22096,7.400064978149248
22097,5.50339791544508
22098,5.969870459156411
22099,8.295747225269157
22100,3.3562829240533816
22101,5.54572381210041
22102,8.307206797505865
22103,8.805985492059126
22104,1.458188012185857
22105,5.624553092479525
22106,5.070003035301194
22107,7.151440214751514
22108,6.306228475840114
22109,3.451839342116509
22110,5.686859779068373
22111,4.7590559625882
22112,6.352627176186594
22113,6.032507385593556
22114,7.837334258838423
22115,6.616172797321348
22116,4.0203866989039225
22117,4.634396779654915
22118,7.731620339853481
22119,4.887887312613466
22120,4.758958842642514
22121,7.45474095630452
22122,6.314547280665557
22123,4.503362494586313
22124,7.141317379512128
22125,5.927943350714905
22126,6.174647087111845
22127,7.439481866851673
22128,3.679482231514877
22129,7.618434333859873
22130,6.918484353700884
22131,4.891134023885868
22132,5.071746485401676
22133,3.812474639876346
22134,5.359592536457196
22135,6.461794678002821
22136,4.809484338306905
22137,4.657017684689494
22138,4.251255143774638
22139,6.132628285486772
22140,7.3139925416322065
22141,7.964051681841926
22142,4.9819650796718555
22143,7.307657201837071
22144,8.239991824557823
22145,4.710392672583627
22146,3.2103412915837892
22147,3.7931703250109643
22148,1.1209349584576118
22149,6.228415641151641
22150,4.759215084188007
22151,2.9177697875128574
22152,7.5454877336656425
22153,4.0945106395977575
22154,3.8356263554873538
22155,5.709516929406482
22156,3.4341551356821816
22157,5.931589313440093
22158,8.464871308002715
22159,6.866428121548921
22160,9.006781752648703
22161,6.173221281579389
22162,5.609500180414116
22163,4.376834208077496
22164,4.46680638896445
22165,6.680658039312593
22166,5.500562258192433
22167,8.127018485785308
22168,7.831940063380665
22169,3.93522473774367
22170,4.30123437939344
22171,5.085664335911946
22172,3.5215147907673683
22173,4.623490587297053
22174,5.476072306172676
22175,5.883204120390693
22176,3.6931532893007133
22177,1.8288977470651058
22178,8.161083152666512
22179,6.8257370958405525
22180,8.272862827953546
22181,5.592548903045788
22182,4.332573958944816
22183,7.001489851625171
22184,6.132858406671689
22185,6.6074654404775455
22186,5.753607086393199
22187,8.057570676584959
22188,7.01794127511291
22189,2.697818427505097
22190,5.716202276967752
22191,4.684514344141511
22192,5.834542393508691
22193,7.198403856767765
22194,3.830633142783259
22195,4.617332506895696
22196,4.992159808744995
22197,6.350386954910847
22198,7.054024651488054
22199,5.336755625123061
22200,5.092449151790426
22201,5.36767840349617
22202,4.077881985791681
22203,8.886334819444434
22204,5.236737293035354
22205,5.408012780310006
22206,7.944240792351287
22207,2.0793702956033053
22208,3.4617248802177776
22209,7.159827888731423
22210,7.766286102265878
22211,9.135942153545496
22212,4.439870163240423
22213,5.92863687518632
22214,5.2118965923339955
22215,7.055917306114074
22216,7.4864232261232715
22217,5.136470605272882
22218,5.686907866783121
22219,7.7364723470591095
22220,1.5915163394177674
22221,7.373984719406396
22222,4.500788571840194
22223,7.1819217014411265
22224,3.3916302575973365
22225,4.432348662314644
22226,5.521608235118902
22227,3.3070594738918655
22228,7.288812326975744
22229,5.58532389422609
22230,5.412517789330584
22231,7.668259552844115
22232,6.137749405159564
22233,8.77525741510567
22234,5.175791964353299
22235,7.2336100768868405
22236,1.1033743520862256
22237,2.2273370394627503
22238,7.328604114268661
22239,3.4622488052341547
22240,5.791634552512137
22241,7.487047587272252
22242,5.832432076139218
22243,5.1929170739317705
22244,5.4233009512948245
22245,7.601634117645478
22246,7.896871990398928
22247,6.578941744764412
22248,8.780158298525196
22249,4.999373230866657
22250,6.667721602684903
22251,3.1386539960148534
22252,4.394403599889676
22253,8.738899674931744
22254,8.705510111864912
22255,7.11023353662559
22256,6.639238511595705
22257,9.091361992787403
22258,7.003975112462039
22259,1.7304436797702587
22260,2.311815372909823
22261,4.647906175837023
22262,4.341891942420197
22263,7.051718196463287
22264,4.389213143589173
22265,6.959368194843615
22266,4.876631419977203
22267,3.602699636078033
22268,3.2584771266871018
22269,3.8376296940995434
22270,5.828471983014437
22271,3.7710309790040664
22272,7.226267939823538
22273,2.5237010858064077
22274,5.241623197068667
22275,6.828312019954135
22276,7.313878660006944
22277,8.618629336259332
22278,6.7449488443891905
22279,2.2510834497583083
22280,8.516905783728063
22281,4.287597482216375
22282,4.196313892748862
22283,5.731824216308397
22284,8.878617820526186
22285,6.40335371212501
22286,5.10771261391982
22287,6.342405113526665
22288,7.631388687051481
22289,9.165437448031465
22290,3.845138393932666
22291,4.535773416743624
22292,9.158114061185676
22293,6.143775701035798
22294,8.297653777219324
22295,9.833203769793586
22296,3.2280196110372703
22297,3.946501150435626
22298,5.365466914735087
22299,5.947646786709883
22300,3.348814423404674
22301,8.759474296359013
22302,6.167395723283384
22303,5.8629608126217985
22304,5.307483328202246
22305,6.85406868649748
22306,7.375602782507899
22307,6.343986655535199
22308,9.362126043124869
22309,6.449698455628935
22310,9.57532035430019
22311,4.4166981706041515
22312,6.029771386011482
22313,3.3598627317722336
22314,6.1989800413897616
22315,5.732096362276491
22316,4.35412645216636
22317,9.215524066870948
22318,3.1725895179014394
22319,5.314330342656554
22320,5.9988803247305915
22321,4.500214369859019
22322,5.368657876885235
22323,6.319506708204361
22324,7.118302710025074
22325,2.5973832217844537
22326,3.241462879551164
22327,4.279467986939465
22328,5.619334065612885
22329,6.324517146491124
22330,7.136422399686616
22331,5.296420702710885
22332,3.783532014560897
22333,8.080678518363639
22334,9.335875912214647
22335,5.595401245182564
22336,6.04216582126951
22337,5.992453549888204
22338,4.531180391658239
22339,7.8663526503179515
22340,9.373171067721042
22341,3.723383267977656
22342,4.5897600017276705
22343,6.725708907219676
22344,4.885019649993649
22345,7.689296510124688
22346,3.5002390611422434
22347,7.642522565827931
22348,5.686896077643022
22349,6.601971761868449
22350,6.091680183660763
22351,3.2963332681206308
22352,6.512859910865322
22353,6.740579673606296
22354,5.564820412325287
22355,4.960984579005915
22356,7.1075971995684135
22357,5.91757932610788
22358,5.189292624047819
22359,6.5956969417380105
22360,6.337142409484603
22361,2.6496055493938493
22362,7.52629204177889
22363,3.873458100782903
22364,8.819585160795755
22365,7.801705956936083
22366,7.51788861984443
22367,4.92803993257753
22368,4.656421660101831
22369,8.720436892890996
22370,2.9511250885692055
22371,7.3820927769279745
22372,8.265431643761806
22373,3.0546580829194534
22374,7.32814543282872
22375,4.579344157105696
22376,8.974817314154228
22377,4.769654994921024
22378,3.695952409549375
22379,8.172963331687082
22380,7.129816150764271
22381,3.3803447407909735
22382,7.480178527093781
22383,9.034786995038713
22384,6.081172873471021
22385,4.33123929267098
22386,7.87757247940491
22387,3.85391350526831
22388,1.4769346492621653
22389,7.111902290388419
22390,3.2232738203076146
22391,5.163753539665631
22392,7.334164771388702
22393,6.837680310133183
22394,9.20009321516394
22395,6.469419262653956
22396,8.257821845106871
22397,8.445825475390677
22398,7.228439020906813
22399,1.7570528318537801
22400,4.769254712944098
22401,6.544314357038924
22402,8.900581222692466
22403,7.057360491887962
22404,6.726113128480355
22405,6.417343765752567
22406,8.506615336965904
22407,3.5464085253897877
22408,7.993970521156862
22409,3.6027991260832413
22410,5.110081071435437
22411,2.5584563166823306
22412,8.187596402401727
22413,8.21857556472655
22414,7.095238920315177
22415,2.533853773060675
22416,4.895308081988692
22417,8.645130421706476
22418,6.684153635365506
22419,8.494779678154048
22420,6.020038688874227
22421,5.789816604291839
22422,4.469283279047632
22423,4.909474843535691
22424,8.267710975592186
22425,3.621502511437776
22426,6.622726578854069
22427,8.204702350269356
22428,8.39309678531541
22429,4.385147682480554
22430,7.506778024784376
22431,4.34957723365171
22432,4.799610923810403
22433,2.983903398804503
22434,5.651046402813899
22435,4.8337562239620375
22436,6.98325996275233
22437,8.841469058715978
22438,5.068162044671268
22439,1.8219269587391003
22440,5.914562581110884
22441,6.812823761558021
22442,8.90719532990049
22443,8.46617678656622
22444,6.847848047913913
22445,6.308832030924132
22446,4.388543476888411
22447,2.626131138485711
22448,8.481361845765257
22449,5.871666328726419
22450,4.489076086983652
22451,7.2988120943389685
22452,7.148870900118144
22453,5.198772807063748
22454,4.418705205440814
22455,2.756063432090342
22456,6.582777560403051
22457,6.32005052764762
22458,4.571269015066238
22459,3.6819382459928396
22460,7.396793905880414
22461,7.430802363921736
22462,2.922292116989309
22463,6.938819323192588
22464,6.577173738734314
22465,4.8123418319194595
22466,8.352096638899633
22467,4.439255906778527
22468,5.24880942034282
22469,7.488926528572033
22470,6.592764056178568
22471,8.19373329480175
22472,4.791769121416153
22473,4.85162717718567
22474,7.135686557849611
22475,2.2555957914037768
22476,8.952926244946894
22477,7.380466149971041
22478,7.717659047505565
22479,7.041272502599418
22480,4.377115200443118
22481,8.68934836951687
22482,4.46292570076886
22483,6.469083963261678
22484,5.868827601369044
22485,2.5834113504051177
22486,3.3857844798634145
22487,7.654405296670346
22488,3.638909347783817
22489,4.817076656034286
22490,6.337722344567675
22491,6.900933913417775
22492,8.283835356542209
22493,6.779916402153966
22494,5.496387894345979
22495,7.324503542218217
22496,3.693832335353597
22497,8.481423725530059
22498,5.884323096927481
22499,8.384591862707342
22500,6.163953205468781
22501,4.553601006440603
22502,2.847816613154849
22503,8.418516509545917
22504,3.4588972176197474
22505,5.036715400118853
22506,8.074155759716366
22507,2.824348937372621
22508,2.538054998378557
22509,5.794351163945304
22510,6.221904202275499
22511,2.547182900766301
22512,7.163582935295497
22513,4.404797337507345
22514,5.993624779453463
22515,8.928545972299231
22516,6.218243361088682
22517,4.635118521030261
22518,6.621079316573068
22519,7.806232148128727
22520,7.32000792281823
22521,4.616601039672875
22522,5.7890607334369095
22523,9.571797960236331
22524,4.714506116473815
22525,3.5739253405982354
22526,8.19000780581243
22527,5.9270669946937
22528,2.313362834245637
22529,7.269262498844227
22530,4.891589542408169
22531,7.391143816971681
22532,4.425323472824549
22533,5.022034860170532
22534,7.231124698198763
22535,4.323441316978771
22536,4.847708154146245
22537,2.3420713148831185
22538,2.8185685109816863
22539,4.986402204742969
22540,7.816910248638954
22541,7.860357632464672
22542,5.586711680864561
22543,6.328535543404507
22544,6.921031213303316
22545,6.987788298239971
22546,7.5684653184797215
22547,5.907716931861185
22548,5.230999882014221
22549,6.164468578867476
22550,6.422598770389819
22551,6.921680050147503
22552,7.570736899143996
22553,4.202966201781881
22554,7.2233243790325705
22555,3.9250697422019787
22556,4.753228453798898
22557,6.280204890001578
22558,7.848204050666432
22559,7.842981321946803
22560,6.448873039270862
22561,2.17761614952059
22562,7.167452597059246
22563,4.054263537983688
22564,7.59310352558796
22565,7.048342693124111
22566,4.138244887783026
22567,4.844709873323391
22568,7.775766186377797
22569,8.747433693349647
22570,2.7593241935884043
22571,7.125411240328811
22572,4.519365501135499
22573,4.695123702873873
22574,5.838384352374439
22575,7.870047735214047
22576,5.265842588613425
22577,3.6425830297581347
22578,6.565549546188942
22579,5.686897350956866
22580,3.679544273312196
22581,5.981113552510587
22582,6.231204729916628
22583,2.55125464564426
22584,2.82590918357087
22585,4.741506049996352
22586,3.614905258284216
22587,3.620666850825445
22588,3.3227001749827463
22589,5.400430112184934
22590,5.991410413581343
22591,9.252847622318807
22592,3.1853417644653255
22593,5.68560353948098
22594,7.868165759753423
22595,7.365300225149564
22596,6.381530720780273
22597,2.3885769781311947
22598,6.70279581755539
22599,8.072204475935765
22600,4.799607288234441
22601,2.677044175514555
22602,4.976643768317584
22603,7.011590366737169
22604,7.884971859148504
22605,6.1081622523910095
22606,4.615172191076274
22607,6.989773797087341
22608,2.626072928073958
22609,3.7197610073252987
22610,6.255283132877071
22611,8.665181898779649
22612,5.269406766797557
22613,4.250901029466591
22614,2.961274255582093
22615,4.382038522602961
22616,7.343250450946808
22617,4.550118628570865
22618,5.844902655962257
22619,8.050651016660932
22620,4.349964724578954
22621,7.1027711650182495
22622,7.999449680452562
22623,5.362292533566124
22624,4.6078429944688635
22625,6.173124211292962
22626,7.281551059051519
22627,6.31480212703471
22628,8.104622285438854
22629,7.705005898238559
22630,7.312615023349897
22631,6.220794964016667
22632,3.0950243127121766
22633,7.902230878311661
22634,9.228282013786563
22635,8.02067641779179
22636,8.192159845041385
22637,8.886773890206273
22638,6.443966941413368
22639,6.404281598890882
22640,3.6087339262674125
22641,6.971825021350316
22642,7.369036990927826
22643,1.0512598499924173
22644,8.236107299865477
22645,4.930838939563096
22646,6.551689433026768
22647,2.6169770028123494
22648,5.62657546683417
22649,8.001333015844008
22650,7.86016658861986
22651,2.0812695670237025
22652,6.94629306738098
22653,5.127027486978305
22654,4.02591232570818
22655,6.42218606721933
22656,7.898517500170604
22657,3.5172794549271913
22658,4.998283816233353
22659,5.612060929510476
22660,3.615874924706914
22661,6.789197728935696
22662,6.113233791276281
22663,8.057835665014396
22664,8.456630190359629
22665,7.46565470394834
22666,5.0078058999077815
22667,4.64072258960506
22668,8.10016136757316
22669,4.67878381716835
22670,6.144138817963873
22671,7.5096530112735795
22672,4.679428459651572
22673,6.05445463011811
22674,8.102445576526895
22675,4.312320109869255
22676,7.424725696567133
22677,4.510825463743527
22678,5.4192731960499945
22679,4.907556783442767
22680,7.220280627504477
22681,2.796289830144343
22682,4.527035986897959
22683,9.048216303195623
22684,7.553895946464506
22685,5.844892783036888
22686,3.179417479613946
22687,5.158383457692301
22688,3.8144029193638027
22689,5.821100619636937
22690,7.102339728250589
22691,4.888752176460522
22692,4.692320797718865
22693,4.834699126999942
22694,7.487952403049985
22695,3.2187269128788376
22696,5.3491302071278515
22697,4.743416755161762
22698,2.280475820003765
22699,4.618908986014894
22700,7.9491443135199535
22701,4.952502449434649
22702,6.2650360577016935
22703,6.07572978939385
22704,7.2717700142132875
22705,4.666558238489648
22706,5.874642010626736
22707,4.950620298613473
22708,4.724915666418495
22709,8.153059520837768
22710,7.761146936669493
22711,4.744785745101477
22712,6.061344100860644
22713,7.1660794164568165
22714,4.787846014402992
22715,5.808588335951945
22716,7.956676584284239
22717,2.6626500519357577
22718,7.515773035445409
22719,3.563779058020978
22720,7.981387936806371
22721,5.912140664995267
22722,6.539536072628095
22723,4.439983284124234
22724,9.283939842531863
22725,7.056430582001334
22726,5.898031952772462
22727,6.844251484025245
22728,8.395723016500208
22729,1.411967619463674
22730,5.987426799300049
22731,4.835701182641113
22732,3.755082836857595
22733,8.534308501919694
22734,8.560060258115193
22735,8.828684977764379
22736,7.248662915479265
22737,6.169627746541988
22738,7.23286352974137
22739,3.921824540794456
22740,4.93479420909428
22741,5.912227903531616
22742,4.771463262614073
22743,7.5077318492522
22744,3.916797371309798
22745,7.572928780388347
22746,2.39184379677702
22747,6.4453259430537875
22748,8.970332960573744
22749,6.331639876099488
22750,3.2418238016157
22751,6.433499349999574
22752,4.1790965893947165
22753,4.814752111079157
22754,4.7889573246087735
22755,5.892424169778009
22756,4.099207697676454
22757,6.093532287381471
22758,5.300363469622433
22759,3.919020930662937
22760,8.199900734485505
22761,8.08649745330242
22762,8.354282195107343
22763,8.188944346063797
22764,8.150903264502507
22765,6.174088701895566
22766,6.041509090242342
22767,6.453335305251916
22768,6.224625666114638
22769,5.490062137569542
22770,6.7356992361186805
22771,4.134409694595055
22772,7.44560408582176
22773,5.5252125981065685
22774,5.192649251818275
22775,6.902600626181323
22776,6.4150099046634
22777,5.510381352215173
22778,7.69118968746933
22779,9.262879223118658
22780,4.5982185040553505
22781,5.807186673009937
22782,7.32922889405609
22783,7.636622104507983
22784,4.521070534467837
22785,3.1396715104977875
22786,7.26347946257814
22787,9.357183587635307
22788,4.374826430075551
22789,4.793569980178833
22790,7.207215144441393
22791,8.80003103454711
22792,4.400816210173038
22793,4.505573850985258
22794,6.118338794266684
22795,9.537097889593833
22796,7.381208274953492
22797,3.8998634868071442
22798,5.6146401411372295
22799,6.538712206071125
22800,6.1192684593285085
22801,7.610406054840637
22802,6.436163259644218
22803,8.110616838326743
22804,6.043964504824995
22805,9.271640130200355
22806,5.785147788557293
22807,7.133088765393819
22808,5.1520418445907294
22809,5.873297777678195
22810,4.718259116627924
22811,4.966344292667132
22812,5.48215614218137
22813,7.22973959553026
22814,6.63445825251705
22815,7.171871867971974
22816,8.586633712816317
22817,3.216433597400657
22818,2.418502795228303
22819,4.393221121760147
22820,6.254908023252156
22821,6.8620678649099744
22822,5.590475736388585
22823,7.251820445007575
22824,7.759129974020609
22825,5.994449556464491
22826,8.576306457420786
22827,7.689800686335964
22828,3.3124120536986057
22829,5.821768002656153
22830,4.4802434485161005
22831,4.024725194941307
22832,5.83222275988723
22833,4.099501990667082
22834,8.179120449251734
22835,6.28321325343366
22836,7.82753854505192
22837,5.228697399968156
22838,6.75397249997273
22839,6.3702138650921265
22840,2.383593813584129
22841,2.4465980771545492
22842,8.020305576629099
22843,8.550007268726377
22844,5.209665887079865
22845,7.416341907001024
22846,7.670338691329958
22847,7.262850033153587
22848,2.5544317494759547
22849,8.837298973997015
22850,3.213626048682538
22851,6.724462777467587
22852,3.710385363016146
22853,6.3881043990773625
22854,4.752517998956641
22855,5.635008326041463
22856,6.416376081989928
22857,5.1069445908895705
22858,5.379459921975121
22859,5.264745132108647
22860,9.45411405398106
22861,4.166775338977867
22862,6.360739029910244
22863,3.9601160863476417
22864,6.07713222012484
22865,8.488855249479096
22866,8.248662751784694
22867,5.4402173087756935
22868,8.432020771158117
22869,3.8441456396723064
22870,8.237811510354737
22871,5.647746705785254
22872,5.961085919830813
22873,7.108584486047365
22874,6.69888602326858
22875,4.733537218235835
22876,3.681301815436121
22877,8.299298850171011
22878,4.366467995504635
22879,5.811878852182353
22880,3.8191370152286654
22881,4.196433652097955
22882,4.036926731248434
22883,4.23577168458985
22884,5.481018150656495
22885,8.431136132871584
22886,8.924843361165415
22887,4.298921982189886
22888,4.6612531082723905
22889,5.92412475506366
22890,6.969955686966187
22891,4.623088818279272
22892,3.6507599691771206
22893,4.473089731596546
22894,5.832587338955554
22895,6.967412456255639
22896,8.978912349606357
22897,5.949560640934692
22898,3.680466606891856
22899,2.4364039492102987
22900,5.291736995912943
22901,2.845624894968567
22902,8.61574758987982
22903,2.7117010607227794
22904,4.142318270427379
22905,7.7736138478628085
22906,8.848228741498353
22907,6.816470688352428
22908,7.335211194334279
22909,6.920525456394047
22910,8.555469276482532
22911,7.2534256287784435
22912,9.63604944385682
22913,3.326647301654582
22914,2.1632082007279103
22915,5.902499804666387
22916,3.2734053056830392
22917,6.102167826690181
22918,4.694645081591949
22919,2.895106989078111
22920,8.905783239097028
22921,6.793862372641265
22922,3.092427394811834
22923,7.194667532192262
22924,7.320543948803891
22925,5.441547232474902
22926,3.0231595489596486
22927,5.123582071932755
22928,8.103525847281059
22929,6.997487945704673
22930,7.1557726428302475
22931,2.62286281659329
22932,5.30503512539512
22933,7.024038435555685
22934,6.976103502715443
22935,8.4813014236399
22936,2.653073319426551
22937,5.691382602200315
22938,5.129264318220155
22939,7.7837378171115885
22940,5.230504840467582
22941,4.570481826975913
22942,8.532612096978934
22943,3.094617505282996
22944,7.290236342448391
22945,5.077847915189533
22946,4.31267390462552
22947,5.825656733725799
22948,5.7263501649556865
22949,4.961323581384865
22950,5.643089699263387
22951,6.585286711791843
22952,4.635893476839713
22953,5.45884719155355
22954,6.375409418877451
22955,5.174910309624795
22956,2.858070306681266
22957,2.4820004340620456
22958,6.4231884470404355
22959,5.922883688697621
22960,6.964165316446153
22961,6.561322703880325
22962,7.5355514814554025
22963,3.3280568851218364
22964,4.226765094892375
22965,5.775773784543887
22966,4.099843541007317
22967,4.003889548977903
22968,4.026065517478071
22969,2.593480648609777
22970,3.019024226039466
22971,9.417051017709591
22972,6.0106223368120695
22973,4.824400614361108
22974,8.067097046330789
22975,5.173580663149973
22976,2.255939268570081
22977,3.8208913929832984
22978,6.0730557025453145
22979,4.475410766329538
22980,7.874191636502309
22981,7.1497388669760795
22982,6.726616845231935
22983,6.175834253109626
22984,6.772919986161261
22985,5.619968511086373
22986,6.378935283903575
22987,8.701470572638888
22988,9.42845797123976
22989,5.946273603276787
22990,5.4077315933270675
22991,7.4418248402896525
22992,3.7150951681886695
22993,8.132302235127337
22994,3.4233863083636136
22995,4.79926304082933
22996,3.0762056310445387
22997,7.663970430434082
22998,2.7641439734461475
22999,6.44234226476947
23000,2.189112227635058
23001,7.119615557621265
23002,7.9083751553519805
23003,6.151967557341676
23004,9.267260521260738
23005,6.427192690478003
23006,2.390176966471803
23007,8.418872954205352
23008,4.937164981145183
23009,8.436670480712884
23010,5.643447146937513
23011,5.5016601158762155
23012,5.030207088423918
23013,5.8932696766931345
23014,7.817628383066482
23015,2.8388918512760024
23016,6.808502676792863
23017,4.841482751571011
23018,3.929511647563951
23019,8.478279364972844
23020,6.059851113076731
23021,5.857148777511555
23022,4.622276939292831
23023,5.813960029545651
23024,4.989879431134628
23025,3.7064805123535627
23026,4.400951266074297
23027,4.350680790763326
23028,6.538021268978765
23029,5.185467270417185
23030,6.6539571874196
23031,5.672718698371398
23032,5.61775770613755
23033,3.792217521463934
23034,8.434445581491604
23035,5.308371900438433
23036,5.471065394512437
23037,4.9765512490980734
23038,7.872740713749973
23039,4.927271323419956
23040,5.671006123002234
23041,2.5695235064311044
23042,6.056998407820821
23043,5.618472040671074
23044,5.941132021862232
23045,2.9320489556356453
23046,6.291302897210724
23047,8.043164855509017
23048,3.3634741605730887
23049,5.072113593907623
23050,6.0905624126064986
23051,9.572024059313005
23052,4.079949950487776
23053,5.2285643357402485
23054,6.9195108539006815
23055,5.7499130995982055
23056,8.06102020062085
23057,6.027870956380905
23058,8.568309104553872
23059,7.003481725902532
23060,8.342403081104498
23061,5.220699420394652
23062,6.819528207168936
23063,4.16414574325225
23064,6.470577376901496
23065,6.697815465541269
23066,3.792553205966763
23067,6.009852605513434
23068,3.5909056814082105
23069,6.990862201073696
23070,3.559442331606457
23071,5.582383716103375
23072,8.358122583273161
23073,5.417496861191318
23074,7.540271197698724
23075,5.583539279638986
23076,5.987800625588995
23077,7.8694732658712745
23078,7.040044888723447
23079,3.3169762575852717
23080,8.70547660870544
23081,7.385621989948899
23082,6.551166265112874
23083,6.924200449247705
23084,7.318033885780852
23085,6.323058115934508
23086,5.465516690640429
23087,8.505136581496737
23088,7.185202612249881
23089,7.175309528698166
23090,4.978457722106539
23091,6.168645679409235
23092,4.703921675363273
23093,6.49626053975428
23094,7.361337378138278
23095,6.041437361930659
23096,8.45658464495788
23097,5.067263316878198
23098,5.302875893107481
23099,8.179262712171585
23100,6.560490869160214
23101,7.551305425071346
23102,1.2857419447038376
23103,8.154124098727522
23104,5.588806130859071
23105,5.311144859269132
23106,5.014445391739735
23107,4.644030702000531
23108,8.537177733905333
23109,5.118059514674496
23110,3.0370060672203025
23111,4.16915385484261
23112,7.284634941367506
23113,4.113173388439108
23114,7.138826697672522
23115,8.194473170090976
23116,0.9198299495703927
23117,6.766095956826837
23118,6.774335949116534
23119,7.645101542581214
23120,8.693004086752651
23121,6.939978540220959
23122,8.391111920707813
23123,7.86714655225364
23124,5.215604303770707
23125,7.093674798011544
23126,7.910000332094599
23127,4.930276345095866
23128,7.56764342434796
23129,6.188177736318271
23130,3.2879447495648035
23131,5.450502503305012
23132,7.3198807612574734
23133,5.34589425893274
23134,6.401821049991576
23135,5.636065237472402
23136,7.937582924533847
23137,5.068389930081546
23138,3.9232985930804007
23139,8.445257622909384
23140,6.571708167330059
23141,5.589317720268852
23142,4.375151176133881
23143,4.167758196654238
23144,5.3030645564568815
23145,5.498704924285459
23146,7.598304224118417
23147,6.549614529828192
23148,4.200307418863669
23149,7.169083277544432
23150,7.434692462659381
23151,7.421788635113213
23152,5.59183512921654
23153,4.310074280087942
23154,4.751232226844601
23155,3.908647359720635
23156,1.0087448363322529
23157,6.03210375413567
23158,5.327428509677902
23159,4.266636534165557
23160,7.040911508814345
23161,6.3428561164039134
23162,2.3345893418463795
23163,7.7062362485204075
23164,3.607052280679691
23165,6.021981703451328
23166,8.82197851823331
23167,8.595870062612786
23168,7.346829288580766
23169,7.09898343976168
23170,6.716012000461814
23171,2.4288998889962103
23172,7.8453333458255194
23173,7.040760487190026
23174,1.248489703224969
23175,5.548770981612179
23176,6.100651688936703
23177,7.867200944892604
23178,8.789259515178664
23179,6.942891494364748
23180,9.645256199605585
23181,5.781773737477294
23182,4.311785476479347
23183,5.0586457404930245
23184,8.234520491171201
23185,7.231722229361273
23186,6.840973118897085
23187,7.303246130181152
23188,3.5362899148792826
23189,5.324683177849587
23190,7.524538567846543
23191,8.246230217302749
23192,5.595589874813399
23193,8.594646716166215
23194,6.071295808510698
23195,6.376856042636973
23196,4.016972660292549
23197,4.029823488304602
23198,6.8493598857523645
23199,6.386757413687415
23200,5.414740811983142
23201,7.434336253285914
23202,4.464536300125473
23203,6.037961290345998
23204,7.163841303131687
23205,5.651755728622412
23206,5.4001008341632
23207,5.836853009781779
23208,2.6650718574042394
23209,5.362572231523999
23210,1.57385983979893
23211,4.151034267487484
23212,6.819326578995236
23213,3.240237555480935
23214,7.764135665572407
23215,5.517489344638764
23216,6.899245840548846
23217,3.1467710697105793
23218,6.721060170150335
23219,6.898889081556031
23220,4.772872559566626
23221,5.210586043245051
23222,4.056089552810501
23223,3.887313713361879
23224,5.262639382463132
23225,7.109385906332348
23226,7.448891033113231
23227,6.401970538645718
23228,7.727885943884995
23229,7.123832529997482
23230,5.885140278653323
23231,6.608591131006534
23232,7.011951630299848
23233,6.467334426705917
23234,4.804787055848236
23235,3.704614357268692
23236,6.6443387463509875
23237,4.397580369675961
23238,6.988120651914489
23239,6.937438319531125
23240,2.5574794490616948
23241,5.6193364135177895
23242,4.819751297809428
23243,4.480193614495391
23244,5.656153144248534
23245,6.204858794410987
23246,5.894856502106648
23247,5.880523803278999
23248,6.8630432060155435
23249,3.946421273435656
23250,4.568856680014822
23251,6.516598075929041
23252,5.88400466818455
23253,5.322593896507504
23254,1.8493140435180246
23255,8.798266047375245
23256,8.036975573108107
23257,4.4096513199411955
23258,3.2240681193908847
23259,9.117795848282434
23260,8.863296522469602
23261,6.117293070852764
23262,1.5846268860077595
23263,8.132727514529481
23264,7.576122637276326
23265,5.422484850779214
23266,6.800743408501631
23267,5.564228015791441
23268,5.914191764551321
23269,8.965028479962788
23270,7.014073956836701
23271,5.757752698941613
23272,6.076535573690983
23273,7.881692571339715
23274,6.746820974137165
23275,8.273333333960974
23276,7.783496632101247
23277,3.4258813949326687
23278,3.7763763173181077
23279,4.829738830308608
23280,6.021618772320972
23281,4.7734739707857115
23282,6.4331709211383625
23283,4.590394245408755
23284,4.578634435689097
23285,5.8463864891867345
23286,5.028409672745445
23287,5.528281504891179
23288,4.205389908320502
23289,7.095461066872271
23290,7.613826908047524
23291,6.752539071380627
23292,5.481923663191004
23293,5.811792876060252
23294,8.06323350351467
23295,6.505236564356388
23296,9.59947458211415
23297,7.182989510319274
23298,7.971019283137738
23299,7.171145723507457
23300,5.569031827152423
23301,4.941345719288946
23302,7.591301724746057
23303,8.173119743007073
23304,5.467591376205762
23305,4.90862527465069
23306,6.356438353313878
23307,8.294937727982289
23308,8.858950621670349
23309,5.241769070830589
23310,6.5217893477594915
23311,5.470920392366976
23312,7.977418924474101
23313,3.9618294780056895
23314,6.227974038717305
23315,5.152070812242228
23316,9.007792307826593
23317,4.979620339490795
23318,8.918449441596275
23319,7.261019879539272
23320,2.7006132931174154
23321,4.028929458865731
23322,8.034794670086109
23323,6.695838580322756
23324,7.618839893231426
23325,7.305979070045134
23326,6.810310889495101
23327,3.993080746616875
23328,5.891359188447735
23329,4.8275419595519455
23330,9.390264714088286
23331,5.540288394544384
23332,7.221650143569359
23333,5.095327542204828
23334,4.788807312880264
23335,3.6643458356998115
23336,3.1403693616313584
23337,5.055948088498325
23338,5.915525027832375
23339,8.077247950385571
23340,7.30787308554877
23341,8.629929226260334
23342,5.1361555002617525
23343,5.877802515977071
23344,6.098322441449969
23345,7.849698416379226
23346,7.25934009246629
23347,3.1597104237825393
23348,3.9988895185086206
23349,2.029222163723023
23350,5.427425379262668
23351,5.766414720753068
23352,6.806216865015737
23353,4.419035993781106
23354,4.071963490717646
23355,8.68616117228928
23356,6.131958710000637
23357,7.027737319115029
23358,9.428024966653133
23359,5.410981386295639
23360,5.233777482529597
23361,7.8597449928856165
23362,7.928475448615594
23363,3.3109149754026994
23364,4.203480345417242
23365,4.250541652914317
23366,7.49936859592631
23367,5.307213333915725
23368,6.36573563203153
23369,4.70093839143931
23370,4.178776741528005
23371,3.5181020282567004
23372,6.185054521874469
23373,9.08614727103773
23374,4.346987258471091
23375,4.886385508562334
23376,8.749632580731845
23377,4.866618827336106
23378,3.323687683504883
23379,6.708991582889497
23380,4.157358434272837
23381,6.336830215598078
23382,4.624343080592304
23383,5.416178618141699
23384,7.395906606403073
23385,3.8282407927534043
23386,3.8092079159926686
23387,4.284766443450731
23388,3.2791458863006118
23389,2.3377794957790163
23390,4.717657980478145
23391,7.092881256193815
23392,2.431487602424171
23393,7.713843437298869
23394,6.810648777498728
23395,4.165678914147017
23396,6.336706464925959
23397,5.996510975358829
23398,1.7896184452597454
23399,5.932580991277807
23400,9.079185451758738
23401,1.5430805407261083
23402,6.3252223804333
23403,5.285089107344553
23404,5.487097090321749
23405,4.920848940718986
23406,8.876698553374142
23407,8.470266164269548
23408,4.736826299713575
23409,3.016449820927861
23410,8.896506831663057
23411,6.087136200717523
23412,4.859373342718078
23413,8.297394969452563
23414,2.0056701669980157
23415,7.267089718276126
23416,5.732824785366065
23417,5.874454514519467
23418,6.43041979395143
23419,3.849599151020833
23420,7.127214639548187
23421,3.595252824450617
23422,7.256484122828899
23423,7.434181554202303
23424,7.855999033332969
23425,6.718972751023776
23426,7.828272325720659
23427,9.200684690785437
23428,2.3984541409420097
23429,2.9082377465013143
23430,7.266409788155342
23431,5.561164752277093
23432,7.524143632852124
23433,3.4363409948025474
23434,5.3677378475748165
23435,6.343553779784307
23436,8.205553102455028
23437,8.496249309921634
23438,4.246859996966757
23439,2.5819785251249168
23440,2.180266552613756
23441,4.485660968608894
23442,3.981008679565358
23443,5.650991451541084
23444,5.027677878339869
23445,7.6810371106310456
23446,7.296833581686782
23447,6.937233592170461
23448,3.7696606155346633
23449,6.442268640063612
23450,7.519408367139976
23451,4.161679909154381
23452,7.387321664946096
23453,4.342024662245792
23454,8.061707656250379
23455,3.604059824114831
23456,6.658017521344448
23457,6.29106587444848
23458,3.967042826275516
23459,2.1848258638449467
23460,3.4237905691215933
23461,9.019970489283105
23462,7.503647766300395
23463,6.5720373678044846
23464,7.454880922198556
23465,5.8663398382316325
23466,8.098971397377905
23467,9.266403451208387
23468,5.498611766887872
23469,4.7008504063348395
23470,8.108144811402651
23471,4.960332500582763
23472,5.375655004641066
23473,8.517145110793582
23474,5.684657498444712
23475,4.018624250776984
23476,2.0031768905536764
23477,6.773523843836812
23478,6.862604433258936
23479,3.6128828808233067
23480,6.32296517359783
23481,3.951302738740994
23482,9.236112464229443
23483,5.675562710906433
23484,7.783998116411665
23485,7.627478437970292
23486,7.721051564485771
23487,6.678666666870493
23488,8.848467090427466
23489,4.659872978013529
23490,4.401201269758902
23491,4.001113058979807
23492,4.879724771253829
23493,8.612892067695524
23494,3.3588513506110784
23495,5.128112430125663
23496,6.930089892894553
23497,3.644363067650319
23498,3.824762761890256
23499,5.689239583864727
23500,2.4577618300418833
23501,7.138696573645537
23502,9.890559682556264
23503,7.3803565335216215
23504,6.2310716157286095
23505,8.386115509042838
23506,6.926367936295003
23507,6.330642035823493
23508,7.778421275811105
23509,9.79739186446981
23510,4.07947123464392
23511,6.590315994051153
23512,4.514190850234435
23513,4.715699733000059
23514,7.11430838167671
23515,2.651348437633655
23516,8.28923715471464
23517,6.611891834937008
23518,5.043288103740711
23519,4.911056379577595
23520,6.233346694793499
23521,8.18639882142838
23522,7.2536641439445955
23523,6.237108229463118
23524,5.719343475633881
23525,4.250818711886805
23526,7.7868109699094035
23527,1.7534234426772677
23528,3.437523846580984
23529,8.418941271176823
23530,8.989348991705887
23531,3.9458766436300943
23532,4.981161143949418
23533,6.745748109038209
23534,6.210610916638309
23535,6.1572145836161996
23536,6.697382298052763
23537,2.202991749620988
23538,7.239233268091727
23539,2.042759227182187
23540,4.570835693325065
23541,4.273558193736464
23542,3.1309467093520578
23543,4.892147766047492
23544,4.599735980638432
23545,6.048892591910904
23546,3.2602060669176858
23547,8.77775514232737
23548,6.058882602849386
23549,6.659908691615396
23550,6.983688134111317
23551,5.481117026698853
23552,5.450169612391665
23553,5.515224079219406
23554,2.772937910494435
23555,5.290413660249758
23556,7.026956298701959
23557,7.368789243486495
23558,4.115163772409603
23559,8.804106178789079
23560,6.882763189091517
23561,8.959342795598914
23562,5.534457636016213
23563,7.785758270827035
23564,4.526698993488177
23565,5.098524929256778
23566,5.9340661519808044
23567,4.691649202742472
23568,5.7357054029824495
23569,2.572533566804326
23570,7.226740284193532
23571,5.7302652562959455
23572,4.545436005768857
23573,4.109178283113752
23574,4.852532082366729
23575,4.60201964180464
23576,6.6794049419715975
23577,6.863448901187552
23578,2.828059380262121
23579,6.920604970317144
23580,4.884506612351196
23581,4.441670621270962
23582,6.187110307823861
23583,5.893255497929917
23584,6.583859746881126
23585,4.51252345928402
23586,2.912358908640232
23587,5.588119499821877
23588,3.7764315002760673
23589,4.9899103663124995
23590,9.360524193675678
23591,6.007331286350265
23592,4.350057379061568
23593,4.705373031823434
23594,3.4154193852987653
23595,6.844305616649833
23596,3.178038616743381
23597,2.10453237755792
23598,7.5700236521295725
23599,3.092551566325254
23600,3.0697127207807324
23601,7.40585991673425
23602,6.249301153004901
23603,5.781428378280603
23604,2.0655742583539016
23605,9.595858668486303
23606,4.17125997678692
23607,5.2399973797155095
23608,7.280388778893385
23609,8.165770591439644
23610,2.061629487471718
23611,2.530716273349932
23612,3.52117828705317
23613,7.426745711946479
23614,6.491118524995649
23615,2.6839105273353883
23616,6.8118520161096825
23617,6.734921803929759
23618,6.1803467348296985
23619,2.460488124221855
23620,5.257675845929769
23621,5.298611131918074
23622,6.842373396386104
23623,7.120611246514349
23624,5.490286645696758
23625,8.8477121557797
23626,6.3586929755017
23627,7.42492505277666
23628,1.065353295760483
23629,8.745217040103274
23630,5.663149031985389
23631,7.567187621367454
23632,4.4430406871552925
23633,7.458520010021526
23634,6.2831210482958655
23635,4.538429870564112
23636,5.440866802849083
23637,5.352377703351616
23638,7.490671283078629
23639,9.384703058079037
23640,4.585491703861705
23641,8.665139551898626
23642,4.689997826271628
23643,4.536136739263099
23644,7.963607826888657
23645,7.431341863937506
23646,2.1213264412109822
23647,5.481802378018743
23648,6.02732060253245
23649,5.566446854510366
23650,6.907466292780391
23651,7.48611503119359
23652,7.0078852563850695
23653,5.495381415610885
23654,4.796277750889791
23655,7.009672162019227
23656,6.61050401807434
23657,5.204387583149146
23658,5.867455553775007
23659,5.172733576306853
23660,6.468946353264897
23661,6.670588209338321
23662,7.072603206168749
23663,5.18117050354943
23664,2.939448377075202
23665,7.281189996616397
23666,6.484679251181472
23667,8.273759828097196
23668,7.364328347544582
23669,6.787131282464342
23670,4.735182290506026
23671,6.229365168710056
23672,9.077682994277696
23673,7.115059690031781
23674,7.07743038805845
23675,4.886420396957444
23676,6.379800266449382
23677,8.150172299048412
23678,6.333488680119488
23679,10.004248080108031
23680,3.9209272793313548
23681,5.859122181711578
23682,7.09065043629691
23683,5.796115118242026
23684,4.26638790116062
23685,4.87857672223898
23686,8.230276146130896
23687,4.499152083137852
23688,6.789397866580452
23689,7.160233283553766
23690,2.566908759169631
23691,6.000473575319474
23692,4.182285674386658
23693,9.547073425381706
23694,5.93712996864314
23695,2.6353847829352195
23696,3.902039974953587
23697,8.278358845344552
23698,7.535730748311386
23699,3.4980664315942738
23700,6.5680600376406355
23701,4.874254435491898
23702,4.891508562352212
23703,8.180929227571662
23704,6.341462902871665
23705,7.679632857388656
23706,5.675179775866664
23707,7.289977031305031
23708,6.279108288654249
23709,6.8536618424773526
23710,5.484885799509529
23711,1.505669348068881
23712,6.660113731427385
23713,5.766641809248637
23714,8.133961540542758
23715,2.9287649362803583
23716,3.582684714095181
23717,8.75213261418516
23718,5.024938925406828
23719,7.594802481832868
23720,5.391708304026642
23721,3.349933588210551
23722,1.7569325050761635
23723,5.142501311963142
23724,4.675352977661817
23725,4.568562831733575
23726,5.810651857451743
23727,5.600609893802565
23728,7.079349887990967
23729,9.149982241779261
23730,1.646450047767517
23731,3.6303803467524376
23732,5.970214526055833
23733,6.323687849110923
23734,8.706357908840243
23735,6.4555035398541945
23736,3.2352316721912606
23737,7.516402441772534
23738,4.772098963102068
23739,8.903621211289344
23740,8.858762582268458
23741,2.4012061799398468
23742,4.493643133579737
23743,4.79151317179469
23744,7.644294943700745
23745,7.679574444023551
23746,2.162504086854086
23747,7.902661579440011
23748,7.644719502065145
23749,7.755167889621141
23750,5.214730295928618
23751,4.4019624700050155
23752,5.900220064958564
23753,8.068761937016571
23754,6.900257872864951
23755,7.590870929350765
23756,3.507477208914462
23757,4.063082194228025
23758,4.320228488356975
23759,5.459461461913536
23760,7.904732087760241
23761,3.1936728166309094
23762,5.191280720228063
23763,4.693060662842628
23764,7.791886113981121
23765,5.1041010593722325
23766,2.0757619881077662
23767,6.533163837937314
23768,4.229945455700646
23769,4.8786928697585505
23770,2.7615446897191283
23771,6.435003594369528
23772,4.025410612964123
23773,9.73620988801523
23774,7.698503775653532
23775,7.403756382656545
23776,5.557723885363199
23777,8.309733409894653
23778,5.626487215352024
23779,3.532400784060096
23780,3.3680110004012813
23781,2.911940523258348
23782,3.0989610276686324
23783,6.985901587871534
23784,5.337129665913677
23785,6.841782595468502
23786,7.212692324320926
23787,7.788374587113909
23788,6.741577567108218
23789,6.59376989545439
23790,3.528589075978345
23791,2.907330813017398
23792,7.1038677745115155
23793,6.257705236558273
23794,6.749390738216949
23795,3.5392962450671246
23796,5.706297242495753
23797,7.178124221596647
23798,5.818779269253929
23799,7.73664664899012
23800,2.2765163516487985
23801,6.848475016518599
23802,6.711207418249567
23803,4.553056387452351
23804,5.130604811645548
23805,6.511887362753352
23806,6.177603881602358
23807,7.432849240874479
23808,3.103212047194505
23809,1.2405008377758469
23810,3.7016432423009564
23811,4.9237063965854855
23812,2.557627291133315
23813,2.249299574431128
23814,6.634222712655122
23815,5.725898512377291
23816,3.7090258358195407
23817,3.9797016874970628
23818,6.053201088629947
23819,8.5963507281216
23820,8.934290435886725
23821,7.962869606412448
23822,5.604286427691639
23823,7.095586690679521
23824,7.952650284922214
23825,6.434890991213512
23826,5.797931742910575
23827,4.333907494017303
23828,7.818485160241998
23829,4.362630950534266
23830,6.830378451786967
23831,0.7294345527325565
23832,3.5209864837691454
23833,1.6610299813544283
23834,8.389421161912773
23835,2.4435950782391185
23836,5.847582478326238
23837,5.3246645427897805
23838,3.5884870721832782
23839,5.253627701171364
23840,2.5317123624151505
23841,5.263125602517232
23842,6.3960096271515265
23843,7.388597423648335
23844,2.098368566482314
23845,4.354081170222613
23846,3.8635466362219897
23847,8.925067624131955
23848,3.7920601356761114
23849,7.720738943896374
23850,7.681357421910114
23851,5.191112294282287
23852,7.214132213219142
23853,9.031548122070504
23854,3.945634092932979
23855,6.522319972291422
23856,7.375800921911982
23857,6.2562585150514565
23858,3.154384916535919
23859,9.16851413386351
23860,5.306907108465067
23861,8.255921274502812
23862,7.716050339609172
23863,8.07046063045337
23864,2.1584780670555714
23865,6.753809242624059
23866,4.246232768284212
23867,4.061798825375487
23868,3.944090233424707
23869,5.598605000610268
23870,4.37569242246984
23871,10.196504927396887
23872,6.278140574070115
23873,4.651701266198161
23874,4.2179455746678585
23875,6.649975478942922
23876,9.21338105205478
23877,6.916458587057221
23878,7.493624469202803
23879,5.252579972806622
23880,6.750584376445035
23881,1.1892158979136311
23882,7.555681469653611
23883,2.18667538875291
23884,5.060648205861862
23885,3.777013864167955
23886,7.288250611564105
23887,6.402145246022729
23888,6.001481927570501
23889,4.718420103277137
23890,8.520044650127996
23891,6.876511033863506
23892,5.586232236344751
23893,6.058994715967353
23894,3.354882656042353
23895,4.080183369131104
23896,3.0938211169307013
23897,6.747290252737481
23898,7.077093045543187
23899,2.896959863641163
23900,2.5702581110285063
23901,6.6054517043449845
23902,5.48142412402248
23903,6.541027459434298
23904,6.967322216933997
23905,8.048310196934178
23906,7.48306712336102
23907,7.210779756856346
23908,3.642187529753184
23909,7.214990579692761
23910,7.240677566990374
23911,6.17030811382367
23912,7.180001003316554
23913,6.043152376167744
23914,5.656970949588374
23915,8.413050601227033
23916,5.027048087728676
23917,3.1631996316129762
23918,5.035572209083316
23919,4.035678569429393
23920,8.774781845673523
23921,7.566518884098614
23922,1.2985061902171025
23923,5.271585489322542
23924,6.555739774822062
23925,4.053272466357166
23926,6.737169965886615
23927,8.10329142837444
23928,1.4194223531455272
23929,5.105023318594427
23930,3.997908355869078
23931,3.4015767359068687
23932,4.963066224223615
23933,6.1997508963326
23934,6.179315933182635
23935,5.924954195748404
23936,3.6101612481819574
23937,5.609144144993358
23938,4.560939472479916
23939,2.586585376115052
23940,6.17116456934202
23941,5.609724978993699
23942,3.957340816071495
23943,8.192806050361334
23944,7.190808398456209
23945,5.567588469908571
23946,8.761946153895188
23947,5.3531321075025575
23948,4.178692533828325
23949,5.226028115135132
23950,6.449878648397903
23951,5.662024353560024
23952,6.806452565424705
23953,5.420274940105558
23954,7.6458871925618075
23955,1.94432937937529
23956,2.5034884536944935
23957,4.084707403644362
23958,7.986863920992022
23959,9.865882049499504
23960,5.105700363782485
23961,5.874742887960562
23962,4.862029673329687
23963,4.010176494192437
23964,5.697972006645972
23965,4.536949702903009
23966,1.9429543322658882
23967,6.343662598576327
23968,6.840994517337604
23969,5.439856903399304
23970,4.8958032373140075
23971,6.690902937780643
23972,2.9786705101533215
23973,7.22516817460956
23974,6.671606886615958
23975,8.676460058780496
23976,5.310434005888226
23977,8.352032764567639
23978,7.3957645403490595
23979,7.974184641267045
23980,3.6584950893654296
23981,8.42670478804441
23982,6.935717925894764
23983,5.337128189439339
23984,5.407502813006684
23985,7.901617671575112
23986,6.12828667897411
23987,7.198239539443737
23988,6.041543929355557
23989,5.156968927398651
23990,3.9159766433606977
23991,6.390861170762067
23992,4.103821109154729
23993,8.91843527931059
23994,5.299650624065747
23995,6.213082304280334
23996,3.507874443501887
23997,3.4405590469078984
23998,5.217596481660731
23999,5.312885666896623
24000,3.0856171652132045
