id,bilissel_performans_skoru
1,6.001816322811587
2,6.73792535227634
3,3.0441467499946513
4,7.158812640952185
5,3.6946935491901356
6,5.463825844581066
7,3.3740963872984038
8,7.410864542703298
9,3.6696891996870615
10,3.7310863861671626
11,8.51346498614047
12,4.18596776260871
13,6.459043682226983
14,6.866492834012321
15,5.9670751754516465
16,4.411996718712265
17,7.3325229922585216
18,7.939464246198595
19,7.4316584373168215
20,4.809308891673545
21,4.277585126803557
22,7.352059535853167
23,2.902002948032526
24,5.360441164598287
25,7.353768532661726
26,6.677169251997979
27,7.234534045758378
28,8.120677727576197
29,3.9702206250966228
30,7.597190424961699
31,6.827133928809735
32,6.657478637918032
33,5.422503428767677
34,5.2346446257899535
35,4.166269842407773
36,5.404925672498068
37,4.790306890978002
38,5.853473843566503
39,7.434252961290105
40,7.879087115077661
41,6.570477692696885
42,6.069703837561778
43,6.932896450640314
44,5.541466625527744
45,9.068685567938266
46,1.8386748530669108
47,5.184653599392985
48,6.577989345579735
49,4.648257489910548
50,7.880969744173385
51,7.271078179081666
52,3.262378708923632
53,6.897358772638395
54,7.1999129452163455
55,4.312765913811276
56,6.074222724223352
57,2.4580023501998203
58,3.50836449869446
59,4.668027853059346
60,4.0661972616410855
61,8.875094480179094
62,8.60737005127069
63,7.472346369702249
64,5.579709685069124
65,4.563379492855275
66,6.310049574265488
67,4.785163310999232
68,5.5091358586768635
69,7.515329038175539
70,3.1014394232105165
71,4.512307555544492
72,8.348938605535947
73,8.239417934131136
74,5.857352834337071
75,2.5221232447393627
76,7.294760250815962
77,4.444054853520651
78,3.8063671721138723
79,8.764097533118004
80,5.965920195802529
81,4.185196072009805
82,4.944835529770828
83,6.23743676214559
84,7.308119829337788
85,5.693546007291285
86,7.070611670507293
87,7.424989731792476
88,7.6156297936294965
89,3.236014062437829
90,8.387564758022867
91,3.98557317376296
92,2.780756037895407
93,6.003828488174026
94,7.807688857341526
95,5.863428620685561
96,7.684811525921541
97,4.672665399408962
98,3.968447202462716
99,6.081447972822936
100,8.824831442110007
101,5.201278574252144
102,6.078849813174221
103,5.262672266175322
104,3.5544376871288508
105,6.147888042190425
106,5.645688121463435
107,8.082125280849704
108,8.810304631109183
109,7.93183359985346
110,8.150641608094357
111,3.9501330625549294
112,3.0048906293864857
113,6.734709725507005
114,5.719374685187429
115,6.979434698729567
116,8.248824940414304
117,7.771628624192395
118,7.37504275578531
119,8.654094287321419
120,3.465401983002767
121,1.558793502374104
122,6.271332812342536
123,7.141943469266445
124,3.8414569928999276
125,3.3479601759171738
126,8.070875464897027
127,4.5102280264479635
128,7.105220660645065
129,4.598990769872368
130,8.288104403938753
131,5.7600208582471675
132,5.903716726176004
133,4.606056903380576
134,6.753960265494225
135,7.402592934766636
136,7.588640023140931
137,7.423811019032493
138,6.560189852082245
139,4.537560894642333
140,6.402707105065302
141,7.368040243148113
142,5.088449139737386
143,3.6453558889145814
144,4.57095401355631
145,5.975024515705943
146,8.353523825462998
147,6.116437246638008
148,8.05567507943953
149,3.4059530057202907
150,6.750045154605188
151,7.984983598219822
152,2.5958787250594897
153,5.080162442957308
154,7.950696845856752
155,5.931037284840573
156,8.579115327129811
157,4.487719049298015
158,4.893205640061774
159,4.760216760720802
160,4.545769251452887
161,4.272007023864825
162,6.120505534580719
163,4.624047895281411
164,4.020158369288589
165,8.751852760139387
166,5.927882114930492
167,8.26100289338549
168,4.012364456262533
169,7.903145616378286
170,7.570857804697132
171,6.276491282698565
172,7.828833733348803
173,3.3959948719128876
174,4.675704569585191
175,8.021782034192183
176,6.165809316656556
177,6.298396197688497
178,5.937825408466946
179,1.5845882005889973
180,6.144669335554276
181,3.9687436172652513
182,3.356669624828294
183,3.7325173956545097
184,4.233769952808155
185,9.104504835287798
186,6.0602174416238554
187,4.597145058474972
188,9.175715067642374
189,5.913319762952854
190,5.96083135727657
191,4.0844671777134565
192,2.9224450916626306
193,5.456041950921624
194,4.07773772069883
195,8.940232300397776
196,8.02477851541408
197,6.7388648981707515
198,7.380959318195069
199,6.773809904023844
200,2.919787079002549
201,8.768138685176627
202,6.756953637797618
203,5.571574153903336
204,4.436587022139811
205,8.746669503116788
206,6.086976273780403
207,6.418365079994835
208,3.763283786874619
209,6.185879015511967
210,6.344828453314438
211,4.621424789587213
212,8.342645502860016
213,3.0281051207203435
214,5.227025277616784
215,6.493470721907864
216,9.429386866125139
217,8.215560640460236
218,4.328502781676456
219,5.506665418666373
220,5.102787936455119
221,0.8867445737455857
222,5.48411315139985
223,2.8732704067037487
224,8.21103887522069
225,5.930873015761106
226,8.049284795684283
227,7.5898529102065435
228,5.389124010639803
229,3.564098904728861
230,2.9141582923955496
231,7.34400431932333
232,7.446975996679925
233,3.804121585907833
234,1.380710374253702
235,6.678199160952525
236,5.674827352961718
237,7.023663802557057
238,5.752026441269029
239,7.618133501669815
240,3.968041993194869
241,8.997885050293258
242,6.583514845987821
243,4.647473965946954
244,4.697885176142149
245,4.321437340581477
246,1.5584855083736895
247,7.547217369651634
248,5.935826338408635
249,7.185322645614463
250,8.535207511841719
251,6.455993714850941
252,6.938370862706607
253,7.119221287287317
254,5.607185794579462
255,2.3518660875588253
256,8.911768701443773
257,4.563309438596767
258,4.645597178199945
259,6.400307858134928
260,6.350072338117156
261,2.183128587782166
262,5.514807350800831
263,5.974953205413353
264,4.851000992472842
265,4.503676426995856
266,6.201970604633702
267,4.209286360353838
268,8.997066863955549
269,7.262113873280153
270,2.128880721452945
271,4.897212913702217
272,9.403049683279903
273,3.6842734388344756
274,6.344611259314357
275,9.201452968264123
276,6.036899470230477
277,9.293876692981652
278,5.432763449412439
279,3.9430712664322285
280,2.3575554786512605
281,5.148142481592352
282,8.794027869980065
283,6.1940076065199845
284,6.200638663887224
285,7.707327355715972
286,3.228906432573045
287,3.214095047855502
288,8.193405269940177
289,3.6099649116937
290,4.423728945822602
291,3.216361760826109
292,3.9373696732066623
293,5.408073895094014
294,8.746508469304132
295,7.348029021756853
296,4.744022236902042
297,6.2479302605054094
298,7.413935079078165
299,4.784083381672495
300,4.523499746681134
301,8.627115337299868
302,3.231253770681335
303,7.529365075929714
304,3.615710874587495
305,8.820752490829182
306,8.157910182822711
307,6.655857729499418
308,4.983294724000704
309,5.262157296103288
310,4.39821746816391
311,5.558918514783989
312,5.320748232991212
313,9.536451757340734
314,7.104377349454828
315,5.46230978675949
316,5.851502165738614
317,2.3761651009641906
318,5.389220487243721
319,5.210775823095547
320,4.301225107090784
321,5.680940590814518
322,5.432459590515437
323,3.652422699374192
324,4.9229724974811395
325,7.767739996888588
326,7.3441903277776674
327,6.554824799594879
328,6.9401855375318435
329,3.699475730327871
330,8.838004068507695
331,9.138703648096872
332,6.933559283989045
333,4.738759014285446
334,8.793440695742301
335,6.769845600819819
336,5.70889655870582
337,5.463908839307714
338,7.698823893838853
339,5.103851423838161
340,6.948283716196088
341,3.8740394735680264
342,2.4012250456843236
343,7.116244369857938
344,4.49182492464683
345,5.693684602389915
346,5.966111999171135
347,5.748712063316094
348,6.093904852738982
349,4.558351526785113
350,4.193475930079935
351,6.5191184740950465
352,4.488786803188322
353,7.3073760847427325
354,6.26861296182246
355,3.5625451594928874
356,5.5693136307494475
357,6.786992256874488
358,5.7739464249000525
359,3.4267922427603072
360,8.311201171931339
361,6.779138517279807
362,5.291071509358995
363,1.8463928043046887
364,3.093371076183555
365,6.5955524584557335
366,5.534957713386207
367,3.6535765942287077
368,7.032760397967876
369,6.506440567130829
370,3.7458169243714248
371,8.34348655874135
372,6.498762101547676
373,6.816898264713272
374,4.027601618184279
375,6.294530798971464
376,7.718743500943341
377,6.056613196392485
378,8.076045017635355
379,6.40088882500554
380,8.62866261819914
381,8.861501080470486
382,3.2865786247467117
383,3.8616370511775537
384,6.75710424176682
385,7.797486284606418
386,6.535627388758449
387,9.208751416076987
388,7.676952004732154
389,9.833728800825678
390,6.2996724044000345
391,5.339198476901169
392,3.7274394770319663
393,4.116823663806195
394,8.832246880580614
395,5.269774649578288
396,5.634006224629003
397,5.739148218485376
398,0.631572389167592
399,8.614768971682373
400,6.581610919443035
401,7.611020490939035
402,3.3764679554220125
403,4.163354482364748
404,6.951976441641223
405,8.047160030306337
406,4.055940685849137
407,5.5153134443109035
408,5.722493941703798
409,6.239803893247272
410,5.2049621439474265
411,4.760975019047693
412,6.770410011583822
413,5.627302264546044
414,6.3674133856130615
415,4.995964743586748
416,5.143118026367964
417,5.230954142945393
418,6.149062795659157
419,6.03826228331419
420,3.066940675834957
421,4.049625122156215
422,6.491883080339793
423,4.271496082936571
424,2.7495380345310907
425,6.254232575595114
426,5.03125826835878
427,3.334391627510432
428,4.1265459669463365
429,6.2620763916146975
430,6.01708189628487
431,7.683286865650077
432,6.581337539768732
433,7.809705344066328
434,4.271691338042471
435,4.901556447839646
436,4.466428269920202
437,6.541195391630742
438,7.443764062363912
439,3.6620798851581755
440,7.795000086109988
441,7.792399235642792
442,2.6911963194146136
443,6.356042974331089
444,4.904807887389619
445,2.1159069573911964
446,3.465127049493474
447,8.18527858154846
448,2.1920995894925155
449,8.84410327486167
450,6.198718664589899
451,7.715829271396515
452,6.991282274266619
453,8.509718482315833
454,5.521034003851973
455,4.546099796982032
456,7.798345828579868
457,5.196432589147103
458,4.825450704751041
459,6.297024482319337
460,6.873811008135212
461,4.11938259342613
462,7.440330556136535
463,9.004561811299595
464,5.0560507917322255
465,5.571035683831397
466,8.29510782787775
467,6.567647734803032
468,5.584809332431961
469,5.161218195355449
470,6.523943806491589
471,5.881995843817819
472,6.908703886034174
473,8.72159663723814
474,4.2966478086684825
475,4.362971170317696
476,4.879048820344835
477,7.51972814894202
478,6.62578176528158
479,8.140353283207247
480,4.492147796678142
481,6.47719364690866
482,8.336634030591618
483,4.469848364772476
484,5.902925354105108
485,7.58699466113149
486,7.379384744751725
487,2.4104084093146043
488,6.528348087312446
489,6.686368690833135
490,5.6231995830273505
491,10.0
492,2.8897996429361408
493,6.250928386218201
494,1.321238248437011
495,6.24217661219204
496,7.05032625476247
497,6.869676352713296
498,7.493741450609885
499,3.8264008338250672
500,6.545992585376626
501,5.033286126514975
502,4.719077673019203
503,8.402249091374241
504,5.04714314892783
505,3.7257001705382566
506,5.162959785624684
507,7.489326873923696
508,6.585801625427696
509,8.429159317238044
510,2.49262354686575
511,8.527351849160139
512,6.5500795686696005
513,4.108827570029493
514,7.038096909881395
515,5.065478465305194
516,8.910358515727633
517,4.826521038310176
518,6.278457156889475
519,4.075001747659973
520,3.3719220389910163
521,7.879336519345769
522,5.709775980667027
523,1.596210255116707
524,9.17575328913906
525,7.33471130391096
526,4.792032053492316
527,4.601983294422318
528,3.659745017551116
529,7.795904590844904
530,7.604218099844365
531,6.210102118345867
532,1.909994768268941
533,9.066624945957342
534,8.582462014894805
535,6.709091966048442
536,6.1702425223025195
537,6.878096305895981
538,8.73282404039938
539,2.7227006201887054
540,4.464006314720021
541,5.321322931627878
542,7.234275115261929
543,8.232020349543292
544,6.830815216553827
545,9.665833382984834
546,4.741480320301793
547,4.53460747882955
548,7.432106307659112
549,6.486980348639143
550,7.5227617339041135
551,4.655123952339332
552,7.426128086304431
553,8.89300816413003
554,6.547695054975318
555,6.518694049979068
556,8.173176601743467
557,5.6995108358534585
558,5.674639857735466
559,4.408480452866853
560,2.9607375187021856
561,8.718920589066478
562,8.061228884894277
563,6.250732687729258
564,6.209897066136697
565,4.9514284960719674
566,2.727251933975134
567,7.575043115265039
568,6.369338066677891
569,4.625952948529896
570,8.487742097381732
571,6.2629880160993725
572,8.490105189003199
573,4.663839951460687
574,8.932214528388588
575,5.6951523806563955
576,5.027022075115923
577,7.937133196668798
578,4.507918561287701
579,6.765681920270845
580,6.153926110004794
581,7.013080618324613
582,4.288661112236434
583,4.944516750226846
584,4.486359437002177
585,6.60390346727664
586,5.875887549574815
587,4.429844434877731
588,5.301567228807668
589,5.63486045979294
590,7.211990996283256
591,4.145469625399048
592,3.2770126944206
593,7.330282385685955
594,6.0749933126772735
595,6.342406918637359
596,9.822683301973392
597,5.422578855179419
598,3.1177023784668494
599,6.724362712326483
600,7.995115903711598
601,7.771666293846575
602,4.18182665173743
603,5.342573734379729
604,2.3522297414058144
605,1.5482746619302445
606,8.448265894286811
607,6.44962286609089
608,5.407171414806928
609,5.669932236595411
610,5.933292219516291
611,5.188744787461681
612,4.818161678290728
613,6.675091228818428
614,3.813925008580256
615,6.546024901049978
616,8.262321164459557
617,7.113266666585568
618,8.026250089111471
619,1.4384874821682123
620,5.879625245253534
621,4.551084317582319
622,4.662104715281647
623,2.2841835829251145
624,8.055923507767162
625,5.547740893686588
626,4.863611231966795
627,6.522175818849225
628,4.6940540043559205
629,5.536946874032199
630,5.221107899795523
631,6.495829244523361
632,4.110401154304393
633,8.422150359221657
634,5.94501858847147
635,2.802865295227388
636,4.805707383567784
637,7.724356088142086
638,5.249347431514182
639,4.9325286318910635
640,5.660029842208784
641,3.534472307478734
642,9.044939383324017
643,3.7335907059545885
644,6.08724176920993
645,5.264692840941705
646,4.516261413454983
647,9.82746765958786
648,6.605983912917036
649,7.450230327899177
650,3.266259721376157
651,9.838093840701056
652,5.904418095011994
653,4.473392994987444
654,5.1922472697612125
655,6.902773307456512
656,5.496126315847553
657,7.303775924034603
658,8.017677392203137
659,6.926789358349362
660,3.6626767388828556
661,3.4564053159905006
662,7.122658167128929
663,7.522463407555117
664,7.5060829303023855
665,4.835106640018142
666,9.351418393980193
667,4.538502410768159
668,6.152524416884873
669,6.475609638912998
670,8.296952148124731
671,5.037424331376106
672,7.143997697270034
673,5.183910378412871
674,7.990788785383847
675,7.02692997290153
676,8.309504469767688
677,5.884363696263924
678,8.388963379160481
679,3.7290487400380767
680,8.004825631902541
681,2.5634447454433547
682,5.659339502267226
683,3.51438911779375
684,8.574628766833145
685,3.4830395074358695
686,6.595371948926944
687,5.436196898687607
688,6.21051552808985
689,8.753237241244246
690,6.502262270953157
691,6.886430558065291
692,5.660791997624859
693,5.192034089573809
694,4.956055700744616
695,8.333771316225073
696,5.854988793613002
697,7.021183615570104
698,6.351497175149566
699,2.4488313045096115
700,3.777681096479032
701,8.771979398244687
702,4.598505568067775
703,4.270420714395392
704,2.4884502004310547
705,6.933662622043459
706,7.790414117081374
707,3.4430261362069032
708,6.958573889862541
709,7.706201903788796
710,3.5836248261420236
711,8.074017530975388
712,8.07393399263511
713,9.244527973045631
714,6.656401507912941
715,3.8606055854457866
716,2.4686143758845027
717,4.095408363160452
718,6.742792267149991
719,4.741916381010638
720,6.047202551879467
721,6.162453372976209
722,5.848748601956241
723,8.109812772163803
724,9.738612834100188
725,3.57924842881724
726,5.984807566089362
727,6.880832629152267
728,6.367038413732194
729,6.191344740586091
730,4.737374052268423
731,8.238681690033394
732,9.473076960432792
733,3.9140136403410235
734,2.5064428369849123
735,7.64879464855968
736,7.342960077153654
737,5.65570117420558
738,5.15830367803464
739,4.710751208455621
740,4.5146765952810375
741,5.551319233196201
742,8.002024795956054
743,7.404839137571589
744,7.655408552226477
745,4.764507292506488
746,2.8383461765944156
747,8.842348298940388
748,5.5359886081848435
749,7.9919261955793175
750,6.257077610386649
751,3.6068783226056884
752,7.867364450417366
753,7.615375656141587
754,4.701263643678648
755,6.634555777736486
756,8.113560417704168
757,3.989006277494832
758,3.0700028496989917
759,4.285415871145834
760,8.272170491840042
761,5.526186975986089
762,6.3358418761157775
763,5.543203454262029
764,6.9437439314547404
765,9.061132868509207
766,8.430140556457724
767,7.694387312543569
768,3.203640690016514
769,0.9785808421593272
770,7.173457890573728
771,6.455348457243391
772,4.955258339761295
773,6.617932612178576
774,7.097576032112032
775,5.061564225686443
776,7.134542278496453
777,5.581171699735931
778,4.461045119187685
779,5.698918329271525
780,4.306762090844563
781,7.23094081159169
782,7.855554265638987
783,8.581740396485063
784,4.452675440684949
785,7.540274847144597
786,6.330890187410683
787,5.334071862652519
788,6.955678633645944
789,4.176602990639666
790,7.311350628555351
791,5.8657205370993335
792,6.158826430429834
793,7.958585814583463
794,8.403519412094598
795,5.969585129125045
796,5.003354106874889
797,5.159470709941086
798,2.5975908105880494
799,7.174486667839595
800,5.958375898115371
801,5.102936844079976
802,6.836117825997799
803,6.59585791457312
804,6.238897234829908
805,5.88443759072524
806,4.571490876648384
807,7.582045612843979
808,3.486885506969356
809,6.44548903598651
810,5.712839747630871
811,8.761136937262096
812,8.977412340371417
813,5.795651130705488
814,7.1144963853510355
815,3.464545462438341
816,5.835909319846479
817,4.285312655589946
818,2.471332641823182
819,5.336188748932752
820,4.949703707078319
821,7.115040418355052
822,5.891757106847981
823,5.758172030278123
824,5.551275982447677
825,2.8790522232988085
826,5.538566805396254
827,4.849835309268211
828,7.3023531553525185
829,5.869029554521893
830,4.268774036891803
831,5.07134169888157
832,7.795095695368355
833,4.974416436702797
834,6.210200478461346
835,8.902089392810218
836,3.48936216423679
837,6.718007119871699
838,4.644455726392419
839,6.988722046368801
840,6.626497934925421
841,8.362088521005036
842,8.229219775899645
843,7.205808875649492
844,7.161192197128639
845,4.082841596892833
846,5.1906957398287314
847,5.235009767034045
848,7.211787203129743
849,3.2957956221868545
850,3.2394818549335245
851,8.220884738522464
852,7.260430246177309
853,6.276234057241658
854,7.410957778504274
855,10.0
856,3.6679733434621866
857,2.5400607596784464
858,3.274796071594393
859,5.440972851717394
860,8.061997729376634
861,7.070639638446888
862,6.311981127045736
863,6.092980252390236
864,6.553239041225558
865,5.172100217221522
866,8.897657264983152
867,4.250159944432547
868,4.129037368590123
869,2.854487553476406
870,6.289778754978395
871,6.784201176445598
872,6.558486234266578
873,7.390323257896124
874,4.1509516561248905
875,9.553024039560185
876,3.779485017634829
877,7.399819652143496
878,4.637985194850298
879,7.742910351596025
880,7.174393097512529
881,6.636423585086215
882,7.824160735149274
883,4.938330581934931
884,8.010673560339358
885,3.5743741406300744
886,2.4140065115631373
887,3.3074213597029414
888,3.884721443961131
889,5.243911729280966
890,7.633562383647574
891,6.2457204457867554
892,7.001087045358105
893,5.5283566399770185
894,6.702756218487658
895,6.420189958835174
896,3.8963757194583124
897,4.699679421311661
898,4.9464358183681725
899,8.510886657045578
900,8.924322730663194
901,6.876790773941728
902,4.306120327471601
903,9.173298939942548
904,1.2268834901994872
905,5.0010446450965205
906,7.768667878613824
907,7.609956692138745
908,3.9601218308041473
909,3.954350390607506
910,6.969110609502093
911,2.725211019768096
912,9.6761635058654
913,7.424108887166564
914,5.6713395515468354
915,5.348121057766653
916,3.464299903851048
917,5.68250963322615
918,7.164268209032679
919,4.590844998404384
920,6.352737714109988
921,7.003077376697899
922,7.07152036098914
923,7.098317977502767
924,5.086415259870394
925,8.198484260643012
926,8.285100072456514
927,7.805325952905186
928,6.1120919398943325
929,8.541503538601887
930,5.568329145702347
931,9.31145540747194
932,7.521402310489455
933,4.146136183362117
934,3.0663323551709016
935,2.9723645554194515
936,2.9117878776987958
937,7.849825385579461
938,6.906159450492138
939,7.347046761631624
940,3.6018613421862264
941,6.870730101491665
942,2.1633595294067045
943,9.441496036052508
944,5.911560345078353
945,7.916615010720005
946,7.483399610300898
947,8.046086042481548
948,9.69377891983471
949,6.097794370002504
950,7.190805928124984
951,4.717226949280636
952,4.274283898955215
953,5.625533687019308
954,4.059591837963709
955,6.162162555232518
956,6.641246135263692
957,4.406753727995503
958,2.691179707857334
959,3.923114793568919
960,4.335683276953232
961,7.6875562153699395
962,8.656356122116785
963,4.469929955770299
964,7.854095075419716
965,3.2257375227850957
966,6.277837096083136
967,3.961633370975166
968,5.059337898417538
969,5.577691860558028
970,4.356096917576205
971,5.541986036431243
972,6.465564103781359
973,7.152773494695766
974,4.289308181409818
975,6.974249698443121
976,5.104682671953228
977,4.633952663658165
978,8.260252849605951
979,5.705000870869829
980,5.374549624103631
981,7.821912503729296
982,8.918146832426348
983,9.220255324212658
984,6.07214503772088
985,1.9260031842786434
986,8.160776220891663
987,8.232083866720766
988,1.7362769435817889
989,4.148195136924332
990,5.021375301818331
991,5.654571564605936
992,4.517292125515987
993,6.770343297367637
994,4.365193343416599
995,6.911766113382543
996,4.471121870778983
997,7.840197171876552
998,3.9950202565960273
999,4.592295121721789
1000,6.270292849272986
1001,4.965408158223706
1002,7.443531727249434
1003,6.855215552918178
1004,7.789192097140656
1005,5.019076713525493
1006,4.329120552859665
1007,5.597267589848715
1008,7.358074596108308
1009,4.900164795393386
1010,6.481399887344962
1011,5.503938700606451
1012,7.215846453552335
1013,5.971699094781006
1014,6.5882085899204075
1015,7.584291898689539
1016,8.746334576243363
1017,8.221239595883166
1018,9.555097617184419
1019,6.1471286172909485
1020,4.897347218549781
1021,3.6268332707761326
1022,4.232768522530613
1023,6.9266273237235865
1024,5.16534534245467
1025,6.375981436110656
1026,7.616716056080952
1027,6.754473134837735
1028,5.440641809296114
1029,3.561356365877228
1030,5.683468489445291
1031,8.14243537816569
1032,7.7180374121797115
1033,8.347246820998727
1034,8.00376958090269
1035,6.57637712283052
1036,4.936838167048447
1037,7.961780952899948
1038,5.344246091904787
1039,8.077109912453418
1040,7.864212683380978
1041,6.171435725883071
1042,6.026451198525056
1043,6.4457191721332805
1044,8.60794548250748
1045,5.574833341900827
1046,5.076173142837764
1047,6.780305618464598
1048,3.526715029152033
1049,4.527366091522625
1050,7.151496028555402
1051,8.601074088635643
1052,6.2675495548044236
1053,3.564645008115054
1054,6.064680268504979
1055,3.2952426042303893
1056,4.412437550328475
1057,2.81479438846143
1058,7.774036243063082
1059,6.578786299216533
1060,5.175765719574384
1061,9.114880552020436
1062,7.253736076592871
1063,5.054554511955113
1064,6.122632462183422
1065,4.8057378559821196
1066,5.397999714296812
1067,8.440898566902046
1068,7.653240051743905
1069,8.700418182752081
1070,6.19797436394035
1071,9.556467164171886
1072,7.218491915313363
1073,5.902981738614221
1074,9.125164611865824
1075,7.641575431743795
1076,4.461693921448539
1077,5.628071722239527
1078,7.560712875867951
1079,4.2865904931473136
1080,4.192043991971248
1081,9.977531943378766
1082,6.570068595854069
1083,5.043543787981845
1084,3.205786671015839
1085,4.967788150996684
1086,4.190392609590658
1087,3.9688955218561723
1088,3.2713385606981333
1089,2.5580358101084375
1090,7.765591418575283
1091,3.681701297705362
1092,5.283397985900554
1093,6.530784539629524
1094,6.525345649524683
1095,6.18007816611953
1096,9.043460802272554
1097,5.864742892256881
1098,5.1628604906092885
1099,5.745409596988901
1100,5.335285139495032
1101,5.750685037498065
1102,7.39318663853043
1103,3.888321142781125
1104,5.595654757108397
1105,6.031466490387093
1106,5.3819206006162785
1107,8.385624481300587
1108,5.65322712099241
1109,8.440721731048333
1110,4.58544540045941
1111,3.826856919552673
1112,4.205650873934325
1113,7.0335919682918195
1114,2.981293731396112
1115,4.965749355817257
1116,2.170285946496803
1117,6.047724911667341
1118,5.873600198009989
1119,9.638366622615408
1120,8.508983093969427
1121,8.411227167103103
1122,6.652761095133245
1123,6.728372637834369
1124,5.602894746299791
1125,3.3546729114628215
1126,5.4866763425249765
1127,2.6728804825062604
1128,8.170357088762831
1129,3.196380535580259
1130,5.889323791797016
1131,3.0535580885390945
1132,6.55836906635691
1133,6.265781131493044
1134,3.210359605424869
1135,5.657167882437095
1136,7.370309140335621
1137,3.9138702004108206
1138,4.034456368402369
1139,6.949223407188867
1140,7.341813507545934
1141,5.07346599270958
1142,2.4641380398083856
1143,7.7688517912405874
1144,4.341617101402614
1145,2.377148391426447
1146,8.356115486619844
1147,1.6049349768393941
1148,3.506834089599978
1149,5.751262871413667
1150,6.520010444627835
1151,7.8912716758717
1152,6.46275524289215
1153,5.236245504256246
1154,3.955137820189563
1155,5.0877920824989555
1156,4.999967591067479
1157,4.941223944637903
1158,3.7393776924101436
1159,3.1633507235360883
1160,6.128664804361986
1161,6.648081480044818
1162,7.1028425072584405
1163,7.206800659481132
1164,4.681024242251016
1165,7.537015798772778
1166,7.0055568849297565
1167,6.8396340298642855
1168,6.2344066116445696
1169,5.873228202339491
1170,5.842055755116496
1171,5.344370824387119
1172,6.776372901302283
1173,3.847715475551629
1174,6.757571237349679
1175,3.928440930907234
1176,4.284500847909778
1177,4.859034929943661
1178,6.3394402042932
1179,6.923852550612436
1180,3.280462949221212
1181,5.683094283973048
1182,9.596568491740143
1183,3.2951895067306465
1184,3.831163419937132
1185,7.439029648262389
1186,5.1800209201996195
1187,4.598207640377579
1188,7.660005786713798
1189,4.661508955699832
1190,6.859312079412366
1191,3.3329218868568904
1192,4.898094488819123
1193,3.949642840004194
1194,7.469353736804621
1195,3.990838397826525
1196,2.2823111510678245
1197,7.821556553723414
1198,4.460776771063891
1199,6.589738567111562
1200,3.069787942537775
1201,6.171254126146652
1202,8.651013425148328
1203,5.307610208330369
1204,7.554566816130025
1205,4.942724816789883
1206,5.754098946422172
1207,4.168340723635389
1208,6.049773105526778
1209,7.934003009291327
1210,6.6841500314059665
1211,7.8555421102688054
1212,6.058402879933686
1213,8.802065195309662
1214,7.282493726063816
1215,5.641315765871663
1216,4.29955411877824
1217,7.401035400425139
1218,3.402210071004191
1219,4.573980603739488
1220,7.721542577678711
1221,5.892021201087586
1222,7.146785745712773
1223,5.3824558539094305
1224,5.093345392107959
1225,7.4522067045210125
1226,8.63572518912002
1227,7.178704910193505
1228,3.556790589120375
1229,6.859964440400839
1230,7.146888797492013
1231,10.0
1232,6.233601173342393
1233,7.879335953273205
1234,6.541145711357478
1235,6.626211638479162
1236,8.396240534974133
1237,3.7519823951916282
1238,7.797051173980941
1239,3.8060290883118624
1240,7.67866584314865
1241,5.8000034656941555
1242,5.882766732178504
1243,2.6595096401466902
1244,6.860126468337434
1245,4.6612861634208365
1246,5.506562463442843
1247,5.314303986219251
1248,4.542268337627119
1249,6.456022178982464
1250,4.883550907950806
1251,8.399613392458939
1252,5.470332044495546
1253,8.889892073463164
1254,3.54297436679451
1255,5.4077589622946505
1256,6.66337784265545
1257,5.583010916916966
1258,4.378516725117659
1259,6.465234986889705
1260,5.949892042839412
1261,9.011093780214521
1262,8.306898748607534
1263,5.85369215005125
1264,8.134283239294883
1265,6.650946383519902
1266,7.560980290616655
1267,9.17495751063279
1268,8.251341006529602
1269,7.358987552047724
1270,9.678587949811536
1271,6.18056862212979
1272,4.28252343111495
1273,5.2824050728767435
1274,7.220159465952889
1275,7.898494431676506
1276,5.46811322461443
1277,1.2155055678054114
1278,5.767020515061504
1279,3.917961709693412
1280,5.749495436608003
1281,4.717438683815777
1282,6.118559004844938
1283,3.4045736028481652
1284,6.137617782637294
1285,6.006784921992564
1286,2.6604652422908837
1287,4.814887872667571
1288,6.315433039342821
1289,7.751739591792963
1290,3.0078909980245343
1291,8.180099288286483
1292,5.6198535782415995
1293,4.755224291890096
1294,3.5488590042095085
1295,7.395591281534146
1296,8.044810529490933
1297,4.536930240325671
1298,2.6280502890841246
1299,2.7446669670170656
1300,7.763182285112403
1301,7.246624876320729
1302,6.072599417225468
1303,6.61729130104551
1304,3.86757404257537
1305,6.982917473737826
1306,3.921340251301392
1307,5.202426232566555
1308,6.117160705780734
1309,5.771572263286134
1310,5.072549392010836
1311,1.540424386093082
1312,6.998892523752721
1313,5.187982913336157
1314,7.7451767655255
1315,2.4242794992099443
1316,8.638617633268797
1317,2.0676645991571085
1318,2.7082917114988643
1319,1.9525913453065198
1320,7.61699229221977
1321,3.921025508444075
1322,5.013163951519887
1323,6.174745156341933
1324,5.82707599677787
1325,8.626660107220282
1326,8.781401338449038
1327,5.433536810399251
1328,2.4989963976183707
1329,6.788221131729173
1330,5.609517395474832
1331,7.312933942029639
1332,8.098096067253866
1333,7.56031633302063
1334,5.736705370778443
1335,4.7619782344096695
1336,5.912055412702882
1337,3.3655741585320698
1338,4.518509154996908
1339,6.397276650469003
1340,6.163869229617948
1341,6.1752003865329
1342,7.32006409624953
1343,4.673555406701945
1344,6.264669577626057
1345,3.447952838826584
1346,5.441718109866002
1347,7.0249099554791
1348,3.8287381769443014
1349,7.123650636407913
1350,7.181873338187248
1351,3.9517871071499675
1352,6.975381163955073
1353,4.781411284262569
1354,6.841862644444798
1355,6.9972563966900125
1356,4.583428349055152
1357,5.739493663317633
1358,7.6268007056201785
1359,5.74284953941877
1360,4.9419332474676185
1361,8.471042841869789
1362,8.591096385508791
1363,4.0729863606438705
1364,7.135654095153043
1365,4.471167415460512
1366,5.258370276504323
1367,9.579773982246543
1368,5.882542431391683
1369,7.788804340656301
1370,4.919086458199772
1371,7.674077291123764
1372,4.825223790859395
1373,7.3299796451131405
1374,4.665760980138659
1375,6.930015908109681
1376,7.46933305252897
1377,5.376711296108495
1378,5.925709218981454
1379,5.851182443941758
1380,5.414623328030846
1381,1.920703976852959
1382,9.245385594919599
1383,3.5153573555915956
1384,7.413068776312735
1385,7.893167820772339
1386,5.508851821891705
1387,5.226096222118752
1388,6.716069293285935
1389,6.33223858044626
1390,4.678642659246467
1391,4.659837725051917
1392,3.933807830762467
1393,6.048201765504418
1394,5.068160259765913
1395,5.2420852579236765
1396,7.112491308593008
1397,7.334584616192055
1398,7.404553294080569
1399,5.0174573336708335
1400,3.6674446187912513
1401,4.756258522552335
1402,7.725536834015223
1403,7.61969846990632
1404,4.895007270217299
1405,6.3415067191321235
1406,5.0392180638153174
1407,3.0474800276126772
1408,5.106388707333784
1409,6.1382094716556415
1410,5.820765149679824
1411,8.320376816987254
1412,5.151634560509661
1413,6.271236488804513
1414,8.767786894950062
1415,9.181982907013424
1416,4.491077382236194
1417,1.5716360821734996
1418,6.372054731270981
1419,6.300521655295081
1420,2.6983353389458973
1421,7.868227376477421
1422,9.088748290019703
1423,7.099828037913179
1424,7.545232448319051
1425,9.146365760777272
1426,8.0361056093393
1427,1.4439568043964257
1428,2.927392783566958
1429,5.449038061610677
1430,2.9777361066477757
1431,7.144576998328313
1432,4.809185490913782
1433,7.93148305132811
1434,5.34815901268981
1435,7.769329880453582
1436,8.644746993406187
1437,7.509692504648476
1438,7.936102096838145
1439,7.1789932372381475
1440,7.83335966410664
1441,4.791915068089625
1442,7.46258948889103
1443,7.141812748053205
1444,1.7390588682374053
1445,8.8545752277807
1446,6.470979119461483
1447,6.692192055014713
1448,9.051745511197044
1449,5.677191152745156
1450,8.196239009556635
1451,7.312963518418892
1452,6.765470246492791
1453,5.721663244239469
1454,7.403753345923038
1455,7.340144022086132
1456,7.558273619295454
1457,6.491187049422946
1458,4.657302863519443
1459,8.080821880783926
1460,2.3383362752961228
1461,6.397096339817198
1462,4.222679597244336
1463,3.362009815676937
1464,4.599041959205241
1465,3.667016187395409
1466,7.095116491519406
1467,6.481439974633105
1468,7.041484642952293
1469,9.031180200224714
1470,2.5342200974958833
1471,6.153000969020135
1472,4.025329820872436
1473,8.274589935001112
1474,5.17162294322631
1475,4.462458610700546
1476,7.8335801227223065
1477,6.434150998172251
1478,7.405185516361299
1479,3.9178210590490945
1480,6.959037496767127
1481,7.159012969909769
1482,7.156001242957748
1483,4.7549888843000065
1484,4.643025977958944
1485,8.364688362960486
1486,1.7271471702268644
1487,3.134547445369944
1488,2.3695875387372913
1489,4.361610136033139
1490,4.278643012032973
1491,6.754527241727489
1492,6.252635175877403
1493,8.984828912950237
1494,3.5861344775860324
1495,7.970002050179506
1496,4.846701925579773
1497,5.18726623891296
1498,6.605974534233042
1499,4.531052630254918
1500,8.546092527551606
1501,6.092900224433418
1502,7.485186816147513
1503,5.951288444432815
1504,5.249552117991952
1505,4.4051429741218495
1506,7.196278707575813
1507,6.942186573434011
1508,6.298394823833026
1509,3.2638874911592173
1510,4.742263605849605
1511,8.057166052382629
1512,2.5609346008312386
1513,3.316857078454633
1514,8.510680207347473
1515,5.840132826403238
1516,5.237261577114801
1517,7.621349510098815
1518,8.157732502586144
1519,6.14363760759564
1520,5.124821339568802
1521,4.9769607753614125
1522,8.009940189303336
1523,5.824187742686226
1524,2.9975266646539493
1525,3.777651093596573
1526,8.995203161579425
1527,4.067362003758546
1528,5.78657464478644
1529,7.021752695165223
1530,8.251038980775068
1531,4.858904027607048
1532,4.084209634258565
1533,6.282385405496121
1534,4.512343290599873
1535,4.963172109038028
1536,8.877743597803757
1537,5.193440535472572
1538,7.063754528858448
1539,4.56827835023246
1540,6.741231902327531
1541,6.403001579475442
1542,6.935346013708742
1543,8.734442059382012
1544,6.582101508751437
1545,3.636641669644887
1546,7.397467168081144
1547,4.810165827853283
1548,7.736414934896418
1549,6.008198347697505
1550,6.207097330377832
1551,3.224825164425091
1552,5.600716934382439
1553,4.440992504110287
1554,5.786562093025777
1555,5.566683938955363
1556,7.903128040789971
1557,7.455484199538489
1558,4.3260673930197004
1559,5.480214160262246
1560,8.036359368450466
1561,5.235439728139161
1562,7.970678870196993
1563,5.50114733028023
1564,4.546448199591997
1565,4.785722903115439
1566,7.458625228544754
1567,6.423181979279521
1568,5.098722773347563
1569,3.4254622325494988
1570,5.180097668094069
1571,5.46214856631643
1572,8.740454478109598
1573,2.775067165210564
1574,6.492346145787295
1575,3.9472004267171137
1576,7.325014885089859
1577,5.172048887072865
1578,7.666730945404048
1579,4.075670846467474
1580,7.5063004493044385
1581,6.912222044288356
1582,2.52710261025249
1583,3.1427747230327663
1584,4.712689151130178
1585,7.074936909828843
1586,5.0951385818915895
1587,6.887617628153226
1588,8.157567930503305
1589,5.510560925986791
1590,5.22497164763911
1591,8.41000703415364
1592,7.478302876955638
1593,3.6429526484931807
1594,4.323911634585055
1595,1.564094974878511
1596,2.7796137550349673
1597,5.446107618982834
1598,6.91917361279644
1599,6.38147539805081
1600,2.5955613859661644
1601,6.3527449507331415
1602,7.535726147640805
1603,5.559527253102552
1604,7.544374976512979
1605,5.921480858447271
1606,9.464399483060342
1607,9.24419789081512
1608,5.346121685289913
1609,5.420147252450491
1610,8.338227685330649
1611,7.7230377369367895
1612,7.679353335926205
1613,6.891702746371351
1614,5.393142641171439
1615,2.992920733407681
1616,5.588481867062265
1617,6.04842783083217
1618,5.683260387159812
1619,7.44216722189054
1620,5.910675956035986
1621,4.623813530637567
1622,5.192276384144686
1623,7.269893848308801
1624,6.476514102500151
1625,7.222155766436185
1626,7.746051889772455
1627,8.134919962968187
1628,5.637704428097217
1629,6.622524375665092
1630,3.9653356570559293
1631,9.71317267968757
1632,8.134703393172433
1633,8.944619022993404
1634,7.373809025206648
1635,8.454313115566146
1636,6.107694653542934
1637,7.728679678559184
1638,7.800637850064424
1639,8.151458015061198
1640,5.211173163775575
1641,5.469849844166762
1642,4.891657984191892
1643,4.8813559009367875
1644,7.209523069878072
1645,7.957817490282608
1646,5.635802268892734
1647,6.367396892478116
1648,9.015739640422098
1649,4.678376245797808
1650,4.810111632544129
1651,4.241309224809611
1652,8.23349743422469
1653,2.941179413361647
1654,5.823127058094893
1655,6.857506068494606
1656,3.5021705011176847
1657,7.671183881765076
1658,3.769731814240873
1659,6.307452070814605
1660,8.452847603979667
1661,7.967739944361883
1662,7.019245223303709
1663,4.460826849214735
1664,6.417943352607173
1665,6.304616800290052
1666,4.958276967608495
1667,3.9488344943414138
1668,6.67700715275612
1669,6.953786487484291
1670,6.770389632370351
1671,3.6416774132857275
1672,4.059732647371103
1673,9.803392710064902
1674,6.478505577295136
1675,2.4947865701520087
1676,7.7060516280320535
1677,5.9471476101011165
1678,3.0297443026835795
1679,6.224919806985543
1680,3.34501657595128
1681,5.795576807628732
1682,1.7563219156223169
1683,7.4825439208623825
1684,7.234043906281036
1685,7.729897126445984
1686,4.611330924989091
1687,2.0659704015314135
1688,7.23637544162385
1689,7.200235047409164
1690,3.390502883775948
1691,7.450113110813108
1692,9.289038735242638
1693,6.994332314225183
1694,3.018185079065344
1695,3.0394018068818163
1696,5.995582198873793
1697,6.363553813777037
1698,6.686234378594374
1699,5.01892795995602
1700,5.192951755902563
1701,4.537393070245326
1702,4.16106688525576
1703,7.525794440019185
1704,6.733240236188314
1705,5.6491729276032485
1706,5.488003188999059
1707,4.975797112365556
1708,7.559936045493654
1709,8.425922097569032
1710,6.320752158002682
1711,7.550431433622769
1712,5.706052697187936
1713,5.309670152269213
1714,7.826220227854087
1715,8.746749026465615
1716,6.226515221199823
1717,3.3949981196206416
1718,4.756771176892656
1719,6.973085062360164
1720,8.517730784816598
1721,6.544741739751402
1722,2.3843921550018274
1723,7.271317469119479
1724,3.271877338879805
1725,7.8353738929578505
1726,6.152927740849282
1727,3.518723628469756
1728,6.429437299419806
1729,3.830839269427184
1730,4.52744933785267
1731,7.205167402279653
1732,7.958520016552171
1733,6.1265427711519305
1734,5.192269789238812
1735,2.3941290612213235
1736,8.443371616684672
1737,7.6703278044314205
1738,8.691115048604896
1739,6.526362874979618
1740,7.298161702882738
1741,3.1312744594100597
1742,6.673649622992331
1743,6.8323061395767954
1744,6.51601112294262
1745,6.4694541676513335
1746,7.019529307231517
1747,5.660322334417181
1748,7.563115963583394
1749,2.153746002732591
1750,6.410641169899549
1751,7.144376585560314
1752,8.029451479355192
1753,7.0731057870348355
1754,6.761475738376774
1755,5.520775990219068
1756,6.507999063052894
1757,9.565924588817593
1758,4.903943526417238
1759,5.455453499659372
1760,5.130597874764969
1761,3.310062754600032
1762,4.968613440023687
1763,3.5219756518198406
1764,4.36339172070285
1765,5.404158501705112
1766,6.183227832406864
1767,4.052369420127167
1768,8.140041356649686
1769,6.1969621093125085
1770,5.961599396815782
1771,4.587143743521546
1772,5.366813447018278
1773,4.233903679695649
1774,6.860918028751071
1775,6.8098265372403315
1776,5.174243300243452
1777,8.402010399723292
1778,5.970116013062363
1779,8.040200985064017
1780,8.20626139252164
1781,7.2386715530150765
1782,6.9642510102847055
1783,6.028557915024857
1784,6.952824980178528
1785,3.723640926456479
1786,4.840430780053063
1787,2.642975877231362
1788,5.81141670259615
1789,8.426678616970392
1790,9.116394530640779
1791,8.176045876379273
1792,5.690727601667543
1793,4.905521418909674
1794,6.498498830388808
1795,5.370665453079246
1796,6.688478657384944
1797,7.824849307534887
1798,5.269163381995469
1799,3.588051796206261
1800,6.143507520121419
1801,3.382242436487136
1802,5.44055258067011
1803,9.220992263685137
1804,7.083484209952189
1805,8.748093822619982
1806,4.437122028396555
1807,1.6275528785154487
1808,5.603610383248134
1809,6.22923669314296
1810,9.162044884106773
1811,5.107214916496648
1812,6.908435535528287
1813,5.7411679642261095
1814,4.659481474870127
1815,6.689730372319167
1816,6.64257102236446
1817,2.159444122516658
1818,6.8802773300860895
1819,7.309321866463931
1820,7.062395768086372
1821,8.192361456108028
1822,7.125575806232181
1823,4.6628586278420885
1824,8.225593871302188
1825,5.834675472855151
1826,5.941895958082408
1827,9.390783057513962
1828,5.706569785516475
1829,3.5150065614456567
1830,4.246571071964318
1831,5.881464129480557
1832,5.547577196558553
1833,5.7260046486132214
1834,3.931670491771793
1835,6.678412281895934
1836,6.931767999735516
1837,3.154268118417315
1838,5.0361213262043005
1839,7.299856856744168
1840,7.285093270523982
1841,4.635596988018284
1842,6.2594357470627715
1843,7.632563229413387
1844,3.203672019490023
1845,7.6194559522032135
1846,6.4277299942824495
1847,7.946592846699813
1848,8.261327923117005
1849,5.193222467724835
1850,5.325290979386348
1851,5.58641513500023
1852,2.1318654919264093
1853,4.79629867400755
1854,5.1578861242184
1855,6.467060201361892
1856,3.2453247601684643
1857,3.8074055948467986
1858,3.3436991689296454
1859,4.55236318793135
1860,4.91915602752402
1861,4.005434346796681
1862,7.974213334045583
1863,5.391118126091989
1864,5.799384903460735
1865,6.2028351135400115
1866,8.834022584554148
1867,7.2637807961278416
1868,7.4229598702756086
1869,6.675578420208211
1870,5.1479232954453
1871,3.893135281175449
1872,5.776086370473224
1873,7.163728431089549
1874,1.1283997559278158
1875,5.9215775876704075
1876,5.639329406028538
1877,6.831312001519121
1878,5.262283521409984
1879,3.0752659691341178
1880,5.59055511266113
1881,3.518157646043946
1882,7.633610624077091
1883,5.379580495549575
1884,9.519146075621821
1885,7.324682260602387
1886,3.8635125156121752
1887,6.619701446554053
1888,4.188495980056941
1889,8.281328764161223
1890,5.286926282872097
1891,6.4506077957739105
1892,8.440274924219395
1893,7.865424195076828
1894,6.859226400444233
1895,7.22038679095669
1896,6.670582456087919
1897,6.698663291820859
1898,6.197913371246387
1899,8.99548349217212
1900,7.369981788837979
1901,6.589788855675499
1902,5.394289703660858
1903,4.168167741529423
1904,5.861417417070031
1905,3.5626983264354983
1906,4.981318147052897
1907,4.872302267341285
1908,7.553069292464544
1909,5.947090662728224
1910,5.80848302512429
1911,6.256900283711854
1912,7.015481351690145
1913,7.0445784882064375
1914,7.297406486684307
1915,2.3898769242412303
1916,3.693963665904148
1917,4.07109032993565
1918,7.084310554077431
1919,4.489921716526403
1920,7.485844021297474
1921,5.800729087064044
1922,5.986366074732031
1923,5.042030360424144
1924,8.069500479475893
1925,8.223982866786368
1926,6.85404078122721
1927,5.320780495094105
1928,6.664231886875317
1929,5.382192099353189
1930,7.7449767808328325
1931,3.1840364847161995
1932,7.77470043011618
1933,3.7724367323446115
1934,6.445793595168222
1935,6.1437203024810625
1936,2.7523521013860193
1937,7.624177135677361
1938,2.0858954914797985
1939,5.3220255991093754
1940,3.6513085276834403
1941,4.645158614843757
1942,3.9748835076924873
1943,8.492173123984117
1944,2.1287022371332887
1945,4.4269912844687935
1946,8.144812157176826
1947,8.587963839670632
1948,8.352293848147234
1949,6.689832498621561
1950,1.5397987112521383
1951,7.026306813077263
1952,8.580997152925073
1953,4.4640175340158805
1954,4.032182100376091
1955,4.925645141235916
1956,6.514483708711799
1957,3.560424684220412
1958,8.047967388045077
1959,2.3715718313429472
1960,8.82169721705086
1961,5.810926419058253
1962,4.213931318137612
1963,8.05093693617892
1964,5.383812472726379
1965,5.053632802700442
1966,8.01596987039706
1967,3.922942202539981
1968,6.6513521367608845
1969,6.920131454864791
1970,5.376497978065048
1971,5.762274293431778
1972,8.471942102413758
1973,6.915949747764648
1974,4.579959949276757
1975,6.358514896150577
1976,5.5946392075768685
1977,5.857328882468147
1978,7.8704650879362035
1979,7.007865535527815
1980,5.67420687352814
1981,2.2978368661128625
1982,6.157411946514949
1983,7.034126145451286
1984,8.968529852257593
1985,3.952738117358902
1986,3.3011700070763568
1987,4.0399303272683085
1988,7.34730579442679
1989,4.020317887143879
1990,7.820242600833906
1991,5.749947024573167
1992,9.074152310370543
1993,4.198533186855558
1994,5.765871896613721
1995,6.245394850787447
1996,6.410513157842883
1997,8.920341559155803
1998,4.75631567069007
1999,3.7124316320709934
2000,8.733515618858
2001,4.103415217548415
2002,8.497769893856429
2003,5.243940774744328
2004,6.2387414124776335
2005,7.502410533987634
2006,6.943152439868208
2007,5.156044796621689
2008,3.7624819899654076
2009,3.1657210413129033
2010,6.652886980498553
2011,6.040822522097381
2012,6.5816507521756265
2013,8.729677651105373
2014,5.6576868456025124
2015,4.093760015456085
2016,3.970470623624109
2017,4.590582027315056
2018,6.503213269358243
2019,7.137672853437272
2020,6.988381339683598
2021,3.558630054480365
2022,6.967452218373488
2023,5.41920329151372
2024,6.301213863018675
2025,7.5770904897581195
2026,8.043352180184263
2027,7.382383730310721
2028,2.9838987392938114
2029,2.198787869223855
2030,8.0176688369169
2031,3.7877577883560702
2032,8.677163020122832
2033,6.610872650810071
2034,4.2167225295895845
2035,4.718125092583567
2036,7.597451408509799
2037,5.618647696656831
2038,3.9761102303955127
2039,7.188020493787395
2040,7.601396363790195
2041,4.534297280396872
2042,4.895879526204945
2043,5.723240019661145
2044,5.819011482932744
2045,5.936842180602632
2046,6.638963173632986
2047,6.931426184179506
2048,2.883263060755081
2049,5.549890542537329
2050,2.182851548379904
2051,4.911838731664759
2052,0.9673233862263724
2053,5.094835272348329
2054,6.636280567882769
2055,6.784624486894142
2056,3.7283544943296807
2057,6.899104672941835
2058,5.445213423618112
2059,7.180176676902256
2060,4.581385733297516
2061,2.918123252277724
2062,4.604416510699986
2063,6.622200971215898
2064,4.750103699200039
2065,4.734824394185312
2066,8.958729269606767
2067,9.908826638310435
2068,8.369462855595096
2069,5.087364459250832
2070,6.255681810730058
2071,6.546331017307171
2072,4.3828686222676625
2073,4.56367192368718
2074,4.158787589844371
2075,3.809603149676768
2076,3.6536912810283173
2077,5.5711584009757456
2078,4.998450540985459
2079,6.868207068804036
2080,7.53567630563334
2081,8.74323192553268
2082,6.157036574785355
2083,6.275622514568587
2084,6.723362250291894
2085,8.282681435243465
2086,8.089135899781846
2087,4.324534033845618
2088,7.900463809614739
2089,8.950160961159598
2090,8.728692713176752
2091,5.589796638389637
2092,2.6281832197389203
2093,6.7013414551146395
2094,5.29436530804071
2095,3.742741025832413
2096,4.228569668062098
2097,6.414504562839024
2098,7.276488291711681
2099,1.8138291638935544
2100,7.3900432467556145
2101,3.285707578940771
2102,7.20443047586399
2103,8.493800314152548
2104,5.957300346904004
2105,5.090640981024442
2106,7.780984311266946
2107,2.8631444998043913
2108,2.7107967363317895
2109,4.382268371735896
2110,6.618214284138075
2111,5.12740136103064
2112,3.971589261213386
2113,6.292862462888226
2114,7.326414450290477
2115,3.476167054823416
2116,5.171077301370628
2117,8.804583082975412
2118,5.841725377843966
2119,6.542003181112289
2120,7.827401169710662
2121,4.907325425185616
2122,3.225513663350051
2123,3.232462795579513
2124,6.63236981717797
2125,6.574679672243425
2126,4.919191714179016
2127,6.472355140330747
2128,7.815322988828384
2129,4.268419140523354
2130,5.582686181594192
2131,5.389784791009876
2132,6.368021870950822
2133,5.404875903080342
2134,5.540097161784256
2135,3.0594451405059564
2136,2.606532618435817
2137,6.965407459056662
2138,3.1303604578683064
2139,5.967017597338167
2140,3.363737808792796
2141,7.169678646629345
2142,2.8636855850359604
2143,6.601283391269701
2144,6.3411710648184325
2145,9.847515561599245
2146,7.459823589321847
2147,7.319109962531483
2148,5.725398445780862
2149,8.302701991908275
2150,6.511262362631594
2151,5.049070610021296
2152,5.090217754834681
2153,6.630152363820516
2154,6.668723212945201
2155,6.219718203490759
2156,7.1246624782598325
2157,5.5438595176968
2158,7.989256434668604
2159,8.838000709796528
2160,4.85761326920928
2161,2.3820592845735558
2162,8.063579137812537
2163,6.230803790675562
2164,5.355461673779799
2165,5.972337531916645
2166,6.698405103493579
2167,7.550027158971302
2168,6.301861319726708
2169,7.3375769384121865
2170,7.132112464512226
2171,6.658106320536067
2172,8.432633621162713
2173,2.453014883217027
2174,4.2244867738372776
2175,5.288465081865902
2176,8.463273623785936
2177,6.305600141264801
2178,6.817881304591593
2179,4.604446358497428
2180,5.68665221754896
2181,2.6267674297865025
2182,5.186830966772586
2183,5.402502053833523
2184,9.000935991974618
2185,8.616679266753573
2186,7.595871977442164
2187,3.629142810972672
2188,4.919988661564295
2189,6.250845316604464
2190,3.7392093066315626
2191,5.998840395643368
2192,8.760773498732059
2193,4.236342096243059
2194,6.210543813601225
2195,7.937432797431476
2196,9.05624990309069
2197,7.473841729037289
2198,3.8557398958475995
2199,5.653038886096747
2200,7.597463809864591
2201,8.13753138611549
2202,7.734171443407945
2203,4.643210647140153
2204,8.640980289497403
2205,8.83950473260221
2206,5.269981424220638
2207,7.696788104690542
2208,7.096676381966575
2209,8.3244302339874
2210,1.4180300570093394
2211,6.359693058310196
2212,9.042811363471914
2213,6.708766370162129
2214,7.6934641141496245
2215,8.198270581410661
2216,3.2624372391187437
2217,7.616101274406132
2218,3.893721545913027
2219,3.108819002277116
2220,8.224193306827468
2221,8.001470204742093
2222,6.907242576137863
2223,4.300550014720727
2224,5.572881549644118
2225,7.20264334830534
2226,6.621417920729874
2227,6.567892306275516
2228,5.003711200375056
2229,8.124673450849604
2230,7.387654886207387
2231,6.27621319071806
2232,6.434748622987655
2233,5.903913865105475
2234,7.642070417149125
2235,6.848711149342233
2236,4.498209771645494
2237,4.80222927446364
2238,4.534794047251719
2239,7.395249352579137
2240,5.905485516918243
2241,4.740185299085173
2242,5.026306112441626
2243,9.15958614203604
2244,6.746867211441563
2245,7.147161609336503
2246,7.559114049732779
2247,9.304160648006842
2248,7.820950916881088
2249,4.521163918021149
2250,5.290412321649514
2251,7.1899528770420735
2252,7.844714387612447
2253,5.485960325475358
2254,8.466806379113816
2255,3.396641806212208
2256,6.667742476743436
2257,5.308742851480758
2258,6.371782969221973
2259,4.159950161189638
2260,4.6803131025039475
2261,8.12225678267054
2262,7.7006686289117425
2263,3.490599240355004
2264,8.825172690579365
2265,5.7574216777951825
2266,6.7937485460546085
2267,5.110309853127437
2268,1.8874833112576805
2269,8.019830021249524
2270,7.392495163564783
2271,6.563079721712823
2272,3.0176598746904375
2273,4.929103485312941
2274,5.221484878182234
2275,8.472014451067501
2276,9.782608216096714
2277,6.305919958445983
2278,5.212345125607845
2279,9.5522228744186
2280,3.601934286739784
2281,5.588896704999691
2282,4.134539635886606
2283,5.555732513641713
2284,6.341202601712494
2285,4.313891704570986
2286,5.411857409914388
2287,4.030926117966624
2288,3.8494795738239507
2289,5.436547927101377
2290,7.606781687084014
2291,8.412153554817559
2292,8.57249009016139
2293,8.201940578061695
2294,3.3587103226990482
2295,7.297662715420494
2296,8.077006188079393
2297,5.293835038298005
2298,8.192746511782872
2299,7.772550655270606
2300,4.493098468880197
2301,5.611352320434898
2302,7.823098279709168
2303,6.225848784406711
2304,5.4729503578116105
2305,4.808902096879432
2306,6.366354441172895
2307,5.680037291663108
2308,7.808965824410226
2309,4.217926055014993
2310,3.4470635124248745
2311,6.496491330911013
2312,5.258774344709829
2313,8.737372738643504
2314,6.907662603234122
2315,3.1320804833940157
2316,9.014371015764267
2317,6.693788518372377
2318,6.846551614688588
2319,7.406479252791163
2320,6.013196580138317
2321,6.773625546462268
2322,3.106767626932688
2323,7.3436721284323845
2324,6.819393505226332
2325,7.719505352418547
2326,4.845979313458598
2327,6.06555799113317
2328,4.759905539818631
2329,4.9039222717881765
2330,4.94735498257435
2331,3.480584794882006
2332,5.43384621826919
2333,6.9380530507645
2334,5.914334361570174
2335,7.180622146114661
2336,5.068216080579081
2337,4.335374374352897
2338,9.053740059016395
2339,4.698388157785663
2340,2.91500095284311
2341,2.096961589816419
2342,3.844552845403952
2343,4.395128969771153
2344,6.956458892573329
2345,5.8055709238168305
2346,2.903924692272671
2347,9.39683832268704
2348,7.525552659784484
2349,4.0953723697746796
2350,4.09344878163232
2351,5.5279658018982065
2352,3.60449758254161
2353,6.238999651590793
2354,6.190407880854952
2355,8.432365429391663
2356,7.024230064695901
2357,5.363306807156124
2358,5.5683384610443385
2359,7.353179453006318
2360,6.440528813131536
2361,4.6581766077959355
2362,3.5408816197284905
2363,8.837819233691299
2364,7.367122747149777
2365,4.558773792228385
2366,8.044447673626456
2367,6.817523671891225
2368,6.164693728163732
2369,2.0155264087786944
2370,2.845942448847936
2371,6.436173790521636
2372,6.189698240988408
2373,7.037926596704868
2374,3.1532340878264913
2375,3.2810888225200925
2376,7.134910306552715
2377,6.271005234752422
2378,8.516911451731463
2379,4.551328953537655
2380,5.55437775484366
2381,9.00843927683499
2382,8.079664510691543
2383,3.242654799855477
2384,7.6777192015242255
2385,6.09670174292147
2386,5.489941904622087
2387,6.025009213181255
2388,4.301082313527941
2389,5.8169771353257715
2390,7.347691627388109
2391,8.775527223018752
2392,6.12212675606415
2393,7.7561558754197995
2394,5.694312290950382
2395,3.202507724312934
2396,8.497333831932519
2397,7.442861935460138
2398,4.289014424678655
2399,8.688714253304159
2400,9.339113184821667
2401,4.870914341101077
2402,8.900342715043678
2403,2.433793560820072
2404,7.008768360526171
2405,8.101232143386373
2406,7.416147769090367
2407,2.34016202813644
2408,8.202399093957194
2409,5.443909880752269
2410,5.615112427082346
2411,8.310485694207795
2412,4.615667593089167
2413,5.90236477148798
2414,4.393636827583791
2415,5.954976650547331
2416,6.435140645321668
2417,8.175225190034364
2418,6.4128448508710445
2419,4.679013233337253
2420,6.128423315917056
2421,5.132290221338875
2422,8.105187311325754
2423,2.533369792051343
2424,5.143642726423919
2425,0.4977852212012517
2426,8.438003518660986
2427,4.999637581542561
2428,1.4172008253317236
2429,7.094298616678982
2430,4.7520260698901655
2431,4.249010731758556
2432,7.942052053203229
2433,4.661088133844945
2434,6.442408314862775
2435,6.330355104979548
2436,5.659262661673884
2437,6.550607956043638
2438,7.038651270850245
2439,6.057310423104813
2440,8.15515171475502
2441,4.4744619009491045
2442,4.742142568528788
2443,6.250442797558081
2444,8.670394717022855
2445,8.442920764968083
2446,6.511265718207145
2447,7.1788345762383
2448,9.409760253683118
2449,4.357554137961152
2450,4.897524554494984
2451,6.321867150444653
2452,7.75573525910744
2453,4.863450015377809
2454,6.141217702360871
2455,6.5579212848989386
2456,3.4094983899622733
2457,8.666707259429746
2458,8.188461384956508
2459,6.8566784581544455
2460,4.420230505636756
2461,6.0660390277040115
2462,3.4188363279564973
2463,5.347213817604645
2464,7.369927754550748
2465,8.650902691720574
2466,5.416958815279779
2467,7.488784473409861
2468,7.419833735266168
2469,8.369065469382434
2470,5.245312650419514
2471,4.302705659884161
2472,5.266247746430597
2473,4.85262281943977
2474,5.8463971912258295
2475,5.848529250387944
2476,5.536303898961842
2477,6.1046924360116
2478,8.162295060945802
2479,6.23429571559413
2480,8.414543402914513
2481,4.9380986221851
2482,7.382458657599631
2483,3.3565988019813435
2484,7.667064937854719
2485,3.2325260103925757
2486,6.70331331545956
2487,5.1230258974712815
2488,4.090037530823023
2489,3.9809861174234644
2490,4.276236082397979
2491,3.9184781818492587
2492,4.018405572432459
2493,7.244739356767141
2494,8.424029424774877
2495,6.195995769600675
2496,5.8971914998924095
2497,7.284334991797566
2498,5.165567167426706
2499,4.325588846307395
2500,4.495487755647968
2501,6.758777014373086
2502,6.659333941168482
2503,6.163696434067912
2504,3.8067328338530952
2505,7.315719465958206
2506,7.370242816497359
2507,3.9574438422023306
2508,4.970723909728678
2509,3.9037336036797368
2510,7.135876819150566
2511,9.515022028666417
2512,4.627219322633719
2513,4.43295906160044
2514,6.706850459127226
2515,5.826547139786591
2516,2.365984212133393
2517,7.379453335818283
2518,5.447261750869395
2519,5.172031186397007
2520,3.229058404380858
2521,5.933213969570696
2522,9.60674673370118
2523,6.263518845600403
2524,3.99005816502965
2525,9.540992205071007
2526,7.42717592764685
2527,8.112275457494583
2528,5.445343897578626
2529,2.48265163985459
2530,8.941363547257296
2531,8.665908634951483
2532,8.768721518781302
2533,4.802098185438005
2534,6.963802178880995
2535,5.737500183982071
2536,6.604300281413973
2537,7.385856695287716
2538,6.974754450091635
2539,7.748724763550731
2540,9.400388487580713
2541,5.495687271424554
2542,8.05771831200822
2543,9.225355027382841
2544,3.5488148632232326
2545,5.680018058296002
2546,5.389538384321562
2547,5.354276128492073
2548,5.146966988539506
2549,7.35142417428993
2550,8.112009956288052
2551,3.418180132424185
2552,5.244208912327071
2553,7.725834395701714
2554,5.0524327166204515
2555,5.391269147361504
2556,3.334526388150927
2557,7.0902868044442595
2558,8.025776251647187
2559,7.840579848276137
2560,6.75843146180652
2561,6.005424727604396
2562,4.073621100308246
2563,5.68916330078323
2564,5.699553780088778
2565,4.638035329149466
2566,6.690219358827184
2567,8.553211841255646
2568,4.101885464537842
2569,3.2413512682173864
2570,5.46414515661112
2571,8.92031026719296
2572,5.792430707504139
2573,4.094055774614965
2574,8.93722233319918
2575,9.26172851652706
2576,6.686948666139563
2577,4.7818605632851705
2578,5.226808705312911
2579,3.5723097590496886
2580,5.366622967346455
2581,9.990554079889286
2582,6.457898840202105
2583,7.596274643498748
2584,4.711667765494373
2585,6.27351555534968
2586,4.244896760529305
2587,2.9329892225286973
2588,7.346807566384124
2589,6.085017461816941
2590,8.04037439718218
2591,8.433321240676811
2592,7.879830252117852
2593,3.5283816507989174
2594,7.452336577542896
2595,3.618017942434634
2596,3.6873719140786934
2597,8.328340355151024
2598,8.572208608169383
2599,3.1375152407763833
2600,4.347706742142363
2601,4.163550036566971
2602,7.733282481251397
2603,5.592945348583745
2604,4.723313937508743
2605,3.8501312671638153
2606,4.7773776619529205
2607,7.07540335308983
2608,8.045826244095355
2609,7.309626034330169
2610,5.512761602262865
2611,6.580074035955533
2612,4.939685189295182
2613,8.958089855333057
2614,1.6875889764020982
2615,3.1822599787845194
2616,7.205652955703831
2617,5.222318738006088
2618,7.422456660537351
2619,9.03540938670468
2620,1.0221012474479552
2621,3.8843968548232133
2622,8.248909379105301
2623,7.0541183140106165
2624,8.17785775650421
2625,7.093009727057421
2626,8.390191691937149
2627,5.67881064522145
2628,1.8708132963587638
2629,8.554672774426777
2630,5.798919342447621
2631,3.4680206544729293
2632,8.569244582174948
2633,7.6043393207806655
2634,7.4352392664862155
2635,2.9421334431888546
2636,5.045136744049968
2637,7.057190239100328
2638,5.927848377191637
2639,6.116261890216417
2640,6.57498026819121
2641,6.040500654827861
2642,5.347526085073298
2643,8.191390325333225
2644,7.118078626096105
2645,7.792076770507507
2646,5.007014904517983
2647,5.866307740444924
2648,8.930838846836467
2649,8.010462015277446
2650,4.6200654349013845
2651,7.352644979839717
2652,6.750958746806337
2653,5.39877733466518
2654,6.0172446697070905
2655,6.963103968109036
2656,9.515803049264164
2657,6.267214444291939
2658,5.722430013966294
2659,4.049985521676168
2660,5.724654260368457
2661,6.6908035495359535
2662,5.078979058687429
2663,6.638757677811306
2664,7.901680192258636
2665,5.688137099996315
2666,2.75780180146482
2667,8.134517362756792
2668,5.853722419694661
2669,4.847246975701707
2670,5.597995490652776
2671,7.235618049616978
2672,2.3870623558679562
2673,6.595424702392499
2674,5.637294065534986
2675,7.865542103591173
2676,8.045563809234869
2677,5.157619895471927
2678,7.657171411810003
2679,7.158936492133547
2680,3.920644298539945
2681,3.442467591160372
2682,8.029785689858791
2683,5.828434731539456
2684,5.2010516557428605
2685,4.3209820167415085
2686,4.170555492527649
2687,7.1039742189993795
2688,2.667850334516798
2689,7.507117600060051
2690,2.6285837745355236
2691,5.853093014444921
2692,10.0
2693,3.4603659057802814
2694,4.779337720813982
2695,5.744574804128488
2696,2.2318239934615884
2697,4.080576000708194
2698,4.61165818007475
2699,8.662312010452688
2700,1.5820662165059138
2701,4.738902271726819
2702,5.610116941700711
2703,7.8453090018020575
2704,8.388724732916547
2705,5.596038049824789
2706,6.650721086638497
2707,5.60219429244159
2708,4.488124295473293
2709,1.3134712630636551
2710,6.768982058748307
2711,6.722034487187346
2712,4.502731451555282
2713,9.380916746218091
2714,3.482397799698367
2715,3.677587383583747
2716,3.5031862412549444
2717,2.1922342481914905
2718,4.4391712152509575
2719,4.770807646550509
2720,4.822079438576021
2721,6.006612237194158
2722,7.436403693829648
2723,6.7276882021203575
2724,3.513285744771637
2725,7.250842616346976
2726,8.235318190665756
2727,8.131050979647128
2728,7.619922167503718
2729,2.5885038470901547
2730,7.203198824189566
2731,6.901014380288954
2732,6.060272952010605
2733,5.521028376260023
2734,8.214624900805926
2735,8.798846246734854
2736,4.918822817969887
2737,5.182137916466006
2738,5.276952564316412
2739,7.0881996397688
2740,5.298798413693282
2741,5.596072992927794
2742,5.654929089632059
2743,3.179247034443013
2744,2.3470202696750357
2745,9.133851602016243
2746,6.601825275243721
2747,2.0140051511240813
2748,6.630552513923401
2749,6.368363823463401
2750,6.388691165299168
2751,6.36204610340582
2752,7.438433841356126
2753,7.087184919562693
2754,6.365763297460838
2755,7.314433523099085
2756,4.316831750654055
2757,5.69485554104549
2758,6.250607981391255
2759,3.7679018918097196
2760,7.023058864763831
2761,6.915956187912361
2762,3.2185388345038826
2763,6.047905975545744
2764,5.882024921144045
2765,6.921568190383683
2766,5.716518060836734
2767,8.478085219993659
2768,3.8985779528977744
2769,4.594817211316899
2770,2.3417943572896447
2771,4.954454349009083
2772,4.571125750998021
2773,7.899738874671873
2774,7.986310151309541
2775,8.971729027985795
2776,8.743550535343822
2777,6.779338555176508
2778,6.51238887576078
2779,7.556126033946073
2780,6.094492565877926
2781,4.174648726663294
2782,9.196274556020057
2783,7.042164768893244
2784,7.777739049779771
2785,4.776695355462548
2786,5.282373011808957
2787,7.204367559478395
2788,6.438841590038635
2789,6.115560959659492
2790,2.947210246197624
2791,8.590254995790328
2792,2.4637598449635427
2793,1.9275629432340207
2794,2.7216322752134054
2795,2.8268683069804754
2796,7.913591321907852
2797,7.254660852655052
2798,6.784638951872701
2799,3.7306620344092165
2800,3.3317673353663873
2801,3.70811889277629
2802,8.442848976885198
2803,5.557616428210025
2804,3.9219119117660854
2805,6.88272189864367
2806,4.92889869537561
2807,7.895120982858396
2808,8.065648576134526
2809,6.69566569555158
2810,7.4777598724546905
2811,2.8305532424805095
2812,7.12350639567819
2813,2.858064045536529
2814,5.229101211385313
2815,9.039534477307432
2816,6.345273507403531
2817,6.187314077746203
2818,2.5072239037998263
2819,6.966856124808498
2820,7.722720443403391
2821,6.898590916844558
2822,3.3675955228081964
2823,4.674717102839608
2824,6.138920762057786
2825,4.140139258640074
2826,9.659961079942953
2827,7.294775609505382
2828,6.33089163423311
2829,7.647349108816776
2830,5.310061633614745
2831,6.154222634075277
2832,7.784339407039461
2833,1.6866392416963039
2834,5.581454746345537
2835,6.600889442873945
2836,4.171122521169398
2837,5.939681402906819
2838,8.61899175064583
2839,5.8324318251547345
2840,5.928644894925126
2841,2.367009246702647
2842,8.065716404076063
2843,6.342847889531447
2844,6.80908151634231
2845,4.31469748771449
2846,7.831930216124257
2847,6.642137496274369
2848,6.2270776309184015
2849,5.476770847347453
2850,3.2781088786951464
2851,1.9038738371284825
2852,7.385734458469108
2853,5.078635650381438
2854,5.341381413000322
2855,8.907665341859705
2856,3.4520259274711513
2857,9.343243116623345
2858,7.349027008567422
2859,6.4180075595810155
2860,7.063990501660145
2861,7.390282802786994
2862,8.432298282535058
2863,7.332477258753613
2864,7.435167246558661
2865,4.836429547432366
2866,8.119456680239843
2867,6.799324860042641
2868,8.594625213565353
2869,9.530032447685958
2870,6.037321252701648
2871,6.745252772000043
2872,6.2639853770912275
2873,7.5826404728985395
2874,5.102837275297738
2875,6.954198274943154
2876,4.225468672206495
2877,3.7226325269560974
2878,5.822749296548057
2879,5.511854713734129
2880,3.75313137967258
2881,9.855619413579447
2882,5.248631278102758
2883,5.585761133036372
2884,6.565965198733684
2885,6.408404585513645
2886,0.7218502150917889
2887,6.983020074118152
2888,8.454022716321088
2889,7.082968754274497
2890,7.573491979956495
2891,7.893880413503499
2892,8.234623528974597
2893,5.372422153320539
2894,9.412136934787027
2895,3.105798080725722
2896,8.192552460232733
2897,4.969234867659413
2898,3.2843869512082846
2899,3.2742819816729303
2900,5.595569498398033
2901,3.3878560101118844
2902,9.133158799655744
2903,8.018599233952493
2904,4.4700606437082016
2905,7.473657431621153
2906,7.975642756476054
2907,6.7658226014977965
2908,5.9868853450297905
2909,1.71569805980128
2910,6.081523097896435
2911,8.904506104820744
2912,3.9727512389496606
2913,6.970621670609136
2914,3.3742017359060417
2915,5.473221946924043
2916,8.540607568942116
2917,3.4053549969943715
2918,8.53126847052666
2919,4.09926907881239
2920,7.107605194647313
2921,7.642523639813965
2922,3.4920275453767085
2923,7.402952853146452
2924,7.421342574843994
2925,6.498112533177755
2926,7.300925270281631
2927,1.8493511809000274
2928,3.839819763037389
2929,7.715484571259988
2930,5.153563483881408
2931,4.141980123011604
2932,6.271920868838178
2933,3.3325283864648445
2934,2.522181415314258
2935,6.415051127361655
2936,9.489367089325306
2937,4.552640871532415
2938,4.541154380655183
2939,5.986157760307996
2940,5.714379807562072
2941,9.185522624164678
2942,5.245910428187864
2943,5.972071428337403
2944,4.7434093668680735
2945,7.307884202102743
2946,7.930475364640301
2947,6.550990243534714
2948,1.7988778697044179
2949,6.333514544605986
2950,7.31531587444756
2951,5.27241305234555
2952,5.413300890655642
2953,5.722919892299383
2954,6.1252897295701345
2955,3.729250578032066
2956,4.954770996231236
2957,6.653475462575614
2958,7.695740837829768
2959,5.884028872448125
2960,6.444428845158095
2961,3.7287078048585016
2962,8.435866193136395
2963,7.707784975392918
2964,2.6510811567049934
2965,3.153850324031418
2966,4.895729337129077
2967,6.318687442329555
2968,6.1687773671753
2969,5.372788792738893
2970,3.474497378726257
2971,8.612475914612892
2972,10.0
2973,6.70137277990894
2974,5.050356824519073
2975,5.47286729129724
2976,6.71205891997989
2977,4.8386581909126445
2978,7.810430477919683
2979,6.882533728764578
2980,3.8550203301184816
2981,9.685063296978587
2982,4.669224045455303
2983,4.7072011400254405
2984,8.337310107029838
2985,6.784019511309312
2986,6.39336562778041
2987,8.95382887569656
2988,6.945666055279164
2989,9.475318155015124
2990,6.585268952127947
2991,4.9057268247208965
2992,6.439238174277751
2993,6.275161132350547
2994,6.182327601142909
2995,6.340568860682362
2996,6.986819721279431
2997,9.720223831037657
2998,6.136077823247663
2999,4.962041419011021
3000,8.997621434789501
3001,8.265310891701587
3002,6.828368769116925
3003,5.3723516410305745
3004,7.593370660146819
3005,6.347571104414927
3006,6.484503080991665
3007,6.696310619806074
3008,9.059961388076905
3009,7.438153363601398
3010,4.601884048249874
3011,4.241464855914765
3012,8.110016905950737
3013,7.380062981386979
3014,5.010587907121312
3015,1.5140257414177398
3016,8.23396889020595
3017,5.576645228624127
3018,8.660199201960483
3019,4.410202999474986
3020,3.9326392195998348
3021,6.380491849465095
3022,4.6147506644599225
3023,6.118493423692913
3024,7.720853839098829
3025,2.767039475971141
3026,3.706049015360973
3027,5.983164661991001
3028,7.655411808117083
3029,4.527069098062972
3030,7.0195826560229815
3031,4.4231243912145555
3032,7.087899834615418
3033,5.269528961539721
3034,7.194267493553436
3035,8.014821904028619
3036,6.9209519078688615
3037,6.322782231548377
3038,5.97296299271394
3039,8.665661738295869
3040,6.465256691363452
3041,6.767762164689133
3042,2.3032480651048175
3043,4.647694411291229
3044,5.638330312122983
3045,7.7059166412467714
3046,9.524183604646275
3047,6.3767216723773
3048,4.825367026922921
3049,8.01849340302445
3050,6.202822254100637
3051,8.452019026287825
3052,3.0423291859280255
3053,6.67530438170744
3054,7.287394997727034
3055,6.681894398440193
3056,6.9352071906536015
3057,7.661488757089018
3058,8.90461551661174
3059,8.05083181730651
3060,4.208821772310134
3061,5.536052748541813
3062,3.8696213562070616
3063,4.592118277343507
3064,4.345928255893393
3065,4.349612795606924
3066,7.471945866636645
3067,7.31614450962644
3068,3.138793771347724
3069,3.388179092585111
3070,5.804772466695044
3071,7.196484683109263
3072,4.934193969982774
3073,6.971674237990368
3074,4.542185686330333
3075,7.12843871522451
3076,3.313403529810337
3077,6.75473111466372
3078,8.45575799204033
3079,8.161778302033754
3080,8.70514457072559
3081,5.9913446865167215
3082,7.7985791630003485
3083,7.17200222393508
3084,6.546723204322976
3085,8.674975728719502
3086,6.10552539618676
3087,6.127475362613861
3088,3.6632198991308043
3089,5.304066928247645
3090,9.375861585613357
3091,4.606301585648636
3092,2.786528107062596
3093,4.273703380000848
3094,3.8339191234804755
3095,3.5918998053862796
3096,3.9907672729871093
3097,5.576869489753183
3098,7.978890190871271
3099,3.5130420105242544
3100,3.0871117280220752
3101,3.8528517597801404
3102,8.13326506859395
3103,8.256956135487034
3104,4.9926573060516795
3105,5.620789454516488
3106,7.221559979760784
3107,6.720122714975471
3108,6.829094222439968
3109,8.572430941086099
3110,6.749914279012581
3111,4.6705152156455
3112,7.054076871478522
3113,5.05106554473141
3114,5.36494445206377
3115,6.222955477422304
3116,6.058119009069348
3117,7.400203886367594
3118,4.2543012392285195
3119,8.579246485597942
3120,6.062842291565577
3121,6.067640535844617
3122,6.693296447797801
3123,6.181544241905394
3124,4.255554828737283
3125,6.20574308411058
3126,7.092591331700316
3127,4.603048944764529
3128,2.6783213367887653
3129,5.362880781309255
3130,5.368969266714691
3131,4.711494326434087
3132,4.767787855114366
3133,6.29992354294852
3134,7.206038071460286
3135,5.124333302826656
3136,3.6465998727291904
3137,2.3135173020076127
3138,3.836276733235044
3139,6.692514636131869
3140,9.789296431715606
3141,6.955937332406043
3142,5.235107452592114
3143,6.249340406032952
3144,6.15623024291993
3145,3.280995814530435
3146,5.642301865337302
3147,6.130406523822897
3148,2.9239610663760596
3149,7.962720676784796
3150,6.799206870563702
3151,4.650183155530333
3152,5.600855830813133
3153,4.047712934315975
3154,4.21423478448907
3155,2.902851095358727
3156,7.125129546547152
3157,7.908361470720079
3158,6.472272110684307
3159,6.1608792605726155
3160,3.125471900704567
3161,8.169726673979795
3162,6.540236726587301
3163,7.376637116614477
3164,8.233720617622524
3165,6.845763071788218
3166,4.697796013849439
3167,3.4636839538895776
3168,8.961355654764285
3169,4.401548482158775
3170,6.624765156514814
3171,5.39723974645676
3172,6.469330575131999
3173,3.614920254168232
3174,6.9155807950805315
3175,1.977373633601979
3176,5.479959929047448
3177,7.279362922730259
3178,4.905463350963468
3179,3.105615062825969
3180,7.124830835836553
3181,5.126473893873499
3182,5.770065896957101
3183,7.116232466609159
3184,8.169536548884555
3185,4.828880157580699
3186,4.744324762959426
3187,5.4396357411485985
3188,5.399560374185048
3189,3.364169063747391
3190,2.1224623505511038
3191,8.1333567398483
3192,5.418688631034841
3193,5.756360988109871
3194,7.319476802074833
3195,2.969128334008759
3196,8.269725627204046
3197,6.58683403160867
3198,7.410818561968651
3199,3.7925108570776898
3200,5.563797091691449
3201,8.491867406308545
3202,7.150630627977005
3203,6.191483134888056
3204,7.84808164460754
3205,6.63905516277109
3206,5.539082287802468
3207,7.455817295279969
3208,5.43991985019473
3209,3.452537732703088
3210,6.02691434934289
3211,3.6027518765354474
3212,1.6265709074492252
3213,8.85081471753163
3214,5.351627504290085
3215,5.15328227204531
3216,5.5296239556212985
3217,4.770171323388221
3218,2.7765726339861403
3219,6.242822605061068
3220,7.151419462294445
3221,7.550464233319458
3222,6.9514717594327635
3223,7.364238398421184
3224,3.9030796954375058
3225,4.060783637651041
3226,4.840199449265693
3227,8.856647220394217
3228,4.327199402605994
3229,8.465695300315206
3230,8.602373757014629
3231,7.571990549834268
3232,5.784276131449136
3233,4.845594901652239
3234,4.589945806573389
3235,7.903949354305793
3236,5.791345944256021
3237,7.266801823235584
3238,3.7068369299298634
3239,6.732559405122652
3240,4.887017449399451
3241,7.992164938142793
3242,5.0571342051217325
3243,3.967894549678488
3244,7.43655311371073
3245,6.20889915054104
3246,2.2226406664351916
3247,6.719164983901306
3248,8.97693200901221
3249,1.9999320795898945
3250,5.45042498335823
3251,5.853499510599301
3252,6.249930747289598
3253,5.626429700344389
3254,4.550056166725945
3255,4.777391930793755
3256,7.552963762336704
3257,6.388048004952225
3258,8.515709261659362
3259,6.856484202991762
3260,6.91710340432377
3261,8.252882669912864
3262,8.278875123595446
3263,9.220041389688097
3264,5.468717377762264
3265,8.20578501654383
3266,6.986206171547045
3267,8.394540397724576
3268,7.2571033589342235
3269,5.53772993116669
3270,6.501456196239246
3271,5.457358324331215
3272,6.654847268921893
3273,7.800129769092034
3274,1.8410323801266981
3275,6.94229184844122
3276,6.436730363101063
3277,1.9217197976834353
3278,4.4483835632492505
3279,9.454508530116474
3280,6.504691132181552
3281,5.168347854720019
3282,6.958961695420796
3283,7.373555214574612
3284,6.746804297721447
3285,7.252026407918734
3286,4.1209622516752695
3287,9.197486094419515
3288,5.8289414179248435
3289,6.499769670408394
3290,5.573606702478771
3291,4.689011051863381
3292,3.7737401686746397
3293,5.5036279223182
3294,6.335821321687695
3295,5.087376836403062
3296,6.990222840732068
3297,7.028617006209298
3298,6.529930759965573
3299,5.1654807507363465
3300,5.509858639862283
3301,5.612047191710541
3302,5.595984067086918
3303,4.8741009479984445
3304,5.367260750700796
3305,6.15257277103035
3306,5.86616677551216
3307,6.6057794793456095
3308,2.3837613830037654
3309,7.164768540700345
3310,6.731172992116678
3311,8.256937906311592
3312,5.124297845048882
3313,6.089896039638687
3314,6.1577024484342235
3315,4.472616900026326
3316,6.884422686869328
3317,7.713321114942784
3318,1.474587550892466
3319,8.585537295323652
3320,6.975865374891917
3321,4.268225575120926
3322,2.0017387652602876
3323,8.412400844309296
3324,6.632249235217502
3325,6.3578574663252265
3326,9.914221146163522
3327,7.463017797657033
3328,6.426433081471528
3329,4.675441430952139
3330,7.079104844674157
3331,7.0643923815166785
3332,5.609649394155203
3333,5.3534887560766915
3334,5.052710184217973
3335,6.269707555951795
3336,4.153219273898381
3337,2.6315587950566015
3338,6.48528013878054
3339,4.546675810783322
3340,7.787292290248111
3341,8.265831284614912
3342,7.129737739995404
3343,5.938555795911114
3344,4.876576450173079
3345,6.7588458009663
3346,6.8621789968450955
3347,9.244884582504262
3348,8.491669209854642
3349,7.5734847216348316
3350,8.280413798996697
3351,5.24183458158298
3352,5.144340410332467
3353,6.8862268451279025
3354,7.235646822722831
3355,6.43252862977808
3356,6.972912194454118
3357,7.977286204168893
3358,8.795090962797303
3359,6.058328182552382
3360,6.442383859121637
3361,8.061966448630784
3362,7.541948537578872
3363,6.221771406874417
3364,7.313774625741267
3365,2.256576999672839
3366,5.06710014756713
3367,5.521654951383503
3368,7.472670551983578
3369,6.012322690047053
3370,4.411193433946845
3371,6.561117886792842
3372,6.944055455619694
3373,7.578336092807784
3374,6.153174857151251
3375,5.630051680273676
3376,8.739102735230674
3377,4.357370013345375
3378,6.889685506993308
3379,5.811116048688243
3380,6.73859064923454
3381,8.093479789429168
3382,3.3869856367724225
3383,6.405625061621014
3384,6.723010256557956
3385,8.116459329603831
3386,4.283350257168459
3387,8.053073530090177
3388,8.76604308594973
3389,7.517564788828814
3390,7.809042662577005
3391,7.834586459094204
3392,3.5017608433956626
3393,6.957127689670901
3394,6.259451869680344
3395,5.586918522831852
3396,4.378990044790024
3397,9.39248245596918
3398,9.86521922418946
3399,2.432153098477822
3400,9.516476845332917
3401,6.193970454070291
3402,6.4844213912301605
3403,5.295606961238205
3404,5.9673658836356696
3405,6.013014251102135
3406,7.829014409319391
3407,7.528841939068489
3408,6.134852798453135
3409,4.900346676760621
3410,4.976575896003804
3411,4.9488145520368505
3412,4.1974119046674465
3413,6.483733231099612
3414,5.836507253228592
3415,6.513720845408106
3416,5.646196002855061
3417,5.8477890741161325
3418,4.628923569479452
3419,6.039202221528862
3420,4.826043342904579
3421,5.674362531691093
3422,7.283188392436024
3423,4.603807474762045
3424,7.3118442677872775
3425,5.019061010822794
3426,9.201307509064298
3427,4.458759497864232
3428,5.712328538184557
3429,7.240867155107807
3430,6.287733278850894
3431,5.818315282583732
3432,2.195358442269692
3433,7.23104673066676
3434,6.498085917101065
3435,6.30382387588341
3436,4.80410812226107
3437,4.465556338767861
3438,8.603439417243568
3439,5.240453749525708
3440,5.783282750258283
3441,3.079400210039104
3442,7.542225347771373
3443,2.783953326233707
3444,5.479406138743547
3445,6.883787064633319
3446,9.02936236128413
3447,7.913998612779292
3448,5.237492118348252
3449,5.244649065027149
3450,5.3940744291075795
3451,8.997054585635874
3452,9.482621208105279
3453,8.755135247520284
3454,2.238382946191402
3455,3.902554839348868
3456,4.843499621105844
3457,6.373226782370137
3458,4.35849047972717
3459,8.538261185455138
3460,1.6545013300601907
3461,5.782848161575065
3462,6.1263265609992565
3463,4.193844228312803
3464,7.240730582442
3465,5.608105139007579
3466,7.037529915363264
3467,4.694670862684885
3468,4.654354756704565
3469,4.154140104707922
3470,5.77326390023847
3471,4.74806527457318
3472,4.017418425348536
3473,5.296869071969388
3474,9.146764980054915
3475,4.48440269770164
3476,2.4680143986522483
3477,4.001003975894255
3478,5.389767288916224
3479,7.181680691671523
3480,6.581703193119029
3481,3.7358303637800683
3482,6.569660823818266
3483,9.088362259574996
3484,5.278279904722117
3485,5.642523784080923
3486,6.160193221385062
3487,5.062388453592886
3488,5.7156298900824325
3489,4.131536303421683
3490,4.045229699222147
3491,8.029361922748677
3492,8.637677402807658
3493,7.373515471966128
3494,9.086968680701219
3495,6.206386533296971
3496,8.139747143736937
3497,2.0278137954377247
3498,5.911913634237591
3499,6.453175710432374
3500,8.30843812439855
3501,4.278872234007894
3502,2.544391950028371
3503,4.082015788345293
3504,3.8358669073800673
3505,1.6318991275535404
3506,6.087768082332259
3507,7.786288294866609
3508,7.046574828817356
3509,7.235751853026466
3510,4.62608551211841
3511,6.486640933960665
3512,5.991481392670611
3513,6.329712208464278
3514,6.584935761778635
3515,5.265761801933085
3516,5.172305022596517
3517,9.250257474404705
3518,1.2258366614193268
3519,6.852049240955408
3520,5.594636156807944
3521,6.447411715147502
3522,8.987197255592886
3523,5.181528990291039
3524,7.404138454316502
3525,8.981855217202476
3526,2.931630348338521
3527,5.665885684612169
3528,7.794596314103585
3529,9.650935354515035
3530,8.266820606250619
3531,4.158429895386406
3532,6.158896775981752
3533,7.515091231768492
3534,6.823192822985364
3535,9.459776037366119
3536,6.464438712460171
3537,3.930027368331679
3538,7.315575623313216
3539,7.461450189585047
3540,5.655292098284751
3541,6.850614528997342
3542,7.318674000039923
3543,6.339032826665196
3544,8.218610853082312
3545,7.444364449066216
3546,7.736491650770102
3547,6.458329107323695
3548,5.889842838016241
3549,5.2526667145971055
3550,6.243461585393473
3551,8.344441228604794
3552,8.272613570849487
3553,7.740170431526619
3554,5.250874432742593
3555,7.682101232040418
3556,5.926910803354452
3557,2.927109083487612
3558,3.33455739185848
3559,5.366144258192959
3560,4.184825242257445
3561,6.345087241634292
3562,5.315386010207375
3563,7.7387757366977175
3564,8.407537461036613
3565,5.755145028416852
3566,5.484624705079825
3567,4.590714194741313
3568,6.440248296138167
3569,6.96935412033581
3570,5.6421331020022425
3571,6.0768260127643146
3572,2.1854642198283267
3573,8.416996146057553
3574,5.134944070268544
3575,4.880928078199446
3576,7.976847678405337
3577,4.279172458127177
3578,8.557475549204344
3579,5.246199462206693
3580,4.618248054143317
3581,2.0438826412044433
3582,6.151780623415055
3583,5.63362615373767
3584,3.1017888686582618
3585,8.263115576278995
3586,6.364308497105895
3587,5.461782440257258
3588,4.771281187884798
3589,4.805793595497461
3590,2.607070838478938
3591,7.470988676609945
3592,5.717472291885949
3593,8.08448991140226
3594,6.560496045043006
3595,4.860402487807263
3596,7.816872228202879
3597,6.420807402667009
3598,5.5914546478599405
3599,6.636929103629319
3600,4.913684532451181
3601,6.565337238265096
3602,3.420760258902255
3603,8.767011331124428
3604,5.158572130547391
3605,5.648331280469442
3606,1.1149855310818215
3607,4.4578067309788905
3608,6.487129323179953
3609,5.401825330328249
3610,5.487955681864096
3611,8.883522226638746
3612,6.134108358369453
3613,4.833912064588546
3614,3.5936879472946437
3615,1.6526848853746414
3616,7.823329119097893
3617,5.921828946076484
3618,7.457267738593501
3619,6.616446442235402
3620,5.432695690119265
3621,4.154340853094349
3622,6.280201598537879
3623,4.598822928060139
3624,8.71320818846981
3625,6.456106516720168
3626,8.894279151113796
3627,6.781833903466417
3628,6.760253319875126
3629,3.931282036035477
3630,6.088427217800164
3631,1.7100559395192028
3632,9.452489624513515
3633,6.076418567048103
3634,5.8697710102328795
3635,5.949215141207725
3636,6.327401532612514
3637,2.243681481274085
3638,5.448331492280591
3639,3.365966216549233
3640,3.9603748586641876
3641,3.7414306224000553
3642,3.587390257615808
3643,7.587554039728441
3644,6.964226386295477
3645,7.287213398882393
3646,3.310925385122708
3647,6.477924164466483
3648,7.535752646737356
3649,9.610353255514575
3650,8.140448603585535
3651,7.7232116962226955
3652,8.556361897991142
3653,6.375988333756025
3654,5.6573182070826284
3655,8.684934236499886
3656,3.1457744457158103
3657,8.798598938811937
3658,5.635572313104987
3659,4.365359526336473
3660,7.924756356645585
3661,6.986017291349504
3662,6.130372491012995
3663,5.467632127516017
3664,8.428185590621661
3665,4.321723696839365
3666,8.110752764665268
3667,6.836407014661983
3668,7.440122227932575
3669,4.843998277649876
3670,3.4076599623207406
3671,6.917517977195491
3672,3.21672585968132
3673,6.488862197049143
3674,2.6878165117540727
3675,2.2270898164492987
3676,5.643551860571432
3677,5.422401598947534
3678,5.641336965833047
3679,6.402600901766102
3680,10.0
3681,5.592896148116498
3682,8.927917394041263
3683,8.799524854134125
3684,1.4194548260752273
3685,5.268285654922112
3686,7.0823487594898555
3687,6.3920880365884605
3688,3.1296692445980305
3689,7.103905091493122
3690,5.944697547933788
3691,7.004622176103618
3692,8.054846442184612
3693,8.843634728119936
3694,6.3459281815542665
3695,7.664529046285568
3696,6.428581784540787
3697,8.284902741874395
3698,5.160484283506647
3699,4.79703393319929
3700,2.782661066615989
3701,3.8493146972154446
3702,9.106598438903893
3703,3.6195130089683447
3704,7.5081142379089885
3705,7.126212799297024
3706,3.3675750304391467
3707,4.364467899620891
3708,2.5572520046048224
3709,6.046311458756346
3710,6.0681037290273565
3711,8.34658265662408
3712,5.667968958589288
3713,3.8724645869046563
3714,5.166298902120781
3715,7.816860883676112
3716,5.343520324925882
3717,6.193477533411604
3718,7.14431819653773
3719,6.7600449351209
3720,7.854915153714987
3721,7.958248120489108
3722,7.251743705649499
3723,4.006900659764802
3724,8.209274108758876
3725,6.073722308881862
3726,2.8385452145572065
3727,6.440406188411835
3728,7.243428266975876
3729,6.730200615531221
3730,0.26529749529533164
3731,6.5301841191144465
3732,5.007055578720749
3733,7.275015688651175
3734,6.783489926586459
3735,1.9727981552954605
3736,6.3830099416163115
3737,7.440763642452643
3738,5.800103342287588
3739,8.449602650542491
3740,6.804084626722755
3741,3.7265030630644427
3742,8.910266263137933
3743,4.6541186613094885
3744,5.816176677886585
3745,4.809494483355802
3746,9.565059404675306
3747,7.783827470575053
3748,6.711181385815472
3749,7.316170067015882
3750,2.451809769848804
3751,3.7982475189660745
3752,6.263806279235115
3753,3.7717748444192742
3754,4.082741063657473
3755,6.298815338946172
3756,3.4672172308546108
3757,7.78881473816348
3758,7.797753638793461
3759,6.991990213288054
3760,8.834728511223163
3761,6.927282188920524
3762,4.3842359307390435
3763,8.384082774022763
3764,4.566571480978714
3765,8.981369934888225
3766,3.4384588273709253
3767,5.707284708186706
3768,6.071798939802342
3769,6.238849393368309
3770,3.719537104242129
3771,6.031239752670935
3772,3.291483410164286
3773,4.792621235781212
3774,6.006087494296034
3775,6.554486233056926
3776,7.63228963444249
3777,0.9916374808014525
3778,6.060841657564891
3779,3.4607589025590704
3780,2.9305716454543447
3781,4.351954920780511
3782,5.3616656733808465
3783,3.815280988796426
3784,4.064356192409845
3785,8.18521411353522
3786,1.8075305007789648
3787,8.089088975088098
3788,4.832845374035676
3789,7.349204066245334
3790,7.811495893360407
3791,5.144926025515936
3792,8.574942593868155
3793,4.2869828169999975
3794,4.946319365586417
3795,4.471593695323596
3796,4.023747523902177
3797,6.374128173798075
3798,3.682282302147388
3799,6.138787569355758
3800,4.9991163299482055
3801,8.511208875156903
3802,3.9209854689877064
3803,1.5293082463371621
3804,9.126139021272294
3805,2.034766001324799
3806,8.129733274043897
3807,3.0594332371748987
3808,4.112597276184295
3809,9.145741561263637
3810,4.883884130341752
3811,7.437963032598076
3812,6.544260490581371
3813,6.723926067148746
3814,4.890659759266529
3815,6.819108064294561
3816,5.373181585183287
3817,6.371538981762681
3818,4.613612508075322
3819,5.966882380807733
3820,8.375685966893831
3821,4.2279829843940355
3822,7.977743135067898
3823,7.230093858645015
3824,8.556833059959677
3825,7.812879153502211
3826,4.656862629781637
3827,9.427377101159186
3828,6.2937347726205
3829,5.9087371194935105
3830,6.468119174741536
3831,9.084194451216659
3832,7.570982013193149
3833,5.1229448625336635
3834,5.757214605264749
3835,8.674626014178958
3836,5.846432317506065
3837,3.5058694968060635
3838,6.702632587157932
3839,3.808153633454449
3840,8.645724182973002
3841,7.173115572365694
3842,5.745269958399375
3843,5.573636443122351
3844,4.685541420171365
3845,8.765590556109181
3846,2.865364464546177
3847,5.78571140615474
3848,6.574370412583822
3849,3.8817768449218333
3850,9.088991480246396
3851,3.3043551649870206
3852,4.862162151696696
3853,6.144651960516603
3854,3.2469413091377675
3855,4.275168273708376
3856,5.3120796023696
3857,7.127209722698524
3858,9.461516077611158
3859,3.729064137195662
3860,5.613496445287026
3861,6.7588533635169075
3862,2.3729963910016734
3863,4.7241916372794925
3864,7.905598041994999
3865,6.221721420372413
3866,5.5814827642283875
3867,6.519198425357194
3868,4.353932084533623
3869,6.305181008558729
3870,7.010882707759693
3871,6.244267022110826
3872,5.832305968390716
3873,5.6523131348684785
3874,6.814951296683465
3875,6.111631862026476
3876,7.871151754769508
3877,7.052340221827945
3878,6.913432457071033
3879,1.930517176579775
3880,7.253731678199565
3881,5.260496083707381
3882,7.222498781984513
3883,8.267387929210935
3884,8.014321594740425
3885,4.222733000693658
3886,2.3211268516169192
3887,2.4287698857387814
3888,7.716935840319193
3889,6.659494876258419
3890,9.246398557409808
3891,6.71910238365307
3892,3.023786021280281
3893,2.8437932036783957
3894,7.427388949444653
3895,5.834260380506752
3896,5.445953175027675
3897,3.3974514367011075
3898,6.511881577494946
3899,2.2694879421654486
3900,5.142696369077945
3901,7.14595266159597
3902,8.444646816489122
3903,8.870794470189743
3904,6.13818743643523
3905,7.292488160949198
3906,1.3230716380877907
3907,8.729762311016948
3908,3.9052588817742055
3909,1.1926958716621523
3910,7.481370188970959
3911,7.00758543247439
3912,4.074160192491666
3913,4.976244117232823
3914,5.24253435093808
3915,6.2209916862591035
3916,9.078635255882599
3917,2.0061344499184575
3918,6.266787228590675
3919,6.289605439580528
3920,0.37580441034237944
3921,6.274406074020201
3922,3.19967168628117
3923,7.007950150551608
3924,5.64309291658884
3925,7.874581187563151
3926,6.5563765428511465
3927,2.9563400250794505
3928,6.746598792958611
3929,2.2339468210480247
3930,6.2393888839722464
3931,4.2695376899731965
3932,3.4529726527162174
3933,5.691499821799626
3934,1.5598314663983004
3935,4.636450604356567
3936,7.479942285122776
3937,5.0948100366388065
3938,4.40535576641715
3939,4.799717801375315
3940,7.550650924325101
3941,3.332878036920256
3942,3.4518363816147715
3943,6.403204633039155
3944,5.029955728850417
3945,4.370643579495264
3946,5.857041421938435
3947,8.177589864102703
3948,8.485338313480474
3949,3.66816210353143
3950,2.2179709848344356
3951,5.959320142971482
3952,3.5166071678465904
3953,6.715426794273035
3954,6.1353098337673995
3955,7.395748454620071
3956,5.5982409135324485
3957,5.446293362720461
3958,4.638030575465235
3959,8.175734149869134
3960,7.46590845634447
3961,3.784825643948353
3962,7.48286229587443
3963,4.31334875810428
3964,3.8231578043455055
3965,6.520149806945313
3966,5.629214820691202
3967,4.770687046310179
3968,6.92633098727591
3969,1.4955280823542578
3970,9.017666748802082
3971,8.614210640187324
3972,6.223167631116916
3973,3.857806140432893
3974,9.176309743679543
3975,4.81016956769887
3976,8.771434748818404
3977,6.37087312792662
3978,2.9689680061891055
3979,7.098283541695795
3980,5.330535943945071
3981,7.8968915526549335
3982,10.0
3983,6.711226850869808
3984,3.3043708999307206
3985,9.635981678467244
3986,5.227776424294302
3987,5.264262158840279
3988,6.959492994006292
3989,7.430468138579323
3990,5.50801727717532
3991,2.1883386888456995
3992,5.802582401209246
3993,7.851670088834517
3994,4.192201516532378
3995,4.118603945525995
3996,8.561940122909043
3997,7.852259386093667
3998,5.554293562763498
3999,5.332385239483449
4000,4.756972637773958
4001,5.764220960319265
4002,3.94643707653932
4003,4.222793077556012
4004,5.243925712666432
4005,5.370776154335536
4006,6.977074458446135
4007,4.9684354559141575
4008,8.63362198843431
4009,7.24254144327739
4010,5.76126395134861
4011,6.87377678535592
4012,2.3799320991846953
4013,3.0822996268740903
4014,3.238282320201528
4015,5.094843045718827
4016,4.329123402931045
4017,3.5065366894867545
4018,6.5637361298924795
4019,5.6711010010225085
4020,9.131772895693612
4021,2.198538095455209
4022,8.335650697426415
4023,5.65389716163451
4024,6.510241702680626
4025,2.113056912147401
4026,7.447268593521031
4027,8.155512517036627
4028,5.459043005322332
4029,7.351763890373718
4030,6.091081936289435
4031,7.829453155543044
4032,4.977255755241533
4033,9.099648098791796
4034,6.55350837586618
4035,6.343820027228102
4036,9.630493594106794
4037,7.050950449115586
4038,5.474792043014291
4039,4.690385026908739
4040,3.2178539882340336
4041,8.25426529969958
4042,7.083273703690008
4043,8.195055521646045
4044,6.275937020917568
4045,7.8781754493871965
4046,5.127904772125163
4047,3.221001565439943
4048,7.369428415295276
4049,4.115959636262105
4050,5.023570761131221
4051,2.188504438078927
4052,3.9961448513007793
4053,6.013368018657837
4054,7.8573026211568155
4055,4.340200231139589
4056,6.657976365285149
4057,7.660141089469612
4058,7.969723562080338
4059,6.950375282435938
4060,8.122482827538871
4061,6.598404330206247
4062,2.9228095192479264
4063,7.5923677310042
4064,6.151791841029724
4065,2.5792443706406027
4066,6.548900724759574
4067,5.552693533961833
4068,4.845837057017258
4069,7.595067508285646
4070,7.233844674965526
4071,3.051921169320383
4072,7.355226918858415
4073,7.938708653734393
4074,6.037385215298372
4075,6.5929538773156775
4076,3.9443738332363187
4077,5.789560572001098
4078,6.639085973317373
4079,6.492925886788829
4080,2.378375939171229
4081,5.497867984029653
4082,5.422175380038932
4083,1.916258925912591
4084,7.042012209636354
4085,6.350703688993874
4086,8.00384554807265
4087,5.559602028867698
4088,5.983434169327671
4089,4.907207660109113
4090,5.162354744444358
4091,7.931758632327499
4092,8.033083183128197
4093,4.545513064032829
4094,8.353222783479584
4095,7.226185473796377
4096,7.372850921431841
4097,4.523876031257356
4098,7.86127137206276
4099,4.803688000007682
4100,1.2335009467540268
4101,7.2838473391887995
4102,6.96690433931936
4103,5.221201404597939
4104,3.529000827399039
4105,5.867044839520341
4106,7.50636502162695
4107,4.919311480425379
4108,6.0041294347345575
4109,5.459390111684311
4110,5.5815942452682705
4111,5.071013245480399
4112,9.118064510115584
4113,4.199594347777893
4114,7.007173581623364
4115,6.042260011329895
4116,8.898488578105075
4117,6.312405747288572
4118,1.7776304933407305
4119,6.395668502297312
4120,5.4748692513905235
4121,5.132199853022931
4122,7.858978289324221
4123,5.56341967285201
4124,8.5140352629168
4125,5.040343940736447
4126,5.172466018343962
4127,4.11753488216981
4128,3.931592630239568
4129,4.385296672686247
4130,3.623686586824002
4131,6.361607838011165
4132,7.606238935823873
4133,4.716532650371696
4134,2.664880210687511
4135,6.077230578491309
4136,6.061494782217996
4137,5.039390003845316
4138,1.758076384492016
4139,7.126808235733333
4140,4.078619546001534
4141,7.889167012943867
4142,3.6254063825062257
4143,7.839760079142018
4144,4.533882389819405
4145,5.350893273796503
4146,5.874674136219202
4147,4.846873672645076
4148,5.799732131214085
4149,7.075723884168493
4150,3.350356787530891
4151,8.784435931637484
4152,2.5047577942024755
4153,7.442960523371191
4154,7.420129629559604
4155,8.239399943471705
4156,2.8104473778054677
4157,6.103651858273782
4158,4.4806808600909624
4159,4.345978792167135
4160,5.947778854486411
4161,6.9889165124908885
4162,4.947384492030615
4163,5.649980190971254
4164,6.303899539492632
4165,3.045031475302432
4166,1.319265444395887
4167,6.542189995821653
4168,5.024914976569297
4169,5.029880957255345
4170,3.220749722787372
4171,2.8954421911515
4172,5.228673494477164
4173,7.7614657279035235
4174,6.680476697842547
4175,7.302685516438574
4176,5.144945535351366
4177,6.56898896984361
4178,3.400734419417792
4179,7.316168191188752
4180,6.991928383541589
4181,3.62690611632949
4182,7.631411369129006
4183,5.076740451460952
4184,5.3941095903206575
4185,5.314059739928374
4186,6.576334587732896
4187,8.433004144250635
4188,6.796774874554211
4189,7.86627813974124
4190,4.428742239633375
4191,6.975347667904307
4192,7.00908083473796
4193,5.627035203322984
4194,3.105309248736055
4195,8.485714810406394
4196,7.060160175489685
4197,2.9920642672920787
4198,3.9223021238289624
4199,9.4452860928216
4200,5.815875707697236
4201,8.639852893038976
4202,7.0995249415952175
4203,5.96438271691503
4204,7.6206442210688525
4205,3.497155306270912
4206,5.503741625351123
4207,7.458577082496976
4208,2.7423839424724945
4209,5.8341470150344445
4210,5.071821095262477
4211,4.686882965160233
4212,7.4988969461412
4213,4.470285636971731
4214,6.403314856481739
4215,5.760509196441192
4216,6.3433497525765565
4217,6.660992366912318
4218,5.274678969150253
4219,5.718711552886361
4220,5.816651840947754
4221,6.510434147991401
4222,5.044777823840881
4223,7.578651234321306
4224,4.5167767587776915
4225,4.693276460059042
4226,7.321717153457726
4227,4.107366878803139
4228,1.455061483721264
4229,3.2838211628202827
4230,5.47987561029037
4231,4.884158815248357
4232,6.436941315325129
4233,3.5450865994285654
4234,7.158548227808197
4235,6.165193377490939
4236,7.586624098071136
4237,7.213287284352983
4238,5.827626772593717
4239,7.810947755211965
4240,8.361253667304409
4241,7.2429218507266455
4242,7.589223079573198
4243,6.483479096054171
4244,6.508065185160701
4245,6.685457522085951
4246,5.5370090096154225
4247,7.885966942795266
4248,3.7155744129521695
4249,7.90523819873656
4250,3.424535299521711
4251,1.9908277527178455
4252,7.790789508954626
4253,3.758476219952135
4254,5.239876411519362
4255,4.5268836775902
4256,5.784935761859911
4257,5.158029070377374
4258,8.352532958570738
4259,9.23949261305132
4260,7.0702026321871205
4261,1.9352582545119512
4262,4.961926887208651
4263,5.5758503188241395
4264,3.3529222128893226
4265,4.573548529786942
4266,7.3094171696482935
4267,4.481585008414768
4268,7.138147411736724
4269,5.081391327626347
4270,3.5089643330493034
4271,8.690243695453884
4272,6.984806297402606
4273,4.218140567152934
4274,3.91639379272846
4275,6.293926432514352
4276,5.58440118984943
4277,6.918930431172837
4278,6.712221726852711
4279,2.6999746093270205
4280,8.184834433177054
4281,8.472888151938914
4282,5.266446306001946
4283,4.7867995946692155
4284,6.973185936504679
4285,6.3946159762976436
4286,5.14799629046623
4287,4.23310034590396
4288,5.983054336657542
4289,6.381721001165749
4290,9.252510862812485
4291,5.426802041905835
4292,8.945653896223256
4293,5.524277809492026
4294,7.425631419338515
4295,4.587644874528197
4296,5.334278268755922
4297,2.7672614813112446
4298,2.0852986826167865
4299,3.534392216698131
4300,7.383455312260818
4301,5.474857998900192
4302,8.112456428352578
4303,6.221960271534318
4304,4.49966401920933
4305,7.571445094941535
4306,8.2966623395759
4307,6.89933893966215
4308,6.581619618286865
4309,5.100638838314606
4310,8.317464353549179
4311,6.854563023868748
4312,7.951363421710436
4313,6.326203685036351
4314,7.8247762025424965
4315,4.616752144427121
4316,6.31779266746884
4317,7.099042509438249
4318,6.0956504737012605
4319,4.446180179734132
4320,6.170315070754025
4321,3.573327079925064
4322,8.152874001429677
4323,6.50253907146609
4324,4.0564645918443025
4325,8.472625244159467
4326,4.7257367217629325
4327,5.980155213870042
4328,6.4856057131048095
4329,5.095049611219736
4330,4.700368148264411
4331,2.3728814409348256
4332,3.619194173420497
4333,4.11213533303817
4334,6.931781424507893
4335,5.249552241568521
4336,5.177210364645752
4337,4.875773140094434
4338,6.795303028790655
4339,3.9854264008557863
4340,6.32117369480061
4341,3.37213667536013
4342,2.829322689257459
4343,3.2653851995380956
4344,5.049681096701323
4345,3.5384858162343127
4346,4.0582533929863756
4347,5.818958691670532
4348,6.616142633623007
4349,6.8999055953148
4350,8.258213073809426
4351,8.543806042283224
4352,7.621807256804743
4353,5.738166056830692
4354,4.557536807761696
4355,5.924834351037891
4356,5.490725674943771
4357,6.5471091368777135
4358,6.003254190988938
4359,6.404020179654527
4360,6.074953068133116
4361,6.518441280194825
4362,8.540817326032766
4363,3.012082526628155
4364,7.517238116821508
4365,8.703953874253582
4366,8.152598410286497
4367,4.2771366908683195
4368,9.674434009352769
4369,3.270699103209324
4370,5.011654663763375
4371,3.376550490727068
4372,2.7202569471384828
4373,8.937124995896353
4374,5.021559224844594
4375,6.49026867044663
4376,3.18835037996562
4377,7.111706899743867
4378,6.677397533119931
4379,6.2868542745112705
4380,5.5145843171633455
4381,6.183529580881837
4382,6.06510533480175
4383,5.265420950443168
4384,7.90030864397611
4385,6.590478996216876
4386,9.613540274180835
4387,6.038820965614695
4388,7.098876848202711
4389,9.182796547009703
4390,4.064000502699567
4391,5.619996890317207
4392,9.332466887960042
4393,5.610370084778205
4394,9.302889621595394
4395,7.195550554322202
4396,4.797171374218673
4397,2.2888470730027666
4398,9.367623954563568
4399,6.754060421703268
4400,5.586207627056204
4401,3.708958012517579
4402,7.017957485748806
4403,4.588186411305366
4404,9.266891525290733
4405,8.277442066437809
4406,2.3197800476661166
4407,8.20812936429127
4408,3.5868310240443506
4409,7.318206302168637
4410,4.858364712195
4411,3.1884095484258497
4412,4.399457252787577
4413,1.6585878934681104
4414,5.231985824737382
4415,4.1340873005869385
4416,5.215941398520945
4417,5.493767299997887
4418,5.140874905807625
4419,4.338465527641287
4420,4.592180887322454
4421,7.338979844345792
4422,6.426842278513594
4423,7.125398966447426
4424,4.682817918915951
4425,5.507066076518532
4426,8.484687337025546
4427,4.265960110818634
4428,5.123165886772826
4429,6.493788027067564
4430,5.27710589558591
4431,3.8455971927710193
4432,3.438946593615123
4433,8.220634448756762
4434,4.681410757321718
4435,6.426180409632627
4436,5.835246266758242
4437,2.174189885386085
4438,6.384885159393714
4439,6.257830447791533
4440,8.122151654010542
4441,9.263014881238986
4442,6.086819259421195
4443,9.017075482609567
4444,7.236670984881239
4445,3.9582020462233825
4446,4.825428778495756
4447,5.7997820936936915
4448,5.889170033892713
4449,4.85544920624317
4450,3.610274930606962
4451,7.10573701149128
4452,5.538237530747256
4453,6.163882524246268
4454,4.194689680324971
4455,6.345846589356098
4456,8.23257516869502
4457,6.950102971577597
4458,4.72950077535595
4459,9.355892657637277
4460,7.862692859008577
4461,7.170352074277297
4462,3.59189111996596
4463,2.7419161617325045
4464,5.878126940524593
4465,4.583153766412669
4466,8.12796147059367
4467,4.327521387126296
4468,6.860205937925678
4469,8.862286188077933
4470,6.115826308894009
4471,7.695608738759956
4472,3.7408931015521576
4473,1.5368148299396567
4474,4.775517682362555
4475,4.833130738091152
4476,5.70432933820312
4477,4.103041344290663
4478,3.961924277199664
4479,7.2914538913853555
4480,4.5133803133739026
4481,6.593104146267037
4482,5.67562774049272
4483,5.357015534871741
4484,7.494286518225106
4485,6.899487064845888
4486,4.5025826736807435
4487,9.748280218094447
4488,5.545536777422971
4489,6.455357605127035
4490,5.60442465928675
4491,5.5869067521950075
4492,9.323752745499743
4493,5.030377448222603
4494,8.368554298476644
4495,2.44709113673947
4496,4.499546667839368
4497,4.517682151522559
4498,3.2355169466714786
4499,3.9269110404371914
4500,6.008292557122595
4501,6.007356791424627
4502,2.211255716861851
4503,1.8137994388094212
4504,4.509893260567084
4505,7.543624953945576
4506,3.4978083258559574
4507,8.536275566738826
4508,9.091976661749296
4509,6.221981242176965
4510,4.626481282029877
4511,7.359678865557971
4512,7.374405496759445
4513,7.222299181788109
4514,8.830911009623465
4515,8.004990905938058
4516,4.401148254011102
4517,6.614821873797412
4518,6.697379264504663
4519,1.01567567534133
4520,6.877327061236429
4521,5.204143971292869
4522,4.86024034345614
4523,7.240596071215425
4524,4.624395892349941
4525,6.822219990239267
4526,6.630200084611181
4527,7.978554287001058
4528,7.399148998478447
4529,6.8177558556768645
4530,7.205548404231397
4531,5.194125374161342
4532,2.9883344860941095
4533,9.578649366764136
4534,9.585130815061419
4535,5.750693017870793
4536,7.583781086269994
4537,8.296327807074967
4538,5.919813791496331
4539,7.083331483964397
4540,3.096953829009496
4541,4.556427082752947
4542,4.1396747158825224
4543,3.9965058991943536
4544,6.723259337344741
4545,6.075558809862775
4546,5.448511294026728
4547,5.3004713497415175
4548,3.81425290211112
4549,8.980482919198057
4550,7.062125838181236
4551,5.135868245702749
4552,4.468108551342882
4553,7.915036807614694
4554,4.2651095193248185
4555,9.804119553026437
4556,5.4150534565039745
4557,8.4005125952466
4558,3.2708110403574766
4559,8.070460992886948
4560,6.6439586259912975
4561,7.469633943199413
4562,3.56845574371354
4563,3.8223258775716813
4564,7.590678595433472
4565,1.8868514729924728
4566,7.707776006516833
4567,5.3691318442497895
4568,5.242739601649588
4569,5.8973644062895225
4570,5.779297861906971
4571,3.846961473974468
4572,6.657148268724221
4573,6.917882343201414
4574,6.031355997854725
4575,4.041924641244966
4576,6.056692761064004
4577,4.597681089969229
4578,6.345276300860709
4579,7.426085594370461
4580,8.603447851558618
4581,8.594311622117768
4582,7.869062907886951
4583,8.819852488421887
4584,3.640234247030258
4585,7.099956027866698
4586,7.728085170501069
4587,7.461773246662457
4588,8.139180027286912
4589,8.252335316376655
4590,6.091487357226628
4591,8.080246518205888
4592,7.074489443920922
4593,6.543832073229893
4594,6.160545938997667
4595,2.6742452976442994
4596,3.9671477212041104
4597,7.053518806177982
4598,7.476513671647344
4599,3.4281899584670255
4600,6.9447618095771535
4601,6.162179879776549
4602,5.45462024023233
4603,8.336954404254808
4604,5.287081030376394
4605,9.225334225441975
4606,6.409735373822652
4607,8.306347543966963
4608,6.937676448076179
4609,7.114704862911969
4610,4.261183204808549
4611,5.455747530243244
4612,3.4370606815173637
4613,4.052156194263166
4614,7.401421805019805
4615,6.776452124610019
4616,7.520338776174069
4617,7.7708754397080275
4618,5.74440239975687
4619,6.534223370060695
4620,9.204425113697564
4621,6.81808828070942
4622,6.574047591191998
4623,3.7458389896976994
4624,6.280195796706211
4625,2.10932832712237
4626,7.050355200905596
4627,8.951173007294681
4628,4.6846789901591634
4629,4.578286755500805
4630,6.043662074540329
4631,5.159512603630634
4632,5.595896857375154
4633,8.38612696564597
4634,7.119976603866048
4635,5.445365119508333
4636,6.0234931536226775
4637,6.304055918673496
4638,7.270985404181453
4639,5.359440353419453
4640,9.006594759742704
4641,6.523622455493685
4642,5.454074945206784
4643,7.260265363958371
4644,4.8388052056462065
4645,8.534145237199558
4646,6.472832694576972
4647,3.5258983718227945
4648,5.891408056487281
4649,7.336254193240292
4650,5.623365753344884
4651,9.04351936010416
4652,5.724196951852311
4653,9.354438360101405
4654,6.774455969224937
4655,7.897773075198879
4656,6.910532941720534
4657,5.34356412889672
4658,3.676838449615512
4659,8.339896303568825
4660,6.858293962472567
4661,5.911177026966614
4662,1.7958624002749128
4663,8.474566161057828
4664,6.2513397295060305
4665,4.059255328680992
4666,7.109895644336802
4667,4.644152610300603
4668,8.32704090511334
4669,5.132463831944731
4670,4.8376821660733516
4671,8.2230947060996
4672,4.316514528063127
4673,8.584218477341595
4674,8.747076356909524
4675,2.8498163281181332
4676,8.102592755729582
4677,3.3431716220854364
4678,5.874148740489847
4679,5.999752543136808
4680,6.111124756906744
4681,7.072176295941032
4682,1.9325394197170138
4683,8.224002030134592
4684,8.55871579717708
4685,5.683021935741934
4686,7.851992872444805
4687,4.032044532459805
4688,6.771279015581968
4689,9.88605538466107
4690,4.038661369333147
4691,7.324511040790703
4692,7.133128908388264
4693,7.980598003642972
4694,5.551865617056011
4695,5.303818030465376
4696,7.425702822978627
4697,4.302262756477502
4698,7.8659761934035295
4699,6.8843218098229375
4700,3.8669964416550107
4701,4.9770190574232815
4702,7.105332739926274
4703,4.9463515439056245
4704,4.949155015206777
4705,3.5221345944556983
4706,3.4342983402938043
4707,4.850618680817987
4708,6.139373158133454
4709,4.300999997488531
4710,7.422686647733949
4711,5.249091139345113
4712,6.504770576018432
4713,5.105790235586701
4714,5.38773122041238
4715,3.778925469954511
4716,5.792415866980557
4717,4.502446210733876
4718,5.751275094960995
4719,4.002858464042115
4720,7.424869965987847
4721,2.012201081471766
4722,4.931898248551674
4723,7.730641536284377
4724,5.69265275574336
4725,4.33460328554657
4726,5.387853578601136
4727,4.362231188516827
4728,8.31208305121607
4729,2.519879965738676
4730,6.748464981985853
4731,5.58550543077587
4732,5.740323603663751
4733,8.303492698792809
4734,7.282784827534079
4735,8.134709094217857
4736,6.663575996976288
4737,5.682532389659105
4738,9.094295466953858
4739,8.59737122819952
4740,5.675306462075742
4741,7.3562416186053206
4742,5.717835045959329
4743,6.142641944536821
4744,6.123993929420351
4745,5.75494638446225
4746,3.619735676564587
4747,9.221301293232457
4748,4.982116890937937
4749,4.751219783957641
4750,7.8245882032631755
4751,6.420711028454715
4752,7.074244792914202
4753,0.8623280533412627
4754,7.262044826715053
4755,6.716939706358236
4756,5.405856393472015
4757,7.995920009478906
4758,8.55927641203089
4759,4.759173618020188
4760,3.780681157591946
4761,5.72965163740927
4762,6.599809654760693
4763,6.545706505699835
4764,4.942708679099794
4765,7.0003333489133235
4766,6.565932015438851
4767,5.664119518248177
4768,5.0282415411735535
4769,2.846784216232054
4770,3.1413424355845674
4771,5.404044737484496
4772,6.834359707110876
4773,5.798868001875247
4774,4.572291905876371
4775,6.909924097101005
4776,6.469797706812342
4777,6.815527565660084
4778,5.903731446011694
4779,9.195857036356855
4780,6.235344825163478
4781,4.604957953333665
4782,7.207624628980016
4783,1.9133356837125302
4784,5.205768061589262
4785,5.303153874730763
4786,7.643192116794485
4787,6.357483345117769
4788,8.86102432179187
4789,6.289328310024752
4790,6.253695240292835
4791,7.791523384358012
4792,5.298850868364179
4793,6.46817773954124
4794,6.214779744195509
4795,6.505356400533804
4796,6.006276510942271
4797,2.7843949348424455
4798,3.493056582649473
4799,6.22705270129658
4800,4.986955266284964
4801,9.498252701187608
4802,7.39996456221963
4803,4.904979540058568
4804,6.3347297106498495
4805,6.159652505063699
4806,6.438360455627955
4807,4.550037229959394
4808,6.189532703924996
4809,6.131707911024364
4810,7.145736261275864
4811,2.7482154135512955
4812,3.9778864419049587
4813,7.209798340232936
4814,2.909713472691743
4815,6.516790767914454
4816,5.549750351573563
4817,6.421105528348834
4818,5.8123781205840634
4819,5.191873274426829
4820,7.861453656911779
4821,5.714759767322056
4822,4.608365804538206
4823,6.630443282912191
4824,3.699040058713762
4825,7.828827735021138
4826,7.349096424749685
4827,4.948376077909554
4828,7.817732360919565
4829,7.092507191665936
4830,4.743885671017811
4831,4.779774625022623
4832,6.637612277475753
4833,5.862648255851131
4834,3.5193958613762355
4835,4.567080702545321
4836,8.439062922210303
4837,5.274148415133618
4838,5.553504156652764
4839,7.660298970898293
4840,5.895078621106226
4841,1.670377795241682
4842,6.841228876836038
4843,7.637220567974688
4844,7.168541640218734
4845,7.651818903086546
4846,6.864912933140953
4847,5.245719310981124
4848,5.685550112082558
4849,3.4255808466069735
4850,1.679258730151783
4851,7.538908188119424
4852,5.836338156306369
4853,4.180156735245873
4854,6.8737168219789675
4855,5.312974121265899
4856,2.9020061638711514
4857,6.51328503697675
4858,6.1570305446311195
4859,6.56499423775372
4860,8.908818707737247
4861,5.759721538978055
4862,5.62533947675762
4863,4.68720004235089
4864,6.645790656899374
4865,7.289250671330401
4866,2.094244553441663
4867,3.463362319719667
4868,6.075539728616773
4869,5.463617205467449
4870,7.394898232224616
4871,6.9515668949828076
4872,5.660477287628713
4873,4.567434873522792
4874,5.1485571387354945
4875,6.982236359600087
4876,9.059372835459872
4877,5.740071583700393
4878,4.689494326951452
4879,5.779326037457825
4880,7.10475873354563
4881,8.732317099875619
4882,2.394293267825097
4883,5.039895581174108
4884,5.7244207208410804
4885,7.020485615133927
4886,4.20658798532994
4887,9.656727445621602
4888,8.549958462754649
4889,3.6870592296573994
4890,3.680992273609511
4891,5.5597151237920865
4892,5.603574439363317
4893,4.71107244868179
4894,5.13706537316582
4895,3.8690379761074247
4896,5.64522722613298
4897,8.105908104424588
4898,7.597606355593171
4899,7.207878698916972
4900,6.436302772572585
4901,5.3023159888574325
4902,6.177977799780468
4903,5.39452702214471
4904,5.659764075374403
4905,5.844951013774037
4906,5.329282082852789
4907,8.493290284980969
4908,1.8529735862483898
4909,7.980895586443069
4910,8.205675655885026
4911,6.151780651838357
4912,5.685323867856631
4913,6.95290573919326
4914,7.506197264140752
4915,4.989595982154857
4916,3.8237170183322524
4917,5.813509478329859
4918,4.303026436732658
4919,7.4294156119348
4920,5.870844810735129
4921,6.703803599862343
4922,5.300474228221439
4923,5.642907162140189
4924,7.934683409821783
4925,3.0756616445018814
4926,3.210190478747233
4927,6.25355635521367
4928,5.488581622986139
4929,4.670131276616571
4930,8.459628332004478
4931,5.414050138405917
4932,6.35846817167317
4933,8.272517963625239
4934,4.623329715080139
4935,7.848786761702792
4936,4.948045635382222
4937,6.701661794282648
4938,2.5247758682430894
4939,2.447358355752632
4940,6.099820515002904
4941,5.228762133990754
4942,4.323162978883561
4943,6.266790385977732
4944,8.945638693272695
4945,6.394653290800232
4946,5.62979199882163
4947,7.990574387374093
4948,1.264730110434072
4949,5.618324147388967
4950,2.7896916736937656
4951,7.728721179815899
4952,5.3037134485320445
4953,6.125828578265161
4954,4.791272863696982
4955,5.1619835806453285
4956,6.627220427018464
4957,7.481277187692999
4958,7.109811863470071
4959,3.3163324307134685
4960,5.73162363678655
4961,2.7751418320325305
4962,7.856307450819729
4963,6.050182462073576
4964,4.564859771034582
4965,7.344225499118611
4966,7.394494061413102
4967,7.458593965524044
4968,2.6446643590419914
4969,6.274776801128004
4970,7.2402831866173045
4971,5.397489871675649
4972,4.871344655839064
4973,1.3243663287079994
4974,3.226841343140883
4975,8.368680508444417
4976,3.189427904851632
4977,7.971233392070016
4978,5.792474921852744
4979,3.161108191038876
4980,5.780647132519351
4981,6.214754170968085
4982,6.751885795579648
4983,3.9303724432443254
4984,8.130198980204593
4985,5.248057342637163
4986,7.497855502034824
4987,3.8208291055963954
4988,3.3135735282147323
4989,7.080608140154341
4990,8.103675575678729
4991,6.169396446630792
4992,5.71473120439973
4993,8.230897956094953
4994,6.22929305635326
4995,6.929028672409819
4996,7.430224629034592
4997,4.587184264574614
4998,6.136920284753151
4999,7.359127034402073
5000,4.882669964577965
5001,3.510829724344987
5002,5.0735143812996375
5003,5.372623901772381
5004,6.013968461850051
5005,6.69509545872772
5006,4.959373868536427
5007,7.977030469107908
5008,3.6367597195441714
5009,6.358601171227349
5010,4.362899664154737
5011,6.990467784844868
5012,8.11841236785557
5013,3.5707263005282472
5014,4.537692276969449
5015,6.240605950461974
5016,6.585249557468513
5017,4.653400284768425
5018,6.306989803622087
5019,7.731710562338693
5020,7.700671150841224
5021,8.628780910730185
5022,5.623992454050102
5023,4.847446959553476
5024,6.7850561881013425
5025,3.670042074941679
5026,7.583732719739781
5027,6.238462359767664
5028,5.165207409479239
5029,4.145756676518124
5030,3.893134603260424
5031,7.416339791012968
5032,8.870859266880958
5033,6.5160816325676265
5034,9.01689250034654
5035,3.453756873650843
5036,5.692498236194089
5037,7.371089134502192
5038,9.994296101643629
5039,6.372268727373035
5040,6.169404185341278
5041,4.7244336207094495
5042,7.755235397317705
5043,8.382596680985527
5044,5.380642441621139
5045,6.266623002407302
5046,4.065506589502502
5047,4.241959665498523
5048,4.489608710491557
5049,8.551369563822952
5050,3.998572495812645
5051,4.158319533018308
5052,4.908694195623546
5053,7.175409285951812
5054,3.242642097606757
5055,1.9020801162669188
5056,7.054175204057681
5057,5.910208165779087
5058,5.673546943915635
5059,4.8455424240682765
5060,5.557985903828186
5061,6.394583540941195
5062,7.1100287526892565
5063,2.2282018332254
5064,8.937580590590407
5065,7.770805770914092
5066,5.81250755371941
5067,6.073576611773843
5068,8.722743265526878
5069,4.597227154059256
5070,8.610490019076243
5071,7.710176047008695
5072,7.075470306167235
5073,7.764104304692625
5074,5.039280497719737
5075,4.733994262511431
5076,5.810604792104005
5077,4.204457931917741
5078,6.15252088564147
5079,4.139613778957664
5080,7.424520976515211
5081,7.5241587205985105
5082,3.943512851427754
5083,6.9836389571194015
5084,3.9830389251383496
5085,2.407015248636949
5086,5.59797966448931
5087,3.6734039132875087
5088,7.770466820640864
5089,5.509263705870665
5090,5.842994156203833
5091,6.0659958250218855
5092,3.8007910024420912
5093,8.423387104804883
5094,4.792516300189495
5095,4.8933313439461585
5096,0.7409901139191407
5097,4.49018579313702
5098,5.480111460495322
5099,8.453395926867302
5100,4.577448003829716
5101,6.308216078960258
5102,7.8606940210002865
5103,5.795254212588825
5104,8.96668703239862
5105,2.531219075304687
5106,5.867438619243733
5107,5.950764211653167
5108,4.751187734480858
5109,5.331718716036313
5110,6.400120144064219
5111,4.682300458262136
5112,6.788979606381918
5113,6.288888041924456
5114,4.493259353191505
5115,1.4953720180029173
5116,9.040239191576715
5117,6.267242331344001
5118,4.649842015002671
5119,4.061739311081921
5120,6.312524499610639
5121,5.701567232120164
5122,7.312649319536748
5123,8.106431361541228
5124,6.802076836759838
5125,4.366629574515109
5126,4.20953909308871
5127,5.341069662005932
5128,5.665958560299133
5129,7.603557424625429
5130,6.208037145801651
5131,8.80565776134612
5132,4.274719804944834
5133,7.73521140207746
5134,4.480224460060398
5135,3.019336295922377
5136,7.568945026631292
5137,6.33352341021351
5138,9.115936322079888
5139,6.185327226847161
5140,5.121268105420983
5141,0.0
5142,5.851313723472952
5143,3.6698163390106004
5144,4.775099678778089
5145,6.939181416439092
5146,5.329076043995792
5147,5.2290060912293965
5148,5.972998056514222
5149,3.328929906542088
5150,5.3791722395987644
5151,6.684604139919845
5152,8.752355723902292
5153,6.914268924825384
5154,5.966405888714844
5155,5.293769501552006
5156,5.092094947428892
5157,7.1647032308917815
5158,4.116818660311959
5159,5.317783005236501
5160,3.960986707797062
5161,3.920916488088602
5162,7.508785079531187
5163,4.651272215734547
5164,7.665618039658019
5165,7.947803955032221
5166,7.580788438079516
5167,3.227054639100054
5168,9.649385153796432
5169,0.8446516144820462
5170,6.193941975068627
5171,4.918361965262784
5172,5.852211412870828
5173,5.529179254140726
5174,5.82003180111982
5175,4.898904949314806
5176,9.361903809801655
5177,8.77351949515272
5178,8.109565677012181
5179,1.0979142271025197
5180,5.6299987604356705
5181,1.048779715862731
5182,6.430464569635556
5183,6.418766970302444
5184,7.315091459103277
5185,5.30551670415982
5186,5.189360187719817
5187,6.087600587529744
5188,5.14444615055716
5189,2.7847310839833783
5190,6.006890178385465
5191,5.7302576259316815
5192,6.175737967055262
5193,7.632609442986808
5194,5.374270941863468
5195,3.340367769091422
5196,4.32699803615664
5197,4.311297935037777
5198,3.7467094686617877
5199,5.49485914345645
5200,5.427015067638146
5201,6.071662446318619
5202,7.392195946087197
5203,2.860870661431308
5204,5.096932905379857
5205,9.000523516083923
5206,2.7836189723914213
5207,6.737282790458398
5208,4.379416193778366
5209,3.5693714855010077
5210,7.044132371538257
5211,4.812566999438161
5212,7.480773160292227
5213,4.467784614736779
5214,7.0445067869570215
5215,9.164207418978753
5216,8.43278601097727
5217,3.2304571404673377
5218,7.095694856745073
5219,6.4458906926332284
5220,5.948304557976268
5221,6.653472776259147
5222,2.814447279150613
5223,6.321732337687925
5224,7.268819465320809
5225,6.86963092926193
5226,3.7484553167867185
5227,5.057258684463821
5228,6.995862655403609
5229,6.245900258036133
5230,5.7146153299750555
5231,6.2122561157536005
5232,6.634573312863266
5233,3.496493649382875
5234,3.596664383373859
5235,7.76650704685153
5236,5.416559507181779
5237,7.124084970553785
5238,6.869899502464621
5239,6.679555883121953
5240,4.752771639780922
5241,7.437486506706552
5242,8.626150389872793
5243,3.6289479186661
5244,5.945755958549418
5245,5.3361882785042285
5246,8.12189976138423
5247,7.824885489898872
5248,4.390507402699486
5249,8.489598380962327
5250,7.078541038898766
5251,6.5424014187340935
5252,6.303117027138095
5253,6.927625525098353
5254,3.4124795303533375
5255,5.571102474700117
5256,7.393712624815714
5257,3.2085610618466482
5258,7.328711962782143
5259,3.938748833736016
5260,4.18037543531978
5261,7.861711507922223
5262,3.8358670637857166
5263,6.320407077350258
5264,6.304016231061222
5265,7.4823651331736905
5266,6.239146187973423
5267,6.896842995896398
5268,6.155652214307141
5269,6.085863687779103
5270,10.0
5271,6.347521427490161
5272,6.687435945401463
5273,4.796766919885838
5274,4.778212791907561
5275,3.0109405997067196
5276,5.1149234027406605
5277,6.076780326648349
5278,7.4646838362968495
5279,7.594821890399942
5280,4.810440358263744
5281,5.927545637953216
5282,7.9655193946979
5283,2.399166390239901
5284,4.734899922004662
5285,6.112458731988699
5286,9.218300893803338
5287,8.571072085516168
5288,5.72618086468418
5289,5.71277313798773
5290,6.505184112109559
5291,5.496705261966976
5292,7.153462293438823
5293,5.619626516291095
5294,5.5182741898481575
5295,5.352130280676494
5296,5.735192571193187
5297,5.727696861643319
5298,6.342229999642808
5299,9.24552518886991
5300,2.251094780581129
5301,7.344152928018916
5302,4.291033126671313
5303,3.4519121891829636
5304,3.725167754303982
5305,7.9131021296011035
5306,4.308242298919811
5307,1.8406585230601533
5308,7.804673168543591
5309,6.1875351890468675
5310,5.057021819826336
5311,6.5034511721762
5312,6.211850487992958
5313,2.287432457279542
5314,7.14138387625629
5315,5.172331211359271
5316,5.708186952566319
5317,3.95123609926576
5318,5.237878464781226
5319,4.012960345834192
5320,8.503178630542632
5321,3.179370395034792
5322,6.21857307704353
5323,4.9155544141884935
5324,6.491633693312218
5325,5.555933327656156
5326,6.440199765198064
5327,6.1392211693687475
5328,5.500825037618238
5329,7.4906004635039976
5330,1.5930382884456415
5331,7.863305299640128
5332,2.0469531498012565
5333,4.26746534336335
5334,4.755710829004925
5335,3.1746009394978274
5336,5.950843436476372
5337,4.53166855863082
5338,6.584473026545505
5339,6.4044681751424815
5340,7.578412873796066
5341,7.775450330933973
5342,2.6017092483104225
5343,7.5230945899568615
5344,5.501940809120398
5345,5.670396218531217
5346,5.132037908673153
5347,3.4945492523745374
5348,6.614817593958976
5349,6.705681533380055
5350,3.698069135366906
5351,3.8845651184611025
5352,6.362463585020304
5353,6.8853896710146785
5354,6.672284721993298
5355,6.10546288013651
5356,4.964430072048233
5357,2.7330475346342014
5358,9.079244714337175
5359,6.706184425806687
5360,7.003619233354939
5361,6.5572264581777855
5362,7.255899233262092
5363,6.876766167687272
5364,8.774115811369615
5365,1.0697472250870481
5366,6.952564611971733
5367,6.119520370461175
5368,5.27646265254693
5369,1.8543817193795895
5370,7.72442215171405
5371,8.041783292689523
5372,8.49701267057977
5373,2.0539850802502997
5374,4.9501987534206995
5375,6.183136937784912
5376,8.18170279110654
5377,4.408187912728308
5378,6.231668925785794
5379,7.291999184589301
5380,4.909450413600327
5381,5.398575146977223
5382,5.56616193089657
5383,6.612604552002539
5384,4.86266953027781
5385,7.412130284588437
5386,4.383295660671294
5387,8.085823421053107
5388,3.515047073055486
5389,7.412595837606801
5390,7.074064828927735
5391,7.570869909995912
5392,6.096642929119158
5393,8.893219610915821
5394,6.292556917607811
5395,8.915338747080849
5396,3.4652123168883775
5397,1.6389428266484456
5398,6.952117875250916
5399,4.137291068277628
5400,3.3806825113217487
5401,6.4541390911224905
5402,8.262528268010104
5403,3.0740906496460463
5404,4.297330667674196
5405,7.702856806064203
5406,6.514960361396335
5407,5.763977939003793
5408,5.266284067569111
5409,6.898496038351436
5410,3.8832909792088195
5411,10.0
5412,3.7150630777187503
5413,7.324098286491308
5414,8.335958467902177
5415,6.402223563723814
5416,6.838088166690721
5417,7.760437170073378
5418,4.267780505622885
5419,5.166047466515785
5420,7.283602489715689
5421,6.483704669494668
5422,3.8660425909761535
5423,5.276178680014533
5424,5.163878284323133
5425,4.519628317478177
5426,5.5975525460958275
5427,2.5401330628016265
5428,5.961094430092045
5429,8.664632693844258
5430,2.515355696281772
5431,6.16281247967757
5432,8.988178588599308
5433,3.076990924827012
5434,6.1852083191002025
5435,6.56894750934874
5436,4.266655927926051
5437,4.706091131581439
5438,4.169673395471747
5439,6.012145183978973
5440,3.9995188046993717
5441,9.137429947668572
5442,7.666105845930898
5443,7.329419235221971
5444,8.430785049186076
5445,6.439210190540286
5446,8.237719562545273
5447,3.9781043826012548
5448,7.502786815017119
5449,6.998429999904449
5450,3.3683311801011775
5451,6.738048061029645
5452,9.970915369690944
5453,4.4315462756574675
5454,4.937025570492747
5455,2.9043266815600797
5456,4.512831345976942
5457,5.25382429342319
5458,7.049512319539179
5459,5.492669050184329
5460,4.042713858042824
5461,4.75195068935261
5462,7.20330812673736
5463,6.32062350818558
5464,6.806192323857175
5465,5.765250198754864
5466,4.9539579552656905
5467,2.5044513789840215
5468,4.6549600344966215
5469,6.5921987618059195
5470,2.993764083451006
5471,8.833050295441002
5472,3.274778341964013
5473,7.6622154161379115
5474,5.908834447274403
5475,4.954863527463035
5476,6.037580938766634
5477,7.8069572057293195
5478,5.73221905355133
5479,3.6016789521003574
5480,5.266816290438519
5481,8.719690274651256
5482,6.422592803445228
5483,4.702516202368944
5484,7.327180410224473
5485,7.53789226786828
5486,6.0092090794723925
5487,7.598379728992664
5488,4.476633009391291
5489,5.351531748369309
5490,2.2184753919481395
5491,8.833874875332189
5492,2.536996798059648
5493,3.6602373408260576
5494,8.185607981049909
5495,4.3118826594649775
5496,4.618635782622537
5497,8.285426933120196
5498,6.959503608662076
5499,7.446902421348154
5500,4.90650627832115
5501,6.38731603598997
5502,3.923429771331577
5503,7.659886690031229
5504,4.252898921207909
5505,7.311581109848791
5506,5.43287442454442
5507,6.346929658508772
5508,6.428297840164167
5509,4.332395624835477
5510,9.175276442529434
5511,7.394654022451567
5512,7.0102039026910905
5513,8.82986991839772
5514,5.465340112886953
5515,8.101232518659621
5516,4.730988064060368
5517,6.639930703465611
5518,4.473831846513457
5519,8.60156361784935
5520,4.343281611694779
5521,7.594823759885996
5522,3.914139512391536
5523,6.81910274945192
5524,2.9855025531017017
5525,5.966671123466906
5526,6.795414336953302
5527,6.5637216971866135
5528,6.383558693670551
5529,6.478196483167176
5530,3.8788062352344337
5531,6.051987692775578
5532,5.465909795707758
5533,6.6649240554530245
5534,6.66254278321159
5535,7.349892384672311
5536,8.786434618259147
5537,6.645697048010344
5538,3.6056888841620784
5539,4.057267090685286
5540,3.039858469626205
5541,5.468316632506136
5542,4.973735420295287
5543,7.067388252456408
5544,5.525220834234758
5545,7.656695994699856
5546,3.9642791296888618
5547,5.707918922777239
5548,5.728442981546585
5549,8.068087342621524
5550,5.564539690823712
5551,6.491644792020951
5552,8.446040315252132
5553,3.47314728879479
5554,5.984657869813292
5555,9.20881475721963
5556,5.870451051763968
5557,6.71701372414215
5558,3.5331872845086147
5559,5.455600311780932
5560,3.8238267282017575
5561,4.283120419520403
5562,4.741012623473848
5563,6.681301447109217
5564,5.745374317762002
5565,4.67586932023238
5566,5.932991617667842
5567,3.70206893989985
5568,8.05365914908566
5569,7.4855037731966885
5570,3.4449658349379595
5571,3.9631399731754593
5572,5.732463826275588
5573,5.847377125793166
5574,2.5430048778651484
5575,9.896497279155124
5576,6.927255597954405
5577,1.722040442625295
5578,6.097826381647165
5579,9.484315776862593
5580,6.347135847090823
5581,5.889282928017232
5582,7.170140409483767
5583,8.77728308432218
5584,8.26524693507429
5585,5.783740044055417
5586,4.5190767477586835
5587,2.530083391009308
5588,10.0
5589,7.120099273591332
5590,6.785420405932724
5591,4.798744418180579
5592,3.83234029814762
5593,5.913775742099425
5594,6.47117058506414
5595,5.599499914418745
5596,4.026905711631713
5597,7.739901533560921
5598,8.361739978710096
5599,5.388333809994324
5600,4.887550862864055
5601,5.001870784121925
5602,3.566371541691555
5603,5.156808559967319
5604,4.993231171858795
5605,7.25265216211563
5606,4.955854340631686
5607,3.543205191720154
5608,8.352562647373329
5609,4.325491953173922
5610,7.345132169488563
5611,5.112477126331835
5612,6.785394815955064
5613,5.900394392613194
5614,3.4100509778308226
5615,5.621019939970793
5616,6.924109885266962
5617,3.9661868836384357
5618,4.294675422261501
5619,7.317529312589306
5620,7.853129199053622
5621,3.9701795328734644
5622,6.691386391355847
5623,2.6930157987868606
5624,4.799692206531728
5625,5.527979787850253
5626,6.428975144236851
5627,3.613764118068059
5628,7.718041435137911
5629,7.619572614433693
5630,5.292401534556499
5631,3.045344070106662
5632,5.130653777566652
5633,5.814219691524178
5634,6.967783962395185
5635,5.685288362197283
5636,7.038450492553944
5637,9.333722300323071
5638,7.001261376342029
5639,5.453371871431784
5640,3.4100190021481134
5641,4.160041764140682
5642,7.663760093602537
5643,4.666582788836835
5644,6.249142618848167
5645,1.622961134816184
5646,3.7414189111390734
5647,4.892253803063001
5648,5.17271642765273
5649,2.71545470532284
5650,5.871441101787818
5651,3.2126860552787697
5652,2.031072618559985
5653,6.741912233700164
5654,7.253609774181672
5655,6.218118022048943
5656,8.487605345949099
5657,1.215413919635336
5658,1.8596447186735796
5659,5.3868088115164285
5660,8.350468234388492
5661,3.810961714851321
5662,7.884239666507833
5663,5.883414907541327
5664,6.041534220059939
5665,6.800486132342808
5666,1.2985517897046834
5667,6.994884785028423
5668,2.114785324005919
5669,9.000842255493444
5670,4.27739199326852
5671,8.392609327171476
5672,4.993250466990286
5673,6.666137000141232
5674,3.4180995600351056
5675,6.3593754055899545
5676,7.359451308972378
5677,6.648884854779135
5678,7.156588004095083
5679,8.701181607844502
5680,6.894873699762991
5681,3.4360649738517175
5682,2.0356804845846876
5683,8.352878452119029
5684,7.081515033263612
5685,5.571393481838211
5686,7.806824449491128
5687,4.388299660167334
5688,6.577344899524868
5689,6.211171895515058
5690,6.717362826153797
5691,6.606990009263979
5692,8.248986179728725
5693,7.155348887965458
5694,6.478291558608243
5695,4.184016322312013
5696,7.0303276088187046
5697,3.6164725979740346
5698,7.128133324002892
5699,4.874718863966093
5700,6.822876609671743
5701,1.6315357867510623
5702,5.193379807148304
5703,4.5533961245659915
5704,5.977615285674302
5705,6.162611495102064
5706,2.230800924146708
5707,6.905195678691307
5708,8.223110442972079
5709,6.939189910333363
5710,7.292345139366832
5711,6.2159270378556375
5712,8.381794388240415
5713,6.4849995585797355
5714,6.420071956975027
5715,6.902797577603019
5716,1.3078077139048134
5717,6.259804116019115
5718,2.7935592837500867
5719,6.4368568828946415
5720,4.945170160474021
5721,4.112639815217154
5722,8.658656956379808
5723,5.138115382364303
5724,4.165227988993377
5725,8.45100106437097
5726,5.128078581736082
5727,7.615864293709045
5728,5.3332848343770785
5729,6.601944714842109
5730,2.6284328411279465
5731,4.2297086189232465
5732,6.692432287660879
5733,6.524857073321843
5734,7.387014599228738
5735,4.772918831107469
5736,6.631082346990923
5737,5.481579724204316
5738,4.799822682495886
5739,4.1725965957172075
5740,7.40063668154947
5741,3.0756483609315226
5742,9.625924165150986
5743,5.672051385250661
5744,5.0186566705127875
5745,7.139401396999373
5746,6.1986998311707895
5747,3.4300833346946265
5748,6.330168294363346
5749,4.725490883544634
5750,5.947339045287435
5751,5.5135264797572
5752,2.824173482692243
5753,7.543903132018249
5754,5.980993632163896
5755,6.865758399212423
5756,1.4551177503446517
5757,4.616726394795895
5758,6.523419025043517
5759,9.318414267025016
5760,5.06764438605035
5761,6.209653557102816
5762,3.7548008835892857
5763,3.6710726834831187
5764,6.763450217001585
5765,6.583547503151859
5766,4.218318225538051
5767,7.738567819102249
5768,3.2806897440776517
5769,6.866899601127047
5770,0.08237501716454665
5771,4.867684027143417
5772,7.909982344377734
5773,4.786366160790277
5774,6.417765025972759
5775,5.4835130121113975
5776,3.0280862009006153
5777,5.73035630718333
5778,4.591643504626068
5779,7.950845071869065
5780,5.4432785521181914
5781,6.2655403525929465
5782,2.2453559753967727
5783,2.8294275603899717
5784,4.631995519244278
5785,3.1597264682349793
5786,7.830334446811729
5787,7.636040096644937
5788,7.49318639062998
5789,6.050216990215057
5790,8.514437092058893
5791,4.163964190266709
5792,5.618448333197399
5793,6.927249996186152
5794,3.70541898244794
5795,8.879522612516585
5796,6.05669402663335
5797,9.730692283771642
5798,8.690271731013874
5799,3.9836385826857112
5800,6.7543880723923095
5801,5.271216460960618
5802,6.058272604929826
5803,8.32432823919713
5804,4.451229221735789
5805,7.9018439142088885
5806,5.691439665590926
5807,9.53564365983815
5808,7.283976658165358
5809,5.704201151994259
5810,7.227921004351037
5811,5.247380348166371
5812,6.438463695393824
5813,8.937746180679733
5814,5.190425242853187
5815,4.95052700185248
5816,6.680970933668828
5817,7.121391349134894
5818,5.518670095380517
5819,7.694707441936689
5820,8.307156754050862
5821,9.089070116401007
5822,5.956334420378166
5823,6.994167315789804
5824,7.012014570469731
5825,7.626470688987107
5826,9.346680468706264
5827,4.743727056382096
5828,8.769254988047752
5829,5.253343149707156
5830,3.1214119941451717
5831,5.6333298817356505
5832,4.133954535369029
5833,4.7738459171751
5834,6.148380925517465
5835,3.410489425903833
5836,4.612881012116955
5837,6.050037832637775
5838,6.490999844450114
5839,8.266180525947014
5840,5.009477327163886
5841,4.791218040503927
5842,7.790031756271247
5843,8.428310015821818
5844,8.53520457987442
5845,8.993661975842166
5846,3.2562015188920155
5847,4.9362196629841995
5848,7.5386667612429115
5849,5.792918089514936
5850,4.614217898568246
5851,5.624282539816328
5852,5.539948139108618
5853,6.902241425512882
5854,6.89740764190338
5855,4.7336911687130545
5856,7.215981420802289
5857,6.562722725069163
5858,8.81778813838565
5859,8.269096468991954
5860,6.4244192011738175
5861,5.37883552474659
5862,5.3977385684529064
5863,5.311401733604617
5864,8.7861205303728
5865,6.459498954766845
5866,2.455736445580106
5867,3.510410601050764
5868,3.5902807019183887
5869,6.417017374859555
5870,2.246989072808171
5871,5.841390750015486
5872,5.5439779708959325
5873,7.035943730072914
5874,6.769453483025616
5875,6.407202367233805
5876,3.703764818263891
5877,6.426336358342306
5878,5.683261505281911
5879,3.5656050589533663
5880,6.351120662290528
5881,5.516642595893286
5882,2.4561284066642775
5883,4.66717001709812
5884,7.081462995992391
5885,4.534117529812463
5886,5.656918836419149
5887,7.677976309783725
5888,9.217329937572325
5889,6.1674043361486
5890,7.041944454270182
5891,5.467087086959783
5892,6.448933098946759
5893,8.498213377430412
5894,5.660278513784633
5895,7.859778124491027
5896,5.959176765251486
5897,3.933886173915531
5898,7.314746471582429
5899,5.764594963031239
5900,6.765004089805334
5901,5.812851145470292
5902,4.3697596306141495
5903,6.68493368422191
5904,8.737081996323154
5905,7.164145316213071
5906,1.3693717816751196
5907,5.584789700827014
5908,6.604996180708074
5909,4.264820786197669
5910,2.704539856143911
5911,6.212373839628448
5912,5.592212351108204
5913,6.6432368481598925
5914,4.103396996092476
5915,6.951381851506218
5916,7.54870742007047
5917,8.526691826492339
5918,6.703783873176485
5919,4.0248439904263105
5920,7.3195217661765035
5921,6.470776235590339
5922,5.883414051306837
5923,4.7951347472227654
5924,9.867589576860649
5925,8.631651559202243
5926,6.347545881563809
5927,7.436392166800673
5928,4.04969880741251
5929,6.456521355359278
5930,6.619836527037815
5931,7.385327083561531
5932,8.070340395374181
5933,4.975871123105284
5934,8.00625368536708
5935,3.9050059806184128
5936,5.6601092004808375
5937,7.157835620345741
5938,4.874800686601805
5939,6.409197607171009
5940,7.637955151451563
5941,7.528278429582047
5942,3.9105565622086482
5943,5.919292669195848
5944,7.390608202234992
5945,8.553130628267533
5946,9.719727780487187
5947,4.740868582533998
5948,5.166331112988424
5949,4.520806400326484
5950,0.05659225752410351
5951,5.929319726361116
5952,4.102485720629391
5953,4.842464338235409
5954,7.7438904028490825
5955,7.409821439391218
5956,8.854471644760851
5957,7.972379449104546
5958,5.708337968337375
5959,5.848295083283558
5960,5.2123006510040835
5961,7.892997496106906
5962,5.0583830247708885
5963,3.75191875087361
5964,4.352207852049165
5965,5.6987213303406286
5966,6.502010887191856
5967,8.421947557029544
5968,3.0858679213524853
5969,5.039720512514748
5970,4.790157489102606
5971,5.449867546615788
5972,8.837590872884956
5973,6.317835862539023
5974,5.801518188174683
5975,8.03396818406757
5976,7.460755635831331
5977,8.892507108732206
5978,6.203781587540709
5979,9.287293458644964
5980,4.936712348924176
5981,7.131325496035172
5982,6.5003659835799805
5983,7.393121220854112
5984,6.470995246100127
5985,7.618187350161321
5986,6.627529495700653
5987,4.918663828527256
5988,5.584278589465601
5989,4.588822379014761
5990,6.424094723708337
5991,9.24554755528675
5992,5.822350280632695
5993,7.5539911152679435
5994,4.132622803286855
5995,3.2490906230946726
5996,5.7535315091292745
5997,5.81879337096257
5998,6.259347351319312
5999,5.320954487221748
6000,6.0949766680580835
6001,7.554091303198934
6002,6.261499068775791
6003,4.64367813896766
6004,5.013750012883135
6005,6.107714745987139
6006,8.960240781823924
6007,8.591600724482202
6008,9.393664766540894
6009,5.177422592759818
6010,7.249798240247549
6011,6.052768125729777
6012,1.189669019142041
6013,4.163880973091969
6014,5.840422471581083
6015,6.2805678247272505
6016,8.338113727209565
6017,5.651975879646862
6018,8.652229232104455
6019,8.021880262611452
6020,4.117252808555989
6021,8.91480846678034
6022,6.606778865583096
6023,4.0468938190075
6024,4.585785382008683
6025,6.13567985979234
6026,8.348366989894973
6027,8.523967729124765
6028,3.9873179898889193
6029,7.52506746372473
6030,6.959065578246391
6031,7.554822907871376
6032,9.990760995691017
6033,6.719883945371121
6034,4.923252450674768
6035,6.307247708867907
6036,8.662900527128496
6037,7.9160374720186635
6038,6.503759675072659
6039,8.32869049293311
6040,3.897625854873408
6041,7.385908691640933
6042,7.238939180161119
6043,8.900732248797276
6044,8.30038604983756
6045,6.237600479166376
6046,6.509044438520332
6047,1.517590774050522
6048,3.808282976056427
6049,6.838625325707202
6050,8.303148211638202
6051,3.9291289037990276
6052,4.844612240115978
6053,3.2669231804563035
6054,7.367249075489013
6055,5.1408089881019015
6056,4.179695303015794
6057,5.145404426772143
6058,8.839226453952284
6059,4.549712123609978
6060,1.669403775490078
6061,6.834023386753923
6062,7.557696959187297
6063,6.40683264735662
6064,5.4033019254605605
6065,5.497294316038945
6066,7.058280058504408
6067,3.7898702869289878
6068,6.9532672520122905
6069,2.3327604478336035
6070,4.026526412728401
6071,6.274794994239966
6072,5.395555142322769
6073,4.365129274197193
6074,6.0654197308572915
6075,3.199219592287421
6076,6.230681273929168
6077,4.706716126170111
6078,6.467709144972975
6079,3.089681151613984
6080,3.6255626188205854
6081,8.55892100736866
6082,3.3716865266157603
6083,6.5104474547787605
6084,6.473068991657098
6085,5.33659955181945
6086,7.9881421196167715
6087,5.320611939872709
6088,4.700120548152369
6089,5.639188452000331
6090,5.469912971246284
6091,5.106338530638223
6092,6.4751441342006775
6093,6.3292951459539495
6094,7.486684464994582
6095,6.652932157051301
6096,7.825479656489392
6097,3.9486240791748046
6098,7.598763149027217
6099,8.258975934582837
6100,4.7810176475564035
6101,6.330471442093853
6102,5.702627156467045
6103,3.61774636322556
6104,7.4426973325782715
6105,7.879997045592342
6106,6.60713614073636
6107,6.8575328584431166
6108,5.679801091472066
6109,9.110680185873662
6110,2.943591239329259
6111,5.946713547210422
6112,5.183158940992803
6113,6.193693729531651
6114,5.0726903039441265
6115,7.239964714978921
6116,5.03777606853752
6117,8.261336662434065
6118,7.956409841601936
6119,4.855534580565652
6120,4.375510204306869
6121,8.58497463132865
6122,3.650921608057034
6123,2.950844432232554
6124,6.822383111869109
6125,9.728530139516884
6126,7.836216276036632
6127,8.585986788458994
6128,4.530824422061633
6129,3.3999184091700094
6130,4.97072021650823
6131,6.7706431465677825
6132,4.76709912084576
6133,6.447453011753005
6134,7.810437875526851
6135,3.0015571144126394
6136,4.061283785362972
6137,4.444834727411719
6138,4.452823767436879
6139,5.18014991909363
6140,6.332265967949613
6141,4.779168198409699
6142,5.611018905888821
6143,7.900860655699951
6144,5.914450230230339
6145,5.264643285689462
6146,6.9758679942183095
6147,6.744293266966309
6148,7.4094909232057535
6149,4.6356904958653455
6150,8.021051422930672
6151,2.7590544658565648
6152,7.0164987715057086
6153,5.873740085427311
6154,6.090817174021677
6155,9.36305891778891
6156,2.9441731652317498
6157,6.506088288251913
6158,5.085691617176306
6159,6.2142550622450905
6160,5.152597319797534
6161,5.046603436003463
6162,7.341094419585278
6163,6.356553514144588
6164,5.357826296882344
6165,3.4387216086521306
6166,6.5833725657325
6167,6.881023686533178
6168,5.9124022157657805
6169,3.6773035121440003
6170,6.4916862411601475
6171,4.032592394099904
6172,4.7469745139501764
6173,5.539633072586775
6174,3.7016382127040166
6175,5.876895072005837
6176,7.733489914662679
6177,6.918755183972742
6178,7.808656311631208
6179,9.05625456102381
6180,7.584064947044463
6181,3.16226533219517
6182,5.0117294125461775
6183,1.9814212043777568
6184,4.203583596606993
6185,3.9146834008530824
6186,7.602945767568505
6187,4.360186830898275
6188,4.453502453308234
6189,9.682906360228486
6190,7.005954782724128
6191,6.4661151957099925
6192,6.211680889614195
6193,6.739622712905268
6194,7.248341680443229
6195,2.222229020112363
6196,4.56318621043868
6197,4.861233555381138
6198,4.88770011528047
6199,7.660566877084034
6200,7.95356790679168
6201,5.37168662275632
6202,3.785107698118469
6203,4.460606062803069
6204,3.155480143742688
6205,7.762403953387633
6206,7.116014964624933
6207,4.081397058973055
6208,7.765836719950309
6209,4.2449158855914195
6210,5.037677187183832
6211,4.370005141193699
6212,6.136039931551749
6213,7.252206682834988
6214,5.985692801111723
6215,4.423818478790661
6216,7.690421222200177
6217,8.832387850986976
6218,4.498282840880672
6219,6.3894051142518045
6220,3.671993306219554
6221,5.616783433389239
6222,4.480875141188493
6223,5.737672978841879
6224,4.558527965054909
6225,6.2307472804235315
6226,7.3235797164701495
6227,4.951877834358279
6228,7.206841634247598
6229,5.474953028660947
6230,7.413237114096171
6231,5.788697047795339
6232,5.995344719393779
6233,9.52231982960323
6234,8.212981251235332
6235,7.407171131308324
6236,5.190821467960105
6237,6.789572647538423
6238,8.960276075780282
6239,5.103039180176177
6240,7.171444044922532
6241,5.101708898624587
6242,5.802333617539237
6243,4.497389106181492
6244,6.33729850318111
6245,4.97623193303682
6246,7.7929875588894415
6247,6.015112920186558
6248,9.091840478183553
6249,5.069885950910509
6250,2.84475474473798
6251,10.0
6252,3.9110415938731133
6253,6.585985270258103
6254,5.538116335846565
6255,7.057007743896834
6256,5.591769547046143
6257,5.608393751791817
6258,4.336253756896862
6259,3.3654927557217893
6260,3.2133460896878008
6261,6.042870299758438
6262,8.646883136408253
6263,8.54648187331576
6264,5.8703526089551135
6265,6.805836837415896
6266,2.5847074625658615
6267,4.6356973835304345
6268,5.066157948266153
6269,6.528416757848369
6270,5.836044945877744
6271,4.216797838237513
6272,1.4553684042060713
6273,7.5599124679624055
6274,4.489522451830986
6275,4.491741238405278
6276,5.39917039852539
6277,5.047559160769488
6278,7.067043831059351
6279,7.282208324597573
6280,6.618684972524495
6281,2.6953003697061884
6282,4.774229491182189
6283,5.795847616792269
6284,7.204777909003453
6285,8.227629344591069
6286,4.276227689075651
6287,5.312066589520985
6288,9.234593282855887
6289,3.425360064650553
6290,6.362016584160234
6291,3.9007072566494134
6292,2.616159311283411
6293,6.188666824811336
6294,6.090231030200868
6295,5.975572689251097
6296,7.802414508920897
6297,6.553954658809442
6298,6.74502573437978
6299,4.196827608593628
6300,5.149906262768693
6301,4.6407270320193135
6302,5.865784964893006
6303,3.9431911679904212
6304,3.6079018796905684
6305,6.954954619398995
6306,6.309309337077488
6307,6.823480803621408
6308,5.054963613057679
6309,5.265238576552287
6310,5.121678711447598
6311,8.496068215847409
6312,7.1193501826041
6313,3.012993191599425
6314,7.042458906111715
6315,5.006911403698117
6316,8.00297515553552
6317,9.404108331820254
6318,3.4058348167871495
6319,3.9337888531150145
6320,5.348706841839558
6321,5.041530483112305
6322,7.887432702206698
6323,2.7968734969848406
6324,3.9167187304996745
6325,7.021153175763786
6326,6.267492018773158
6327,4.356610597038567
6328,5.087347617522345
6329,9.074654672362728
6330,4.971309479661368
6331,7.023824866018904
6332,6.48451935170254
6333,7.973692642872528
6334,6.756154632388702
6335,6.0174925407626425
6336,7.1175553948705
6337,3.3131187808718865
6338,7.538416637361751
6339,2.8069744118379676
6340,5.173072478873954
6341,4.604513236983679
6342,4.807501449426267
6343,6.940495175071806
6344,1.5856403127077223
6345,3.502060193826699
6346,6.882754998319726
6347,6.578683294719516
6348,5.497462208576038
6349,7.2473362382907105
6350,6.983993574610445
6351,7.907595642870819
6352,2.4165826238452395
6353,7.081855072482789
6354,9.270419545426353
6355,7.219870018646944
6356,5.542826235020566
6357,4.2567118850278085
6358,6.194452612936151
6359,6.792791522941455
6360,7.590706197478262
6361,6.259736144345592
6362,9.411111120666881
6363,6.751319163158824
6364,5.548817969521625
6365,6.606467273542245
6366,7.957160851120907
6367,6.494477907852836
6368,7.660771169398457
6369,7.775738695585958
6370,4.4259309466372265
6371,8.199894251266294
6372,3.9864351929411592
6373,5.627571081012518
6374,9.051089310007747
6375,8.888365705909028
6376,4.712198800566995
6377,4.42109306512947
6378,3.4274334343360637
6379,9.19950869999277
6380,4.27399698204564
6381,1.625127977970315
6382,2.358945210098233
6383,7.046430496954663
6384,7.262400990262536
6385,8.081201453035733
6386,7.739303250142783
6387,5.445462099133772
6388,6.247920352224478
6389,5.90517663283304
6390,8.753033395253027
6391,7.384052914521963
6392,4.271576779093347
6393,4.493239462569282
6394,3.292800185000101
6395,6.120189333721605
6396,4.133171136524038
6397,4.785463334868268
6398,5.545971174637426
6399,5.120401988697727
6400,7.333742998260483
6401,6.844756626427533
6402,7.496946242894152
6403,8.207116369123048
6404,0.9636297681072055
6405,8.546190557921042
6406,6.962600107763619
6407,5.178236161555034
6408,7.677154265139876
6409,6.536592817246202
6410,5.659665559026502
6411,9.268348957118043
6412,4.0977093820800965
6413,4.272905079585881
6414,2.3189816219800363
6415,4.037132975121072
6416,1.7811903847920965
6417,4.315546101798672
6418,6.363789087790795
6419,8.93580169826619
6420,6.028952736982848
6421,9.654910518522538
6422,7.8463274068123035
6423,6.493596533007293
6424,9.604174005579823
6425,8.447887472002693
6426,4.873702430682278
6427,4.8899525791638085
6428,6.33401182936637
6429,3.5865493480567205
6430,6.430231365150993
6431,3.4656162012035425
6432,7.933998433215127
6433,2.872650156648915
6434,7.531091453182027
6435,8.562576917368393
6436,4.684156524693798
6437,6.783816569969985
6438,7.508291218455712
6439,6.104530137608091
6440,6.112419305052908
6441,6.412088492699878
6442,2.532149548278358
6443,4.034016507153888
6444,7.612387214650818
6445,8.150200607873138
6446,9.779943225572946
6447,5.83169201370723
6448,4.82884511909795
6449,4.692432625254492
6450,5.965290175590729
6451,9.078593460985838
6452,10.0
6453,3.8277009193107716
6454,6.913677271665667
6455,7.515149128542477
6456,5.718887602024844
6457,8.385110502016316
6458,4.5039116974795865
6459,2.947431896199995
6460,6.587559899206106
6461,8.282934779933473
6462,7.763466987281218
6463,6.563085775121694
6464,8.03774094954589
6465,8.77807028931981
6466,5.094014375856716
6467,6.820845230689704
6468,4.215509781640739
6469,7.052558396176952
6470,8.54561242859646
6471,7.192750330627354
6472,4.9724337179310805
6473,3.9190466889328253
6474,7.368715814762466
6475,5.337570677248337
6476,5.152906648684042
6477,8.426752884687412
6478,7.269574693410098
6479,8.132250328562739
6480,8.046859696459435
6481,6.443181889612504
6482,5.040772537555876
6483,5.7633545546600935
6484,5.927457760575253
6485,7.638689545126626
6486,5.097756076550356
6487,4.109983911280395
6488,10.0
6489,5.4578115142865204
6490,2.6800925753618605
6491,4.660840295581858
6492,6.050063536623628
6493,3.0747653476109607
6494,4.566683800826095
6495,5.334577486321358
6496,7.644831104381815
6497,5.894938286069886
6498,5.934672292774259
6499,5.854256124350737
6500,8.79076723822127
6501,2.699065429861658
6502,2.4773558194584977
6503,7.90147763654097
6504,9.249631840859552
6505,4.72988674121667
6506,3.8767210606800164
6507,6.698210160767539
6508,5.542428910032274
6509,6.443377252920479
6510,6.7288825626580975
6511,7.296616568475469
6512,6.421029768883082
6513,6.4125289624632575
6514,4.30951853867737
6515,3.919025129578621
6516,9.348839012795603
6517,6.273758562096151
6518,4.809537995628121
6519,6.141338625622234
6520,7.747814298491325
6521,2.7832070719881457
6522,3.8383507960905385
6523,3.305506436828585
6524,8.490170442185164
6525,7.963613032422966
6526,8.840651930782737
6527,4.315259339893611
6528,6.348538278967905
6529,4.26524531801153
6530,6.205385254602444
6531,7.42472457824248
6532,3.142846919418661
6533,8.687160293393681
6534,5.504452739571923
6535,5.890899371261227
6536,6.664159709170418
6537,6.643818759383733
6538,5.02281531227828
6539,7.046805245622705
6540,5.928983992989697
6541,6.797005552684654
6542,4.248874349226786
6543,7.491416226370074
6544,6.955674611487487
6545,6.029585355072253
6546,8.31514723969604
6547,3.936923740322539
6548,5.977732418637603
6549,3.64738020891493
6550,6.793965243542717
6551,3.324413102606916
6552,5.339105681705496
6553,6.748277780760345
6554,5.6062227087818615
6555,2.2578096295890098
6556,7.370885243862421
6557,2.5731243192994757
6558,7.261233140908114
6559,6.5618281229801685
6560,4.472480255348633
6561,6.326881720451025
6562,5.073092117040034
6563,5.7498155972459
6564,3.3558364355859656
6565,4.299472263522491
6566,9.236760955909746
6567,7.868265998458485
6568,7.373728545196995
6569,2.8173323040518063
6570,7.675797249416563
6571,7.545741927171447
6572,2.908421801320774
6573,4.06639313589693
6574,8.158956264161509
6575,5.9577804867445785
6576,4.624887552734233
6577,6.821287100240085
6578,7.7791383410400705
6579,4.601309587637449
6580,3.7536929101431165
6581,4.111372524827344
6582,8.532342262588344
6583,8.795158070567675
6584,8.389000813779365
6585,8.61523883421628
6586,8.303461989614554
6587,6.593423741312499
6588,2.181312572101527
6589,5.830312384642319
6590,5.851333972116253
6591,9.447892677521015
6592,7.633114116359495
6593,6.410189561079334
6594,5.925850134498659
6595,6.8723046823539455
6596,6.226149044001666
6597,6.049047115491769
6598,7.163344789535638
6599,5.553962797702276
6600,8.360536534092503
6601,7.722950989337285
6602,3.9887231354302317
6603,7.613132988728335
6604,6.691785932512683
6605,6.507613618026315
6606,7.611802416473325
6607,5.218807314303494
6608,6.7156439901754466
6609,2.329294895689459
6610,0.3368733055451789
6611,7.1514964926043145
6612,5.856161450466377
6613,3.922376224775422
6614,2.7166734535859662
6615,6.541594599361831
6616,4.5735997595772275
6617,3.647188041769481
6618,7.540777026705013
6619,2.740910417585907
6620,2.161495298905056
6621,5.0737659263830155
6622,7.964017658839246
6623,6.755679186572191
6624,4.062297885068624
6625,6.994017303680687
6626,3.582170026605284
6627,7.860480984823468
6628,4.494570644752126
6629,7.645350930238335
6630,6.058011570150645
6631,6.719787765752088
6632,5.872235165459085
6633,8.02100662254706
6634,7.521065680966508
6635,7.5850088344104165
6636,5.358837908628113
6637,2.023454008120683
6638,4.378009648060855
6639,5.45177715909138
6640,5.653979858209855
6641,6.7195291511736315
6642,6.407506269403548
6643,4.224172200826278
6644,5.82152451683969
6645,7.722830186625585
6646,9.09348024620507
6647,2.8345425619527487
6648,3.605889386098916
6649,5.654863497292546
6650,4.503825996889076
6651,5.424200920622668
6652,8.621535101122234
6653,6.003998859182061
6654,9.275711506350566
6655,6.137381127794992
6656,7.143430664343656
6657,7.521674351995201
6658,8.097104851044236
6659,3.273762005642433
6660,3.7898482825150364
6661,7.217279682946479
6662,9.359472219890899
6663,7.787068394751706
6664,6.698021700687865
6665,6.126830584867102
6666,8.572373340095865
6667,5.7905606318299
6668,6.336963278006249
6669,9.409643040427902
6670,6.138745591605008
6671,5.954977829131507
6672,5.175273543977299
6673,5.9692102262169575
6674,7.32680941912129
6675,6.232911181897363
6676,7.229564815973987
6677,8.897612699234614
6678,7.203251647012901
6679,7.205596553772267
6680,6.944841314932795
6681,5.042232432524152
6682,6.861534911854209
6683,7.017264759141085
6684,5.631461466960169
6685,5.624641754323559
6686,6.447334756012975
6687,7.259668166636881
6688,6.127989414098668
6689,6.945945642727199
6690,6.722537812523075
6691,6.27105301213134
6692,9.097208936545595
6693,4.003185292565389
6694,7.499400849962882
6695,6.774647500173042
6696,4.410837915163879
6697,5.59080448137901
6698,5.891908387364954
6699,4.459523549492299
6700,3.81893616967801
6701,4.1676405386457365
6702,8.860193386672808
6703,7.726091583143322
6704,6.73759330768049
6705,7.218769792044705
6706,9.462673901667275
6707,3.8932117666286743
6708,7.85937658596191
6709,3.3372280255695257
6710,6.9404983993312275
6711,8.110141904308682
6712,7.630957744453424
6713,4.971037336877594
6714,5.7645624926897305
6715,4.4945737319757715
6716,6.927882834456362
6717,5.450450959911371
6718,3.474052561478873
6719,6.609360369417716
6720,6.095242320825335
6721,3.7476182563142966
6722,4.461673104379744
6723,8.61243302577566
6724,8.66055397921992
6725,6.21541131469298
6726,1.897865339204751
6727,7.5447215527561085
6728,2.9816341504550827
6729,5.398898180698714
6730,9.207769508936998
6731,3.798473471871552
6732,4.488432636380128
6733,7.24053431701049
6734,7.969550337896164
6735,3.4735430957874565
6736,7.69462094356445
6737,4.903822968482574
6738,5.958788797233337
6739,6.371438277462159
6740,7.126434242043123
6741,7.234189323364637
6742,9.028235885725048
6743,5.567684195426212
6744,8.986178082252463
6745,1.44403546681045
6746,6.109580549028763
6747,7.900089477747315
6748,4.0799446230909755
6749,8.724796394063922
6750,5.015545058930283
6751,5.604877906455192
6752,9.054326426300161
6753,6.993205072466662
6754,7.170095086713417
6755,7.415188666480459
6756,5.16932214054195
6757,5.029246361486862
6758,5.234895575742091
6759,2.2730192931133946
6760,7.25766801166539
6761,5.171924451196148
6762,5.72977911970152
6763,7.2389048771439
6764,3.8626763511555504
6765,4.226011150470777
6766,2.726831225525915
6767,8.105466534898557
6768,6.6381880862244
6769,5.523256573541573
6770,5.840825335670045
6771,4.139787456726564
6772,8.033076620189863
6773,1.2609984126126756
6774,4.724302312718631
6775,6.952783678168178
6776,2.9769270025715713
6777,6.827886791714925
6778,7.102057124564389
6779,5.629763699887098
6780,6.62014526388108
6781,5.5535970730564586
6782,7.004528466719898
6783,5.933193145349797
6784,4.848140807276159
6785,6.303746369237986
6786,6.122663264361101
6787,6.524571076165998
6788,5.676098087540486
6789,2.59553821300704
6790,4.997636283103943
6791,3.816260396066662
6792,6.743071083892152
6793,6.060766785835433
6794,6.503872893346493
6795,4.700818872302755
6796,8.264663734784
6797,5.655701848286121
6798,4.21724132636556
6799,9.054293686401195
6800,8.320757295833179
6801,6.095325680954139
6802,6.192833719830814
6803,8.477275621629937
6804,5.629124033732937
6805,5.158942652119941
6806,2.767214181365309
6807,3.179800472678245
6808,5.139184737920986
6809,7.1639000739615
6810,4.6424393471835845
6811,4.630092226189845
6812,6.0998951590541886
6813,8.947492021150243
6814,6.394478501288582
6815,2.682937992963028
6816,9.452336291854682
6817,3.891231854563453
6818,7.170495940357406
6819,6.255797264906824
6820,6.406633142699331
6821,3.086990597439014
6822,1.6962030762355718
6823,6.916420935858175
6824,3.539018710097107
6825,6.2541881627452405
6826,7.376715024396451
6827,9.337569460895038
6828,5.455339596322318
6829,4.3217574804858465
6830,6.228415023634718
6831,8.415827942615266
6832,2.325213028097634
6833,7.646939913965629
6834,4.764793377607407
6835,7.146347499042258
6836,7.344784938244322
6837,9.979984169254843
6838,4.116926378441979
6839,7.818950309391026
6840,4.865394520573237
6841,5.950254430668258
6842,7.687838369021575
6843,1.9149874697891662
6844,5.461025673976617
6845,7.870596181373526
6846,6.40712565470138
6847,4.942784275217611
6848,6.736633090718068
6849,4.336984257013116
6850,5.1852148504387685
6851,3.2789979838792345
6852,5.511278586198415
6853,5.5861221735486914
6854,8.876177565739393
6855,5.436644332982676
6856,2.46831936783743
6857,8.904014361353791
6858,6.924306692551083
6859,7.811075730595624
6860,4.145493427450989
6861,4.242246532729203
6862,7.821443891549803
6863,4.517247213815157
6864,3.7588487755479996
6865,6.747677888602972
6866,3.3998891099236244
6867,8.929584054458145
6868,4.833907305559432
6869,7.706102396172687
6870,5.198883096486153
6871,6.179592391101027
6872,5.12445438037095
6873,3.3792189804515975
6874,8.697491566991651
6875,4.617425575406136
6876,6.755762151125623
6877,6.436364585954374
6878,4.623357955404664
6879,4.310430217833731
6880,7.563879118015383
6881,5.4615368638530875
6882,5.943032513664487
6883,5.906922050544296
6884,8.601888676604512
6885,8.005862472755105
6886,3.9549273922402137
6887,5.315044819340651
6888,4.9840798943502005
6889,8.103461826666228
6890,3.620308874334366
6891,6.5832023141877345
6892,7.676159673468009
6893,5.3815620911087425
6894,8.5867203698778
6895,7.740286447788479
6896,5.449300899534567
6897,4.106347717866171
6898,8.396845265718804
6899,7.1089665199053576
6900,4.381617953982047
6901,9.85255593780482
6902,8.352256564244577
6903,6.799485765968636
6904,5.150431605859687
6905,5.916381088482009
6906,5.919032386741978
6907,4.4405341350976935
6908,7.723710131776359
6909,8.29107075188325
6910,4.304315126710717
6911,4.739653679198872
6912,2.655154942632475
6913,7.123743728427402
6914,6.693765319228685
6915,7.097752590878979
6916,5.513162869683248
6917,5.841228351341512
6918,7.296321355132546
6919,6.01919662276752
6920,1.9462778184006497
6921,5.159656334620017
6922,8.572252386068271
6923,7.593132097984244
6924,7.441158925101357
6925,6.298730998270123
6926,2.7193356079608857
6927,6.261013728069612
6928,7.7728629072383
6929,7.380742976038345
6930,9.15536272931724
6931,5.310648364596628
6932,7.339199608347252
6933,6.185139019733025
6934,6.3128757639830475
6935,9.567660851875823
6936,3.183645343418803
6937,8.7958260520038
6938,7.991863990811044
6939,8.22730378467633
6940,2.6310813801219988
6941,6.537954734496326
6942,4.1336533703477665
6943,3.9318849443770896
6944,5.078333191699282
6945,4.539690189811997
6946,7.095253351649742
6947,4.700613341467074
6948,4.613132170699
6949,3.0012622936194995
6950,4.973136292825018
6951,4.475744700521706
6952,6.1929529636918055
6953,2.5215355444364875
6954,3.6530969605885675
6955,6.957072699514853
6956,6.736202517408586
6957,7.3761642083627095
6958,5.852357504299504
6959,4.014387003651291
6960,4.264049000342345
6961,5.721768901601936
6962,8.202383332664763
6963,7.494557231660057
6964,3.7163262402745048
6965,10.0
6966,4.987065027024379
6967,5.513345023696187
6968,2.7369865754048437
6969,5.604157355807351
6970,7.266461986416609
6971,7.224322582630506
6972,4.115266162757639
6973,3.4492237121873233
6974,4.310866635855426
6975,5.996566488119534
6976,5.843237518156878
6977,6.108622131532503
6978,7.645340007102371
6979,7.903225220280733
6980,4.153763223996293
6981,3.227618426890254
6982,4.4333305386516795
6983,5.359506340498209
6984,6.368894486348147
6985,7.8963913567849335
6986,3.705956555188994
6987,2.942870490292896
6988,8.923286824821718
6989,5.5175424736717025
6990,3.6549078594500415
6991,3.2506006183040608
6992,6.856358037039999
6993,4.385919251490164
6994,5.944772678027945
6995,5.130661521161698
6996,3.127645860361001
6997,3.6623009579699177
6998,6.983780547098295
6999,8.06280839902162
7000,4.32537292892448
7001,8.087941663487884
7002,6.801290198871451
7003,4.273500850615952
7004,7.802992361431651
7005,5.907331961121418
7006,7.43406415723341
7007,6.282088366211937
7008,8.330681110092913
7009,6.901468167128266
7010,6.441349233749708
7011,2.934553002000822
7012,7.110419557975007
7013,9.396278868424014
7014,3.3160194468302793
7015,4.576973578076557
7016,6.402154070556064
7017,2.7163731995125158
7018,7.513297694798406
7019,5.698157973140376
7020,9.257121658910824
7021,4.006224102043479
7022,3.0167324307931933
7023,6.296986987093969
7024,4.92814001611468
7025,2.926014674773029
7026,5.139730882814836
7027,8.252618620475577
7028,4.302691912647339
7029,7.7056396001449805
7030,7.856641306605431
7031,8.896751914914894
7032,4.123539414561749
7033,6.621371702039703
7034,7.271358788598784
7035,6.058269373082526
7036,7.485775175090341
7037,7.572270626151019
7038,7.9682888350333725
7039,5.985731864097869
7040,8.987003316148765
7041,8.66495495791486
7042,4.884668813695969
7043,2.958142768319925
7044,6.106049577435289
7045,4.601085446054087
7046,9.250357189126396
7047,3.2743603251856626
7048,5.054738216327411
7049,7.950444285955296
7050,8.947177081218411
7051,5.736419809200953
7052,7.080444821503676
7053,4.604318330819036
7054,5.18493696722599
7055,6.310954144205158
7056,4.346850898747449
7057,5.045343174225044
7058,7.132856981174561
7059,8.054113282679523
7060,5.676743674354877
7061,3.578766107071961
7062,6.032723886452967
7063,7.927624552267371
7064,4.265047246779962
7065,7.05499578002366
7066,1.4145437311338158
7067,4.352945473316573
7068,7.206985821835831
7069,3.8557982210325705
7070,2.7103011385956726
7071,8.344888257953615
7072,7.376381470313639
7073,5.131262495761315
7074,4.9909279449884
7075,8.575614463210114
7076,9.432603539308884
7077,8.333222706918601
7078,6.389159469602159
7079,8.35976942772343
7080,5.069362043934392
7081,6.395346621930042
7082,7.600897123908013
7083,4.249269083205655
7084,7.078869935707795
7085,3.4758371404226316
7086,7.90026302580959
7087,6.462787777300305
7088,4.072505034642402
7089,6.745570062603195
7090,9.582231829007053
7091,6.249174576363872
7092,4.706650448162724
7093,4.95801363159956
7094,9.044720024816206
7095,4.27041466026585
7096,4.698354222907465
7097,8.301517324848339
7098,4.760942081193147
7099,7.769490652742692
7100,7.11694336375739
7101,6.114916842740071
7102,8.144450221939618
7103,7.07135237864725
7104,7.747314384680303
7105,6.123332627766936
7106,3.24036729062185
7107,4.794653490511776
7108,7.35106432395694
7109,6.552871084486352
7110,4.103960991664428
7111,5.554060158625862
7112,4.110498035756923
7113,6.565170075201332
7114,6.050062168545738
7115,8.249902110279633
7116,8.669584590357303
7117,4.89784722672864
7118,6.246579881624504
7119,7.721618700537947
7120,4.741926749793307
7121,5.356522510547913
7122,4.86056969978842
7123,4.647059034734989
7124,3.7874384172679596
7125,5.26732070213047
7126,7.807374667489948
7127,5.250411468542864
7128,7.071788177688788
7129,6.650332948994494
7130,7.310128245267265
7131,7.115544189804533
7132,6.532013580411705
7133,7.341911352010186
7134,7.328382194024446
7135,6.468324856338516
7136,4.2864695512513595
7137,6.050718280360959
7138,4.958599563022007
7139,4.4829789728525204
7140,4.0209550638705736
7141,9.591437040406106
7142,5.3575882008003335
7143,5.164182533052366
7144,3.183849959037519
7145,5.420394135568426
7146,4.684711814536569
7147,7.9925950596574395
7148,5.527131033512969
7149,7.258962759836695
7150,5.730082206505667
7151,7.8206344119719535
7152,6.273562320927983
7153,1.7420918481251517
7154,9.141727082433734
7155,6.841354852586694
7156,2.0004482026289505
7157,4.644321079906919
7158,4.127429621135079
7159,5.619271907417458
7160,5.281305767185966
7161,6.742762701577465
7162,6.062526421864364
7163,6.370351184406296
7164,8.54157589660909
7165,8.649016576545614
7166,3.379118897868345
7167,6.39355483222549
7168,4.3896508873373925
7169,5.278928449779039
7170,6.611536532742663
7171,4.488585725313873
7172,6.256638510421161
7173,7.8411017494130295
7174,9.041756479156065
7175,4.212137259329929
7176,7.5374622238246225
7177,3.7043600317751624
7178,8.40414053716081
7179,6.519131956293223
7180,4.760381479408661
7181,6.458052348457805
7182,5.741475037332499
7183,7.592310305702583
7184,2.0506200759902153
7185,6.287960814120234
7186,7.318006335005029
7187,5.209172602094131
7188,2.5437404112036006
7189,5.896538918967504
7190,5.121631289144572
7191,3.065626288491915
7192,8.623565040497098
7193,8.294537376942387
7194,3.4918690843634352
7195,7.482655890932522
7196,5.878161360532799
7197,6.767390586906153
7198,6.0769882467606
7199,7.740377259559951
7200,7.288954452334082
7201,5.556199359717351
7202,6.465309284895582
7203,6.236993877975173
7204,6.1693314817698415
7205,3.1445354908395746
7206,6.7665076208196435
7207,5.936494485553718
7208,6.294588787276326
7209,5.947229660400743
7210,6.890888059916126
7211,5.766648557311367
7212,5.253194980485971
7213,5.691931888956843
7214,5.930439777965191
7215,5.203196772265634
7216,4.214931957158386
7217,7.319500908269149
7218,5.564472305873311
7219,7.931152907749759
7220,4.0002367547915485
7221,7.368584864731131
7222,4.5192997770496
7223,6.6856777578310975
7224,6.049026692703954
7225,7.17828787334942
7226,6.688011385823346
7227,5.993811161996543
7228,3.799846341570586
7229,8.483692719509989
7230,6.257279372895445
7231,2.963517847036057
7232,7.465286575670492
7233,8.29057047111026
7234,2.69694407033247
7235,5.367659620882235
7236,8.010059974487685
7237,5.981236718081057
7238,8.576369341965481
7239,5.85426476129197
7240,3.5884126535244905
7241,4.02905400185813
7242,8.338158343232882
7243,8.996052366474132
7244,3.1700057128908883
7245,3.9551829235038296
7246,3.486549095502058
7247,4.139009420953048
7248,3.7702504309557363
7249,5.778856549972026
7250,7.352992195952511
7251,6.083067366359922
7252,5.100602235384285
7253,7.549754735355931
7254,7.819003658222398
7255,4.164348590729328
7256,6.937882074436913
7257,4.430749029953743
7258,2.907780585437507
7259,5.893571318424965
7260,9.61241201870226
7261,5.722438792637453
7262,5.7898763109654565
7263,4.619023994128009
7264,3.0324067860874853
7265,7.966110824843611
7266,4.316201417253846
7267,2.978875587273224
7268,6.287304095185398
7269,4.84828428652594
7270,7.059794932476411
7271,4.073278491574062
7272,7.2849596767736085
7273,6.601617731079908
7274,5.104955530528722
7275,6.659763688586446
7276,5.964230402706657
7277,5.290318181187604
7278,5.93204266376096
7279,6.368508876520503
7280,6.5319643866762185
7281,8.890796611264756
7282,6.049860802811491
7283,5.447877409741577
7284,8.585618396425973
7285,7.437019206122235
7286,2.9231709704395326
7287,4.7575594106377705
7288,5.875281133940482
7289,5.038974365100321
7290,6.755577920475121
7291,3.55764935795741
7292,5.509352870001879
7293,4.445042378094572
7294,5.17845800011771
7295,9.595795858215002
7296,8.06068480488446
7297,6.831911393098869
7298,5.4616401929743
7299,7.3336429419406315
7300,4.538268023349183
7301,6.9716357738626265
7302,5.421960062767804
7303,5.112127187581727
7304,8.297010163183437
7305,5.7881939676856575
7306,5.221562850235751
7307,7.054731612170068
7308,4.800610516819589
7309,7.813947879587728
7310,1.8923508504176403
7311,7.113635355200174
7312,7.800474508400285
7313,6.4039176762008765
7314,5.694498397645324
7315,5.797261356944112
7316,4.369755871800001
7317,7.62760639651122
7318,2.6022040231992043
7319,7.337452467778418
7320,3.8683157823886694
7321,4.66405212590807
7322,5.707392828053014
7323,5.917222647713528
7324,4.715291441916467
7325,6.565509697156443
7326,5.930589266198406
7327,4.096478269066423
7328,7.082548840751821
7329,3.2689807210033175
7330,8.115430587846996
7331,3.981436216351166
7332,7.4156059962343654
7333,7.80316568695699
7334,5.797612538907904
7335,5.985721504863226
7336,6.09117847423342
7337,4.0990887566390235
7338,4.5880884121064796
7339,4.793991227719634
7340,5.49604503637606
7341,4.411341035613676
7342,4.727472335556394
7343,7.8283475829833495
7344,6.058338810754135
7345,3.3421486691393167
7346,7.313362814155031
7347,8.191972026260402
7348,7.388755026418506
7349,6.520819140033431
7350,4.581178358353693
7351,5.3460649336444845
7352,6.302026183021292
7353,5.326778599917097
7354,7.009416326539359
7355,7.798667132554513
7356,5.438453226904594
7357,8.855027259793744
7358,6.682732516461726
7359,5.972196755208222
7360,8.065581904826589
7361,9.171978377703178
7362,7.282204495468299
7363,3.6067459107558113
7364,6.54210113752626
7365,6.358281363018283
7366,6.26151768201112
7367,6.001978450468164
7368,3.6997731927408797
7369,8.364745749949016
7370,6.2252938750019355
7371,8.880976166216344
7372,6.342785074423071
7373,8.590329070739966
7374,6.578208472602236
7375,3.996662398375077
7376,5.390974512353337
7377,5.629519589657772
7378,2.8859550886221386
7379,9.258662983898507
7380,6.8201182111486744
7381,6.045162521846171
7382,7.826332654455365
7383,3.2646308019465446
7384,8.12445013725153
7385,4.7262364515758195
7386,6.054126433677478
7387,6.70389039210488
7388,5.669603431484148
7389,4.772252781470851
7390,6.3800631324221735
7391,7.124300938787513
7392,5.957107022267126
7393,9.354493531287863
7394,7.667848658041224
7395,3.2734638695298166
7396,5.9249883051725005
7397,7.842546527931444
7398,2.143970050210864
7399,4.372029792203146
7400,7.995062036618869
7401,4.170765900349438
7402,3.1940709152648994
7403,9.35099264533136
7404,6.25025516720088
7405,5.259885543330494
7406,7.646098890270812
7407,7.689674569204998
7408,7.642544302053761
7409,8.461050728301318
7410,7.415241690189147
7411,8.012859125561514
7412,3.3565334270918976
7413,4.8981644655078185
7414,4.863169721065878
7415,6.208233364175676
7416,5.544241442324267
7417,7.080397027982059
7418,3.9997343339843052
7419,6.351486678411807
7420,5.153599782070295
7421,3.451826295983099
7422,5.863839764689368
7423,8.493079441524868
7424,9.443439831541117
7425,3.080343806222497
7426,5.231247276725591
7427,5.673287240344405
7428,3.871542670695979
7429,3.479145961333498
7430,2.0799845437010034
7431,6.009050174378225
7432,6.371195638461643
7433,5.145598913094187
7434,4.334457678274839
7435,4.998841747248908
7436,7.690662802870118
7437,8.954917374687536
7438,4.857807329088654
7439,6.20409022066327
7440,8.249181505420065
7441,6.308566922623738
7442,3.9918769927563975
7443,8.595627544502442
7444,6.023354256453764
7445,7.790019690677861
7446,4.166636541072031
7447,8.166381633356652
7448,4.997296031851402
7449,5.4504872184681705
7450,8.576679424554234
7451,6.23127030734851
7452,6.239786324094956
7453,4.127725600038634
7454,6.677084941666273
7455,3.946046781797362
7456,6.817414577732935
7457,7.077543598479527
7458,5.569669042933308
7459,3.5746276308975755
7460,7.605521969868944
7461,8.207408584567064
7462,3.247209309760067
7463,7.925458987675132
7464,6.028070084075239
7465,8.651386270317452
7466,6.779592594200208
7467,8.924832517042578
7468,6.620221194860374
7469,4.071033838497188
7470,6.373336441530098
7471,6.315986544117822
7472,3.3773289839684875
7473,6.041413936550661
7474,5.182243219744428
7475,3.1525575922193827
7476,4.8104370929186135
7477,2.3000066556083074
7478,6.4741443770487965
7479,4.847746365726088
7480,8.995940843793983
7481,6.840966706719552
7482,4.653220761845424
7483,7.668419909174626
7484,8.154591473672529
7485,5.009670277173238
7486,8.752861414067125
7487,4.856240378736939
7488,5.389358716423478
7489,5.37055904006902
7490,5.424009742839538
7491,4.27212338956476
7492,4.538349007193936
7493,8.39846428655691
7494,6.107366698455246
7495,6.955286294863992
7496,7.206757922986311
7497,6.504991616041929
7498,6.474239901571993
7499,9.373291950651312
7500,5.516153690363479
7501,6.1222009849512204
7502,8.133582200716885
7503,4.623098871252029
7504,7.173768142404514
7505,6.121359487255482
7506,6.258137431539991
7507,8.715172137232916
7508,5.236329679132772
7509,0.9620693292368823
7510,8.912647299696358
7511,5.277486932344056
7512,5.493295739530958
7513,5.625489138967694
7514,8.055178765262836
7515,4.754585034801868
7516,7.385591596196518
7517,2.706948301989905
7518,5.31385769220522
7519,2.810394381537628
7520,4.554091907369449
7521,9.217941748710395
7522,5.634725252225278
7523,3.417988652836783
7524,8.041630914667088
7525,6.453496599586235
7526,7.531883459698319
7527,5.874555129740814
7528,3.4521685161414006
7529,7.502217862847466
7530,5.676180280067197
7531,5.518103971878594
7532,9.428464833931034
7533,6.835978602929494
7534,6.842865947417513
7535,5.381788991467113
7536,7.770220456651867
7537,7.797322965773461
7538,6.492332766308271
7539,5.962119136235734
7540,6.094782875448065
7541,3.9605814672667634
7542,7.78857375896939
7543,5.396663593013255
7544,2.5615567057569764
7545,5.108540196310495
7546,5.44026661691588
7547,4.271761936987615
7548,7.2455534782104
7549,8.118446139901408
7550,4.833986895238716
7551,8.044926342173797
7552,6.170744116519254
7553,6.6457160515454134
7554,8.947801603843441
7555,6.646896066447757
7556,6.047249079443598
7557,8.068031141499203
7558,4.301447080010963
7559,2.7814036855400817
7560,2.505204350263489
7561,6.113418418162855
7562,4.6780086261192215
7563,7.515531300270131
7564,6.568274241371483
7565,8.598313036369062
7566,5.528923315730439
7567,7.048403614934703
7568,7.424853285788782
7569,5.865223183197175
7570,3.2272445441299413
7571,6.650183775934832
7572,7.299659641675934
7573,9.800453237438438
7574,5.795095824314091
7575,7.57245999453087
7576,5.145759040235406
7577,6.8845766650646425
7578,6.199634602208709
7579,7.9689401893907
7580,4.03940106913832
7581,6.991384561601512
7582,1.9115695462319766
7583,5.961009548819052
7584,4.190374955806939
7585,6.276851147453926
7586,3.9644833257640206
7587,6.304218347977121
7588,4.569525425644985
7589,8.207828733515225
7590,2.008760866096995
7591,3.329973526548881
7592,6.081069121125367
7593,6.7215256001240835
7594,3.7690538896800936
7595,6.454825442034302
7596,3.358817133451839
7597,6.482305411158086
7598,6.046269596538737
7599,4.104460746579252
7600,7.466914160615577
7601,8.979306548878007
7602,0.9785134696597207
7603,3.9326898452377286
7604,3.656155784377397
7605,5.415414962542505
7606,6.385624659514088
7607,8.300125211391391
7608,8.869710095816483
7609,7.8370843051225565
7610,4.874501564649682
7611,5.143429507026303
7612,6.624580695626831
7613,7.827460070803255
7614,7.001082171673966
7615,7.933278516975358
7616,6.420348456891482
7617,7.176946625021266
7618,5.676525950088508
7619,3.6423251906874374
7620,3.8608480500004587
7621,8.025414089221591
7622,3.809143719480613
7623,7.453051772002921
7624,6.758702010190435
7625,5.540898923687657
7626,1.1651913794550333
7627,5.464665850585251
7628,5.659039447781162
7629,4.131112452248119
7630,2.9542821936342123
7631,6.263872915031245
7632,8.326315348424467
7633,6.9743370924623935
7634,1.544730175780818
7635,4.877692559364627
7636,7.6695186372537805
7637,2.3454862289783263
7638,6.741907037408601
7639,7.670539170622453
7640,8.362834242098462
7641,6.616843664903236
7642,8.878152984451116
7643,5.636275703742393
7644,5.698870904168705
7645,6.6220061372076024
7646,5.252476504211158
7647,4.595311329855633
7648,3.306361500688557
7649,3.828458888559942
7650,6.610747332449545
7651,5.539599820091904
7652,5.8497291468165145
7653,3.0219310709608505
7654,6.02716653531245
7655,7.461713630037155
7656,9.555048432401316
7657,7.247192618138192
7658,4.651616190827578
7659,1.2458371982612646
7660,3.839072381640399
7661,4.10974220925675
7662,6.93392128792506
7663,2.7162812298318237
7664,7.691993450546608
7665,6.431706250630217
7666,6.119874116207905
7667,5.052070521393603
7668,4.918031004972326
7669,6.856978465403975
7670,8.574083585551383
7671,5.887525770663173
7672,6.114221458992834
7673,4.859782227908937
7674,5.000979195245165
7675,9.006547597561351
7676,3.210549419655936
7677,5.2682594961509075
7678,8.740514611688758
7679,8.050000605245673
7680,7.640368883306239
7681,5.5182445301061644
7682,4.070138551895687
7683,5.419520861397679
7684,4.95798996914821
7685,9.64178741124147
7686,6.566653939680197
7687,8.816605038531145
7688,4.014323089894624
7689,2.936922410188135
7690,6.564261213151054
7691,3.523496630584126
7692,8.696440910507485
7693,7.863920554732954
7694,5.079691431923098
7695,4.626404817299363
7696,8.644417702646017
7697,3.4217883455797597
7698,4.950398314497445
7699,6.895250283545504
7700,7.378270647453739
7701,5.1048983027988175
7702,3.40786752048353
7703,5.4206088784407145
7704,5.121945657338082
7705,4.134940439321772
7706,2.2254209169446684
7707,7.192956665135197
7708,6.2768301336253405
7709,7.619173336807281
7710,7.09774905649185
7711,7.850915621873433
7712,8.018119304011297
7713,5.097765857325847
7714,9.413798759268245
7715,5.628211029432697
7716,6.862982872407871
7717,7.135912004466442
7718,8.156904609738419
7719,6.382473147525945
7720,8.763537396494538
7721,3.494656601110308
7722,3.674135690243104
7723,3.735515061491415
7724,6.286654672042925
7725,5.513039395206505
7726,4.931069441613171
7727,6.987917515011213
7728,5.796827356719768
7729,2.8881762830645634
7730,5.996166987519526
7731,3.5066552095667864
7732,7.651882711116226
7733,5.699015346268174
7734,5.805310418983513
7735,8.412894750206968
7736,7.02003235610238
7737,5.2447699944333275
7738,6.401557694035411
7739,4.253707440154349
7740,6.620215738440093
7741,5.603986375053361
7742,4.8203948448788605
7743,5.171181271465628
7744,3.377245401831223
7745,9.434174204492496
7746,6.219491238039011
7747,6.198724077740882
7748,6.074613381794718
7749,6.528773377355007
7750,4.006544185976402
7751,6.737394239365708
7752,8.17832929133644
7753,5.707994810223943
7754,4.950880963467661
7755,8.539004865820084
7756,8.220779463880636
7757,7.641427747023123
7758,6.422469571618458
7759,8.86333262549241
7760,7.009145135028971
7761,7.632682577758205
7762,5.0915592462107595
7763,6.443141530678103
7764,7.202918117349546
7765,5.058790400725861
7766,6.838029001550405
7767,4.68952838463131
7768,4.922114860466452
7769,3.520324910095888
7770,9.00585515751114
7771,2.658354032649306
7772,5.485256784461864
7773,4.866681023066923
7774,5.339251599388285
7775,7.588705384251989
7776,6.236977569263809
7777,7.284871079478096
7778,8.166705425182293
7779,4.698333946126011
7780,6.5507588355536335
7781,5.506114519495832
7782,2.6330655910585126
7783,6.281564425422038
7784,8.419503106089415
7785,2.435446688609476
7786,1.9871687237941322
7787,3.031081561718411
7788,8.57852497260956
7789,1.7593806456274015
7790,6.465759027962585
7791,3.8991464398837152
7792,7.523787105224787
7793,8.184105356676248
7794,6.263784508629757
7795,6.855577732474565
7796,6.824610218782196
7797,6.127861315191426
7798,8.031000457638372
7799,4.937620372689517
7800,3.7428835332481727
7801,3.038397442032947
7802,3.0806541099398714
7803,4.728380839985242
7804,5.341222233712527
7805,7.615895289942868
7806,7.523853082235378
7807,4.680567742230027
7808,6.261310407970501
7809,7.843208125443786
7810,5.640002312774338
7811,4.666354988452992
7812,5.219179975315191
7813,6.406576171712306
7814,3.914145443170292
7815,4.120059604796269
7816,6.8719403834248896
7817,3.3313412169135983
7818,3.440246469736911
7819,6.205515413838636
7820,5.618180120860276
7821,6.838842677018006
7822,6.605489447319311
7823,7.394641056229668
7824,6.586512878320834
7825,6.251855824563193
7826,5.744702699779801
7827,4.172890792473835
7828,7.894070279126755
7829,7.470949295087278
7830,7.012910738736792
7831,7.201692251858806
7832,2.8973149621389345
7833,7.777985468107109
7834,7.9565103211126065
7835,3.7833868947433436
7836,7.547133838359548
7837,5.7438531682390535
7838,5.218313006867447
7839,5.1187422888541
7840,8.622789044486812
7841,8.383697928290236
7842,7.832433643913198
7843,7.416327251824001
7844,5.075202517061772
7845,5.701093705884151
7846,5.635559501151839
7847,9.105819832589548
7848,4.373350889050082
7849,2.3916984299870627
7850,3.9284193024373684
7851,4.283796503642185
7852,7.85537607149096
7853,5.680776746014063
7854,4.408327815942853
7855,8.328353433149369
7856,6.573117972385271
7857,9.679830590854596
7858,7.073305154535349
7859,9.807736948471735
7860,6.803143776438718
7861,9.685066227010504
7862,5.046688238371618
7863,5.343461247742864
7864,7.762920164880461
7865,9.116269356009099
7866,6.615478819455903
7867,9.737350328250493
7868,4.878990577938592
7869,7.592902426854818
7870,8.727072499873803
7871,2.0619094188131877
7872,6.380406391714622
7873,8.287227688633116
7874,6.991723296896832
7875,3.8971022407639957
7876,3.955391186785329
7877,5.6527778496838055
7878,4.62867551194859
7879,2.193686584696457
7880,4.091541263529292
7881,5.826487969647857
7882,7.758826272919676
7883,4.571185453962255
7884,4.014509465763336
7885,6.871247675825279
7886,4.805546872050634
7887,6.360001785516294
7888,7.433778122438064
7889,8.588400231973687
7890,4.051740131840981
7891,6.0717095936919385
7892,6.344242851920962
7893,2.386441500125237
7894,7.327430069933541
7895,3.6928636060462043
7896,3.734476952688323
7897,8.375077973468715
7898,3.3273041852882397
7899,7.548956365262738
7900,3.97023491177072
7901,7.31107719115228
7902,4.086252533771869
7903,4.517072521921434
7904,6.32649040522581
7905,5.089361288340353
7906,8.034166888056252
7907,3.970268177191912
7908,7.608192250346583
7909,8.014029654825643
7910,7.2266043951451255
7911,7.148725608642014
7912,6.004808583100406
7913,4.247918032335092
7914,3.861894113737199
7915,5.2183460168639835
7916,6.683406442196846
7917,6.791287895541628
7918,4.37976842272745
7919,7.404816767824939
7920,9.332994930047462
7921,6.26991368945853
7922,4.938312128087536
7923,6.561677377003493
7924,8.341092464428508
7925,4.221497280404561
7926,6.295177896673348
7927,5.565127170823893
7928,4.666492831318262
7929,8.702483787635366
7930,8.082926580126387
7931,7.593909805923795
7932,5.537043816125568
7933,5.479597821967244
7934,7.945153414095566
7935,8.39865941355845
7936,5.370995313478353
7937,3.410049818193551
7938,6.077996292786134
7939,8.219925456738718
7940,3.62861154948909
7941,3.8048483994207247
7942,4.11619158497074
7943,6.220395813882317
7944,6.165001481376104
7945,5.700675328947927
7946,4.573649798712285
7947,5.206501289620432
7948,7.382976615399212
7949,5.797440321023744
7950,6.60216245150294
7951,6.751458834481456
7952,7.598045670518024
7953,5.934537737981776
7954,3.699764057821456
7955,5.315458591113594
7956,6.644746843175933
7957,2.971713264310626
7958,3.2492622479485638
7959,4.686780387653647
7960,6.310821768999604
7961,5.675567324032439
7962,7.133123586284689
7963,7.045296306698608
7964,6.16332001443279
7965,6.241238438809326
7966,7.2147397054916045
7967,4.492602034598351
7968,6.420115213540961
7969,7.300746834947225
7970,7.401008237392755
7971,6.431675481550327
7972,5.640303403732024
7973,7.750026621608198
7974,5.902865749385603
7975,7.07337381978372
7976,6.387236690001149
7977,8.100752001171704
7978,0.79289140468102
7979,5.699148095071379
7980,7.710185429984339
7981,6.333268870020154
7982,3.345243740799199
7983,5.571729641396131
7984,5.821757489132174
7985,5.470907788219114
7986,6.953629793093022
7987,4.274619017952899
7988,9.800533455384233
7989,7.331259753444179
7990,7.882557210762201
7991,0.7596197792942723
7992,2.897135879829499
7993,6.699289038971099
7994,4.254931483431129
7995,2.951289270250319
7996,5.966843691597367
7997,8.045804093128448
7998,2.202391512621898
7999,6.607622368494095
8000,5.6514059326304835
8001,6.901567348303763
8002,3.518332840926794
8003,8.26850314576955
8004,4.7742158577250775
8005,7.855928977227087
8006,6.251099497560624
8007,8.806130901995735
8008,5.574067509969108
8009,5.56914762578235
8010,6.499259672701713
8011,4.746086063150489
8012,6.588032231605018
8013,2.3677101106759117
8014,5.334948858727075
8015,5.22204658471572
8016,6.1565087396724
8017,3.934303523837432
8018,4.420839914463911
8019,5.867212749802489
8020,4.426886991940149
8021,2.7651731331303187
8022,5.540090636536389
8023,2.6175521864405233
8024,5.811161076821705
8025,6.474100001304343
8026,8.803984935363095
8027,8.792470127461543
8028,5.535212503139651
8029,6.637751030165951
8030,3.138545156679843
8031,4.826670928271823
8032,4.383819155658983
8033,8.676999421352942
8034,4.241022640288891
8035,5.155646607707114
8036,2.218058327764997
8037,5.234725927798179
8038,6.848132769865522
8039,7.627160585124859
8040,6.285424448822337
8041,6.031712731787248
8042,8.073209434118201
8043,3.2340111977928494
8044,5.84363753090248
8045,5.870855223276111
8046,7.937684012278012
8047,3.544853118081059
8048,7.374570865955453
8049,3.402126013341671
8050,7.3251160551852115
8051,6.797537188792416
8052,9.056948834160792
8053,10.0
8054,6.874491213671369
8055,7.783945462739187
8056,5.39428212264441
8057,7.027245686486592
8058,2.6636738746248816
8059,8.113454878210995
8060,5.260530150548095
8061,9.021990145234449
8062,4.801472703878998
8063,8.180959549170048
8064,8.961737888041585
8065,6.522125554394643
8066,5.947554759334676
8067,4.3599761703538125
8068,2.954485925684919
8069,4.775093798635454
8070,5.072342273878271
8071,7.888928016197985
8072,5.327988880216585
8073,9.350529545085687
8074,7.754611227470079
8075,7.1540191262661725
8076,4.901421202047158
8077,3.788799035258231
8078,5.3943075132956935
8079,9.673099642644884
8080,8.6813489629699
8081,7.898909483990063
8082,2.674062823722517
8083,6.4964907203621625
8084,7.769986778876201
8085,8.609593277296034
8086,6.042180065890035
8087,4.822048108243482
8088,7.257032364647539
8089,5.555631091640972
8090,5.01384681522476
8091,5.767298640222371
8092,4.3965046531680425
8093,3.627055390724866
8094,5.757379250915232
8095,6.932892437477461
8096,2.9356540790334638
8097,9.128499414916922
8098,6.134237218000914
8099,7.105141564703924
8100,5.571501502374421
8101,8.041799284279707
8102,6.372072738515211
8103,8.790240009713216
8104,4.364462459923251
8105,4.624547266594749
8106,1.366943421723262
8107,4.67625464318627
8108,5.353358660548901
8109,4.676966175483502
8110,5.091709580846582
8111,5.0955336269996625
8112,8.561772282351516
8113,5.8500667763912455
8114,2.838469212593589
8115,5.928997030210006
8116,8.1656060093252
8117,6.48781230965822
8118,6.642659605131806
8119,5.653706584167018
8120,5.228328321149775
8121,2.4470997446580176
8122,5.801997454315483
8123,5.631974821303529
8124,5.736223402696493
8125,7.166041013165139
8126,7.747095353239652
8127,3.425340524311727
8128,8.981193363457976
8129,9.314000896524478
8130,4.289805945933794
8131,7.488647387641354
8132,8.847946653465694
8133,6.478373877906275
8134,7.2347862080607825
8135,4.162479522124879
8136,5.979378273886931
8137,4.81169036128704
8138,8.200764142727092
8139,7.575714856540931
8140,2.867274330385507
8141,2.610963118956357
8142,8.781228755470796
8143,2.8384319967939793
8144,5.960292289614354
8145,7.077346793991136
8146,4.43074369829766
8147,9.344072056222583
8148,4.8295599140548005
8149,4.9180508257708775
8150,8.7116093074346
8151,4.409733934060638
8152,4.030318221654073
8153,4.293854951798449
8154,4.607306181486048
8155,8.55823467695262
8156,4.594152671992765
8157,4.309402697055016
8158,4.744580917868916
8159,8.735334579176792
8160,1.8754958271797952
8161,6.558477166147644
8162,9.156344876604825
8163,6.493300560485501
8164,7.635555791779959
8165,4.750295028088006
8166,4.939494497473738
8167,5.895738870707291
8168,4.422841177121087
8169,3.2221633797669913
8170,6.599086368580674
8171,6.171832061480618
8172,7.4850649562422715
8173,4.522035118308676
8174,6.542611308166222
8175,5.459702682200376
8176,6.8381017807147835
8177,5.619109559825352
8178,1.8149668082476826
8179,5.924800754860476
8180,5.08439982761824
8181,4.595189739270943
8182,6.8704418026613014
8183,3.7605102070743137
8184,7.873106877681294
8185,6.806444956193531
8186,7.582016078378675
8187,6.076134013388186
8188,8.301507736845451
8189,6.917516204644505
8190,8.61765923202243
8191,7.942580550633743
8192,8.798999707959114
8193,4.473009577097167
8194,7.0767706904434196
8195,7.09822085569897
8196,4.248830689300058
8197,3.438536159019816
8198,7.09684571562973
8199,0.4207141491658206
8200,5.226749666653018
8201,7.296314798809712
8202,4.088178364109799
8203,4.357048649337892
8204,5.591383196410142
8205,9.01522035507125
8206,4.6125242299984075
8207,8.136059126428004
8208,4.364543359290311
8209,4.821162133677131
8210,5.287618893053988
8211,6.831328469028881
8212,4.549866254541007
8213,5.3532290542363405
8214,6.198215125395076
8215,6.28291796833566
8216,2.7927335990469855
8217,5.743445779023302
8218,2.709394752328123
8219,7.081429460279521
8220,9.054173468077149
8221,4.24035068287567
8222,4.415425363670755
8223,7.97578691511897
8224,3.891076503885083
8225,7.208371430060562
8226,7.13696769503262
8227,5.0422673448073265
8228,5.04337394150881
8229,4.02664620057875
8230,8.844038313507324
8231,7.523484418799386
8232,2.2124846247875234
8233,5.226691565866695
8234,8.256771778251132
8235,5.213561445553736
8236,9.24463285808558
8237,6.769435109417389
8238,4.239645531930267
8239,9.868882992897781
8240,6.34731421828919
8241,4.900136715110087
8242,3.3375777344122057
8243,6.834613369965823
8244,3.4001601624067614
8245,5.620084362956841
8246,3.3934407246508806
8247,7.538025705661461
8248,3.6075481402429315
8249,4.663100307243055
8250,6.854715146130622
8251,6.311651953427072
8252,6.298731234266401
8253,7.00149456119126
8254,4.982477879935427
8255,5.753645722630385
8256,5.082823414524938
8257,1.9007695989426703
8258,4.533086331604067
8259,3.900204542263568
8260,4.424084652105431
8261,3.609934575985209
8262,7.147970809865823
8263,3.5149928437060396
8264,7.6759573219381245
8265,4.775834499392124
8266,6.423099574575156
8267,7.730031919363005
8268,6.177129531762242
8269,3.220257228368909
8270,4.666423462701184
8271,6.5122790353788895
8272,4.030965565654081
8273,7.909509229769203
8274,7.360621312803158
8275,9.934083287001954
8276,4.906925007432736
8277,5.527862435487586
8278,4.164100917187639
8279,4.0493380821757405
8280,7.407718210741491
8281,8.26972204436363
8282,6.884271591105405
8283,4.634354499841123
8284,3.7297296558973057
8285,8.374996917303548
8286,7.80349624999096
8287,4.631845028516618
8288,7.952302790876139
8289,4.918567413855963
8290,6.374305178580096
8291,5.124823614008629
8292,8.781622898189845
8293,7.132980632097976
8294,6.148306517948429
8295,5.482381393892501
8296,2.8177437160112273
8297,7.5114442163247235
8298,4.130593158593851
8299,9.51432774553044
8300,1.4103871574641769
8301,8.176943489791821
8302,4.326047242956578
8303,2.904323738777001
8304,5.632942008277566
8305,4.495705373451748
8306,2.306406965835815
8307,7.672193336464095
8308,6.963698937952519
8309,5.914418715047949
8310,6.359010950943547
8311,7.410519202375115
8312,7.614423545712919
8313,5.376338873670839
8314,6.672088964831882
8315,2.640294399393871
8316,7.089097733843019
8317,6.667652459311384
8318,8.55825090620072
8319,4.156951699779151
8320,4.936181230690141
8321,5.2788429675953905
8322,7.440421499992976
8323,6.1639297083218505
8324,4.12955081586992
8325,4.629851701548672
8326,5.218616430546881
8327,7.8827896437309
8328,7.511622244686787
8329,7.793397641416837
8330,7.7557673086379335
8331,5.845447019969015
8332,3.0969451282516576
8333,6.324325563664278
8334,4.341355495801503
8335,5.907988050506654
8336,7.057694707550979
8337,4.394755808873732
8338,2.1669667061576066
8339,8.022747545826022
8340,5.183118227861697
8341,8.768517753639564
8342,1.8303248709087647
8343,8.621237848354706
8344,6.4878327542781165
8345,7.42520635768125
8346,7.215654092506929
8347,7.117204181901837
8348,7.851386265976812
8349,4.899464296847926
8350,5.245738120232381
8351,6.5168519803330565
8352,8.159403695668832
8353,0.8820704588543083
8354,9.623330449028018
8355,5.753245844220094
8356,6.882367987937593
8357,1.8252854910528038
8358,7.150676264468286
8359,9.177418473242522
8360,4.4958259146108475
8361,6.443846850815516
8362,9.82893299270845
8363,6.932349699509078
8364,4.776952844241292
8365,7.865031265041195
8366,8.95636178072316
8367,3.327377060980239
8368,6.95334019889536
8369,5.581803010926376
8370,3.124716306299919
8371,5.508967319878954
8372,6.059636462340212
8373,5.161754103261908
8374,2.478007277970916
8375,7.349714958193579
8376,7.86801830097057
8377,8.268700289313218
8378,4.184350528032029
8379,6.5124980634698
8380,2.424581318434531
8381,1.8850940993639935
8382,5.485605966553289
8383,7.455319266485368
8384,8.014151924627207
8385,3.8101309215644683
8386,8.201894503093733
8387,5.150309663318204
8388,7.967165475650268
8389,7.170244320042788
8390,9.264465095259284
8391,9.52013081422248
8392,6.479598316321235
8393,3.8970576418767156
8394,7.682710102999181
8395,5.7213196690223125
8396,6.085065568863486
8397,6.0668756871168785
8398,6.563265901055248
8399,6.043628743605847
8400,6.544165513589441
8401,8.902291721331427
8402,6.059294007626399
8403,7.289958677654397
8404,6.714710426461256
8405,3.6730394336377623
8406,4.874776496166307
8407,5.944508190205957
8408,7.666856994785977
8409,7.723190718729932
8410,5.387707907766012
8411,6.449351427310189
8412,6.814804446898094
8413,6.133459642361866
8414,4.252941309422461
8415,8.57462802938507
8416,7.552770274452715
8417,3.9439355759822323
8418,5.4514479368451125
8419,6.384425882226237
8420,2.7595109672666664
8421,1.2462297622773195
8422,5.987636459120928
8423,6.1883023847896474
8424,4.664170841997683
8425,4.456505142529584
8426,7.032606421066372
8427,5.260814751251706
8428,8.698288521911657
8429,1.5662505790609145
8430,6.178128509530842
8431,3.959063407079868
8432,6.494903990203969
8433,7.874313759856082
8434,7.948281181543144
8435,5.410751162250806
8436,5.093722904438074
8437,3.9082218573302563
8438,8.164730252922993
8439,7.179815593245838
8440,3.223157128972029
8441,3.3469113256814342
8442,8.579029254746716
8443,9.880141174400617
8444,8.155364252972342
8445,8.422197420951633
8446,7.977135663694107
8447,7.233148315251767
8448,2.6270549825670084
8449,3.7112995191573592
8450,3.2387171301192694
8451,6.441376710674364
8452,6.679173482566526
8453,2.477068195742712
8454,3.038878684309163
8455,8.389066770474166
8456,6.267106228510271
8457,8.769634325812234
8458,2.604320522118407
8459,7.535672304462435
8460,8.64842761622111
8461,5.894364449903829
8462,6.028658513710324
8463,7.741434357927362
8464,2.4625183578281256
8465,7.371782530190266
8466,4.127427427911352
8467,2.996278960343214
8468,7.65601124380634
8469,5.867732986401057
8470,4.61755485901647
8471,8.193027123854694
8472,4.176996989445345
8473,4.95123719701405
8474,4.536489328179071
8475,6.242983386260167
8476,6.49714794503385
8477,7.864449808230358
8478,7.0401957399773725
8479,5.802488502394811
8480,4.449670507824983
8481,6.7544530266289735
8482,6.438089673096417
8483,6.175435866793755
8484,6.051262681744022
8485,6.201756610046123
8486,9.261690400743628
8487,4.280633351512829
8488,4.004524076834226
8489,6.528215608802096
8490,5.00131342617237
8491,4.638370986732425
8492,6.260444830871729
8493,6.441526063163279
8494,6.888499999272071
8495,6.583538138458312
8496,3.326307074117462
8497,6.942345836651752
8498,7.196725692943653
8499,6.224732284755776
8500,6.2667926043588285
8501,1.6944623791521365
8502,4.706707934186291
8503,2.706581273868311
8504,7.308447194594411
8505,6.80475572828896
8506,5.80227420049746
8507,7.202995125164226
8508,6.834703116930713
8509,9.316095221140376
8510,8.530470479262314
8511,6.895920513442894
8512,4.758154120807967
8513,6.867387438303718
8514,7.290446559890608
8515,7.124813338192805
8516,6.925507787629806
8517,6.59974774705918
8518,4.982162960182482
8519,6.1452238574202385
8520,3.311124123821231
8521,9.627104226338822
8522,3.8000168377442076
8523,7.78313753784624
8524,4.573904687269305
8525,7.761259162144436
8526,7.853013658232786
8527,7.3658268681168515
8528,5.808358253986732
8529,5.258073946858645
8530,5.758041109304364
8531,3.4754961518998213
8532,7.748661642233955
8533,8.901828473937185
8534,3.9527030657933118
8535,6.208332550368459
8536,2.7483813247697
8537,7.958858940179706
8538,9.748305145872486
8539,6.265218254480409
8540,6.825152425733976
8541,5.413710561916806
8542,1.630730039724794
8543,3.444647302739944
8544,8.446107164110497
8545,7.533235357804877
8546,4.105962034764088
8547,7.229322982908393
8548,5.546243675256165
8549,7.512482872545851
8550,6.834203908246899
8551,7.680480869352287
8552,7.44588749877955
8553,5.750625547408248
8554,2.4690917037641764
8555,8.129533061584869
8556,7.067408866883958
8557,6.079479647403227
8558,4.945466900475375
8559,6.317123564032025
8560,4.0196230180094545
8561,6.018720855692139
8562,7.6336135136021035
8563,8.848652055083164
8564,7.365796923021177
8565,4.801719571050878
8566,6.760797486286035
8567,7.6795826386531285
8568,7.099491442822085
8569,8.273188192656535
8570,9.80796367376368
8571,3.2293616928765463
8572,5.048902987001956
8573,7.324130819974436
8574,5.067472733283859
8575,1.856595095223204
8576,5.995278253680123
8577,7.363326881023935
8578,8.309087426275006
8579,6.135214641696969
8580,5.357134185317497
8581,5.195622385805716
8582,6.68061496720419
8583,6.149195778627178
8584,5.637398909916621
8585,7.703102966120817
8586,3.196676874794957
8587,7.951615583008599
8588,6.262385026015379
8589,4.991326941695045
8590,9.355038171911787
8591,7.064903609832034
8592,3.156520705949025
8593,7.199549151847023
8594,7.579960271395031
8595,3.919611962422878
8596,8.09829590528572
8597,7.217992216576916
8598,6.089015363964189
8599,3.237928919915806
8600,2.550976781375428
8601,7.5361735355788255
8602,2.501534036895312
8603,1.4219919342873504
8604,5.029521683086002
8605,6.130930333058021
8606,7.001552656412404
8607,3.2053580856998307
8608,7.802034968616397
8609,5.973866783107146
8610,6.319197159582856
8611,7.934964144317791
8612,4.42916033870653
8613,4.904724329115836
8614,4.804112929077779
8615,7.598366224240815
8616,4.8865159379148295
8617,8.343274153252514
8618,5.299383237520838
8619,7.355392605933702
8620,7.896889799669536
8621,8.77678258200632
8622,7.799859190621191
8623,6.1562879515318745
8624,6.422380376359057
8625,7.243331314456719
8626,5.050712442810417
8627,5.614161664603909
8628,6.649240755379421
8629,2.1596022890619775
8630,6.212131399202875
8631,6.844458225613574
8632,6.550697051198943
8633,6.487091361638871
8634,5.804074609498178
8635,7.73365838607544
8636,6.336045618213783
8637,6.627914213918307
8638,8.506113313858883
8639,4.575179029845586
8640,9.293329012032455
8641,5.192413882210741
8642,1.1841392596942584
8643,3.851028663277761
8644,6.579064766071706
8645,7.763112924369699
8646,6.416552262223005
8647,7.363858133609114
8648,5.202100952899448
8649,8.827822694035046
8650,6.7752307716448765
8651,5.732749957522127
8652,4.8665894178674005
8653,8.041694874317699
8654,4.4869787978887015
8655,7.572531683879631
8656,5.611555175297301
8657,3.921221035043904
8658,7.4227088911340005
8659,4.802316537921444
8660,2.729236360604456
8661,4.89265979315706
8662,6.91588319808665
8663,4.763251655653486
8664,5.955152957617467
8665,5.598921272609279
8666,4.183570956528687
8667,6.914900331765377
8668,5.023433773112789
8669,6.0298714908451885
8670,6.957286401003021
8671,9.024018593034736
8672,4.840318840929072
8673,5.715230404166517
8674,7.054588676963025
8675,4.309535672820546
8676,6.901813283514746
8677,6.691236584449037
8678,6.7374162079743005
8679,7.292381804200739
8680,8.230359908852934
8681,8.219502354137793
8682,4.280917978766134
8683,3.6043273206762407
8684,9.96644670116818
8685,4.2149885019865705
8686,6.151417678541685
8687,6.703278818238143
8688,7.980567619063077
8689,7.056182923380341
8690,5.626085001565478
8691,4.246269128398909
8692,8.136397032360236
8693,10.0
8694,3.622090752644202
8695,6.208069556892396
8696,6.252522172610449
8697,2.9197133170010545
8698,6.081808432977301
8699,4.61156257880427
8700,8.793585845868357
8701,3.4933079419004347
8702,6.594795665181524
8703,10.0
8704,7.498002445336013
8705,5.9323122293485
8706,4.979150225645729
8707,7.777188326089192
8708,3.304066437387064
8709,5.298315802754047
8710,3.723294924085005
8711,7.189293149696782
8712,3.1895636402689
8713,4.872743927788195
8714,9.359061034493926
8715,3.6069517007814085
8716,4.17439707152059
8717,6.175698440536468
8718,6.858756029906498
8719,6.106177631072791
8720,5.668537784664763
8721,3.6197459589705305
8722,4.286919130810244
8723,2.431060102774474
8724,4.798936539910789
8725,3.4558788891676597
8726,3.7692179722916004
8727,8.064257652506448
8728,8.98160760946493
8729,3.8282881626747023
8730,4.908229590083992
8731,7.7413357171794175
8732,9.71660796957399
8733,8.353932119554962
8734,5.640818763346367
8735,7.3180643905745795
8736,8.099132325417719
8737,7.969034470746331
8738,8.204195999663193
8739,8.123056248716523
8740,3.2479679988491093
8741,5.5445912026541135
8742,5.882922760166393
8743,5.269392864969263
8744,8.646246407920199
8745,6.556356518328148
8746,7.01419411838238
8747,9.391520020790136
8748,3.106328021060253
8749,4.307446414223418
8750,3.2854958631649644
8751,5.084100408116413
8752,5.428299397423079
8753,7.809319119381152
8754,5.3280234740103385
8755,6.503495309579228
8756,6.756077313098437
8757,0.16022470335608247
8758,4.852457270768954
8759,3.3189211857058334
8760,5.230353728969446
8761,5.829243396934228
8762,6.241393020714687
8763,7.706644248570493
8764,3.218667615869358
8765,9.126693722627316
8766,6.90862415130654
8767,9.123425415797472
8768,3.9344556344165156
8769,7.399870737469797
8770,8.951012101238568
8771,7.664071759221951
8772,8.282980456489302
8773,5.316237602592468
8774,5.777733960557874
8775,4.851452151093165
8776,6.618283749146201
8777,6.829597545132907
8778,6.652108982512242
8779,5.983949016174798
8780,6.838116944615312
8781,4.963309772239996
8782,6.131150022413463
8783,7.023958578369263
8784,7.9921249280024735
8785,3.32052730897294
8786,3.568350647914722
8787,2.558523529936873
8788,5.5187883205172845
8789,6.507673061170141
8790,8.382519654477422
8791,6.8315817996000305
8792,8.274180318141006
8793,5.387645954681709
8794,5.112573548580371
8795,5.161465860599101
8796,3.1531907616010306
8797,4.27634007617898
8798,7.404364166941024
8799,5.316774778844478
8800,4.936780833291879
8801,2.848117639413248
8802,5.114259443749435
8803,6.637509929417131
8804,7.877524359480521
8805,7.211917458661401
8806,7.055503551590203
8807,4.27950269719155
8808,7.196228863165633
8809,5.746756799767978
8810,4.860939066021695
8811,5.01281335211534
8812,5.961717198967577
8813,6.470401483686731
8814,6.871154160781326
8815,9.310477124173055
8816,6.746644757994916
8817,6.550668435097974
8818,5.8282328354537345
8819,4.774468010689968
8820,3.02948495923435
8821,9.290275806541732
8822,5.348477608717422
8823,8.022071608476812
8824,5.884285670108062
8825,8.286976016665067
8826,9.522760301310024
8827,5.625540890936688
8828,6.35690650939448
8829,6.107830158628078
8830,5.0757694915909335
8831,6.87604101040621
8832,8.941831455411492
8833,5.820018301052615
8834,3.0826246078091897
8835,7.867181629967867
8836,7.51985772935776
8837,8.084168094930718
8838,5.499028536516377
8839,6.641774990449401
8840,5.880723025420504
8841,5.618859497154081
8842,4.756795497715513
8843,5.940487585852517
8844,8.452047445450262
8845,3.9400077637703044
8846,6.341124332459808
8847,5.093319541809345
8848,6.713519459151565
8849,7.719966444973416
8850,7.1545925635634795
8851,5.879519424927155
8852,4.596529432119718
8853,4.043311104166765
8854,6.491606273104659
8855,9.191840243116308
8856,5.109404862730446
8857,4.601630264222777
8858,8.648174377496996
8859,6.002064697163836
8860,3.7221037943811037
8861,5.9248615627002525
8862,4.432272262152872
8863,6.73268282242614
8864,6.38935253851915
8865,6.214304738315794
8866,6.691058907074808
8867,5.209152838607826
8868,6.6936113373223325
8869,6.852145722055508
8870,6.569133348737898
8871,8.394694454739698
8872,6.699767204213018
8873,3.5153865920328107
8874,3.070859669770387
8875,7.182032220767483
8876,2.3672261386214797
8877,9.153465942534478
8878,2.589253381054327
8879,7.483200637866357
8880,9.032180903796043
8881,7.850370425989086
8882,4.788156104561985
8883,7.191541215098262
8884,3.949050156740958
8885,5.062379521053269
8886,5.009354944234486
8887,5.114630763935465
8888,4.9232261922901674
8889,5.413528877699485
8890,7.918200898054736
8891,3.5949947889277123
8892,6.375272643836949
8893,5.960734638777966
8894,7.494258419866858
8895,2.492467880295699
8896,8.19927927224665
8897,5.281370310775271
8898,7.579527050412844
8899,5.153292956934403
8900,3.780960969037263
8901,7.70442732624965
8902,4.407416916659331
8903,6.160125112890188
8904,2.834465684029716
8905,7.154192832570226
8906,6.573040810968291
8907,6.1120936380749615
8908,6.648540950927677
8909,3.98414821601558
8910,7.883900994747163
8911,5.818719150605987
8912,5.209605747964342
8913,5.289385771768077
8914,5.428657390479687
8915,6.348981046009049
8916,3.326014460661007
8917,4.907785362795753
8918,3.7523061199602736
8919,6.610446120703049
8920,5.171534623845389
8921,6.6182139974302405
8922,6.656308342771022
8923,6.199638837425574
8924,5.9685660982349695
8925,5.9781715451523265
8926,3.3960873242663463
8927,6.536315280440085
8928,5.208228607938893
8929,5.58633344738621
8930,6.66174065469777
8931,7.283109551636807
8932,7.927350674036193
8933,7.9425004717441405
8934,6.297288300962458
8935,8.605012403676461
8936,7.517927046488259
8937,7.975914731739312
8938,5.531334227670453
8939,3.4218810001628057
8940,7.016980776425136
8941,5.732856304103373
8942,2.2668079086883806
8943,6.901016471346399
8944,8.656973977401389
8945,4.973057561703881
8946,6.031862235562464
8947,6.473965143471655
8948,8.002397112386026
8949,6.295075703565642
8950,6.2670748476946905
8951,4.69920171466073
8952,3.4007372489947194
8953,6.011897989217989
8954,7.445079792560303
8955,4.164466974565816
8956,5.244264221000986
8957,4.960755608213424
8958,5.416687751966291
8959,6.999396101368042
8960,9.18526662267861
8961,5.893192544426515
8962,3.6880096826848563
8963,6.586458700391729
8964,5.985864845879883
8965,5.024632926762238
8966,5.276435136799772
8967,9.316389020451524
8968,5.099949072213765
8969,7.821365806518678
8970,5.925515851048688
8971,4.264582944962307
8972,8.322669085565945
8973,7.8651656223566295
8974,6.348221463451373
8975,5.27378030451844
8976,8.443216189366598
8977,5.980632687259503
8978,9.10315292716941
8979,6.694991522483605
8980,4.538736650839281
8981,6.538674953288746
8982,7.629219672684776
8983,8.623739819309058
8984,5.793206873709836
8985,3.9924080396170245
8986,3.843378242950438
8987,5.148000233315273
8988,3.9121468917067617
8989,3.8959184118000407
8990,6.951799468832435
8991,5.03558194450853
8992,4.2592286620775255
8993,5.7771898078175745
8994,4.202428672145547
8995,8.383687246495207
8996,5.300518719303334
8997,6.9902569916912345
8998,7.05052112221336
8999,8.06047325421668
9000,7.116984151102258
9001,7.256897145377563
9002,8.200287630163656
9003,6.353513271169954
9004,7.629861206706872
9005,3.16227286742201
9006,6.659568239835004
9007,8.727067874576832
9008,5.902407309851877
9009,6.177841329006153
9010,7.915505912600945
9011,5.035225675078122
9012,2.6489958285964437
9013,7.025735169218178
9014,7.387600849486763
9015,3.6428341733791854
9016,4.795208270800993
9017,6.466520906819595
9018,5.88434217494361
9019,3.5341874453877242
9020,6.392769121446741
9021,4.583158427378339
9022,7.87734500626027
9023,6.17556052524862
9024,7.128813757047773
9025,6.29785830080352
9026,5.699486444379881
9027,6.747048835584498
9028,5.197828872409725
9029,4.545511270561955
9030,5.163784714070555
9031,6.09127806607378
9032,5.289229151820171
9033,4.91463621836607
9034,7.411785399334021
9035,6.314895894833435
9036,1.7750311807470156
9037,5.8033217120145295
9038,6.577131640754211
9039,5.436285526810161
9040,6.92844892123783
9041,4.587824259772696
9042,4.097691517923501
9043,5.867856320670937
9044,4.568681349470671
9045,1.958930940794968
9046,6.396804366430106
9047,9.548979059247559
9048,8.092178912322424
9049,9.979702523836746
9050,3.856775247718505
9051,4.581031944528979
9052,7.104568330392126
9053,3.5390523197756663
9054,3.9734314597456226
9055,7.843806924601156
9056,7.982967036599048
9057,8.547787131577193
9058,9.493755325776112
9059,5.787980355016667
9060,7.545596072890186
9061,2.4746520565812204
9062,5.254911757265634
9063,5.122592712406908
9064,6.417820172651658
9065,6.5576570530552845
9066,5.168529721984891
9067,3.6049616721596234
9068,6.397486374070345
9069,6.572964415025723
9070,6.76204450913531
9071,5.893780668910292
9072,8.703872518364154
9073,4.407488313620891
9074,2.6382587707045877
9075,5.9163198768536045
9076,4.760886875877703
9077,4.8262024389264795
9078,6.00319278085351
9079,5.225833838909939
9080,3.7620708962310108
9081,4.044342899882556
9082,7.117183857087641
9083,10.0
9084,7.281551997351329
9085,8.280317557818334
9086,4.541376239474536
9087,8.089472233421306
9088,4.382702535847573
9089,7.042322869673483
9090,6.490041972599203
9091,1.7489094667726128
9092,4.337166442246596
9093,8.02466459420539
9094,4.134191187161143
9095,7.34440594720596
9096,9.33756171162429
9097,7.27488069784429
9098,4.4661618531783205
9099,5.001232711544617
9100,9.418808188368379
9101,7.474832025426135
9102,5.264780749092996
9103,6.082283390580546
9104,4.55365565311406
9105,7.598338379921811
9106,3.9760911043813367
9107,4.949365058154754
9108,3.7902078636334453
9109,6.712035250154038
9110,7.499660461983766
9111,5.5095655865858095
9112,2.47495737847347
9113,6.225398007375468
9114,4.832960863411016
9115,5.985539329696518
9116,3.5129435113172836
9117,6.359802394098582
9118,7.925795840519106
9119,6.615996031214362
9120,5.454655535586204
9121,9.383055266257857
9122,4.264779062140471
9123,7.795047131990387
9124,9.910526590605025
9125,6.058781073912984
9126,4.857540475914998
9127,3.8343902536328613
9128,5.821269366218903
9129,4.354252847425953
9130,5.945394832806532
9131,5.293558021246126
9132,6.917296851331216
9133,2.4297323563759137
9134,4.788985758747147
9135,4.63609651332472
9136,6.658025484993345
9137,7.502490363230621
9138,5.0638845258294145
9139,5.387585958269911
9140,6.0213138238846415
9141,5.745594632906867
9142,8.075002281652177
9143,5.769525685913363
9144,2.072356305206873
9145,4.1258157353828215
9146,5.9790958148580895
9147,6.470415287666219
9148,6.96086723455865
9149,5.616535880840864
9150,5.705135231486091
9151,5.515346190867978
9152,6.898597686974723
9153,4.746327822993267
9154,5.452953148122345
9155,5.693747869642062
9156,9.236814963647245
9157,5.301711186462466
9158,5.247532876013956
9159,5.4511574218618115
9160,4.6633530459895
9161,7.8125937056537165
9162,6.626234440773359
9163,4.998678767885834
9164,6.687058879243459
9165,8.074370023773206
9166,6.415417948933563
9167,4.073673714659267
9168,6.469467279649688
9169,7.47352986155358
9170,5.765327314708509
9171,5.161283081947374
9172,8.362006004598364
9173,6.273884686519512
9174,5.562982114432528
9175,5.311961749643852
9176,4.034126166304417
9177,5.120811838830212
9178,4.3948644170626725
9179,4.500503522549405
9180,7.4429763086105805
9181,3.8289920549691945
9182,6.488541682969127
9183,10.0
9184,6.914586305803157
9185,5.610823818467352
9186,3.6221680832859624
9187,8.318885123417662
9188,4.955384005137392
9189,4.538112109474297
9190,5.4361671022834965
9191,9.595824906660608
9192,5.938359828734617
9193,5.444699740234402
9194,7.400087088491607
9195,8.34793655125628
9196,8.89635367310622
9197,5.410128258481724
9198,4.060529632395233
9199,7.606080532774705
9200,4.795246953544737
9201,6.911909075291058
9202,4.3454809077076675
9203,3.682808134463423
9204,2.0335385385787172
9205,7.99999179905236
9206,7.254376668816625
9207,4.38811717391793
9208,3.4258462938234446
9209,4.478013773603016
9210,8.694564501646457
9211,5.617153941159337
9212,5.472257774619883
9213,3.9901638967317865
9214,5.815748133851823
9215,6.47286097017312
9216,4.2219316629625645
9217,6.759342396022568
9218,5.8900303831233
9219,4.189730883626245
9220,6.352492371719137
9221,5.153363789120347
9222,2.1458895829353404
9223,4.688684455245014
9224,5.989247049342184
9225,3.3759105986579256
9226,5.079192154116486
9227,5.854008507888581
9228,5.10190128774061
9229,9.527877425078804
9230,8.835442569620335
9231,0.8833512146159237
9232,8.833718704593313
9233,5.688392025561068
9234,3.8180583947246713
9235,3.110064931931869
9236,4.531859793401235
9237,3.92896664024647
9238,6.665470088066743
9239,4.176990910180529
9240,2.8690731939565826
9241,6.84688140013116
9242,2.9991060464358448
9243,5.987598005194465
9244,5.88769574651336
9245,9.21778748802124
9246,8.131522705745844
9247,4.403627941538461
9248,5.593399095932382
9249,3.7108550106917852
9250,6.346100144366863
9251,5.833045338603713
9252,5.037611659173605
9253,6.078097008038203
9254,6.2823767708283125
9255,2.8085135205920055
9256,2.7277320384652546
9257,4.415380286221077
9258,7.318964628546273
9259,4.123834394553406
9260,6.862407146322585
9261,5.0450838981216775
9262,5.492420917498778
9263,8.354120560209939
9264,2.655180542623578
9265,5.348771974148875
9266,6.377303501870389
9267,7.528151799287338
9268,8.69153962749777
9269,7.064829162868961
9270,6.212709562946377
9271,5.692616308735646
9272,7.099377573282573
9273,8.455827681613307
9274,9.462982699981815
9275,4.809506387935277
9276,9.445411671643264
9277,4.293324597091649
9278,6.568041848119099
9279,8.508918722931462
9280,6.171997546572665
9281,5.493321624793951
9282,3.5174185517363643
9283,4.1202823827535395
9284,7.14843028164025
9285,4.378754984163422
9286,5.9018354944743505
9287,1.8341945216616038
9288,2.2321776764400005
9289,7.27413577235056
9290,8.482793635702947
9291,2.020074495653877
9292,7.560975322355236
9293,5.5413375021582905
9294,2.3680278365496545
9295,5.143558003002824
9296,5.617415593147208
9297,7.518001377261649
9298,4.837990760665924
9299,6.150492913384857
9300,7.427061802981838
9301,3.922879364028461
9302,5.021766359494667
9303,2.4323935509620163
9304,2.9233007074999686
9305,5.578962868644289
9306,3.1497557096166524
9307,2.087354822474629
9308,5.235974628758106
9309,6.251008063104364
9310,7.92734167115937
9311,9.126235786543695
9312,2.345164578209511
9313,7.270581395876606
9314,9.23035764602817
9315,6.952111502983225
9316,4.3055368410161865
9317,2.219496653572685
9318,5.5441655629181525
9319,6.781481329944845
9320,6.878921379213423
9321,8.33117256774364
9322,7.912987716615239
9323,1.5639652545008764
9324,2.664586092401998
9325,6.224414240889319
9326,7.640720482195441
9327,6.905154628835778
9328,3.817455732545988
9329,3.6368572262048438
9330,1.9373381606379434
9331,4.769709465709755
9332,2.733352293888344
9333,4.441115072668735
9334,7.422826027342427
9335,6.7624274993019124
9336,4.736355823893113
9337,8.886256307952973
9338,7.26328831680604
9339,9.043462816196609
9340,7.276633021939595
9341,5.740119678276265
9342,6.188900409519346
9343,6.550319386853674
9344,7.391120299284964
9345,5.540893731955263
9346,4.899298940076539
9347,9.409852940865251
9348,4.9668444960111575
9349,6.419351785274891
9350,4.984619151849502
9351,5.228327514097314
9352,7.0982822195525195
9353,4.829876503068038
9354,4.61831107943692
9355,8.498349848617266
9356,5.230848854835601
9357,5.484912183527415
9358,4.438784344554848
9359,7.863467536118284
9360,6.0754790133092555
9361,4.812684872109881
9362,6.120300956621547
9363,4.750121202226078
9364,6.938478399536001
9365,3.3881228473087233
9366,6.9416760369124315
9367,8.799100573618587
9368,7.754865263573334
9369,7.724626059459072
9370,9.476860303981725
9371,6.346319733438731
9372,6.290120345373512
9373,4.6956984209674815
9374,4.099675373776936
9375,4.539276259415465
9376,6.936345774514117
9377,7.56535245551934
9378,3.2000098683062275
9379,6.189200100333804
9380,3.9470457227471294
9381,6.6005463009287215
9382,3.09129121148675
9383,4.897831871125771
9384,8.421623177868039
9385,5.722163857006547
9386,4.511144400101503
9387,4.89178794075814
9388,4.665536706747247
9389,7.866642716250304
9390,6.3489777262814115
9391,7.242286621477241
9392,6.366550489463134
9393,6.714966869112956
9394,5.2414428405824545
9395,7.017897866071504
9396,5.100829725742403
9397,5.173755898260565
9398,5.070760059674019
9399,2.62678026255693
9400,3.735908513420387
9401,5.027235133991178
9402,0.8838371655923807
9403,8.231237472790436
9404,6.335503433480554
9405,5.613243697294444
9406,4.960195199673757
9407,7.104680674759816
9408,5.393844089177467
9409,6.451352980246758
9410,4.977559388039243
9411,3.4306475752114336
9412,5.574632170064801
9413,7.107225369833978
9414,6.137909326028559
9415,2.6947885369723883
9416,9.633353251043218
9417,5.4769520402729865
9418,7.910226983536967
9419,5.054472342498894
9420,2.9544235115337005
9421,4.072801744471313
9422,5.770149639250592
9423,3.9474355345183456
9424,8.189443886282449
9425,5.591900503973972
9426,7.14122141613387
9427,8.856676744491345
9428,2.0230817205894587
9429,8.977799376953344
9430,5.152549827994179
9431,6.8520323326027714
9432,2.750994057470817
9433,7.6022824628694705
9434,4.641588124749911
9435,8.443672253339026
9436,5.60889416784315
9437,7.470813906635044
9438,7.147314165087172
9439,5.945280508181822
9440,0.6741942200578359
9441,1.0931898312328236
9442,4.169067100444422
9443,3.9985934534175254
9444,4.913635608680401
9445,8.308884160438975
9446,8.225702052205293
9447,7.489573786504234
9448,7.7416290412842645
9449,5.65409667660583
9450,4.9685781175342
9451,7.673783043314276
9452,8.70602891303202
9453,3.201861866759644
9454,8.330906890897662
9455,7.38458736370868
9456,7.610968495032557
9457,5.844993979530678
9458,8.170035097751569
9459,4.549790228044138
9460,7.0188639850782195
9461,6.355004987143817
9462,7.879490677140902
9463,5.2941773509102195
9464,3.1446413554501405
9465,4.119879101382842
9466,8.093882286659781
9467,3.851710296783681
9468,6.228674796165828
9469,2.8953187621909446
9470,6.095003782104467
9471,6.862744740804484
9472,6.1258523592320495
9473,4.723536881684682
9474,0.953301485007733
9475,6.578358631690932
9476,3.701552172268831
9477,5.82353969437208
9478,6.873951384449034
9479,7.463789065441496
9480,6.536287047827236
9481,6.050382855268885
9482,4.567127845428019
9483,6.762019707831737
9484,3.0015470235283495
9485,8.586617722372864
9486,6.05069816455228
9487,7.720307528140536
9488,7.626800049224304
9489,5.823177727734783
9490,1.897622505337803
9491,6.264900175485238
9492,6.613874839830802
9493,6.403571102850201
9494,6.654382329722572
9495,3.4571446270092876
9496,2.861113193972591
9497,7.1564297254257365
9498,6.109857065852778
9499,5.93869884526041
9500,6.226508667148401
9501,3.5457459732423473
9502,9.143722388036174
9503,2.4701225931046538
9504,8.885745002265612
9505,4.625476085492707
9506,6.773205722820537
9507,9.39023367019454
9508,7.591762135527454
9509,3.2337879823646065
9510,8.414365533774887
9511,4.621454098206187
9512,4.648740420657715
9513,4.000638033294241
9514,5.280520331892486
9515,8.812941117930729
9516,6.260322022891379
9517,6.5750577048796695
9518,4.793003252907016
9519,5.427152536992608
9520,8.482792072064306
9521,5.712660729807115
9522,2.69638188207026
9523,5.411686299636816
9524,5.976432969910316
9525,7.10574619681276
9526,9.104698798416878
9527,7.597048187913484
9528,5.696060937747037
9529,3.3505875268081944
9530,4.987045414589768
9531,4.493840521904418
9532,6.742274178452176
9533,5.150706184681778
9534,5.2000867021787425
9535,5.495676941883104
9536,5.1163751769788455
9537,6.409098837692505
9538,6.273880007427481
9539,5.786452076952747
9540,3.98138497951651
9541,2.823449111307518
9542,5.188699913122476
9543,4.915742129601977
9544,4.128552268698936
9545,5.783319147170062
9546,3.1371819250964568
9547,7.5324382888523616
9548,4.629564241675286
9549,8.922928637198229
9550,2.1876247537720444
9551,6.582194984052
9552,5.3934792743335755
9553,2.2632611744117233
9554,6.1169057050000895
9555,5.26600497910191
9556,5.64519105489047
9557,6.75552691829395
9558,5.483978086037499
9559,4.610820403030865
9560,4.199024543279702
9561,7.086439275247502
9562,8.746320684755073
9563,2.2952211085551086
9564,5.731648599919192
9565,7.841423426405859
9566,6.008608290397902
9567,3.6987510120981617
9568,5.690259368992166
9569,4.412522505095158
9570,3.495958708496583
9571,4.569161231270298
9572,4.4087100375964905
9573,6.854280877057739
9574,7.758218323127508
9575,6.815260700611079
9576,7.884827759437512
9577,5.408399331555643
9578,5.9032757518756425
9579,6.10807489576387
9580,6.309422012290931
9581,7.866476845001657
9582,4.6253410274180204
9583,8.718787873230458
9584,2.9047145646003947
9585,6.570322063833666
9586,5.502831341301048
9587,7.480301134976241
9588,4.001548516820818
9589,6.268394978106134
9590,5.893619462055692
9591,5.710115702103145
9592,7.931461481393433
9593,5.289179427692719
9594,5.7752307479312535
9595,6.261221523002431
9596,9.013175435798898
9597,6.444865227034804
9598,5.556829771863869
9599,6.360445644301629
9600,6.224179520420123
9601,4.430552091327188
9602,5.949268637030897
9603,6.550750643812856
9604,8.908868816077678
9605,5.301082552706016
9606,6.791675313735707
9607,4.954510885735761
9608,6.4874867053320315
9609,2.8397363889097176
9610,5.869939258737091
9611,8.249928850991456
9612,4.064896807797177
9613,7.2089852536518375
9614,3.9063936619792727
9615,7.617497958674497
9616,6.948904950920077
9617,6.071362841579665
9618,7.1872254253221435
9619,6.248784580094929
9620,4.668507340415815
9621,5.118647574550279
9622,5.278291354780247
9623,7.721979549942812
9624,6.298563401253517
9625,6.13009927163816
9626,7.1650798175076496
9627,5.080067026290024
9628,7.52499958749809
9629,4.392134919276606
9630,7.560896577930103
9631,3.1414899964562544
9632,2.233498214165387
9633,3.919895008348017
9634,7.096056099714013
9635,4.352899141257066
9636,3.312458788774531
9637,4.0927204068057845
9638,8.185045926422786
9639,5.675436315989263
9640,7.2216680484268245
9641,3.832256982653334
9642,3.783022127267601
9643,4.331618687498251
9644,6.333551740901051
9645,5.795763631706285
9646,8.208141861038689
9647,8.002285138381966
9648,2.603373398253841
9649,8.628208420524071
9650,5.6952204282330365
9651,7.944596641613109
9652,9.234938307708028
9653,6.007029741223819
9654,8.28487673222446
9655,4.137004159192134
9656,10.0
9657,7.84637878081866
9658,3.42243397164229
9659,6.8912788496209885
9660,4.941881426175099
9661,7.894148653102757
9662,1.7635117435093264
9663,2.0774021073187887
9664,3.301709899260339
9665,7.794903499808527
9666,7.9112941262899295
9667,7.956483632224398
9668,2.9564556614499367
9669,6.756354001151301
9670,4.191007481227281
9671,1.9246577654847643
9672,5.382354661577333
9673,8.006366938845181
9674,4.43370387445777
9675,6.209468977673217
9676,6.462262512346498
9677,8.340485859679731
9678,4.954739854327526
9679,5.243897483641968
9680,4.902840158964284
9681,7.663168722481959
9682,4.332844496377211
9683,6.0763471744237645
9684,5.846515071889538
9685,6.2284533862260485
9686,5.8713464412115455
9687,8.378892804371517
9688,5.983210855508782
9689,9.247188688305235
9690,6.020345021149913
9691,7.2827431225598644
9692,7.040624777671072
9693,5.626138673384766
9694,3.50039760601055
9695,6.0027522518377605
9696,8.830533110741065
9697,7.677963579213703
9698,6.545356352187476
9699,4.076342877291484
9700,6.09272412813116
9701,6.061672438717456
9702,5.211022513888029
9703,4.874703634163923
9704,10.0
9705,8.483092738148779
9706,7.1765703422557
9707,6.195677980623101
9708,7.062822831178027
9709,5.580669648642
9710,2.6504465757034286
9711,5.573700699086351
9712,9.006017535259694
9713,8.10055809158402
9714,7.0138713708980145
9715,6.77176820450372
9716,4.55629461972376
9717,0.8846314558792134
9718,7.031393576047414
9719,4.5995418202721385
9720,8.563952709960457
9721,3.023643299896287
9722,6.08994102284319
9723,4.365091337086209
9724,6.867688175712267
9725,8.404050503411785
9726,7.079776459385005
9727,6.397592170817404
9728,6.88455054010028
9729,5.397566854571356
9730,4.7024433988055705
9731,3.3966619069433275
9732,6.64977500444652
9733,8.599946187676517
9734,6.911927474181114
9735,7.546487420145533
9736,3.279030438944253
9737,8.368201736467096
9738,3.424228593374223
9739,7.816557794159106
9740,5.929084168546833
9741,6.8266204864212146
9742,3.2921405983009575
9743,6.823701046676259
9744,5.063148730930043
9745,6.14868791430522
9746,6.80128257915786
9747,4.571456942856598
9748,6.163062790120536
9749,5.687550403660736
9750,1.7188207081689493
9751,5.686390544503183
9752,3.8895380268896838
9753,9.172662334355056
9754,8.774233697417941
9755,6.608630486544489
9756,6.5492453430451665
9757,6.775629337010708
9758,7.028633628291312
9759,5.7559498540829805
9760,6.816406131207337
9761,6.69966525281729
9762,7.053307242441434
9763,3.439596676476585
9764,9.154700780646065
9765,5.881696811826947
9766,5.401532951874372
9767,5.888340915425273
9768,2.5400460532026647
9769,3.841805915490361
9770,3.4925442282811288
9771,5.6825509287115725
9772,5.203684669565922
9773,5.51703549248159
9774,9.583025130910102
9775,3.2515739149427167
9776,4.784169948410095
9777,6.626970602676468
9778,7.820192746466847
9779,8.330531672922955
9780,5.443894103688934
9781,8.861534715886382
9782,6.7437510847694
9783,7.489212305437977
9784,5.514639804319263
9785,6.050359190628882
9786,8.719615850580725
9787,3.2612088233373493
9788,4.11600771935707
9789,8.328844372120624
9790,4.7544181043141664
9791,2.4088086950725285
9792,3.6864563195361244
9793,9.688576500973626
9794,6.3949164770093905
9795,7.338172167726691
9796,4.150507454885288
9797,5.915569725385119
9798,6.931377751465682
9799,4.558078547476459
9800,6.282860997687866
9801,6.8799071105106755
9802,8.519316780472128
9803,3.8881456094571494
9804,3.4508269899391695
9805,4.750476329504028
9806,5.7526890552400785
9807,5.4359422830584405
9808,6.420264552835427
9809,7.2885481062037645
9810,2.280597565242079
9811,7.631547537266408
9812,3.335031748388917
9813,4.384183209175703
9814,5.770190452595948
9815,5.133750746275982
9816,2.3971592644507425
9817,4.8371929370450495
9818,7.98394073046975
9819,3.2788591378180563
9820,6.835555999889366
9821,4.872554704641113
9822,5.150711083112646
9823,6.59179202671103
9824,6.529617751087267
9825,8.320580162090696
9826,7.781297241174228
9827,5.35643161114643
9828,6.607789182846117
9829,7.10443908741358
9830,4.160243596352044
9831,7.0733256068145405
9832,6.634957543059967
9833,4.873592198668178
9834,7.9553779814097165
9835,5.561443373823573
9836,5.702893280649574
9837,4.761308176963432
9838,4.396464262220908
9839,5.04446483203149
9840,7.522837865227316
9841,8.833265803858419
9842,4.974565599893137
9843,6.393169193659004
9844,9.953937769692123
9845,5.346072266164511
9846,8.367979578447045
9847,4.288626823084952
9848,8.554554388288782
9849,3.265935718793548
9850,6.672248665071164
9851,5.66113738243853
9852,7.952972654109211
9853,6.377179381063943
9854,6.498943775400496
9855,5.910378984110517
9856,5.6601092896673
9857,3.5901254821553428
9858,7.381757218150654
9859,8.217907267716418
9860,6.396209735513928
9861,5.7059784491909795
9862,6.983396799210808
9863,5.867997022901621
9864,4.581788115934714
9865,5.024217889879718
9866,5.960991690771433
9867,8.356392485144793
9868,8.740278237683057
9869,2.5138892393180514
9870,6.41966545402569
9871,3.154122982240498
9872,9.54538588576277
9873,5.883040788487798
9874,6.727059252501025
9875,5.430138861342784
9876,5.087754198916767
9877,7.692691825690812
9878,5.074908062877741
9879,4.139922649696186
9880,5.757428297313984
9881,4.738597273729651
9882,5.013160438797476
9883,7.290789898053397
9884,5.318770650206213
9885,6.528036910738278
9886,3.874429891153177
9887,3.8212868575251333
9888,3.5587590494946997
9889,7.557588637477561
9890,3.6397606777814753
9891,7.968101545594233
9892,7.575433835326114
9893,7.5253169331516805
9894,5.50087288191474
9895,6.8795369774676685
9896,4.471917838637003
9897,6.8849544364644935
9898,8.299886571660117
9899,6.730141045090164
9900,6.8160336235835235
9901,6.717359046768567
9902,2.8525022537311524
9903,6.871592947296467
9904,7.242413432770713
9905,2.364913683788188
9906,7.871534023844733
9907,5.162478395302996
9908,4.761779183852419
9909,3.8950676237416824
9910,8.586566288242103
9911,8.165168309261738
9912,7.682774569211395
9913,4.220472253581612
9914,9.137606843282406
9915,4.115107652141473
9916,5.34203112159226
9917,7.022792787279739
9918,4.957588324612949
9919,5.123032043491518
9920,5.675111233828034
9921,8.3624455350482
9922,5.062553459693668
9923,7.361328682112414
9924,6.645127877081789
9925,6.935608105571987
9926,3.0591522391515538
9927,3.705850794728083
9928,6.394878860844143
9929,2.5706670776086975
9930,6.416154219984055
9931,7.081314292682432
9932,2.9367432827410314
9933,7.659810174558821
9934,7.16445663249432
9935,6.982149529761362
9936,6.360190967974096
9937,3.4688437153640894
9938,5.77814798461076
9939,7.236684500641619
9940,5.2132763835821905
9941,9.16055401520794
9942,5.148865950463508
9943,2.7502612531332877
9944,7.216298629151751
9945,4.77779673305065
9946,2.2444857810226404
9947,6.597167004778846
9948,5.439500888567676
9949,6.412125388959767
9950,6.573929006917404
9951,8.053822374391197
9952,7.164078317883527
9953,4.873464954080492
9954,4.65354392040917
9955,6.176049538005956
9956,4.256106190553854
9957,5.796930723987054
9958,4.990230742742624
9959,4.2456323416717066
9960,5.366429797601287
9961,5.523196639045652
9962,5.493563610938042
9963,5.6896594676848125
9964,4.332929537348336
9965,7.731730197486795
9966,4.1672829597997545
9967,4.451618297189368
9968,7.762642468938269
9969,6.893776761755112
9970,4.740160326033596
9971,0.5562702979875904
9972,10.0
9973,4.306492886090579
9974,6.19369733547895
9975,5.160839195647916
9976,3.984417290017598
9977,6.382266304362725
9978,2.118157984954804
9979,7.157305868141316
9980,3.908848677958483
9981,5.523294088786376
9982,8.41565791915438
9983,4.818735324310141
9984,8.058841592136341
9985,6.824671165205801
9986,8.594972115983262
9987,6.768310452996879
9988,8.254041333256339
9989,3.1073490436824587
9990,6.295474387283156
9991,6.077738359556699
9992,2.8820712638591957
9993,2.756382831365251
9994,4.35860120313774
9995,5.837251409153609
9996,6.984224867819435
9997,7.6152281857848605
9998,5.619994090487518
9999,2.944551420639245
10000,6.789337900302082
10001,5.10571021719499
10002,3.614320189967504
10003,6.717264225033746
10004,5.400211849896797
10005,1.6241699426134129
10006,8.27338799769366
10007,8.77876888239856
10008,8.226134789189029
10009,4.647130626984696
10010,2.8351044777460492
10011,6.226596667523895
10012,4.524614487809018
10013,5.988397718111651
10014,8.252293838115222
10015,7.290347316504481
10016,6.4736523157628
10017,8.279941406968472
10018,4.427327749843275
10019,5.231433922724834
10020,9.453565801071955
10021,4.55762390372214
10022,5.467281811942474
10023,5.5191407767906915
10024,3.2864188917991983
10025,4.040299413769443
10026,5.946212684451471
10027,6.217264010963753
10028,6.7586593391138
10029,4.604782979897752
10030,5.659067875894262
10031,7.236402866119393
10032,7.87891408072237
10033,6.124709110106319
10034,5.993953200154857
10035,2.9479168326621172
10036,3.8138386017926176
10037,6.426850287249117
10038,5.484429607291825
10039,3.893084311699938
10040,6.9306270253051006
10041,1.1953876799677943
10042,6.7787980330115065
10043,2.116508850078335
10044,5.0998214618524
10045,7.207173188847506
10046,5.731606682042942
10047,3.619142389923399
10048,5.1099572312797505
10049,8.123024758876316
10050,5.930953849332859
10051,4.7796841170023034
10052,5.607163392560648
10053,4.937122806090846
10054,3.7046357770503704
10055,5.381513271521801
10056,9.33325519274026
10057,6.598471492330898
10058,5.232597528677213
10059,5.889235893035067
10060,8.31957244803853
10061,7.578795303176282
10062,3.532117123118481
10063,4.928707983680979
10064,5.669428366959399
10065,3.1519246168528507
10066,8.59981731941529
10067,5.48299165802961
10068,9.386720914427382
10069,5.821901054032724
10070,4.803006639736008
10071,6.6985363927160275
10072,3.7012813847437522
10073,4.216060943222328
10074,8.45592612945032
10075,8.157224622947181
10076,4.441381294073686
10077,9.13368122378134
10078,4.332591167002292
10079,4.903859960968729
10080,7.82934528725457
10081,4.073543494814809
10082,3.771050510460473
10083,7.298418233748715
10084,5.477951442172919
10085,3.6077714174940314
10086,8.147370859440041
10087,2.6407945801774377
10088,5.259601862019571
10089,3.7505957261968277
10090,6.784740249574915
10091,1.738441590233693
10092,5.629111317671578
10093,7.803690869033436
10094,6.695009035487984
10095,7.98161468307789
10096,2.315547576232326
10097,6.774154988778892
10098,5.028233243974686
10099,7.5995474268212675
10100,5.126443360236356
10101,7.118219998768856
10102,3.5673674528426753
10103,5.3228345878430705
10104,7.84891028467486
10105,6.774203355900939
10106,7.2244209401203365
10107,6.72317403435088
10108,8.102358531958117
10109,3.346525276084368
10110,2.6746131853493322
10111,8.349626608655502
10112,7.059526649312575
10113,8.392712080868874
10114,6.997159419742831
10115,6.80245543003514
10116,6.7069723598884154
10117,6.8513978034549625
10118,5.508718866915756
10119,6.875422165344709
10120,5.790680707363972
10121,7.08949253924847
10122,5.50188406408796
10123,7.276374449629635
10124,7.882691803802281
10125,5.7428518954519445
10126,4.818388967606922
10127,8.982087579684135
10128,6.89266630676521
10129,7.780277945010413
10130,4.662348674069574
10131,8.017296090343315
10132,5.351552505702409
10133,4.033913135050485
10134,3.5998318335540858
10135,5.699511284009527
10136,3.3734046610688706
10137,4.309068759505357
10138,4.275219292069426
10139,6.577218194355824
10140,7.771974511614898
10141,7.944030904676414
10142,3.6365401260561674
10143,6.361790506914197
10144,8.895050031054861
10145,9.952443249010901
10146,2.309800735607815
10147,4.080303459719471
10148,7.705163302703399
10149,9.231991646747758
10150,7.2564549379840315
10151,2.399360964892546
10152,7.621673924077633
10153,2.7301757581175945
10154,6.4094057365102
10155,6.141504596204803
10156,4.97339409525742
10157,7.8294656597050984
10158,5.3230493094672795
10159,6.7382319854094055
10160,5.881304302606953
10161,2.372625705142638
10162,7.643717080802878
10163,7.179399306786068
10164,8.164311374773561
10165,6.916113844578649
10166,3.5868739618473935
10167,8.420732157986398
10168,5.155744242568749
10169,8.70128942312171
10170,6.39236176812074
10171,6.263871516166342
10172,6.6682982271024756
10173,2.0848127998542845
10174,6.596342745542978
10175,7.4868615803299665
10176,5.338475373214552
10177,4.609175107753098
10178,2.7445585062771176
10179,7.3671816213139625
10180,6.578715990627231
10181,3.85174686838673
10182,6.277019665580623
10183,3.150439551414282
10184,6.322386808565938
10185,6.418459620155877
10186,4.673492780333095
10187,4.424928375159685
10188,2.131168344371721
10189,8.682854211567875
10190,5.504982570060855
10191,9.762497246268019
10192,5.324178356180453
10193,7.258346024104216
10194,6.684751019255023
10195,5.5516920269995556
10196,7.144703672340876
10197,5.001676856822299
10198,5.825556648988151
10199,4.772600498107051
10200,7.311683623355579
10201,4.086461466748053
10202,1.6383832477626101
10203,8.299531240312614
10204,7.905165020527926
10205,7.557235948076706
10206,5.853997516746888
10207,8.149707132246968
10208,5.270660815866961
10209,3.3378618000564195
10210,7.384873268989285
10211,6.726674967053422
10212,5.1125669679006105
10213,5.482326874768103
10214,4.71813961172782
10215,5.200650764667919
10216,7.257275798011706
10217,8.480099244945665
10218,6.332859892294332
10219,6.953119427614359
10220,7.062673785689391
10221,4.8346326380169735
10222,7.174074793966337
10223,2.6315402176658234
10224,4.652108914990203
10225,7.897532457505724
10226,5.758228903399158
10227,1.981956739805815
10228,3.0836779614669982
10229,4.077392411799048
10230,6.913739610543653
10231,6.136611139095285
10232,4.9352048853375585
10233,3.883561648155277
10234,8.12928653970625
10235,5.983311946022148
10236,5.6836161398001686
10237,5.916674837949694
10238,4.2800990858114
10239,3.6633802921954355
10240,6.310874959281272
10241,5.509730812806274
10242,3.089670929460125
10243,5.363148934120086
10244,3.4114045466984786
10245,4.498303593627471
10246,3.0804984142788383
10247,7.419665925140867
10248,3.627692164770693
10249,7.810712996047946
10250,7.9750984248228285
10251,8.620731433221879
10252,5.912388654645885
10253,3.9220256682644683
10254,4.9731940651422555
10255,4.3271715597203455
10256,6.910136302850606
10257,4.746433755579035
10258,3.740069979315266
10259,6.32594711908083
10260,6.074673487805017
10261,6.432734411913593
10262,5.376086729521055
10263,7.646290277304662
10264,6.003111656217799
10265,3.031384297956672
10266,6.260809697314651
10267,4.513647853724963
10268,7.3151939428050765
10269,7.811270702720014
10270,7.4124986828546975
10271,4.155375380537103
10272,5.099645541563827
10273,8.473163022406768
10274,5.6432559001028615
10275,6.0738254691011875
10276,5.08773752750379
10277,5.925053642315927
10278,7.79325439993606
10279,5.159166683516305
10280,8.632547819278201
10281,6.9029564106171435
10282,5.908452436481534
10283,4.3969416322775245
10284,8.73684691226905
10285,5.439507972717267
10286,9.159015543846827
10287,6.570579119696431
10288,7.140980255471471
10289,5.510414489446013
10290,4.448526518598374
10291,8.038886817976838
10292,8.062361203468818
10293,3.6255245795890927
10294,6.064952339083526
10295,5.757807990308571
10296,9.061996333545927
10297,3.2092700440696325
10298,8.761704596461334
10299,6.335853799870982
10300,7.3172383480620455
10301,9.432932364551526
10302,6.8279562144241694
10303,7.199722468817092
10304,7.721631613724972
10305,4.308617337688272
10306,4.2675393586971
10307,7.274182464442658
10308,5.149032215231732
10309,6.040687483287605
10310,6.51809362035195
10311,3.0136956804904207
10312,4.534477089224832
10313,5.339835709928214
10314,5.7717312233115745
10315,5.246580237235651
10316,9.476216466203152
10317,3.285377240014385
10318,3.1726757585408136
10319,3.858158456469148
10320,5.702320105126207
10321,4.256872653368339
10322,7.0218959020989296
10323,7.497666706355351
10324,2.393247823559396
10325,6.131560341989758
10326,4.0139280085154505
10327,7.323836174567538
10328,4.553247385918198
10329,1.0864437744868836
10330,8.653114804877449
10331,3.0276607194014855
10332,8.977906405951046
10333,4.204219023514178
10334,5.511525576837872
10335,8.241509254710538
10336,7.631693575141785
10337,9.304567954446439
10338,3.909911873499577
10339,4.141203654890015
10340,7.896161001550176
10341,9.85799015753792
10342,5.831342612379
10343,5.300508212210829
10344,8.660691573241031
10345,5.638417853205423
10346,6.427665986367316
10347,1.7563802464925464
10348,7.016242829700436
10349,6.141582637762728
10350,4.317225871172485
10351,3.4584128356958264
10352,8.412737414262784
10353,3.9680673941085773
10354,5.711141538698662
10355,6.1910484004550685
10356,4.87011053057204
10357,7.163410435265213
10358,3.9859982482777196
10359,4.739021443156056
10360,6.402509120408995
10361,8.427137100325677
10362,3.5110413814375745
10363,6.372037034574832
10364,3.5668221845105412
10365,4.467382314398993
10366,3.403546444873797
10367,2.833270810903729
10368,7.0097047627733575
10369,5.4166751232079005
10370,9.25387196952018
10371,7.118032484494689
10372,7.528134325420934
10373,3.718615734902192
10374,4.828451110198555
10375,3.6551654153680135
10376,4.109583549022548
10377,4.976940026999337
10378,3.885714701075931
10379,5.276869891342018
10380,7.716790954781678
10381,4.438807206289609
10382,7.730478632777092
10383,8.0750368522343
10384,4.233587945859622
10385,2.327416941952925
10386,5.367489041174101
10387,4.069098134244829
10388,6.409771593578322
10389,8.303767397704434
10390,8.460328551982633
10391,9.496831651553798
10392,6.135097362936364
10393,5.014572547783798
10394,5.036554713496972
10395,3.756825748538792
10396,1.9953220673967322
10397,4.154986777880098
10398,6.935754939430396
10399,2.9120550746151785
10400,2.097135109728412
10401,5.86369010580589
10402,8.16355469873234
10403,3.2538864566068098
10404,5.953560181969617
10405,7.4091532197293315
10406,2.1563603688230297
10407,9.035694447633107
10408,3.3124409786102635
10409,2.118879656230348
10410,3.2466151529323093
10411,10.0
10412,4.131702225114204
10413,7.853849598220331
10414,9.126416543393267
10415,6.4171440953726595
10416,3.2986086322770563
10417,4.100713511605917
10418,8.373960567519482
10419,2.7850576875508732
10420,6.41514455374781
10421,7.0839203732826785
10422,9.024432821245043
10423,6.523198181662172
10424,6.187930253431772
10425,7.180752431971937
10426,6.47647350527523
10427,8.707066333180759
10428,6.335379449892947
10429,7.9522141635919485
10430,6.862998923277754
10431,8.339771922230101
10432,7.952289890697275
10433,6.8589080318398965
10434,6.207667010215252
10435,6.679173478688966
10436,4.798775213569776
10437,7.781310330649637
10438,5.258275619868545
10439,7.168889995678736
10440,4.496214955054731
10441,8.042474529858648
10442,7.316467847853652
10443,5.599603748140289
10444,6.557543437301944
10445,3.335396550937473
10446,5.764707839756237
10447,4.686453301647652
10448,4.701195165872677
10449,3.3691594184228486
10450,7.138245719649792
10451,3.71779814526387
10452,8.143788156471448
10453,7.114957322698811
10454,8.070804362871476
10455,5.119148858692499
10456,6.1910499863855515
10457,6.40208711199617
10458,7.002895974448437
10459,6.787928955232985
10460,6.1829562260081135
10461,5.964697078683419
10462,4.201790608008889
10463,1.323200265643411
10464,5.773847527431547
10465,1.9618172083923906
10466,9.158883443638077
10467,5.210416311627971
10468,8.7799163547378
10469,7.502029416626977
10470,4.049084325768549
10471,5.309263082694658
10472,7.2630751699281575
10473,4.211046259095031
10474,8.67122248399191
10475,7.809574789679941
10476,8.064342172464956
10477,5.04186547440062
10478,9.483075298946645
10479,5.342073513367958
10480,6.408042775421478
10481,6.098709467760472
10482,4.0283080908554245
10483,4.810379396440199
10484,4.772659468374571
10485,4.155166084000017
10486,7.053741408970495
10487,2.6135603883950473
10488,6.215630760793303
10489,2.5039629314578455
10490,3.9775429570803533
10491,7.749379358973394
10492,5.978547217279404
10493,8.141907936051627
10494,3.0723071660238723
10495,9.359817758408116
10496,8.675993018795214
10497,7.118751714972531
10498,4.449326159240379
10499,5.914700623045938
10500,6.058835925859171
10501,7.902483713222733
10502,3.941276397419448
10503,3.229258127813768
10504,8.079642568599748
10505,7.4309116478411426
10506,5.548559281737607
10507,9.315647300766987
10508,3.940755197348776
10509,3.048555414471254
10510,1.9667284983161104
10511,5.101148809648873
10512,4.425359379421009
10513,1.568761967011889
10514,5.934146378254434
10515,7.3822031779489095
10516,6.502304206768713
10517,6.337656040140648
10518,5.07635975244585
10519,3.818418714058153
10520,2.258083886291894
10521,8.086699015651401
10522,10.0
10523,8.212401924046855
10524,8.80416909956507
10525,4.51320717855585
10526,6.984245645374305
10527,6.553221526309292
10528,10.0
10529,8.699713481248262
10530,3.5281840345260007
10531,4.720950088685436
10532,7.0674141272074085
10533,7.174211272395391
10534,8.979469029757459
10535,4.503014832733353
10536,6.867604734220976
10537,5.784560479046257
10538,7.298418482786158
10539,8.08839343016717
10540,8.271052398317941
10541,5.622015317252288
10542,3.210877048391723
10543,3.6780242127402794
10544,4.6336324606466155
10545,6.7638536175443225
10546,6.332463797758189
10547,7.979378544498513
10548,7.62434028299678
10549,6.818946953913275
10550,4.025028656890185
10551,4.606255459161767
10552,6.887853409754557
10553,4.725836686790138
10554,6.326565621593128
10555,2.2624068411037834
10556,7.848033210654567
10557,5.264626625559334
10558,5.887895700336939
10559,6.08017404538629
10560,7.416809384062626
10561,1.4295296325476123
10562,7.794454123374468
10563,4.806815263615456
10564,3.8646808976534066
10565,6.162062982850967
10566,9.555578553099497
10567,5.436860267316808
10568,9.588890976919192
10569,1.6517502667400117
10570,5.597170716885374
10571,8.423080619843915
10572,5.521673467623989
10573,4.116205437559749
10574,5.3163493881723545
10575,6.07577215097208
10576,3.520505055913552
10577,6.860919815888039
10578,5.814405000503072
10579,4.505889666805951
10580,7.648895590880962
10581,6.145206205727964
10582,9.438589655705325
10583,7.4503612067509
10584,4.019447585429274
10585,2.305855561197463
10586,4.896458722454003
10587,5.774913768235946
10588,5.606945836855107
10589,3.684772551422102
10590,7.220879486383458
10591,6.5065760584703005
10592,3.4377520347428314
10593,8.722200762520545
10594,6.813803362267525
10595,2.6781317049165194
10596,5.919616660681365
10597,7.756430830161777
10598,5.196758952960739
10599,6.123487991672345
10600,3.2155157324317862
10601,4.643267190514921
10602,8.022731587991107
10603,7.425733392693627
10604,4.57437942764847
10605,8.58300389925412
10606,3.9857742809583527
10607,8.032272284863346
10608,4.3685078092543
10609,4.491367715341966
10610,5.510071644925773
10611,7.0822742645508665
10612,3.449655669425683
10613,6.687306434942332
10614,5.85183420564643
10615,6.754832404145548
10616,3.125133789842888
10617,5.652084697167425
10618,5.4647763863308345
10619,7.311078298570483
10620,4.473752138896225
10621,7.59576713166226
10622,3.9589538514875304
10623,6.836086095221987
10624,6.956720081299477
10625,5.870878313946415
10626,7.814830681274239
10627,7.616608669120355
10628,5.194920607156807
10629,6.487125559807909
10630,6.118387757524454
10631,5.567528202163073
10632,8.726412921884423
10633,5.917122412925069
10634,5.720386051157131
10635,6.851620052907975
10636,8.012230880413934
10637,5.5815551182942444
10638,4.913576340868615
10639,3.913057328964098
10640,5.719880840499258
10641,1.9829753188909855
10642,8.712123185091322
10643,7.632730548186647
10644,8.841949546599903
10645,5.6576059738292654
10646,3.6434356824887373
10647,3.8031316928466077
10648,4.169098757533643
10649,3.076910971747532
10650,7.536818049158441
10651,7.522097397781041
10652,0.9088315519557142
10653,6.564649633482686
10654,8.464618022539717
10655,1.867469174327619
10656,7.745639791280221
10657,4.654507647526979
10658,7.168419089238354
10659,9.773605490753196
10660,5.416369163487386
10661,4.546550586088939
10662,4.003523604688745
10663,2.313185123952914
10664,5.978615118797284
10665,8.175602190668812
10666,9.451035104117512
10667,6.448721855917324
10668,5.422004821470582
10669,5.518341578906937
10670,6.654064266305297
10671,8.53806668180394
10672,3.789760750053385
10673,6.412078768760067
10674,4.516416128175106
10675,8.890169458038942
10676,5.4545744458540675
10677,5.711851230862441
10678,6.728178756001537
10679,2.444906325860115
10680,6.973782007071572
10681,4.806502342653811
10682,7.134278622115099
10683,9.185692736543373
10684,7.70892518267916
10685,5.804497449134023
10686,4.832651855759181
10687,4.455874266819705
10688,5.897688387414712
10689,4.051953117781878
10690,5.87396940294639
10691,4.49272573842268
10692,8.711150833533122
10693,6.017450242503702
10694,2.2298859234273554
10695,8.398443977033713
10696,4.531163888273632
10697,6.440224553419694
10698,9.073337593339721
10699,6.816687441220629
10700,7.458051064732754
10701,8.786202626782636
10702,5.859811344832242
10703,8.269469180017863
10704,5.198811979552907
10705,6.3125275789761055
10706,8.960611152463565
10707,6.798378878364455
10708,6.485921099506828
10709,3.8744849653500917
10710,4.707315529328934
10711,8.223073061016834
10712,4.274891861234354
10713,4.066567203704791
10714,6.260371142097403
10715,3.290902675101716
10716,4.968352449254408
10717,7.4359783535917074
10718,4.19835566886417
10719,5.764976334990248
10720,6.5801005751315165
10721,6.718209979207796
10722,6.115593783835054
10723,4.72406360999876
10724,3.808297924677387
10725,4.929179927252848
10726,5.038390879633797
10727,6.888206198062761
10728,5.570684955843457
10729,8.110319424331395
10730,6.578946392675509
10731,6.269604520779659
10732,5.432647470214214
10733,8.083598632839688
10734,7.999787229400468
10735,4.018179267939304
10736,6.55381221160483
10737,2.8479418119534605
10738,4.953657638426307
10739,3.6938613366891824
10740,7.225336371411541
10741,6.666423578195843
10742,6.007353411635859
10743,3.731487706220689
10744,7.595599864319926
10745,8.14842457866608
10746,7.373072292334279
10747,7.350591989579808
10748,7.759445107261564
10749,2.8307076845884764
10750,4.933406747004305
10751,1.1400136220118355
10752,9.06884319692101
10753,6.556478582744814
10754,4.319854255182465
10755,4.3666832396355915
10756,5.756699299992177
10757,8.582075062140596
10758,4.551000195296108
10759,4.722942826356587
10760,3.548145963398582
10761,7.402278496546677
10762,5.0252459102674205
10763,2.772675157520492
10764,0.6330744744460499
10765,3.301961987584327
10766,6.429277831304788
10767,7.743607596335718
10768,7.554832456499973
10769,1.5629128718950982
10770,5.128857236176622
10771,7.485561486428967
10772,3.93177123632418
10773,6.643059821886641
10774,2.2548247886188735
10775,4.409236491054685
10776,6.529111805004227
10777,4.900503513345452
10778,4.68487331323649
10779,4.848997174178553
10780,3.3800829693553114
10781,3.8611774433217096
10782,7.607671025188912
10783,4.381224567054737
10784,7.70147825790526
10785,3.4722598096125017
10786,5.831026562684377
10787,5.381354594143016
10788,6.652999130568114
10789,8.108549476027738
10790,3.563291844596438
10791,4.326418855680287
10792,8.45738361124448
10793,7.686317084166881
10794,6.428933827116866
10795,6.909562876732942
10796,4.726779204529418
10797,6.162298585085179
10798,2.965999825881778
10799,7.9970909662688054
10800,4.577929878869863
10801,7.672253626675145
10802,5.269096379549865
10803,8.60444482444552
10804,7.217210941464073
10805,3.929394969656368
10806,5.0776601677461946
10807,7.493278881563111
10808,8.569220303014696
10809,8.165123807130648
10810,6.1001030372952005
10811,7.163448209294128
10812,6.047397508772621
10813,6.378048807954597
10814,6.422591028273603
10815,7.530211012546674
10816,8.365208439580577
10817,7.724619103820271
10818,8.05709546265841
10819,2.7973862517355097
10820,8.230777123318378
10821,6.047216097982831
10822,6.673501422018889
10823,1.5080225316702451
10824,4.1586638217933025
10825,6.03823621954696
10826,9.25249206559156
10827,4.8812929633188755
10828,4.797941853951151
10829,6.660743153740075
10830,4.743615507947576
10831,8.025826791441387
10832,5.690368756546791
10833,7.793478172014488
10834,4.9581153933294555
10835,5.998057804352154
10836,7.893110477758567
10837,4.028443930661759
10838,6.64426817354113
10839,5.031830430089347
10840,3.258376510316868
10841,8.045465421980133
10842,2.3091157279205787
10843,7.12581299580993
10844,7.547088941641379
10845,5.281887093030771
10846,7.191830011117911
10847,5.657307618397138
10848,7.502791509230004
10849,5.768759453344322
10850,4.760359804146983
10851,4.265164069045216
10852,5.525008815850803
10853,3.6132566351747712
10854,4.4801311330231455
10855,6.0513518318346025
10856,5.499645340971009
10857,4.9031183906792695
10858,0.940546744847848
10859,7.993309737138375
10860,7.438345199694577
10861,6.048626466344189
10862,5.804410753965508
10863,6.490736834294852
10864,4.907913908644584
10865,4.109883171899994
10866,5.872821229154637
10867,5.9401939881772385
10868,5.662076540990877
10869,7.015755479561944
10870,4.633889193096543
10871,6.7168512231380415
10872,2.4573896092692786
10873,5.120674350409789
10874,7.143656387509579
10875,8.700391491775088
10876,7.047644280304008
10877,4.587144616107178
10878,5.670767462747116
10879,6.65230786094436
10880,3.211533273190139
10881,6.95825951959525
10882,6.073163546919163
10883,5.269240519222777
10884,4.196131442186452
10885,6.419608630594281
10886,4.310781885029739
10887,7.1249519715529885
10888,6.183062737416048
10889,5.403519057224079
10890,5.90946316779956
10891,4.121010381585276
10892,7.407603810821938
10893,7.103612249470684
10894,5.210916958093493
10895,7.360489821561834
10896,4.762300360341888
10897,7.214989495105881
10898,5.514803061215217
10899,2.256838762372353
10900,7.998542738089894
10901,6.188011282215173
10902,6.634427523119202
10903,4.412466305203196
10904,4.332659144086771
10905,2.006609448656886
10906,4.584302267451348
10907,2.944842937016783
10908,6.028304095102612
10909,7.379921469733567
10910,4.892419012524635
10911,7.966018876112967
10912,8.161641343403819
10913,5.758601329411599
10914,5.926771120842283
10915,7.296234008999759
10916,1.7902005956280163
10917,4.398775402882544
10918,3.9830864846684313
10919,5.777108947085502
10920,6.154373938200774
10921,7.129889398972399
10922,5.031575790204632
10923,5.123888069351246
10924,7.798559754955795
10925,9.152168946579522
10926,7.592931346122388
10927,6.048501765679708
10928,2.35821136368215
10929,8.034626149809505
10930,2.8814443269734658
10931,7.482332105615615
10932,3.1053744237622345
10933,6.638286732454495
10934,7.988911866630822
10935,5.723052877502374
10936,2.0973758796302158
10937,5.858750988580112
10938,5.918978448493243
10939,2.401971553395736
10940,2.9124882193963577
10941,3.0782512099233243
10942,6.539585019552696
10943,5.616232009304512
10944,4.397730907343271
10945,8.694579034069658
10946,5.477918374737355
10947,5.565715599853049
10948,7.430129616081856
10949,6.8854217431420235
10950,6.324259898586947
10951,8.984105203262615
10952,6.761521874642176
10953,6.787830387255321
10954,5.394816992397002
10955,6.898284255946766
10956,6.643091916511837
10957,6.663304739948483
10958,9.829738223341703
10959,6.411404803484698
10960,3.8729763877655534
10961,6.349304261489836
10962,2.5252598733053384
10963,4.741687028208735
10964,9.022602825680934
10965,6.555621150140087
10966,4.741299875968623
10967,5.3882660381769565
10968,7.753963748881407
10969,4.376157466434606
10970,5.3999748509723995
10971,7.425225391948516
10972,9.048347732487176
10973,5.774254867482028
10974,3.619064884399986
10975,2.932106615667476
10976,4.809075715352128
10977,7.6727307676664065
10978,4.898792648594878
10979,2.9276402769669883
10980,9.11567831914195
10981,6.738338209011891
10982,7.208365751341784
10983,8.803278432169128
10984,6.59726489332852
10985,8.686111054907922
10986,8.432476155559257
10987,4.146067794559174
10988,6.893042875853871
10989,5.296920315104269
10990,2.752783907528937
10991,4.792068516001446
10992,5.959929698123965
10993,6.273885493018728
10994,6.621378931292023
10995,6.844667970378938
10996,4.946018069049338
10997,5.862477916009113
10998,5.309076189949868
10999,3.0149784119152523
11000,5.847113371619789
11001,9.097086075516271
11002,6.760815941969263
11003,7.391980230676596
11004,8.4322065663624
11005,8.154914394100633
11006,5.798046011948628
11007,7.3860259085602795
11008,1.9765227217034278
11009,6.4243638440597355
11010,5.693593911141404
11011,8.232987639493022
11012,6.083690931657952
11013,3.135683491800032
11014,8.013140783755343
11015,6.598943353463424
11016,6.324427585213935
11017,7.453042149348431
11018,4.1293406336836185
11019,6.909056480156869
11020,6.2650869455803635
11021,7.694054232454317
11022,4.481566697790289
11023,1.9270694920343396
11024,8.245882099071219
11025,1.7712576367318058
11026,3.1307838838396833
11027,8.177736323141723
11028,4.089491126385579
11029,8.334458052980642
11030,4.435557304076307
11031,9.433495451031547
11032,4.1974473313946845
11033,5.408844074352544
11034,5.914490860068861
11035,5.01541063973938
11036,6.364841237094168
11037,7.376370141571272
11038,1.3945048259600075
11039,6.853453771872196
11040,4.548998651905109
11041,9.75334410031024
11042,1.7048554071289792
11043,6.506503739802057
11044,7.3875136421122205
11045,6.918052008130221
11046,6.329515142793875
11047,6.63963459743536
11048,5.8684484621176285
11049,3.18422715432697
11050,2.7200372725042707
11051,8.031271816818526
11052,7.248646310592564
11053,9.582489739929061
11054,8.041191407023174
11055,1.2571946070191133
11056,5.244897982934717
11057,5.969048649939373
11058,5.93280589186404
11059,6.24701390765042
11060,5.7726767898882905
11061,6.257640868521648
11062,6.0136151885017926
11063,8.67770636487428
11064,7.0678103074982666
11065,6.712618871210537
11066,6.211428215152395
11067,6.867332450366959
11068,4.435198764509415
11069,7.404942500478107
11070,3.7491744585279063
11071,7.85155007894368
11072,5.051876630507235
11073,4.5875952662281465
11074,9.902663218223443
11075,6.393344987629402
11076,5.742603764661975
11077,5.02943958557414
11078,7.209836563328388
11079,3.2973139043624453
11080,7.114158742934979
11081,7.602793069760915
11082,5.406283704224009
11083,3.9279561203758346
11084,3.595312317112307
11085,5.736781374746441
11086,3.882694981146762
11087,3.8536073243036126
11088,7.0937303024419816
11089,6.491631377160077
11090,6.984417579137141
11091,3.042114774253741
11092,4.40746002767105
11093,6.847485106169881
11094,4.756388362074636
11095,4.24232407803789
11096,6.6311477786500275
11097,4.379791797169748
11098,5.047456504099449
11099,6.2404750850224495
11100,4.472120332266812
11101,1.8026170362696052
11102,6.17990217114779
11103,7.916480300318087
11104,7.440032601399745
11105,3.02823877137767
11106,7.091126677419515
11107,6.353637460700929
11108,5.49565161755372
11109,7.378171594889858
11110,4.294763419403683
11111,4.552621892543967
11112,7.592255675461168
11113,3.3337475081795187
11114,5.674444499338419
11115,9.846122885268127
11116,7.500051184073152
11117,6.721278260944605
11118,5.013295724679246
11119,6.863505780925214
11120,6.495439445954136
11121,6.634142522069309
11122,6.412180981276023
11123,7.414011733800576
11124,6.052297956493192
11125,5.701597487403605
11126,6.71802196698834
11127,6.060125734512385
11128,8.50247384268695
11129,3.1939009734025268
11130,10.0
11131,7.670682295279208
11132,4.037656745888611
11133,2.7212367515979183
11134,6.475738022281857
11135,6.214628837550705
11136,5.790233909927268
11137,7.623108794128283
11138,6.619097332345381
11139,6.2065094393313585
11140,5.091454692624334
11141,5.119953036612189
11142,4.814362118601574
11143,7.755637259020344
11144,4.6788076787420945
11145,5.1218418071939436
11146,6.902245441041387
11147,7.0040503691297324
11148,7.682708470109767
11149,7.414933209532121
11150,6.154985777906489
11151,9.297990032207537
11152,7.104119719419506
11153,6.762177533681793
11154,5.931809035564539
11155,5.052285149591884
11156,6.70154971792722
11157,5.750511624596715
11158,6.5457291717325745
11159,6.761570129544753
11160,2.5160813970187617
11161,6.370201174802469
11162,7.14736636124305
11163,6.202783854683586
11164,7.6175047547127015
11165,7.224582199525025
11166,7.168917125519927
11167,1.4340991662028753
11168,8.221467727274264
11169,5.50248096545069
11170,7.22793298018146
11171,7.941938961122805
11172,4.060580454880701
11173,8.202445424248282
11174,3.3702502340351277
11175,3.062753799946706
11176,4.6394452513599385
11177,8.967290211861231
11178,5.71007569474748
11179,3.26112930899363
11180,6.826187253958368
11181,8.752366426470452
11182,6.172901670151752
11183,4.3515452518706494
11184,8.835119776022431
11185,8.599653421745876
11186,4.80594591300848
11187,5.992765230203615
11188,4.108970509971719
11189,3.396713427682074
11190,2.5617635891353356
11191,4.869990102681303
11192,4.016563721928364
11193,7.296709730781006
11194,6.133352376615958
11195,3.674438350663823
11196,6.552052147822628
11197,2.52370786481018
11198,7.744027225127866
11199,5.828485340900363
11200,7.702864172250224
11201,7.558068444900501
11202,5.397237755664967
11203,4.7444553710010835
11204,5.98324133807668
11205,9.197323534259763
11206,7.235402938671955
11207,4.789097859495055
11208,6.101105906658624
11209,2.3769582270085605
11210,8.555152326547047
11211,6.941823178048123
11212,4.062166463664616
11213,4.442583715672452
11214,6.283988276819891
11215,5.420746387449143
11216,6.860516596762139
11217,8.544029753777307
11218,7.876727368437404
11219,6.811381310669988
11220,5.582248190180002
11221,5.545431349958401
11222,0.9762121562239067
11223,5.245270054277709
11224,8.604235157497037
11225,6.838206743606467
11226,4.174861746241559
11227,4.694573800165955
11228,7.519792636515799
11229,4.904530959733666
11230,3.711706451590073
11231,3.4682357518487335
11232,5.388112958987712
11233,6.183670277719985
11234,2.403274270415632
11235,5.096213239044322
11236,6.2284444783775195
11237,7.779059100993894
11238,8.932444206960172
11239,9.00434381649471
11240,2.825063574772375
11241,7.645643537503625
11242,7.871623486301896
11243,3.8699043456301
11244,3.6431845846789916
11245,7.169318656685917
11246,6.518255644935426
11247,4.326710703914651
11248,5.031263837062104
11249,7.3708671736957765
11250,8.018571617903
11251,5.951131763530718
11252,6.057977057609957
11253,1.867284966675825
11254,7.638934500394905
11255,5.017891326470007
11256,4.914998691833992
11257,6.978190988468551
11258,7.371605421389733
11259,7.780180447530122
11260,6.323899617274074
11261,4.243786057056684
11262,8.374674244271315
11263,2.0838026009449355
11264,6.884749043528375
11265,4.398016965813433
11266,6.837943618376711
11267,7.337009017331077
11268,6.714112513691987
11269,7.751848060855771
11270,5.72102549466488
11271,7.804729466613653
11272,5.34080585221259
11273,4.960401049714069
11274,6.562497022043945
11275,6.735605650199277
11276,6.513991999797126
11277,5.1833240157662015
11278,6.558071389843342
11279,4.620559266632018
11280,5.5724739723696635
11281,9.695807947754279
11282,3.567486094085478
11283,7.146362934338723
11284,6.64147864176566
11285,4.949069893584672
11286,7.2967724087471435
11287,7.142593272629865
11288,6.577193465341701
11289,4.125643902118528
11290,7.57423514748138
11291,7.045883705420875
11292,5.827397458982855
11293,3.4407500761703096
11294,1.6653256584384166
11295,6.744793326511195
11296,3.8579300026063046
11297,7.637072418504227
11298,8.444379784144349
11299,4.874729195882311
11300,9.03096985452729
11301,8.336069490326597
11302,7.414908777904583
11303,7.0401330880295925
11304,5.218193262133275
11305,6.977401473210309
11306,8.035658859091814
11307,5.967877514571029
11308,5.483821356642447
11309,7.296317201391853
11310,5.615672775002219
11311,3.0952578585055415
11312,6.65461087694787
11313,6.548610444148782
11314,8.936268420918772
11315,4.889020329778697
11316,4.5195570790675825
11317,8.067061669976837
11318,5.960440992554719
11319,8.888501498720444
11320,5.481440332865319
11321,4.878116857130092
11322,2.1782930762502644
11323,5.006858184548989
11324,6.268521047699309
11325,4.269236130081553
11326,6.938157971252219
11327,7.388335955598006
11328,4.209917416612386
11329,6.805177416458999
11330,3.4216545041235538
11331,6.254728259786505
11332,9.026648226572673
11333,2.4899392632050503
11334,4.245502577890102
11335,6.35036198458042
11336,7.478394109417771
11337,8.11425287138201
11338,6.348798383842444
11339,6.556206743351594
11340,4.552581980062303
11341,3.7173159114888064
11342,7.026747916599549
11343,5.649326826064957
11344,5.195420716568231
11345,7.31898060042661
11346,6.513619232135985
11347,4.896765813576172
11348,3.4680329721395724
11349,6.2746333163754375
11350,3.490672610542167
11351,5.57587305602522
11352,9.177158960232722
11353,9.184461855285052
11354,9.259941954838043
11355,5.725245472840041
11356,7.790387537330645
11357,8.419119282666184
11358,4.699533531600384
11359,3.9750521386654105
11360,6.3873904608814875
11361,9.097478662886733
11362,5.844175134102783
11363,3.143407045399254
11364,8.808766044996409
11365,9.102236891419789
11366,3.4562363128177207
11367,5.798632347302517
11368,6.358163393321453
11369,5.076331476120302
11370,7.116922400031191
11371,4.981475990125928
11372,9.262351639777421
11373,8.158202394557225
11374,9.015226463946941
11375,7.039395634223611
11376,6.059926241505057
11377,6.032036183156054
11378,7.15727708039506
11379,8.11826367976309
11380,4.033568720261465
11381,4.144810308519661
11382,3.118940271020271
11383,6.577341580592436
11384,7.1558437702449815
11385,8.25974404636164
11386,1.7769696854617527
11387,5.312302208828706
11388,5.3491227847969025
11389,5.836006057216559
11390,7.354309584595033
11391,6.884253629667038
11392,4.477599667220309
11393,5.0913385237567725
11394,5.697225851613842
11395,3.7867736087579997
11396,5.871286256416827
11397,6.561757306249939
11398,7.584400074460749
11399,2.1111348776336447
11400,4.869343330859697
11401,7.096732539307452
11402,7.6289587074592
11403,4.916172599213054
11404,5.350665376269568
11405,7.406201048097291
11406,7.295380981345731
11407,4.322491848147057
11408,4.468851434155492
11409,3.824017810104811
11410,7.711727967440388
11411,9.199945091124174
11412,3.4674339993704555
11413,5.424772471721149
11414,6.112402880815502
11415,5.056134545442552
11416,6.7827412762283075
11417,6.271526596733123
11418,8.399467616611329
11419,7.228230486083661
11420,5.383994245658123
11421,3.9721224257430734
11422,6.119655668268982
11423,3.3827467775404707
11424,7.707850118293498
11425,1.0409383742137428
11426,2.2316505262433504
11427,7.430677036045755
11428,8.648243507468596
11429,8.055927514535345
11430,3.8056666071118768
11431,2.5390772261213344
11432,4.331946537340932
11433,5.978239209771987
11434,6.087340380062445
11435,3.351437736602969
11436,7.177879244644124
11437,6.160649788527923
11438,7.709368744995249
11439,7.673067562760201
11440,3.671934694886488
11441,4.692069879980729
11442,4.093239267444382
11443,4.897210368035365
11444,4.358255235878253
11445,8.717693067805625
11446,8.045691010989422
11447,2.2808890329601756
11448,5.890437838712359
11449,6.789262962818361
11450,6.257832081678199
11451,6.637969985059482
11452,3.1555584436111124
11453,7.997086853562399
11454,4.463655681380114
11455,5.755358318950977
11456,6.659133527188132
11457,6.594205465107482
11458,7.826944904183371
11459,8.836750618817138
11460,6.703052300652557
11461,6.06257455168701
11462,5.052303457216372
11463,4.824430703368192
11464,6.0289672148420905
11465,6.340976058657828
11466,7.946625301873842
11467,6.979860168965526
11468,5.027986214554729
11469,5.908897992229511
11470,5.0204465899478
11471,8.198717339302362
11472,6.593931599170636
11473,4.045589096428907
11474,5.3155185409326515
11475,6.959179095863073
11476,5.0175890059582
11477,4.2550067606061885
11478,6.090381780219449
11479,6.225301339407949
11480,7.518923786952335
11481,5.919467578880736
11482,6.989979439335042
11483,8.115701281063494
11484,7.438975893429102
11485,7.639827084027033
11486,6.587361740579018
11487,2.3586606518311504
11488,5.943601300228011
11489,7.630679349496413
11490,6.464747595409051
11491,3.004602696970351
11492,7.294704237019388
11493,4.6031794804220265
11494,4.773632260396178
11495,4.697206167923452
11496,6.196606753445039
11497,5.807804668648146
11498,5.231639392161115
11499,5.984064338266218
11500,2.0292060558907203
11501,4.566187283389183
11502,5.3782601263934895
11503,3.543603924466419
11504,4.672426017324554
11505,3.0957688883095074
11506,8.412915139681097
11507,1.120845448319261
11508,6.172276320904949
11509,7.188922586270946
11510,7.864016108840694
11511,6.261553936320451
11512,7.745723754823125
11513,9.986911638278704
11514,4.8775333976547515
11515,6.073774640301334
11516,3.702165728267568
11517,2.4034541892312435
11518,6.216823254509428
11519,6.089521787942751
11520,8.434787144018195
11521,8.926061405270676
11522,4.722636989191965
11523,4.4349744099991035
11524,6.9298433599946065
11525,5.419325126457227
11526,6.372155619776297
11527,4.461814140911037
11528,6.47696295433431
11529,2.2951310218993446
11530,6.961275238637338
11531,5.736232677669079
11532,6.997612182085991
11533,2.7011750440817
11534,3.621305225021232
11535,5.552961822237848
11536,4.4641543536562205
11537,6.06096217261555
11538,7.482722059902132
11539,7.171093598272693
11540,6.463670583458413
11541,5.021586715006077
11542,8.063497528482568
11543,5.701491797162223
11544,4.792378611659024
11545,1.5370341049470588
11546,6.799808763292443
11547,6.152955054320944
11548,7.489762502721395
11549,5.2665970190372
11550,5.530082734971179
11551,6.330696765836776
11552,8.06747633193474
11553,6.495759618735002
11554,4.3948614881433095
11555,3.9719386048497944
11556,5.3302205056714875
11557,6.37384145094565
11558,6.404657942181679
11559,6.621360943735938
11560,6.346961186939316
11561,2.407175734640967
11562,2.8853586991908666
11563,2.253442496469825
11564,5.546853041476881
11565,5.630473931703674
11566,8.562760713825057
11567,5.413303729007234
11568,7.439683884874457
11569,3.7600549780449697
11570,7.389191212607916
11571,7.881217870452592
11572,6.412981830153145
11573,6.4812715614529885
11574,5.352552523166337
11575,7.780622288995116
11576,7.5382606853841505
11577,6.148906073522642
11578,7.4204787786517485
11579,6.159010376710394
11580,3.1780915915828354
11581,6.0925474897047405
11582,6.093206008662831
11583,6.761990579605339
11584,6.398741551958386
11585,2.8840665960414036
11586,4.929539519594885
11587,4.2956044059613205
11588,7.825841284042827
11589,8.82598500791176
11590,5.390353623933013
11591,6.707277990933639
11592,2.436925853052376
11593,2.039662932764008
11594,6.114026547574472
11595,8.01296029963149
11596,3.8155829340288827
11597,5.109831655541139
11598,7.095304153937938
11599,5.119823919954359
11600,2.7699547944988447
11601,5.268144825511631
11602,4.006406877608138
11603,6.235703593012463
11604,6.848572639682105
11605,7.463637597452976
11606,8.66600527726725
11607,4.564922878236453
11608,4.048002511011181
11609,6.502782030976963
11610,6.601893596273233
11611,4.3646829794686255
11612,7.492590494700712
11613,8.765452386298598
11614,5.4360975477808005
11615,7.789226617735334
11616,8.043094623739574
11617,5.438117034942049
11618,7.120452581009813
11619,4.456516256935657
11620,5.431228845055482
11621,7.802637177078869
11622,6.736660800006245
11623,5.1261304357897775
11624,7.499126736655686
11625,6.443376960089607
11626,7.173513721571597
11627,1.2996097056720384
11628,5.920602344330996
11629,7.591076093654028
11630,6.980243987854648
11631,6.6090172189145076
11632,1.738135546565934
11633,3.1694456088116323
11634,8.629216480724875
11635,5.682741580340419
11636,4.6781626189151115
11637,6.050251556005394
11638,5.908408189999642
11639,8.075215130854899
11640,6.070805429984523
11641,4.3506267653033905
11642,9.976689926096352
11643,6.517574942864745
11644,5.761631943057571
11645,4.870633586767495
11646,3.769903235694449
11647,4.735988191545588
11648,2.7650700424260863
11649,7.834016274563863
11650,5.971217100818867
11651,4.6882483111353075
11652,5.36361673629361
11653,4.421628881210598
11654,6.700400428431179
11655,9.208205270366676
11656,6.831776739823302
11657,4.939230817892146
11658,7.408208174302942
11659,6.728973767468495
11660,7.55948484549137
11661,7.063516438680862
11662,5.96342561729663
11663,7.919299447467829
11664,7.309719518395029
11665,8.338361952588535
11666,6.705530332379434
11667,7.758417523250195
11668,6.319599545684701
11669,8.16497293518821
11670,3.8531212350970048
11671,5.016614266798317
11672,4.039793935500951
11673,8.533855076326244
11674,6.598797030700572
11675,4.6936526915682055
11676,8.006985300782477
11677,3.5120198696545115
11678,3.1165151728542995
11679,2.2247783989456953
11680,4.019353373729468
11681,5.44157087555744
11682,6.124362364209534
11683,9.12836587155117
11684,3.6565418833941163
11685,4.043738395534724
11686,3.847165027720238
11687,4.334654716968213
11688,9.813761376534734
11689,7.961396890106501
11690,3.2555606404528628
11691,5.517091558533355
11692,3.4343442866453104
11693,9.295154845322747
11694,8.109535766705974
11695,4.576303113843523
11696,1.8631695119263492
11697,6.100167420467989
11698,9.408164134971416
11699,2.9437896075283163
11700,6.986507084335532
11701,1.1994548849121547
11702,2.6256122443336736
11703,7.212472735122084
11704,8.202898294775277
11705,3.3588897214957187
11706,5.398206002346674
11707,7.338515669409112
11708,6.899105710524998
11709,6.408722446551616
11710,6.7727964128814975
11711,4.087432202597605
11712,7.7533451794640245
11713,1.759144509503022
11714,8.217738784010512
11715,5.912206436667255
11716,5.579774490407757
11717,9.579396294448175
11718,3.0469067682784434
11719,8.74969748704269
11720,7.782641186429533
11721,6.956955705474112
11722,1.2591340847341477
11723,7.243847042573117
11724,9.251491445250325
11725,5.580687303368598
11726,2.486362879788355
11727,8.414781463769064
11728,6.7079441486036675
11729,6.35380930564947
11730,4.065340724952881
11731,5.790553329810365
11732,5.189339782521219
11733,7.446702331045925
11734,5.441520092882215
11735,4.84225680577311
11736,2.35762486367749
11737,7.241659995042513
11738,7.6920554179383025
11739,5.856157366368711
11740,4.666643091597018
11741,3.7333051967349222
11742,5.093568555415292
11743,3.2985452347509048
11744,6.671199386995601
11745,6.5570318711048285
11746,2.2484620280546306
11747,8.055709233953072
11748,1.8418541407139775
11749,5.060135547674388
11750,8.446312349712668
11751,5.836946638306427
11752,7.420568514704146
11753,5.053105372621025
11754,7.843054739752792
11755,8.513420930242914
11756,2.3669756548755423
11757,5.452970193334898
11758,6.522007890860921
11759,5.83866635555461
11760,4.6347571048497604
11761,7.491593028125355
11762,3.842956723393292
11763,6.392793440797262
11764,9.773011144886503
11765,5.2505207435198
11766,6.059220282293655
11767,7.053115052154199
11768,4.828073629452707
11769,7.240705539137871
11770,6.767832526875948
11771,1.7980381009686979
11772,6.38961712953672
11773,6.22328317755975
11774,5.886612797295539
11775,5.4179752450946435
11776,6.571608846921016
11777,3.3097785765087
11778,7.329010435256998
11779,7.769915421400913
11780,6.238449303607135
11781,7.981423854033256
11782,4.314862930250927
11783,6.67986021288087
11784,6.586276087757828
11785,8.470759602745646
11786,8.860132956214535
11787,4.7664406531386545
11788,6.9923161757898065
11789,4.784010458135698
11790,6.388838977095796
11791,4.106463918815904
11792,9.693159219209875
11793,5.901644971629134
11794,8.144063231189438
11795,8.444130880177557
11796,5.13494080063078
11797,8.558485764875286
11798,6.796498576162561
11799,3.4264230405614367
11800,3.863431024350752
11801,7.136585251435152
11802,3.389611944248662
11803,8.005013782819846
11804,5.628125953120057
11805,6.684511918877419
11806,5.044535631005578
11807,7.882767536619387
11808,7.513623062990532
11809,4.461744939786559
11810,8.330338891135266
11811,5.626902512883939
11812,4.82444778539091
11813,5.850092404643105
11814,6.385283001990576
11815,6.056844546181678
11816,6.329903125316322
11817,4.204574061560028
11818,3.679638255147868
11819,5.190463064887162
11820,6.985390686825815
11821,2.9971851573427255
11822,4.538544082165053
11823,4.812104647077429
11824,7.838194946937092
11825,9.926379255492172
11826,7.044783305604819
11827,6.3642395973091705
11828,3.6613253281272327
11829,5.5121756090171985
11830,2.872835288379735
11831,3.170778023814373
11832,3.663816248247453
11833,5.111909215660827
11834,2.9861996399806894
11835,7.278096830381673
11836,5.2478238379878075
11837,4.471358255884399
11838,5.484105739104357
11839,5.368631970223385
11840,6.763223574450041
11841,4.537544977239914
11842,2.8548053415504286
11843,6.251885126109903
11844,6.8416496042484995
11845,4.4353838959155905
11846,9.158610231777496
11847,8.084523003899871
11848,8.012913380553886
11849,3.402927128720247
11850,3.813455464026172
11851,9.124672285776704
11852,6.910829806165696
11853,8.133708286109472
11854,5.254232271403126
11855,6.285555288343266
11856,7.324510506940146
11857,8.010306654750082
11858,7.4097641038436315
11859,6.133284366966828
11860,7.656403480824245
11861,3.711202246228071
11862,6.967129000851471
11863,5.760058709540196
11864,6.246862979740241
11865,5.444065563725859
11866,3.0209518861633162
11867,5.754866528171356
11868,5.516254484890489
11869,2.5053982343960635
11870,3.124040142299875
11871,6.940977747681037
11872,8.907733264472629
11873,5.325596260316583
11874,6.798508622816445
11875,4.7776293543549055
11876,9.503722004121247
11877,4.597471452634142
11878,10.0
11879,8.714056048352338
11880,2.8126859896009497
11881,4.724118623055649
11882,3.319813238445422
11883,3.2077093609853122
11884,5.551750908555575
11885,3.9361190585023023
11886,6.206768404626433
11887,5.010819638809865
11888,1.9146037234575126
11889,7.329413548684979
11890,4.833452848653897
11891,8.22129995191139
11892,1.7537297453167549
11893,6.223957226979735
11894,3.7512257930281034
11895,7.465138598424837
11896,6.613030529342595
11897,5.856889995331634
11898,3.9915419428944245
11899,6.992524215931441
11900,7.739847855061754
11901,7.048211177925301
11902,9.331605684380648
11903,5.048676432944277
11904,7.02464681130188
11905,6.6162592479823985
11906,5.73447700416638
11907,4.69284110699231
11908,9.153339885064305
11909,7.24114133100293
11910,8.5102392436114
11911,4.863010334039441
11912,5.846479406557698
11913,3.15132659207456
11914,5.031911693136327
11915,6.9813752477810125
11916,6.048762744109647
11917,5.613372253542404
11918,6.941407219697679
11919,5.463109333271916
11920,8.701521812317417
11921,8.218825025892642
11922,5.813765069685842
11923,6.067191987448927
11924,4.29900180795908
11925,4.423145712027979
11926,7.949902971088942
11927,3.7562821798706096
11928,6.706834661128378
11929,6.663178021261695
11930,6.1167645485419655
11931,7.833502774677095
11932,6.844023871083808
11933,9.843563606633698
11934,4.7735698037494
11935,3.3375073329532734
11936,4.085543212459957
11937,7.434590042849541
11938,6.080138054003922
11939,7.18828404894805
11940,2.4253127047752194
11941,5.581637236797085
11942,6.091284318881272
11943,5.450996468434452
11944,1.744665868918988
11945,9.401759243256812
11946,7.851391763199277
11947,3.194462087473667
11948,6.034206685287263
11949,3.6156337904537414
11950,4.069356274059151
11951,6.424302409474535
11952,7.469767392701417
11953,6.26450016656384
11954,7.6805234447762665
11955,9.914741033518697
11956,4.555646980012561
11957,5.473981645497672
11958,5.051295912484699
11959,7.068349409034557
11960,4.044443695759489
11961,7.099378733013376
11962,6.847688230023477
11963,9.901251620716398
11964,7.027980967630879
11965,5.363554688556746
11966,8.41403839367857
11967,5.9001612515733335
11968,8.30110882250821
11969,6.395666277981648
11970,4.770020648014504
11971,3.611306002661555
11972,4.3840636143846226
11973,7.547902925418391
11974,6.543103467925031
11975,4.052714749542207
11976,7.703161170247672
11977,4.4422668527694835
11978,2.3233348211903473
11979,5.79948689666948
11980,3.838583797812659
11981,9.482426835831623
11982,7.408413468795968
11983,5.5701988293199065
11984,6.847375842889601
11985,9.325743646582715
11986,5.042863820736342
11987,6.749591798168844
11988,5.450844766339132
11989,6.469457933036949
11990,7.611538491872976
11991,6.341380726391288
11992,4.677569594025244
11993,3.964731439476612
11994,9.258745230787772
11995,6.843624406238164
11996,3.776228804766377
11997,6.510906811431324
11998,4.654380358059485
11999,5.44132066423483
12000,8.663440379989355
12001,7.852864258266606
12002,5.469637698025799
12003,1.6125464226825559
12004,6.660511445962699
12005,4.188610620594748
12006,5.21643990463758
12007,8.971365404284008
12008,8.16670880127824
12009,6.371948375294539
12010,4.2744401200779
12011,4.2486677156723625
12012,3.5669566507029518
12013,4.935559303197261
12014,6.702886055816386
12015,3.9876580585653243
12016,8.035633996853244
12017,3.836609210809888
12018,4.391601708478549
12019,5.106621022182746
12020,5.215497602500248
12021,2.779748342678962
12022,5.117684736268764
12023,4.020591373770121
12024,5.252597227485998
12025,5.33006793813791
12026,4.208838286326894
12027,4.836178938908484
12028,6.386645734743855
12029,4.117096711694417
12030,9.360414469922882
12031,5.018038710609785
12032,5.35386044694232
12033,8.254861430178583
12034,7.658865677167286
12035,9.803202784900172
12036,6.704547794543583
12037,7.626116138033909
12038,9.445394107910825
12039,3.095865196436626
12040,7.694518138321085
12041,6.840679167466195
12042,7.387406507604561
12043,2.695274272267372
12044,5.045774800443905
12045,6.344839163576664
12046,6.753000423919623
12047,4.283518117668866
12048,6.054493786173893
12049,8.203655977425916
12050,6.868568575510581
12051,7.643978840736443
12052,8.79193244698255
12053,7.003551153971625
12054,6.274090041685547
12055,7.646610226593239
12056,8.722053777224739
12057,8.941861306815348
12058,7.024618977314638
12059,3.816084072390747
12060,9.623677855703534
12061,8.029051527300467
12062,5.705975344643398
12063,6.534642972214781
12064,7.7639199951479965
12065,7.7755088998313635
12066,5.336348780640937
12067,9.868122913588532
12068,5.0363423631641675
12069,5.892095290078447
12070,8.300128974678259
12071,7.002079767967471
12072,6.684981185390383
12073,3.5914549735890233
12074,5.828764347797793
12075,8.551909664940045
12076,6.187101046955917
12077,3.064150637366005
12078,3.9753976816586514
12079,5.504490319376399
12080,6.505606794273856
12081,4.506555256702312
12082,2.033385339781471
12083,4.96735701994687
12084,6.837892285446378
12085,6.404348734263503
12086,6.692524746896575
12087,7.991099476980789
12088,7.055987519059813
12089,6.320609511027264
12090,5.357227607121024
12091,3.2980252370450844
12092,6.193573574199247
12093,5.738452490058434
12094,4.995125413821759
12095,1.8757869745158833
12096,6.36943943768963
12097,3.6841005523476524
12098,6.2055441385370855
12099,6.029281230382535
12100,4.524954754914017
12101,7.898515322316865
12102,8.778603644833485
12103,6.03585973114458
12104,6.0166818911605064
12105,8.463260886769074
12106,5.409239429961751
12107,8.17030194478889
12108,5.759300242818886
12109,6.828817596997762
12110,6.830601679359747
12111,6.217650796355565
12112,6.25424767711058
12113,6.189710673189026
12114,7.628300745539588
12115,7.081008274270266
12116,7.097309140805402
12117,6.0005694771949365
12118,5.206993126300862
12119,7.0023061677642575
12120,5.8546418679981995
12121,3.981110496705168
12122,5.11211240343532
12123,10.0
12124,5.716975744363286
12125,8.092891680880001
12126,9.058893519057595
12127,7.29758836875931
12128,7.7394918226782075
12129,6.768290250120361
12130,5.675199980075604
12131,7.76026762290576
12132,4.729486564519189
12133,6.034402986711653
12134,6.1777210298707015
12135,4.741559595732452
12136,4.3146855104476725
12137,1.230746015033815
12138,2.6964744016889957
12139,3.2669674773972623
12140,3.53303345466128
12141,9.206664764144882
12142,8.78247044479414
12143,7.611020767360795
12144,4.536340741790944
12145,8.388397783011545
12146,8.916366240419446
12147,7.6010489340923915
12148,8.004766562606099
12149,5.919635294368291
12150,2.644350567004245
12151,8.186556657491334
12152,7.912072864970307
12153,8.794848889286051
12154,6.843888468113266
12155,6.303926712128736
12156,9.210350515410353
12157,4.266870393916343
12158,7.117861289098461
12159,8.624668610302304
12160,9.50429448576378
12161,2.377419685818714
12162,2.724058282163496
12163,7.574095851734252
12164,6.157535654785738
12165,7.955797741083614
12166,7.895585237670787
12167,6.247965894582269
12168,7.193864189621737
12169,3.5208866278989612
12170,6.683338456970657
12171,5.98154499732448
12172,5.731655131731381
12173,1.4970436184531288
12174,2.7606234020801343
12175,5.91367141231394
12176,7.504581045839778
12177,9.817135908994565
12178,4.904563776006508
12179,7.321327645126868
12180,9.604266865290905
12181,3.5834678826824145
12182,6.827175557162998
12183,2.7358340465812345
12184,7.809682606014714
12185,6.441215811047357
12186,4.155169360578777
12187,7.656913174987286
12188,4.499415529321424
12189,4.950645208365618
12190,1.5787929928764242
12191,7.230223329720927
12192,7.90541403674831
12193,8.446028037968793
12194,6.628559755145187
12195,8.110562026736314
12196,6.463658713905989
12197,6.936907463300962
12198,8.53466754019533
12199,2.7567416024407367
12200,5.3625219180886745
12201,4.644211945935107
12202,2.062163798425667
12203,2.473945413380223
12204,6.338961236302438
12205,4.538806360105101
12206,4.947144571767259
12207,6.113720964525159
12208,2.9836111683524926
12209,5.351760033873104
12210,5.241504193669261
12211,5.088352618108444
12212,8.244281935887896
12213,5.936924207974677
12214,4.250710161351302
12215,4.215971860862653
12216,7.4421189095881335
12217,5.006698107099938
12218,6.016256864913785
12219,5.188320857077207
12220,8.491664873942211
12221,5.3183734443820665
12222,3.3293466675287573
12223,8.337696019460282
12224,4.590813049207399
12225,6.351283010586666
12226,7.740665569793213
12227,8.524389253315569
12228,4.225107943210682
12229,8.25191964537148
12230,7.294560244845453
12231,7.967280649589396
12232,4.703939179352644
12233,8.192014415970121
12234,5.528982196400521
12235,5.958469233426019
12236,8.64886043862898
12237,6.703103017441523
12238,9.178514092782656
12239,4.046443688916557
12240,8.466477780492601
12241,3.1260717925238453
12242,7.515470895989024
12243,6.1585335634717495
12244,6.334001280189772
12245,3.616744574217223
12246,3.399976523518612
12247,6.577498007724284
12248,3.5383177828297154
12249,7.396196229839658
12250,5.610298890393094
12251,9.158888353932026
12252,4.034917999074161
12253,8.878727483119247
12254,6.892451779846276
12255,7.740209658603885
12256,3.6874076551954236
12257,6.029248855549961
12258,5.101243197124165
12259,3.4175827107793726
12260,2.6719681699445226
12261,4.077261241144797
12262,8.027486881668429
12263,6.230566768369355
12264,5.359170970406666
12265,6.598327943702955
12266,4.954706931159879
12267,5.825986221919241
12268,4.855663364519268
12269,6.833517901892243
12270,6.57412508909359
12271,3.137330512800779
12272,3.8846641434365825
12273,5.451159618084351
12274,5.302031211571674
12275,8.639290222893754
12276,6.068870252363929
12277,7.061813349470463
12278,4.0914722159030585
12279,6.838354324402247
12280,6.2669703204636225
12281,6.339950661507487
12282,9.086479355539431
12283,4.283744728133433
12284,5.509390325496481
12285,7.56123698527584
12286,8.066753284334128
12287,4.796562882761401
12288,7.781341910317115
12289,4.133067429489037
12290,4.211678678198879
12291,5.137331694939299
12292,5.270959587314409
12293,7.3433848862486
12294,5.872461461508836
12295,3.1818703868443112
12296,4.2606138559687246
12297,3.8963969391273707
12298,8.212074838363826
12299,4.04383078307705
12300,3.8442647651431674
12301,6.660691188736497
12302,2.5325520692346233
12303,2.1732452614739293
12304,4.06516164195973
12305,3.846719789502472
12306,5.987714516699219
12307,9.132669736625884
12308,4.715318764012913
12309,5.19969798952824
12310,7.284923272236956
12311,5.507244034997675
12312,4.944662290324484
12313,8.014574392490118
12314,6.599402888251362
12315,3.9526432013864383
12316,7.8140766624771025
12317,5.5246688381987585
12318,4.1671040213746045
12319,5.331605899553545
12320,5.918229262430641
12321,6.757033051297002
12322,5.753447376774331
12323,7.506344958132104
12324,4.476677063765948
12325,8.064221462440191
12326,4.077563416569573
12327,9.099477394972212
12328,4.917986485289946
12329,6.7238794760741785
12330,8.36886387270841
12331,4.142118623386273
12332,5.8415599266960765
12333,6.912644433959474
12334,7.851548133893079
12335,6.401707072747811
12336,6.025052671761426
12337,3.0584812864448048
12338,5.84447239780482
12339,6.752732327278865
12340,6.357936899967764
12341,7.111109719637262
12342,7.35428702860481
12343,10.0
12344,3.1105208366882082
12345,2.1063002585154478
12346,4.736687560541679
12347,4.153127105771778
12348,7.5265060050661425
12349,7.031314674090549
12350,8.979537539383294
12351,8.937761854295585
12352,6.492331591766215
12353,5.060807948086901
12354,6.895122071968703
12355,6.737948012083502
12356,8.810512521254598
12357,3.8067054913853062
12358,6.09975239073086
12359,4.651407954430799
12360,4.659490093761287
12361,5.960964465485604
12362,4.681067375617759
12363,6.846598827177699
12364,4.392613226824299
12365,7.940814779445816
12366,8.541976668479878
12367,3.749260192309517
12368,4.519196940361872
12369,8.965982515690468
12370,5.069644771344404
12371,5.45090832611918
12372,5.627541079105911
12373,5.779996002569791
12374,6.864445635610397
12375,7.6709572786169336
12376,8.871736784247423
12377,9.408116746281209
12378,8.916271021787804
12379,6.435033835453245
12380,8.438943955905911
12381,4.3896908934527845
12382,4.87458002618928
12383,5.800321355439387
12384,1.0545251291689972
12385,4.358725831376576
12386,5.245913264262291
12387,3.8138655512796666
12388,3.1753685304094548
12389,6.89258066698374
12390,4.691373538293939
12391,4.8085447664203755
12392,7.415447474161073
12393,5.426254959859988
12394,3.045559362386977
12395,6.038735406127357
12396,8.70689635905918
12397,7.055977130645628
12398,6.672227566813998
12399,4.716266197892031
12400,8.311682924062762
12401,3.714427507196995
12402,7.076477690403204
12403,6.1963393253170915
12404,5.7907470507585765
12405,3.875479805609433
12406,6.195133503187627
12407,4.833282934849518
12408,3.800523180403418
12409,6.348433771155102
12410,4.572933154807537
12411,5.407819881920016
12412,9.045030291547658
12413,8.476448330444509
12414,5.888010111559221
12415,6.152667202008056
12416,4.152272403325492
12417,0.9348703549511601
12418,6.158065651235431
12419,8.89224703567249
12420,4.764935648940897
12421,7.28953281925891
12422,4.886506913725093
12423,8.356839395557188
12424,3.139196755545429
12425,6.441486758376609
12426,3.374411992005796
12427,8.01339599707941
12428,7.442673468046953
12429,4.7643873133701025
12430,7.860855834882994
12431,4.053347901116153
12432,6.0579012124338725
12433,6.436847618481967
12434,8.99996663355794
12435,7.920182601778504
12436,5.166904257872256
12437,10.0
12438,5.537094027657151
12439,6.137275946290137
12440,9.274692941975974
12441,6.834965001936258
12442,4.4492822904873774
12443,8.33354184701314
12444,6.341547858622826
12445,6.51802323495281
12446,5.3180043588139085
12447,6.754900568298924
12448,5.980128445243579
12449,6.642540284840962
12450,8.527816341364362
12451,9.054271584581734
12452,5.710294823164729
12453,7.468919816733072
12454,6.990951986174286
12455,5.092829200982276
12456,4.838647970985229
12457,8.445265065508906
12458,5.826935259420756
12459,0.2308839170622234
12460,6.18033021926588
12461,9.46053101055541
12462,6.0347308585741235
12463,4.389789571838713
12464,7.2040015694192165
12465,7.127638946037049
12466,5.295426764514162
12467,7.671760703254662
12468,7.633838223349089
12469,8.189840912066916
12470,6.328116050606599
12471,5.414944265597245
12472,5.17064477715193
12473,5.531969504880696
12474,7.713860115705943
12475,3.3679384973434408
12476,1.41974350612055
12477,8.598440349901596
12478,9.148058779423247
12479,5.544420813716068
12480,7.71039418598534
12481,4.791115281914006
12482,9.60371239942534
12483,6.395779628185386
12484,5.000181246341624
12485,5.032315280682539
12486,6.087411182234479
12487,6.608915425895406
12488,6.340610157832767
12489,5.14905181738211
12490,6.773297239347522
12491,4.82342794542469
12492,6.234444670972408
12493,5.591674094433785
12494,7.455870197379328
12495,5.841882829643108
12496,8.300219296501396
12497,7.5565883039119495
12498,8.512165747416727
12499,1.864345093585872
12500,3.2172759716152464
12501,3.9245745444163185
12502,6.558922899039012
12503,5.6693005084289485
12504,3.8992321220811705
12505,4.976317663948647
12506,0.8694322500330762
12507,7.322549515178965
12508,8.19381886606325
12509,5.189986189626836
12510,6.853815983172425
12511,5.418523763773168
12512,9.300898271498607
12513,6.145502495696981
12514,5.784766970765278
12515,5.62281586450412
12516,4.22300483426717
12517,4.321390044280175
12518,5.583453009047835
12519,5.994850064723595
12520,7.980819914228318
12521,5.110220072568615
12522,6.459346619918954
12523,3.9967262895250837
12524,6.295116556291198
12525,2.28220936190026
12526,3.824410933893226
12527,6.838779576523807
12528,6.727088950720693
12529,5.568545210771783
12530,8.672891011592686
12531,6.274784137097117
12532,4.573784620764818
12533,6.108128568378664
12534,3.873874493252898
12535,7.028534901322708
12536,4.274229892553566
12537,4.696546663734232
12538,3.490426632809596
12539,5.193502802232976
12540,8.437818884494536
12541,6.9244996704715795
12542,8.570975334523176
12543,5.406932635345305
12544,9.587820094968198
12545,6.250138532562964
12546,6.474639042571951
12547,7.2489004615705355
12548,8.078590085173749
12549,6.25563622691322
12550,5.532740097219619
12551,1.6426040008238627
12552,5.004330044793926
12553,7.395291229236461
12554,2.0403769670938283
12555,10.0
12556,8.374921858043665
12557,8.37182870962074
12558,3.5935023849656305
12559,5.62949460370962
12560,5.278048067912304
12561,8.60394519198579
12562,6.474437161359328
12563,3.311592283826381
12564,7.78501162560884
12565,6.802485546794806
12566,6.32061386134444
12567,3.6321277012812088
12568,6.099840704848952
12569,6.1526329082003794
12570,6.225167192853911
12571,8.49184958870157
12572,5.239211523482656
12573,2.88037666097963
12574,6.885523970772109
12575,5.820020021025252
12576,2.659534207721242
12577,5.550519759423944
12578,5.882468159601915
12579,6.450422803421127
12580,6.278481942069641
12581,5.642446540026494
12582,4.274271185042867
12583,5.748450314055157
12584,7.597922117862046
12585,3.9170764763659585
12586,7.274030504179274
12587,7.987559231453588
12588,2.3086952166084536
12589,3.3540684404763423
12590,8.837721359116282
12591,6.981754595690319
12592,6.24931189752493
12593,6.642484241527027
12594,2.7573263961546584
12595,6.967837398530255
12596,7.8005460166524685
12597,7.284330954845178
12598,4.897832395774885
12599,6.279754418091482
12600,4.309105912145988
12601,5.905355990109516
12602,5.430939077318778
12603,8.64033007942484
12604,9.28161944871189
12605,9.550679006442508
12606,6.2151126701526405
12607,4.3627147610054156
12608,7.181230914723777
12609,4.463027134333525
12610,4.802868620210974
12611,4.469795298805377
12612,5.698931951958688
12613,8.414372101006114
12614,6.509113669428969
12615,4.930010312810781
12616,8.283963924461286
12617,1.9699717916806307
12618,5.101403052765346
12619,6.630786203300251
12620,8.287099729126147
12621,7.853774870450854
12622,5.5000414359766445
12623,6.544379654976259
12624,6.681141437310928
12625,7.325202052212905
12626,6.1444878416718725
12627,5.602753757900892
12628,7.815125931574567
12629,8.141941117699378
12630,7.6745009933592865
12631,5.982617749820888
12632,4.073455983207198
12633,6.838511490713025
12634,4.732325766403749
12635,4.925219268667793
12636,8.122051592600789
12637,7.556460642339042
12638,4.304006136134822
12639,7.612919393316142
12640,4.459084105378925
12641,6.131108027592478
12642,5.547093308439125
12643,7.301281827421462
12644,3.0875326782081958
12645,6.013592993894887
12646,8.31555188658923
12647,6.942879238338843
12648,7.498937987089999
12649,4.456728159432804
12650,4.24327365347351
12651,4.875146053749332
12652,6.695092007517616
12653,6.002841864707042
12654,3.7440709278971296
12655,4.932836693274485
12656,4.727848560660053
12657,7.213907050320184
12658,8.088440764670544
12659,6.078929386647533
12660,6.222460478443722
12661,3.3591520576946725
12662,6.216056539891858
12663,5.766970954682521
12664,4.167658815911788
12665,8.63802386877066
12666,4.810278103225293
12667,8.496148329900013
12668,5.371501060536314
12669,6.544948471861519
12670,5.566326648344677
12671,7.8027129580243075
12672,6.819612951175321
12673,2.8046339748326874
12674,8.697890667002032
12675,4.458497042079239
12676,7.93338713251779
12677,9.989228322766648
12678,8.953431033484081
12679,5.935911662957643
12680,6.692143042889542
12681,6.75552898699544
12682,7.439736044395618
12683,6.519838263748142
12684,6.949855356148454
12685,7.211144117081966
12686,7.389029871173297
12687,8.283353815555952
12688,6.184093839870361
12689,4.543518244242316
12690,8.94655510298526
12691,6.004660709639831
12692,8.187751336581512
12693,7.877914950660628
12694,5.462496478279023
12695,4.62769912438383
12696,4.583851394357684
12697,4.094431162201886
12698,8.302591317519013
12699,6.358994305207792
12700,8.128954460919632
12701,5.450904824141029
12702,5.353577838096879
12703,5.947476665224277
12704,1.4953891033983382
12705,3.0015712969639
12706,6.670525288939013
12707,2.752298148702709
12708,5.8749611591133135
12709,7.687866530272471
12710,6.45646348616488
12711,2.076167507133043
12712,5.266658322980305
12713,5.705311457316543
12714,4.057578512976957
12715,4.905108802895235
12716,7.619327221219977
12717,5.990664778950846
12718,5.116548807979326
12719,4.784099436897989
12720,6.231969186203331
12721,8.839467899661113
12722,4.60120099782891
12723,6.524638546142573
12724,8.340547143816437
12725,6.362191766580741
12726,7.09603325907511
12727,4.747017737396528
12728,8.176959782549766
12729,3.9339033092025573
12730,7.423096881725083
12731,9.20327301912225
12732,5.525350747922166
12733,4.56096796059235
12734,6.7174451533322195
12735,7.513303294683141
12736,5.980597269551264
12737,8.319991163544945
12738,8.113998655904666
12739,8.49382981469967
12740,5.136698697699956
12741,1.9741095966601196
12742,5.868356195609253
12743,8.670264723576146
12744,6.361756013142491
12745,8.773527485246088
12746,4.011375976986254
12747,5.636548621932323
12748,6.125986454628664
12749,4.18483084535791
12750,4.713714944177687
12751,4.017783485881483
12752,7.141512690266402
12753,7.8748375018167875
12754,3.0656303153885913
12755,8.791058595097962
12756,7.182369581157818
12757,8.460876680475295
12758,5.268065988102412
12759,6.715702141157228
12760,8.38722201416937
12761,3.676967967071571
12762,8.761145912352134
12763,2.0628999672188426
12764,4.706085673056723
12765,6.9047992722917915
12766,8.199881512127375
12767,5.367596970665473
12768,5.483232040061309
12769,3.8237281231433746
12770,6.6584487730922
12771,6.5728129731322795
12772,2.6151363163844676
12773,1.507741189591333
12774,7.787418340829356
12775,4.921905372766417
12776,5.182748675610024
12777,7.016607847169897
12778,8.170378114063345
12779,8.082644009185543
12780,7.284682101675789
12781,3.6169467635286585
12782,4.599540472635014
12783,6.980886600456357
12784,6.408171726499656
12785,4.504201349285894
12786,6.8079575952601985
12787,7.62691547199583
12788,4.12685744549676
12789,4.444425097885375
12790,8.599265738461408
12791,6.225613150199795
12792,8.482133771312725
12793,7.193662604795161
12794,6.798525244691698
12795,7.103876206408872
12796,8.201967574799136
12797,4.3515847634695755
12798,7.504312851940563
12799,6.319151731898595
12800,3.26629033023364
12801,5.971485140144879
12802,8.765441460485158
12803,3.8285038183001436
12804,5.306967403078224
12805,2.893549116639094
12806,8.508864792956178
12807,4.507580795101511
12808,4.65071037699777
12809,4.811982773787923
12810,5.763289726356183
12811,7.743904981303798
12812,8.68202474132208
12813,7.731429297412992
12814,7.820537857484386
12815,7.413729734600317
12816,6.305672045065116
12817,4.919234733630845
12818,9.135675495186794
12819,4.739217526072611
12820,8.463834428442226
12821,3.2513050466998914
12822,5.646013630203637
12823,5.012555288236555
12824,9.761832827747732
12825,9.361328385907905
12826,8.552263771620623
12827,6.299695586883145
12828,6.346273062266184
12829,5.899812217349416
12830,9.032991741967674
12831,6.193810650069672
12832,5.2878311599534875
12833,7.709149508042958
12834,7.437812600118096
12835,6.326077955484772
12836,8.848064530554709
12837,5.000699811322312
12838,6.737529566756184
12839,4.289438534588665
12840,8.549727322828977
12841,5.153335627735858
12842,4.064559566956872
12843,6.936214107686912
12844,5.481666171547502
12845,1.9931249784272496
12846,7.625137755432114
12847,4.113548265065496
12848,4.932198132785095
12849,7.525001826325714
12850,6.857790128270576
12851,4.68900253967764
12852,5.726535128017608
12853,5.879089813003756
12854,2.878313375680985
12855,5.657085539699942
12856,4.281770815168544
12857,4.553908664525635
12858,5.17938262713504
12859,4.8077048764806545
12860,8.501188642755633
12861,7.10356230585032
12862,6.489236856268081
12863,8.808766636120005
12864,5.094290601597667
12865,6.246352899020941
12866,7.420983301355998
12867,4.311871974675125
12868,6.5115284699294005
12869,8.76388320759029
12870,4.944290367804815
12871,7.136283249529292
12872,4.385941412248175
12873,7.765829619500998
12874,5.147051329815239
12875,1.8890478183583936
12876,8.100598931128392
12877,4.717731880890367
12878,5.018845652168252
12879,9.018885832947463
12880,7.433812657654109
12881,9.423255833275652
12882,6.169684887906881
12883,7.895897576299567
12884,3.88555313000393
12885,7.5144102646661075
12886,8.534390188339465
12887,6.640327186950502
12888,5.122568434079129
12889,8.378470980391219
12890,4.3587152125442525
12891,8.447526858959757
12892,4.669535578199993
12893,6.796717927472933
12894,3.5346475606676115
12895,5.5439144442191814
12896,5.716246929035089
12897,3.7985709423150142
12898,6.59512770913329
12899,8.328853101222222
12900,1.8104892848111476
12901,7.623285437134778
12902,6.48714711753715
12903,7.5572058365637735
12904,4.751833260548102
12905,9.380250665740588
12906,6.731789818808903
12907,2.127966695483728
12908,6.506659290061511
12909,3.67024872662764
12910,8.954160261620281
12911,5.7496311323837865
12912,3.1073027050737405
12913,6.861665280801306
12914,4.585270824023148
12915,5.150640821431208
12916,6.882572558124803
12917,7.814290692204515
12918,3.3297032439991607
12919,7.02682778504397
12920,6.244872052866299
12921,4.65183183022361
12922,6.830093505826742
12923,5.680140315101053
12924,6.8342724844866645
12925,2.357578584751776
12926,5.254490683060507
12927,6.106869126657186
12928,6.558778483688004
12929,8.377244522583569
12930,4.044214447543955
12931,4.9526806757054205
12932,8.399502317521153
12933,8.164189762770176
12934,4.595491107619651
12935,7.601586523186422
12936,4.748554366134481
12937,7.996054410481294
12938,8.304827015537565
12939,7.1106948029063055
12940,9.62024135037769
12941,4.142899396350293
12942,3.8480645091672616
12943,8.92904962091607
12944,6.5738760039116215
12945,6.112564107460553
12946,6.91372521820195
12947,5.41457544523052
12948,4.873333319902265
12949,8.99348944899507
12950,6.5154421212061155
12951,2.455405260010555
12952,5.701454627414115
12953,6.249794649585457
12954,8.837345246711234
12955,2.2635087650644428
12956,5.2220160326191465
12957,6.1370944750758
12958,8.451175505494087
12959,3.5689635898431353
12960,2.3360178919920775
12961,7.422885101811828
12962,5.392510038805318
12963,4.883798609269153
12964,7.814100364217964
12965,4.592652407898614
12966,2.911383092748563
12967,5.320782649706971
12968,4.958626037394374
12969,4.6564968662267034
12970,6.157145867044973
12971,4.413547689436822
12972,5.5459612876748
12973,6.920945627908652
12974,2.9333928798763225
12975,5.7248485426711415
12976,7.47535177117374
12977,3.0858460614337178
12978,8.412451609141208
12979,8.132253977748963
12980,4.785333404984973
12981,2.855442462980556
12982,9.752900482515367
12983,6.51582474638062
12984,5.137118755562283
12985,2.938175823624652
12986,7.819289916768987
12987,8.139739628512537
12988,7.485763356264561
12989,4.279640239097134
12990,5.929886888308189
12991,4.4699675106136905
12992,5.386755011790113
12993,4.015499459310279
12994,6.716315530742052
12995,6.4764267848729835
12996,4.53350712646489
12997,7.000381964980633
12998,6.475453363267981
12999,6.101771820417631
13000,4.288404484189495
13001,7.754392748333074
13002,9.375949879720482
13003,4.898358469225627
13004,9.031055034183401
13005,1.432286978005462
13006,3.8358963031083837
13007,5.188122000581836
13008,4.318182477698956
13009,8.661113336891415
13010,4.980931940709388
13011,7.329826216401278
13012,7.931472525326946
13013,5.122902138769286
13014,5.419737754695328
13015,6.190714263481061
13016,6.774798958277222
13017,5.949628589837013
13018,2.6504009162252933
13019,4.549323968703469
13020,4.841399281515261
13021,7.1005835421300585
13022,9.129564762983142
13023,5.875815560995733
13024,5.261771789111702
13025,5.84139791190652
13026,5.37760048428578
13027,7.468363835728451
13028,7.730509787493753
13029,4.698703842444399
13030,4.856386834134376
13031,4.705557264369322
13032,3.1631282910793947
13033,6.76921729663006
13034,4.31177996938217
13035,7.514809194800261
13036,7.18194809381298
13037,5.403041641837188
13038,7.1955953093051885
13039,6.44177301170433
13040,4.993102327653723
13041,3.2267436946135635
13042,3.6056559379253117
13043,1.454695722845714
13044,5.488513037564795
13045,4.844448533734297
13046,5.094533252246371
13047,8.711244315517432
13048,7.691542908499754
13049,6.963826632238652
13050,8.245015279999677
13051,4.26694320093804
13052,6.593135308314972
13053,6.943068278732612
13054,8.928715714293977
13055,5.20867504898439
13056,3.550391477386731
13057,2.059921069253477
13058,6.564484558974657
13059,6.000169463080477
13060,6.121846923210777
13061,4.449541774690487
13062,7.231180949667655
13063,9.25771828637463
13064,1.6456814902046601
13065,4.379500592983101
13066,6.977746643616866
13067,9.087743805861212
13068,7.456687250215085
13069,7.531745896247105
13070,4.590527913328703
13071,4.896421470472715
13072,5.991287169017174
13073,6.412011992185402
13074,3.870654931738254
13075,3.581818898349872
13076,4.669973205543335
13077,5.73757151130682
13078,6.229450585145252
13079,4.076298559283823
13080,7.639569518740483
13081,5.787906130926965
13082,4.257389980290611
13083,3.3847710981903525
13084,5.09301665907189
13085,4.537921364300979
13086,5.806861094246697
13087,3.232102062282787
13088,3.2904794049810233
13089,9.234666990148854
13090,7.7605092549751635
13091,7.991249676997284
13092,7.565913766298982
13093,5.946077054139188
13094,3.106850088171022
13095,5.449439941466594
13096,5.9649757223440885
13097,4.101042439971803
13098,6.465990802655262
13099,8.545804334186172
13100,4.180261196653918
13101,5.647053928580085
13102,1.4210173521255243
13103,7.114924499388525
13104,6.724447860085097
13105,6.831436795046695
13106,6.218486839159061
13107,3.749048933607241
13108,8.825766073610511
13109,5.558283136839256
13110,4.515495263612426
13111,5.609098215769983
13112,7.448653260066509
13113,5.9193475818188555
13114,8.731889133110515
13115,6.549654657534306
13116,8.22848117711297
13117,1.7411562575983754
13118,9.796351722093847
13119,6.4926243947355
13120,3.0118228806609735
13121,5.488335896194176
13122,6.80291833265887
13123,5.773407080110468
13124,4.13409693345159
13125,5.27229386364837
13126,4.444659410424002
13127,2.0803791893825294
13128,7.817800498906262
13129,4.652592350326023
13130,7.276910964751789
13131,2.146108831465119
13132,6.089005302109399
13133,5.068739837501641
13134,7.282794384549517
13135,5.04268904310757
13136,2.3706151959482433
13137,7.070885421437971
13138,6.747727481335049
13139,4.820088295142826
13140,8.795699585605682
13141,6.560809004612042
13142,4.4541547939289
13143,8.210383662365317
13144,7.720000277604997
13145,6.027329916296162
13146,7.224790437742469
13147,6.449568263206213
13148,6.515191993159165
13149,7.42831845324943
13150,3.8623957235324475
13151,2.8126518867596064
13152,7.061851464086486
13153,3.598918463369018
13154,4.54554829151364
13155,7.272896080658775
13156,4.779410387158059
13157,4.490043615680717
13158,5.047400218382605
13159,6.784773621529617
13160,5.731711727012945
13161,9.877785143419622
13162,8.167695903980718
13163,4.465067086525382
13164,7.446531282392188
13165,3.784774248785295
13166,2.8961235255099442
13167,6.177543234738802
13168,4.119296433790964
13169,5.580947982850844
13170,7.508571827266213
13171,7.098477760088894
13172,6.284971547128796
13173,9.458076454340715
13174,6.606126269362029
13175,4.457889031719118
13176,5.702592830633477
13177,7.721555043929252
13178,3.470493892332011
13179,8.631505387455114
13180,4.510413197260152
13181,3.5079444895330796
13182,8.103882964344546
13183,5.641860160480444
13184,6.750058652843082
13185,7.226481695208953
13186,7.89049832782068
13187,7.300971253166949
13188,4.416367766206388
13189,4.508907876211224
13190,5.914358439671811
13191,3.317583563469496
13192,8.415679812437878
13193,7.647405864989782
13194,8.253430581714497
13195,6.095106833329496
13196,5.501722984866705
13197,6.2065071463394075
13198,7.485620547059577
13199,6.376503397220564
13200,9.11962396145116
13201,2.656132151701012
13202,5.212282104630585
13203,6.8608377699089385
13204,4.478886520105847
13205,6.174745894739408
13206,4.17374558538902
13207,3.4780455743340255
13208,4.651638341596346
13209,2.569895981208034
13210,2.81087712047458
13211,2.6382258981047877
13212,6.849078525381161
13213,6.925857503678965
13214,4.972959144602163
13215,2.8432736150572526
13216,6.148243052136786
13217,6.236402274672157
13218,7.970810655011758
13219,5.832062133815612
13220,6.514299702001099
13221,6.3623705543034035
13222,9.490531888990697
13223,4.794858781733524
13224,4.153229654908557
13225,7.782129006954886
13226,5.928315111136733
13227,5.5015453717335205
13228,8.571149265234551
13229,9.176532544046708
13230,6.317050971296976
13231,4.1671211042572684
13232,7.690059814943857
13233,0.3750034732491013
13234,5.392846508731175
13235,6.713078095955465
13236,6.484523783009423
13237,7.35431112102372
13238,5.598075159353401
13239,5.3258397283144765
13240,3.6663261291176727
13241,7.865077697745403
13242,5.014784735938637
13243,6.8981388465209
13244,6.048981607549595
13245,4.976935769579724
13246,7.023479399225035
13247,8.270092360975822
13248,4.833334508377036
13249,4.73691852558591
13250,7.846254278250603
13251,5.27975196960754
13252,7.950366233701985
13253,5.585605628083346
13254,3.2880016335730304
13255,5.60371577438068
13256,6.780223194160109
13257,7.100452242761003
13258,8.135256793286047
13259,5.227052830437458
13260,8.542341767477204
13261,9.46811326515036
13262,4.469392000948394
13263,6.50538746466415
13264,3.37692481777691
13265,5.578931148208499
13266,6.525253216190741
13267,4.160219893088785
13268,2.7619817081202944
13269,7.00949019983951
13270,7.658471921192691
13271,5.111333552215931
13272,8.35728560976579
13273,7.833589291771146
13274,8.256137825050937
13275,8.160278645163782
13276,6.34005665966801
13277,6.914012447359475
13278,1.1917353672866122
13279,3.489349919611337
13280,5.298984813636244
13281,6.337238252257393
13282,5.595382279448396
13283,5.298353539690597
13284,4.875169628559948
13285,7.163817176736839
13286,6.5614371491718355
13287,6.752672326132515
13288,5.126215436492846
13289,7.133742738113121
13290,8.652996811415527
13291,2.6421711076355074
13292,4.779290525630924
13293,4.05688069490753
13294,6.8452227476189
13295,7.694595243231337
13296,5.781500601422561
13297,6.1991775903287705
13298,8.181812278530677
13299,5.681333569151524
13300,6.273040852519536
13301,6.233430023222022
13302,4.740430125045878
13303,7.1557194119640695
13304,6.067491618522331
13305,4.3808897917399925
13306,5.893116762925967
13307,6.8327696354846434
13308,4.449859838611373
13309,2.871666137212758
13310,3.1247857691380814
13311,5.511931233272487
13312,1.2236182738310437
13313,5.422789901345664
13314,7.680303828359028
13315,9.03883915713837
13316,4.74621752278655
13317,3.3233302992055234
13318,5.194644150519166
13319,5.6882233295045985
13320,4.537329131109844
13321,5.8481221801412895
13322,7.134982581418635
13323,7.677111848875871
13324,6.912802213717182
13325,3.332413754733478
13326,7.902702024846756
13327,7.16489921035717
13328,6.477461427441076
13329,7.26233860585412
13330,6.869264629887
13331,5.771417773432116
13332,2.0717729021666145
13333,5.315770995043266
13334,2.586886400371691
13335,10.0
13336,1.9233201060239389
13337,7.0961920471757365
13338,8.386219875632703
13339,8.735733428465057
13340,7.834266087092113
13341,9.184880246486289
13342,5.665829879605625
13343,6.211600924020113
13344,2.7485226099972486
13345,3.5341392408039916
13346,3.6252289264200086
13347,8.84938734742532
13348,4.028238382937548
13349,2.7996260308231458
13350,3.289693277755988
13351,2.622460967085969
13352,5.485311759534214
13353,8.139847756561537
13354,8.047601353581516
13355,3.058269839743659
13356,7.205864657547311
13357,3.9715790040372463
13358,8.048800904824514
13359,5.55219785035185
13360,8.224308577070786
13361,6.559373533438594
13362,4.147042562605826
13363,6.930300062688193
13364,5.081307864427555
13365,8.379723675859047
13366,8.396461824042804
13367,5.015363122695916
13368,5.475332114627692
13369,6.624503553257381
13370,4.350650639754549
13371,3.388788602637501
13372,3.8866772440041926
13373,8.126115600381796
13374,6.74465355759143
13375,4.209108571510634
13376,4.929749836827568
13377,6.465291590622569
13378,8.76581798003285
13379,5.098517596460864
13380,2.368152674599088
13381,8.64370062514426
13382,3.996012637170869
13383,7.533375301891045
13384,3.615192223371107
13385,7.702034031750542
13386,3.137485082963835
13387,2.8519624419226766
13388,6.229127625157965
13389,6.50577842166971
13390,8.749959181607045
13391,6.479005094522711
13392,8.186326062694862
13393,5.113810708815468
13394,4.797361617150508
13395,8.966577235998681
13396,8.776091277716214
13397,8.123018743830587
13398,4.7648205693557975
13399,7.094132570544582
13400,7.7634457396831476
13401,6.240053822746404
13402,3.989979616805865
13403,8.539191350274928
13404,5.934936277153012
13405,10.0
13406,4.055095777702098
13407,3.0395072433541994
13408,3.5250010424407887
13409,7.471267067563858
13410,9.249660819672444
13411,5.33213500751693
13412,6.168620562484659
13413,8.622002934665753
13414,5.382260947226705
13415,7.115698444728247
13416,8.430450303640152
13417,5.855602861182782
13418,6.6665878387846975
13419,7.066791832893079
13420,6.902580171725528
13421,4.890856704221685
13422,4.925365478843232
13423,6.461793050730287
13424,8.430127891934415
13425,6.602041868331941
13426,5.654118284759537
13427,6.5049189752727266
13428,5.34377079503216
13429,4.045896942128047
13430,3.8723044518027807
13431,7.847695928752813
13432,7.639730958623879
13433,5.3279984090890835
13434,5.709386152302612
13435,6.204350364090004
13436,8.69399114304337
13437,1.8411917204623351
13438,2.993185199449172
13439,10.0
13440,8.28876758761198
13441,4.317401868801373
13442,6.928039527752841
13443,5.697802637772671
13444,6.147364646904194
13445,6.6734344973877775
13446,9.025104543195145
13447,2.3564547688219064
13448,2.7850109658007542
13449,5.61229275835789
13450,7.747610760409778
13451,5.609751275883591
13452,7.613671314068987
13453,4.858603541462109
13454,8.38605606194085
13455,5.033416555652604
13456,2.6582314570820516
13457,8.048374198139822
13458,8.117822329067492
13459,7.212257225559661
13460,6.341774370953994
13461,4.287183810747969
13462,4.711668529741464
13463,2.9143908998219277
13464,4.061091255885518
13465,1.3192026331766173
13466,7.933971360797134
13467,4.0346271360916965
13468,7.274629127369523
13469,5.079877335908665
13470,6.2626104567583525
13471,5.198080363786976
13472,3.7387368084602137
13473,7.43905344500983
13474,4.882349699826361
13475,7.51114648879129
13476,6.672307157808323
13477,3.923481629416946
13478,3.216555558179138
13479,5.22546279478808
13480,6.405289371045504
13481,4.739535871319349
13482,7.475224847949471
13483,7.495137831157144
13484,5.983900170410946
13485,7.050231104391232
13486,5.583942449547534
13487,5.015220366340845
13488,3.221020309358014
13489,2.6268332522087747
13490,4.237229735187204
13491,5.992252195210369
13492,6.409639506712924
13493,7.472343639325707
13494,4.086462201456285
13495,4.668082713713941
13496,4.889568361353579
13497,6.0356817148629816
13498,6.3593983513047565
13499,7.640108454588246
13500,4.648962131542092
13501,6.756587914701573
13502,4.862170816667876
13503,6.999910134964731
13504,8.413123315899618
13505,4.583997032925866
13506,9.121516330722109
13507,3.5288762434517142
13508,3.492922229025047
13509,8.368768695844969
13510,7.812259950993335
13511,4.004344630101112
13512,7.025678446049946
13513,2.414801453551221
13514,8.42411857584032
13515,7.642324235797447
13516,4.347162140568146
13517,5.985927957537792
13518,8.797659161523331
13519,8.394514366131439
13520,5.948007944775327
13521,5.4009297072631215
13522,4.394680849877231
13523,3.8499737287389895
13524,6.21211069286532
13525,6.012036700551814
13526,3.0901361717709452
13527,4.126300837236725
13528,9.227851712805494
13529,7.35005351355988
13530,2.333219063740575
13531,6.558878492253861
13532,6.91876770362717
13533,2.739817171751297
13534,6.046296059598371
13535,2.9892920574730013
13536,4.908036220036351
13537,4.714016144637457
13538,6.174390308460364
13539,3.921539337465497
13540,4.805854112658373
13541,8.570981996794352
13542,3.4209729613054343
13543,5.206556131564544
13544,5.400046156407991
13545,7.697284705156182
13546,7.613144713430502
13547,8.369100691648423
13548,4.22855759220755
13549,2.6648136263541056
13550,4.941183322512762
13551,7.536042018361004
13552,6.6669086439794025
13553,6.735962327651357
13554,4.329775700655826
13555,6.781524884620492
13556,6.388556258036424
13557,9.918337631846248
13558,6.847977760758893
13559,9.113203369678255
13560,5.636798403466017
13561,4.127968946416323
13562,5.109334214992833
13563,6.812941568365757
13564,6.730344963082714
13565,6.307847072233557
13566,4.497143528857568
13567,5.496097291741736
13568,5.403445421591051
13569,2.5022313447555353
13570,5.098002680774151
13571,6.341365218831144
13572,7.145722865444167
13573,7.267923914104392
13574,9.148383144511127
13575,7.68388587573063
13576,6.100639841700636
13577,8.982489600166357
13578,2.5349199518222614
13579,4.342068795772814
13580,3.7960528798795643
13581,6.002661665541021
13582,4.607728170484707
13583,7.780524224561241
13584,7.056557460532421
13585,8.405517074319063
13586,3.228450102174359
13587,8.100817243294257
13588,1.2814385251628586
13589,8.488902421188264
13590,5.457220990588269
13591,6.045904577756522
13592,8.814980683629473
13593,6.1324289292276895
13594,5.619563649630549
13595,5.469903473499826
13596,8.52919940557997
13597,5.024836109165563
13598,6.502889951042782
13599,1.5955021549881685
13600,8.46913769193052
13601,4.852286116570008
13602,9.334621378056358
13603,3.479951558735414
13604,7.663005807923945
13605,8.151061116947767
13606,5.813660208291189
13607,4.65837183521573
13608,1.321560212907699
13609,3.627433919247543
13610,6.212965653273013
13611,5.452932710744324
13612,9.60397851251332
13613,2.137879297739424
13614,4.94209994456207
13615,4.55865639923796
13616,4.325795575449434
13617,7.133008133088191
13618,7.935357523234499
13619,5.877184822544356
13620,3.4154446724026526
13621,1.9124760420688225
13622,6.06128292946892
13623,6.4284789248830005
13624,10.0
13625,5.454630277019318
13626,6.311142585410876
13627,9.463304917806559
13628,4.964749869205306
13629,3.7253384433762062
13630,3.9187679510298783
13631,8.470452126909208
13632,5.078602795468676
13633,4.745848675978138
13634,6.817650557285643
13635,3.910689074555249
13636,6.3276676125905436
13637,7.354615055798652
13638,4.5856138110536815
13639,5.028831708642232
13640,5.649083054898009
13641,7.52660849126403
13642,7.277430112942591
13643,6.893719246663634
13644,3.339554738233115
13645,3.9584100473994877
13646,9.337185822037243
13647,3.989264375790716
13648,9.02643409609973
13649,4.87995241071725
13650,5.447764799631538
13651,7.404476292084707
13652,6.566014204125935
13653,6.587965194292455
13654,5.674237733130253
13655,6.342564104787295
13656,4.600673797371157
13657,4.126528560824003
13658,2.939711014735721
13659,4.80122695663074
13660,7.679234216792688
13661,7.624025538575604
13662,4.745710493969127
13663,4.983234432548383
13664,7.171576611046419
13665,7.133325630868475
13666,6.784864765663028
13667,6.877709345472872
13668,7.1408655472575155
13669,2.9459379696241084
13670,8.160819349351232
13671,6.413740068843406
13672,8.688854767771737
13673,7.069987686250196
13674,5.334419151203294
13675,5.945164972315469
13676,7.391907428043591
13677,8.594073499521317
13678,6.643698947787721
13679,3.5360417205417005
13680,5.145557552253605
13681,5.423553505902168
13682,5.0842978978007185
13683,7.580147394112187
13684,5.647166791816266
13685,6.600338000579647
13686,5.77294714153938
13687,7.294630629463438
13688,6.753374087992292
13689,7.332339169782208
13690,7.504707250345257
13691,8.775287948798825
13692,4.423660297432638
13693,7.175171340317545
13694,5.02767526023411
13695,6.230736274453596
13696,7.799257364586595
13697,8.075574108146807
13698,5.311874374552069
13699,6.157529930480704
13700,5.129735955034889
13701,3.776373497720237
13702,4.6213403118095675
13703,5.787076213920095
13704,3.3623364444093182
13705,4.547220786552357
13706,8.354732541262347
13707,5.799227105747713
13708,7.516526475402292
13709,8.497421862794855
13710,5.549807347512216
13711,6.517834244803073
13712,5.031066335581899
13713,6.471895957726686
13714,5.011176961111922
13715,6.543371296734096
13716,6.1014820309331395
13717,2.3416699508547105
13718,4.20937579150913
13719,6.978712149758847
13720,8.05302067857929
13721,9.055222601743825
13722,5.005766783833988
13723,3.390672738585676
13724,6.90993052191733
13725,6.378871797436824
13726,1.8041997385260755
13727,6.57146622047806
13728,4.210343148116271
13729,7.05416036690488
13730,7.948761334452485
13731,6.594281344729739
13732,4.128735703637476
13733,8.697558722956375
13734,2.4660716136666396
13735,5.293769822456684
13736,8.254916056729035
13737,3.2975657905554563
13738,5.249352031509332
13739,4.805058489991829
13740,9.487399691861047
13741,5.603713665623874
13742,6.676239813329445
13743,7.727564456694961
13744,5.762661741140306
13745,8.252656091232042
13746,7.018529368698714
13747,9.167315405781935
13748,5.79323882689641
13749,5.265925034669311
13750,6.204244858763422
13751,7.718143924296106
13752,5.281291722848925
13753,8.622500968072487
13754,5.336571352329735
13755,5.976629030063954
13756,5.225192758704618
13757,6.846383662460926
13758,5.229529565530824
13759,7.190072284976164
13760,8.514518097467958
13761,9.348249369841932
13762,4.792472166149031
13763,6.837039937597686
13764,5.772945437825506
13765,4.195029120372409
13766,7.826201417189571
13767,4.174323067134406
13768,5.332906107267958
13769,4.315470952910094
13770,6.4618917972422665
13771,1.283611892038385
13772,6.997471059036628
13773,8.345232148083525
13774,9.298160230110456
13775,4.744513056803534
13776,3.3833587980103434
13777,6.7404801024813175
13778,7.673475448532321
13779,7.526988172725632
13780,7.4782042113899125
13781,5.994183581672425
13782,7.5285602434350665
13783,6.538522929712537
13784,9.39759364540719
13785,3.566839554718845
13786,7.152244069593452
13787,6.90975937075644
13788,5.776432649419342
13789,6.315954872611539
13790,5.290316662857053
13791,4.8790464466036045
13792,7.024948440503181
13793,5.351319148385855
13794,4.966479093516233
13795,4.9870131961455915
13796,5.192240407069141
13797,4.47678784079797
13798,6.315914163897246
13799,7.314930185513402
13800,4.792562736010116
13801,3.6981001616168143
13802,5.423356549710816
13803,2.3363197126554676
13804,4.121196013297023
13805,3.0613509302519617
13806,8.187526535524137
13807,4.1227068781239735
13808,5.436681193102801
13809,4.27808125329412
13810,6.844729687724904
13811,5.498173644034587
13812,7.161896509519146
13813,8.025072530313395
13814,8.328050530717288
13815,4.413658613275401
13816,8.34066431477014
13817,3.696510031447103
13818,6.389081745512103
13819,4.837846429005468
13820,8.298347512369046
13821,9.128986667811812
13822,7.236753891206879
13823,6.542045789983792
13824,6.100005226801917
13825,6.662857414127585
13826,5.314057418042014
13827,4.836282944862587
13828,5.99635800921221
13829,7.680256161474086
13830,3.696797887391206
13831,7.71211443906512
13832,7.751220632301056
13833,8.253943918984097
13834,6.168369609870471
13835,2.807213638631099
13836,4.587179708441949
13837,5.656661225295685
13838,8.51797844297372
13839,5.786345890490821
13840,5.434979612453939
13841,7.9350842316386245
13842,8.1611103002886
13843,8.467594066569987
13844,8.939734903945194
13845,9.699877871247548
13846,2.142209031493663
13847,6.6278326225386115
13848,6.480152380991342
13849,4.885139331682664
13850,4.681787834748187
13851,2.2608545786149645
13852,4.8330061181345
13853,9.725697266977654
13854,5.241106143191308
13855,7.132337236772237
13856,3.523621549003966
13857,7.347474859967784
13858,5.484686646671746
13859,7.568788363992979
13860,8.981095527469503
13861,5.584726741469508
13862,4.769534117213144
13863,8.84335887473004
13864,6.959090867466293
13865,5.78932823065438
13866,6.732346701710736
13867,4.018955729969601
13868,5.1220640232629515
13869,8.097803993367494
13870,8.670130946552796
13871,9.012747794255139
13872,5.890736417267838
13873,9.523391187641666
13874,7.477663933661535
13875,9.10738943623604
13876,6.904750225174192
13877,6.281436549353336
13878,6.2528619940167784
13879,5.547856447411344
13880,7.897819585309598
13881,5.795626994063204
13882,5.498635507045923
13883,7.738974051154757
13884,5.925288732302343
13885,3.48927591657447
13886,6.073893258924237
13887,7.447420391951625
13888,8.2875174877629
13889,8.08461074756288
13890,3.151304641685485
13891,7.258393305333371
13892,6.195329955588644
13893,9.25944812938936
13894,7.126511243869478
13895,6.515173148530344
13896,5.771880950173644
13897,6.796894802549806
13898,5.002460115963557
13899,7.318618678399437
13900,7.114570829152331
13901,6.56454274133539
13902,2.5163428223633186
13903,7.1099034738170905
13904,3.093533316170462
13905,5.643795456942764
13906,5.819224042149974
13907,5.464160633253549
13908,7.2378887093845
13909,7.861188967983175
13910,6.5370537873766486
13911,8.031763016305582
13912,2.6347384712638835
13913,7.238253660020606
13914,0.8814195734419653
13915,5.769845996474449
13916,7.405858215665569
13917,7.982962117676726
13918,8.033483657482295
13919,7.226537944273485
13920,6.414219739048638
13921,2.6929607682544487
13922,5.19867096611217
13923,8.52181846948483
13924,7.114438159643067
13925,5.403008212937334
13926,7.538294315665645
13927,8.308633172201382
13928,6.792130374548557
13929,6.595935483757994
13930,6.353269439784095
13931,7.003137383807054
13932,6.887737929864805
13933,6.381985248919417
13934,7.294387798979144
13935,3.1382925267050736
13936,7.460565228588395
13937,4.113197716985503
13938,2.516956905653307
13939,7.1703510611720125
13940,6.684925792071525
13941,4.402001181714013
13942,3.809562102957662
13943,5.172199362553359
13944,6.783597996971234
13945,6.565528116361121
13946,6.438726330297884
13947,4.503376706103756
13948,8.38000286086838
13949,1.8454965473796872
13950,7.510999997051261
13951,6.979294265240209
13952,4.599009913815377
13953,5.077308237981332
13954,8.144787595881809
13955,4.157945592046234
13956,1.9346839164339145
13957,1.8601118628582705
13958,8.187776377085271
13959,6.332390138098706
13960,5.460193177974561
13961,7.053321319837462
13962,5.79277715765811
13963,8.287992375177005
13964,5.24142574452954
13965,4.743051796263772
13966,5.396666826062671
13967,4.563409765925528
13968,6.026780752975432
13969,5.667576767410511
13970,9.363134606635162
13971,6.105096422785905
13972,8.762070112580894
13973,5.651821682757294
13974,1.508538019104817
13975,6.62442361588217
13976,7.481846718250823
13977,6.3188789427137895
13978,7.295482661228229
13979,6.680876591284363
13980,8.538494239714925
13981,6.674647673364024
13982,4.974661229686221
13983,4.9098939657241365
13984,3.111343350013109
13985,7.521947821450395
13986,7.6432872484453345
13987,7.305045590011662
13988,5.748003105119094
13989,6.570256390566184
13990,1.999828703059547
13991,5.249278539065175
13992,6.93940030929925
13993,7.016968011139813
13994,3.2293994561328647
13995,8.176461531510007
13996,5.914356020856982
13997,6.736516174503244
13998,7.549619162896127
13999,4.3761560318280806
14000,7.723400404144654
14001,9.178618700412567
14002,5.319959884611118
14003,8.838471990923813
14004,7.673934727949401
14005,7.1296743590901634
14006,2.8782658356531448
14007,7.8971622340992855
14008,6.744396421159305
14009,3.4808271101156647
14010,8.428940760797976
14011,3.2271452605661843
14012,3.2421679275598594
14013,6.627548859016548
14014,4.220497782569222
14015,3.125743683587096
14016,5.4789409715915465
14017,6.015623848034315
14018,5.913994521847137
14019,8.451270804128928
14020,9.012338094357892
14021,8.384077628360204
14022,7.05743465735429
14023,7.14027291481301
14024,5.078345569445636
14025,1.4330756842196062
14026,5.87934516725057
14027,8.519624278624775
14028,6.094932501761551
14029,5.924627657854433
14030,4.719777112165346
14031,1.9043395828747025
14032,4.599151500858972
14033,5.408199262692802
14034,8.068782757608044
14035,4.169647437886908
14036,8.398150614968886
14037,7.666969759106302
14038,6.01550774719908
14039,7.615609735429079
14040,8.296277336410535
14041,5.135331802493118
14042,5.277228342016705
14043,6.0240692889790175
14044,3.072403756659486
14045,4.130880222918892
14046,5.137256458818667
14047,4.434283972921952
14048,8.359252237846668
14049,6.492822688835981
14050,4.93343666004348
14051,7.502857572205645
14052,5.982232483261011
14053,3.391978596798437
14054,9.100255990764861
14055,7.186751161898947
14056,6.890989675831118
14057,5.264611512748974
14058,4.921476090300565
14059,4.424654127510819
14060,1.2246533698928126
14061,4.0805017879849395
14062,4.556398904212404
14063,4.353269943689439
14064,2.4546889798734877
14065,1.3265905138565084
14066,9.080110410733692
14067,2.0069131736640915
14068,4.5467126071724095
14069,6.399096317863993
14070,6.810264546451414
14071,4.935630293013141
14072,4.743462325937625
14073,8.230886638248826
14074,5.502920086556207
14075,5.0551747610256275
14076,6.973029295512805
14077,3.684835615970221
14078,7.346906184508591
14079,6.223780729060394
14080,4.074352930069636
14081,7.477454354056965
14082,5.85408611872278
14083,5.050706555654788
14084,2.7089310060056278
14085,5.802386317763329
14086,5.663666046200096
14087,8.232030909644283
14088,6.3017624090841515
14089,6.158712929972247
14090,2.0370647404058566
14091,7.106461791738372
14092,5.707387117877424
14093,2.74388787997533
14094,4.323531175093893
14095,7.18479956054402
14096,7.577570159128634
14097,6.125697644524763
14098,7.172662616700938
14099,7.732025647152106
14100,7.401874082404174
14101,4.673464148592634
14102,4.437048812857314
14103,7.62802593773481
14104,6.390623768418024
14105,5.385350066239843
14106,5.627820534262912
14107,5.736431706951585
14108,5.185986974341992
14109,7.362603466121841
14110,4.397094007169229
14111,2.238867555402116
14112,5.774530014412261
14113,5.0228737933229395
14114,9.980229825514426
14115,6.254299503805331
14116,6.4445939163209545
14117,8.456346632075373
14118,6.918486185649442
14119,6.219466534304807
14120,6.303786753144472
14121,3.6711182971305307
14122,3.9433437196374275
14123,4.814430191854319
14124,5.33595482513474
14125,8.005991501624417
14126,6.915077130700457
14127,8.241370281793753
14128,4.848018322763813
14129,3.3172650471589398
14130,4.135138227937241
14131,5.780633062029832
14132,7.43823363201459
14133,9.932732022233328
14134,6.5695619455510705
14135,6.214111729216966
14136,6.560817466693783
14137,6.450198981777875
14138,4.287850245753221
14139,7.68999482892937
14140,8.801092133031057
14141,7.371924348946019
14142,6.350693630033556
14143,6.354136471504976
14144,6.293332016589123
14145,8.0022631920944
14146,4.401186960569299
14147,4.860119790045258
14148,7.897276721150114
14149,9.650912297912708
14150,2.991600132954108
14151,5.527529923862858
14152,3.0532168391102017
14153,9.618363064256446
14154,6.163961145656488
14155,7.372887283108696
14156,7.828468784380938
14157,5.801335385894003
14158,7.20172424178247
14159,5.298505221312192
14160,3.890400481959081
14161,6.9769117609360745
14162,4.437673698796415
14163,5.123440714678903
14164,8.093657485705638
14165,6.310995619754705
14166,6.87008515898636
14167,8.900003722122811
14168,6.963271901934811
14169,9.37473372763142
14170,6.126655335506518
14171,2.231714639621923
14172,4.129321291191492
14173,6.499405216232139
14174,6.488708664945022
14175,5.044382838935939
14176,7.722531302999091
14177,8.468781951055668
14178,8.031724194541287
14179,6.976414523084505
14180,4.805747564120976
14181,8.838787142878859
14182,5.433080266802768
14183,7.49349165198676
14184,8.453609412270271
14185,5.602512092186894
14186,6.433256393719719
14187,6.172271849621064
14188,6.997454306644799
14189,6.919890725913534
14190,6.122695870552088
14191,8.223415948594601
14192,7.289373257471539
14193,7.3802872346105115
14194,6.953284638243899
14195,4.755279985005824
14196,6.940219077459815
14197,5.840937279317131
14198,5.531605812954672
14199,5.4442292748522485
14200,7.783940734126582
14201,4.139165850285142
14202,4.4075594050403035
14203,5.939118881161782
14204,2.939214531949801
14205,8.523216282051418
14206,4.640992519465717
14207,4.447223550048445
14208,6.5067376046495795
14209,8.87529709516226
14210,9.193808794855784
14211,6.3374780752709245
14212,6.776089691522564
14213,8.411066502178588
14214,7.70335854173016
14215,2.4055960892219366
14216,6.746419726330796
14217,8.906573603291747
14218,9.204080207378567
14219,5.40431099748026
14220,8.489210194328523
14221,2.806430711663242
14222,4.758497466729846
14223,5.1780825680026865
14224,5.800922380564295
14225,7.420053525560071
14226,2.2306345247903265
14227,6.180933469697527
14228,6.638769370760605
14229,6.092696485827318
14230,3.9038435029704175
14231,4.99134569394935
14232,7.224284747915288
14233,5.067197408299482
14234,5.870178657824704
14235,3.8591168579448247
14236,3.650526629067918
14237,3.760013903532358
14238,7.194711892943888
14239,9.096972208857064
14240,4.385553508703965
14241,8.350630050203392
14242,5.198899686024836
14243,3.7320407743914172
14244,5.407866979559272
14245,5.6137304027170885
14246,7.332555927159092
14247,5.101849256450182
14248,6.538121481215896
14249,5.138455120101536
14250,8.985590415630757
14251,3.312318913571569
14252,3.4847956504210447
14253,10.0
14254,6.920103012438956
14255,8.21088791783448
14256,5.369958080897765
14257,4.534436749212782
14258,7.782786337464635
14259,6.146732158125769
14260,1.8113746654354532
14261,7.503505312076813
14262,5.308991512618274
14263,1.8589790903959513
14264,9.587867046049022
14265,5.459929684808245
14266,5.585768929277841
14267,5.354675283135096
14268,4.512269250946195
14269,7.250732732518551
14270,2.6720096152273776
14271,1.8310802420180028
14272,7.374427535716925
14273,7.141598073931526
14274,6.586429130348506
14275,1.869508059589487
14276,7.700717496495417
14277,8.287461098942618
14278,7.762717452347754
14279,7.212529897652093
14280,6.145437675717933
14281,4.910668280896709
14282,1.9557367946647202
14283,4.830381513629686
14284,6.684153888669757
14285,3.8283175602487836
14286,4.685249852600576
14287,9.03712103956874
14288,5.115852051098502
14289,7.851319139346732
14290,6.817847453343157
14291,5.860885171424397
14292,5.986043658245227
14293,7.59564630111929
14294,6.357898602674254
14295,6.4952373181294245
14296,5.974794855150112
14297,5.044038091966378
14298,4.617301241020472
14299,6.275115364355939
14300,8.319110606104648
14301,5.270842276917261
14302,6.443095421271962
14303,6.801280957156413
14304,2.193199728856512
14305,7.112794204159483
14306,3.3487928749624434
14307,8.304604364473953
14308,3.324950681911818
14309,6.175509087910765
14310,3.6952924295968907
14311,7.864307299765382
14312,4.389637972635
14313,7.58644848548569
14314,3.4014266752188886
14315,4.359295292094292
14316,2.8096708710982674
14317,7.718838743923961
14318,6.441654910424527
14319,5.790875830144841
14320,6.332928504343079
14321,6.994027577135739
14322,6.055103837223428
14323,4.6120371592981275
14324,3.8830422869135157
14325,5.375246733744193
14326,9.619541789315397
14327,5.076391100610032
14328,5.492746086942631
14329,4.511321345216635
14330,6.9836228426864055
14331,7.882014272223239
14332,8.474085868793363
14333,9.146961892780132
14334,9.548746108199287
14335,6.256274974656855
14336,5.614087788337244
14337,4.380216241704444
14338,6.422185393930012
14339,7.6703874732279544
14340,8.992740712929065
14341,7.050230035220926
14342,9.299131816279072
14343,7.24078793494497
14344,6.081122728749359
14345,9.652305362182126
14346,5.663014205323856
14347,5.404367165708656
14348,6.567230690796535
14349,4.207139884800057
14350,6.858732442995653
14351,4.385154949117535
14352,8.317471400127907
14353,4.560476584869817
14354,8.42003065404558
14355,6.50137898745653
14356,7.811237192255339
14357,8.324520105847506
14358,2.7869877420065574
14359,7.042220053058511
14360,7.752165596257793
14361,8.3125569837109
14362,6.524359316924344
14363,4.824286863515282
14364,8.522076734339665
14365,2.91311724868392
14366,5.606452603017047
14367,6.698228254622256
14368,5.157140384594271
14369,5.035564877747205
14370,7.53769732657085
14371,4.174398584807708
14372,7.4110107820578985
14373,7.515195586041962
14374,6.696134622846335
14375,5.731983341625467
14376,2.1350682252208273
14377,5.986741905089214
14378,7.224404579974024
14379,3.8245064356229603
14380,6.58678162986255
14381,8.783537200303211
14382,9.272611446223252
14383,7.531968146677386
14384,7.168486251725328
14385,9.589384953496438
14386,8.86000996672792
14387,7.200805935885362
14388,6.969270726562293
14389,3.5843928497438533
14390,6.155275755943854
14391,7.538403520304708
14392,7.214010675676738
14393,2.4855206321467556
14394,7.954154640989122
14395,8.663178189333102
14396,5.336662844500022
14397,6.790586572968212
14398,5.132136320743171
14399,5.504400939856458
14400,1.119615209563097
14401,5.513221980117123
14402,5.853417254119092
14403,7.980574511488939
14404,5.7540940220516665
14405,9.085416949789103
14406,6.4897048601938785
14407,8.141204186059767
14408,7.6649416668890105
14409,6.453282419018983
14410,7.708696452750781
14411,7.677259250683753
14412,6.556851154384367
14413,3.1039464713156626
14414,7.504694850909662
14415,6.9160768313715035
14416,5.758425794427457
14417,5.754408908359906
14418,3.6058725250651924
14419,6.246646965043237
14420,5.190984994493178
14421,8.132792573248226
14422,1.116956652415952
14423,4.456145306082873
14424,3.1894787703584333
14425,7.095583582831688
14426,8.182649080415775
14427,5.51111928356044
14428,6.576078831729081
14429,5.74539059268341
14430,7.4829343598212485
14431,3.6033625651641885
14432,3.1838036638874967
14433,7.068978342752503
14434,5.363311909153007
14435,8.682074981714996
14436,7.854639428148115
14437,7.3486593281269315
14438,6.764968297074734
14439,5.157072733535327
14440,5.949357766226076
14441,3.70194088769086
14442,2.8041195506850296
14443,7.722283002769567
14444,5.618052699850908
14445,3.5274554949945935
14446,1.5909879773881377
14447,8.207300725090478
14448,8.14527288002063
14449,3.1890521908017986
14450,2.842447799487001
14451,6.444396483618077
14452,3.1621824013322595
14453,5.1810794653177865
14454,8.273294327408824
14455,4.057151328272027
14456,7.708256303703413
14457,6.924855389270706
14458,7.136382625149875
14459,3.5995467236455214
14460,4.038921356489219
14461,8.908604945156206
14462,4.20496748671058
14463,9.72225172362321
14464,5.405447230245942
14465,6.995217217622113
14466,2.2352030994945755
14467,3.684847477655228
14468,5.417337428733086
14469,6.691527322525149
14470,8.83205254634142
14471,5.100292506512006
14472,8.866759717289838
14473,4.695104140959486
14474,5.215008768805691
14475,8.979945704305344
14476,4.162986803154829
14477,4.540114110233794
14478,6.050328027877459
14479,8.109143369552706
14480,4.868895824895287
14481,4.585851538002717
14482,0.662889050909261
14483,3.7492892727685128
14484,4.859803567287756
14485,9.126989520752357
14486,4.9078328463727505
14487,9.28939513908698
14488,7.355206749787412
14489,3.965342941535076
14490,3.0763182017189887
14491,5.713976124372384
14492,5.8055490698788415
14493,6.373617939951114
14494,3.1026626135635755
14495,1.7561852887734837
14496,1.9179306833798577
14497,3.8669180414143427
14498,3.7886024075801608
14499,9.447048604786367
14500,8.085204204909047
14501,6.284802742203399
14502,6.1243620241964205
14503,1.597648075797363
14504,4.726990940815293
14505,7.539267893781025
14506,5.103314421781699
14507,7.400203164969771
14508,6.6871460667168385
14509,7.847746391123668
14510,4.715359572740493
14511,4.634962673459396
14512,6.118704593934217
14513,9.390997222254667
14514,5.988168176404683
14515,4.452265155655005
14516,6.780707676718675
14517,4.227129691745865
14518,3.357008890353931
14519,6.120240452002776
14520,6.221670610087976
14521,8.245539300754647
14522,7.296930627196559
14523,2.600524388654504
14524,2.4061973044612364
14525,3.163478387662291
14526,4.414583736849839
14527,6.888301009843664
14528,3.519066410321745
14529,5.510376194119121
14530,6.9880053255012
14531,9.262301679958973
14532,6.559018276860448
14533,8.357129519764616
14534,8.796470357564871
14535,3.4521237021394144
14536,5.065189119941623
14537,8.036825398627322
14538,8.17021876148671
14539,6.946520344886064
14540,3.853018609107992
14541,8.229616553590905
14542,7.631771971641857
14543,7.252112762251764
14544,8.259523450138273
14545,6.417172228361228
14546,3.829124992417552
14547,4.231274181918261
14548,4.92003250412012
14549,7.395194152451643
14550,5.286845486271416
14551,6.128360282872065
14552,2.3010626692084544
14553,7.249781649307726
14554,8.01802118523207
14555,7.379924990098587
14556,7.1640039449557005
14557,3.679355935406609
14558,6.030986705986097
14559,5.987858079396418
14560,8.22590668038005
14561,6.730134120763085
14562,1.976516732897709
14563,8.756192768064416
14564,6.1809457595355655
14565,5.537332875104255
14566,6.643319848699943
14567,3.471592475824433
14568,3.260989387950266
14569,6.214078160717143
14570,7.548789482615766
14571,4.142028357097175
14572,5.962993480014018
14573,8.167048272597086
14574,8.979488244629731
14575,5.456471216927554
14576,1.6603273712374373
14577,4.4585853580228365
14578,5.925934472701416
14579,4.361353730960572
14580,7.387131752316404
14581,0.873483348438165
14582,3.549973862233654
14583,4.856402392239451
14584,4.806240794488573
14585,6.793768792926482
14586,5.090563229088035
14587,7.387520457941453
14588,4.06488838784886
14589,5.716349243835996
14590,8.69337715082916
14591,4.518262381335163
14592,5.5828275590751
14593,3.806749475546922
14594,8.801503243654139
14595,2.2115728275647184
14596,2.426688055259686
14597,8.1251804418891
14598,3.561941122160472
14599,8.91523106605808
14600,4.416352395439706
14601,5.828210978267407
14602,7.024074823596372
14603,6.720037681771233
14604,6.128525762895919
14605,6.364874594553598
14606,8.778773422566111
14607,8.34555979017208
14608,5.642962670176553
14609,7.525156009807567
14610,4.476009835004488
14611,8.209511104982727
14612,7.535949583560786
14613,6.493546019451635
14614,4.410113121511972
14615,7.6070083796348245
14616,4.044876318425217
14617,6.253071502154225
14618,6.6362420820798125
14619,4.064671829590642
14620,4.530512822160354
14621,4.932941955007858
14622,7.4745034414656715
14623,9.449386198354182
14624,6.2039408299608
14625,8.5451505772972
14626,2.0117790706362744
14627,7.664254694254543
14628,7.448311961793738
14629,6.311730897925608
14630,5.808319673515483
14631,7.942875738622428
14632,3.494517389902915
14633,4.607282415372524
14634,4.742989245514169
14635,5.504198057670779
14636,6.046601701837701
14637,3.1664774596205785
14638,5.953891214626157
14639,6.568670939468538
14640,4.983716224228164
14641,5.648746397519681
14642,4.771895102438791
14643,5.475854525847684
14644,7.5734225044770564
14645,1.1502709403805969
14646,5.48072449104632
14647,3.8783846975425007
14648,7.728984640552907
14649,1.643181323861902
14650,7.599112167285103
14651,6.228055514088809
14652,5.813416206649199
14653,2.5361445049256592
14654,4.125329870562289
14655,4.687287884774283
14656,6.323703944323096
14657,6.170080374533409
14658,5.4306665483644405
14659,8.273733290860882
14660,9.284982249682995
14661,4.446774650789639
14662,3.5864966913657783
14663,6.684271285680916
14664,8.860787667453133
14665,7.642990045845137
14666,7.9058006395808595
14667,2.6408643606181355
14668,8.506607731357695
14669,7.8692085308211634
14670,4.7082827223054995
14671,8.415582632090718
14672,8.851033817041237
14673,6.754973673892998
14674,5.996144534919911
14675,6.882844925252279
14676,4.280835619925627
14677,7.396238923393991
14678,1.2968600992832617
14679,6.982652803476528
14680,6.670852397184409
14681,6.110018875588095
14682,4.760966965841727
14683,5.226546612684993
14684,3.574838072484155
14685,6.27303060620144
14686,5.420111077861887
14687,8.283159948517675
14688,9.711413979183686
14689,4.821334484688569
14690,4.56038231475485
14691,4.204033690032486
14692,6.022103264974983
14693,5.278901888468385
14694,4.784924039909372
14695,8.368042576587497
14696,4.061279442578503
14697,2.9310498124370037
14698,8.627501113524131
14699,3.874888800663406
14700,5.206831746162947
14701,5.889722229483159
14702,6.952387279918979
14703,3.7767538893425963
14704,4.779791739260796
14705,2.3071219520923374
14706,3.134443117461136
14707,2.2296590413092576
14708,6.054493490854666
14709,3.747949377409544
14710,4.588098185647922
14711,8.05484055993811
14712,5.335197405956404
14713,5.811736598180492
14714,6.2932159484743675
14715,5.090908490982785
14716,7.236149016513178
14717,4.47697235944163
14718,3.306919898570557
14719,5.827880003211015
14720,7.135493046988886
14721,6.374803638973267
14722,7.893800798465152
14723,4.3002219797743875
14724,9.22989693413003
14725,6.019443116683335
14726,8.076508002595709
14727,8.54214102295651
14728,6.749322901377574
14729,2.5589423703420007
14730,4.690671042317363
14731,5.657085836434701
14732,3.366974755623401
14733,5.171309040327797
14734,3.5827743599764155
14735,1.9923711231776666
14736,7.3644779983869775
14737,8.02875277889351
14738,4.0660072239896685
14739,6.06553328864987
14740,3.158377848470338
14741,6.65626484608732
14742,8.34597540197141
14743,0.8299743688930077
14744,6.0200725021314705
14745,6.991068390677404
14746,5.2924201953500525
14747,9.143576338605786
14748,7.101319329232039
14749,5.886157012410114
14750,8.54520206866016
14751,4.195000532334029
14752,8.53055626118622
14753,4.685543627337257
14754,7.086666165544619
14755,5.047852368962523
14756,4.835110473970195
14757,5.425946153867071
14758,8.16083080353615
14759,4.516531137322029
14760,7.009885410641582
14761,7.049098641435266
14762,3.1095146751891622
14763,7.925491331629919
14764,7.412086327340055
14765,2.926301621982449
14766,1.7641739860549213
14767,5.1992623286897635
14768,5.423221879819675
14769,3.6985243265669525
14770,7.529769486733908
14771,3.451252854495171
14772,5.1749295377989695
14773,5.60053757870908
14774,4.965996047681542
14775,6.008063736311254
14776,8.942533043153452
14777,5.77911873617051
14778,4.434859659790625
14779,7.423887733683652
14780,4.746357020372564
14781,6.650221228157427
14782,7.459107528976948
14783,6.870052901094904
14784,6.312694456514336
14785,7.668193463564769
14786,8.071000221234598
14787,6.407443403152409
14788,3.9821327583614345
14789,6.166538822470149
14790,7.229865620425691
14791,7.423526516578578
14792,6.159154410913091
14793,1.9908938052068565
14794,2.3530044951435602
14795,8.486448176213989
14796,8.095187107224017
14797,7.676486957326922
14798,5.292613853672403
14799,4.879773654222941
14800,8.386109732326414
14801,3.108842882396825
14802,2.0335628967530903
14803,8.60520545851015
14804,5.2397299474622105
14805,8.447572294298283
14806,7.016502872670202
14807,3.987136734522704
14808,8.516918392323479
14809,5.918604211851759
14810,6.916093863014877
14811,7.179294970462862
14812,7.839333801441746
14813,2.3478251282268934
14814,4.843282621697881
14815,6.56335641509412
14816,5.097097277587476
14817,2.117554390679007
14818,4.44546778200676
14819,4.993106514358733
14820,7.763217071424563
14821,4.5220077503098395
14822,8.042269951573346
14823,5.420239333105748
14824,5.063693437432743
14825,4.967422877434201
14826,4.3624310359694185
14827,5.7733759612894575
14828,5.229188677743244
14829,7.556106419401158
14830,4.628501648220529
14831,7.8111770185863065
14832,5.8308742751553115
14833,8.172987584979095
14834,4.144424036445254
14835,7.527016780425683
14836,6.22281041836132
14837,5.997417775779567
14838,5.012948664556971
14839,4.508480690928793
14840,4.4816604694342415
14841,4.3460719946025215
14842,7.907134590268857
14843,6.376440979215752
14844,2.1543734662702754
14845,7.100600810328952
14846,8.41179451794283
14847,5.811454387636116
14848,5.691482918969527
14849,5.468828022327257
14850,6.091824890249192
14851,8.781627799958898
14852,2.1248879943769534
14853,7.089017875333173
14854,8.09038855846946
14855,2.8463679245229145
14856,5.6769423086274475
14857,4.280768423038606
14858,4.975085906742066
14859,3.80203764535939
14860,2.413864568121757
14861,6.657473323364625
14862,1.25796560560224
14863,7.621357191613821
14864,6.328926642903469
14865,7.183487662683257
14866,6.958595706261857
14867,4.24213274963461
14868,6.0514690458192035
14869,3.318167758099834
14870,4.019136811681489
14871,6.8170558451190715
14872,5.341521416620538
14873,6.782332002706403
14874,6.9090089738425435
14875,2.566339109908374
14876,3.7047952822892256
14877,6.015090304367483
14878,6.81227013247007
14879,8.693622509035517
14880,2.0616635233085385
14881,6.662566208731709
14882,5.187846631688948
14883,7.172824658516948
14884,4.092818880227325
14885,4.667133782049763
14886,6.331820220684316
14887,4.970014561676591
14888,7.397971108121784
14889,8.0291415333513
14890,2.9171102641029387
14891,7.105522657455803
14892,4.751598400442948
14893,5.255945930213496
14894,4.942532142292443
14895,7.823831382660419
14896,3.3105493129411503
14897,5.600458096489083
14898,4.595214343507732
14899,4.417027647830015
14900,4.038781704974668
14901,9.556815575462617
14902,7.037511481986185
14903,6.706132032663515
14904,6.762314246476592
14905,4.969977555671086
14906,8.380152862007655
14907,4.692975732725266
14908,6.0596230192453024
14909,6.661658634406262
14910,5.23257276876927
14911,7.199909188310137
14912,4.815724858063453
14913,8.658893730594752
14914,5.901783985471657
14915,7.639992220785643
14916,5.691405237901595
14917,6.896233985256984
14918,1.9259925473179376
14919,4.818676568701645
14920,4.814356210228794
14921,1.3088711044627257
14922,6.161157222378368
14923,6.037488423914993
14924,6.344108557837048
14925,6.818890923878894
14926,3.1968864549825904
14927,4.243693520919189
14928,6.625747080533867
14929,7.559343550517818
14930,4.418505206247755
14931,7.351500105720711
14932,5.558565102071732
14933,9.464160841268153
14934,8.43032269979876
14935,4.5751009885667475
14936,7.833677107298088
14937,5.712222800315249
14938,4.886397911823165
14939,8.420010011007388
14940,8.12281698783243
14941,7.298582856423344
14942,7.654730532538308
14943,8.42833079171048
14944,2.800838198043272
14945,9.429290709563475
14946,8.22123409616982
14947,5.556423703016475
14948,5.572163646135859
14949,5.043358464597464
14950,9.450324215477117
14951,6.683652017524652
14952,7.17040426776849
14953,5.978466427683768
14954,4.24560875729452
14955,3.9943351796886786
14956,7.216529100852522
14957,7.308166659814322
14958,7.592011942275896
14959,5.896576112371063
14960,3.4519308898573917
14961,6.291903061969245
14962,5.023026944550338
14963,6.901190855024344
14964,6.389481157511852
14965,2.8454671143424206
14966,5.658671801997771
14967,6.106097154927073
14968,3.7487778998223584
14969,8.61539373559319
14970,5.737414549343635
14971,9.539578485253461
14972,7.381667654573013
14973,4.764066975291929
14974,5.923834128556553
14975,9.490185685530609
14976,5.464740239765983
14977,6.101073686807759
14978,5.738239607183231
14979,7.915704462746245
14980,3.937422650459105
14981,3.937993175603248
14982,6.516000766803488
14983,7.041539256959415
14984,6.95605960774323
14985,5.473796053754017
14986,4.695315440932932
14987,6.780415380927196
14988,2.106855051557384
14989,9.26767311374061
14990,4.2681426279681025
14991,8.535447801131864
14992,4.40168958259892
14993,5.193133408581
14994,3.6216917006751475
14995,7.830268100618893
14996,9.197371293928839
14997,6.527342419297263
14998,7.267378233703563
14999,6.069365281695516
15000,5.2188868059574105
15001,4.474835473045998
15002,6.94792671008313
15003,4.65458083892238
15004,8.935817278403448
15005,7.835248162140426
15006,7.329401307047398
15007,3.311098531920094
15008,6.082663200402828
15009,5.113965069282381
15010,0.0
15011,7.073367215728563
15012,6.022381557148684
15013,5.126402434600214
15014,8.588146123130137
15015,8.193568735392041
15016,6.320829114157753
15017,2.5093974418275233
15018,6.722988921861273
15019,3.521588489679902
15020,3.5894121599296565
15021,8.697152258316486
15022,7.141352412429589
15023,4.466538244264703
15024,7.527330763473744
15025,6.7387783047605385
15026,5.791322313835842
15027,7.682433614291854
15028,8.019433050221705
15029,5.480715486718192
15030,8.876039401325952
15031,6.928548179799305
15032,7.390228862013093
15033,4.854035529177507
15034,5.629589832840877
15035,5.253276096090807
15036,5.92354214191898
15037,4.463194454453796
15038,8.851066847032083
15039,5.289987559841688
15040,7.172968694181377
15041,5.685054595152614
15042,7.394312990280429
15043,8.09662253469406
15044,4.947766092752715
15045,6.84599252808192
15046,5.070838074323948
15047,5.635941837266801
15048,2.8793291939144154
15049,1.0017544977592563
15050,8.678613467615937
15051,4.843592963564518
15052,6.140816904951818
15053,5.3278823161160656
15054,9.394335712676536
15055,9.270506369195068
15056,6.051878796847446
15057,5.372626908864371
15058,6.852630885892745
15059,5.678766988148458
15060,8.075775840172303
15061,3.958202749119294
15062,6.488960008457168
15063,8.429309535380597
15064,5.490055147935707
15065,7.66665328519886
15066,5.773174767832275
15067,8.567295417997977
15068,6.4723127581967645
15069,6.425459267391825
15070,7.540374869166628
15071,6.26236324857846
15072,7.032263155212203
15073,6.77373610792009
15074,5.036538863326715
15075,6.183426544893126
15076,7.685040178745947
15077,7.2450548689468
15078,7.007252876212735
15079,7.791587950850266
15080,5.963469285663401
15081,6.86199140012049
15082,7.5169622347692
15083,6.212934204469076
15084,2.419076756162317
15085,4.22986445499995
15086,5.658193484621397
15087,4.917594839311574
15088,8.014406654967011
15089,6.750662460681553
15090,7.4609826978066955
15091,3.2529381985573016
15092,6.668057627103991
15093,3.0232741126416314
15094,4.007433324888027
15095,5.382659907595392
15096,7.374084685935399
15097,5.98629793316057
15098,7.068509251632511
15099,5.946508950875337
15100,6.102129880001444
15101,7.043885726654021
15102,8.16226124169858
15103,6.315238324690355
15104,4.970567866574284
15105,2.286518543651332
15106,3.9353036752506325
15107,6.555384948674131
15108,7.523269792149637
15109,4.438707607446969
15110,4.578407255839921
15111,6.724274072374096
15112,3.3557529378587043
15113,5.600157001873821
15114,6.2529486961186596
15115,3.8767996968266356
15116,4.880428793105719
15117,6.206605665169171
15118,4.360517510507965
15119,8.73626030298341
15120,7.705160241305208
15121,5.598843709556274
15122,8.863610247746672
15123,4.301139568385774
15124,6.307503303100721
15125,9.595188084217776
15126,8.401049891283673
15127,6.944169932204963
15128,6.881549233323216
15129,8.082160501756988
15130,7.1799508393796305
15131,9.907170902167401
15132,4.891448109070072
15133,4.201323315260964
15134,7.418673957374104
15135,6.545786415315929
15136,5.979447137892265
15137,6.92089373247641
15138,6.434180545085286
15139,4.690679097040504
15140,1.2649840692757166
15141,8.749542187032965
15142,6.409156604902899
15143,4.88979151285213
15144,7.030125059123977
15145,3.139537153777045
15146,3.2410246270114254
15147,7.5048048780474526
15148,8.073065943659412
15149,4.40834396473471
15150,4.077287978126671
15151,6.4898387636932675
15152,6.475601612370783
15153,3.8750119681132436
15154,6.37830881058991
15155,7.926244787525303
15156,5.31628685825682
15157,5.065015333984968
15158,6.431216288894198
15159,5.901989964519377
15160,3.978250864743992
15161,3.248559718527713
15162,8.46363358289443
15163,2.195531910821948
15164,3.234504275611502
15165,5.1298798001251
15166,4.095348724904282
15167,4.561528738774859
15168,8.3976822202469
15169,4.681256148612362
15170,3.7716899864039855
15171,5.819397574536805
15172,8.921725349802802
15173,5.655447789553367
15174,8.367254368383824
15175,6.970112730657832
15176,4.847340254328102
15177,4.918617246471665
15178,8.478682456896156
15179,3.8650391386824454
15180,8.562947894167745
15181,6.166045590241008
15182,4.355591722098644
15183,8.908901306394439
15184,2.8069168644389877
15185,7.194532217297947
15186,4.394993730116395
15187,5.623888947046608
15188,5.257520917249328
15189,5.981314336466392
15190,7.887977205474282
15191,8.797140655469438
15192,3.3192167916016233
15193,4.9722524438686815
15194,5.445032847517734
15195,7.0293538214195
15196,2.6014041857498356
15197,7.02360423940716
15198,5.455395731195848
15199,6.82449953396176
15200,9.589309785672194
15201,6.066351628042588
15202,2.281452299413325
15203,3.852364703473552
15204,4.792195920548576
15205,5.938034046525297
15206,4.570672502887374
15207,7.522415027941612
15208,2.671376213559622
15209,6.568353882313127
15210,3.9648809988824327
15211,4.374498893733308
15212,7.053039944861094
15213,7.057230650742154
15214,8.503615737523692
15215,7.6953495030266055
15216,3.891807026396309
15217,3.835721017680572
15218,4.6271067903631025
15219,3.7159746074242213
15220,5.890989859106664
15221,8.609946246357548
15222,6.903005999150613
15223,5.383262606800607
15224,6.094611778035967
15225,3.5016938881506148
15226,4.342159366551433
15227,7.731309901069636
15228,4.902560237901479
15229,9.044117267801068
15230,2.8998774621206254
15231,9.257708202511777
15232,3.5715573446954076
15233,2.2400838530599203
15234,5.52819997854465
15235,6.98417773957731
15236,7.268479727787534
15237,7.4456516717518575
15238,3.747262185877007
15239,7.236785666720471
15240,8.28855547892304
15241,3.091560544815065
15242,3.8392558959546035
15243,3.3251410291937225
15244,4.953701710459939
15245,7.2543502421071935
15246,7.9908162900259505
15247,5.338611003480825
15248,4.968449301970525
15249,5.803990877787587
15250,8.899799460479656
15251,8.68290399930177
15252,6.32136869458882
15253,8.698016401635376
15254,6.094471626798088
15255,3.4773579690783567
15256,3.080334643289835
15257,3.3508435067069176
15258,5.336573552186019
15259,6.551170005181476
15260,6.567694922270066
15261,5.769891814445368
15262,6.1279070156027045
15263,6.05871850552875
15264,6.876515953781418
15265,2.792691632347495
15266,5.559116234075338
15267,3.0484096438643546
15268,5.889344190572419
15269,7.324452710469291
15270,6.933672075916675
15271,2.8907429998825647
15272,7.71273663922153
15273,5.705546600777508
15274,1.9728214775931447
15275,9.041556056600498
15276,4.057028702841736
15277,6.690967333479794
15278,6.192533215540887
15279,4.065861503888252
15280,6.696653749483762
15281,8.030490565174217
15282,8.042541250358354
15283,5.526694504819193
15284,7.2175097165193876
15285,6.587199016937708
15286,4.330335645777984
15287,5.3971121506856825
15288,8.004818437952181
15289,6.359862034592471
15290,5.37775497653315
15291,4.096632732378767
15292,3.8712274700404197
15293,1.8438188376443203
15294,6.710001086602592
15295,6.52998324502631
15296,4.9014990429092595
15297,8.097371150264973
15298,2.177889375504882
15299,6.799675017310365
15300,6.200672359449678
15301,9.575327815464071
15302,5.729470221385524
15303,7.50900824053174
15304,6.8919831906188325
15305,7.625734018295697
15306,6.999635726171604
15307,9.463779571543107
15308,5.882521399507725
15309,2.872727531226391
15310,6.680686648372999
15311,4.886599046614299
15312,7.266835474336285
15313,7.954243608477656
15314,6.925680826330056
15315,5.102008772471593
15316,7.134881234056862
15317,4.915721014330605
15318,3.6982373273605234
15319,5.516753776822299
15320,5.916385182018555
15321,7.475669122312324
15322,4.839605070005846
15323,7.144226896945435
15324,9.109503768321492
15325,1.2551138629315557
15326,7.548653536036529
15327,6.639616127429035
15328,6.251229082900115
15329,8.5642466679452
15330,4.5379431296012065
15331,8.977536775885074
15332,5.022241132811172
15333,4.9975733378514615
15334,4.6939571900635
15335,6.364134397391234
15336,6.592572916959549
15337,6.503259820096474
15338,5.892277432415085
15339,5.951169520220664
15340,3.2377009200018483
15341,5.432168893816807
15342,4.7477176742147345
15343,4.196296098324719
15344,5.300590213784812
15345,5.410992074101825
15346,6.52463402277346
15347,5.106815917646588
15348,5.284872267247309
15349,7.16009680881039
15350,7.114595746520414
15351,6.693778606219725
15352,3.4429570824859295
15353,5.177762701947104
15354,2.3314648633675117
15355,8.565362656943424
15356,5.337669245833014
15357,6.205895094414736
15358,8.004386329715093
15359,7.218912988124937
15360,6.452995836367131
15361,5.823787492743623
15362,4.799229987194428
15363,1.2845592479636545
15364,5.620593857679641
15365,6.329245949468043
15366,4.791340880906905
15367,7.9217413071823675
15368,5.226163787787286
15369,4.982646594322385
15370,2.263642990330526
15371,4.355814959444346
15372,4.26408298554062
15373,3.142130261280653
15374,1.6621919485161674
15375,8.292486873650795
15376,8.162066428043667
15377,5.640925658237597
15378,4.7426932649923055
15379,5.786569342801858
15380,8.034579603667606
15381,7.027703553324189
15382,7.372799834522372
15383,4.005801994289689
15384,3.620260005714925
15385,5.772490701348726
15386,8.72760684044459
15387,0.3870995280686582
15388,6.6751504860010735
15389,9.321722529857105
15390,4.399781661471041
15391,6.268086811165924
15392,2.924715218839051
15393,4.753614102796232
15394,5.235586600861246
15395,6.666373603641631
15396,5.081276780706621
15397,6.762380520123873
15398,2.5427528561288737
15399,3.0066564859979223
15400,6.385303270207484
15401,3.0070753089219613
15402,6.589385577956799
15403,7.204299621774039
15404,7.788197277952918
15405,9.415028266681167
15406,6.426482259853559
15407,6.066980114386545
15408,3.8297489577734485
15409,4.720790248315328
15410,5.378014159435114
15411,7.407979159032242
15412,6.236195136452308
15413,7.683948280980831
15414,3.4917348066267646
15415,4.122120101801462
15416,5.772916759050765
15417,8.736922647804237
15418,5.70350617309592
15419,6.385088183313178
15420,5.174771148893181
15421,9.730959867847462
15422,2.2207952391365042
15423,4.067256788645995
15424,8.235357899102922
15425,1.1100178835287038
15426,7.069618551518067
15427,7.593307797250198
15428,7.502322097952435
15429,7.527081795508732
15430,6.355855889317884
15431,3.767998631985657
15432,6.74341560943527
15433,5.315213655117283
15434,5.935464198998902
15435,3.619373335449885
15436,5.685198156934939
15437,4.621460720143531
15438,7.656625403020575
15439,7.544639610823659
15440,4.730292203300361
15441,7.8516803883275745
15442,6.821682349945975
15443,7.00664783642167
15444,7.071600597200252
15445,5.891115572462079
15446,3.678481362369591
15447,5.429822881771864
15448,3.4464847717508253
15449,7.921495800182172
15450,4.470061477019353
15451,1.4086775241536658
15452,5.256253618339096
15453,6.044643060655233
15454,4.211824954908652
15455,7.673629770032917
15456,6.362189422505049
15457,9.269609289069384
15458,4.62219943933595
15459,6.515394903248005
15460,5.321505213741284
15461,8.953049972734508
15462,1.2699903206410157
15463,7.215311271762096
15464,6.21167654680076
15465,8.345863599819296
15466,6.084597666128895
15467,9.130864385283596
15468,5.637215357847955
15469,5.494143835583827
15470,3.9790367724087927
15471,3.6173136423044303
15472,8.393371566890744
15473,6.680993976277271
15474,8.238701585090244
15475,3.957446620769684
15476,5.890183600193891
15477,4.533593818184512
15478,6.636071490933321
15479,4.940837853962875
15480,7.985557288436635
15481,7.728979416748089
15482,6.446983646521376
15483,1.5772791111094977
15484,9.73097409783405
15485,5.834069118343903
15486,6.574258868608581
15487,5.135501141877702
15488,9.368989434528945
15489,8.351384233884925
15490,2.514732511898715
15491,4.35560568147343
15492,4.449234257440339
15493,4.408690779216767
15494,4.094902955074428
15495,5.036911129606618
15496,8.72526300560332
15497,4.260948829851079
15498,3.9032709290296275
15499,6.602281334395614
15500,7.1857714760517535
15501,5.085070804307219
15502,7.945918851108393
15503,6.902208690394202
15504,6.807209852176602
15505,5.1197313740274115
15506,8.384733654030413
15507,4.023454062362953
15508,7.682202049526191
15509,4.376964076656874
15510,6.189565103714218
15511,5.602699309176897
15512,3.0679295577706718
15513,5.158110912049843
15514,7.107740044573664
15515,8.19752185023947
15516,4.219171342819891
15517,5.46980798825698
15518,6.9412079970695615
15519,8.048825984480567
15520,2.717925396658598
15521,3.8116136248359265
15522,4.28706651369934
15523,2.314873504732854
15524,3.9704227176769127
15525,8.049421737840133
15526,4.471617808748475
15527,7.032817168369544
15528,2.0244645535572503
15529,6.014676194584622
15530,3.179295870029674
15531,4.763691584742352
15532,2.580544074274126
15533,7.982153466494268
15534,8.339991522624537
15535,6.5077481880365475
15536,4.722270413313226
15537,5.9063745933548795
15538,6.185438646548226
15539,5.162803875489288
15540,8.735228171112505
15541,7.028990697013065
15542,5.437424732956422
15543,6.907069331545299
15544,3.548186698415375
15545,4.289399494421849
15546,4.054164469651514
15547,5.1057314717831686
15548,7.414722244929621
15549,3.9821333686464357
15550,7.458700523350621
15551,8.1385201024932
15552,5.335536162966408
15553,4.2971048412357735
15554,8.62381513054033
15555,5.779270717521945
15556,4.176184201645178
15557,3.8220855275532015
15558,2.0898245183374557
15559,6.143406994898754
15560,9.379925126717067
15561,8.188796210613521
15562,7.45512350517512
15563,6.21026278478211
15564,7.83926432536115
15565,5.298167952045807
15566,6.256780267781805
15567,9.164646444569112
15568,6.10387183430592
15569,4.045620546344281
15570,8.865926617322023
15571,5.779176916541873
15572,3.905002821057672
15573,6.520463237492558
15574,5.951525466205304
15575,3.0960640095421414
15576,3.2321085400592864
15577,8.719682602078006
15578,6.195387454244946
15579,5.86993938152801
15580,3.179554353085435
15581,5.6077557626887184
15582,3.494272912103762
15583,3.7728315735192117
15584,2.7631184499155186
15585,2.1455488431783625
15586,6.762713702542719
15587,3.9412579112637722
15588,8.06627647942291
15589,7.0878904857751515
15590,7.214268848733614
15591,2.1486192199587757
15592,5.8013405907594136
15593,3.557527258375738
15594,7.355840780739183
15595,7.530155139313974
15596,7.3746358531540865
15597,7.851959807538924
15598,8.525428624463887
15599,7.35258555000545
15600,5.728847992617892
15601,5.853005205137367
15602,4.721194239183967
15603,7.274238033245889
15604,7.421092638930004
15605,3.7229070048707396
15606,7.293510377759729
15607,0.8418436374621381
15608,8.198211220579678
15609,8.429376114300904
15610,5.4733765472984635
15611,3.129994609506707
15612,5.6014510631157135
15613,4.956465951350645
15614,4.9360477608139774
15615,7.767600330942242
15616,5.6532696717960045
15617,3.899387997981228
15618,5.03599377582421
15619,4.354986030546376
15620,5.326769353328219
15621,4.745712256930976
15622,8.213156573632887
15623,2.5329307912686225
15624,5.159252402837993
15625,6.253636656138754
15626,2.3871621085076917
15627,4.730391482541765
15628,8.739531146419797
15629,5.669367854836306
15630,4.523802626531337
15631,4.33840435281925
15632,3.0140238697252797
15633,2.773169436764428
15634,7.615575232375731
15635,4.206010299780227
15636,4.437419570184442
15637,1.5253643473056036
15638,5.371152024402537
15639,6.592252675983506
15640,6.578122561935905
15641,7.648218447634759
15642,6.630026012815501
15643,5.664901707924621
15644,7.016930138608888
15645,5.439608401584282
15646,3.0163132773547394
15647,4.662219690435897
15648,4.0578161201825775
15649,4.775350706242026
15650,7.757024812687169
15651,5.647821051144885
15652,4.6629916873504
15653,8.008187891268188
15654,3.1475289147088423
15655,7.570308462383295
15656,4.359888227464227
15657,6.255265010265157
15658,4.123341329967456
15659,7.094325022021138
15660,6.11024805565483
15661,7.850125867513858
15662,4.119998605224709
15663,5.298851573475658
15664,8.705858098218298
15665,8.564347350943988
15666,2.8065974453309654
15667,6.5412377611876185
15668,6.270863247637715
15669,7.101470916235476
15670,2.011793100449381
15671,6.538059408604479
15672,6.507333690751185
15673,6.667358717798072
15674,5.818815061060403
15675,8.351756339081513
15676,8.57262763123968
15677,4.567552393587819
15678,7.611543778511399
15679,4.965885072146534
15680,6.426186876821701
15681,6.220998230058941
15682,4.1777246344148
15683,8.874369296894374
15684,4.574621508432857
15685,3.1451768073617363
15686,8.118172438273186
15687,1.3640812208102548
15688,9.343484839635899
15689,6.680971329685594
15690,6.030427646309295
15691,5.919354985811477
15692,7.499665016150281
15693,7.128767908420495
15694,4.848637593385982
15695,4.435184634340698
15696,4.0905512057847115
15697,8.480803166110588
15698,3.5726121997086064
15699,6.671243474350308
15700,4.15574727336434
15701,6.068530915970071
15702,9.141522992739231
15703,5.900373471744805
15704,3.9943554574228592
15705,4.2416021208631225
15706,4.519675744961466
15707,5.929907267406161
15708,1.9984727853429942
15709,6.07948892415005
15710,6.007555985422933
15711,6.5864172559748715
15712,5.298021382161234
15713,6.464612886124981
15714,3.9230350764703728
15715,2.404257509268728
15716,6.2617105026882705
15717,8.852254524669632
15718,4.252909981169071
15719,4.704100014559138
15720,6.614804061409498
15721,6.40865773619905
15722,6.973819896637066
15723,8.730838695885884
15724,2.795020009575601
15725,4.976781527010078
15726,6.151381555518805
15727,4.602968332933805
15728,6.404164717143505
15729,9.714742715303151
15730,6.727988098903297
15731,6.041433808437899
15732,4.416910390307325
15733,5.295429966274091
15734,2.107405364913347
15735,2.809080510695132
15736,5.455235210440888
15737,5.04296870798119
15738,4.389076849829643
15739,5.434971689584215
15740,3.3056313126943584
15741,1.3454127194660064
15742,8.263315792735598
15743,4.5427031214639895
15744,6.434612168467755
15745,5.425806733853296
15746,2.3097907377600135
15747,7.011282104674139
15748,5.144047845358893
15749,7.063041803181458
15750,6.615122749417273
15751,3.728638022931287
15752,6.195940831618088
15753,7.914878856403174
15754,5.099745476439777
15755,4.7378666092107995
15756,3.3473767361780236
15757,4.208294278504126
15758,4.711319197136193
15759,8.343182584978388
15760,4.031934736878927
15761,6.990076454560014
15762,3.3068481891327703
15763,2.818648321766499
15764,3.752147027875046
15765,4.699940982582504
15766,5.185568676891915
15767,3.7113909895097046
15768,9.161038445103848
15769,4.645118640573623
15770,5.023638009954698
15771,5.012100172534239
15772,5.310779395294295
15773,8.283302895626901
15774,3.6242086106787523
15775,4.036351880076685
15776,7.7765203814227855
15777,5.953711386021559
15778,6.840446925569802
15779,3.3796090803943413
15780,6.4926039048807285
15781,8.732574494774294
15782,3.7618094966355478
15783,7.5494853368186865
15784,4.149704982105629
15785,8.454533138328545
15786,4.18314255520024
15787,5.743773318451847
15788,7.068534958071176
15789,8.219678266304484
15790,3.7579397864057342
15791,5.18932118849749
15792,4.373421837204912
15793,6.639778102905444
15794,6.495919731228506
15795,5.67019173180528
15796,5.745811845309073
15797,9.816450730618818
15798,7.059489959149778
15799,6.074714708433813
15800,6.9740879701330325
15801,5.036957540728825
15802,6.917177542499939
15803,2.8012784550063423
15804,7.463234396136423
15805,3.5691980129852037
15806,5.097576781102637
15807,7.63320865855493
15808,5.948485960245266
15809,8.468250017265783
15810,1.4378137628463967
15811,2.6390352299639876
15812,6.099728329021779
15813,7.7518664927407475
15814,4.693208371917271
15815,4.80104680522694
15816,4.394353855805532
15817,6.381868186412548
15818,5.692930634873044
15819,5.054746235681891
15820,8.98619938101517
15821,5.408643670549489
15822,5.775809634428746
15823,4.888250970114644
15824,6.617691270626347
15825,7.714731938479117
15826,6.04955736487323
15827,5.324453796067846
15828,5.284569303930977
15829,7.101241571479552
15830,5.8764073036139255
15831,8.757538088676089
15832,3.559203405985322
15833,5.698969740637368
15834,8.101951450665368
15835,6.481522970041878
15836,6.907949207982815
15837,5.331716525386236
15838,4.350728536755692
15839,6.980742399175389
15840,7.215042397798763
15841,4.221360015164485
15842,5.606835830248583
15843,3.863359114630944
15844,6.245325995681017
15845,6.596891996138856
15846,1.416281341124591
15847,1.6588178709492012
15848,2.2403684109623323
15849,7.676375997561672
15850,9.473832343146924
15851,4.458383770369498
15852,6.649311346233677
15853,6.475012958189634
15854,6.452855657875169
15855,6.604861832399926
15856,7.7776409117481435
15857,8.473905337128002
15858,8.915725746875957
15859,3.1614952349674104
15860,4.679883533225215
15861,6.3012867541804045
15862,8.388452160289741
15863,8.336964603961238
15864,8.667816350482585
15865,7.526669614268717
15866,7.941627675511006
15867,7.147301056650672
15868,5.701507233144749
15869,4.497984295562903
15870,3.8967628067496234
15871,8.561662754265257
15872,4.723719421033644
15873,4.558692049005696
15874,1.3675720777690465
15875,7.3252673005330475
15876,9.68750545369052
15877,3.1454844375265596
15878,6.582244406585559
15879,7.243436286013976
15880,7.128437081441782
15881,6.476242720677192
15882,7.002698269527489
15883,7.681890734708137
15884,6.790819708221465
15885,5.437090576010043
15886,5.925581727649085
15887,9.531854079722113
15888,5.2752822398960975
15889,3.451494240414581
15890,5.789721250734061
15891,5.57963330152972
15892,7.54808788603402
15893,5.782752654760195
15894,3.5345825652214664
15895,9.378055077610307
15896,4.681345076200561
15897,3.423521114718677
15898,5.686205437301208
15899,8.504108862434865
15900,3.069128876927577
15901,7.239871564196271
15902,6.339007311340968
15903,7.100623949370725
15904,4.840144411516993
15905,5.035568298185664
15906,9.186193280129554
15907,7.643590650375694
15908,6.097539740584801
15909,9.094187852477788
15910,4.455222894290541
15911,7.426372764780305
15912,5.66805077312628
15913,3.0402565595748148
15914,5.067860204229056
15915,5.458471744644195
15916,8.070554381177828
15917,7.5096202477153415
15918,6.640463294218131
15919,7.43485829501644
15920,5.979819668868979
15921,6.510844017604418
15922,6.4530801659994985
15923,3.5731806953353167
15924,2.590952688075829
15925,7.429008563437399
15926,4.1969595183233155
15927,7.432418005486148
15928,3.44410280387138
15929,3.5726533629268773
15930,7.026320729855603
15931,8.270366411080145
15932,3.542331335051409
15933,6.794988407115455
15934,5.233096929663903
15935,5.64015519667314
15936,5.176907036005608
15937,6.0687651065382315
15938,5.315418820582696
15939,8.645235958950632
15940,6.289031132323389
15941,7.355149578480956
15942,5.3984421193810626
15943,4.317447765971772
15944,3.2658860617793763
15945,8.708230612267922
15946,3.637692153566162
15947,4.967506226455241
15948,7.223769290645695
15949,5.834898492831428
15950,6.774653102568154
15951,6.104943486272128
15952,3.548599544802566
15953,8.800424365672411
15954,7.51501823783951
15955,1.9971841371445849
15956,4.392220216347728
15957,7.812457240520009
15958,4.312178304115748
15959,2.74322165532302
15960,8.077376031183716
15961,6.600268058607502
15962,6.036314268191504
15963,5.333148047394522
15964,6.358997431318103
15965,3.6761311188729966
15966,1.792880362373993
15967,3.1664890629673694
15968,6.269151683841624
15969,4.036227783301733
15970,8.41866474446275
15971,5.0593702073329565
15972,8.939760278076454
15973,4.41890395430968
15974,9.179523541240023
15975,4.482644002030201
15976,3.398890984376224
15977,8.256725194515136
15978,4.867321280871514
15979,4.860995224505249
15980,6.268665300042112
15981,0.6913565522280835
15982,6.248367094747862
15983,4.115814009768652
15984,8.288453750545012
15985,5.9074957230370755
15986,6.947396988871942
15987,4.762390984708705
15988,8.466730907496002
15989,5.52723843244508
15990,3.6200952298693503
15991,8.613770538608444
15992,6.140119748422173
15993,5.2232028409992335
15994,7.018449631738804
15995,3.5260602344488383
15996,7.354225238360057
15997,2.7492020257059258
15998,2.924111666660524
15999,8.475854521261272
16000,5.630987922606324
16001,6.311752787195114
16002,5.21718737637375
16003,5.376380380940677
16004,6.255538076438264
16005,7.8571829736145915
16006,5.720182328915247
16007,3.142467938517168
16008,3.671682301419069
16009,6.351157280677036
16010,7.514484235950945
16011,4.501371643505664
16012,7.1400171694973
16013,8.828468743545038
16014,2.704848244289448
16015,8.067474662946871
16016,6.572246603211427
16017,8.06547830627776
16018,5.584402013231436
16019,5.88241528269622
16020,4.8191970121716
16021,6.15245329751186
16022,3.8653055549260413
16023,6.017634761904397
16024,1.2303179125594867
16025,6.606617296359317
16026,5.730147830074715
16027,3.2350262328593473
16028,8.578528455518457
16029,6.417153040311536
16030,8.737589488653644
16031,4.035834761718892
16032,9.573838151748067
16033,7.589545640620575
16034,6.8083088820831374
16035,5.01943993777069
16036,7.244414373714003
16037,6.027248309082705
16038,5.676553538986731
16039,6.5867569917749815
16040,3.8811041624244
16041,5.592631120850097
16042,1.717279380609096
16043,5.379934164642732
16044,2.9381931084481234
16045,5.672471171398482
16046,6.865719064708127
16047,7.922012924310022
16048,6.714157002358327
16049,7.612555270075028
16050,4.02661423521723
16051,8.11520547847528
16052,5.476255585169987
16053,7.327360354100925
16054,7.724848754399105
16055,6.589653528482052
16056,9.347226960833064
16057,4.509749060836203
16058,4.740907285213336
16059,5.648868265456298
16060,2.2418955966818093
16061,5.8567456465340815
16062,5.827759077318404
16063,5.168536030862497
16064,5.128122431287787
16065,7.261300333887066
16066,6.538304739992141
16067,6.441412912784928
16068,4.538652367098129
16069,8.120495142814702
16070,4.788637416418043
16071,5.338288535564947
16072,5.672073192715597
16073,1.862505488949406
16074,7.378898330368669
16075,5.895713230465349
16076,8.739411237942027
16077,5.144744944931188
16078,4.170386729608509
16079,8.522544800652833
16080,4.713722880075434
16081,2.64057875900618
16082,7.098299767570669
16083,5.273893476706203
16084,8.052029614082937
16085,5.541308447060874
16086,6.4889631441852025
16087,7.53023855089369
16088,6.904222561532865
16089,6.998775521691603
16090,7.804282873517337
16091,6.232674444990503
16092,6.1309885204229575
16093,2.068420263061767
16094,3.68612685286114
16095,6.714556614458218
16096,5.820081757750685
16097,7.524940762086186
16098,7.58190957881213
16099,6.0173237562142585
16100,7.291136300637412
16101,4.624360942914647
16102,6.491009661492351
16103,3.5258180683288796
16104,4.9537948367254145
16105,6.0696817966428025
16106,4.836565605048822
16107,5.618914845174285
16108,4.802987890593555
16109,6.403089878636404
16110,6.110839916231946
16111,4.562793310800355
16112,3.427801245131439
16113,5.7167384500916185
16114,3.843424896994393
16115,9.77779294605817
16116,5.084152340013252
16117,7.734738501505246
16118,5.352730796342483
16119,4.627524573031424
16120,5.177287690674154
16121,3.352879267030802
16122,8.692103925988581
16123,7.109467343650917
16124,6.240910256617784
16125,5.427015283277585
16126,4.419355314107138
16127,5.71476392537735
16128,7.874673887248779
16129,6.414096281221501
16130,5.8475601767464465
16131,4.416328176080336
16132,6.233040310388779
16133,5.679093482871738
16134,6.762311693456283
16135,7.847046437876788
16136,9.426090715873839
16137,7.1726569189522635
16138,4.409953011392245
16139,5.25378906087822
16140,2.7792106263922096
16141,7.556301410312423
16142,6.851711431976861
16143,7.475063579886904
16144,5.608255794296106
16145,5.444208117917205
16146,8.202509410289986
16147,5.850724108110214
16148,3.7861417061023985
16149,6.668686051945032
16150,6.146305131307946
16151,5.347023682795388
16152,3.0207062545469974
16153,5.216771208382918
16154,6.751316479413505
16155,3.574771648049551
16156,4.410724479231804
16157,6.656046011783044
16158,4.619585870779998
16159,9.486129335871732
16160,8.62212948985725
16161,3.3322192653198917
16162,7.299247497091356
16163,4.52507634942101
16164,7.902430718227001
16165,2.1099874420507305
16166,7.578235336209511
16167,8.192627586295856
16168,6.302229275615214
16169,5.946536925776828
16170,5.258948285152968
16171,7.501613215576182
16172,8.855714506441153
16173,2.8914371982266136
16174,8.796915707946747
16175,4.908393623470935
16176,8.034009612257659
16177,4.149126459517813
16178,7.792156657284189
16179,5.999052966218328
16180,6.968354626565488
16181,4.977014535004056
16182,1.939088076649599
16183,8.708188945042455
16184,6.0427311046564265
16185,2.67696444359176
16186,4.161686774833105
16187,7.204298573946559
16188,3.9858131592504797
16189,5.201930797520293
16190,3.8941712193187543
16191,4.5096908583257616
16192,8.986172442254146
16193,5.569094930693899
16194,6.763748094204901
16195,9.185690978638204
16196,4.414796552439851
16197,4.369572168689261
16198,7.437241324361789
16199,2.750149873884322
16200,7.516864295449611
16201,6.669556081597688
16202,8.915419324186654
16203,7.496401260929257
16204,7.91124853982973
16205,5.091358823936753
16206,9.356334682950571
16207,4.238889312971886
16208,6.982782810455294
16209,3.4912604413821304
16210,6.2214756151947075
16211,5.592334558272681
16212,4.260277639304032
16213,4.552483164374076
16214,6.799303849673519
16215,6.865968117301452
16216,8.129381402370928
16217,2.4210519628315073
16218,5.499305935785165
16219,5.6761633283988004
16220,7.086359620403806
16221,7.923566104767729
16222,4.287682722128931
16223,8.677494877207943
16224,5.271405522320928
16225,8.99450569138693
16226,6.518688880156931
16227,3.6423621121517855
16228,8.536594056442633
16229,7.786266282758767
16230,5.90059731213464
16231,6.206206045872669
16232,5.277047351158325
16233,5.691944371385662
16234,5.8052655854193
16235,2.8024089918310358
16236,6.506656813051565
16237,7.612149522056415
16238,2.2877613924164915
16239,6.7480115412446295
16240,8.535670291676677
16241,9.322168620967712
16242,4.795711956811026
16243,7.333061234053624
16244,5.323254660651764
16245,7.60070731067044
16246,5.994069967308583
16247,3.8578553288598094
16248,8.180539091020478
16249,7.674362233282123
16250,7.535686553243891
16251,6.587378481827395
16252,6.050044791531802
16253,7.007081727174277
16254,3.4775909398337834
16255,9.48189481355871
16256,4.893178849989319
16257,5.071841501026534
16258,2.461180040066535
16259,4.9966814739972145
16260,5.70728519356404
16261,4.857906138935387
16262,6.365741394071786
16263,6.098280149259872
16264,5.164677536767604
16265,7.239717462411932
16266,4.188842983297348
16267,6.949487659482238
16268,6.406498231819448
16269,6.330436063187754
16270,9.271841623004647
16271,4.194598975721535
16272,6.8598343163554345
16273,5.485613968470924
16274,2.3285647604851007
16275,6.166178952374192
16276,7.526672742273373
16277,8.94881036286332
16278,5.321500573823526
16279,7.440500260244326
16280,7.884023750315015
16281,8.696191059798634
16282,2.153995363924154
16283,7.432228634256836
16284,6.643892532005749
16285,6.4767329550938815
16286,6.838982468065873
16287,5.067738612683921
16288,4.9864516713257006
16289,2.940272102106567
16290,6.565456593699448
16291,3.053413730893748
16292,6.570830364000596
16293,7.472892864518868
16294,7.539284129802344
16295,6.873163897469677
16296,3.554016304564726
16297,4.527565297019314
16298,4.847345184075607
16299,4.376815420954928
16300,5.720795835704933
16301,5.116579654953828
16302,5.794441798812253
16303,6.783170812839287
16304,5.799348877038731
16305,5.525354874406271
16306,9.211693051942135
16307,4.295547474039619
16308,6.470605062340913
16309,5.949677734872512
16310,5.294166364261699
16311,4.690891803831891
16312,7.436802326410925
16313,4.851294256534185
16314,2.8501858369981106
16315,1.253895576737126
16316,6.216314280536679
16317,4.9861257235233944
16318,7.498966590230927
16319,9.456296955414459
16320,7.696706381250218
16321,6.1256574347068895
16322,0.5844331610696031
16323,7.853802130416581
16324,9.517967683277412
16325,7.049078365458273
16326,6.842014292193673
16327,8.357379988674946
16328,4.64073833440543
16329,7.603103135291864
16330,5.953449086522383
16331,5.269834725639861
16332,7.815852011341468
16333,8.312642495728328
16334,6.099806255018867
16335,3.42840491917758
16336,3.109657742961163
16337,4.6416043291007565
16338,7.007252678275079
16339,8.195517905222994
16340,4.037637799884412
16341,6.58798469667543
16342,7.76076658130801
16343,7.991023686527913
16344,7.261341515529914
16345,7.421520455714
16346,4.455465625941991
16347,6.663392841387522
16348,6.169207344291372
16349,4.2694736205308645
16350,7.626967140604058
16351,5.203595144345314
16352,5.263001089115697
16353,3.681602465215443
16354,0.6477748303157727
16355,6.7880312032396155
16356,6.556678401951087
16357,8.44580490130706
16358,7.585808489988366
16359,5.33759336578516
16360,3.9717021206077225
16361,5.141171356347379
16362,7.152874886080553
16363,4.977606585882428
16364,8.324753827680938
16365,6.973785629449866
16366,4.2791824538306376
16367,4.739483378504204
16368,4.12047442894808
16369,6.235498749507517
16370,7.695774736640605
16371,6.990025924321737
16372,1.9973422464305175
16373,7.414172133654212
16374,6.151308444604377
16375,1.9509367709911016
16376,4.450965413586604
16377,4.73005428996355
16378,4.561742482206366
16379,7.791948557833461
16380,4.626428865133075
16381,6.806429302531271
16382,4.651028904534384
16383,2.288011318070216
16384,5.827292624426244
16385,8.206269698711957
16386,3.2529526488225757
16387,8.116596758543023
16388,4.889718461596452
16389,1.9400702885988932
16390,6.3014187855674555
16391,5.349644160344295
16392,8.472745262611586
16393,2.704501124399169
16394,4.381230978656989
16395,4.618484940436675
16396,6.563791133963937
16397,6.5443483701167136
16398,6.987615968549226
16399,7.75596844891563
16400,8.179209171704688
16401,8.350837679814594
16402,8.609942878935996
16403,5.42171371754843
16404,8.161757912854187
16405,4.220980903202533
16406,5.7395272612718955
16407,3.002526223527405
16408,0.6484382937437041
16409,3.5823306400811887
16410,3.7308492923642307
16411,2.7369123162510576
16412,6.112085139911176
16413,8.942140629157555
16414,4.4370210350990735
16415,4.494130438733898
16416,4.603896263138337
16417,7.407357839695717
16418,6.520530769116053
16419,8.301494830074155
16420,6.6004393682484075
16421,7.5935889562790955
16422,1.9758116843069191
16423,3.5307038279693703
16424,7.430474650483099
16425,6.61888985758843
16426,5.936763539144177
16427,7.029581558337753
16428,5.429732723652577
16429,6.7543879516185115
16430,6.2787970754663505
16431,4.632123675989687
16432,8.127437033390956
16433,4.4624451096581605
16434,6.799723639474001
16435,5.204440517173106
16436,6.614852563255494
16437,9.391423969212713
16438,7.548619075122007
16439,5.4840361303446254
16440,7.1902536864810696
16441,6.141428355712822
16442,7.632419843037153
16443,2.3008387824784147
16444,7.808278010210118
16445,3.2755024281830734
16446,2.7293535470946884
16447,6.318387622603424
16448,6.116685410812824
16449,7.865307802790689
16450,7.949686849629204
16451,4.642773823782073
16452,8.566190250307809
16453,8.955716016762933
16454,5.648077436294976
16455,5.3091467920974225
16456,2.2532525758965316
16457,10.0
16458,1.9823500523526747
16459,7.430505892897578
16460,1.8429952454348963
16461,2.9354133519014765
16462,2.8123089473666596
16463,5.807292790447994
16464,8.781576352383999
16465,3.835142721315851
16466,8.501878492701788
16467,2.5183421445681073
16468,6.758223942087097
16469,7.558452640623852
16470,6.995624679651777
16471,4.566241684463002
16472,3.305612161599149
16473,4.8686504687976875
16474,7.238396970576773
16475,3.7671168468768745
16476,4.754787547752443
16477,5.87986725103605
16478,4.780369526509251
16479,5.182577504093905
16480,2.875230804138785
16481,2.595432243150481
16482,5.2355999152515516
16483,3.1354789503261378
16484,5.870025949746738
16485,7.237286086707819
16486,7.93630709380626
16487,6.2165843350466226
16488,3.174785402209496
16489,7.816654547823419
16490,5.066224391670305
16491,7.544079820018882
16492,8.993549583811184
16493,4.295652506510338
16494,7.495329225920984
16495,4.211649650577964
16496,6.921469051251229
16497,8.635856873127054
16498,4.012715075087294
16499,8.599213799371267
16500,9.640551762688121
16501,6.091877611994196
16502,9.102416252004847
16503,8.848042571411721
16504,7.595327122460656
16505,2.921501247635778
16506,5.98610507099639
16507,5.435748084468187
16508,7.882819830181683
16509,9.271192827672563
16510,9.551288761588944
16511,5.585842197714478
16512,4.878425020973805
16513,9.201478779879622
16514,6.706405757211206
16515,5.661273984754155
16516,8.178493710568121
16517,9.249655431668144
16518,5.403926322787489
16519,4.14946198575662
16520,5.736827746406617
16521,7.621353693370342
16522,5.034906102655939
16523,3.112641506911675
16524,4.986951162483115
16525,7.271746826778547
16526,6.3838472843255145
16527,3.8032215713551896
16528,9.06269640080045
16529,5.162905624212289
16530,5.035995570188767
16531,8.63033688280704
16532,5.252148124986459
16533,4.307247733529293
16534,6.628144495625563
16535,4.4716397277080375
16536,5.867619810976085
16537,7.7994397673170655
16538,6.858422770496246
16539,9.035306199514395
16540,5.815118431031875
16541,4.380219363911374
16542,3.5460075069738335
16543,8.935192183548548
16544,5.522243863678236
16545,4.178479786752604
16546,6.684144675744056
16547,6.823162888550186
16548,6.147236669532612
16549,6.239952679248471
16550,6.44165408744413
16551,4.056510267053014
16552,5.798356675560326
16553,3.753766929882431
16554,7.263044489894682
16555,7.359348786733365
16556,5.476269138769435
16557,4.609506356656912
16558,8.539040890894341
16559,6.704009879012907
16560,9.190529398241502
16561,3.586412178282075
16562,9.15531348550751
16563,7.34424522860972
16564,1.694126716040154
16565,6.364446916066255
16566,5.26491640354171
16567,7.955017940838881
16568,4.38361666764597
16569,8.1523728673638
16570,3.758803381814801
16571,6.423028911399605
16572,7.387193426369212
16573,7.362453560830353
16574,9.176375188277373
16575,4.155395494922163
16576,8.415062364619658
16577,7.40023573244366
16578,7.764131087293334
16579,7.709270658726341
16580,5.724173435100155
16581,7.1436678777566245
16582,7.062204589570738
16583,5.833297113653469
16584,7.2911064336349725
16585,2.644359482049569
16586,7.040510250574684
16587,6.539321037325981
16588,5.0528891206533455
16589,8.310879862048804
16590,7.85996148215774
16591,7.966195824816186
16592,8.380475078820773
16593,8.491703981568843
16594,6.837200334808577
16595,6.764992957054597
16596,7.3248577434249755
16597,4.8256086287854645
16598,3.329118127331624
16599,3.471212801755327
16600,6.363793043853182
16601,8.050971831482599
16602,6.13334720900005
16603,1.7363587415905775
16604,6.518513485380007
16605,2.1633171643269806
16606,6.1007727060730765
16607,4.981688481968643
16608,4.971972920873258
16609,5.463802270202746
16610,9.5197813906713
16611,6.276035800411392
16612,5.107123778155198
16613,5.310193127595818
16614,3.612076667114204
16615,7.840329910377726
16616,6.45172104478565
16617,9.111219102466332
16618,6.527688796472429
16619,5.414707752455775
16620,3.8794723954294126
16621,6.732829990602591
16622,6.63348718179721
16623,2.5081967557175107
16624,5.333238169864318
16625,7.430776929854119
16626,4.646441877693277
16627,3.9153443672787653
16628,9.031702159081357
16629,6.723809665907443
16630,5.685006569373022
16631,5.161339212453262
16632,4.126445745643214
16633,8.119063989396087
16634,8.322575285164856
16635,6.367534047508014
16636,5.800074899541389
16637,5.8473159570699025
16638,4.107887620303769
16639,5.739219251725325
16640,8.311391824864181
16641,5.414023392681778
16642,6.530087166461321
16643,6.097151749449651
16644,4.894613054759342
16645,7.501699079829109
16646,7.51580992865036
16647,7.589614111904841
16648,8.615839988899813
16649,7.900998176318147
16650,8.837691096212815
16651,8.214895147843276
16652,2.4831481818568464
16653,6.648747681235019
16654,7.620642624159469
16655,5.120542908881201
16656,6.387751696528369
16657,4.673362314582162
16658,6.8818398827691265
16659,3.9946049682805325
16660,6.872113735137953
16661,9.760465359272985
16662,7.4501817731723285
16663,7.100103503788777
16664,5.906218237791253
16665,2.1490792501444935
16666,6.173981867813836
16667,6.149068226518139
16668,6.3006910772287235
16669,7.016535818805059
16670,7.973349143556149
16671,8.490011495731483
16672,3.04926565178382
16673,6.215664830660803
16674,6.621765777907633
16675,7.610117712518482
16676,9.772745037242137
16677,9.302965697766938
16678,4.9330596479207545
16679,5.737358117721325
16680,9.1925778895981
16681,3.6437629071263617
16682,6.886059998162951
16683,6.70962615834026
16684,5.7975440816148165
16685,8.246312943587927
16686,6.826963614174494
16687,6.2391620340010725
16688,4.634125688501322
16689,5.830594185107168
16690,6.477995568800084
16691,6.397911647648016
16692,6.430847591554018
16693,5.235790751458505
16694,7.132001941619123
16695,7.207168147816494
16696,5.695222629806983
16697,2.9395681488088887
16698,5.330734554477019
16699,6.715197880245166
16700,4.828258420075532
16701,3.6068292613005557
16702,6.82034526416158
16703,7.050188472445917
16704,6.268198490912293
16705,7.227482132052242
16706,7.149946770053205
16707,6.374125638232914
16708,7.245883837661456
16709,2.7967482625781397
16710,5.531805628764786
16711,6.807974883219361
16712,6.468913685949023
16713,8.742834649193808
16714,7.480435317879079
16715,5.166643999831962
16716,7.590879873051858
16717,7.557295123814242
16718,6.306183754520877
16719,8.68279624565599
16720,4.5677196713847374
16721,1.777763807557395
16722,8.106591078189137
16723,3.0466384812027854
16724,4.816009132552034
16725,4.748995670187515
16726,4.5390983929809545
16727,8.110443087637986
16728,2.0377160207043996
16729,5.826315641359415
16730,5.082781450591203
16731,7.365963948799129
16732,8.429711154028102
16733,6.21305984751914
16734,5.111518582883127
16735,2.0245869485769314
16736,7.592239209344718
16737,3.8498792672981703
16738,5.519106412389592
16739,7.995355934214981
16740,7.852741575842232
16741,8.284025465592537
16742,7.522996850616858
16743,4.244308280394238
16744,6.784449610767178
16745,7.958609083800612
16746,8.519085426626866
16747,4.1931497989439634
16748,6.2317181037017
16749,6.911029216641192
16750,6.158634889327673
16751,6.296546979136907
16752,5.757867290551175
16753,7.43701129792844
16754,7.320228472722286
16755,7.243936687442364
16756,7.000271025521152
16757,5.487241138687119
16758,5.5393065428857335
16759,6.621054724101685
16760,3.529395462427912
16761,6.551728705789283
16762,4.915939599003751
16763,4.439785690500493
16764,1.7580191217402215
16765,6.3407650232164965
16766,3.887632992983722
16767,9.44173505835106
16768,4.681174582213194
16769,7.4344668817163075
16770,2.840122971833129
16771,8.500181538475136
16772,4.28281214465677
16773,3.3407472097321094
16774,2.8495344906713127
16775,5.58007026970885
16776,6.9791899092164185
16777,3.596986088133192
16778,7.245459101099393
16779,6.137567955478669
16780,6.011679393858701
16781,4.038162534309165
16782,8.336577378762083
16783,5.20882716309089
16784,7.721364899747412
16785,6.7662589999132985
16786,7.7015607516031235
16787,4.85918719065486
16788,5.489712330040377
16789,8.3658724047657
16790,8.336457400463033
16791,7.7755644325367275
16792,8.792840552796157
16793,5.731139596220769
16794,3.2956368964015654
16795,4.276387749820168
16796,2.3962211661516926
16797,6.292747731944059
16798,5.128921866015202
16799,8.469202343596692
16800,8.689660833872484
16801,3.222603342221179
16802,6.209132687451514
16803,1.635046044378277
16804,7.129989532649432
16805,6.653130454349979
16806,7.315050909062931
16807,7.361377050331374
16808,3.0614096098807044
16809,5.649263937073344
16810,5.718891042334676
16811,7.146014558402719
16812,5.8382300892359
16813,8.267858282436528
16814,7.056463239601112
16815,8.207502700507852
16816,8.443452609909613
16817,4.4731198002189405
16818,4.1576802644284045
16819,5.667194656266983
16820,4.977736346331717
16821,4.92669693294812
16822,5.601068869173476
16823,5.955462165418005
16824,6.169946613060856
16825,7.484091562117478
16826,4.453952208873647
16827,6.61595150596926
16828,5.8286237061153265
16829,2.5542510193558363
16830,3.827114379946079
16831,6.341112061344093
16832,7.065365949375162
16833,6.7667048417832785
16834,3.0415603536875704
16835,8.123937376854421
16836,5.859691518318227
16837,5.103541669358168
16838,2.872316748195459
16839,8.71256084832266
16840,5.369028225054226
16841,2.1894689649510206
16842,5.877051782792896
16843,4.665372113522433
16844,7.204841142992173
16845,4.821293506208255
16846,7.879196001340938
16847,7.116565646504688
16848,6.163951445270632
16849,8.514887182813169
16850,5.734056238842632
16851,4.081589741579046
16852,5.544175934249032
16853,3.707146184177526
16854,9.481514348753551
16855,7.63478062245978
16856,7.940924582677015
16857,10.0
16858,4.896300260358736
16859,6.969464768574393
16860,9.441259923401207
16861,8.959679192185746
16862,5.270263703951722
16863,4.855296242502609
16864,6.243342014436327
16865,9.745152955571653
16866,2.7194014870325707
16867,8.409942570334705
16868,6.130767910303568
16869,7.045406495780041
16870,6.449242729760913
16871,6.26621822419878
16872,5.345779327585254
16873,8.137229258994306
16874,4.943381419218135
16875,5.2694509964725285
16876,1.4325389441493332
16877,4.3760915294115295
16878,5.895955660355034
16879,4.9941615946178475
16880,6.6607800986660095
16881,7.848470020252713
16882,9.117856733191523
16883,9.37059019772899
16884,6.430903896819894
16885,7.556361129300493
16886,1.9356630984485181
16887,5.41889547929887
16888,1.8138727273370336
16889,6.383253545445485
16890,7.131885700332974
16891,3.7081816565795886
16892,7.311593578290183
16893,8.801166601376671
16894,4.224098289001011
16895,4.291186250891306
16896,7.053313706764143
16897,6.6782289139848565
16898,4.839983345202443
16899,9.338274754558418
16900,6.926284288095584
16901,6.458899911989067
16902,5.36439565964759
16903,8.456738146774343
16904,8.28242795248016
16905,7.644297024769353
16906,3.2931032798549005
16907,9.260559089081335
16908,7.22590255170829
16909,3.4261530256180084
16910,5.896193179400398
16911,6.501278442558329
16912,3.0593253096443114
16913,2.297797758369888
16914,8.752782061767533
16915,8.080429333257545
16916,4.157228751857445
16917,7.23839355852176
16918,6.506921979576248
16919,4.00094056427496
16920,7.018791197498256
16921,3.256012376950813
16922,7.730313579559425
16923,7.117303064802627
16924,7.5923570229523385
16925,9.293210098356736
16926,4.352913543915395
16927,1.8778836379478798
16928,3.7716689941408834
16929,5.712441875382153
16930,6.357264961742777
16931,2.845832212532025
16932,4.2138257077120596
16933,4.4478995500452925
16934,9.237950094938455
16935,2.9172180884938146
16936,6.56677711512833
16937,6.490934248251074
16938,8.0942345631107
16939,3.6431622111678
16940,4.15723094926938
16941,7.241017958100379
16942,4.92820524970926
16943,5.227012007648417
16944,6.763665593757372
16945,6.75943674481733
16946,5.403940844770006
16947,4.020177135175127
16948,5.691247378266487
16949,3.545673872056245
16950,7.469281420328219
16951,6.965839886036752
16952,7.870840222450319
16953,5.527672481372722
16954,7.568363283029108
16955,4.770193435221164
16956,6.694279056177285
16957,4.93012796438606
16958,0.7644790129250116
16959,3.5430661091399926
16960,4.198884153032645
16961,8.04625633835581
16962,4.147786357146464
16963,5.911038089610159
16964,8.250402074305288
16965,2.856706988932043
16966,3.0464382446658473
16967,5.925455917697438
16968,7.020360092998271
16969,9.943196722453454
16970,3.5077554874311425
16971,7.45250241101874
16972,2.4939276748835564
16973,1.0871539829877184
16974,4.1926399249987
16975,9.481873706340172
16976,8.413058326412706
16977,8.69559561997352
16978,6.930659345588308
16979,5.061018565923695
16980,7.171786339413965
16981,3.3417082185421023
16982,5.3580711792523905
16983,6.8591177961093
16984,7.096748389363032
16985,5.110860214675759
16986,7.320070804733366
16987,3.6787822861038944
16988,6.510965066444385
16989,4.028719743837495
16990,5.607203126285666
16991,7.625818697345732
16992,7.039869459680933
16993,5.112863281142814
16994,7.020911568532747
16995,4.65658906341069
16996,8.786328470220738
16997,3.8683587796952956
16998,5.201148987712983
16999,3.6403773880210775
17000,7.416535301993946
17001,4.261662799668956
17002,6.728472604098183
17003,8.371080798017076
17004,8.846499944487663
17005,8.851923770826065
17006,4.338649091647877
17007,3.6747850763832783
17008,5.155784417906552
17009,5.382514649046842
17010,4.169287533750736
17011,6.766923158394965
17012,6.155904396827142
17013,7.451745131191603
17014,5.242899954624823
17015,3.179477221219214
17016,6.967574703047799
17017,7.11239418584024
17018,5.265748021733332
17019,7.2264053975296285
17020,7.237491605846695
17021,5.286627683254927
17022,6.174122611174424
17023,6.882783575177845
17024,3.5371347666699156
17025,5.678324257672918
17026,5.162902215444602
17027,9.391639081923827
17028,1.229692014904348
17029,4.200428289457307
17030,6.4156432228505995
17031,9.210931174030293
17032,3.582230883358243
17033,6.230361850156129
17034,3.7356997803412533
17035,6.7917619971672725
17036,9.01139812081262
17037,3.0286524889890307
17038,3.472739712836379
17039,8.806677224652638
17040,6.53819967308431
17041,6.99915573064591
17042,4.027469430654358
17043,5.250325121094345
17044,5.630581403352835
17045,7.019535076793352
17046,5.385100209408641
17047,9.109603896825162
17048,4.575024774019125
17049,10.0
17050,6.8059224396763724
17051,8.041107487348153
17052,6.54442955890981
17053,6.496664426306878
17054,3.791146246119098
17055,7.753124601928455
17056,3.6554144310386896
17057,5.46755900633201
17058,6.719087693979049
17059,7.400839256303309
17060,6.062520522588901
17061,5.777151832997984
17062,3.178927073089616
17063,7.193811312485689
17064,6.93287859636748
17065,6.893066748157259
17066,4.324382583073326
17067,4.848044140140915
17068,7.401439288877182
17069,8.375845262502349
17070,6.550709458928006
17071,6.103222858931755
17072,5.756611124434071
17073,6.459589692343398
17074,4.15496324790913
17075,4.719206606394476
17076,6.200067048847538
17077,8.238633391274611
17078,4.928971183452452
17079,6.424159170647113
17080,4.021106330134497
17081,6.173392084604263
17082,8.144245775409615
17083,5.20267939171176
17084,7.930438863815342
17085,3.734034320060746
17086,1.0067306196255674
17087,2.4296101624885984
17088,6.923813181589022
17089,7.849093107985439
17090,6.4468816337577355
17091,8.283798489774373
17092,6.661930984180039
17093,8.48045113666259
17094,2.1263935750338483
17095,4.810173290568734
17096,1.6889880611901331
17097,2.4618407916779765
17098,6.207718732926004
17099,2.210613086343266
17100,8.125326231802852
17101,6.086410191975785
17102,7.712278420926025
17103,4.585681904570956
17104,6.911744022297217
17105,7.375877731431137
17106,5.81445334513998
17107,1.5900375057210263
17108,4.227040475976626
17109,8.521024599293023
17110,5.590740239750596
17111,4.779983038931884
17112,4.775022746785852
17113,6.513682693913793
17114,7.43815351725776
17115,6.793194736700982
17116,5.025235755333238
17117,4.648799834515731
17118,8.400760209274017
17119,3.4932663260110934
17120,5.624026107581638
17121,5.564884958001629
17122,8.503826076499765
17123,5.21272342673653
17124,7.718146090724144
17125,5.606640729910297
17126,5.093126226365161
17127,5.680064884058736
17128,7.994910347549684
17129,1.7573079253465975
17130,9.874775871304623
17131,8.60521668270745
17132,5.680538149787171
17133,5.859929855524381
17134,5.173803547254879
17135,6.167222777371091
17136,3.752539973721837
17137,7.830687312990319
17138,6.572901430254312
17139,9.792731452020547
17140,4.963992567129265
17141,6.016511307988652
17142,4.2545519330304895
17143,4.360142896730244
17144,5.056497270881808
17145,2.764424536834258
17146,2.6464427089701745
17147,7.649658146357832
17148,4.159141189567526
17149,6.699868879679153
17150,1.4387015945797725
17151,6.168772937458534
17152,3.1453969167562104
17153,4.00006342987854
17154,3.4291393572214215
17155,3.3928193617943547
17156,4.4117308304571194
17157,7.50670142922943
17158,7.296595365571529
17159,8.219330245676458
17160,4.293045536015446
17161,6.663879765580285
17162,5.815345036504097
17163,8.179869536632912
17164,8.227891323840163
17165,5.989431655012483
17166,8.857926441147507
17167,6.243925245860495
17168,6.885474591515319
17169,6.107796815403029
17170,6.87711995455033
17171,4.884389680760968
17172,6.874363448277304
17173,8.437826420996135
17174,4.752741876938012
17175,7.189815053385247
17176,6.326166100079464
17177,9.364258911061848
17178,6.287635345066808
17179,5.456684884021779
17180,8.030122224231157
17181,6.997736546073781
17182,4.082914025934418
17183,6.7914528853471055
17184,2.920449689829157
17185,8.23608458853223
17186,5.121633098070204
17187,3.358825698979062
17188,6.334613206276374
17189,3.0538794315785216
17190,4.569138903982427
17191,6.225247225426714
17192,4.095358785380572
17193,8.032977214083244
17194,2.8607987237869548
17195,4.091987779295615
17196,8.605636750979173
17197,7.666442089728281
17198,7.674250845446627
17199,7.014353013577038
17200,4.946408487961303
17201,6.29511255189991
17202,6.8260732235696935
17203,4.611368619945857
17204,7.154205195649103
17205,5.827501988360334
17206,3.7085294014890398
17207,4.144883053401265
17208,8.000697544652613
17209,8.611588027201588
17210,7.221024457318455
17211,8.077085233392769
17212,3.15505945656174
17213,6.981465750599744
17214,9.152175589710602
17215,6.060766830462393
17216,9.715895917586428
17217,5.297323963462869
17218,7.167916050699466
17219,8.40843881337296
17220,2.866303106735141
17221,6.047258278593837
17222,1.9919501140743385
17223,7.229579533917901
17224,5.624036899579186
17225,2.238136355820985
17226,7.307619178059598
17227,5.853427630055462
17228,8.213835666263657
17229,5.406728474660014
17230,5.157269747515617
17231,4.065488458467019
17232,4.661314148197485
17233,4.870804178907539
17234,8.595691627027303
17235,8.52169368254573
17236,5.40958405279552
17237,7.4184971256187024
17238,4.017297646992848
17239,3.9510653884420797
17240,4.038017086222971
17241,5.261183555706513
17242,4.070206578072276
17243,1.8810816607387006
17244,7.631107054697768
17245,5.715069812330086
17246,3.7503195273405336
17247,8.723865355866618
17248,4.829767576760347
17249,5.481864699413535
17250,4.078039806550345
17251,6.127007699058555
17252,7.278079160282847
17253,8.574933982108144
17254,3.519023141995911
17255,4.595358840074876
17256,3.6945908268971692
17257,7.818752715989216
17258,8.547100738035644
17259,6.6319500767495025
17260,1.8970855713915509
17261,8.403256939582018
17262,3.2361760328281743
17263,6.781646912246236
17264,4.841837857870137
17265,7.448345349955023
17266,5.4386007569703
17267,8.330032364240203
17268,2.8618015443782356
17269,4.7554235935861895
17270,7.263703372838849
17271,2.074887092194732
17272,7.213530243849167
17273,3.6560218439836465
17274,8.483002430724348
17275,6.986951059003594
17276,3.0198194683683655
17277,4.316454592050438
17278,4.373283785483582
17279,9.034597961957349
17280,6.299519687642766
17281,5.614536322054814
17282,7.3710536963906375
17283,7.300833017322691
17284,3.386179279474793
17285,6.366161759075389
17286,7.173904713678821
17287,8.291797091859712
17288,1.5383946823692896
17289,4.677491230259913
17290,5.289329154631866
17291,4.389164103076713
17292,8.421655352852545
17293,3.7615351084022532
17294,5.533493302646101
17295,2.863069556771076
17296,6.690839351855633
17297,4.985393231021696
17298,6.962405594439612
17299,6.524675667461054
17300,5.473092595559296
17301,3.8065747842557967
17302,8.690096353368011
17303,6.27438170137473
17304,5.195484599793685
17305,5.997670584324771
17306,3.2973272519841315
17307,7.636479477288988
17308,7.2203054671547156
17309,2.1635603838946595
17310,5.915532668062293
17311,7.06043490852589
17312,5.746618652658052
17313,8.07111353451185
17314,8.48230224307426
17315,7.658790080176051
17316,9.183085136226145
17317,6.775158400186415
17318,8.054043057654672
17319,3.10937334509671
17320,6.99320159478947
17321,4.624161331120288
17322,3.792755638360738
17323,7.893933257716824
17324,4.756413602580445
17325,6.312352210250406
17326,6.382900780072795
17327,5.89895163297528
17328,4.886610270018989
17329,6.528461282343246
17330,4.752084114891048
17331,8.232583530341072
17332,5.680784116520416
17333,8.64609783473936
17334,4.842168644805704
17335,7.349511010867809
17336,4.422069037471758
17337,3.445072253317747
17338,9.095474713450743
17339,2.3404659202368245
17340,7.084874295310509
17341,5.565133664353971
17342,3.761465530635995
17343,5.776462244563917
17344,5.554189400340487
17345,8.47833306949486
17346,4.388952756335157
17347,6.519560193725551
17348,2.883209812334019
17349,4.48813386983951
17350,6.574591254627894
17351,6.79442710375478
17352,6.2203734907110695
17353,5.936226429932716
17354,6.935408425358883
17355,5.801980092065714
17356,6.937484861821028
17357,4.2694188935799495
17358,6.529272944307311
17359,2.5001637554783156
17360,2.2121294321475484
17361,5.623275319589462
17362,8.508838339776744
17363,5.3485704037757955
17364,7.6583709721218804
17365,4.73028283031056
17366,6.91406903551618
17367,8.327145027269019
17368,8.440898588717856
17369,5.020335188157115
17370,5.417515459635667
17371,7.9824257946526345
17372,7.076377915823864
17373,7.538712147097831
17374,4.483672689466909
17375,6.138545719657279
17376,8.121984241029848
17377,8.11135925835096
17378,7.369165215939114
17379,5.705714311309176
17380,8.596085907432107
17381,4.081052655187774
17382,7.129396393452892
17383,4.017954118973757
17384,8.166120260967702
17385,6.54213102457814
17386,8.576176361818108
17387,8.918128486391101
17388,7.771467766086315
17389,7.702692126915203
17390,3.160800828867274
17391,3.9466873254643557
17392,5.48693399908793
17393,5.435436393911083
17394,7.422241236718864
17395,5.4532677782638945
17396,6.811348238215029
17397,7.41894818783643
17398,3.570871050394043
17399,7.561320990554475
17400,6.359974417220763
17401,1.4441010188213386
17402,4.224883900377822
17403,7.097604393245632
17404,6.062436718836153
17405,4.350329952640148
17406,4.169094946376486
17407,4.32964719059885
17408,6.1443623751807035
17409,5.382129307663687
17410,8.403368334166014
17411,5.299025652854761
17412,2.381098413358119
17413,3.5765257700735407
17414,5.611168087311432
17415,6.020753752962079
17416,6.827201733288255
17417,5.427834859303695
17418,4.554482630402138
17419,6.497927879055626
17420,5.1265492150101135
17421,7.521659243832556
17422,5.7087656209176325
17423,6.570230214691358
17424,5.383210649903902
17425,6.711908585274308
17426,7.283401151356079
17427,4.720794977342671
17428,6.673028286799404
17429,6.306283415306802
17430,7.969148330292203
17431,4.04126728447347
17432,6.662133361521359
17433,7.891540294521132
17434,4.875007326687155
17435,5.272516385260817
17436,6.963451458499281
17437,5.684016498033669
17438,6.6450696839890036
17439,7.402805175856558
17440,6.299964806807962
17441,3.623970783108449
17442,7.958489845466076
17443,4.796382221659265
17444,9.017083840132464
17445,5.58449342040983
17446,6.622295295516244
17447,5.509930707400734
17448,5.717299337898913
17449,4.245127485732397
17450,8.934422054249314
17451,7.713296076658672
17452,8.567541052730004
17453,6.25805654171979
17454,6.811926528819409
17455,3.3357650976033804
17456,1.769073948482971
17457,8.309637433707914
17458,5.1599750317591555
17459,4.517415966429963
17460,6.975681004603255
17461,4.099189656330501
17462,5.292920182945363
17463,7.501062465533478
17464,1.501161905121528
17465,9.508066834954477
17466,3.3713143510146057
17467,5.87524233928098
17468,6.685919612247265
17469,3.753077974350269
17470,4.167372206646759
17471,9.884864001910163
17472,7.884139946693551
17473,4.224290668677826
17474,3.9995794409414502
17475,6.68521211284819
17476,7.352622356982996
17477,8.45615560989414
17478,7.215679914894712
17479,6.9330091451966105
17480,4.606646008491104
17481,5.025463930523275
17482,1.7630673221028168
17483,5.5630443906136735
17484,6.173338910504654
17485,4.994689366901042
17486,5.1232269704338504
17487,9.119910121457583
17488,6.611437119585128
17489,5.394821979521395
17490,3.721952207554878
17491,6.892344304790378
17492,5.788716485173458
17493,8.027334822168909
17494,6.114084741441007
17495,2.6294369348091426
17496,8.286656079398806
17497,2.6390117641275563
17498,6.840197643593385
17499,8.554572983396751
17500,7.6699312878100185
17501,3.5644365115766243
17502,5.8290232615339495
17503,7.219330455977233
17504,2.8195349119162065
17505,2.293196083458795
17506,7.49296237394957
17507,6.212384049686716
17508,7.458820328714854
17509,3.7731864542076705
17510,5.580728001275655
17511,6.882063202863384
17512,3.2180226083977352
17513,4.8818584742752265
17514,1.7418950554080574
17515,6.44147873184281
17516,5.483269419945239
17517,9.364041029096912
17518,2.159365201941317
17519,5.883858014706477
17520,7.553073182708902
17521,3.877002497270528
17522,5.057902664907303
17523,7.629926956036834
17524,8.65855005997335
17525,4.930181813350448
17526,8.759229662619745
17527,5.510055303169465
17528,4.22578310570796
17529,4.930087753354258
17530,2.4934442779276966
17531,3.638109899021236
17532,6.507786259725199
17533,7.89244341720673
17534,3.0734014281538125
17535,8.495371487010623
17536,3.913947391764716
17537,5.461091847870641
17538,6.3583872143879
17539,1.292867825331708
17540,7.502344757938994
17541,9.422148338382712
17542,4.665290567717287
17543,6.437154211023502
17544,5.1292418945434886
17545,3.604434929771334
17546,1.5049841149745795
17547,7.40000663727399
17548,5.152934112829946
17549,6.430160093717227
17550,7.701825278506368
17551,5.943123276781948
17552,7.987921015134224
17553,6.606361159149723
17554,3.7975340731910636
17555,7.2750569231075115
17556,4.374572348791581
17557,6.214629705393557
17558,3.0712953648486443
17559,5.797542865148239
17560,6.195548102043183
17561,7.664969096818293
17562,8.299027271272966
17563,8.580906059304267
17564,5.915453965029024
17565,3.3363141913380074
17566,6.321227764223412
17567,6.48444980061903
17568,7.3054026451735385
17569,6.632704719648622
17570,7.81862045022324
17571,8.362306620794337
17572,5.611146559122474
17573,2.7750665362592892
17574,5.507359968845607
17575,5.5824266181731685
17576,4.90850421869945
17577,5.863168878599783
17578,5.416617970889604
17579,7.386703211652284
17580,8.20153876268827
17581,2.172455963889699
17582,6.679665461238084
17583,6.641242317450754
17584,5.699645447747546
17585,9.06526623013623
17586,5.409442456173538
17587,4.06283472820503
17588,5.552213135979235
17589,5.2120129299139
17590,4.465901759735742
17591,5.562782223562781
17592,4.360469953685065
17593,6.587945539688889
17594,7.265608201730474
17595,7.5892130681939385
17596,9.744315010151746
17597,5.2147662009009705
17598,6.786754608075998
17599,3.9017470544496944
17600,9.488025161212203
17601,9.063884726669485
17602,4.953171930920385
17603,7.225739230283356
17604,2.9386900829267906
17605,3.838976376151081
17606,8.348360809072584
17607,4.937288241935047
17608,6.916783281202507
17609,5.5894442631066426
17610,3.954849075725649
17611,2.2328183330212754
17612,7.479006067686127
17613,3.537185375755233
17614,8.679019361813054
17615,7.57329091203605
17616,7.83401699700045
17617,6.71977876907053
17618,6.793639456531022
17619,6.1566416259829815
17620,8.568035667193152
17621,6.157042963071345
17622,4.122270793280668
17623,7.998997648627522
17624,6.995179719840445
17625,3.933118706373259
17626,5.087905373512131
17627,6.723565386954336
17628,3.478864253295976
17629,4.770920559378683
17630,7.413432848332817
17631,4.872657129594122
17632,5.905163584331963
17633,6.091030808208481
17634,3.704067821274614
17635,6.221408608502564
17636,7.549052077824641
17637,3.550351465176652
17638,6.327374374869072
17639,6.311959444710215
17640,8.383463212514409
17641,8.14478888710574
17642,4.67115764171238
17643,6.063918606415585
17644,7.871935850751511
17645,5.638468331618947
17646,6.42324955137267
17647,6.022237686351406
17648,5.930624253324225
17649,4.584709195618332
17650,5.743373502843679
17651,6.9877300255498636
17652,6.324536654386252
17653,4.792865259148119
17654,1.5323968688013432
17655,8.152259942056766
17656,4.141738609560353
17657,6.473171384761976
17658,3.528944973701153
17659,5.549699100176493
17660,5.941394245830207
17661,3.1714326246397797
17662,2.0763663049097043
17663,7.3344007156955495
17664,6.575327384867998
17665,9.79526203926579
17666,4.487976897103936
17667,6.0232924048175045
17668,8.708405038667067
17669,7.8176692473896825
17670,2.5925890844596062
17671,6.133388596652825
17672,7.216868314486344
17673,9.09866932019606
17674,2.367205841184247
17675,3.1453089764708935
17676,2.820658483618156
17677,7.242761340484563
17678,5.097299193012918
17679,4.696939033194621
17680,8.986761896409021
17681,4.813025074563657
17682,6.787365274981907
17683,5.505602106010372
17684,7.761525951533368
17685,3.831466819124496
17686,5.9262104369542445
17687,6.671596438361299
17688,4.253630066238274
17689,6.1235704497063885
17690,9.54674072336325
17691,6.48037472757084
17692,5.781749835492324
17693,7.122209204867545
17694,4.97720002110236
17695,5.412132600768764
17696,7.652718029023351
17697,7.794205056063813
17698,7.931994421026566
17699,1.6195395695143522
17700,6.613142610687217
17701,6.511159245436254
17702,7.462062821982286
17703,8.102696661291283
17704,4.083796251035985
17705,6.932172062046229
17706,5.365591843482783
17707,4.238842674116072
17708,4.354103118155549
17709,8.83484756107143
17710,3.788469752324852
17711,7.737918560833306
17712,7.565915659305304
17713,4.103973115779989
17714,6.639774862201317
17715,8.97148254399586
17716,6.098798537363498
17717,4.1377655138337595
17718,5.762206189781778
17719,4.8081838367102785
17720,6.529715360377228
17721,6.2275880739341805
17722,6.265944363916563
17723,6.005846892762458
17724,9.266003388511992
17725,6.197094652203857
17726,5.898913388549221
17727,7.9967580965137435
17728,2.087550972942055
17729,3.915878408296236
17730,8.491183386841715
17731,9.807366687711857
17732,6.580080636400552
17733,7.32564540757828
17734,7.899780915222189
17735,8.021069650956914
17736,4.4555441913953056
17737,9.197809635294469
17738,5.53046130131612
17739,4.147555823710967
17740,8.005893120317813
17741,7.176055854176601
17742,9.301252684095271
17743,6.058128039680275
17744,7.3210470380290396
17745,8.449253856620876
17746,8.419365375102602
17747,4.43730683506289
17748,8.025838706202938
17749,6.188750370388831
17750,4.859163119276432
17751,4.252904716414211
17752,5.695533164236524
17753,7.111260240257086
17754,9.980594735239153
17755,4.9928190556184235
17756,4.283698497716164
17757,5.722797586248149
17758,4.441105578975609
17759,0.0
17760,6.503471374021305
17761,6.054676878663196
17762,6.8947307107990286
17763,8.910630106775676
17764,7.312567102039614
17765,3.519983302679891
17766,7.237034489833015
17767,4.6172593587992345
17768,7.059157302273993
17769,7.085852907900381
17770,7.562252511222626
17771,2.5504495546675257
17772,6.015266918984237
17773,7.942712342477999
17774,7.872789270312287
17775,6.126684774069463
17776,6.211135259183816
17777,4.855600350372842
17778,9.312478223705124
17779,9.067399124573445
17780,5.257799105514195
17781,4.375419254568306
17782,4.677409810476776
17783,3.9250172368541305
17784,3.5057222214736847
17785,9.474988399394821
17786,8.079906350285162
17787,6.143100809755051
17788,7.673371295036504
17789,5.61491788022968
17790,8.038348609086047
17791,5.632167796350588
17792,4.013285314646597
17793,6.296858357178618
17794,5.688099051591314
17795,4.710402196709623
17796,3.8363846378940614
17797,7.271725342361639
17798,5.715727354830445
17799,6.338110804495058
17800,5.207029287294977
17801,6.149533587717898
17802,8.298893898339022
17803,5.693085668294846
17804,1.4663124688450966
17805,7.474975531856622
17806,7.14766405697344
17807,7.09808778295243
17808,5.948430525550126
17809,7.266657116582302
17810,5.0323025253231926
17811,3.7479517902150086
17812,5.078577622820023
17813,7.867075067339813
17814,5.349167806041306
17815,1.9113367815968123
17816,6.4047508216325415
17817,5.109618599184195
17818,5.536641148068883
17819,7.17140852238953
17820,6.909631881352668
17821,3.8944047220046842
17822,7.58050643556373
17823,8.6231543145521
17824,5.751330989750637
17825,3.174867677614307
17826,6.864065987032959
17827,4.714028107378631
17828,4.521460058655693
17829,5.803427556288494
17830,3.580850440183781
17831,4.231295790327179
17832,7.993123342685845
17833,7.594519343815675
17834,6.164783091287809
17835,6.003988232876846
17836,6.734494191464493
17837,7.0340889446152435
17838,5.247504298594301
17839,6.3021456764061625
17840,8.240531831933612
17841,3.966325174341411
17842,5.254759289872652
17843,7.648066012499445
17844,6.363257911924814
17845,7.744465933810211
17846,4.5038079474218105
17847,5.1301150168296035
17848,1.5210862996717607
17849,6.260024190026651
17850,5.343286030412401
17851,5.249602234768214
17852,5.175895650379488
17853,2.830035931791161
17854,3.861592508884831
17855,8.88231872858416
17856,6.521819837930558
17857,8.320100022046802
17858,6.2362915064494935
17859,8.449251369899647
17860,6.858259427234241
17861,4.543793143290442
17862,3.3923692740330953
17863,6.829576420761818
17864,4.9077739573243155
17865,6.701159426063218
17866,5.919224096560154
17867,8.42175770315096
17868,9.01197593691901
17869,4.71585582546572
17870,7.293304103756181
17871,7.627809700101274
17872,8.437281802854336
17873,4.000484260000993
17874,9.469922224289299
17875,4.925575787626284
17876,7.494491083874837
17877,8.00746770953336
17878,6.225035884956499
17879,5.111817209689485
17880,6.342020009181621
17881,5.521995324017881
17882,8.02512738610395
17883,6.066363380488783
17884,1.5091572189022593
17885,2.8061710985444543
17886,6.2484999688689715
17887,1.691265954317861
17888,2.6372772568376326
17889,8.055601885433491
17890,8.85772495816703
17891,7.135976128947025
17892,3.036322289428807
17893,7.278970679065765
17894,5.165164340639319
17895,5.504244125116555
17896,4.123213478998537
17897,3.49930034373548
17898,5.886031597377999
17899,5.273264989912771
17900,5.718576174891464
17901,6.080767953289595
17902,7.8431406205747916
17903,5.872123201580889
17904,4.759350349073474
17905,6.574815857832389
17906,5.728670632660133
17907,8.686153283693441
17908,4.846342603673605
17909,7.529709015736908
17910,7.759836764759715
17911,5.512388619033403
17912,6.996708988575463
17913,7.822295813918402
17914,7.279415302288548
17915,6.08567836785073
17916,5.766460169966461
17917,7.757691889992225
17918,4.878665927310445
17919,3.57234627364156
17920,6.997482902879105
17921,3.9473201349774856
17922,8.99752002015678
17923,6.500298775853947
17924,2.7123950293884764
17925,4.7221465489577605
17926,4.828728449317678
17927,4.226945423794697
17928,8.640490108542036
17929,8.701693954008906
17930,5.954474790705644
17931,4.193555652096294
17932,1.3582318818435708
17933,7.076691510604264
17934,6.3344253497475425
17935,6.6632167839774095
17936,6.865730902980134
17937,6.5156245326566475
17938,4.538785161079609
17939,9.445595420998874
17940,8.708536117148565
17941,4.6407577475148205
17942,5.1293948108908065
17943,7.123706788642398
17944,5.494981150795335
17945,9.176310081911335
17946,6.527803545837097
17947,9.081791323189117
17948,2.4695203543045503
17949,4.014597985112633
17950,5.541559235924584
17951,7.732898228685972
17952,7.153873520316081
17953,8.683743503159416
17954,3.95649340026985
17955,9.644577685382213
17956,9.581268520875197
17957,7.605966625493796
17958,7.564473587961087
17959,7.147505414740712
17960,4.208552368796175
17961,5.86082072580488
17962,6.261057656263065
17963,6.351098497723877
17964,4.96131243302709
17965,7.895955848159161
17966,9.004763927226456
17967,6.278664041545094
17968,7.469436063208157
17969,6.028374031451197
17970,7.288310919573043
17971,3.999725113281243
17972,7.521234824506029
17973,5.420687868741082
17974,7.867305690312187
17975,6.26096232291973
17976,7.912421836034341
17977,3.616198085311895
17978,3.9453004870874357
17979,5.552232583229941
17980,6.380226225519893
17981,4.537570642923201
17982,7.2629564942442135
17983,5.898985886619317
17984,4.17858781701685
17985,9.311822506947637
17986,8.551177710833018
17987,8.009414957506701
17988,5.640256965751035
17989,5.962633954543188
17990,4.60356631528537
17991,5.850154881661785
17992,8.590321658167136
17993,5.497328872236902
17994,4.37537890927158
17995,1.8248412869005342
17996,6.611869505901394
17997,7.045333189567783
17998,4.9172640985089755
17999,4.991675420650464
18000,3.8494676340381835
18001,4.74397060329373
18002,5.365333417811002
18003,7.025452820591145
18004,4.599968621056135
18005,3.6911894636379667
18006,5.044896452854191
18007,4.113201774984459
18008,7.743244008561819
18009,1.8093142652360859
18010,5.7352878935715585
18011,7.008156205349851
18012,3.9539343045518254
18013,9.168449365085765
18014,5.405218163061697
18015,8.741276191709078
18016,8.905185275612768
18017,6.953426531605411
18018,7.734693873921272
18019,5.858123884091523
18020,7.499449668137512
18021,8.229160248819024
18022,5.598013042594647
18023,2.9438815414115105
18024,4.237986043657791
18025,9.099865537243495
18026,5.356863685871579
18027,4.992697589611956
18028,5.378960938731407
18029,8.634411806775212
18030,7.663749157659135
18031,7.2224215191804815
18032,7.894278472211002
18033,8.091941794487
18034,4.49251489580574
18035,6.433048677094559
18036,4.30903007287167
18037,7.421499422219372
18038,6.742333788878423
18039,7.259965348033145
18040,7.1193806555344255
18041,2.6130834404585963
18042,5.920614342809387
18043,6.583231654795565
18044,3.998817255346095
18045,6.437127865043868
18046,3.9044773579312415
18047,3.4053478924515597
18048,6.261892589957293
18049,7.032195491043075
18050,8.670943233868613
18051,5.391472626850655
18052,5.222744878294995
18053,8.573266279287385
18054,6.017239295400865
18055,6.351806456723336
18056,5.761122524136178
18057,7.218662732888281
18058,6.846938117988634
18059,5.401200710313996
18060,5.539934141045134
18061,7.5391614917041085
18062,7.57894924566628
18063,2.422468294297302
18064,6.211009309772976
18065,7.610769553190055
18066,4.975555147485105
18067,9.010502426581086
18068,7.279650944747862
18069,7.4000634150595594
18070,5.664874350393529
18071,7.069942648434493
18072,8.247108347420063
18073,6.598349483443191
18074,4.388191527551034
18075,5.3003325331510105
18076,7.058321512106155
18077,7.114626244826001
18078,5.7082271031097225
18079,9.10695849608516
18080,2.172604800691644
18081,8.768826112374706
18082,9.081619789395084
18083,7.415041129569261
18084,7.386232527910044
18085,1.1143003351452494
18086,5.666992905301127
18087,4.964370965251356
18088,5.666302382101598
18089,6.833337230401468
18090,6.994928748565913
18091,6.076020967942618
18092,3.452910799913022
18093,8.230835520284199
18094,6.033085931587017
18095,7.628835192388511
18096,6.218090200003049
18097,7.436579441344136
18098,4.784525225880725
18099,5.8753051619808785
18100,7.104513217383014
18101,3.9900586090348185
18102,8.976855653749816
18103,4.387503049066307
18104,2.8676720352090315
18105,6.005200272720527
18106,5.586417603691478
18107,3.8271226262021614
18108,7.198502842410977
18109,4.851257574315026
18110,6.803383277516287
18111,5.078438869914701
18112,9.031505239908103
18113,8.738490666946012
18114,6.687517023717788
18115,3.114277762906054
18116,3.0627146084713015
18117,4.662342178923469
18118,7.504077111988458
18119,4.767641935310605
18120,3.1523595556790434
18121,4.8800505813818775
18122,5.16579820862066
18123,3.814828738023489
18124,4.996250119270565
18125,9.071445608265241
18126,2.6327543211497413
18127,3.900626922544332
18128,7.279081016915886
18129,2.0336827598218328
18130,2.286120175513143
18131,2.7637937428520605
18132,6.716873875658797
18133,7.095362274876772
18134,7.468609913214335
18135,6.349268889251533
18136,8.56147956083288
18137,4.581162104253309
18138,6.524150333683817
18139,7.035306367757801
18140,4.820667314610471
18141,3.317878329344327
18142,9.099392429372536
18143,5.402308177389764
18144,5.290788977240941
18145,6.077123241724095
18146,4.975129981774579
18147,6.759189384049058
18148,7.973800891107032
18149,8.295031949463528
18150,9.006789719160517
18151,7.6163713339267645
18152,5.804926907782141
18153,5.034980195771037
18154,7.634464280029933
18155,7.364595340131688
18156,4.951203606012773
18157,9.811148628021463
18158,6.432883142624269
18159,2.7357207289564367
18160,9.062986975449837
18161,4.184985520250914
18162,5.228756425452848
18163,4.6432903471611064
18164,8.890496397962846
18165,3.299065508453296
18166,8.473944254118148
18167,3.3016372417927515
18168,9.103473107504978
18169,8.143742934319594
18170,4.905396778392027
18171,6.431833421427542
18172,4.923643216789428
18173,6.033769111167544
18174,5.269933358587915
18175,8.144168824611466
18176,6.731146019304504
18177,7.693822310021742
18178,0.8826553987942366
18179,6.438824885445232
18180,5.340100727778986
18181,9.32097655171412
18182,4.339198849901193
18183,5.473900792886544
18184,6.5414190043520275
18185,6.75288245665704
18186,6.701922628169003
18187,4.057431962814315
18188,7.10100554788848
18189,8.141114837194465
18190,8.512365005856672
18191,5.579755256129459
18192,5.92751881094903
18193,5.079533423133326
18194,3.5073528586909126
18195,6.525505527487944
18196,6.73690904346463
18197,8.269271752970036
18198,8.602730606496115
18199,4.478872531014691
18200,8.059363151398282
18201,5.800298800855914
18202,5.619035028322198
18203,8.90953688555139
18204,6.877159115597413
18205,6.958510498801422
18206,5.959553807059345
18207,9.559137086898893
18208,7.161931156401183
18209,2.8853681355189753
18210,8.278382820589478
18211,8.514865683317078
18212,4.213342624332229
18213,8.84457930912653
18214,5.662941019300329
18215,6.907333300560416
18216,4.235233817438914
18217,5.345101760079459
18218,4.183656554908498
18219,5.104136806537222
18220,7.837952280804667
18221,1.5131410709458066
18222,4.432427969906387
18223,4.76999559891077
18224,4.8912904894128655
18225,5.560180210669968
18226,6.828899520769772
18227,4.842291632770081
18228,4.983063466560271
18229,6.616059905994135
18230,1.2239222180776466
18231,5.9620309403178915
18232,3.53152839031226
18233,7.4966708761354415
18234,7.21672234841175
18235,9.636415831169959
18236,5.577533723244622
18237,8.862655743563764
18238,5.299156486511281
18239,6.325832646865511
18240,7.9642805352619
18241,8.549852338251911
18242,6.732725752756901
18243,6.874794280271608
18244,5.740733497648511
18245,7.661641801480302
18246,3.0885706126796144
18247,5.072342572516781
18248,4.293902518195457
18249,6.816740368680318
18250,7.293315067139283
18251,6.188778577778722
18252,3.4889957708502832
18253,8.021577823455079
18254,0.7491216831795231
18255,7.62472710959098
18256,4.23039584963192
18257,8.297758818774533
18258,5.318778555011235
18259,6.428128777068592
18260,9.006623316176714
18261,3.5000989399569007
18262,7.146603868225316
18263,4.914234797456251
18264,7.690318766397693
18265,4.057297082974902
18266,7.98499089331521
18267,5.133621399499937
18268,5.792600838268404
18269,8.768921929131166
18270,6.598474450273952
18271,5.900484248673479
18272,5.627740382943981
18273,5.6409568076332715
18274,3.0652345812123736
18275,2.442071579902996
18276,4.271757086397983
18277,5.634383490994143
18278,3.6397427624317746
18279,8.207599339117682
18280,6.1305078512809645
18281,7.492273495782522
18282,6.214072580781103
18283,2.8556088768392875
18284,3.402839877160136
18285,4.887649018089225
18286,4.145250455281834
18287,6.3487347064066855
18288,7.14983013335075
18289,5.115482966973146
18290,6.056977446961252
18291,8.973737979876452
18292,4.53363171817509
18293,7.756029956871241
18294,6.5172817341205445
18295,6.733041754327197
18296,7.972155323346126
18297,9.010915757115496
18298,0.7107799249862059
18299,1.9518590597781231
18300,6.2673077294262605
18301,5.286194181540936
18302,5.981250023876699
18303,4.9570579670805035
18304,6.794487673690413
18305,5.028063217529583
18306,6.644157417263706
18307,4.224566172082345
18308,5.743580348566146
18309,4.562973952364502
18310,7.242582366197693
18311,4.667193696681016
18312,7.499878212583585
18313,5.250105212652563
18314,6.1585967435839075
18315,4.503912942661376
18316,10.0
18317,5.662368289899032
18318,5.607264720221533
18319,4.088635673078636
18320,4.3699545665161565
18321,2.887665112354701
18322,3.5679572540927484
18323,4.4579888138208466
18324,4.997617951375647
18325,7.059476613185412
18326,4.329831199307352
18327,5.291371652400498
18328,4.230448299744707
18329,2.95642893745356
18330,5.564841128004631
18331,7.031319764300202
18332,6.01783223146502
18333,4.561783381236472
18334,6.236773493141145
18335,6.6791298523652705
18336,4.887908833856978
18337,5.816252955758639
18338,7.616694680401229
18339,7.514890197951048
18340,3.6623466722424096
18341,9.464695882175779
18342,3.539153957233835
18343,3.704093118428268
18344,5.548805207806097
18345,5.395883245734839
18346,3.6870611061237426
18347,4.239654276328519
18348,7.02715150618482
18349,5.114921699768279
18350,5.739718539010649
18351,4.9011183633379956
18352,2.0002848875387564
18353,5.8411606652723815
18354,4.048702886290018
18355,4.002302157853235
18356,4.622144289579198
18357,3.8725528536354226
18358,8.473278108940127
18359,5.044393637535342
18360,8.550726746161633
18361,7.424498129732348
18362,7.9779222376501995
18363,5.305778600375311
18364,8.282179311332033
18365,6.779059202171483
18366,7.195966940941277
18367,6.843362207748632
18368,8.04533364456708
18369,4.289073459521721
18370,3.1007431943763923
18371,8.315889849030388
18372,7.262329448389765
18373,7.155969308602938
18374,6.019491519686046
18375,7.674150251150724
18376,4.074859405614264
18377,3.3387767980967915
18378,6.105132454835118
18379,5.53264832847996
18380,5.814806532386374
18381,4.079762403268284
18382,7.056116077938873
18383,3.8073241530152684
18384,7.060526524267737
18385,5.936537242387218
18386,5.876333186463916
18387,5.915640676562896
18388,8.000163231179135
18389,2.980182320118365
18390,7.882002283436153
18391,2.9758930529983516
18392,4.02029099212842
18393,8.185148291737521
18394,8.071444541553454
18395,7.024518075024254
18396,6.577570030569557
18397,2.425307099132318
18398,7.085584287348562
18399,7.857968843549257
18400,6.7459880741193885
18401,6.478393895255033
18402,4.466810099449781
18403,4.197997686585094
18404,3.7815238716715407
18405,6.765557693159728
18406,8.056085601460275
18407,6.129565067630086
18408,6.2901911292022294
18409,4.802921036928341
18410,9.560210139304544
18411,4.464853812723827
18412,5.137228537087951
18413,5.891035180889732
18414,3.295673437365372
18415,5.338044208545776
18416,6.854374241586438
18417,6.328282162123106
18418,6.4311296662806745
18419,6.204185632278609
18420,4.813441838726461
18421,7.9813622382319505
18422,5.087766209719356
18423,5.150787175862105
18424,8.295157475308947
18425,3.9794047470349225
18426,6.482473930476991
18427,7.631576396733546
18428,5.245600842346359
18429,7.7766649253016125
18430,7.43019514099983
18431,2.3367927029249573
18432,4.683764025801674
18433,6.73988251893214
18434,6.379997307832703
18435,5.033246668310266
18436,4.062460576202491
18437,5.016674138789915
18438,4.2975714122637125
18439,8.972737649106229
18440,6.996872357892745
18441,7.331862592931276
18442,0.6638187165263388
18443,5.016266559000119
18444,4.698874149669684
18445,5.179614617595501
18446,8.086508569024256
18447,5.318762507096617
18448,5.661635274385665
18449,1.8382772117723947
18450,4.3618991480073515
18451,4.740408503449175
18452,6.930040573804273
18453,2.4932245870282808
18454,7.993717690723468
18455,8.071487644399951
18456,4.89516730244366
18457,5.962234344488966
18458,6.841278150732746
18459,3.166815693337951
18460,5.079843375584181
18461,3.9774438883546024
18462,7.456402233054191
18463,4.4518150699102685
18464,6.15810625411865
18465,7.502086191393522
18466,6.132070380084974
18467,3.871986020497498
18468,7.675334530481893
18469,5.454760326575149
18470,6.4651837943284125
18471,7.6130760378588604
18472,7.985837401844693
18473,4.4194648123754225
18474,2.0650699358316524
18475,4.7228711738810105
18476,6.449949286094892
18477,7.11632679140841
18478,7.779551273997434
18479,5.049774370283329
18480,7.028565939465743
18481,2.115648422671091
18482,5.011922014126558
18483,6.374295568652615
18484,9.230304383092278
18485,4.493078251006993
18486,5.393078400546264
18487,5.401476876263299
18488,5.682740100621175
18489,2.257867013605491
18490,5.497634656846816
18491,5.073150614642138
18492,4.3318722942434515
18493,3.8244958030949876
18494,3.71783062078556
18495,5.770894483517251
18496,7.413080489276066
18497,6.308079206050698
18498,7.6465806508272935
18499,5.338059922649742
18500,4.217549700727326
18501,2.2323210344435
18502,4.65001349746156
18503,8.23378802671588
18504,2.621896283270767
18505,5.496060938165106
18506,3.027878290189885
18507,5.124866017533785
18508,2.1037801891907066
18509,5.287185634379188
18510,6.459819673292971
18511,5.218618266795956
18512,6.644352591849826
18513,5.644663876961095
18514,3.785294541379383
18515,4.672809449395725
18516,7.648506981440171
18517,6.038334241309036
18518,5.130423640039703
18519,6.292602884907437
18520,7.174426464260684
18521,8.499701314337509
18522,6.581978699271122
18523,6.822436102686343
18524,0.0
18525,5.458930727952024
18526,5.606193778066583
18527,5.005384160447504
18528,8.575986203113395
18529,8.363972877373277
18530,4.701546026777432
18531,2.848959025321857
18532,5.823092917675408
18533,5.038267878716869
18534,8.131292634181118
18535,8.14108402158326
18536,8.136881332524277
18537,3.4813488277249034
18538,6.212039522284161
18539,4.527077513168688
18540,8.20529187216815
18541,4.0471199273721385
18542,5.371441404859918
18543,9.220243604677924
18544,5.8945060864155465
18545,3.784555823410186
18546,4.574608587163911
18547,7.889737656781717
18548,3.6354583431886924
18549,5.86172202652345
18550,1.2651630746954752
18551,8.025389165238499
18552,3.5556529893842495
18553,6.331750914460633
18554,4.289510885565953
18555,8.454318106329303
18556,4.800196189572529
18557,7.469530535563409
18558,5.448554084900607
18559,2.139513487247151
18560,5.00062911877726
18561,4.998186326399547
18562,6.868640629215397
18563,7.298911730701518
18564,6.875123636914502
18565,3.502753419862443
18566,9.238437317775073
18567,6.751811543576358
18568,2.3053834914518716
18569,9.637073574622812
18570,3.268203856544209
18571,7.6610010282147005
18572,5.887981131048993
18573,5.200735037651894
18574,8.36961678596097
18575,5.759388625683208
18576,7.152910676038541
18577,6.484393282988686
18578,6.592438806976952
18579,7.81386237198422
18580,4.455176941673909
18581,6.50605755422152
18582,6.212767781857565
18583,6.496105969434446
18584,5.891625625577733
18585,8.140973620132145
18586,8.109322220804692
18587,4.369415603506198
18588,7.991488887951396
18589,7.480529956226474
18590,7.7024248805209
18591,3.63218417744762
18592,7.282990727813322
18593,8.033272333253452
18594,7.838774644641887
18595,3.643302539061804
18596,5.570355263564895
18597,3.605771998490245
18598,4.496654866289916
18599,4.027170666179692
18600,7.332442128919028
18601,8.422529642928076
18602,4.934890624070921
18603,4.85889483697692
18604,5.019685727816581
18605,5.910027403970686
18606,2.603796271404903
18607,5.292325391244834
18608,8.685939327905642
18609,4.7561537264269145
18610,8.130310906287425
18611,6.647655508157223
18612,4.8393613686937575
18613,7.147688633796911
18614,4.39008093265417
18615,6.514745386226064
18616,2.4486603817907993
18617,3.0823093303555043
18618,7.639314553374719
18619,7.131108487876716
18620,5.868047169865124
18621,3.950383305699616
18622,6.408483517122075
18623,4.540551416489212
18624,6.907983707701119
18625,7.534975858078104
18626,3.7190949032488403
18627,8.315123443539203
18628,7.985226865554113
18629,6.710177454140572
18630,5.3075120586618505
18631,6.971736261826987
18632,3.1015127473274138
18633,9.37696062889623
18634,2.443639971627884
18635,5.607398584751014
18636,6.741195482354261
18637,5.925882885759821
18638,8.87367736411538
18639,5.938013705874355
18640,7.782262611527861
18641,0.9240388375269419
18642,3.5055433152859417
18643,4.93091763432254
18644,6.828086077358137
18645,7.372411148909622
18646,3.345185172039853
18647,4.134988133966406
18648,5.9861980668587496
18649,3.520055537244735
18650,5.780118678883652
18651,6.0104723455812294
18652,4.722395828851193
18653,3.819230001063138
18654,5.192323264070981
18655,3.070995835183962
18656,9.489547763430307
18657,4.807368226298808
18658,5.382337739864536
18659,5.1212160587197175
18660,8.106131650046015
18661,7.315418778523502
18662,4.693968280256181
18663,8.121574119349702
18664,4.535507089511278
18665,8.937333741402982
18666,5.197888889946942
18667,8.80732883304999
18668,6.498850280380792
18669,7.119452856041941
18670,6.856597491863525
18671,6.770339219654126
18672,5.546246900428186
18673,7.337465086968461
18674,4.924843220908394
18675,5.200737333050786
18676,6.3656425300843615
18677,4.99100130677089
18678,7.843291945380664
18679,6.598452218153316
18680,4.930955840178491
18681,6.573083603967651
18682,7.281060717915673
18683,6.697888703144101
18684,3.263331756219557
18685,4.287919262068131
18686,4.746045517266685
18687,6.238292649538861
18688,9.111574656470896
18689,7.380344541325815
18690,2.747427059232477
18691,6.35845674376753
18692,8.86468874058272
18693,7.863769535415257
18694,7.068227234215991
18695,3.253841187833806
18696,8.890005199415494
18697,2.980836043884319
18698,3.909885667010508
18699,4.438294850154174
18700,7.753898864696965
18701,7.658826306314985
18702,7.808208618902747
18703,6.80217736649975
18704,3.986405225802076
18705,3.989193055658985
18706,4.729561887234116
18707,8.376836713914432
18708,8.993276665751605
18709,5.613733358514718
18710,5.4046251259577485
18711,7.671904129007865
18712,6.845353120600734
18713,5.518274512276968
18714,7.67343497036425
18715,4.813626235212267
18716,6.7061910629218335
18717,5.3615267289228665
18718,4.235276388334339
18719,5.562744093867919
18720,4.137582338806382
18721,4.970360916495539
18722,6.205973835461174
18723,8.920040724679483
18724,7.578649570490981
18725,5.6545132106915235
18726,9.180219334644393
18727,6.809946748307807
18728,5.920309643654239
18729,8.238184308823104
18730,3.6215782208234932
18731,6.946331413118201
18732,8.115624899157716
18733,4.577870383454623
18734,7.353666647773242
18735,6.10472890790316
18736,6.048274740530967
18737,7.795195787767588
18738,2.567355198938634
18739,4.155267684726345
18740,6.333882125169614
18741,6.196641680135518
18742,7.238540824826547
18743,5.252440737489181
18744,4.374855793632849
18745,7.84012760476168
18746,3.976709999264453
18747,7.668797997006537
18748,8.48558840946201
18749,2.413101555752154
18750,5.182558821809559
18751,8.372468043546965
18752,5.868780127349599
18753,8.3071825379288
18754,4.588470895955429
18755,5.073783747662601
18756,4.615982845897964
18757,7.27245001295069
18758,5.290051532236248
18759,4.023200839362737
18760,6.558894552344983
18761,6.657583469576075
18762,7.643207774721358
18763,5.221571171671182
18764,5.257210726565781
18765,8.320878706172149
18766,7.3305467188626725
18767,4.765805210088044
18768,6.28780530764408
18769,0.957454991233551
18770,5.155372904670644
18771,1.6556459782816384
18772,4.301456848882818
18773,8.32265131598971
18774,8.156680273810656
18775,7.273519452994427
18776,7.609360380498099
18777,2.011574469802671
18778,5.650805621201912
18779,8.408755449332661
18780,5.736871635707488
18781,8.884729409162816
18782,2.1849599701514983
18783,8.224587934357912
18784,6.963137660382689
18785,5.845463719555028
18786,8.51188015923943
18787,7.159793071100315
18788,7.484157227507371
18789,6.2244613569215135
18790,10.0
18791,5.756046998569714
18792,9.029326621188577
18793,7.1096056279754976
18794,4.0410623092291935
18795,8.428325875098377
18796,6.632216752930017
18797,6.133918772175741
18798,5.818368935471633
18799,5.271992616339405
18800,6.1415027115288865
18801,5.62455546173536
18802,7.121552031735691
18803,6.651787349061776
18804,6.842233327699786
18805,8.587500464596541
18806,5.330217976378397
18807,4.655642094256983
18808,5.06841301212471
18809,7.6863397077323174
18810,6.025239727699311
18811,5.102437774746079
18812,7.283864422495351
18813,7.788978847011989
18814,5.582506862356032
18815,5.613120350890858
18816,4.171252834190824
18817,6.237664839254256
18818,4.7716124454367606
18819,5.343747382527739
18820,7.1619459165674595
18821,4.950197173461152
18822,1.4810218836567
18823,5.889102461488493
18824,4.506345919746698
18825,2.7757785654510307
18826,5.690113396273441
18827,3.5702608944444445
18828,3.1290693464618444
18829,7.387542215194902
18830,4.522675222597991
18831,9.318075341873492
18832,5.700907828366216
18833,8.247617649433106
18834,8.08331481483007
18835,7.313687435293666
18836,8.094695386963245
18837,5.126463593911685
18838,5.081616960051009
18839,7.968727969179782
18840,6.592991978038455
18841,6.366339725249869
18842,8.577343648597525
18843,8.68528434266436
18844,6.47218490006051
18845,6.669847558145955
18846,5.886500269902159
18847,7.9315374324752845
18848,4.732187168277598
18849,2.821318364998518
18850,8.705452519839582
18851,5.896752334236569
18852,6.677735827269669
18853,4.932529207650282
18854,4.734229756215428
18855,8.982638093610873
18856,5.273604682583768
18857,6.023470786964275
18858,8.6545219275158
18859,4.715498508648373
18860,5.561229704992136
18861,2.7677994679921767
18862,7.066829478278354
18863,6.497247907582674
18864,8.003525533970755
18865,8.98967134420153
18866,8.07051598882392
18867,6.904529695295507
18868,9.149585274521812
18869,8.539627148134748
18870,4.68141714122961
18871,8.051355144239427
18872,6.176619717963916
18873,4.0778788944363615
18874,5.661659703454305
18875,4.4356542136495944
18876,1.683505937524746
18877,5.7610982681593566
18878,4.392465319538051
18879,7.1042176767977185
18880,3.1761428469073625
18881,7.290322197899247
18882,7.768419888642981
18883,9.32002264513526
18884,4.618064594959341
18885,6.349374986227561
18886,7.876211484567525
18887,6.36655393934471
18888,4.426826667185672
18889,5.329745099177835
18890,3.4358615888944
18891,8.976024837387325
18892,4.486270610953688
18893,9.626810184598364
18894,6.340521335220082
18895,7.90737011223063
18896,8.15110806654405
18897,5.839873076291843
18898,7.457580434248641
18899,5.062469134925738
18900,9.407792014290552
18901,4.563579592952363
18902,6.598012799401412
18903,6.222113193219129
18904,3.1609609427650787
18905,4.243219292088762
18906,6.493939299615932
18907,4.898658516349365
18908,7.817523485289604
18909,4.710859020381012
18910,5.187993712496157
18911,5.875676544297948
18912,5.926538463362952
18913,6.701539861999878
18914,3.641352853861555
18915,4.217204609138609
18916,8.505564871177626
18917,5.428168166201327
18918,6.8627587464002096
18919,6.19793420799724
18920,6.7971656814673125
18921,6.4040053933018655
18922,7.319914763934734
18923,6.311868149943621
18924,3.941635476599889
18925,3.9696070726016273
18926,4.618679462734172
18927,6.391445094757703
18928,6.791155059289538
18929,6.407487246685939
18930,2.2405885947660646
18931,7.156766579882289
18932,7.1501583013817225
18933,3.2450847693897886
18934,7.623710546865534
18935,1.5120645168505853
18936,8.328352373667038
18937,7.714508192410609
18938,7.042129702171545
18939,10.0
18940,4.0698271558599295
18941,8.095351332556485
18942,8.554567132831862
18943,8.509257106539422
18944,3.3831598795149724
18945,6.031494550405604
18946,7.469971458422918
18947,2.0352532715947356
18948,6.697395047904804
18949,6.279905111195193
18950,5.34727300243166
18951,7.971740356981044
18952,8.625584703709162
18953,7.57939724222392
18954,6.574207057007694
18955,4.967052744597732
18956,6.192524239284499
18957,5.249402924870763
18958,7.315808046190501
18959,4.211805857684466
18960,8.077825753372046
18961,9.321147065378831
18962,6.8827599562067086
18963,7.465413333967751
18964,4.607724424902976
18965,8.383589660296247
18966,4.806568746504399
18967,8.960268644447192
18968,6.19858936050095
18969,3.116499902814726
18970,3.983130490030515
18971,6.122296244345324
18972,6.2834210937203885
18973,5.5338208100786055
18974,5.902418366016169
18975,4.778825506371481
18976,9.683330794458938
18977,7.0902748931026265
18978,6.313568371177453
18979,4.934948655320772
18980,6.388564183632665
18981,2.4480267616702625
18982,5.298434251248949
18983,6.677740386933394
18984,2.777622012054141
18985,5.999042886195269
18986,2.58530288132883
18987,4.098121034198764
18988,5.4494326362982
18989,6.858093937619799
18990,5.9410023343605705
18991,6.567627130873116
18992,6.4070253044246055
18993,8.990079060979806
18994,6.871844577401388
18995,3.8520846546719496
18996,7.78972970001062
18997,3.0976746283895773
18998,6.253017192162746
18999,3.7286542714979696
19000,6.5903122745955525
19001,3.078610784629916
19002,5.032496914199962
19003,3.944683997584841
19004,2.9586521572602695
19005,5.398855463384149
19006,2.6026458025540604
19007,3.763788870094305
19008,2.8005852078772757
19009,4.290907152790206
19010,7.354298646814383
19011,5.549949374198193
19012,9.692246592333888
19013,6.513978416343309
19014,8.374651670352888
19015,2.6720216627561166
19016,2.257218665746704
19017,4.0538241674786075
19018,7.48229228892984
19019,7.483448138058618
19020,6.95099237194189
19021,5.968673798877504
19022,5.81086951643572
19023,3.344462791266449
19024,7.931680935734353
19025,6.871392898244484
19026,6.291935343345896
19027,5.543678859541444
19028,8.64063901519673
19029,2.096319454887144
19030,6.0643328582653115
19031,5.246061029500626
19032,3.93847634748928
19033,6.2005168018684635
19034,6.491388116942888
19035,6.770959827702371
19036,7.378360775117585
19037,3.765738446325909
19038,6.916970571209854
19039,6.465201265477592
19040,4.856500800578169
19041,4.510733641474387
19042,6.96138511339267
19043,5.765138241191436
19044,4.882917402626593
19045,4.8739788980217975
19046,5.417429734879119
19047,6.78431903005543
19048,7.377079092028557
19049,6.893798288748699
19050,4.497990092503196
19051,4.872042001026333
19052,6.103830112887049
19053,5.448081706745863
19054,6.67853045213799
19055,7.1523675536973474
19056,8.288220368700767
19057,5.150925522483131
19058,5.930868342002305
19059,7.479566375488833
19060,2.817538126225074
19061,7.212939955184051
19062,6.609441039911658
19063,7.301318964099032
19064,10.0
19065,1.1325158512899633
19066,3.7850975661119195
19067,8.088807357825639
19068,7.960367806315463
19069,6.7020748629384075
19070,5.94945112888939
19071,5.590937564770583
19072,9.682878468773474
19073,7.0397610803315125
19074,7.552761424081554
19075,5.037380089771875
19076,5.635519405704109
19077,5.57163298938684
19078,5.72905703279072
19079,6.6311427642133385
19080,6.119147431031455
19081,4.158880483061549
19082,4.468498203743337
19083,7.274068528739666
19084,5.854806769632895
19085,3.68590748612855
19086,8.571659037989829
19087,6.329710408031169
19088,2.38692867607429
19089,1.829758230452395
19090,7.676757631060597
19091,8.243653639198829
19092,7.29694772309141
19093,2.207116635504917
19094,1.9907321268822122
19095,7.232246542854428
19096,3.844287084487653
19097,5.579414441707515
19098,7.317130343984982
19099,2.8454332859682734
19100,2.9234015910328206
19101,6.667036102587553
19102,5.543810547327579
19103,5.829891613939624
19104,8.993980959519517
19105,5.8848573065882475
19106,3.925580286946794
19107,6.943563278030426
19108,6.63296975989032
19109,5.438993468182879
19110,1.9158674715138697
19111,7.434077356074496
19112,5.145016697934006
19113,2.8613292788233284
19114,6.994450184194891
19115,7.332704719816855
19116,7.162342977975264
19117,8.296163814743839
19118,4.762439241841895
19119,9.146759206139128
19120,7.666567050067423
19121,8.952876648868404
19122,6.8856176306467685
19123,5.158526338630015
19124,8.807714803530558
19125,5.03530819754114
19126,5.375318347829157
19127,6.7068891647864906
19128,3.2846638933543426
19129,5.346876777959141
19130,7.3544341741939245
19131,6.930556204030259
19132,6.0161266039900045
19133,7.641640698394589
19134,3.208034239033407
19135,9.13169249215381
19136,3.8316961111308627
19137,7.686657602133632
19138,8.059944037482705
19139,6.072968393352588
19140,5.7208052828486124
19141,9.488254076392383
19142,5.109177937738815
19143,8.844333008853196
19144,2.8446772756593117
19145,4.819793024599345
19146,2.76327348490889
19147,7.038883840945077
19148,8.144449771688361
19149,4.573726945021326
19150,6.77555764153698
19151,8.861425090967106
19152,6.856370484468317
19153,4.829269536741867
19154,7.543488810124923
19155,3.7435427947283166
19156,5.567396923011599
19157,8.08792602076161
19158,7.08727640660471
19159,3.5834266252991087
19160,8.63433743982863
19161,3.757229741404931
19162,9.454679060428479
19163,4.75112575603889
19164,5.2545814287115125
19165,6.69111231597711
19166,3.8506012929640194
19167,6.383196092196629
19168,8.455447279428476
19169,7.998289848425941
19170,6.603730156984476
19171,6.224010280498506
19172,8.363609762817491
19173,3.8508643276380443
19174,7.827379992881657
19175,9.315796566563403
19176,6.425236786614821
19177,5.4233828845601995
19178,4.719339981633622
19179,6.241267696606906
19180,7.375856983112435
19181,4.988856226304989
19182,8.921569798066194
19183,8.787713790189052
19184,4.817942775106974
19185,2.0099519545998343
19186,7.905192120712368
19187,7.660962609060502
19188,3.848320931386696
19189,3.266633696520783
19190,7.8654024435895895
19191,6.016619058352784
19192,7.071280169753108
19193,7.986285462259334
19194,1.840867744938029
19195,4.007949210194215
19196,5.345390896184365
19197,6.474962480513503
19198,9.061034076886582
19199,4.70042648672764
19200,4.312062741074234
19201,6.577848758732926
19202,3.234912860222207
19203,4.975152774960057
19204,8.697720108834188
19205,6.9127131410078455
19206,6.210806251520539
19207,6.820164232119133
19208,3.635274858992779
19209,6.12890942770022
19210,6.779651304839044
19211,5.970097627047091
19212,4.809972332621753
19213,7.802943642901131
19214,6.481215250558705
19215,3.8723068899728585
19216,6.351573278091382
19217,7.988659056856015
19218,4.379810282680519
19219,9.498828588774607
19220,6.83954462456974
19221,2.6680454045655826
19222,8.19773867022742
19223,5.371962827601539
19224,5.10475934465593
19225,7.205259263504494
19226,2.734308589909938
19227,5.674797331289551
19228,3.0756915539977108
19229,3.6962691993410464
19230,4.207130135006919
19231,7.270011081464066
19232,6.961361268455722
19233,6.926243557793347
19234,8.888763503865762
19235,7.320448902640511
19236,4.774655217956841
19237,3.1723904425520253
19238,5.015010834419508
19239,3.8101124172712177
19240,6.409542337410803
19241,5.313784462115716
19242,2.9134861082917562
19243,7.625960007362879
19244,7.972354456107134
19245,5.743639931002975
19246,6.513477709540855
19247,6.65128569243606
19248,7.250589958438191
19249,8.87624075307388
19250,5.6224057497758695
19251,6.606910568873096
19252,3.567623775489799
19253,6.143672248039291
19254,6.8787308360968
19255,6.202646704719847
19256,6.172716787053778
19257,7.753626341693307
19258,3.2140866611392602
19259,4.741589078904287
19260,6.710394878610937
19261,2.3448192347993757
19262,7.349978880015829
19263,8.403057159242714
19264,2.7720309074103406
19265,2.131763020635081
19266,7.39891480236655
19267,8.115004319723232
19268,6.186223435498986
19269,4.494334884587291
19270,4.436627842192877
19271,2.822323176830608
19272,5.632447200643748
19273,8.122724601582739
19274,2.6295722667425174
19275,6.093504743489444
19276,6.571647700556584
19277,7.630147464269395
19278,5.6246340393668035
19279,5.485904564508143
19280,3.9286188259370856
19281,2.1542119518281493
19282,7.310834697743001
19283,5.628945510003112
19284,2.2387441172977525
19285,3.699321533585092
19286,3.9447878149769
19287,5.606124708995042
19288,6.721665111107322
19289,2.31070841928236
19290,5.460466051100752
19291,7.310056104512002
19292,5.80461469388332
19293,5.440195674114808
19294,8.494151612795168
19295,5.1414578995240525
19296,5.010220878367997
19297,4.755334960374167
19298,6.5172750251586695
19299,6.195477366860914
19300,6.040305453401356
19301,7.158283528599535
19302,5.081149061838665
19303,7.072245664893712
19304,3.13205941140876
19305,4.818637876474108
19306,2.2477276670448765
19307,4.887427194386038
19308,7.961249783256275
19309,1.7335133139691585
19310,6.58192312924618
19311,5.826201448851102
19312,3.8179196275304523
19313,7.169951961022882
19314,7.140516136047754
19315,3.207369712717179
19316,5.955889987708527
19317,6.213577586276606
19318,2.6269941575702225
19319,4.2078773062905155
19320,4.381001011594698
19321,7.823755310609227
19322,3.1327138438732423
19323,5.288828955432797
19324,6.51794451872866
19325,6.434817937409035
19326,5.584549755725426
19327,8.116773422244666
19328,4.959860062476306
19329,4.782254000332722
19330,7.322830864175213
19331,4.496254425654289
19332,7.372793645774939
19333,7.726135139067042
19334,7.920109389063306
19335,7.034202275102376
19336,7.774493906398291
19337,6.715179416536769
19338,5.115397583859035
19339,8.095082024651205
19340,5.96905186754767
19341,4.146379424145515
19342,3.5345580978470514
19343,6.0289354603141305
19344,6.266886985752317
19345,2.871595286127886
19346,5.862431178626348
19347,4.611264768768051
19348,2.7821711768730726
19349,6.726645858649476
19350,5.556316880360253
19351,3.2404632710643515
19352,8.888217598255821
19353,2.124218789605382
19354,6.461519651382411
19355,6.603265597988574
19356,7.818717703044811
19357,7.5768510093318255
19358,6.608918126112618
19359,6.83895054381714
19360,7.730948794669725
19361,6.674997714370011
19362,3.7192594752099506
19363,6.227902372139109
19364,6.156145642626506
19365,7.219874226606624
19366,4.651353255770718
19367,7.5319443922322815
19368,8.000384818442614
19369,8.689960376917366
19370,5.163192783107999
19371,6.251066185675356
19372,6.056928496125169
19373,7.169526280945055
19374,8.276912755500767
19375,6.34394767176032
19376,4.921435503968683
19377,4.212024153363319
19378,7.019152600008248
19379,5.381455660519027
19380,6.458750686590072
19381,8.591321093655308
19382,7.652936505513391
19383,7.063241664608705
19384,5.866650188485517
19385,2.5780894603513946
19386,5.816195384854394
19387,9.263110384079743
19388,5.994364874420977
19389,8.599919323539833
19390,5.154490638040704
19391,6.795268220058452
19392,3.895974089835004
19393,4.1922918723874405
19394,6.6650842994346
19395,4.677167858762143
19396,1.058350028621221
19397,4.094330919504995
19398,7.813630756197947
19399,4.584340168465728
19400,5.481849664681196
19401,5.7813920276813775
19402,8.621307930504951
19403,5.14373983670734
19404,8.199455087715267
19405,4.408309551482057
19406,4.549349538613951
19407,6.506213143980938
19408,2.561584021783295
19409,6.912391589013952
19410,5.861493692638911
19411,7.2603511111401815
19412,6.475421528453149
19413,7.81404946197574
19414,3.5198621844083036
19415,7.490781941505681
19416,6.324715939581179
19417,5.211157264070265
19418,1.4122611524947208
19419,7.661397610762728
19420,6.172371020346926
19421,5.619056669314882
19422,4.737619901860654
19423,7.516131735667807
19424,8.211411224861212
19425,6.8378465864849804
19426,7.023417186887224
19427,6.050842109735964
19428,6.4622705613185865
19429,6.702116669048079
19430,5.552394235095432
19431,5.917721938599036
19432,5.917657660060927
19433,4.634431805407471
19434,8.792354067838888
19435,5.228282808681143
19436,8.021370099049083
19437,5.299743598913276
19438,2.9639469932046465
19439,4.452189606806799
19440,5.594290801161826
19441,6.186403025520444
19442,8.130161293050557
19443,5.768413972929613
19444,7.011271308634559
19445,5.6767447271750315
19446,8.666967403988908
19447,8.311934332970448
19448,6.7002631179347905
19449,9.266599558317377
19450,7.652706545814938
19451,7.915327321707261
19452,5.572949963068153
19453,6.257061499946223
19454,4.016565487623344
19455,5.3609383228808705
19456,4.672356717088231
19457,4.084811459263276
19458,4.143989020385467
19459,6.1006771321436215
19460,5.906307403229797
19461,4.647487960356737
19462,5.818942541911413
19463,0.7540605596334511
19464,6.658393896738998
19465,6.936262921224696
19466,6.74706307982284
19467,3.9669902831335504
19468,5.429652729343716
19469,2.2730804731857974
19470,4.858345250624616
19471,9.009589609756187
19472,3.821415218433086
19473,7.07743897177046
19474,8.685752027233331
19475,4.435422690588357
19476,5.998131275497494
19477,8.128624716102015
19478,3.475309072795495
19479,6.941697975318837
19480,5.839797951631233
19481,5.869275328247253
19482,6.425207959528242
19483,0.09339657428022646
19484,7.58059771507391
19485,8.214875279663032
19486,6.315947225852421
19487,5.9125711257110485
19488,8.007181045364865
19489,5.941919064934664
19490,2.0874386117750237
19491,8.161360195246075
19492,7.788457419155015
19493,7.789654001259201
19494,6.756966954115414
19495,8.821266600996903
19496,7.0309033513390915
19497,5.418507098286817
19498,7.842929939011849
19499,5.993339240247185
19500,3.5778922042229384
19501,6.178084155166458
19502,8.880486108492887
19503,7.018209740981273
19504,5.498462474230367
19505,7.1811589547649675
19506,6.050466874718456
19507,6.704291523255744
19508,6.119909433321523
19509,4.0263437920964895
19510,8.623222871162238
19511,3.6840315725961803
19512,7.70470921045111
19513,8.52845210256134
19514,8.58894270672583
19515,5.934919912629413
19516,3.1569742789339585
19517,8.505982351805718
19518,2.2206375352914867
19519,6.876755308888258
19520,6.654274082760326
19521,3.7134221344395293
19522,7.796285516026051
19523,3.8599915500095694
19524,6.381176239882325
19525,5.631883224433107
19526,7.938891455042745
19527,8.454743995764753
19528,8.454565098333282
19529,6.12010125595401
19530,3.240293350675873
19531,5.293198731130695
19532,7.154672756798728
19533,6.985176316309635
19534,9.054363741544137
19535,7.352355642198429
19536,5.896053330048467
19537,8.353694675548567
19538,7.950988198290057
19539,6.959525582045481
19540,4.919735255194503
19541,7.189785627319811
19542,4.988710239062355
19543,2.1221424056894485
19544,10.0
19545,9.003635532638414
19546,3.8434528513480157
19547,6.704860280819346
19548,5.536826376815682
19549,4.9425855536091206
19550,8.522586785436939
19551,6.634115257441119
19552,6.213776356304429
19553,6.098118110203179
19554,6.200167528461926
19555,6.082002533182958
19556,5.317631770747239
19557,3.971903458051125
19558,5.3328164779518215
19559,9.525867259894518
19560,8.402879533039668
19561,8.311776770688041
19562,8.296418063216935
19563,8.018732538278833
19564,4.098524572246548
19565,7.301910861222494
19566,8.369289166009988
19567,7.981495691036696
19568,8.171731922961996
19569,3.43790487088902
19570,5.870858855207381
19571,6.15559840349504
19572,6.737727856036727
19573,7.207785848003311
19574,7.918717285061335
19575,4.694051647651507
19576,6.956139710191359
19577,3.675494203491079
19578,8.037575214072318
19579,8.212683717367076
19580,7.857580589429712
19581,6.464997272844965
19582,3.5103793516600943
19583,5.274960711815653
19584,3.257210110824388
19585,8.771294520029908
19586,4.308967970717692
19587,9.515386142935167
19588,9.62160347241813
19589,1.6804498898701699
19590,1.7973326461841448
19591,6.301290047964203
19592,3.7776461015518525
19593,4.267918866930006
19594,6.196687352449231
19595,7.781526971026418
19596,5.338784073270494
19597,4.470367116526698
19598,8.163491657566373
19599,6.418204730159462
19600,4.795180096023462
19601,5.7050388705536355
19602,3.833577113190427
19603,1.8844224122891866
19604,7.456559475264349
19605,8.545098741680986
19606,10.0
19607,9.01943367671645
19608,7.775957222383447
19609,3.5177336878311647
19610,7.274151276759299
19611,6.187337036239314
19612,6.900035911845434
19613,4.170661239355237
19614,3.6767596550173542
19615,6.217992904674549
19616,5.481140359102067
19617,4.542790036482529
19618,5.954969301238454
19619,4.084363970928724
19620,6.8310769564434874
19621,6.09974363355599
19622,4.503989741713686
19623,7.979024927289498
19624,5.318750815309383
19625,5.8892950218509705
19626,4.6324514838106925
19627,4.650324387160733
19628,6.78086577910056
19629,4.964849837510326
19630,6.2691128934254525
19631,6.1656092396343585
19632,5.5555893409048664
19633,3.7837721420341355
19634,6.374850242031935
19635,4.017919290560264
19636,6.205476899211121
19637,5.369683155907911
19638,4.840373578280875
19639,6.1061464989102765
19640,9.30486073874953
19641,5.568383865957261
19642,6.925049322628006
19643,4.516691311488996
19644,1.5759777237751746
19645,5.687274504647859
19646,7.285434220454381
19647,3.1708756477119757
19648,6.3030102277743065
19649,5.450213505194856
19650,7.213281953946922
19651,4.323434899803311
19652,4.304561532646649
19653,5.583785015618875
19654,5.71142583078023
19655,4.938885878941023
19656,8.865390036526202
19657,8.492603055072625
19658,4.201782399677375
19659,6.914511123472298
19660,2.99798764243392
19661,5.319310503323296
19662,6.446046724652126
19663,4.865020843227749
19664,8.00644183192967
19665,6.819283726391669
19666,6.699173421666808
19667,5.533871683196475
19668,7.745658374470247
19669,3.791308023483099
19670,3.891640626009035
19671,6.790388841741416
19672,6.4569796786816696
19673,4.819208893984335
19674,7.828535489537053
19675,8.863725902567666
19676,8.020980281865018
19677,9.21106146884037
19678,4.734055671931986
19679,6.9710850650498895
19680,7.412960086436033
19681,9.433649237750428
19682,5.3183177988844905
19683,2.7030092896346725
19684,4.459647118587759
19685,6.818295345252091
19686,5.471684396510105
19687,7.171218576974458
19688,7.218917062362032
19689,8.801646590271838
19690,2.2707009852924527
19691,4.61335449974782
19692,9.374871503081469
19693,8.404991380437274
19694,6.511508240515322
19695,1.50272694894549
19696,6.667490421191014
19697,5.463284667895516
19698,5.510809946042972
19699,3.1246813284789376
19700,7.687666004427221
19701,8.673685488281405
19702,5.552837271316459
19703,8.502703678124108
19704,7.877795293621047
19705,6.641799907048913
19706,6.759347759753416
19707,4.632313584653191
19708,4.582950129698352
19709,4.3171258810867075
19710,9.56150219385408
19711,5.1704744183115645
19712,9.0983394665938
19713,7.515938308854922
19714,4.585525421802561
19715,7.240147950031809
19716,8.155179330262278
19717,6.801881842848024
19718,4.2170403712536455
19719,3.7541306806403543
19720,4.712019012499512
19721,5.28996407247214
19722,7.946183041966917
19723,7.747289425022958
19724,4.9119794170232085
19725,7.981615485157246
19726,4.544009649794806
19727,4.210340872938213
19728,0.5869619278654161
19729,5.6657443870805615
19730,8.016839652594442
19731,5.4619409999239785
19732,5.172309799363783
19733,4.436827108473939
19734,7.17659432683506
19735,8.087855690142531
19736,3.5850867051365842
19737,4.656766971167449
19738,3.1652523839133018
19739,4.963712379797345
19740,7.107151305276064
19741,5.685314997212167
19742,4.408838366628532
19743,6.005385337580557
19744,6.217014000190581
19745,1.1156155779338446
19746,3.2374089446929135
19747,8.418276181423385
19748,2.0477266425616767
19749,4.7574573702994565
19750,1.9795084474399123
19751,7.986069133150198
19752,4.207685830722511
19753,7.5073116892245935
19754,5.7242152216385715
19755,5.818670422261045
19756,7.500795430640764
19757,3.5466523124862794
19758,4.186846232357124
19759,6.123411563600214
19760,7.088608293274717
19761,6.344231979961307
19762,6.148887581682453
19763,5.9176649725275805
19764,4.772148101333636
19765,6.994015408471328
19766,6.838385967235915
19767,7.580368529395669
19768,6.314188800942685
19769,7.255839782863177
19770,5.713530550600978
19771,4.253495382187359
19772,3.4046586498311626
19773,5.610029053296916
19774,4.261987178392076
19775,3.1203204605912185
19776,8.909567720271902
19777,4.8480506316178715
19778,5.5620397456879545
19779,7.388342105844849
19780,3.9102853918149068
19781,5.544673264481341
19782,7.438314089040761
19783,4.027408571860738
19784,7.816623853680614
19785,4.684117237018141
19786,5.5384258029883995
19787,6.4630301507242995
19788,6.637772397354735
19789,6.803038513936745
19790,7.1696231205757
19791,7.967121722324615
19792,5.767770822990048
19793,3.705726472832075
19794,7.480726204568599
19795,7.269564210783077
19796,2.7504085423821363
19797,4.903745881293548
19798,7.307827049479187
19799,3.3360784579628096
19800,4.525153921209626
19801,5.434942937427145
19802,7.886200490689252
19803,7.356750804301393
19804,5.608962621921478
19805,7.1294705521708455
19806,9.376274463684233
19807,8.505825650377858
19808,7.9275001068165825
19809,6.041111522124162
19810,3.806103081060628
19811,4.54786912286521
19812,5.188018130217406
19813,6.441512092076589
19814,4.123798323191747
19815,7.753608470247722
19816,3.259964712300936
19817,7.43376297116029
19818,8.46635811300916
19819,6.26042477695471
19820,5.220513710392087
19821,5.388797501102667
19822,6.249764051467061
19823,7.460088069766093
19824,9.179247315787386
19825,8.390661815067823
19826,8.31375653226073
19827,4.122818701545857
19828,8.490856839028465
19829,2.44211016564442
19830,2.643175786936256
19831,5.602889048244322
19832,3.953942709036424
19833,5.608821465800677
19834,3.853812449441772
19835,8.62765417426606
19836,7.0346471138858915
19837,3.208015558894127
19838,4.0368174900982465
19839,8.978986918980322
19840,6.773449162494066
19841,3.8695025201702866
19842,7.786893184614373
19843,6.21163678164748
19844,5.745053382870392
19845,6.934784004672318
19846,8.267627018849447
19847,9.085531724427884
19848,7.712892393121894
19849,6.167821737691732
19850,4.294757523856083
19851,6.143169421123025
19852,4.941145158820731
19853,8.20086296570149
19854,5.995790121645758
19855,8.344134674036901
19856,8.789543423361069
19857,3.1452004330443044
19858,5.42568440061285
19859,3.4218726122247896
19860,7.8228732641548415
19861,2.4189893571944916
19862,5.685664584207263
19863,7.1278204214992416
19864,6.504560400435931
19865,9.535775172259385
19866,7.805767620922622
19867,3.5727416141799755
19868,4.273319537349445
19869,6.468343406644344
19870,7.751922092443041
19871,5.758098919772828
19872,5.839808141139696
19873,4.281998536923669
19874,3.4296012727211798
19875,4.958956620846246
19876,4.92593221184319
19877,8.282759449165088
19878,8.58915186994804
19879,5.1993978364552875
19880,7.222445852081817
19881,7.388448978979653
19882,7.1550956432625314
19883,6.255752853531176
19884,6.4266626423368285
19885,6.032609862823552
19886,6.089609777932511
19887,6.035496058003684
19888,6.379438345498032
19889,4.3441618850772485
19890,5.889577434361316
19891,4.006144261146809
19892,2.1462782413970656
19893,5.611939466081266
19894,7.82055374925493
19895,7.475811584801674
19896,5.208238144414912
19897,3.6562265678880443
19898,5.31246357303939
19899,4.861393546859995
19900,6.6109532675192035
19901,6.236192299832153
19902,7.909602786494493
19903,8.331273513380282
19904,4.378669081502132
19905,10.0
19906,7.372164729481117
19907,9.022461763791158
19908,5.23930674172005
19909,6.209140059060402
19910,5.958200455216808
19911,5.949192058936765
19912,6.359536268532184
19913,8.05142966992117
19914,4.362322990523874
19915,6.503255702415397
19916,6.592496556266963
19917,5.440391081767301
19918,4.484809142460131
19919,8.330507982622354
19920,8.008580245319976
19921,7.693364278848472
19922,6.895564777450389
19923,7.31445900730664
19924,7.201342581799158
19925,6.69120826723151
19926,4.161943369616054
19927,7.033665871273002
19928,6.968067028093039
19929,5.39030031994413
19930,7.94416600393686
19931,4.459011774903629
19932,6.796453646749858
19933,8.43114806028327
19934,7.747304756701827
19935,5.0160930877197565
19936,8.360191624174469
19937,8.050312324969031
19938,2.978469818210189
19939,8.155071635104251
19940,7.658695255658099
19941,8.86717727374215
19942,4.916889469076583
19943,6.839032892809568
19944,5.810629158481961
19945,3.687922986775637
19946,4.139803989498266
19947,1.5437576845553092
19948,3.312506509631213
19949,5.442031802342034
19950,8.58671451186632
19951,3.8085125383569896
19952,4.4152367754174975
19953,5.4648286995796385
19954,2.1367537441871205
19955,5.908217426335281
19956,6.821878860877053
19957,8.442212822537801
19958,7.953355666186631
19959,8.507720117675824
19960,5.979800758059754
19961,4.196116522026971
19962,4.71562565788618
19963,6.422882191583248
19964,3.5300634436352607
19965,5.414690259396425
19966,2.4010062449188703
19967,8.737634829710775
19968,4.59044087675568
19969,6.890049772345936
19970,7.4956450691234
19971,5.255291344973051
19972,6.341997563347787
19973,5.534835457275813
19974,5.41072109371576
19975,2.1593386592682062
19976,5.909159909616435
19977,3.1866996663778053
19978,3.77906893509423
19979,7.044560666316195
19980,2.858344049287278
19981,5.577995965344306
19982,7.28786847676726
19983,6.505270312919132
19984,4.076434487562431
19985,4.976053013757548
19986,7.708063904971635
19987,8.504079798673327
19988,4.951386741257592
19989,5.079316040710593
19990,8.662810951351755
19991,4.305453156401126
19992,6.590923600688329
19993,6.098360419306285
19994,5.985724247583836
19995,8.360303437172218
19996,6.646465787340553
19997,3.3835883350953866
19998,3.9894509100631437
19999,5.455237781274756
20000,6.615647081052808
20001,8.725613257667971
20002,6.195938669805152
20003,3.4840543003291073
20004,3.5286792726195584
20005,6.1048361312495185
20006,4.463783177297062
20007,5.348666635145281
20008,8.381668679515684
20009,5.577160181434065
20010,6.611343846683946
20011,5.67739904495614
20012,2.8653003417028424
20013,7.22345275826607
20014,1.6845480754217184
20015,7.866661061554298
20016,4.461871535683858
20017,3.7679706170397838
20018,10.0
20019,3.7508383676545227
20020,5.370556415733506
20021,5.058504772772746
20022,5.792413060104483
20023,3.0718224516326615
20024,6.36173414309531
20025,3.09479096626104
20026,3.8960082012134167
20027,8.257323699239333
20028,8.55546781023366
20029,7.054064415103344
20030,2.9590615232817803
20031,7.007922266041918
20032,5.362092983236156
20033,8.740434191730865
20034,7.813181795931232
20035,4.7512620802696395
20036,8.066647308324939
20037,6.182530072117952
20038,6.075239837881386
20039,7.774979255666828
20040,7.177385319460729
20041,9.508969413584435
20042,8.417386317173476
20043,4.875487457298992
20044,6.787901850088797
20045,2.636391793003777
20046,5.9231188297523545
20047,4.453419292320833
20048,7.312417153277274
20049,3.0022659573256054
20050,3.6148391690942963
20051,5.490623813978192
20052,6.560439984532003
20053,7.384882843390718
20054,5.204651615419433
20055,4.116718341919729
20056,6.60072969221599
20057,5.348727542156444
20058,5.677354600296948
20059,6.736053263628566
20060,6.221749848757348
20061,4.819098032190247
20062,5.383695797411836
20063,6.061533948687712
20064,2.1393601138279363
20065,5.3594685771659005
20066,5.27007285317319
20067,8.759094332859531
20068,5.524020480933706
20069,4.810847008965032
20070,3.663111366854693
20071,6.804643185391554
20072,6.164106848988189
20073,7.492931660590987
20074,7.7869246251069235
20075,6.712275626880384
20076,3.1188697476893275
20077,3.8526661062990906
20078,9.338274660917094
20079,6.364199976924974
20080,7.382360046783669
20081,8.64029641246752
20082,6.338583524770916
20083,4.349454283416103
20084,5.500288407544853
20085,7.3608274806434055
20086,7.037920836098479
20087,6.7102588045429625
20088,5.869550088351932
20089,3.682855515022813
20090,2.8202484708579365
20091,6.270906564587949
20092,8.000150580792559
20093,7.367361380338252
20094,9.508369660880257
20095,8.07362028310991
20096,8.14431590708485
20097,4.857189865465792
20098,7.877310135521833
20099,4.060326588390844
20100,5.053069589426696
20101,4.774737606973593
20102,4.107358681543143
20103,4.126757424894837
20104,5.830130946439223
20105,7.859288281440527
20106,3.7569351200530594
20107,5.053102435098116
20108,5.845302093735956
20109,4.079613975691018
20110,3.6817285740005845
20111,8.247850158556398
20112,3.8377812722998765
20113,9.696823645523404
20114,4.164554760841467
20115,4.807690062755429
20116,5.41991602676987
20117,4.8301918106890005
20118,2.9332828050786004
20119,5.423739482343206
20120,7.082281478084823
20121,6.52026054556123
20122,7.020047378540028
20123,3.553758090997069
20124,2.681776801928958
20125,6.8394137152064935
20126,7.30131676923023
20127,3.361829290873466
20128,6.863597561185124
20129,7.793928248006907
20130,3.766530902037556
20131,5.875709913337456
20132,6.775703545157004
20133,6.2719360534086395
20134,5.574967187449834
20135,8.895221519410848
20136,5.625580812612387
20137,5.125350636462455
20138,3.678410929581674
20139,9.365392108261998
20140,2.210581517464991
20141,4.20290501266023
20142,5.9735713305767
20143,9.448683062872451
20144,5.645003623310417
20145,8.174040185988257
20146,8.497882501514322
20147,5.005838217399799
20148,4.8373095665419585
20149,6.031351586648022
20150,6.263797271638721
20151,1.6982180702436926
20152,6.146852343987389
20153,5.252517614794069
20154,6.882609265729345
20155,7.103354328671345
20156,3.1989013260016668
20157,2.7021543449939918
20158,6.180920201056918
20159,6.181858634670634
20160,2.543548691484475
20161,4.592418344710101
20162,6.472628670785898
20163,4.700037293005544
20164,8.398967281902726
20165,9.473951631956233
20166,2.2279533378481515
20167,3.5525706436429676
20168,7.004738531752919
20169,7.795237853138406
20170,5.66146204586634
20171,4.607686405750702
20172,4.3560764801208025
20173,4.670000877635374
20174,3.510936551242965
20175,4.800039290906069
20176,7.842465900876599
20177,8.634420262667003
20178,1.9060062910399664
20179,7.944097000692725
20180,5.985334235599277
20181,8.529197961185972
20182,5.696348966294648
20183,8.714382183014065
20184,7.077651201901142
20185,6.367867215629573
20186,6.674104241985672
20187,6.3544604219734
20188,5.8608649878714845
20189,2.993093365403692
20190,4.182235481823888
20191,5.681123372059122
20192,8.564505979287205
20193,7.305638547226522
20194,6.706096698279807
20195,6.97768582477358
20196,5.615281825315137
20197,6.568254247926723
20198,7.49510340158812
20199,9.031603595662427
20200,4.770384302144453
20201,8.38257184664132
20202,3.1450578378958074
20203,6.713989267869195
20204,4.692517021755695
20205,7.323502584074797
20206,5.146214498327028
20207,5.839805970520906
20208,3.3165470745500123
20209,7.296463313122722
20210,8.447011930971733
20211,5.932788232115826
20212,4.25651991099955
20213,9.006651857677994
20214,4.48173092206899
20215,2.787088942399597
20216,7.27440371141263
20217,6.653513185367249
20218,7.041996121674275
20219,6.255198363881237
20220,4.447877737957821
20221,5.882959954748515
20222,6.909777140463985
20223,6.215940449595644
20224,5.780395881375879
20225,5.412619199445132
20226,5.201474342049734
20227,6.339902381523704
20228,7.941654551768179
20229,7.747031011019585
20230,6.105996276228148
20231,8.08454494143257
20232,7.210132726166108
20233,7.107323132510638
20234,8.76307641864713
20235,5.135439281023289
20236,6.9244356870581285
20237,3.661780825461962
20238,6.590289891374207
20239,4.706670790486115
20240,5.065118206771826
20241,2.0879773795150967
20242,7.117144324077729
20243,3.737688828926313
20244,8.258660467933971
20245,6.560009695594821
20246,7.018700721220269
20247,6.147346641037085
20248,6.034263009743411
20249,2.344597555129471
20250,5.797174780499944
20251,5.080218000303563
20252,6.747066679979493
20253,6.560436360700013
20254,3.1644297252329414
20255,2.3849547937111972
20256,6.026798950067928
20257,2.6055996456677843
20258,1.7097768629052004
20259,5.258519035942911
20260,8.024583660386215
20261,2.924146085059987
20262,6.110674903800809
20263,6.40342675119225
20264,6.612563384681801
20265,9.268867187794175
20266,3.424570491370544
20267,7.52233974002932
20268,2.7445340262761277
20269,5.096827278289303
20270,5.906217545226143
20271,6.5704814339085384
20272,5.563241363942418
20273,3.8206835437199356
20274,1.5096600721868265
20275,10.0
20276,6.707904934521839
20277,5.942146253371188
20278,4.50029101709913
20279,9.85309903611881
20280,5.369223909922601
20281,6.914448855061826
20282,6.779519414212327
20283,7.750718085771613
20284,4.048068872007516
20285,7.763005498569189
20286,5.869036059235534
20287,6.50944881201586
20288,3.7212322946466703
20289,5.2970401294153415
20290,6.216092982734997
20291,5.330391606540554
20292,6.428951822099261
20293,7.773923631519158
20294,4.301339351241653
20295,6.8547250798952835
20296,7.242781657824182
20297,3.017755103615187
20298,6.45497432793642
20299,4.558640867904984
20300,6.052997944053271
20301,5.080368880344164
20302,6.6997529149306505
20303,2.3164542305865368
20304,5.53322136989501
20305,8.604629789507309
20306,4.785091265298061
20307,8.605381546427038
20308,4.378691275171466
20309,6.155262534073179
20310,5.7681515814183495
20311,4.6240468685605505
20312,7.266754635003458
20313,8.210109739207292
20314,6.101484723010925
20315,6.787107176824636
20316,3.7924481762046316
20317,7.381455286058684
20318,5.005234306535427
20319,6.899867209686483
20320,5.807194351829855
20321,6.343533991336058
20322,7.945131655944028
20323,7.757107924485123
20324,5.144464421421199
20325,4.9491175033011725
20326,4.736006634244644
20327,7.459715556415995
20328,4.1892273553210675
20329,6.773226613588571
20330,4.330516867751789
20331,5.962173640063573
20332,7.258660135376825
20333,9.736889976618336
20334,6.891464065066077
20335,6.3391907052526815
20336,7.462946010893748
20337,4.02039808533576
20338,3.415530104574497
20339,4.950305246677761
20340,4.688445968433233
20341,7.152532984374421
20342,5.995183081122686
20343,8.013873644112008
20344,5.875069957193707
20345,7.3680073012745035
20346,7.344919439132687
20347,4.547781916297145
20348,2.0293500229662036
20349,5.9456191718599865
20350,7.058754270052118
20351,6.908831971354672
20352,8.170671550143979
20353,6.529078284922157
20354,5.69246328937695
20355,8.217099239766132
20356,6.497383754653697
20357,4.350603416767275
20358,6.4560270134926085
20359,8.442387782110956
20360,6.457465029168942
20361,4.468633941882651
20362,3.525610900161143
20363,2.7865493285497864
20364,5.80208986984387
20365,7.58340914886083
20366,8.216429024346514
20367,5.6286264992282184
20368,5.435037828423292
20369,9.176873401428038
20370,4.227273559998593
20371,5.8720211289716815
20372,7.326779833294335
20373,7.12945943908988
20374,1.632464173388216
20375,5.249823376141604
20376,3.538060661815484
20377,4.706809717319253
20378,7.812772098118275
20379,4.3985920104524014
20380,1.4028311412890098
20381,6.774279934373014
20382,7.440983413398811
20383,9.01247638838372
20384,7.873806367943676
20385,5.310745506740281
20386,3.758832304304881
20387,4.858909952420916
20388,4.12074074512776
20389,4.2842725095794645
20390,4.789822154677029
20391,5.65125772723284
20392,6.907326379581043
20393,8.779366732010242
20394,8.027716474577993
20395,6.714127992175966
20396,8.241095266737574
20397,3.5065660239335807
20398,3.618354589947387
20399,7.837526016024283
20400,5.3991500153053735
20401,7.379145630004552
20402,7.639868307311872
20403,6.524286757113276
20404,8.838540745435775
20405,3.233055294276477
20406,6.643471883791627
20407,6.95767086484773
20408,5.996618237843974
20409,5.988144575146917
20410,4.936597599001951
20411,5.4997503738405396
20412,6.763341013700497
20413,4.3002026896356815
20414,5.3171774816037285
20415,6.492360766430117
20416,7.840695819165756
20417,7.024467186883539
20418,4.324248559860701
20419,6.3656589890038004
20420,5.923397810792068
20421,3.754456503509198
20422,8.317080964247278
20423,8.222221064955015
20424,7.218883137797328
20425,7.641403053160289
20426,5.315834639847094
20427,5.133156212274862
20428,8.800837187814018
20429,3.76510098356031
20430,4.6287516155992385
20431,6.19997216624569
20432,6.495816848567711
20433,7.232504864222536
20434,4.6136461300522
20435,4.7591894233190635
20436,5.167369453428
20437,4.777073455592542
20438,8.32329669700421
20439,9.329375273188797
20440,5.285707872175194
20441,6.885829456378671
20442,3.999053554180589
20443,7.979238772263553
20444,6.211467632237159
20445,7.108839530688146
20446,7.411474254438726
20447,4.400785994193022
20448,3.4035397734717487
20449,6.713022404999664
20450,4.802821480384978
20451,6.456065796730707
20452,7.53978165836385
20453,3.058163511075275
20454,8.795572378800836
20455,4.424558047995083
20456,5.792920945202336
20457,3.126800915742975
20458,9.085648496358722
20459,8.904106961218178
20460,4.689605141705601
20461,1.5008470038721362
20462,7.044311941039074
20463,6.555099276001783
20464,3.0172749075687033
20465,2.766593819458359
20466,9.408588796218183
20467,6.098486503089383
20468,5.385065464249216
20469,6.207465011561119
20470,3.679731819109504
20471,0.889376475298484
20472,5.417708104214835
20473,4.887077027839361
20474,6.8367967898538335
20475,3.77953055897458
20476,6.1710023456214795
20477,5.994629291045525
20478,2.4432874486667315
20479,3.4408340712861527
20480,4.161286864797567
20481,9.067521929599828
20482,6.446937721078619
20483,4.818806476390984
20484,2.1137058254030756
20485,7.550604449895696
20486,7.474873589221899
20487,4.75653425404399
20488,3.1159788144469296
20489,6.852156455138371
20490,4.1875376966582865
20491,3.808440306559061
20492,3.705262000720021
20493,9.916307768443689
20494,7.687211733843496
20495,3.1594708620777023
20496,3.7206152333412077
20497,7.837444450499276
20498,2.2134185167563607
20499,8.531653355519602
20500,6.190729095378257
20501,8.36421010957448
20502,3.9175719585802966
20503,5.923843903273794
20504,5.688716704351543
20505,5.856162920252805
20506,3.717982103451764
20507,7.718732301086058
20508,8.303553919845447
20509,6.432978955717941
20510,7.676516939431426
20511,7.50376948377253
20512,2.911170532480882
20513,9.385503668873056
20514,1.5565119692782594
20515,4.251050887439815
20516,1.9583171591203596
20517,5.086073194318157
20518,3.7587647063784866
20519,5.706019993944288
20520,3.510387169593651
20521,6.787433077382433
20522,5.766602728618407
20523,4.219019419097547
20524,7.544528491896047
20525,6.305967676181663
20526,5.200861201272406
20527,5.456069105817116
20528,7.887686941133696
20529,5.327993300919397
20530,7.478646390887686
20531,6.146778133851864
20532,3.131085056612071
20533,5.940708433190725
20534,9.195351092788414
20535,7.4598146824283535
20536,5.7806448059392315
20537,9.218771315887222
20538,7.142643364729212
20539,5.309697628814785
20540,5.104987352642528
20541,6.082968286644713
20542,7.944782993112483
20543,6.289532337034943
20544,7.163247576061089
20545,4.8266874700511755
20546,5.494006282383746
20547,4.348258442784526
20548,6.060496410712373
20549,7.036957465732355
20550,2.52266210807972
20551,8.36359672416374
20552,8.26054215859863
20553,4.94186862404125
20554,7.48627935356773
20555,9.3008816945561
20556,8.277882707697522
20557,7.380352552269688
20558,8.54563100662221
20559,7.494588728384759
20560,10.0
20561,2.8330925228796513
20562,8.202575889369855
20563,8.489265950404123
20564,4.368601795055037
20565,9.082783741993973
20566,8.075208343642345
20567,5.2627753075446915
20568,5.313652713576129
20569,9.077818020302143
20570,2.650056294191656
20571,5.998692148282155
20572,7.14184434295516
20573,8.010117160333177
20574,4.0086624600797345
20575,6.731656358496775
20576,8.925432017525939
20577,9.45818167038892
20578,6.17809263810529
20579,6.8766673864648
20580,4.863650334093969
20581,6.2700322534672726
20582,9.473026478639472
20583,6.70182639584987
20584,7.078285149143113
20585,8.085026938616261
20586,3.9758897801119613
20587,5.414800757553618
20588,7.43849165133606
20589,4.11103079070799
20590,4.17759064468591
20591,4.8186867666878985
20592,8.741483119434292
20593,5.955276217847446
20594,6.3043956168035225
20595,7.757501235039971
20596,5.228829048598298
20597,1.7688187538939546
20598,5.720648245904789
20599,6.596708394455894
20600,2.2292996244987338
20601,4.171450523585859
20602,2.620062063354943
20603,5.3175085745766815
20604,5.62987249173724
20605,6.9089531074030335
20606,5.643204452128602
20607,4.2427598576903
20608,3.9398653802729733
20609,9.134359399799186
20610,6.570033373797113
20611,9.450081029083634
20612,5.699622700793421
20613,2.7855094065742545
20614,8.76420540253142
20615,6.49730202965749
20616,2.1746482486500454
20617,5.393610118775125
20618,9.674223116284288
20619,9.238576377388203
20620,6.415173164397393
20621,6.424753760162947
20622,3.563016836426912
20623,7.235474903599342
20624,7.287142761369488
20625,4.713433596211362
20626,7.260369470872799
20627,9.199930236167562
20628,7.337656605235649
20629,9.53862590148976
20630,8.244831375268095
20631,4.7023954396598935
20632,4.596924153839398
20633,7.159112618745886
20634,6.650678758755293
20635,6.004092758472755
20636,5.764549312654717
20637,6.797356593993127
20638,5.408481338824549
20639,3.6977998012078253
20640,6.2193367502518875
20641,6.783694684552259
20642,7.636962846717115
20643,4.0858370997367945
20644,5.1310712171118045
20645,4.313661017832892
20646,6.511647796771387
20647,2.6533790731216707
20648,3.7791609288688734
20649,5.1561576794622574
20650,6.109966309967328
20651,6.6883231825773235
20652,7.417892759352381
20653,3.437644856448258
20654,2.558472017802254
20655,5.9847317450221444
20656,7.460229458719975
20657,9.41010290250766
20658,8.411989270877033
20659,3.714326395655702
20660,8.106180267241385
20661,8.201482361843098
20662,2.4338010633374374
20663,8.965259708800343
20664,5.594426195943663
20665,5.856315350225511
20666,5.267335778401484
20667,3.190365304520083
20668,6.985147393024847
20669,6.655680842883767
20670,8.008945431764921
20671,5.000955921767175
20672,6.863415231961525
20673,6.09907953536098
20674,7.950391439009503
20675,4.502622348902417
20676,7.520195464196963
20677,7.961638166862661
20678,7.66714968385663
20679,2.540086600983973
20680,8.48928673930336
20681,3.5537489727689127
20682,5.6887486064030774
20683,6.976510821609072
20684,4.3012212427555205
20685,7.05324700156409
20686,7.530815557776291
20687,5.7825034114776095
20688,7.5809547900812415
20689,2.100302987408542
20690,7.373205434055605
20691,6.707319261575663
20692,7.230836750682201
20693,6.7002302862504965
20694,6.926812585447214
20695,6.117908676057029
20696,4.719013698201584
20697,5.386992568384372
20698,5.262134221725437
20699,9.537086811695184
20700,2.6114327124329577
20701,6.690000622063414
20702,7.869221229411858
20703,8.017855525789889
20704,7.148854336084323
20705,7.8752911110978765
20706,6.653116578277589
20707,1.4018781905799436
20708,3.5850612375573943
20709,6.864316504708032
20710,8.370864163800277
20711,4.995525085724093
20712,5.381378168408363
20713,8.957713665597812
20714,8.400140740223893
20715,7.425229065568508
20716,5.968820640486423
20717,3.6988031378103874
20718,8.686227871445718
20719,5.343330976656571
20720,7.233212003788963
20721,8.971173090367746
20722,3.041174951196947
20723,8.707763459585543
20724,5.71002399346765
20725,3.069600800502981
20726,5.47969205357782
20727,3.216142852907315
20728,5.67273196143217
20729,5.45120059049805
20730,5.350695262875556
20731,2.3389400256485477
20732,3.5049767401157874
20733,8.323516727451848
20734,8.68189367208974
20735,5.346027741055317
20736,4.200474293912621
20737,6.330902322380181
20738,5.091068797788098
20739,4.424285836356519
20740,4.512381536127868
20741,6.757084958660237
20742,6.217951465704551
20743,8.262654971446555
20744,5.385624511853868
20745,7.418578277091326
20746,4.151096115021784
20747,4.444476305148617
20748,7.770969932832216
20749,2.134745971746895
20750,7.174614354920232
20751,3.906456592883689
20752,4.5827443098409635
20753,8.656347492465331
20754,2.461021014981526
20755,3.2940380037748382
20756,6.419961457732311
20757,8.214919871122081
20758,6.735792684687306
20759,6.738611268595375
20760,5.996091798189875
20761,6.246600731901577
20762,4.039444151572592
20763,6.285477020920899
20764,4.802016287263333
20765,9.544630155109884
20766,5.277117989668199
20767,6.057579448046376
20768,2.9088445054696055
20769,8.65539919429521
20770,4.432471539649075
20771,5.502791303662871
20772,5.375773743309578
20773,7.953233689136444
20774,7.706785595309297
20775,5.2316862890708835
20776,8.859000914074908
20777,4.353744091994279
20778,9.294419196767901
20779,5.126325728036879
20780,7.36934594798644
20781,8.197500524682322
20782,6.746906185557263
20783,5.543814067051937
20784,7.524536820465865
20785,6.005394453035874
20786,4.977049186744344
20787,2.5240602006725625
20788,6.80021380647533
20789,1.6380869254934085
20790,5.9959760399134066
20791,6.620136002170523
20792,7.407229602723797
20793,8.101562305234573
20794,7.560159048654205
20795,4.9355409739449145
20796,7.25295186532316
20797,5.6926538806739275
20798,4.4392766449231775
20799,7.303973845072674
20800,5.218904854715907
20801,6.407157716671522
20802,6.2936560263705985
20803,4.232632784957544
20804,5.830981089178695
20805,5.519042172246329
20806,5.851088275891082
20807,5.015213571818098
20808,9.396354817060498
20809,5.422395509668394
20810,6.924816252778785
20811,7.283353248296384
20812,9.067069579879725
20813,3.1886387521078268
20814,8.472181262557545
20815,7.053931263209263
20816,7.33640994901287
20817,5.7015249905191565
20818,7.4343506634424585
20819,7.305922197853624
20820,6.628084997151567
20821,7.958439916985341
20822,5.806595752806309
20823,3.761269174830691
20824,6.656688123350785
20825,6.9498668219797395
20826,7.798063434163753
20827,8.53505808032734
20828,4.652758340539993
20829,7.778530199840285
20830,6.603020041181598
20831,4.4659052237675825
20832,3.1035467900395233
20833,3.4664346973511337
20834,8.326250178095815
20835,7.319293021148809
20836,8.24626518349213
20837,6.452770583384611
20838,4.629173852644316
20839,4.671286393767904
20840,8.609855843341819
20841,5.838708779527024
20842,8.626682119026036
20843,5.304680429420014
20844,2.4761521956390546
20845,5.5617368351995395
20846,7.243005504810633
20847,6.445360235225309
20848,6.6660387350811785
20849,5.0210688952675415
20850,6.720341046395175
20851,4.930918971413577
20852,8.066381821877446
20853,6.017100461047205
20854,5.957838392069272
20855,1.8293611388232693
20856,6.053698839671128
20857,5.8932880693495004
20858,4.894608353088217
20859,1.9896418983933881
20860,3.119148669149001
20861,6.89393346947748
20862,5.995402373079006
20863,5.987624950140905
20864,4.72383510188815
20865,7.3273519208533955
20866,8.277773933538507
20867,8.23525643504915
20868,6.396279713919972
20869,6.900531984890737
20870,6.799416479757838
20871,6.141924347816719
20872,9.029186549576213
20873,6.775629618803439
20874,6.485310882675513
20875,4.396519820433102
20876,5.114662130160996
20877,8.140509142869542
20878,6.364446247289672
20879,5.800519439243661
20880,10.0
20881,6.473402424501447
20882,5.68039276226658
20883,1.6178906000906257
20884,5.613095218661225
20885,4.1737798351102136
20886,6.776360928797526
20887,5.703879903225642
20888,3.848689553267337
20889,7.695074609781468
20890,5.076090154947386
20891,7.795292362563707
20892,4.708069299758678
20893,2.898935819425412
20894,8.200834898133156
20895,7.854871340369007
20896,5.8030939706609646
20897,4.7669681793977485
20898,5.190096136240408
20899,2.81837554024154
20900,5.428884024124605
20901,6.6372720021275615
20902,9.392381769937518
20903,8.065253976389275
20904,5.425740366347719
20905,6.338490322823819
20906,8.710683454446986
20907,3.0117620506679392
20908,9.08006090590175
20909,5.208020116189372
20910,5.524153501200333
20911,4.074612379168014
20912,6.430980384076744
20913,2.8696769213421325
20914,5.680425774053964
20915,9.065337259273981
20916,2.912809719691585
20917,2.579595048564638
20918,6.52708410245659
20919,3.3084624760614334
20920,6.915369788128341
20921,6.9987371149617905
20922,3.5664463567475115
20923,3.9587954589369083
20924,7.761323024179731
20925,5.688044592980795
20926,4.730496444940121
20927,4.265385023571525
20928,6.088522624879614
20929,4.397138016290773
20930,7.019429652850839
20931,6.859925186814639
20932,5.062700345233937
20933,6.05361200606225
20934,3.9880226277853086
20935,3.197975808137611
20936,6.929766176463293
20937,8.130940446018293
20938,10.0
20939,9.192919944261385
20940,10.0
20941,8.400461507251547
20942,5.677911583779743
20943,7.164438322327072
20944,1.6606002198229055
20945,6.6971736272109865
20946,7.713519880694954
20947,4.427086381995206
20948,8.101952354903169
20949,7.104596914150137
20950,3.2890856632176897
20951,5.2958648028841
20952,8.577893760389221
20953,8.37471285963788
20954,1.2979869381540174
20955,3.5683496902979743
20956,5.04936077711218
20957,6.243668172434188
20958,7.613776309360189
20959,5.634846624802254
20960,5.13946798759464
20961,4.215397248435962
20962,6.421323537913771
20963,7.890137968076905
20964,7.411406367947929
20965,2.6583130620783755
20966,5.1158175244429
20967,3.6069953638289194
20968,2.7069798032696335
20969,5.213444186511549
20970,6.892165144246505
20971,4.330728003345974
20972,6.811788091809849
20973,6.611309074837688
20974,7.684811556578467
20975,7.677148810012941
20976,6.234726111147804
20977,3.9807262959530947
20978,4.745970883993456
20979,5.457274168183669
20980,5.780191074779562
20981,5.296994130220033
20982,5.717376726986927
20983,7.882621184535724
20984,5.914817466656873
20985,6.8830631599606225
20986,7.544226408148286
20987,6.107935300675971
20988,7.167336891874631
20989,9.522024113335876
20990,8.801217321122618
20991,7.23126297452443
20992,5.276901859271092
20993,3.14716657392571
20994,4.9989423439170295
20995,4.783336255588875
20996,6.90920202895175
20997,6.968980076599725
20998,7.551679236833309
20999,4.52590301803349
21000,3.8408295484993173
21001,6.957488362352841
21002,1.9537093705699116
21003,7.009287986726532
21004,5.6198509524270985
21005,8.32850428938557
21006,5.307943000976753
21007,6.480067359651472
21008,4.618326259956268
21009,5.952774883315394
21010,6.3624840865302605
21011,8.059639108458951
21012,6.65117359244823
21013,6.603070068185981
21014,7.713210585035511
21015,5.59717118763268
21016,6.846208610721729
21017,5.142278227296248
21018,5.626546903789015
21019,6.048154939496912
21020,5.901362024756292
21021,2.570095778514374
21022,6.962673011414435
21023,3.9975408233124266
21024,7.579121745023558
21025,4.864958581965313
21026,4.649374760281459
21027,5.414733839286367
21028,6.391463728655601
21029,4.034572333001702
21030,2.59688046388687
21031,3.759149467044324
21032,8.265009966777678
21033,6.437028941326858
21034,3.7638482181053527
21035,3.3935941127650926
21036,7.256985649185669
21037,4.241908249967929
21038,5.853690197566941
21039,7.650791369507829
21040,8.827972049386075
21041,6.790541642337511
21042,5.070799244435345
21043,4.700446337257113
21044,6.5071180277879295
21045,5.725794541826353
21046,7.791037162414387
21047,4.494008703596104
21048,4.452687509540411
21049,3.7918489078641424
21050,6.867260540674099
21051,4.798312463799233
21052,5.294135869577006
21053,6.807592669239558
21054,5.050868406602233
21055,8.07661089728363
21056,4.793269406810132
21057,4.2496398534702085
21058,5.86418706122158
21059,5.1103776143523
21060,3.8866699799913444
21061,9.097804267787888
21062,3.2425821586068624
21063,3.0885390767187095
21064,3.0578286171564564
21065,6.289178729374057
21066,6.146493642482437
21067,8.920178674339429
21068,2.8211885121178226
21069,7.054986548873364
21070,2.220322125173033
21071,2.3855199565541607
21072,4.231667222436428
21073,2.309724215800746
21074,9.387145303327019
21075,6.766881814326897
21076,9.48567147024572
21077,5.9194501841776805
21078,2.034269209090705
21079,9.05107812498
21080,2.6763806205649705
21081,5.892739927412913
21082,7.9588215944787315
21083,6.595658943183338
21084,7.405652750429722
21085,8.61889335859464
21086,8.479675684242745
21087,5.620176726324176
21088,4.24100889915602
21089,1.9549179462223225
21090,3.0038227902736425
21091,5.413703013886303
21092,4.989540417637136
21093,6.116152111157587
21094,7.798403822213097
21095,7.850807389907229
21096,3.8607940395835287
21097,4.231018160071739
21098,4.806258096540468
21099,5.270205475184346
21100,5.444157249455837
21101,6.029466014364431
21102,4.882603122728243
21103,4.6751621970389925
21104,4.690415806897443
21105,2.2675102611817213
21106,4.2546464220332165
21107,5.671928640349486
21108,4.554972645254358
21109,4.595149685744854
21110,7.9117896054486705
21111,5.036803656726478
21112,8.27216672265276
21113,7.083476963885591
21114,4.889448217962288
21115,5.470500290862072
21116,3.022570124838693
21117,9.082741896725775
21118,6.836086139350144
21119,6.456170887507964
21120,3.1658506188349733
21121,4.138552141201012
21122,5.844274059235983
21123,4.98886221989581
21124,7.462747706038721
21125,6.032635802951369
21126,2.786064286625896
21127,6.8871098980246614
21128,8.024009902842149
21129,8.093575621489762
21130,7.859973466151379
21131,7.361464896680722
21132,6.003156609871459
21133,6.530823357425332
21134,6.272574447992774
21135,3.4343092312607286
21136,7.9912853781211854
21137,7.840277433204746
21138,7.1007824978515846
21139,4.6366202771987215
21140,8.204033725838894
21141,7.828354026235694
21142,3.0972594250588426
21143,3.6321878361507642
21144,8.634823386750135
21145,5.675336463248094
21146,7.86209773393653
21147,4.932054389868885
21148,5.071603192659817
21149,6.700319722373961
21150,5.955902898875351
21151,6.2163021730507975
21152,5.357692962593279
21153,7.348559337672303
21154,8.244511456463428
21155,2.9197550472081373
21156,9.10791272436599
21157,6.2822344643237695
21158,8.235933276058054
21159,7.9519340384059385
21160,6.698957420380984
21161,5.891501867050184
21162,3.9991493121786257
21163,5.014433351524861
21164,7.618715656377401
21165,3.3641222268833326
21166,7.026128333749838
21167,7.5725669344619355
21168,5.397938211924697
21169,6.997222906563541
21170,5.066208275212247
21171,8.36701008523047
21172,3.5943860853685017
21173,5.788508938761993
21174,4.989629898904214
21175,8.467047056306257
21176,5.509439258123734
21177,7.006603361435216
21178,6.071158132877011
21179,6.583035551220259
21180,6.203896541793956
21181,5.802014142487899
21182,4.271276317813332
21183,6.623868523402841
21184,5.021212249299849
21185,5.879589327999555
21186,6.072023613303903
21187,3.540422341500416
21188,7.821791442113291
21189,2.8350517778562185
21190,7.628209255801998
21191,8.05100619762017
21192,5.795441315608476
21193,7.711067221237496
21194,5.623175670620221
21195,7.183036166213961
21196,7.456904307467384
21197,7.114089065333678
21198,8.560157757302134
21199,2.1529381551026727
21200,6.207991097512037
21201,6.681645771184434
21202,9.076144993974905
21203,7.591985745821679
21204,7.5394186796960625
21205,7.056336355683737
21206,7.244672351500174
21207,9.156856615715999
21208,5.909638047070661
21209,6.9095187115945
21210,1.1726042845220142
21211,6.582680917299025
21212,8.854793124969198
21213,4.13489723168768
21214,2.8914887743714868
21215,6.9424127228269255
21216,4.407275261056007
21217,6.983270615151497
21218,5.736158165811746
21219,7.066460945775873
21220,7.87958383475512
21221,9.172609354966408
21222,5.8019570492243595
21223,5.779353943193048
21224,3.3005688949103265
21225,7.978412429214019
21226,7.100238026267533
21227,8.949210450598667
21228,8.96480531812675
21229,6.242612420682332
21230,6.124454322009852
21231,6.128443719176522
21232,4.128382243046272
21233,6.387146896314684
21234,5.040222506467842
21235,8.079154813535908
21236,7.272161953421322
21237,3.4706412576673857
21238,5.864315536761338
21239,5.917271504998048
21240,4.970721663340178
21241,4.19813542997078
21242,9.779261756561993
21243,5.831019935698565
21244,3.1609305877526026
21245,6.224134073307502
21246,4.5846762962237255
21247,5.985969683535183
21248,6.1991199853369485
21249,4.250320402515203
21250,3.9693179400677057
21251,6.894373660882557
21252,5.718977149376329
21253,6.189172562654257
21254,7.796290234278155
21255,5.752821785584918
21256,8.248398987102775
21257,6.830090237970105
21258,6.199930411989054
21259,7.833009522242701
21260,4.775897525220386
21261,1.8771760457657245
21262,4.920498984909695
21263,7.063279101693024
21264,7.741789339135698
21265,5.483413929278299
21266,5.465946010522654
21267,3.02722200944844
21268,5.353404066818241
21269,8.066251369779264
21270,5.963369073327863
21271,4.056209683833582
21272,4.2095483615336
21273,7.513548017993142
21274,8.14649009054397
21275,6.116731030973927
21276,5.25714918775799
21277,4.627891310668296
21278,1.6940889539342683
21279,8.700184159287339
21280,5.858942104701661
21281,8.063385981040891
21282,4.335855605801541
21283,7.863654041087019
21284,4.599260115720625
21285,6.168354581897153
21286,8.690663125546077
21287,4.072570709768014
21288,6.314943179365174
21289,6.951501787664351
21290,8.711706524347333
21291,4.818612241598706
21292,4.8044183106888525
21293,4.553747246768994
21294,7.009798627934982
21295,8.04004597778853
21296,8.085159715459522
21297,6.7795305586146295
21298,1.3281495270245605
21299,4.84136879991091
21300,3.557429217353233
21301,5.136236127537284
21302,6.048153841279826
21303,6.25543993961417
21304,3.5827727850768474
21305,8.259367608374829
21306,6.072121267359945
21307,4.035438812182316
21308,7.311278345128853
21309,6.537204797809087
21310,6.360411908421799
21311,5.710648860087941
21312,6.427765713763374
21313,7.184334250681304
21314,6.031684307899532
21315,4.63842838523208
21316,8.563189119712105
21317,3.5117443313893064
21318,3.1792858212438864
21319,6.605253627480112
21320,4.0678599392949
21321,6.253177247669752
21322,4.326172632405369
21323,2.59596822298985
21324,7.178452789802734
21325,7.660893521220796
21326,7.9755752306292145
21327,6.059913984681069
21328,8.118744933931413
21329,7.4631668678307275
21330,6.587954308463612
21331,7.949412728803392
21332,4.111310488315306
21333,4.07570576931143
21334,9.272104132208566
21335,7.604066778030518
21336,7.19266582548448
21337,7.425141374962253
21338,4.793611345998199
21339,2.7821916172780896
21340,2.250936303618043
21341,7.488588880159882
21342,4.5533262156161065
21343,2.615384225562912
21344,4.178236818934501
21345,4.588452398405319
21346,4.370058774091324
21347,4.106264789513519
21348,5.1883077450774815
21349,5.258028885138128
21350,6.6995629916455535
21351,6.177380821398465
21352,7.908409964897108
21353,6.469745772692168
21354,5.5974578139231745
21355,4.387432118533582
21356,6.693642740331017
21357,9.38177044094099
21358,6.6984500462205485
21359,7.607320633401037
21360,8.672668540338776
21361,6.248805031496107
21362,3.109780741750133
21363,6.13962028721803
21364,0.5765724512886442
21365,7.06892529067702
21366,9.131537815603366
21367,6.527975650414629
21368,5.6187915776429485
21369,7.015106254752416
21370,5.3884002061431095
21371,7.322637192326189
21372,4.766043072571476
21373,4.874462014934772
21374,3.411842237397433
21375,4.327668293694889
21376,6.814205597872403
21377,4.274206181066481
21378,6.9851734404697
21379,7.953317581721961
21380,6.085302997137751
21381,7.020426202594635
21382,5.348393915467859
21383,5.102108647649647
21384,5.303486525872061
21385,7.15191648231948
21386,2.415353283831439
21387,3.121777283064124
21388,5.013140695443525
21389,6.698143003566454
21390,6.304780824437099
21391,7.015864414300307
21392,4.7207973556458285
21393,3.7602476348086475
21394,6.170432290464042
21395,7.968932042915746
21396,5.040729518780702
21397,7.817094120172569
21398,5.603569508064005
21399,6.732486408226618
21400,3.2949445875763472
21401,7.214181959643442
21402,6.270076878023693
21403,9.158187514850018
21404,2.8552437171947935
21405,7.7075771206298755
21406,5.6884654689303655
21407,6.157627746424969
21408,4.83925368875686
21409,1.9822619437867834
21410,5.942485445806464
21411,8.898483441520291
21412,6.421779851119812
21413,8.943291836508509
21414,6.668964351317555
21415,5.556466047676038
21416,2.8023402787765344
21417,8.19648524619356
21418,7.699392545528768
21419,9.43824849888035
21420,4.33568126476076
21421,4.617069907602008
21422,4.163417494739319
21423,3.4982084908644033
21424,6.9286308101382375
21425,3.6219989939278343
21426,6.952597241850963
21427,5.399228316889557
21428,5.953473516148362
21429,3.659954813654685
21430,7.54607811481131
21431,2.25932317635942
21432,8.3134596005543
21433,7.907700339728417
21434,8.795151311294685
21435,6.279435849148469
21436,8.477359622346096
21437,9.270986007087421
21438,6.552313468303126
21439,6.4576795548286725
21440,8.091236195202026
21441,6.248017313403647
21442,3.9931009299951716
21443,4.0478517514489205
21444,6.320873092333293
21445,5.836357495579055
21446,6.1895362204796065
21447,4.64414691237021
21448,7.3812628567328264
21449,5.115287687420508
21450,5.072359954922321
21451,6.1293450844100725
21452,8.532224981804791
21453,8.774899935945818
21454,5.352881427550238
21455,6.725711857982732
21456,5.076293241835953
21457,9.280287893166921
21458,5.746379396347632
21459,3.5834825212311436
21460,3.7955743060829574
21461,7.149302832085347
21462,3.6662343972652978
21463,8.492380351819712
21464,6.751413847885068
21465,8.167161125861163
21466,4.848510565394731
21467,8.894366875454377
21468,5.58813222163478
21469,3.497018911867441
21470,6.400623469073482
21471,4.454013633224267
21472,6.6544184816477365
21473,5.869718147591536
21474,3.7523206340209248
21475,3.2581648174397353
21476,4.8146854443777665
21477,4.196182185325826
21478,5.274918373910902
21479,6.641574889532564
21480,7.25946473135723
21481,4.326009774276778
21482,7.67072211979149
21483,7.797963694662842
21484,7.0570913748715105
21485,6.238138863963837
21486,3.965314106766937
21487,7.810791095059399
21488,2.7650379840690293
21489,5.9111321200583635
21490,7.015639237452364
21491,8.426805129697915
21492,4.547033141208114
21493,5.914060876684321
21494,7.86769860199627
21495,6.828784785383725
21496,4.515878741818375
21497,5.603685099558725
21498,7.838925574311437
21499,5.305737203542625
21500,6.008939830273066
21501,5.104950180183771
21502,5.82726794223105
21503,5.299713709423381
21504,7.029899551213116
21505,5.053969894976579
21506,5.986640152043721
21507,4.862688992549045
21508,8.72043373329416
21509,6.692923510218009
21510,7.604656301984061
21511,6.092544772955648
21512,6.523878359432588
21513,6.093271027997401
21514,9.040232888973181
21515,4.4577908845123435
21516,7.061836659411927
21517,5.018277332175524
21518,9.109816972315533
21519,5.985482612229133
21520,5.007867650141888
21521,3.850034416189655
21522,7.094064196348894
21523,9.819000095267276
21524,7.065390097627914
21525,6.84080737541749
21526,4.255053214565068
21527,5.686007286913932
21528,7.9023617516206635
21529,4.9759100340108215
21530,6.377103114352961
21531,4.903137778104343
21532,9.777527121596503
21533,5.082543229099972
21534,4.250875191234261
21535,4.220426490284959
21536,6.3221207687886345
21537,8.573658805126783
21538,1.8902954298841053
21539,4.012775266818308
21540,3.651668188266677
21541,6.2520584193421715
21542,6.1585470407266385
21543,6.45589771001919
21544,8.574533366179134
21545,4.5767737194716975
21546,1.9887104931009292
21547,7.213296715467636
21548,7.7036494851796045
21549,5.10831865864417
21550,9.04437543281892
21551,6.67302630217252
21552,2.2959668235121042
21553,6.521850491198352
21554,3.052396616977497
21555,5.5682747223890585
21556,7.112706577760617
21557,6.866706904463289
21558,4.092822574991019
21559,3.1465800136091664
21560,8.793547673401893
21561,7.713270916468579
21562,8.186253650290457
21563,5.205825534606613
21564,3.1622798760302775
21565,6.117463315957028
21566,2.8173294989007824
21567,9.130038118289328
21568,8.121092559415723
21569,8.369366397752124
21570,6.281390892697846
21571,5.08601342121282
21572,8.487027300772317
21573,8.967912554631324
21574,4.193440966622702
21575,3.1639654967540687
21576,8.11294120517962
21577,9.193058471977729
21578,6.923619230214165
21579,7.0665124591861055
21580,5.9154664272439526
21581,4.643725288417774
21582,4.920502768765186
21583,6.367006596644551
21584,6.09858408864292
21585,6.024333305064522
21586,7.141816118863414
21587,5.539441945079373
21588,3.588888322215117
21589,6.269263878958596
21590,4.599496319807154
21591,5.760081914155192
21592,8.419647762091708
21593,8.341312653313054
21594,3.0080516077259833
21595,7.302531506982373
21596,5.799671984383951
21597,5.186091000997402
21598,4.317672542770706
21599,3.8364006368629253
21600,7.781556428174374
21601,1.7966729493646432
21602,2.6197552814464777
21603,9.360642350759317
21604,5.248057676068626
21605,7.737508563850771
21606,3.5404969788931875
21607,4.879191397455515
21608,7.50160572244695
21609,4.054319189193283
21610,5.809878196453352
21611,5.353272709771008
21612,4.1493660696312515
21613,8.322595449196747
21614,6.31858824423443
21615,4.64203832168881
21616,6.276790329462827
21617,5.507512377866332
21618,9.075144138570252
21619,9.32079402823626
21620,3.8760605291546404
21621,8.366487244897936
21622,5.888917673574413
21623,7.844072084406948
21624,9.099817812107956
21625,6.555309281378765
21626,5.00487288918909
21627,6.230549918101877
21628,9.938125755859362
21629,7.3551733654522256
21630,9.245628622937248
21631,3.5030755823322512
21632,5.3762909648437285
21633,6.010038224949636
21634,2.6406465705908673
21635,5.818452708752521
21636,5.360765184463149
21637,5.220910958986392
21638,6.514056444515201
21639,7.6513960543775905
21640,9.55906462267016
21641,5.259882409036918
21642,7.984314854099123
21643,9.292162774557733
21644,4.857710266728655
21645,7.338772553538397
21646,4.458846062077583
21647,6.510074029409046
21648,5.749146835733236
21649,8.229902124863088
21650,2.850186138331484
21651,4.104338242876141
21652,3.9785962531511947
21653,4.37882651392755
21654,2.9635744411546536
21655,5.236088480791055
21656,7.8586999033444656
21657,7.66288454336838
21658,7.495329663931349
21659,4.0063131161834935
21660,7.3535693936443804
21661,2.454095508760319
21662,4.309527154512511
21663,8.147263115815157
21664,3.399970410744734
21665,4.782095535161422
21666,2.3201002729155618
21667,6.627162531712661
21668,6.053581461474859
21669,9.151733116603163
21670,1.7083646934270638
21671,6.81985497124791
21672,5.342035005373397
21673,5.561011507466324
21674,4.006850474970568
21675,4.8926127121260965
21676,8.083642513523587
21677,3.8985296835716294
21678,6.345121807610075
21679,6.521533064207288
21680,5.026540580896872
21681,1.584403572764427
21682,7.304764750562704
21683,6.288271717926167
21684,6.040741091130238
21685,8.073058961546613
21686,5.409062592962569
21687,5.962361565440311
21688,6.7627868461197975
21689,5.746896776937472
21690,8.812883055403761
21691,3.7104000562312676
21692,6.250623300890183
21693,4.014248474526596
21694,7.392996680705296
21695,5.544761904247584
21696,9.759103281919906
21697,5.329747001579138
21698,2.303196205445676
21699,8.250922529607042
21700,5.860896062845075
21701,7.895055656144571
21702,3.6567590236353027
21703,6.094731476098329
21704,4.416796422344939
21705,8.770953631880055
21706,3.2669794316977185
21707,8.632304381344397
21708,5.774081556052648
21709,5.332992171374661
21710,9.219967690674228
21711,5.285406367345761
21712,4.046381664650913
21713,5.691654564766093
21714,4.881775143526063
21715,4.84972641397797
21716,6.984352491017945
21717,6.8216074827262005
21718,2.6229982453046117
21719,7.721945277984535
21720,4.9451646244942635
21721,7.197196121234147
21722,9.501012032822137
21723,6.309042833924012
21724,7.62893139658099
21725,5.76153425777433
21726,9.014374884396101
21727,7.074514101205701
21728,5.273447279171398
21729,5.687518056358394
21730,6.192553335282359
21731,6.909999212314224
21732,2.1737548922162384
21733,4.5928417072123935
21734,3.609010683957958
21735,7.304560040616579
21736,6.046178632428972
21737,7.449053611056284
21738,1.9569612518357313
21739,8.342624780995084
21740,8.986263015268916
21741,6.876274657389377
21742,4.0811260782385945
21743,5.908535844690281
21744,4.4578653112613775
21745,5.284241544414199
21746,5.853784125064765
21747,3.005543398243963
21748,9.755718227845902
21749,7.007762459872168
21750,6.528254567895278
21751,7.0210779578626035
21752,7.403504407109728
21753,8.602702160606825
21754,7.63181802870656
21755,6.883189014655644
21756,4.345117520736225
21757,4.582257255390356
21758,6.475446549612906
21759,4.9822483163666105
21760,7.787160758098191
21761,5.355697557723419
21762,6.29234654626793
21763,6.046643068651669
21764,5.8417699699140595
21765,6.013869446728231
21766,6.784096635860003
21767,2.7250325937191473
21768,6.794800120260133
21769,5.064651249571047
21770,4.43727097684693
21771,3.0170014262822553
21772,5.9074028033463755
21773,1.7343358251685743
21774,2.485393069346819
21775,5.872894711153413
21776,5.075287567039672
21777,5.560243309422255
21778,6.064876191158107
21779,4.283802968894705
21780,8.161435447780306
21781,3.4216190889681197
21782,6.151471638346159
21783,3.6470923465565734
21784,7.3144120650550475
21785,6.731568399824958
21786,5.567506088345917
21787,4.587346354411527
21788,9.120527231986175
21789,3.3985739191127475
21790,5.412508893335
21791,5.549348652675102
21792,7.475896900576565
21793,6.499552338586847
21794,6.878037638123875
21795,9.800268990637093
21796,6.308090538107093
21797,5.52379974250676
21798,0.7157999736156688
21799,4.972498477936442
21800,7.2179172425178155
21801,3.107704785245817
21802,4.405417672157981
21803,1.8184985157469282
21804,8.131645207481926
21805,5.444581438849842
21806,6.359131932067049
21807,8.17376587072054
21808,2.950736597465344
21809,5.23194271822321
21810,3.2379041832576494
21811,7.003172526156631
21812,8.119066223479937
21813,9.640123504818124
21814,7.365289902850096
21815,9.041126475765708
21816,6.4459435557897145
21817,8.630877893294382
21818,6.389864194603188
21819,7.356786616253834
21820,5.698121516729362
21821,6.895369831946541
21822,8.205258259551634
21823,7.474257525942921
21824,7.960511389293492
21825,5.693261396584287
21826,6.398051961221807
21827,8.046614314729181
21828,6.317624416812253
21829,4.170106646774585
21830,4.313360689536994
21831,3.5706344864541277
21832,2.4653879435708808
21833,5.201928583041424
21834,5.4486427897710765
21835,6.128276290356033
21836,6.109639890420675
21837,5.296810904925143
21838,8.752868533741495
21839,3.060725948397642
21840,8.03874261533677
21841,6.964810037704803
21842,1.1784390331434742
21843,9.60947185230848
21844,7.824093527850119
21845,7.281236556725881
21846,6.944295351823762
21847,6.004083305919551
21848,3.2165586715309358
21849,5.446927202540092
21850,3.3548631760286396
21851,3.9249320383677944
21852,6.1932011273295
21853,7.137987926989508
21854,4.9315725303803095
21855,6.245480937443647
21856,5.312820699820997
21857,8.06567713135299
21858,4.4991769987098005
21859,7.56188750807366
21860,7.247077097824272
21861,1.9202869332765764
21862,7.964191480527592
21863,3.532612333418899
21864,8.91072538231144
21865,6.9876784653874235
21866,9.915241701373404
21867,4.107941598379453
21868,5.741194907849568
21869,7.656261805629194
21870,5.352485792749661
21871,6.463797478594063
21872,5.104854828134547
21873,7.110328993673583
21874,7.048681320122096
21875,9.082675498351247
21876,5.63408345325815
21877,5.484989230364627
21878,5.216685202414694
21879,6.309182852984908
21880,7.864379354853372
21881,4.885590313943384
21882,4.692623607139965
21883,5.40493026493403
21884,6.790250506609667
21885,9.11761543492922
21886,3.6459557112184333
21887,3.5778382928950823
21888,7.853316637903648
21889,5.926775923215862
21890,6.297706287788462
21891,5.521896591828048
21892,5.518553386005226
21893,5.477756033193704
21894,6.320173932102858
21895,8.551012607559224
21896,6.402560787757716
21897,4.9803969395094265
21898,6.238702913154256
21899,6.736736788965814
21900,3.694985685478838
21901,4.641935770295643
21902,4.826848324963902
21903,8.076975380249168
21904,3.9400112187726357
21905,7.6991171683026405
21906,6.308203070245049
21907,4.874212844346448
21908,8.217550825334936
21909,5.404813414246599
21910,4.038649081328758
21911,4.238166414223873
21912,4.951006555402121
21913,7.8999506887753235
21914,9.397194004503024
21915,5.656451535058232
21916,6.521420439141316
21917,5.008320382707172
21918,5.64886161072492
21919,8.629443633991801
21920,9.613037151955666
21921,7.883426902990355
21922,7.510532730380615
21923,6.5804163534862585
21924,6.8522870412107295
21925,7.30018753801194
21926,5.924853572981384
21927,5.824451779528351
21928,7.200007976350021
21929,8.58799724075542
21930,5.900167135996837
21931,9.192415308775693
21932,5.143308242471784
21933,5.55744295867599
21934,3.0467938559097547
21935,5.9215544179449875
21936,7.293869232756924
21937,7.454062670167502
21938,8.675119443662439
21939,7.727238527772556
21940,4.522199462985057
21941,5.967563644610502
21942,9.012244522771262
21943,3.9176005095689423
21944,6.375135774411108
21945,5.76921021763557
21946,5.928135942397729
21947,8.616689422606168
21948,4.571155636752776
21949,8.612168632948007
21950,6.242963701468049
21951,8.183946642352081
21952,3.836735951488177
21953,6.287681827186074
21954,2.8916632745381183
21955,7.953808887909066
21956,5.1702006060113685
21957,9.051886779494717
21958,7.749641086114854
21959,5.456478626411165
21960,5.0302865726938055
21961,4.93977839426803
21962,7.441013088930332
21963,8.628278119370075
21964,8.522368082730797
21965,9.802577258595115
21966,4.8665556807620245
21967,3.591191029650238
21968,8.156066979810973
21969,8.947279599241352
21970,5.891965459392432
21971,3.4322042897019793
21972,4.734034739145765
21973,5.77359328183779
21974,8.126182104867848
21975,3.096855360126826
21976,7.241521709141825
21977,5.197020945097618
21978,8.689232821273814
21979,5.331942631839482
21980,6.636822744152504
21981,5.311229814697648
21982,5.682041409128881
21983,3.0372750716748134
21984,5.5186083602196625
21985,7.064663455339057
21986,9.087746949237186
21987,4.134723571833776
21988,7.055762713217797
21989,8.711023545166412
21990,8.200030387069662
21991,6.436530720717
21992,5.300816369352063
21993,5.881026366342246
21994,3.239950401650904
21995,3.5849661228716734
21996,5.73629856293165
21997,3.1469442635506453
21998,5.517771090209445
21999,5.021770017153691
22000,5.275375563030776
22001,4.980965309405779
22002,4.812581079786438
22003,1.9504162091153698
22004,5.637904869498755
22005,7.158754105206945
22006,4.781869782195274
22007,9.568189626116675
22008,5.531971400298778
22009,6.774191469079705
22010,2.82198833072664
22011,6.2801835310787055
22012,6.473100417463535
22013,4.892725253637997
22014,6.634869024703615
22015,5.715609276346791
22016,5.655356829675614
22017,5.1456253685086235
22018,3.802240773009638
22019,3.3730563984356037
22020,4.244560494194792
22021,7.706695767557136
22022,7.337193774696631
22023,4.287589453883428
22024,3.7613611493203685
22025,5.553914470557615
22026,3.7342032669348084
22027,8.54404642764254
22028,8.464710130397009
22029,7.4893450191000355
22030,7.697889359608091
22031,7.55383716573496
22032,4.416317672751505
22033,8.051934640846637
22034,5.175389066822634
22035,8.650593132000392
22036,5.4958880593104915
22037,4.498858742106514
22038,5.6141421261705595
22039,4.57067806938471
22040,8.566592992911197
22041,6.105727681266609
22042,2.90887769002432
22043,6.806387700633537
22044,8.87194976221776
22045,5.365685600562021
22046,7.878816532438467
22047,5.3083539935639354
22048,8.223186397836459
22049,3.325832136370817
22050,5.26119902412716
22051,3.2912247222822124
22052,6.6683961966256735
22053,8.837025495265884
22054,6.450841664855436
22055,8.409217654693911
22056,6.445384722555067
22057,8.046921222295628
22058,4.09330702818912
22059,5.460812971889926
22060,8.192020941235441
22061,6.255231058056063
22062,3.3787508370239703
22063,6.337667303111807
22064,7.504933983938768
22065,5.269634382368976
22066,4.105960978797324
22067,7.0628994275115815
22068,6.233627744245415
22069,6.99986281950333
22070,5.180378075941318
22071,6.292545564009393
22072,5.32649440779249
22073,8.287424215845615
22074,4.888744638718623
22075,5.740327168867378
22076,5.743304766233084
22077,9.351636771801175
22078,7.234203459925647
22079,8.591942274954246
22080,5.193308127313632
22081,8.592643257130437
22082,3.1970310755575135
22083,9.34461184382067
22084,1.9467738523017184
22085,3.7350781672177424
22086,6.3164851662514465
22087,2.4087186373939047
22088,6.035696798295641
22089,4.575332476662552
22090,5.7107948805620925
22091,6.890657086740053
22092,8.896833104427035
22093,7.260755642246721
22094,6.799857327128584
22095,4.843300124759068
22096,7.351615534814329
22097,5.821134428348995
22098,6.0307500417676145
22099,8.292127232161898
22100,3.5059557904434513
22101,5.243665496396253
22102,8.064426852864159
22103,8.420171589464202
22104,1.5750443874251245
22105,5.496258730780447
22106,5.076604960079958
22107,7.0918357298250125
22108,6.0943880776059185
22109,3.612429743990765
22110,5.613312303666216
22111,4.3563283833294655
22112,6.180173225914301
22113,6.198633626058691
22114,7.925121789237645
22115,6.308531623184503
22116,4.196164798222737
22117,4.4921899005702635
22118,7.543681637852359
22119,4.810940017120766
22120,4.632441199143129
22121,7.392780649982546
22122,6.017571472241842
22123,4.443684402946657
22124,7.4563523686021504
22125,6.05287520998898
22126,6.295309212716734
22127,7.533823170486705
22128,4.126785740553278
22129,7.672751531124063
22130,6.987615208622444
22131,5.076820190105829
22132,5.029863253322816
22133,3.6407664400491155
22134,5.359575402898663
22135,6.649298285811792
22136,4.887002341953567
22137,4.608660702623682
22138,4.0962095073040805
22139,6.115480993259279
22140,7.364182055097663
22141,8.045125561460683
22142,5.1427893132670235
22143,7.235013303446204
22144,7.98653791669401
22145,4.829538168524061
22146,3.1268428146061087
22147,3.759882285855891
22148,1.279619686499716
22149,6.359191974948063
22150,4.543468101728075
22151,2.6431477929578433
22152,7.607563461805497
22153,4.06922554898518
22154,4.052518317622987
22155,5.920800986580269
22156,3.4310125625533736
22157,5.802629666666339
22158,8.627715703225165
22159,6.757299730238911
22160,8.95350983698346
22161,5.997181761610445
22162,5.50292077970523
22163,4.228416245644482
22164,4.3275780203472065
22165,6.816915360171426
22166,5.291287757771998
22167,7.95653440499364
22168,7.977092976127034
22169,3.8383352959216466
22170,4.286949319126709
22171,5.230419471153569
22172,3.494216630070076
22173,4.725293628969252
22174,5.428256025885485
22175,5.453938211314062
22176,3.79282267408219
22177,2.1328025524898813
22178,8.337825604515274
22179,6.641066538509096
22180,8.523316863333052
22181,5.152354814176373
22182,4.421323868078202
22183,6.436326675618911
22184,6.235551625958925
22185,6.774177814927791
22186,5.871791837166749
22187,7.92101690601688
22188,7.138111614644792
22189,2.7600874860054945
22190,5.85451221101124
22191,4.172439807333424
22192,5.8550852217842095
22193,7.012259995029851
22194,3.789735282313773
22195,4.492967558434821
22196,4.819613465566051
22197,6.325058794251714
22198,6.792470572505554
22199,5.177866017717512
22200,5.109835378857572
22201,5.510582713197409
22202,4.003285807035324
22203,8.956988790769657
22204,5.23650050041097
22205,5.361526458871456
22206,7.892809418654467
22207,2.1653729503336985
22208,3.2477725456095987
22209,7.061616949904899
22210,8.199198883463444
22211,9.171964947224723
22212,4.289350307931746
22213,5.983424556547619
22214,5.1759948084649015
22215,7.284169613377455
22216,7.255711422055306
22217,5.143917029669371
22218,5.820094943491835
22219,7.956360761549481
22220,1.5252082197757555
22221,7.486543607830865
22222,4.3924595843673355
22223,6.936951555581349
22224,3.4602247041552907
22225,4.659377545965253
22226,5.240635186100892
22227,2.9095263750471987
22228,7.456696479224929
22229,5.53693226347931
22230,5.594029829634631
22231,7.690764731572733
22232,6.269140752859705
22233,8.941314068439956
22234,5.103744565113622
22235,7.223712465252408
22236,0.8862208336728592
22237,1.9860034348940245
22238,7.186669102618775
22239,3.8858871023406474
22240,5.9195727858159595
22241,7.442035975540474
22242,5.667335667134055
22243,5.186515759297036
22244,5.09768458732577
22245,7.404001087804755
22246,8.068321907908768
22247,6.144627772930725
22248,8.726426994949268
22249,4.783553405143595
22250,6.14452639823657
22251,3.2612084939927106
22252,4.405813929446518
22253,8.77431405495918
22254,8.9441841435029
22255,7.14552568489203
22256,6.628665694885811
22257,9.300819508488793
22258,6.922333430114591
22259,1.572701677190759
22260,2.28220013480835
22261,4.653712001839869
22262,4.3011581431183945
22263,6.999655565437191
22264,4.3950868224235915
22265,6.852308282439877
22266,4.894232175337192
22267,3.818078879030917
22268,3.175365586181912
22269,4.052235679538161
22270,5.844021895310284
22271,3.8733523392494247
22272,7.293548697590579
22273,2.4425705071896653
22274,5.367808365078223
22275,6.896233367759505
22276,7.1442244424116295
22277,8.660889415873317
22278,6.77485932900356
22279,2.357183099802745
22280,8.645737264096848
22281,4.556095495446513
22282,4.299012901576929
22283,5.639045194385407
22284,8.598751322412632
22285,6.3513570266611765
22286,4.99323677103519
22287,6.29150304457238
22288,7.835228108053872
22289,9.035305741330612
22290,4.006691065366353
22291,4.570798533836587
22292,9.618743324169245
22293,6.0619468598693675
22294,8.379518943106692
22295,10.0
22296,3.2049220395185056
22297,4.069387488564954
22298,5.49709717327732
22299,6.083745194264937
22300,3.3012350366817484
22301,8.671517789730736
22302,6.176950648648951
22303,5.814665155241848
22304,5.3091246802604655
22305,6.764218895141438
22306,7.639574360966844
22307,6.44543818496787
22308,9.366029450476871
22309,6.225812100330456
22310,9.51302269777845
22311,4.397449939196404
22312,5.87712032233357
22313,3.1767410718345994
22314,6.370214526078753
22315,5.885235757602571
22316,4.39787590223958
22317,9.151641422814807
22318,2.798072295754685
22319,5.042988908054771
22320,6.21119229126929
22321,4.48233415449115
22322,5.3904401281154986
22323,6.199865137244867
22324,7.242052395493141
22325,2.7906200108478347
22326,3.3835358888654246
22327,4.181060776450835
22328,5.798687747118876
22329,6.319921155801133
22330,7.344606016432409
22331,5.163665722274195
22332,3.9953871001825805
22333,7.887208667669372
22334,9.27925681681012
22335,5.945849377109003
22336,6.259250963523623
22337,6.096195759318963
22338,4.716657908173123
22339,7.73520622160312
22340,9.39069943097367
22341,3.289698668668331
22342,4.452084468860423
22343,6.763720423985783
22344,5.0737407080391135
22345,7.83657536270786
22346,3.6336906575689936
22347,8.014982975028442
22348,5.698264307064084
22349,6.564089651299983
22350,5.8147466095031755
22351,3.2038156561491036
22352,6.4692073471110305
22353,6.78587806365644
22354,5.706381635951839
22355,5.257631252420515
22356,7.123684178458961
22357,6.217397630963314
22358,5.625875016681826
22359,6.511335338628795
22360,6.0163167927266965
22361,2.475029604195546
22362,7.636905540610265
22363,3.8981723850969434
22364,8.758317640134468
22365,7.779234501220635
22366,7.403540266740146
22367,4.843326914581002
22368,4.673625727593659
22369,8.869111051169126
22370,3.1840067331719313
22371,7.249955593675328
22372,8.170958994636274
22373,3.333230245859584
22374,7.325145893850593
22375,4.51497656966284
22376,9.084854798406194
22377,4.74023674749517
22378,3.726641948996436
22379,8.103284614352786
22380,7.663074539299702
22381,3.24108595065466
22382,7.716147298305848
22383,9.009665750077152
22384,6.2605302817252735
22385,4.660974688436923
22386,7.989547468687543
22387,4.195516382560877
22388,1.4100775089184103
22389,7.133953967524403
22390,3.3340946124679993
22391,4.810194985196521
22392,7.172279791101805
22393,6.823788849472553
22394,9.508493099161969
22395,6.416986678131099
22396,8.644027241873859
22397,8.21220986977846
22398,7.069605493571414
22399,1.8786848216701773
22400,4.804105324546289
22401,6.730952443047137
22402,9.018953823196956
22403,7.055613630777158
22404,6.862319218160991
22405,6.47404907693797
22406,8.597655518841194
22407,3.352076996693034
22408,7.867751392428496
22409,3.70172838406869
22410,4.976826372749045
22411,2.7752189651396755
22412,8.260741644867776
22413,7.965219153960923
22414,7.201065405434648
22415,2.5711425251398183
22416,4.7208518663718335
22417,8.867815802658363
22418,6.448684015993045
22419,8.294339115253209
22420,5.86469298236104
22421,5.9110844471073865
22422,4.624043226006727
22423,4.906528369305993
22424,8.21725416226994
22425,3.8027427285871003
22426,6.765339889335019
22427,8.27471521303951
22428,8.533696881887964
22429,4.104488788883089
22430,7.289089962584301
22431,4.371007178197751
22432,4.594521092101756
22433,3.050128190343066
22434,6.079706956945149
22435,4.865064110689028
22436,7.092666828095478
22437,8.881595778434683
22438,5.409527651087641
22439,1.6291971621944592
22440,6.006731541019764
22441,6.5928328609148075
22442,8.932878767921565
22443,8.567673380260343
22444,7.066140164259835
22445,6.247285887223584
22446,4.018093511689049
22447,2.632122427492197
22448,8.363072430486021
22449,5.670678500212979
22450,4.523004246580323
22451,7.342609690892012
22452,7.238466917046129
22453,5.380907779612729
22454,4.3270793724533245
22455,3.008293797470233
22456,6.634125742874732
22457,6.291787557388526
22458,4.687616187461264
22459,3.8244136380062175
22460,7.311671458733448
22461,7.216762317136126
22462,3.0370575977267085
22463,6.74021598292583
22464,6.470933736839061
22465,4.937185286908511
22466,8.487846038510513
22467,4.488836862516615
22468,5.190102524760965
22469,7.6759199837288925
22470,6.360632431557822
22471,8.056106804022765
22472,4.847310391053373
22473,4.996560332317526
22474,7.109135261777665
22475,2.1976034350721427
22476,8.768408676656712
22477,7.327321754874732
22478,7.737161257898908
22479,6.909335498388237
22480,4.19524082279232
22481,8.610615451891771
22482,4.42628362517362
22483,6.503049237793329
22484,5.643064635781845
22485,2.5073873403950753
22486,3.3203350430258123
22487,7.293458258396795
22488,3.7433226930574803
22489,5.049582496718918
22490,6.391563173860867
22491,6.830745198087664
22492,8.111334172400483
22493,6.777268045591432
22494,5.760727555909824
22495,7.586984000430759
22496,4.1511832823935695
22497,8.610228718091397
22498,5.909620217594024
22499,8.489676905980481
22500,6.2956965233190445
22501,4.350840478824537
22502,2.7085158351864345
22503,8.695081350714801
22504,3.4294562814238456
22505,4.952741019334897
22506,8.249794796947073
22507,2.7717201420183635
22508,2.517412830097613
22509,5.807418013421156
22510,6.343391322007529
22511,2.4799530283815563
22512,7.011229059763764
22513,4.356990603631976
22514,5.835988708296288
22515,8.809966365420555
22516,6.011353461249989
22517,4.746037613870286
22518,6.744979389597464
22519,7.808974780641044
22520,7.277712044645762
22521,4.857433563892205
22522,5.696441592131569
22523,9.561360635707434
22524,4.405986581749844
22525,3.4352746588561054
22526,7.936392372184093
22527,5.478505946247966
22528,2.1069636777298473
22529,7.641864836850137
22530,4.8172282513037015
22531,7.363586076365275
22532,4.488372869660316
22533,5.236945307835035
22534,7.368166944389338
22535,4.236806459842551
22536,4.735659094827595
22537,2.3760370163427025
22538,2.4903788881323883
22539,4.908611839400903
22540,7.6447468947828
22541,8.304929039523063
22542,5.5397067456723965
22543,6.568671730237494
22544,6.973342521784333
22545,6.7944732208576415
22546,7.207912818817819
22547,5.939092762431764
22548,5.365371217754311
22549,5.956542092211176
22550,6.2335816931485315
22551,6.972890323148981
22552,7.513275370554981
22553,4.180642195089735
22554,7.525272788672702
22555,3.9638837651040424
22556,4.875384733252736
22557,6.276360129150346
22558,7.974050717902119
22559,7.667311784425489
22560,6.235952144280448
22561,2.507153011737098
22562,7.026451371507881
22563,3.9403508866393855
22564,7.597083720073307
22565,7.2745940115068075
22566,4.752763036716269
22567,4.798926495636248
22568,7.771278195815517
22569,9.023197129746464
22570,2.6871980069972494
22571,7.136597960520495
22572,4.0933544480463055
22573,4.697514409251152
22574,6.056859939249638
22575,7.933065121840687
22576,5.503612564182737
22577,3.4492240487539565
22578,6.491267643164289
22579,5.593661737613736
22580,3.7481942004400413
22581,6.364301484542601
22582,6.271205000270792
22583,2.6262422249439377
22584,2.8757013392082937
22585,4.6945226202752925
22586,3.6931194667305425
22587,3.6496175941345705
22588,3.3319050447735945
22589,5.309719068758123
22590,6.057408837612261
22591,9.2006911221868
22592,3.318361455778585
22593,5.684191646569243
22594,8.12411761288684
22595,7.33002766720795
22596,6.465151891970056
22597,2.212722480543391
22598,7.037998952581807
22599,8.070199681093374
22600,4.751162344167342
22601,2.7415792429905106
22602,5.091039772501141
22603,6.902633068458959
22604,7.940790285491275
22605,6.345375721504135
22606,4.655242321552235
22607,6.8844724813246145
22608,2.4148512565062106
22609,3.792804270921799
22610,6.2720715460087195
22611,9.048455983851683
22612,5.438759030440162
22613,4.3302891152084335
22614,2.6623155074747173
22615,4.451250235963403
22616,7.474339517478965
22617,4.722231681593611
22618,5.733984545614144
22619,8.093771563703603
22620,4.5970851703122415
22621,7.133041622860549
22622,7.980075674340753
22623,5.303266941180345
22624,4.583711187831565
22625,6.217199558818432
22626,7.068881747847367
22627,6.028889181680665
22628,8.369428827596996
22629,7.864876950582595
22630,7.049852864702876
22631,6.273427105549795
22632,3.04732063558718
22633,8.131710601930713
22634,9.09159473314062
22635,7.904232449143441
22636,8.177963439671524
22637,8.827213436932299
22638,6.831905313755808
22639,6.469740020397061
22640,3.712850686426653
22641,6.772842691593697
22642,7.158007834462861
22643,0.8991445320890844
22644,8.021003298578465
22645,4.936538872340508
22646,6.780801906420219
22647,2.8293739900289148
22648,5.195382642204178
22649,7.988921136982057
22650,8.01461889377619
22651,2.136403669824462
22652,6.834520289038879
22653,5.233275890728849
22654,3.884293702473918
22655,6.428770763887442
22656,7.706993270804985
22657,3.328111955473304
22658,5.063076050737182
22659,4.995387228991929
22660,3.612809396167529
22661,7.020807045614728
22662,6.109779304618612
22663,7.950247188361217
22664,8.34355882930285
22665,7.473236659775782
22666,5.276481920648216
22667,4.822302280498943
22668,8.038834633445216
22669,4.83537442019821
22670,6.239596966579428
22671,7.29467642199481
22672,4.866489937850247
22673,6.229979672481417
22674,8.191511310857322
22675,4.262550105083763
22676,7.371761327445466
22677,4.323514465647239
22678,5.337026443988544
22679,4.802759087123105
22680,6.981793149493347
22681,2.927797987183877
22682,4.742356496289134
22683,9.292595848190885
22684,7.652400896961925
22685,5.96769766070523
22686,3.4966087399835066
22687,4.984413558788647
22688,4.14263571214075
22689,5.818753191120769
22690,7.184772171794458
22691,5.026076621230333
22692,4.659646087441732
22693,4.861508030504557
22694,7.452044894637369
22695,3.0579756605317727
22696,5.1570620267138345
22697,4.347551821628861
22698,2.293545215356511
22699,4.441617410168574
22700,7.99913817799515
22701,5.2514888818198
22702,6.167133986902726
22703,6.101695510282992
22704,7.206217211323341
22705,4.592801561438711
22706,5.424437519919911
22707,4.655828375372355
22708,4.560853232498342
22709,8.288618744007543
22710,7.897044094820179
22711,4.79571514451595
22712,5.882568656289186
22713,7.082681399714358
22714,4.830154353523478
22715,5.535130547019992
22716,8.093568885954458
22717,2.734240456087388
22718,7.813366205655123
22719,3.419679529875018
22720,7.873320825234214
22721,5.6921380780975355
22722,6.986961850754029
22723,4.755532272200165
22724,9.358175153542653
22725,6.990882893995047
22726,5.911533350298567
22727,6.719493609759045
22728,8.582607294042473
22729,1.379453231073838
22730,6.1941028925391235
22731,5.133732978990681
22732,3.7583635446638493
22733,8.504574611831387
22734,8.466218094833279
22735,8.954030890110104
22736,7.210801364181246
22737,6.201317096668799
22738,7.080659546434848
22739,3.865920094983132
22740,4.905218510039155
22741,5.748738860267387
22742,4.743157505543582
22743,7.452270792321967
22744,3.6977954963259894
22745,6.977229210432928
22746,2.3283080970636445
22747,6.205241641935722
22748,8.83028220372989
22749,6.3616585053565124
22750,2.8994729166337496
22751,6.211034549870684
22752,4.242952597688199
22753,4.856337737990854
22754,4.699892544502111
22755,5.740476874854434
22756,4.433438989335045
22757,6.242975497271384
22758,5.2444181283418985
22759,3.9114214605122206
22760,8.025009863922783
22761,8.15690039242095
22762,8.314181242448853
22763,8.115066625308863
22764,8.119682680423548
22765,6.364325202840535
22766,5.8399651999749995
22767,6.203973836707382
22768,6.14587446035509
22769,5.268377082755458
22770,6.79408128646492
22771,4.211611831220658
22772,7.182226588904043
22773,5.314070225843152
22774,5.167319057588627
22775,6.919362109178133
22776,6.121575901360885
22777,5.306947275753951
22778,7.645405156489797
22779,9.367927011055484
22780,4.627245215387726
22781,5.432669397837278
22782,7.148556860159168
22783,7.457978443361332
22784,4.346313965415929
22785,3.33632502255188
22786,7.0847931061484015
22787,9.574354423088911
22788,4.667273483659144
22789,4.8444416733951465
22790,7.0180281800093995
22791,8.827831909632547
22792,4.623827795614314
22793,4.570676287299871
22794,6.180413198419933
22795,9.700809510772412
22796,7.238535212265416
22797,3.8574159621945867
22798,5.746130559016976
22799,6.340323991925395
22800,6.151594611716794
22801,7.807356911040928
22802,6.439427785335614
22803,8.470801253786362
22804,6.026171626114699
22805,9.469645620603568
22806,5.971869729458589
22807,7.013352264977833
22808,5.029042047855918
22809,6.000900651618311
22810,4.983322856141246
22811,4.725962763839558
22812,5.3257606653078255
22813,7.138058585642719
22814,7.103804502207984
22815,7.463533316361031
22816,8.389063599743805
22817,2.7874274728525554
22818,2.394160089995557
22819,4.4946532199323
22820,6.247402623806389
22821,7.179574236819125
22822,5.734540010246956
22823,7.4256068668770645
22824,7.468623716550699
22825,6.166885637332911
22826,8.822318981794394
22827,7.659888903124802
22828,3.359226772905508
22829,5.703003523060035
22830,4.320075131716619
22831,4.028645887685472
22832,6.009787811274
22833,4.314827068754781
22834,8.088163158116883
22835,6.391020941020405
22836,7.59384547325817
22837,5.276400495461807
22838,6.480683888852051
22839,6.372131362134732
22840,2.5880779430249916
22841,2.4828225772672563
22842,8.166363866853965
22843,8.66791845250128
22844,4.958424771752291
22845,7.432101082858285
22846,7.729690980188972
22847,7.160007846246414
22848,2.7246281672901147
22849,8.839271250686595
22850,3.2551251311395872
22851,6.899508747643731
22852,3.67387815922294
22853,6.305260436626531
22854,4.743374301439628
22855,5.735461714079545
22856,6.16059097530007
22857,5.105485479873323
22858,5.249326218940473
22859,4.989014299513329
22860,9.378212164023608
22861,4.045671641495301
22862,6.433517509842786
22863,4.052396791698055
22864,6.236405868570738
22865,8.491549377747159
22866,8.309885942396013
22867,5.429699433471884
22868,8.238336149152559
22869,3.9885000436054456
22870,8.153964075470888
22871,5.680301906966473
22872,5.577334483611431
22873,6.999186132574418
22874,6.6616760616120505
22875,4.753601301056742
22876,3.575687462423195
22877,8.1737106793674
22878,4.217856261745014
22879,6.120599483812388
22880,3.9202497042339335
22881,4.18209863769447
22882,3.841525837496211
22883,4.325886723067426
22884,5.172506969012247
22885,8.392149559560313
22886,8.747576243377633
22887,4.3452816395512155
22888,4.595663857065504
22889,6.081895116223873
22890,6.969755535510917
22891,4.921474609592764
22892,3.839096699876084
22893,4.523767446168385
22894,5.894803946904162
22895,6.952046794696663
22896,9.174718815735787
22897,5.947541290145331
22898,3.990442142019024
22899,2.679606132217022
22900,5.257704100564309
22901,2.8338110211993506
22902,8.220949069248546
22903,2.41763015995999
22904,4.009331129726162
22905,7.613204591934606
22906,8.868000308577203
22907,6.574553540095195
22908,7.500377972247069
22909,7.065458466577094
22910,8.726970737905997
22911,7.295147914301362
22912,9.525197075856699
22913,3.4223149200319005
22914,2.1164493786495964
22915,5.725801651275917
22916,3.5010011180876415
22917,6.209224607106798
22918,4.644372560633139
22919,2.847204971210407
22920,8.91922227307192
22921,6.624885064404605
22922,3.331932189252929
22923,6.922507465411141
22924,7.232741054936607
22925,5.621304691243875
22926,3.0460455292435284
22927,5.398008209585637
22928,7.944578559583725
22929,6.897743582193792
22930,7.238407070876007
22931,2.6040497706950605
22932,5.234966035255653
22933,7.189845204737605
22934,7.045499870687545
22935,8.376317940503226
22936,2.390613225638554
22937,5.559401886131096
22938,5.2876875439572
22939,7.834094846669119
22940,5.315011398234972
22941,4.349533463724475
22942,8.507792426952339
22943,3.2610520374856717
22944,7.290049181135068
22945,5.021886798324125
22946,4.425506477382877
22947,6.157590780879048
22948,5.658365359925413
22949,4.99323845821455
22950,5.980765341320671
22951,6.511481701080579
22952,4.4069751688227985
22953,5.479878954876725
22954,6.3820543475871965
22955,5.125070674417588
22956,2.8044490206471067
22957,3.007145535847247
22958,6.410809911397137
22959,6.069790363760954
22960,6.809700270059322
22961,6.318286162920327
22962,7.42629484700862
22963,3.3213339621704607
22964,4.256518499913939
22965,5.29771481307015
22966,4.39379846113669
22967,4.5101369499361965
22968,4.182179618506896
22969,2.5017509245490004
22970,3.0563336840596627
22971,9.661189582825562
22972,6.06605951058455
22973,4.6468954368425885
22974,7.864656175447207
22975,5.296398970181192
22976,1.9883661254186649
22977,3.951444289015846
22978,6.125385227696573
22979,4.367154693619059
22980,7.762124027424544
22981,7.109416971883527
22982,6.846537291824432
22983,6.14347027348895
22984,6.768639730227466
22985,5.51336497556581
22986,6.335414887658689
22987,8.692797552884533
22988,9.55822345381415
22989,6.032314102766627
22990,5.44022996175787
22991,7.522561025589024
22992,3.6067544177301545
22993,8.166855341157786
22994,3.3831516094147096
22995,4.604083075750497
22996,3.5008289750496386
22997,7.5886890141287004
22998,2.8843160670083634
22999,6.522425092341718
23000,1.9907021475290883
23001,7.164151191903729
23002,7.8351060113670385
23003,6.1908455962808
23004,9.160904225886226
23005,6.543151636484005
23006,2.5392822171771905
23007,8.647430971529072
23008,5.189656296042247
23009,8.435596111657395
23010,5.533574658072096
23011,5.361085284527535
23012,5.082442231366934
23013,5.961466510461506
23014,7.791113571641304
23015,3.2750953867576778
23016,6.7418097790232085
23017,4.855905813996874
23018,3.7193284788401444
23019,8.570230101176293
23020,6.28559414950945
23021,5.687818515538829
23022,4.737903633753108
23023,5.937300417649649
23024,4.904860586998752
23025,3.605351789448802
23026,4.64234877897018
23027,4.25387283854806
23028,6.390016179976109
23029,5.2355432877217325
23030,6.90993321877302
23031,5.7396099898296535
23032,5.657477914954228
23033,4.1993035288642915
23034,8.508505788365465
23035,5.220414821009101
23036,5.515703211307686
23037,5.298867751279657
23038,7.654074328761639
23039,4.966296836324655
23040,5.936700966807196
23041,2.6548820245232814
23042,6.21324514170697
23043,5.516232924013307
23044,5.950175259536561
23045,2.6168627454743496
23046,6.490041994072181
23047,8.099954049803628
23048,3.2662245049324223
23049,4.657947989890426
23050,6.40435468708701
23051,9.875252029733339
23052,4.0415693222368985
23053,4.971791655007223
23054,6.553410218788802
23055,5.927485471335334
23056,8.156580835188922
23057,5.712958676374325
23058,8.866616326189423
23059,7.325299484661617
23060,8.264546844735262
23061,5.705993236089498
23062,6.594931227280852
23063,4.155353216014134
23064,6.525811110695047
23065,6.732799531984984
23066,3.856610723923183
23067,6.159264535656538
23068,3.7969348447294387
23069,7.0549260711632185
23070,3.7046782241386502
23071,5.664522912658122
23072,8.392229359444668
23073,5.46529826523434
23074,7.5224290733532495
23075,5.59542482475692
23076,5.670672101201021
23077,7.910360987876194
23078,7.047516145131398
23079,3.508423219982613
23080,8.439878085616048
23081,7.574381144214724
23082,6.602738399469634
23083,6.442024849269304
23084,7.328733949033827
23085,5.727652742982166
23086,5.535435609012136
23087,8.816818852073217
23088,7.351743370454027
23089,7.303194158446713
23090,5.36415304153801
23091,6.1893261799848425
23092,4.866487782525515
23093,6.510743874576917
23094,7.090507872913223
23095,5.849626872301344
23096,8.508881802463916
23097,5.2311233467922476
23098,5.454935185738084
23099,8.382488521640488
23100,6.3349858324751995
23101,7.593983067748031
23102,1.287692578364931
23103,8.058182138069391
23104,5.413691567333824
23105,5.3990148043960815
23106,5.253499884659512
23107,4.688305421651332
23108,8.785981322675637
23109,5.373616590007517
23110,2.8358697769519474
23111,3.747930002145735
23112,7.188042985813315
23113,4.450356168820907
23114,7.078638702659502
23115,8.324943155944856
23116,0.9747557112826624
23117,6.745754088109459
23118,6.759456364955495
23119,7.664031337912092
23120,8.848250963366482
23121,6.806235361673792
23122,8.191358160208013
23123,7.958578925031981
23124,5.028123406617625
23125,7.065491859596461
23126,7.873160806268974
23127,5.056327945237674
23128,7.796982951878819
23129,5.967146550476309
23130,3.508883134154318
23131,5.453922162486647
23132,7.566414747502222
23133,5.248849983877777
23134,6.214227377395745
23135,5.59018446730899
23136,8.103903826319197
23137,5.230707980583335
23138,4.11474934050262
23139,8.524063335265343
23140,6.382893110498111
23141,5.664702713782226
23142,4.420210870337924
23143,4.061801820584683
23144,5.161919758925849
23145,5.359616396814829
23146,7.31151494935223
23147,6.6697480914142755
23148,4.059123469368394
23149,7.189442915114553
23150,7.134509234534451
23151,6.969534354960343
23152,5.700789534130948
23153,4.245268083867216
23154,5.1615976753854
23155,3.5252360159289555
23156,0.6422831817941027
23157,5.9189589123191375
23158,5.682330404730253
23159,4.3043903280831115
23160,6.8632483153743635
23161,6.168131749402219
23162,2.239478163769564
23163,7.687949995221823
23164,3.7196968307433895
23165,5.920231930538441
23166,8.632603242222077
23167,8.624539998403584
23168,7.399536418257655
23169,7.04705569978614
23170,6.676477377565491
23171,2.8959140050169454
23172,8.077380434029255
23173,7.101580491009608
23174,1.0754768357932991
23175,5.630096533890879
23176,6.251989291539685
23177,7.6014541415063945
23178,8.908945085201882
23179,7.047797690949127
23180,9.2537084482724
23181,5.748433432327963
23182,4.447714195759119
23183,5.09749907359163
23184,8.39272746416804
23185,7.3680804837204725
23186,6.887566740989245
23187,7.185276827082959
23188,3.343986952837603
23189,5.701273884121104
23190,7.495924456713301
23191,7.905839681254746
23192,5.684491847286395
23193,8.55156030605343
23194,5.89173920208492
23195,6.368148510784895
23196,4.002911031542846
23197,3.972920854318252
23198,6.855259058387735
23199,6.582347656930057
23200,5.621863646037565
23201,7.429595951438592
23202,4.410620642653492
23203,6.010170600567932
23204,7.341643829466937
23205,5.921607997617945
23206,5.3091756926985
23207,5.888010009398791
23208,2.403790051902585
23209,5.118695879916109
23210,1.6008120926010552
23211,4.160520757520159
23212,6.8622131582174255
23213,3.2147062137311253
23214,7.738210052515749
23215,5.387065499466784
23216,6.960095595251481
23217,2.9257720934202065
23218,6.809982505734904
23219,6.56341137199894
23220,4.683200744681112
23221,4.805262690890138
23222,4.006137507554424
23223,4.163070941267045
23224,5.191290838253672
23225,7.352164330563531
23226,7.426559597854469
23227,6.36658562762722
23228,7.758723820765219
23229,6.866411121961221
23230,5.88445803555291
23231,6.513508363822324
23232,7.029330901398964
23233,6.55449578275785
23234,4.619437723552045
23235,3.9180068607805145
23236,6.5558528273191286
23237,4.783198013724699
23238,6.95855237522555
23239,7.0244583664989175
23240,2.214049936319095
23241,5.696717317457367
23242,4.878297326860642
23243,4.451796702763613
23244,5.8051007246063335
23245,6.142304623915312
23246,5.989365828962168
23247,5.8553191123356765
23248,6.910500971720181
23249,3.9546944192968683
23250,4.626936020674295
23251,6.441858040795735
23252,5.949161653275398
23253,5.221100163307222
23254,1.7817496157916297
23255,8.706249780070639
23256,8.055833812302618
23257,4.225825768349653
23258,3.279685525822247
23259,9.036883069568846
23260,8.65181419909855
23261,6.162125530793841
23262,1.2245646193627406
23263,8.081481979259602
23264,7.4109802643194005
23265,5.300950844932908
23266,6.971160885359153
23267,5.694664643783437
23268,5.971610901892943
23269,8.95743123568422
23270,6.963948958881101
23271,5.6639804153157
23272,6.045797357891706
23273,7.916175519667156
23274,6.972455191574041
23275,8.04281700485555
23276,7.529026963898319
23277,3.478914237346868
23278,3.6870288327649376
23279,4.964900393971362
23280,6.172426571707593
23281,4.826952617788753
23282,6.5427037967901445
23283,4.961445231648099
23284,4.503316807703691
23285,6.1932823193269435
23286,4.999527047745782
23287,5.416880884606221
23288,4.17666542202849
23289,7.124221003055244
23290,7.4346922299684834
23291,6.867216901091279
23292,5.565329682191374
23293,5.884123581739852
23294,7.7816844074388225
23295,6.462916489840167
23296,9.554854612935117
23297,7.067407179104618
23298,7.889965235270912
23299,7.135327075717596
23300,5.453247880007987
23301,4.947445940240988
23302,7.5587325713435085
23303,8.31320954830057
23304,5.5771178177116045
23305,4.950820435661099
23306,6.343467071079069
23307,8.310775220279094
23308,8.74654083724909
23309,5.3119347972447875
23310,6.290922031006502
23311,5.369273425396679
23312,7.770904434609752
23313,4.052271606714665
23314,6.30134048842481
23315,5.4665535735474915
23316,9.06423535563658
23317,4.801773369635059
23318,9.007205604366963
23319,6.647022535749086
23320,2.5925119176796088
23321,4.078005830723303
23322,8.01666905661204
23323,6.577039080048477
23324,7.627923480878609
23325,7.441815355117532
23326,6.914609653155085
23327,3.835341658390412
23328,6.094798629971807
23329,4.879034908799327
23330,9.558234096045819
23331,5.690837125223334
23332,7.1660124919584955
23333,4.919089551812055
23334,5.347246087376696
23335,3.747948713768632
23336,3.142429367207464
23337,5.225416952696013
23338,5.876982951429661
23339,8.024095508238934
23340,7.443094671400337
23341,8.789955600934537
23342,4.9847258515252495
23343,5.983539792611938
23344,6.135174326370552
23345,7.939642092755031
23346,6.9829453531827665
23347,3.171448200099248
23348,3.958749086917943
23349,2.111437806424423
23350,5.300966745735267
23351,5.8764967246718465
23352,6.923627878387213
23353,4.573688022637555
23354,4.064452307731812
23355,8.595366706349843
23356,6.222688363748544
23357,6.998904860764617
23358,9.562796231417884
23359,5.4146959102967145
23360,5.558149065696694
23361,7.322837612003463
23362,7.79562571695987
23363,3.3449830421803837
23364,4.363090704608295
23365,4.2179101248222555
23366,7.234696205840907
23367,5.5169610621406315
23368,6.401069739005161
23369,4.65464096706515
23370,4.198495461076529
23371,3.571947203470178
23372,6.06556453141658
23373,9.323840882592906
23374,4.242207772951613
23375,4.695384699865505
23376,8.75781009465485
23377,4.570336571624179
23378,3.273541218453759
23379,6.619596552649988
23380,4.150216661127154
23381,6.796502339578142
23382,4.6433445232920345
23383,5.431633773977585
23384,7.5246461220277405
23385,3.931267710530716
23386,3.6977759620204207
23387,4.259577448560068
23388,3.5206544207340054
23389,2.539816221192818
23390,4.732173912565601
23391,7.354541365766115
23392,2.3169783206567125
23393,7.770080811648061
23394,6.758771831749821
23395,4.134823627594492
23396,6.29647470505512
23397,6.034168755836485
23398,1.3735123101568054
23399,5.7840442173673665
23400,9.051907585927033
23401,1.623053372918117
23402,6.44310594362194
23403,5.2249192789218375
23404,5.9202601678681965
23405,4.666287195891213
23406,9.037846827678575
23407,8.80340639975972
23408,4.875663704496841
23409,2.779497730589395
23410,8.987981153994545
23411,6.143951674519598
23412,4.9032820445160725
23413,7.969545974124675
23414,1.9683827321671332
23415,7.431106103906372
23416,5.935146933515952
23417,6.013560321799578
23418,6.51621826849364
23419,3.7140582410406084
23420,6.7874661299749635
23421,3.6426105919183285
23422,7.185758428239825
23423,7.43349047645083
23424,7.82628463567163
23425,6.768194094377041
23426,7.922258718497606
23427,9.301401029203753
23428,2.3555662887104587
23429,2.8654531965176773
23430,7.485072322748712
23431,5.268838313364256
23432,7.634358360873435
23433,3.1541526425469044
23434,5.330654011041546
23435,6.258308999221958
23436,8.053387377555286
23437,8.60032629933254
23438,4.201659351261961
23439,2.691995699821102
23440,2.4465687076744675
23441,4.4653810995881695
23442,3.9588092956812297
23443,5.754488455452313
23444,4.987687157491328
23445,7.8653853468960975
23446,7.540689427689426
23447,6.795106798943256
23448,3.7253473691498487
23449,6.335086183234871
23450,7.487722883883931
23451,4.12903151591605
23452,7.237884724794448
23453,4.338242718042366
23454,8.27034708064356
23455,3.7866371289452836
23456,6.427604780110489
23457,6.616163449425862
23458,4.04176992236845
23459,2.2679068843819246
23460,3.5761728341039136
23461,8.862161868284186
23462,7.679772069705601
23463,6.456530536716693
23464,7.404841611474673
23465,5.930199833422905
23466,7.996200450692763
23467,9.25813044297552
23468,5.772171409699193
23469,4.668906290776419
23470,8.214918196375976
23471,5.133760401901215
23472,5.409730880520636
23473,8.318919556993576
23474,5.674268490543579
23475,4.318139433845259
23476,1.9883597007532505
23477,6.637766087570082
23478,6.6157237006435174
23479,3.796873219425738
23480,6.321586761578999
23481,3.771156662239987
23482,9.267626862978293
23483,5.607516591497761
23484,7.7972548881986965
23485,7.693143555759017
23486,7.607270318755273
23487,6.625167323047877
23488,8.879463053097874
23489,4.590044097102323
23490,3.981149421999788
23491,4.024580364248571
23492,4.748494966217777
23493,8.292364596255496
23494,3.5775583853654136
23495,5.098121799834901
23496,6.988681429697641
23497,3.6385742317359435
23498,3.7326132220833195
23499,5.300316009399588
23500,2.5270434975388327
23501,7.242501227343272
23502,10.0
23503,7.023998361969905
23504,6.526505325549257
23505,8.322264055547159
23506,6.731435617189426
23507,6.171242364961661
23508,7.758393327659796
23509,10.0
23510,4.146209734460719
23511,6.71325410890581
23512,4.55937336162944
23513,4.304253557108039
23514,6.68468627188296
23515,2.6530495565846763
23516,8.447123532464628
23517,6.551066698481603
23518,5.011546185844651
23519,4.909053882240412
23520,6.563251348415233
23521,8.281581067248673
23522,7.176520191541783
23523,6.323181819671032
23524,5.952213240956361
23525,3.7866830218280683
23526,7.862898972558879
23527,1.6625497133399
23528,3.411876541487727
23529,8.349743801884816
23530,9.192616786898057
23531,3.905686572933642
23532,5.020974662395602
23533,6.710229045129461
23534,6.352408851544892
23535,5.583549823336074
23536,6.727490395567877
23537,2.016113041357811
23538,7.311898214085571
23539,2.2399582488382688
23540,4.789265861073888
23541,4.210128363661434
23542,2.908180583899023
23543,5.03259990634343
23544,4.2923579344466765
23545,6.218878667301643
23546,3.12785651464828
23547,8.673536475445102
23548,6.418941605821624
23549,6.521337691685259
23550,6.474350268896943
23551,5.475593819107306
23552,5.660618755469762
23553,5.4804034113304185
23554,2.9149729924655308
23555,5.609475565332993
23556,7.030785913779985
23557,7.113642608572014
23558,4.240318456244004
23559,9.354214544397262
23560,6.920349646940313
23561,8.953067395419819
23562,5.558062145003305
23563,7.622744808242992
23564,4.484800008838457
23565,5.084246957052718
23566,5.932090565660148
23567,4.161764970242328
23568,5.544363309381132
23569,2.93641757371905
23570,7.266960286756838
23571,5.7169378863377425
23572,4.731531013128035
23573,4.085169971416853
23574,4.522351717948129
23575,4.729905713717885
23576,6.578330515210505
23577,6.810657062097722
23578,2.900489880626239
23579,7.000050350940283
23580,4.246534186475499
23581,4.619108111727416
23582,6.249519953031513
23583,5.812702982496118
23584,6.557983514943679
23585,4.513346703360595
23586,2.9103781533786544
23587,5.446804674315511
23588,3.787056176342786
23589,4.929154142873798
23590,9.312908776403798
23591,6.073412876900132
23592,4.415884318105027
23593,4.825943488019794
23594,3.449841638448787
23595,7.233797695125443
23596,3.2502979696890497
23597,2.280477646610147
23598,7.77490848429449
23599,3.171505437553197
23600,3.1471566941082023
23601,7.6569503768875204
23602,6.415311578522582
23603,5.956319978438174
23604,1.8489660526578553
23605,9.922329731587865
23606,4.165759751692374
23607,5.104507004874069
23608,7.291743325700501
23609,8.484156859755597
23610,1.9226728398419313
23611,2.4862833279636503
23612,3.513709567668889
23613,7.4716149308025335
23614,6.351955622094804
23615,2.618005663747212
23616,6.737691331985721
23617,6.680736446024087
23618,6.234789794346758
23619,2.4430145942404033
23620,5.212434844653326
23621,5.208148465192323
23622,6.4646586550244045
23623,7.027136920593744
23624,5.1803207541515475
23625,9.143710109085347
23626,6.322002704957336
23627,7.10346321091754
23628,0.9846753413638615
23629,9.12666914733178
23630,5.809310837779355
23631,7.10041005773117
23632,4.558406971584897
23633,7.607627437192496
23634,6.2831688647040735
23635,4.4438655401745875
23636,5.372502242567952
23637,5.622189042725325
23638,7.397453737799502
23639,9.301322873886441
23640,4.603281161070767
23641,8.623922247768029
23642,4.719461331187978
23643,4.619256358978604
23644,7.814854417231812
23645,7.266012967867111
23646,2.0369735438373984
23647,5.992571912466428
23648,6.406882504710972
23649,5.320626536754771
23650,6.827800636910956
23651,7.37862074937153
23652,7.01978452173771
23653,5.877921216926444
23654,4.7727782652956
23655,6.904394472622894
23656,6.670768758370944
23657,5.134119619169104
23658,6.165390261000288
23659,5.387300694025241
23660,6.510130242540585
23661,6.794981203716504
23662,6.653234079038558
23663,5.413244718092802
23664,3.126841468970291
23665,7.1270362479108105
23666,6.460957449215709
23667,8.694150384646147
23668,7.101538173673276
23669,6.890563177774973
23670,4.764250239128613
23671,5.831434729568593
23672,9.188314065601867
23673,7.129021031264737
23674,6.494799148161572
23675,4.865665523421432
23676,6.301385281529429
23677,7.877217099946877
23678,6.159182150250146
23679,10.0
23680,3.66128737983518
23681,6.013633333774395
23682,7.01614814593506
23683,5.865279500213749
23684,4.467168381690214
23685,4.795656797040724
23686,8.387604252001996
23687,4.480907939232019
23688,6.47433215239294
23689,6.925829198847325
23690,2.4807545542257032
23691,5.983135766941088
23692,4.158378835113481
23693,9.606500591845657
23694,6.093771819748238
23695,2.5134460886172123
23696,3.8720306426726445
23697,8.318438689511726
23698,7.3389386167241115
23699,3.635822409828985
23700,6.674655849526714
23701,4.754762683156802
23702,4.857245809290364
23703,7.973767345965469
23704,6.7883450843168065
23705,7.200119257263617
23706,5.703282819687167
23707,7.1681843180875155
23708,6.0926252414493245
23709,7.013405149017483
23710,5.461274614716826
23711,1.539919428045299
23712,6.864844248753539
23713,5.77860055622253
23714,8.008581823274127
23715,2.9304341441956607
23716,3.511022494182343
23717,8.38377496698783
23718,5.037615203783429
23719,7.678820503337584
23720,5.499578487525107
23721,3.072667360275864
23722,1.4323935481128225
23723,5.297700052086115
23724,4.674988812741887
23725,4.662747946945141
23726,5.776031066052832
23727,5.307617360326334
23728,6.998588140443932
23729,9.005212727141101
23730,1.5404848567307519
23731,3.9356209141768987
23732,6.108683779150898
23733,6.320882698200745
23734,8.684796538499635
23735,6.328090965532577
23736,3.1943938911411394
23737,7.474576429680361
23738,4.946397647781184
23739,8.978862230056333
23740,8.912501609057756
23741,2.5204370006118166
23742,4.112755740098752
23743,4.807372073942724
23744,7.53576626564041
23745,7.8010357900840575
23746,2.150837996597922
23747,8.252091078948455
23748,7.699938264734509
23749,7.477788521864332
23750,4.9428750486451
23751,4.451436380255011
23752,6.044997750186945
23753,7.715451216591209
23754,6.549234802932908
23755,7.42764255152718
23756,3.6349589680759378
23757,4.090715109985247
23758,4.673670426908549
23759,5.461657370567382
23760,7.719903469549997
23761,3.0209727488161935
23762,5.268329113474532
23763,4.836750679959587
23764,7.996708844192433
23765,4.856460484777431
23766,2.0130160411351836
23767,6.382891099511843
23768,4.24196690054465
23769,4.850904198003472
23770,2.842665941560506
23771,6.533395744673127
23772,4.178301710646306
23773,9.791063054002532
23774,7.481507451509746
23775,7.608220408321054
23776,5.549645433844372
23777,8.1905567981187
23778,5.715760492905984
23779,3.441374839876741
23780,3.092783236815163
23781,2.8443461615224437
23782,3.1778325406950696
23783,6.796184931379053
23784,5.269871126669775
23785,6.987620047403595
23786,7.165612319247671
23787,7.845680172812953
23788,6.914235971508156
23789,6.707260828267478
23790,3.4382943288292616
23791,3.0021292024061035
23792,7.152120199612119
23793,6.291876463793065
23794,6.6245623824933535
23795,3.465857030172394
23796,5.490335738880328
23797,7.097815642574359
23798,5.852829800498311
23799,7.57456567707323
23800,2.6660633524571775
23801,6.876795347310589
23802,6.3158680970792584
23803,4.864535291700493
23804,5.022250491972192
23805,6.487760935969007
23806,6.073660787264719
23807,7.506060335279447
23808,3.072995585215434
23809,1.2864868433115835
23810,3.7332513345446547
23811,4.816844170675605
23812,2.746621209226637
23813,2.152815627006082
23814,6.753069507456857
23815,5.767863496508436
23816,3.7341774788627635
23817,4.0723130849490925
23818,5.886007646530434
23819,8.720951616678558
23820,8.987893689222897
23821,7.958431376983606
23822,5.7893756976631785
23823,7.0542860313371385
23824,7.925769774709467
23825,6.397437536879007
23826,6.165129108502519
23827,4.054408352223225
23828,7.439050637507075
23829,4.341347672456665
23830,6.640874504959191
23831,0.33094695857940537
23832,3.497380767626102
23833,1.7473186630218507
23834,8.205815337363369
23835,2.5546248242935077
23836,5.971118801845102
23837,5.577763631620282
23838,3.3137392179760052
23839,5.139030227740112
23840,2.5850609025085003
23841,5.160326706777217
23842,6.358219459993604
23843,7.344649081938032
23844,2.1249423937068483
23845,4.102436648406064
23846,3.568428429193766
23847,8.936326766269397
23848,3.742073870668707
23849,7.582581341342154
23850,7.494659291095371
23851,5.038963764466218
23852,7.386457953376171
23853,8.859141403387234
23854,3.8866077061059094
23855,6.859237389277887
23856,7.389796822071117
23857,6.102099851217636
23858,3.0624005378821595
23859,9.189960031641146
23860,4.741929132524497
23861,8.386127305168063
23862,7.782187208024697
23863,8.197229148472085
23864,2.154568359041941
23865,7.331387555022772
23866,4.175579546762218
23867,4.153150126912162
23868,3.812869164082133
23869,5.566941893963671
23870,4.592173977425183
23871,10.0
23872,6.153450952418909
23873,4.667471599325215
23874,4.129423034844311
23875,6.731626263621532
23876,9.428337715994944
23877,6.825411039007877
23878,7.3596717648764
23879,5.088796169290763
23880,6.473392381800535
23881,1.1127313189021808
23882,7.832485945574989
23883,2.3480539699130096
23884,5.274641278583696
23885,3.998697561439027
23886,7.305514093072231
23887,6.214671795579025
23888,5.830506069981848
23889,4.856760021438772
23890,8.783013210198746
23891,6.919862297184589
23892,5.959765160893033
23893,6.09592839559658
23894,3.1931640292489227
23895,4.27126526984914
23896,3.164743981259048
23897,6.749115081170279
23898,7.371559966412775
23899,2.8709704756510988
23900,2.585345263690505
23901,6.78061699135143
23902,5.369213728177405
23903,6.730886242293705
23904,6.486245310031924
23905,8.177919089389164
23906,7.621691344282311
23907,6.944442131611336
23908,3.65924985690423
23909,7.180043397692458
23910,7.285684720263691
23911,6.22064567380322
23912,7.348132954306369
23913,6.0445170599227325
23914,5.79843673150161
23915,8.444228502960804
23916,5.346820695033335
23917,2.9808271527013863
23918,4.900863932818603
23919,4.085058282419956
23920,8.744844003965738
23921,7.368726503359838
23922,1.180617737046699
23923,5.212021394065949
23924,6.64028950766087
23925,3.9633813203217296
23926,6.949075633559438
23927,8.159229286417936
23928,1.217217601697344
23929,5.057947507421705
23930,4.169116881742625
23931,3.315146295598109
23932,5.074583560594447
23933,6.024884759594313
23934,6.049349963981815
23935,5.6506346817745285
23936,3.760279541666162
23937,5.4135204946808475
23938,4.701438100767289
23939,2.5551375761209743
23940,5.827957146221432
23941,5.361713008216362
23942,3.594414184221617
23943,8.571466967725916
23944,7.358271790785766
23945,5.721825378010745
23946,8.308739077329669
23947,4.957022887235998
23948,4.214919501486824
23949,4.819582763576941
23950,6.7161448963505865
23951,5.086100240961491
23952,6.889084719503691
23953,5.544674014472063
23954,7.9989461180668835
23955,2.0900437347790786
23956,2.606853441744407
23957,3.9517438014244854
23958,8.062093303213302
23959,10.0
23960,5.042005883238225
23961,6.2804664762194395
23962,4.861493893254638
23963,4.2560015627912104
23964,5.726677469610907
23965,4.401839452905058
23966,1.6767316158276233
23967,6.310668971852785
23968,6.764923896801154
23969,5.7789686903813315
23970,4.863196639484711
23971,6.930604773302468
23972,2.904109652879611
23973,7.695081414293302
23974,7.3036213452097805
23975,8.569415137721188
23976,5.31846691349339
23977,8.367021764521315
23978,7.353498707999805
23979,8.423076277777668
23980,3.7882509762440892
23981,8.728505377378308
23982,7.136414920941645
23983,5.27868115709597
23984,4.964491862109703
23985,7.935834183693007
23986,6.183465597956974
23987,7.036712061481319
23988,6.2499539634030015
23989,4.914173910435565
23990,3.8978499834002553
23991,6.2411752953340525
23992,4.147820675913526
23993,8.753149020171067
23994,5.282891779465343
23995,6.356160240638351
23996,3.3518853004672615
23997,3.705676245449018
23998,5.351123335695886
23999,5.098537677800992
24000,3.119294442656498
